Scheda,Penetrazione_pct,IndicatoreA,IndicatoreB,TauB,Concordi,Discordi,DiscriminaA,DiscriminaB
CER_0_10_0,100,MinMax_pro,MinMax_pro,1,NaN,NaN,0,0
CER_0_10_0,100,MinMax_pro,MinMax_con,NaN,NaN,NaN,0,0
CER_0_10_0,100,MinMax_pro,QoS_orig,NaN,NaN,NaN,0,1
CER_0_10_0,100,MinMax_pro,QoS_new,NaN,NaN,NaN,0,0
CER_0_10_0,100,MinMax_pro,EI_orig,NaN,NaN,NaN,0,1
CER_0_10_0,100,MinMax_pro,EI_new,NaN,NaN,NaN,0,1
CER_0_10_0,100,MinMax_pro,Jain,NaN,NaN,NaN,0,1
CER_0_10_0,100,MinMax_pro,Gini,NaN,NaN,NaN,0,1
CER_0_10_0,100,MinMax_pro,FairnessIndex,NaN,NaN,NaN,0,1
CER_0_10_0,100,MinMax_pro,Sigma,NaN,NaN,NaN,0,1
CER_0_10_0,100,MinMax_pro,QuoteNulle,NaN,NaN,NaN,0,0
CER_0_10_0,100,MinMax_pro,EccessoMax_EUR,NaN,NaN,NaN,0,1
CER_0_10_0,100,MinMax_pro,CoalizioniInstabili,NaN,NaN,NaN,0,1
CER_0_10_0,100,MinMax_pro,ForzaIncentivante,NaN,NaN,NaN,0,1
CER_0_10_0,100,MinMax_pro,AllineamentoVirtu,NaN,NaN,NaN,0,1
CER_0_10_0,100,MinMax_pro,ForzaIncentivante_lordo,NaN,NaN,NaN,0,1
CER_0_10_0,100,MinMax_pro,AllineamentoVirtu_lordo,NaN,NaN,NaN,0,1
CER_0_10_0,100,MinMax_pro,VAN_min_EUR,NaN,NaN,NaN,0,1
CER_0_10_0,100,MinMax_con,MinMax_pro,NaN,NaN,NaN,0,0
CER_0_10_0,100,MinMax_con,MinMax_con,1,NaN,NaN,0,0
CER_0_10_0,100,MinMax_con,QoS_orig,NaN,NaN,NaN,0,1
CER_0_10_0,100,MinMax_con,QoS_new,NaN,NaN,NaN,0,0
CER_0_10_0,100,MinMax_con,EI_orig,NaN,NaN,NaN,0,1
CER_0_10_0,100,MinMax_con,EI_new,NaN,NaN,NaN,0,1
CER_0_10_0,100,MinMax_con,Jain,NaN,NaN,NaN,0,1
CER_0_10_0,100,MinMax_con,Gini,NaN,NaN,NaN,0,1
CER_0_10_0,100,MinMax_con,FairnessIndex,NaN,NaN,NaN,0,1
CER_0_10_0,100,MinMax_con,Sigma,NaN,NaN,NaN,0,1
CER_0_10_0,100,MinMax_con,QuoteNulle,NaN,NaN,NaN,0,0
CER_0_10_0,100,MinMax_con,EccessoMax_EUR,NaN,NaN,NaN,0,1
CER_0_10_0,100,MinMax_con,CoalizioniInstabili,NaN,NaN,NaN,0,1
CER_0_10_0,100,MinMax_con,ForzaIncentivante,NaN,NaN,NaN,0,1
CER_0_10_0,100,MinMax_con,AllineamentoVirtu,NaN,NaN,NaN,0,1
CER_0_10_0,100,MinMax_con,ForzaIncentivante_lordo,NaN,NaN,NaN,0,1
CER_0_10_0,100,MinMax_con,AllineamentoVirtu_lordo,NaN,NaN,NaN,0,1
CER_0_10_0,100,MinMax_con,VAN_min_EUR,NaN,NaN,NaN,0,1
CER_0_10_0,100,QoS_orig,MinMax_pro,NaN,NaN,NaN,1,0
CER_0_10_0,100,QoS_orig,MinMax_con,NaN,NaN,NaN,1,0
CER_0_10_0,100,QoS_orig,QoS_orig,1,NaN,NaN,1,1
CER_0_10_0,100,QoS_orig,QoS_new,NaN,NaN,NaN,1,0
CER_0_10_0,100,QoS_orig,EI_orig,0.769231,69,9,1,1
CER_0_10_0,100,QoS_orig,EI_new,0.717949,67,11,1,1
CER_0_10_0,100,QoS_orig,Jain,1,78,0,1,1
CER_0_10_0,100,QoS_orig,Gini,0.769231,69,9,1,1
CER_0_10_0,100,QoS_orig,FairnessIndex,-0.384615,24,54,1,1
CER_0_10_0,100,QoS_orig,Sigma,-0.512821,19,59,1,1
CER_0_10_0,100,QoS_orig,QuoteNulle,NaN,NaN,NaN,1,0
CER_0_10_0,100,QoS_orig,EccessoMax_EUR,-0.461538,21,57,1,1
CER_0_10_0,100,QoS_orig,CoalizioniInstabili,-0.536051,17,58,1,1
CER_0_10_0,100,QoS_orig,ForzaIncentivante,-0.794872,8,70,1,1
CER_0_10_0,100,QoS_orig,AllineamentoVirtu,-0.564103,17,61,1,1
CER_0_10_0,100,QoS_orig,ForzaIncentivante_lordo,0.717949,67,11,1,1
CER_0_10_0,100,QoS_orig,AllineamentoVirtu_lordo,0.358974,53,25,1,1
CER_0_10_0,100,QoS_orig,VAN_min_EUR,0.205128,47,31,1,1
CER_0_10_0,100,QoS_new,MinMax_pro,NaN,NaN,NaN,0,0
CER_0_10_0,100,QoS_new,MinMax_con,NaN,NaN,NaN,0,0
CER_0_10_0,100,QoS_new,QoS_orig,NaN,NaN,NaN,0,1
CER_0_10_0,100,QoS_new,QoS_new,1,NaN,NaN,0,0
CER_0_10_0,100,QoS_new,EI_orig,NaN,NaN,NaN,0,1
CER_0_10_0,100,QoS_new,EI_new,NaN,NaN,NaN,0,1
CER_0_10_0,100,QoS_new,Jain,NaN,NaN,NaN,0,1
CER_0_10_0,100,QoS_new,Gini,NaN,NaN,NaN,0,1
CER_0_10_0,100,QoS_new,FairnessIndex,NaN,NaN,NaN,0,1
CER_0_10_0,100,QoS_new,Sigma,NaN,NaN,NaN,0,1
CER_0_10_0,100,QoS_new,QuoteNulle,NaN,NaN,NaN,0,0
CER_0_10_0,100,QoS_new,EccessoMax_EUR,NaN,NaN,NaN,0,1
CER_0_10_0,100,QoS_new,CoalizioniInstabili,NaN,NaN,NaN,0,1
CER_0_10_0,100,QoS_new,ForzaIncentivante,NaN,NaN,NaN,0,1
CER_0_10_0,100,QoS_new,AllineamentoVirtu,NaN,NaN,NaN,0,1
CER_0_10_0,100,QoS_new,ForzaIncentivante_lordo,NaN,NaN,NaN,0,1
CER_0_10_0,100,QoS_new,AllineamentoVirtu_lordo,NaN,NaN,NaN,0,1
CER_0_10_0,100,QoS_new,VAN_min_EUR,NaN,NaN,NaN,0,1
CER_0_10_0,100,EI_orig,MinMax_pro,NaN,NaN,NaN,1,0
CER_0_10_0,100,EI_orig,MinMax_con,NaN,NaN,NaN,1,0
CER_0_10_0,100,EI_orig,QoS_orig,0.769231,69,9,1,1
CER_0_10_0,100,EI_orig,QoS_new,NaN,NaN,NaN,1,0
CER_0_10_0,100,EI_orig,EI_orig,1,NaN,NaN,1,1
CER_0_10_0,100,EI_orig,EI_new,0.538462,60,18,1,1
CER_0_10_0,100,EI_orig,Jain,0.769231,69,9,1,1
CER_0_10_0,100,EI_orig,Gini,1,78,0,1,1
CER_0_10_0,100,EI_orig,FairnessIndex,-0.153846,33,45,1,1
CER_0_10_0,100,EI_orig,Sigma,-0.282051,28,50,1,1
CER_0_10_0,100,EI_orig,QuoteNulle,NaN,NaN,NaN,1,0
CER_0_10_0,100,EI_orig,EccessoMax_EUR,-0.230769,30,48,1,1
CER_0_10_0,100,EI_orig,CoalizioniInstabili,-0.300711,26,49,1,1
CER_0_10_0,100,EI_orig,ForzaIncentivante,-0.871795,5,73,1,1
CER_0_10_0,100,EI_orig,AllineamentoVirtu,-0.74359,10,68,1,1
CER_0_10_0,100,EI_orig,ForzaIncentivante_lordo,0.897436,74,4,1,1
CER_0_10_0,100,EI_orig,AllineamentoVirtu_lordo,0.538462,60,18,1,1
CER_0_10_0,100,EI_orig,VAN_min_EUR,0.435897,56,22,1,1
CER_0_10_0,100,EI_new,MinMax_pro,NaN,NaN,NaN,1,0
CER_0_10_0,100,EI_new,MinMax_con,NaN,NaN,NaN,1,0
CER_0_10_0,100,EI_new,QoS_orig,0.717949,67,11,1,1
CER_0_10_0,100,EI_new,QoS_new,NaN,NaN,NaN,1,0
CER_0_10_0,100,EI_new,EI_orig,0.538462,60,18,1,1
CER_0_10_0,100,EI_new,EI_new,1,NaN,NaN,1,1
CER_0_10_0,100,EI_new,Jain,0.717949,67,11,1,1
CER_0_10_0,100,EI_new,Gini,0.538462,60,18,1,1
CER_0_10_0,100,EI_new,FairnessIndex,-0.102564,35,43,1,1
CER_0_10_0,100,EI_new,Sigma,-0.230769,30,48,1,1
CER_0_10_0,100,EI_new,QuoteNulle,NaN,NaN,NaN,1,0
CER_0_10_0,100,EI_new,EccessoMax_EUR,-0.179487,32,46,1,1
CER_0_10_0,100,EI_new,CoalizioniInstabili,-0.248414,28,47,1,1
CER_0_10_0,100,EI_new,ForzaIncentivante,-0.512821,19,59,1,1
CER_0_10_0,100,EI_new,AllineamentoVirtu,-0.282051,28,50,1,1
CER_0_10_0,100,EI_new,ForzaIncentivante_lordo,0.435897,56,22,1,1
CER_0_10_0,100,EI_new,AllineamentoVirtu_lordo,0.0769231,42,36,1,1
CER_0_10_0,100,EI_new,VAN_min_EUR,0.179487,46,32,1,1
CER_0_10_0,100,Jain,MinMax_pro,NaN,NaN,NaN,1,0
CER_0_10_0,100,Jain,MinMax_con,NaN,NaN,NaN,1,0
CER_0_10_0,100,Jain,QoS_orig,1,78,0,1,1
CER_0_10_0,100,Jain,QoS_new,NaN,NaN,NaN,1,0
CER_0_10_0,100,Jain,EI_orig,0.769231,69,9,1,1
CER_0_10_0,100,Jain,EI_new,0.717949,67,11,1,1
CER_0_10_0,100,Jain,Jain,1,NaN,NaN,1,1
CER_0_10_0,100,Jain,Gini,0.769231,69,9,1,1
CER_0_10_0,100,Jain,FairnessIndex,-0.384615,24,54,1,1
CER_0_10_0,100,Jain,Sigma,-0.512821,19,59,1,1
CER_0_10_0,100,Jain,QuoteNulle,NaN,NaN,NaN,1,0
CER_0_10_0,100,Jain,EccessoMax_EUR,-0.461538,21,57,1,1
CER_0_10_0,100,Jain,CoalizioniInstabili,-0.536051,17,58,1,1
CER_0_10_0,100,Jain,ForzaIncentivante,-0.794872,8,70,1,1
CER_0_10_0,100,Jain,AllineamentoVirtu,-0.564103,17,61,1,1
CER_0_10_0,100,Jain,ForzaIncentivante_lordo,0.717949,67,11,1,1
CER_0_10_0,100,Jain,AllineamentoVirtu_lordo,0.358974,53,25,1,1
CER_0_10_0,100,Jain,VAN_min_EUR,0.205128,47,31,1,1
CER_0_10_0,100,Gini,MinMax_pro,NaN,NaN,NaN,1,0
CER_0_10_0,100,Gini,MinMax_con,NaN,NaN,NaN,1,0
CER_0_10_0,100,Gini,QoS_orig,0.769231,69,9,1,1
CER_0_10_0,100,Gini,QoS_new,NaN,NaN,NaN,1,0
CER_0_10_0,100,Gini,EI_orig,1,78,0,1,1
CER_0_10_0,100,Gini,EI_new,0.538462,60,18,1,1
CER_0_10_0,100,Gini,Jain,0.769231,69,9,1,1
CER_0_10_0,100,Gini,Gini,1,NaN,NaN,1,1
CER_0_10_0,100,Gini,FairnessIndex,-0.153846,33,45,1,1
CER_0_10_0,100,Gini,Sigma,-0.282051,28,50,1,1
CER_0_10_0,100,Gini,QuoteNulle,NaN,NaN,NaN,1,0
CER_0_10_0,100,Gini,EccessoMax_EUR,-0.230769,30,48,1,1
CER_0_10_0,100,Gini,CoalizioniInstabili,-0.300711,26,49,1,1
CER_0_10_0,100,Gini,ForzaIncentivante,-0.871795,5,73,1,1
CER_0_10_0,100,Gini,AllineamentoVirtu,-0.74359,10,68,1,1
CER_0_10_0,100,Gini,ForzaIncentivante_lordo,0.897436,74,4,1,1
CER_0_10_0,100,Gini,AllineamentoVirtu_lordo,0.538462,60,18,1,1
CER_0_10_0,100,Gini,VAN_min_EUR,0.435897,56,22,1,1
CER_0_10_0,100,FairnessIndex,MinMax_pro,NaN,NaN,NaN,1,0
CER_0_10_0,100,FairnessIndex,MinMax_con,NaN,NaN,NaN,1,0
CER_0_10_0,100,FairnessIndex,QoS_orig,-0.384615,24,54,1,1
CER_0_10_0,100,FairnessIndex,QoS_new,NaN,NaN,NaN,1,0
CER_0_10_0,100,FairnessIndex,EI_orig,-0.153846,33,45,1,1
CER_0_10_0,100,FairnessIndex,EI_new,-0.102564,35,43,1,1
CER_0_10_0,100,FairnessIndex,Jain,-0.384615,24,54,1,1
CER_0_10_0,100,FairnessIndex,Gini,-0.153846,33,45,1,1
CER_0_10_0,100,FairnessIndex,FairnessIndex,1,NaN,NaN,1,1
CER_0_10_0,100,FairnessIndex,Sigma,0.871795,73,5,1,1
CER_0_10_0,100,FairnessIndex,QuoteNulle,NaN,NaN,NaN,1,0
CER_0_10_0,100,FairnessIndex,EccessoMax_EUR,0.923077,75,3,1,1
CER_0_10_0,100,FairnessIndex,CoalizioniInstabili,0.797539,68,7,1,1
CER_0_10_0,100,FairnessIndex,ForzaIncentivante,0.282051,50,28,1,1
CER_0_10_0,100,FairnessIndex,AllineamentoVirtu,0.205128,47,31,1,1
CER_0_10_0,100,FairnessIndex,ForzaIncentivante_lordo,-0.205128,31,47,1,1
CER_0_10_0,100,FairnessIndex,AllineamentoVirtu_lordo,-0.153846,33,45,1,1
CER_0_10_0,100,FairnessIndex,VAN_min_EUR,0.25641,49,29,1,1
CER_0_10_0,100,Sigma,MinMax_pro,NaN,NaN,NaN,1,0
CER_0_10_0,100,Sigma,MinMax_con,NaN,NaN,NaN,1,0
CER_0_10_0,100,Sigma,QoS_orig,-0.512821,19,59,1,1
CER_0_10_0,100,Sigma,QoS_new,NaN,NaN,NaN,1,0
CER_0_10_0,100,Sigma,EI_orig,-0.282051,28,50,1,1
CER_0_10_0,100,Sigma,EI_new,-0.230769,30,48,1,1
CER_0_10_0,100,Sigma,Jain,-0.512821,19,59,1,1
CER_0_10_0,100,Sigma,Gini,-0.282051,28,50,1,1
CER_0_10_0,100,Sigma,FairnessIndex,0.871795,73,5,1,1
CER_0_10_0,100,Sigma,Sigma,1,NaN,NaN,1,1
CER_0_10_0,100,Sigma,QuoteNulle,NaN,NaN,NaN,1,0
CER_0_10_0,100,Sigma,EccessoMax_EUR,0.794872,70,8,1,1
CER_0_10_0,100,Sigma,CoalizioniInstabili,0.928283,73,2,1,1
CER_0_10_0,100,Sigma,ForzaIncentivante,0.358974,53,25,1,1
CER_0_10_0,100,Sigma,AllineamentoVirtu,0.282051,50,28,1,1
CER_0_10_0,100,Sigma,ForzaIncentivante_lordo,-0.282051,28,50,1,1
CER_0_10_0,100,Sigma,AllineamentoVirtu_lordo,-0.230769,30,48,1,1
CER_0_10_0,100,Sigma,VAN_min_EUR,0.128205,44,34,1,1
CER_0_10_0,100,QuoteNulle,MinMax_pro,NaN,NaN,NaN,0,0
CER_0_10_0,100,QuoteNulle,MinMax_con,NaN,NaN,NaN,0,0
CER_0_10_0,100,QuoteNulle,QoS_orig,NaN,NaN,NaN,0,1
CER_0_10_0,100,QuoteNulle,QoS_new,NaN,NaN,NaN,0,0
CER_0_10_0,100,QuoteNulle,EI_orig,NaN,NaN,NaN,0,1
CER_0_10_0,100,QuoteNulle,EI_new,NaN,NaN,NaN,0,1
CER_0_10_0,100,QuoteNulle,Jain,NaN,NaN,NaN,0,1
CER_0_10_0,100,QuoteNulle,Gini,NaN,NaN,NaN,0,1
CER_0_10_0,100,QuoteNulle,FairnessIndex,NaN,NaN,NaN,0,1
CER_0_10_0,100,QuoteNulle,Sigma,NaN,NaN,NaN,0,1
CER_0_10_0,100,QuoteNulle,QuoteNulle,1,NaN,NaN,0,0
CER_0_10_0,100,QuoteNulle,EccessoMax_EUR,NaN,NaN,NaN,0,1
CER_0_10_0,100,QuoteNulle,CoalizioniInstabili,NaN,NaN,NaN,0,1
CER_0_10_0,100,QuoteNulle,ForzaIncentivante,NaN,NaN,NaN,0,1
CER_0_10_0,100,QuoteNulle,AllineamentoVirtu,NaN,NaN,NaN,0,1
CER_0_10_0,100,QuoteNulle,ForzaIncentivante_lordo,NaN,NaN,NaN,0,1
CER_0_10_0,100,QuoteNulle,AllineamentoVirtu_lordo,NaN,NaN,NaN,0,1
CER_0_10_0,100,QuoteNulle,VAN_min_EUR,NaN,NaN,NaN,0,1
CER_0_10_0,100,EccessoMax_EUR,MinMax_pro,NaN,NaN,NaN,1,0
CER_0_10_0,100,EccessoMax_EUR,MinMax_con,NaN,NaN,NaN,1,0
CER_0_10_0,100,EccessoMax_EUR,QoS_orig,-0.461538,21,57,1,1
CER_0_10_0,100,EccessoMax_EUR,QoS_new,NaN,NaN,NaN,1,0
CER_0_10_0,100,EccessoMax_EUR,EI_orig,-0.230769,30,48,1,1
CER_0_10_0,100,EccessoMax_EUR,EI_new,-0.179487,32,46,1,1
CER_0_10_0,100,EccessoMax_EUR,Jain,-0.461538,21,57,1,1
CER_0_10_0,100,EccessoMax_EUR,Gini,-0.230769,30,48,1,1
CER_0_10_0,100,EccessoMax_EUR,FairnessIndex,0.923077,75,3,1,1
CER_0_10_0,100,EccessoMax_EUR,Sigma,0.794872,70,8,1,1
CER_0_10_0,100,EccessoMax_EUR,QuoteNulle,NaN,NaN,NaN,1,0
CER_0_10_0,100,EccessoMax_EUR,EccessoMax_EUR,1,NaN,NaN,1,1
CER_0_10_0,100,EccessoMax_EUR,CoalizioniInstabili,0.77139,67,8,1,1
CER_0_10_0,100,EccessoMax_EUR,ForzaIncentivante,0.358974,53,25,1,1
CER_0_10_0,100,EccessoMax_EUR,AllineamentoVirtu,0.282051,50,28,1,1
CER_0_10_0,100,EccessoMax_EUR,ForzaIncentivante_lordo,-0.282051,28,50,1,1
CER_0_10_0,100,EccessoMax_EUR,AllineamentoVirtu_lordo,-0.179487,32,46,1,1
CER_0_10_0,100,EccessoMax_EUR,VAN_min_EUR,0.230769,48,30,1,1
CER_0_10_0,100,CoalizioniInstabili,MinMax_pro,NaN,NaN,NaN,1,0
CER_0_10_0,100,CoalizioniInstabili,MinMax_con,NaN,NaN,NaN,1,0
CER_0_10_0,100,CoalizioniInstabili,QoS_orig,-0.536051,17,58,1,1
CER_0_10_0,100,CoalizioniInstabili,QoS_new,NaN,NaN,NaN,1,0
CER_0_10_0,100,CoalizioniInstabili,EI_orig,-0.300711,26,49,1,1
CER_0_10_0,100,CoalizioniInstabili,EI_new,-0.248414,28,47,1,1
CER_0_10_0,100,CoalizioniInstabili,Jain,-0.536051,17,58,1,1
CER_0_10_0,100,CoalizioniInstabili,Gini,-0.300711,26,49,1,1
CER_0_10_0,100,CoalizioniInstabili,FairnessIndex,0.797539,68,7,1,1
CER_0_10_0,100,CoalizioniInstabili,Sigma,0.928283,73,2,1,1
CER_0_10_0,100,CoalizioniInstabili,QuoteNulle,NaN,NaN,NaN,1,0
CER_0_10_0,100,CoalizioniInstabili,EccessoMax_EUR,0.77139,67,8,1,1
CER_0_10_0,100,CoalizioniInstabili,CoalizioniInstabili,1,NaN,NaN,1,1
CER_0_10_0,100,CoalizioniInstabili,ForzaIncentivante,0.32686,50,25,1,1
CER_0_10_0,100,CoalizioniInstabili,AllineamentoVirtu,0.248414,47,28,1,1
CER_0_10_0,100,CoalizioniInstabili,ForzaIncentivante_lordo,-0.248414,28,47,1,1
CER_0_10_0,100,CoalizioniInstabili,AllineamentoVirtu_lordo,-0.222265,29,46,1,1
CER_0_10_0,100,CoalizioniInstabili,VAN_min_EUR,0.11767,42,33,1,1
CER_0_10_0,100,ForzaIncentivante,MinMax_pro,NaN,NaN,NaN,1,0
CER_0_10_0,100,ForzaIncentivante,MinMax_con,NaN,NaN,NaN,1,0
CER_0_10_0,100,ForzaIncentivante,QoS_orig,-0.794872,8,70,1,1
CER_0_10_0,100,ForzaIncentivante,QoS_new,NaN,NaN,NaN,1,0
CER_0_10_0,100,ForzaIncentivante,EI_orig,-0.871795,5,73,1,1
CER_0_10_0,100,ForzaIncentivante,EI_new,-0.512821,19,59,1,1
CER_0_10_0,100,ForzaIncentivante,Jain,-0.794872,8,70,1,1
CER_0_10_0,100,ForzaIncentivante,Gini,-0.871795,5,73,1,1
CER_0_10_0,100,ForzaIncentivante,FairnessIndex,0.282051,50,28,1,1
CER_0_10_0,100,ForzaIncentivante,Sigma,0.358974,53,25,1,1
CER_0_10_0,100,ForzaIncentivante,QuoteNulle,NaN,NaN,NaN,1,0
CER_0_10_0,100,ForzaIncentivante,EccessoMax_EUR,0.358974,53,25,1,1
CER_0_10_0,100,ForzaIncentivante,CoalizioniInstabili,0.32686,50,25,1,1
CER_0_10_0,100,ForzaIncentivante,ForzaIncentivante,1,NaN,NaN,1,1
CER_0_10_0,100,ForzaIncentivante,AllineamentoVirtu,0.769231,69,9,1,1
CER_0_10_0,100,ForzaIncentivante,ForzaIncentivante_lordo,-0.923077,3,75,1,1
CER_0_10_0,100,ForzaIncentivante,AllineamentoVirtu_lordo,-0.564103,17,61,1,1
CER_0_10_0,100,ForzaIncentivante,VAN_min_EUR,-0.358974,25,53,1,1
CER_0_10_0,100,AllineamentoVirtu,MinMax_pro,NaN,NaN,NaN,1,0
CER_0_10_0,100,AllineamentoVirtu,MinMax_con,NaN,NaN,NaN,1,0
CER_0_10_0,100,AllineamentoVirtu,QoS_orig,-0.564103,17,61,1,1
CER_0_10_0,100,AllineamentoVirtu,QoS_new,NaN,NaN,NaN,1,0
CER_0_10_0,100,AllineamentoVirtu,EI_orig,-0.74359,10,68,1,1
CER_0_10_0,100,AllineamentoVirtu,EI_new,-0.282051,28,50,1,1
CER_0_10_0,100,AllineamentoVirtu,Jain,-0.564103,17,61,1,1
CER_0_10_0,100,AllineamentoVirtu,Gini,-0.74359,10,68,1,1
CER_0_10_0,100,AllineamentoVirtu,FairnessIndex,0.205128,47,31,1,1
CER_0_10_0,100,AllineamentoVirtu,Sigma,0.282051,50,28,1,1
CER_0_10_0,100,AllineamentoVirtu,QuoteNulle,NaN,NaN,NaN,1,0
CER_0_10_0,100,AllineamentoVirtu,EccessoMax_EUR,0.282051,50,28,1,1
CER_0_10_0,100,AllineamentoVirtu,CoalizioniInstabili,0.248414,47,28,1,1
CER_0_10_0,100,AllineamentoVirtu,ForzaIncentivante,0.769231,69,9,1,1
CER_0_10_0,100,AllineamentoVirtu,AllineamentoVirtu,1,NaN,NaN,1,1
CER_0_10_0,100,AllineamentoVirtu,ForzaIncentivante_lordo,-0.846154,6,72,1,1
CER_0_10_0,100,AllineamentoVirtu,AllineamentoVirtu_lordo,-0.74359,10,68,1,1
CER_0_10_0,100,AllineamentoVirtu,VAN_min_EUR,-0.333333,26,52,1,1
CER_0_10_0,100,ForzaIncentivante_lordo,MinMax_pro,NaN,NaN,NaN,1,0
CER_0_10_0,100,ForzaIncentivante_lordo,MinMax_con,NaN,NaN,NaN,1,0
CER_0_10_0,100,ForzaIncentivante_lordo,QoS_orig,0.717949,67,11,1,1
CER_0_10_0,100,ForzaIncentivante_lordo,QoS_new,NaN,NaN,NaN,1,0
CER_0_10_0,100,ForzaIncentivante_lordo,EI_orig,0.897436,74,4,1,1
CER_0_10_0,100,ForzaIncentivante_lordo,EI_new,0.435897,56,22,1,1
CER_0_10_0,100,ForzaIncentivante_lordo,Jain,0.717949,67,11,1,1
CER_0_10_0,100,ForzaIncentivante_lordo,Gini,0.897436,74,4,1,1
CER_0_10_0,100,ForzaIncentivante_lordo,FairnessIndex,-0.205128,31,47,1,1
CER_0_10_0,100,ForzaIncentivante_lordo,Sigma,-0.282051,28,50,1,1
CER_0_10_0,100,ForzaIncentivante_lordo,QuoteNulle,NaN,NaN,NaN,1,0
CER_0_10_0,100,ForzaIncentivante_lordo,EccessoMax_EUR,-0.282051,28,50,1,1
CER_0_10_0,100,ForzaIncentivante_lordo,CoalizioniInstabili,-0.248414,28,47,1,1
CER_0_10_0,100,ForzaIncentivante_lordo,ForzaIncentivante,-0.923077,3,75,1,1
CER_0_10_0,100,ForzaIncentivante_lordo,AllineamentoVirtu,-0.846154,6,72,1,1
CER_0_10_0,100,ForzaIncentivante_lordo,ForzaIncentivante_lordo,1,NaN,NaN,1,1
CER_0_10_0,100,ForzaIncentivante_lordo,AllineamentoVirtu_lordo,0.641026,64,14,1,1
CER_0_10_0,100,ForzaIncentivante_lordo,VAN_min_EUR,0.435897,56,22,1,1
CER_0_10_0,100,AllineamentoVirtu_lordo,MinMax_pro,NaN,NaN,NaN,1,0
CER_0_10_0,100,AllineamentoVirtu_lordo,MinMax_con,NaN,NaN,NaN,1,0
CER_0_10_0,100,AllineamentoVirtu_lordo,QoS_orig,0.358974,53,25,1,1
CER_0_10_0,100,AllineamentoVirtu_lordo,QoS_new,NaN,NaN,NaN,1,0
CER_0_10_0,100,AllineamentoVirtu_lordo,EI_orig,0.538462,60,18,1,1
CER_0_10_0,100,AllineamentoVirtu_lordo,EI_new,0.0769231,42,36,1,1
CER_0_10_0,100,AllineamentoVirtu_lordo,Jain,0.358974,53,25,1,1
CER_0_10_0,100,AllineamentoVirtu_lordo,Gini,0.538462,60,18,1,1
CER_0_10_0,100,AllineamentoVirtu_lordo,FairnessIndex,-0.153846,33,45,1,1
CER_0_10_0,100,AllineamentoVirtu_lordo,Sigma,-0.230769,30,48,1,1
CER_0_10_0,100,AllineamentoVirtu_lordo,QuoteNulle,NaN,NaN,NaN,1,0
CER_0_10_0,100,AllineamentoVirtu_lordo,EccessoMax_EUR,-0.179487,32,46,1,1
CER_0_10_0,100,AllineamentoVirtu_lordo,CoalizioniInstabili,-0.222265,29,46,1,1
CER_0_10_0,100,AllineamentoVirtu_lordo,ForzaIncentivante,-0.564103,17,61,1,1
CER_0_10_0,100,AllineamentoVirtu_lordo,AllineamentoVirtu,-0.74359,10,68,1,1
CER_0_10_0,100,AllineamentoVirtu_lordo,ForzaIncentivante_lordo,0.641026,64,14,1,1
CER_0_10_0,100,AllineamentoVirtu_lordo,AllineamentoVirtu_lordo,1,NaN,NaN,1,1
CER_0_10_0,100,AllineamentoVirtu_lordo,VAN_min_EUR,0.435897,56,22,1,1
CER_0_10_0,100,VAN_min_EUR,MinMax_pro,NaN,NaN,NaN,1,0
CER_0_10_0,100,VAN_min_EUR,MinMax_con,NaN,NaN,NaN,1,0
CER_0_10_0,100,VAN_min_EUR,QoS_orig,0.205128,47,31,1,1
CER_0_10_0,100,VAN_min_EUR,QoS_new,NaN,NaN,NaN,1,0
CER_0_10_0,100,VAN_min_EUR,EI_orig,0.435897,56,22,1,1
CER_0_10_0,100,VAN_min_EUR,EI_new,0.179487,46,32,1,1
CER_0_10_0,100,VAN_min_EUR,Jain,0.205128,47,31,1,1
CER_0_10_0,100,VAN_min_EUR,Gini,0.435897,56,22,1,1
CER_0_10_0,100,VAN_min_EUR,FairnessIndex,0.25641,49,29,1,1
CER_0_10_0,100,VAN_min_EUR,Sigma,0.128205,44,34,1,1
CER_0_10_0,100,VAN_min_EUR,QuoteNulle,NaN,NaN,NaN,1,0
CER_0_10_0,100,VAN_min_EUR,EccessoMax_EUR,0.230769,48,30,1,1
CER_0_10_0,100,VAN_min_EUR,CoalizioniInstabili,0.11767,42,33,1,1
CER_0_10_0,100,VAN_min_EUR,ForzaIncentivante,-0.358974,25,53,1,1
CER_0_10_0,100,VAN_min_EUR,AllineamentoVirtu,-0.333333,26,52,1,1
CER_0_10_0,100,VAN_min_EUR,ForzaIncentivante_lordo,0.435897,56,22,1,1
CER_0_10_0,100,VAN_min_EUR,AllineamentoVirtu_lordo,0.435897,56,22,1,1
CER_0_10_0,100,VAN_min_EUR,VAN_min_EUR,1,NaN,NaN,1,1
CER_0_15_0,100,MinMax_pro,MinMax_pro,1,NaN,NaN,0,0
CER_0_15_0,100,MinMax_pro,MinMax_con,NaN,NaN,NaN,0,0
CER_0_15_0,100,MinMax_pro,QoS_orig,NaN,NaN,NaN,0,1
CER_0_15_0,100,MinMax_pro,QoS_new,NaN,NaN,NaN,0,0
CER_0_15_0,100,MinMax_pro,EI_orig,NaN,NaN,NaN,0,1
CER_0_15_0,100,MinMax_pro,EI_new,NaN,NaN,NaN,0,1
CER_0_15_0,100,MinMax_pro,Jain,NaN,NaN,NaN,0,1
CER_0_15_0,100,MinMax_pro,Gini,NaN,NaN,NaN,0,1
CER_0_15_0,100,MinMax_pro,FairnessIndex,NaN,NaN,NaN,0,1
CER_0_15_0,100,MinMax_pro,Sigma,NaN,NaN,NaN,0,1
CER_0_15_0,100,MinMax_pro,QuoteNulle,NaN,NaN,NaN,0,0
CER_0_15_0,100,MinMax_pro,EccessoMax_EUR,NaN,NaN,NaN,0,1
CER_0_15_0,100,MinMax_pro,CoalizioniInstabili,NaN,NaN,NaN,0,1
CER_0_15_0,100,MinMax_pro,ForzaIncentivante,NaN,NaN,NaN,0,1
CER_0_15_0,100,MinMax_pro,AllineamentoVirtu,NaN,NaN,NaN,0,1
CER_0_15_0,100,MinMax_pro,ForzaIncentivante_lordo,NaN,NaN,NaN,0,1
CER_0_15_0,100,MinMax_pro,AllineamentoVirtu_lordo,NaN,NaN,NaN,0,1
CER_0_15_0,100,MinMax_pro,VAN_min_EUR,NaN,NaN,NaN,0,1
CER_0_15_0,100,MinMax_con,MinMax_pro,NaN,NaN,NaN,0,0
CER_0_15_0,100,MinMax_con,MinMax_con,1,NaN,NaN,0,0
CER_0_15_0,100,MinMax_con,QoS_orig,NaN,NaN,NaN,0,1
CER_0_15_0,100,MinMax_con,QoS_new,NaN,NaN,NaN,0,0
CER_0_15_0,100,MinMax_con,EI_orig,NaN,NaN,NaN,0,1
CER_0_15_0,100,MinMax_con,EI_new,NaN,NaN,NaN,0,1
CER_0_15_0,100,MinMax_con,Jain,NaN,NaN,NaN,0,1
CER_0_15_0,100,MinMax_con,Gini,NaN,NaN,NaN,0,1
CER_0_15_0,100,MinMax_con,FairnessIndex,NaN,NaN,NaN,0,1
CER_0_15_0,100,MinMax_con,Sigma,NaN,NaN,NaN,0,1
CER_0_15_0,100,MinMax_con,QuoteNulle,NaN,NaN,NaN,0,0
CER_0_15_0,100,MinMax_con,EccessoMax_EUR,NaN,NaN,NaN,0,1
CER_0_15_0,100,MinMax_con,CoalizioniInstabili,NaN,NaN,NaN,0,1
CER_0_15_0,100,MinMax_con,ForzaIncentivante,NaN,NaN,NaN,0,1
CER_0_15_0,100,MinMax_con,AllineamentoVirtu,NaN,NaN,NaN,0,1
CER_0_15_0,100,MinMax_con,ForzaIncentivante_lordo,NaN,NaN,NaN,0,1
CER_0_15_0,100,MinMax_con,AllineamentoVirtu_lordo,NaN,NaN,NaN,0,1
CER_0_15_0,100,MinMax_con,VAN_min_EUR,NaN,NaN,NaN,0,1
CER_0_15_0,100,QoS_orig,MinMax_pro,NaN,NaN,NaN,1,0
CER_0_15_0,100,QoS_orig,MinMax_con,NaN,NaN,NaN,1,0
CER_0_15_0,100,QoS_orig,QoS_orig,1,NaN,NaN,1,1
CER_0_15_0,100,QoS_orig,QoS_new,NaN,NaN,NaN,1,0
CER_0_15_0,100,QoS_orig,EI_orig,0.794872,70,8,1,1
CER_0_15_0,100,QoS_orig,EI_new,0.666667,65,13,1,1
CER_0_15_0,100,QoS_orig,Jain,1,78,0,1,1
CER_0_15_0,100,QoS_orig,Gini,0.794872,70,8,1,1
CER_0_15_0,100,QoS_orig,FairnessIndex,-0.435897,22,56,1,1
CER_0_15_0,100,QoS_orig,Sigma,-0.538462,18,60,1,1
CER_0_15_0,100,QoS_orig,QuoteNulle,NaN,NaN,NaN,1,0
CER_0_15_0,100,QoS_orig,EccessoMax_EUR,-0.538462,18,60,1,1
CER_0_15_0,100,QoS_orig,CoalizioniInstabili,-0.614497,14,61,1,1
CER_0_15_0,100,QoS_orig,ForzaIncentivante,-0.74359,10,68,1,1
CER_0_15_0,100,QoS_orig,AllineamentoVirtu,-0.435897,22,56,1,1
CER_0_15_0,100,QoS_orig,ForzaIncentivante_lordo,0.769231,69,9,1,1
CER_0_15_0,100,QoS_orig,AllineamentoVirtu_lordo,0.410256,55,23,1,1
CER_0_15_0,100,QoS_orig,VAN_min_EUR,0.384615,54,24,1,1
CER_0_15_0,100,QoS_new,MinMax_pro,NaN,NaN,NaN,0,0
CER_0_15_0,100,QoS_new,MinMax_con,NaN,NaN,NaN,0,0
CER_0_15_0,100,QoS_new,QoS_orig,NaN,NaN,NaN,0,1
CER_0_15_0,100,QoS_new,QoS_new,1,NaN,NaN,0,0
CER_0_15_0,100,QoS_new,EI_orig,NaN,NaN,NaN,0,1
CER_0_15_0,100,QoS_new,EI_new,NaN,NaN,NaN,0,1
CER_0_15_0,100,QoS_new,Jain,NaN,NaN,NaN,0,1
CER_0_15_0,100,QoS_new,Gini,NaN,NaN,NaN,0,1
CER_0_15_0,100,QoS_new,FairnessIndex,NaN,NaN,NaN,0,1
CER_0_15_0,100,QoS_new,Sigma,NaN,NaN,NaN,0,1
CER_0_15_0,100,QoS_new,QuoteNulle,NaN,NaN,NaN,0,0
CER_0_15_0,100,QoS_new,EccessoMax_EUR,NaN,NaN,NaN,0,1
CER_0_15_0,100,QoS_new,CoalizioniInstabili,NaN,NaN,NaN,0,1
CER_0_15_0,100,QoS_new,ForzaIncentivante,NaN,NaN,NaN,0,1
CER_0_15_0,100,QoS_new,AllineamentoVirtu,NaN,NaN,NaN,0,1
CER_0_15_0,100,QoS_new,ForzaIncentivante_lordo,NaN,NaN,NaN,0,1
CER_0_15_0,100,QoS_new,AllineamentoVirtu_lordo,NaN,NaN,NaN,0,1
CER_0_15_0,100,QoS_new,VAN_min_EUR,NaN,NaN,NaN,0,1
CER_0_15_0,100,EI_orig,MinMax_pro,NaN,NaN,NaN,1,0
CER_0_15_0,100,EI_orig,MinMax_con,NaN,NaN,NaN,1,0
CER_0_15_0,100,EI_orig,QoS_orig,0.794872,70,8,1,1
CER_0_15_0,100,EI_orig,QoS_new,NaN,NaN,NaN,1,0
CER_0_15_0,100,EI_orig,EI_orig,1,NaN,NaN,1,1
CER_0_15_0,100,EI_orig,EI_new,0.564103,61,17,1,1
CER_0_15_0,100,EI_orig,Jain,0.794872,70,8,1,1
CER_0_15_0,100,EI_orig,Gini,1,78,0,1,1
CER_0_15_0,100,EI_orig,FairnessIndex,-0.230769,30,48,1,1
CER_0_15_0,100,EI_orig,Sigma,-0.333333,26,52,1,1
CER_0_15_0,100,EI_orig,QuoteNulle,NaN,NaN,NaN,1,0
CER_0_15_0,100,EI_orig,EccessoMax_EUR,-0.333333,26,52,1,1
CER_0_15_0,100,EI_orig,CoalizioniInstabili,-0.405307,22,53,1,1
CER_0_15_0,100,EI_orig,ForzaIncentivante,-0.897436,4,74,1,1
CER_0_15_0,100,EI_orig,AllineamentoVirtu,-0.589744,16,62,1,1
CER_0_15_0,100,EI_orig,ForzaIncentivante_lordo,0.923077,75,3,1,1
CER_0_15_0,100,EI_orig,AllineamentoVirtu_lordo,0.564103,61,17,1,1
CER_0_15_0,100,EI_orig,VAN_min_EUR,0.589744,62,16,1,1
CER_0_15_0,100,EI_new,MinMax_pro,NaN,NaN,NaN,1,0
CER_0_15_0,100,EI_new,MinMax_con,NaN,NaN,NaN,1,0
CER_0_15_0,100,EI_new,QoS_orig,0.666667,65,13,1,1
CER_0_15_0,100,EI_new,QoS_new,NaN,NaN,NaN,1,0
CER_0_15_0,100,EI_new,EI_orig,0.564103,61,17,1,1
CER_0_15_0,100,EI_new,EI_new,1,NaN,NaN,1,1
CER_0_15_0,100,EI_new,Jain,0.666667,65,13,1,1
CER_0_15_0,100,EI_new,Gini,0.564103,61,17,1,1
CER_0_15_0,100,EI_new,FairnessIndex,-0.102564,35,43,1,1
CER_0_15_0,100,EI_new,Sigma,-0.205128,31,47,1,1
CER_0_15_0,100,EI_new,QuoteNulle,NaN,NaN,NaN,1,0
CER_0_15_0,100,EI_new,EccessoMax_EUR,-0.205128,31,47,1,1
CER_0_15_0,100,EI_new,CoalizioniInstabili,-0.300711,26,49,1,1
CER_0_15_0,100,EI_new,ForzaIncentivante,-0.461538,21,57,1,1
CER_0_15_0,100,EI_new,AllineamentoVirtu,-0.205128,31,47,1,1
CER_0_15_0,100,EI_new,ForzaIncentivante_lordo,0.487179,58,20,1,1
CER_0_15_0,100,EI_new,AllineamentoVirtu_lordo,0.128205,44,34,1,1
CER_0_15_0,100,EI_new,VAN_min_EUR,0.153846,45,33,1,1
CER_0_15_0,100,Jain,MinMax_pro,NaN,NaN,NaN,1,0
CER_0_15_0,100,Jain,MinMax_con,NaN,NaN,NaN,1,0
CER_0_15_0,100,Jain,QoS_orig,1,78,0,1,1
CER_0_15_0,100,Jain,QoS_new,NaN,NaN,NaN,1,0
CER_0_15_0,100,Jain,EI_orig,0.794872,70,8,1,1
CER_0_15_0,100,Jain,EI_new,0.666667,65,13,1,1
CER_0_15_0,100,Jain,Jain,1,NaN,NaN,1,1
CER_0_15_0,100,Jain,Gini,0.794872,70,8,1,1
CER_0_15_0,100,Jain,FairnessIndex,-0.435897,22,56,1,1
CER_0_15_0,100,Jain,Sigma,-0.538462,18,60,1,1
CER_0_15_0,100,Jain,QuoteNulle,NaN,NaN,NaN,1,0
CER_0_15_0,100,Jain,EccessoMax_EUR,-0.538462,18,60,1,1
CER_0_15_0,100,Jain,CoalizioniInstabili,-0.614497,14,61,1,1
CER_0_15_0,100,Jain,ForzaIncentivante,-0.74359,10,68,1,1
CER_0_15_0,100,Jain,AllineamentoVirtu,-0.435897,22,56,1,1
CER_0_15_0,100,Jain,ForzaIncentivante_lordo,0.769231,69,9,1,1
CER_0_15_0,100,Jain,AllineamentoVirtu_lordo,0.410256,55,23,1,1
CER_0_15_0,100,Jain,VAN_min_EUR,0.384615,54,24,1,1
CER_0_15_0,100,Gini,MinMax_pro,NaN,NaN,NaN,1,0
CER_0_15_0,100,Gini,MinMax_con,NaN,NaN,NaN,1,0
CER_0_15_0,100,Gini,QoS_orig,0.794872,70,8,1,1
CER_0_15_0,100,Gini,QoS_new,NaN,NaN,NaN,1,0
CER_0_15_0,100,Gini,EI_orig,1,78,0,1,1
CER_0_15_0,100,Gini,EI_new,0.564103,61,17,1,1
CER_0_15_0,100,Gini,Jain,0.794872,70,8,1,1
CER_0_15_0,100,Gini,Gini,1,NaN,NaN,1,1
CER_0_15_0,100,Gini,FairnessIndex,-0.230769,30,48,1,1
CER_0_15_0,100,Gini,Sigma,-0.333333,26,52,1,1
CER_0_15_0,100,Gini,QuoteNulle,NaN,NaN,NaN,1,0
CER_0_15_0,100,Gini,EccessoMax_EUR,-0.333333,26,52,1,1
CER_0_15_0,100,Gini,CoalizioniInstabili,-0.405307,22,53,1,1
CER_0_15_0,100,Gini,ForzaIncentivante,-0.897436,4,74,1,1
CER_0_15_0,100,Gini,AllineamentoVirtu,-0.589744,16,62,1,1
CER_0_15_0,100,Gini,ForzaIncentivante_lordo,0.923077,75,3,1,1
CER_0_15_0,100,Gini,AllineamentoVirtu_lordo,0.564103,61,17,1,1
CER_0_15_0,100,Gini,VAN_min_EUR,0.589744,62,16,1,1
CER_0_15_0,100,FairnessIndex,MinMax_pro,NaN,NaN,NaN,1,0
CER_0_15_0,100,FairnessIndex,MinMax_con,NaN,NaN,NaN,1,0
CER_0_15_0,100,FairnessIndex,QoS_orig,-0.435897,22,56,1,1
CER_0_15_0,100,FairnessIndex,QoS_new,NaN,NaN,NaN,1,0
CER_0_15_0,100,FairnessIndex,EI_orig,-0.230769,30,48,1,1
CER_0_15_0,100,FairnessIndex,EI_new,-0.102564,35,43,1,1
CER_0_15_0,100,FairnessIndex,Jain,-0.435897,22,56,1,1
CER_0_15_0,100,FairnessIndex,Gini,-0.230769,30,48,1,1
CER_0_15_0,100,FairnessIndex,FairnessIndex,1,NaN,NaN,1,1
CER_0_15_0,100,FairnessIndex,Sigma,0.897436,74,4,1,1
CER_0_15_0,100,FairnessIndex,QuoteNulle,NaN,NaN,NaN,1,0
CER_0_15_0,100,FairnessIndex,EccessoMax_EUR,0.846154,72,6,1,1
CER_0_15_0,100,FairnessIndex,CoalizioniInstabili,0.823688,69,6,1,1
CER_0_15_0,100,FairnessIndex,ForzaIncentivante,0.282051,50,28,1,1
CER_0_15_0,100,FairnessIndex,AllineamentoVirtu,0.179487,46,32,1,1
CER_0_15_0,100,FairnessIndex,ForzaIncentivante_lordo,-0.307692,27,51,1,1
CER_0_15_0,100,FairnessIndex,AllineamentoVirtu_lordo,-0.102564,35,43,1,1
CER_0_15_0,100,FairnessIndex,VAN_min_EUR,0.0769231,42,36,1,1
CER_0_15_0,100,Sigma,MinMax_pro,NaN,NaN,NaN,1,0
CER_0_15_0,100,Sigma,MinMax_con,NaN,NaN,NaN,1,0
CER_0_15_0,100,Sigma,QoS_orig,-0.538462,18,60,1,1
CER_0_15_0,100,Sigma,QoS_new,NaN,NaN,NaN,1,0
CER_0_15_0,100,Sigma,EI_orig,-0.333333,26,52,1,1
CER_0_15_0,100,Sigma,EI_new,-0.205128,31,47,1,1
CER_0_15_0,100,Sigma,Jain,-0.538462,18,60,1,1
CER_0_15_0,100,Sigma,Gini,-0.333333,26,52,1,1
CER_0_15_0,100,Sigma,FairnessIndex,0.897436,74,4,1,1
CER_0_15_0,100,Sigma,Sigma,1,NaN,NaN,1,1
CER_0_15_0,100,Sigma,QuoteNulle,NaN,NaN,NaN,1,0
CER_0_15_0,100,Sigma,EccessoMax_EUR,0.74359,68,10,1,1
CER_0_15_0,100,Sigma,CoalizioniInstabili,0.928283,73,2,1,1
CER_0_15_0,100,Sigma,ForzaIncentivante,0.384615,54,24,1,1
CER_0_15_0,100,Sigma,AllineamentoVirtu,0.282051,50,28,1,1
CER_0_15_0,100,Sigma,ForzaIncentivante_lordo,-0.410256,23,55,1,1
CER_0_15_0,100,Sigma,AllineamentoVirtu_lordo,-0.205128,31,47,1,1
CER_0_15_0,100,Sigma,VAN_min_EUR,-0.025641,38,40,1,1
CER_0_15_0,100,QuoteNulle,MinMax_pro,NaN,NaN,NaN,0,0
CER_0_15_0,100,QuoteNulle,MinMax_con,NaN,NaN,NaN,0,0
CER_0_15_0,100,QuoteNulle,QoS_orig,NaN,NaN,NaN,0,1
CER_0_15_0,100,QuoteNulle,QoS_new,NaN,NaN,NaN,0,0
CER_0_15_0,100,QuoteNulle,EI_orig,NaN,NaN,NaN,0,1
CER_0_15_0,100,QuoteNulle,EI_new,NaN,NaN,NaN,0,1
CER_0_15_0,100,QuoteNulle,Jain,NaN,NaN,NaN,0,1
CER_0_15_0,100,QuoteNulle,Gini,NaN,NaN,NaN,0,1
CER_0_15_0,100,QuoteNulle,FairnessIndex,NaN,NaN,NaN,0,1
CER_0_15_0,100,QuoteNulle,Sigma,NaN,NaN,NaN,0,1
CER_0_15_0,100,QuoteNulle,QuoteNulle,1,NaN,NaN,0,0
CER_0_15_0,100,QuoteNulle,EccessoMax_EUR,NaN,NaN,NaN,0,1
CER_0_15_0,100,QuoteNulle,CoalizioniInstabili,NaN,NaN,NaN,0,1
CER_0_15_0,100,QuoteNulle,ForzaIncentivante,NaN,NaN,NaN,0,1
CER_0_15_0,100,QuoteNulle,AllineamentoVirtu,NaN,NaN,NaN,0,1
CER_0_15_0,100,QuoteNulle,ForzaIncentivante_lordo,NaN,NaN,NaN,0,1
CER_0_15_0,100,QuoteNulle,AllineamentoVirtu_lordo,NaN,NaN,NaN,0,1
CER_0_15_0,100,QuoteNulle,VAN_min_EUR,NaN,NaN,NaN,0,1
CER_0_15_0,100,EccessoMax_EUR,MinMax_pro,NaN,NaN,NaN,1,0
CER_0_15_0,100,EccessoMax_EUR,MinMax_con,NaN,NaN,NaN,1,0
CER_0_15_0,100,EccessoMax_EUR,QoS_orig,-0.538462,18,60,1,1
CER_0_15_0,100,EccessoMax_EUR,QoS_new,NaN,NaN,NaN,1,0
CER_0_15_0,100,EccessoMax_EUR,EI_orig,-0.333333,26,52,1,1
CER_0_15_0,100,EccessoMax_EUR,EI_new,-0.205128,31,47,1,1
CER_0_15_0,100,EccessoMax_EUR,Jain,-0.538462,18,60,1,1
CER_0_15_0,100,EccessoMax_EUR,Gini,-0.333333,26,52,1,1
CER_0_15_0,100,EccessoMax_EUR,FairnessIndex,0.846154,72,6,1,1
CER_0_15_0,100,EccessoMax_EUR,Sigma,0.74359,68,10,1,1
CER_0_15_0,100,EccessoMax_EUR,QuoteNulle,NaN,NaN,NaN,1,0
CER_0_15_0,100,EccessoMax_EUR,EccessoMax_EUR,1,NaN,NaN,1,1
CER_0_15_0,100,EccessoMax_EUR,CoalizioniInstabili,0.719092,65,10,1,1
CER_0_15_0,100,EccessoMax_EUR,ForzaIncentivante,0.384615,54,24,1,1
CER_0_15_0,100,EccessoMax_EUR,AllineamentoVirtu,0.0769231,42,36,1,1
CER_0_15_0,100,EccessoMax_EUR,ForzaIncentivante_lordo,-0.410256,23,55,1,1
CER_0_15_0,100,EccessoMax_EUR,AllineamentoVirtu_lordo,-0.153846,33,45,1,1
CER_0_15_0,100,EccessoMax_EUR,VAN_min_EUR,-0.025641,38,40,1,1
CER_0_15_0,100,CoalizioniInstabili,MinMax_pro,NaN,NaN,NaN,1,0
CER_0_15_0,100,CoalizioniInstabili,MinMax_con,NaN,NaN,NaN,1,0
CER_0_15_0,100,CoalizioniInstabili,QoS_orig,-0.614497,14,61,1,1
CER_0_15_0,100,CoalizioniInstabili,QoS_new,NaN,NaN,NaN,1,0
CER_0_15_0,100,CoalizioniInstabili,EI_orig,-0.405307,22,53,1,1
CER_0_15_0,100,CoalizioniInstabili,EI_new,-0.300711,26,49,1,1
CER_0_15_0,100,CoalizioniInstabili,Jain,-0.614497,14,61,1,1
CER_0_15_0,100,CoalizioniInstabili,Gini,-0.405307,22,53,1,1
CER_0_15_0,100,CoalizioniInstabili,FairnessIndex,0.823688,69,6,1,1
CER_0_15_0,100,CoalizioniInstabili,Sigma,0.928283,73,2,1,1
CER_0_15_0,100,CoalizioniInstabili,QuoteNulle,NaN,NaN,NaN,1,0
CER_0_15_0,100,CoalizioniInstabili,EccessoMax_EUR,0.719092,65,10,1,1
CER_0_15_0,100,CoalizioniInstabili,CoalizioniInstabili,1,NaN,NaN,1,1
CER_0_15_0,100,CoalizioniInstabili,ForzaIncentivante,0.353009,51,24,1,1
CER_0_15_0,100,CoalizioniInstabili,AllineamentoVirtu,0.248414,47,28,1,1
CER_0_15_0,100,CoalizioniInstabili,ForzaIncentivante_lordo,-0.379158,23,52,1,1
CER_0_15_0,100,CoalizioniInstabili,AllineamentoVirtu_lordo,-0.143818,32,43,1,1
CER_0_15_0,100,CoalizioniInstabili,VAN_min_EUR,0.0130744,38,37,1,1
CER_0_15_0,100,ForzaIncentivante,MinMax_pro,NaN,NaN,NaN,1,0
CER_0_15_0,100,ForzaIncentivante,MinMax_con,NaN,NaN,NaN,1,0
CER_0_15_0,100,ForzaIncentivante,QoS_orig,-0.74359,10,68,1,1
CER_0_15_0,100,ForzaIncentivante,QoS_new,NaN,NaN,NaN,1,0
CER_0_15_0,100,ForzaIncentivante,EI_orig,-0.897436,4,74,1,1
CER_0_15_0,100,ForzaIncentivante,EI_new,-0.461538,21,57,1,1
CER_0_15_0,100,ForzaIncentivante,Jain,-0.74359,10,68,1,1
CER_0_15_0,100,ForzaIncentivante,Gini,-0.897436,4,74,1,1
CER_0_15_0,100,ForzaIncentivante,FairnessIndex,0.282051,50,28,1,1
CER_0_15_0,100,ForzaIncentivante,Sigma,0.384615,54,24,1,1
CER_0_15_0,100,ForzaIncentivante,QuoteNulle,NaN,NaN,NaN,1,0
CER_0_15_0,100,ForzaIncentivante,EccessoMax_EUR,0.384615,54,24,1,1
CER_0_15_0,100,ForzaIncentivante,CoalizioniInstabili,0.353009,51,24,1,1
CER_0_15_0,100,ForzaIncentivante,ForzaIncentivante,1,NaN,NaN,1,1
CER_0_15_0,100,ForzaIncentivante,AllineamentoVirtu,0.692308,66,12,1,1
CER_0_15_0,100,ForzaIncentivante,ForzaIncentivante_lordo,-0.974359,1,77,1,1
CER_0_15_0,100,ForzaIncentivante,AllineamentoVirtu_lordo,-0.666667,13,65,1,1
CER_0_15_0,100,ForzaIncentivante,VAN_min_EUR,-0.641026,14,64,1,1
CER_0_15_0,100,AllineamentoVirtu,MinMax_pro,NaN,NaN,NaN,1,0
CER_0_15_0,100,AllineamentoVirtu,MinMax_con,NaN,NaN,NaN,1,0
CER_0_15_0,100,AllineamentoVirtu,QoS_orig,-0.435897,22,56,1,1
CER_0_15_0,100,AllineamentoVirtu,QoS_new,NaN,NaN,NaN,1,0
CER_0_15_0,100,AllineamentoVirtu,EI_orig,-0.589744,16,62,1,1
CER_0_15_0,100,AllineamentoVirtu,EI_new,-0.205128,31,47,1,1
CER_0_15_0,100,AllineamentoVirtu,Jain,-0.435897,22,56,1,1
CER_0_15_0,100,AllineamentoVirtu,Gini,-0.589744,16,62,1,1
CER_0_15_0,100,AllineamentoVirtu,FairnessIndex,0.179487,46,32,1,1
CER_0_15_0,100,AllineamentoVirtu,Sigma,0.282051,50,28,1,1
CER_0_15_0,100,AllineamentoVirtu,QuoteNulle,NaN,NaN,NaN,1,0
CER_0_15_0,100,AllineamentoVirtu,EccessoMax_EUR,0.0769231,42,36,1,1
CER_0_15_0,100,AllineamentoVirtu,CoalizioniInstabili,0.248414,47,28,1,1
CER_0_15_0,100,AllineamentoVirtu,ForzaIncentivante,0.692308,66,12,1,1
CER_0_15_0,100,AllineamentoVirtu,AllineamentoVirtu,1,NaN,NaN,1,1
CER_0_15_0,100,AllineamentoVirtu,ForzaIncentivante_lordo,-0.666667,13,65,1,1
CER_0_15_0,100,AllineamentoVirtu,AllineamentoVirtu_lordo,-0.666667,13,65,1,1
CER_0_15_0,100,AllineamentoVirtu,VAN_min_EUR,-0.487179,20,58,1,1
CER_0_15_0,100,ForzaIncentivante_lordo,MinMax_pro,NaN,NaN,NaN,1,0
CER_0_15_0,100,ForzaIncentivante_lordo,MinMax_con,NaN,NaN,NaN,1,0
CER_0_15_0,100,ForzaIncentivante_lordo,QoS_orig,0.769231,69,9,1,1
CER_0_15_0,100,ForzaIncentivante_lordo,QoS_new,NaN,NaN,NaN,1,0
CER_0_15_0,100,ForzaIncentivante_lordo,EI_orig,0.923077,75,3,1,1
CER_0_15_0,100,ForzaIncentivante_lordo,EI_new,0.487179,58,20,1,1
CER_0_15_0,100,ForzaIncentivante_lordo,Jain,0.769231,69,9,1,1
CER_0_15_0,100,ForzaIncentivante_lordo,Gini,0.923077,75,3,1,1
CER_0_15_0,100,ForzaIncentivante_lordo,FairnessIndex,-0.307692,27,51,1,1
CER_0_15_0,100,ForzaIncentivante_lordo,Sigma,-0.410256,23,55,1,1
CER_0_15_0,100,ForzaIncentivante_lordo,QuoteNulle,NaN,NaN,NaN,1,0
CER_0_15_0,100,ForzaIncentivante_lordo,EccessoMax_EUR,-0.410256,23,55,1,1
CER_0_15_0,100,ForzaIncentivante_lordo,CoalizioniInstabili,-0.379158,23,52,1,1
CER_0_15_0,100,ForzaIncentivante_lordo,ForzaIncentivante,-0.974359,1,77,1,1
CER_0_15_0,100,ForzaIncentivante_lordo,AllineamentoVirtu,-0.666667,13,65,1,1
CER_0_15_0,100,ForzaIncentivante_lordo,ForzaIncentivante_lordo,1,NaN,NaN,1,1
CER_0_15_0,100,ForzaIncentivante_lordo,AllineamentoVirtu_lordo,0.641026,64,14,1,1
CER_0_15_0,100,ForzaIncentivante_lordo,VAN_min_EUR,0.615385,63,15,1,1
CER_0_15_0,100,AllineamentoVirtu_lordo,MinMax_pro,NaN,NaN,NaN,1,0
CER_0_15_0,100,AllineamentoVirtu_lordo,MinMax_con,NaN,NaN,NaN,1,0
CER_0_15_0,100,AllineamentoVirtu_lordo,QoS_orig,0.410256,55,23,1,1
CER_0_15_0,100,AllineamentoVirtu_lordo,QoS_new,NaN,NaN,NaN,1,0
CER_0_15_0,100,AllineamentoVirtu_lordo,EI_orig,0.564103,61,17,1,1
CER_0_15_0,100,AllineamentoVirtu_lordo,EI_new,0.128205,44,34,1,1
CER_0_15_0,100,AllineamentoVirtu_lordo,Jain,0.410256,55,23,1,1
CER_0_15_0,100,AllineamentoVirtu_lordo,Gini,0.564103,61,17,1,1
CER_0_15_0,100,AllineamentoVirtu_lordo,FairnessIndex,-0.102564,35,43,1,1
CER_0_15_0,100,AllineamentoVirtu_lordo,Sigma,-0.205128,31,47,1,1
CER_0_15_0,100,AllineamentoVirtu_lordo,QuoteNulle,NaN,NaN,NaN,1,0
CER_0_15_0,100,AllineamentoVirtu_lordo,EccessoMax_EUR,-0.153846,33,45,1,1
CER_0_15_0,100,AllineamentoVirtu_lordo,CoalizioniInstabili,-0.143818,32,43,1,1
CER_0_15_0,100,AllineamentoVirtu_lordo,ForzaIncentivante,-0.666667,13,65,1,1
CER_0_15_0,100,AllineamentoVirtu_lordo,AllineamentoVirtu,-0.666667,13,65,1,1
CER_0_15_0,100,AllineamentoVirtu_lordo,ForzaIncentivante_lordo,0.641026,64,14,1,1
CER_0_15_0,100,AllineamentoVirtu_lordo,AllineamentoVirtu_lordo,1,NaN,NaN,1,1
CER_0_15_0,100,AllineamentoVirtu_lordo,VAN_min_EUR,0.666667,65,13,1,1
CER_0_15_0,100,VAN_min_EUR,MinMax_pro,NaN,NaN,NaN,1,0
CER_0_15_0,100,VAN_min_EUR,MinMax_con,NaN,NaN,NaN,1,0
CER_0_15_0,100,VAN_min_EUR,QoS_orig,0.384615,54,24,1,1
CER_0_15_0,100,VAN_min_EUR,QoS_new,NaN,NaN,NaN,1,0
CER_0_15_0,100,VAN_min_EUR,EI_orig,0.589744,62,16,1,1
CER_0_15_0,100,VAN_min_EUR,EI_new,0.153846,45,33,1,1
CER_0_15_0,100,VAN_min_EUR,Jain,0.384615,54,24,1,1
CER_0_15_0,100,VAN_min_EUR,Gini,0.589744,62,16,1,1
CER_0_15_0,100,VAN_min_EUR,FairnessIndex,0.0769231,42,36,1,1
CER_0_15_0,100,VAN_min_EUR,Sigma,-0.025641,38,40,1,1
CER_0_15_0,100,VAN_min_EUR,QuoteNulle,NaN,NaN,NaN,1,0
CER_0_15_0,100,VAN_min_EUR,EccessoMax_EUR,-0.025641,38,40,1,1
CER_0_15_0,100,VAN_min_EUR,CoalizioniInstabili,0.0130744,38,37,1,1
CER_0_15_0,100,VAN_min_EUR,ForzaIncentivante,-0.641026,14,64,1,1
CER_0_15_0,100,VAN_min_EUR,AllineamentoVirtu,-0.487179,20,58,1,1
CER_0_15_0,100,VAN_min_EUR,ForzaIncentivante_lordo,0.615385,63,15,1,1
CER_0_15_0,100,VAN_min_EUR,AllineamentoVirtu_lordo,0.666667,65,13,1,1
CER_0_15_0,100,VAN_min_EUR,VAN_min_EUR,1,NaN,NaN,1,1
CER_0_18_0,100,MinMax_pro,MinMax_pro,1,NaN,NaN,0,0
CER_0_18_0,100,MinMax_pro,MinMax_con,NaN,NaN,NaN,0,0
CER_0_18_0,100,MinMax_pro,QoS_orig,NaN,NaN,NaN,0,1
CER_0_18_0,100,MinMax_pro,QoS_new,NaN,NaN,NaN,0,0
CER_0_18_0,100,MinMax_pro,EI_orig,NaN,NaN,NaN,0,1
CER_0_18_0,100,MinMax_pro,EI_new,NaN,NaN,NaN,0,1
CER_0_18_0,100,MinMax_pro,Jain,NaN,NaN,NaN,0,1
CER_0_18_0,100,MinMax_pro,Gini,NaN,NaN,NaN,0,1
CER_0_18_0,100,MinMax_pro,FairnessIndex,NaN,NaN,NaN,0,1
CER_0_18_0,100,MinMax_pro,Sigma,NaN,NaN,NaN,0,1
CER_0_18_0,100,MinMax_pro,QuoteNulle,NaN,NaN,NaN,0,0
CER_0_18_0,100,MinMax_pro,EccessoMax_EUR,NaN,NaN,NaN,0,1
CER_0_18_0,100,MinMax_pro,CoalizioniInstabili,NaN,NaN,NaN,0,1
CER_0_18_0,100,MinMax_pro,ForzaIncentivante,NaN,NaN,NaN,0,1
CER_0_18_0,100,MinMax_pro,AllineamentoVirtu,NaN,NaN,NaN,0,1
CER_0_18_0,100,MinMax_pro,ForzaIncentivante_lordo,NaN,NaN,NaN,0,1
CER_0_18_0,100,MinMax_pro,AllineamentoVirtu_lordo,NaN,NaN,NaN,0,1
CER_0_18_0,100,MinMax_pro,VAN_min_EUR,NaN,NaN,NaN,0,1
CER_0_18_0,100,MinMax_con,MinMax_pro,NaN,NaN,NaN,0,0
CER_0_18_0,100,MinMax_con,MinMax_con,1,NaN,NaN,0,0
CER_0_18_0,100,MinMax_con,QoS_orig,NaN,NaN,NaN,0,1
CER_0_18_0,100,MinMax_con,QoS_new,NaN,NaN,NaN,0,0
CER_0_18_0,100,MinMax_con,EI_orig,NaN,NaN,NaN,0,1
CER_0_18_0,100,MinMax_con,EI_new,NaN,NaN,NaN,0,1
CER_0_18_0,100,MinMax_con,Jain,NaN,NaN,NaN,0,1
CER_0_18_0,100,MinMax_con,Gini,NaN,NaN,NaN,0,1
CER_0_18_0,100,MinMax_con,FairnessIndex,NaN,NaN,NaN,0,1
CER_0_18_0,100,MinMax_con,Sigma,NaN,NaN,NaN,0,1
CER_0_18_0,100,MinMax_con,QuoteNulle,NaN,NaN,NaN,0,0
CER_0_18_0,100,MinMax_con,EccessoMax_EUR,NaN,NaN,NaN,0,1
CER_0_18_0,100,MinMax_con,CoalizioniInstabili,NaN,NaN,NaN,0,1
CER_0_18_0,100,MinMax_con,ForzaIncentivante,NaN,NaN,NaN,0,1
CER_0_18_0,100,MinMax_con,AllineamentoVirtu,NaN,NaN,NaN,0,1
CER_0_18_0,100,MinMax_con,ForzaIncentivante_lordo,NaN,NaN,NaN,0,1
CER_0_18_0,100,MinMax_con,AllineamentoVirtu_lordo,NaN,NaN,NaN,0,1
CER_0_18_0,100,MinMax_con,VAN_min_EUR,NaN,NaN,NaN,0,1
CER_0_18_0,100,QoS_orig,MinMax_pro,NaN,NaN,NaN,1,0
CER_0_18_0,100,QoS_orig,MinMax_con,NaN,NaN,NaN,1,0
CER_0_18_0,100,QoS_orig,QoS_orig,1,NaN,NaN,1,1
CER_0_18_0,100,QoS_orig,QoS_new,NaN,NaN,NaN,1,0
CER_0_18_0,100,QoS_orig,EI_orig,0.717949,67,11,1,1
CER_0_18_0,100,QoS_orig,EI_new,0.589744,62,16,1,1
CER_0_18_0,100,QoS_orig,Jain,1,78,0,1,1
CER_0_18_0,100,QoS_orig,Gini,0.717949,67,11,1,1
CER_0_18_0,100,QoS_orig,FairnessIndex,-0.410256,23,55,1,1
CER_0_18_0,100,QoS_orig,Sigma,-0.589744,16,62,1,1
CER_0_18_0,100,QoS_orig,QuoteNulle,NaN,NaN,NaN,1,0
CER_0_18_0,100,QoS_orig,EccessoMax_EUR,-0.615385,15,63,1,1
CER_0_18_0,100,QoS_orig,CoalizioniInstabili,-0.614497,14,61,1,1
CER_0_18_0,100,QoS_orig,ForzaIncentivante,-0.74359,10,68,1,1
CER_0_18_0,100,QoS_orig,AllineamentoVirtu,-0.538462,18,60,1,1
CER_0_18_0,100,QoS_orig,ForzaIncentivante_lordo,0.846154,72,6,1,1
CER_0_18_0,100,QoS_orig,AllineamentoVirtu_lordo,-0.0769231,36,42,1,1
CER_0_18_0,100,QoS_orig,VAN_min_EUR,0.384615,54,24,1,1
CER_0_18_0,100,QoS_new,MinMax_pro,NaN,NaN,NaN,0,0
CER_0_18_0,100,QoS_new,MinMax_con,NaN,NaN,NaN,0,0
CER_0_18_0,100,QoS_new,QoS_orig,NaN,NaN,NaN,0,1
CER_0_18_0,100,QoS_new,QoS_new,1,NaN,NaN,0,0
CER_0_18_0,100,QoS_new,EI_orig,NaN,NaN,NaN,0,1
CER_0_18_0,100,QoS_new,EI_new,NaN,NaN,NaN,0,1
CER_0_18_0,100,QoS_new,Jain,NaN,NaN,NaN,0,1
CER_0_18_0,100,QoS_new,Gini,NaN,NaN,NaN,0,1
CER_0_18_0,100,QoS_new,FairnessIndex,NaN,NaN,NaN,0,1
CER_0_18_0,100,QoS_new,Sigma,NaN,NaN,NaN,0,1
CER_0_18_0,100,QoS_new,QuoteNulle,NaN,NaN,NaN,0,0
CER_0_18_0,100,QoS_new,EccessoMax_EUR,NaN,NaN,NaN,0,1
CER_0_18_0,100,QoS_new,CoalizioniInstabili,NaN,NaN,NaN,0,1
CER_0_18_0,100,QoS_new,ForzaIncentivante,NaN,NaN,NaN,0,1
CER_0_18_0,100,QoS_new,AllineamentoVirtu,NaN,NaN,NaN,0,1
CER_0_18_0,100,QoS_new,ForzaIncentivante_lordo,NaN,NaN,NaN,0,1
CER_0_18_0,100,QoS_new,AllineamentoVirtu_lordo,NaN,NaN,NaN,0,1
CER_0_18_0,100,QoS_new,VAN_min_EUR,NaN,NaN,NaN,0,1
CER_0_18_0,100,EI_orig,MinMax_pro,NaN,NaN,NaN,1,0
CER_0_18_0,100,EI_orig,MinMax_con,NaN,NaN,NaN,1,0
CER_0_18_0,100,EI_orig,QoS_orig,0.717949,67,11,1,1
CER_0_18_0,100,EI_orig,QoS_new,NaN,NaN,NaN,1,0
CER_0_18_0,100,EI_orig,EI_orig,1,NaN,NaN,1,1
CER_0_18_0,100,EI_orig,EI_new,0.615385,63,15,1,1
CER_0_18_0,100,EI_orig,Jain,0.717949,67,11,1,1
CER_0_18_0,100,EI_orig,Gini,1,78,0,1,1
CER_0_18_0,100,EI_orig,FairnessIndex,-0.128205,34,44,1,1
CER_0_18_0,100,EI_orig,Sigma,-0.307692,27,51,1,1
CER_0_18_0,100,EI_orig,QuoteNulle,NaN,NaN,NaN,1,0
CER_0_18_0,100,EI_orig,EccessoMax_EUR,-0.333333,26,52,1,1
CER_0_18_0,100,EI_orig,CoalizioniInstabili,-0.32686,25,50,1,1
CER_0_18_0,100,EI_orig,ForzaIncentivante,-0.923077,3,75,1,1
CER_0_18_0,100,EI_orig,AllineamentoVirtu,-0.769231,9,69,1,1
CER_0_18_0,100,EI_orig,ForzaIncentivante_lordo,0.769231,69,9,1,1
CER_0_18_0,100,EI_orig,AllineamentoVirtu_lordo,-0.25641,29,49,1,1
CER_0_18_0,100,EI_orig,VAN_min_EUR,0.615385,63,15,1,1
CER_0_18_0,100,EI_new,MinMax_pro,NaN,NaN,NaN,1,0
CER_0_18_0,100,EI_new,MinMax_con,NaN,NaN,NaN,1,0
CER_0_18_0,100,EI_new,QoS_orig,0.589744,62,16,1,1
CER_0_18_0,100,EI_new,QoS_new,NaN,NaN,NaN,1,0
CER_0_18_0,100,EI_new,EI_orig,0.615385,63,15,1,1
CER_0_18_0,100,EI_new,EI_new,1,NaN,NaN,1,1
CER_0_18_0,100,EI_new,Jain,0.589744,62,16,1,1
CER_0_18_0,100,EI_new,Gini,0.615385,63,15,1,1
CER_0_18_0,100,EI_new,FairnessIndex,-0.0512821,37,41,1,1
CER_0_18_0,100,EI_new,Sigma,-0.179487,32,46,1,1
CER_0_18_0,100,EI_new,QuoteNulle,NaN,NaN,NaN,1,0
CER_0_18_0,100,EI_new,EccessoMax_EUR,-0.205128,31,47,1,1
CER_0_18_0,100,EI_new,CoalizioniInstabili,-0.196116,30,45,1,1
CER_0_18_0,100,EI_new,ForzaIncentivante,-0.589744,16,62,1,1
CER_0_18_0,100,EI_new,AllineamentoVirtu,-0.384615,24,54,1,1
CER_0_18_0,100,EI_new,ForzaIncentivante_lordo,0.487179,58,20,1,1
CER_0_18_0,100,EI_new,AllineamentoVirtu_lordo,-0.487179,20,58,1,1
CER_0_18_0,100,EI_new,VAN_min_EUR,0.230769,48,30,1,1
CER_0_18_0,100,Jain,MinMax_pro,NaN,NaN,NaN,1,0
CER_0_18_0,100,Jain,MinMax_con,NaN,NaN,NaN,1,0
CER_0_18_0,100,Jain,QoS_orig,1,78,0,1,1
CER_0_18_0,100,Jain,QoS_new,NaN,NaN,NaN,1,0
CER_0_18_0,100,Jain,EI_orig,0.717949,67,11,1,1
CER_0_18_0,100,Jain,EI_new,0.589744,62,16,1,1
CER_0_18_0,100,Jain,Jain,1,NaN,NaN,1,1
CER_0_18_0,100,Jain,Gini,0.717949,67,11,1,1
CER_0_18_0,100,Jain,FairnessIndex,-0.410256,23,55,1,1
CER_0_18_0,100,Jain,Sigma,-0.589744,16,62,1,1
CER_0_18_0,100,Jain,QuoteNulle,NaN,NaN,NaN,1,0
CER_0_18_0,100,Jain,EccessoMax_EUR,-0.615385,15,63,1,1
CER_0_18_0,100,Jain,CoalizioniInstabili,-0.614497,14,61,1,1
CER_0_18_0,100,Jain,ForzaIncentivante,-0.74359,10,68,1,1
CER_0_18_0,100,Jain,AllineamentoVirtu,-0.538462,18,60,1,1
CER_0_18_0,100,Jain,ForzaIncentivante_lordo,0.846154,72,6,1,1
CER_0_18_0,100,Jain,AllineamentoVirtu_lordo,-0.0769231,36,42,1,1
CER_0_18_0,100,Jain,VAN_min_EUR,0.384615,54,24,1,1
CER_0_18_0,100,Gini,MinMax_pro,NaN,NaN,NaN,1,0
CER_0_18_0,100,Gini,MinMax_con,NaN,NaN,NaN,1,0
CER_0_18_0,100,Gini,QoS_orig,0.717949,67,11,1,1
CER_0_18_0,100,Gini,QoS_new,NaN,NaN,NaN,1,0
CER_0_18_0,100,Gini,EI_orig,1,78,0,1,1
CER_0_18_0,100,Gini,EI_new,0.615385,63,15,1,1
CER_0_18_0,100,Gini,Jain,0.717949,67,11,1,1
CER_0_18_0,100,Gini,Gini,1,NaN,NaN,1,1
CER_0_18_0,100,Gini,FairnessIndex,-0.128205,34,44,1,1
CER_0_18_0,100,Gini,Sigma,-0.307692,27,51,1,1
CER_0_18_0,100,Gini,QuoteNulle,NaN,NaN,NaN,1,0
CER_0_18_0,100,Gini,EccessoMax_EUR,-0.333333,26,52,1,1
CER_0_18_0,100,Gini,CoalizioniInstabili,-0.32686,25,50,1,1
CER_0_18_0,100,Gini,ForzaIncentivante,-0.923077,3,75,1,1
CER_0_18_0,100,Gini,AllineamentoVirtu,-0.769231,9,69,1,1
CER_0_18_0,100,Gini,ForzaIncentivante_lordo,0.769231,69,9,1,1
CER_0_18_0,100,Gini,AllineamentoVirtu_lordo,-0.25641,29,49,1,1
CER_0_18_0,100,Gini,VAN_min_EUR,0.615385,63,15,1,1
CER_0_18_0,100,FairnessIndex,MinMax_pro,NaN,NaN,NaN,1,0
CER_0_18_0,100,FairnessIndex,MinMax_con,NaN,NaN,NaN,1,0
CER_0_18_0,100,FairnessIndex,QoS_orig,-0.410256,23,55,1,1
CER_0_18_0,100,FairnessIndex,QoS_new,NaN,NaN,NaN,1,0
CER_0_18_0,100,FairnessIndex,EI_orig,-0.128205,34,44,1,1
CER_0_18_0,100,FairnessIndex,EI_new,-0.0512821,37,41,1,1
CER_0_18_0,100,FairnessIndex,Jain,-0.410256,23,55,1,1
CER_0_18_0,100,FairnessIndex,Gini,-0.128205,34,44,1,1
CER_0_18_0,100,FairnessIndex,FairnessIndex,1,NaN,NaN,1,1
CER_0_18_0,100,FairnessIndex,Sigma,0.820513,71,7,1,1
CER_0_18_0,100,FairnessIndex,QuoteNulle,NaN,NaN,NaN,1,0
CER_0_18_0,100,FairnessIndex,EccessoMax_EUR,0.74359,68,10,1,1
CER_0_18_0,100,FairnessIndex,CoalizioniInstabili,0.797539,68,7,1,1
CER_0_18_0,100,FairnessIndex,ForzaIncentivante,0.205128,47,31,1,1
CER_0_18_0,100,FairnessIndex,AllineamentoVirtu,0.205128,47,31,1,1
CER_0_18_0,100,FairnessIndex,ForzaIncentivante_lordo,-0.307692,27,51,1,1
CER_0_18_0,100,FairnessIndex,AllineamentoVirtu_lordo,-0.153846,33,45,1,1
CER_0_18_0,100,FairnessIndex,VAN_min_EUR,0.102564,43,35,1,1
CER_0_18_0,100,Sigma,MinMax_pro,NaN,NaN,NaN,1,0
CER_0_18_0,100,Sigma,MinMax_con,NaN,NaN,NaN,1,0
CER_0_18_0,100,Sigma,QoS_orig,-0.589744,16,62,1,1
CER_0_18_0,100,Sigma,QoS_new,NaN,NaN,NaN,1,0
CER_0_18_0,100,Sigma,EI_orig,-0.307692,27,51,1,1
CER_0_18_0,100,Sigma,EI_new,-0.179487,32,46,1,1
CER_0_18_0,100,Sigma,Jain,-0.589744,16,62,1,1
CER_0_18_0,100,Sigma,Gini,-0.307692,27,51,1,1
CER_0_18_0,100,Sigma,FairnessIndex,0.820513,71,7,1,1
CER_0_18_0,100,Sigma,Sigma,1,NaN,NaN,1,1
CER_0_18_0,100,Sigma,QuoteNulle,NaN,NaN,NaN,1,0
CER_0_18_0,100,Sigma,EccessoMax_EUR,0.769231,69,9,1,1
CER_0_18_0,100,Sigma,CoalizioniInstabili,0.980581,75,0,1,1
CER_0_18_0,100,Sigma,ForzaIncentivante,0.333333,52,26,1,1
CER_0_18_0,100,Sigma,AllineamentoVirtu,0.333333,52,26,1,1
CER_0_18_0,100,Sigma,ForzaIncentivante_lordo,-0.435897,22,56,1,1
CER_0_18_0,100,Sigma,AllineamentoVirtu_lordo,-0.0769231,36,42,1,1
CER_0_18_0,100,Sigma,VAN_min_EUR,0.025641,40,38,1,1
CER_0_18_0,100,QuoteNulle,MinMax_pro,NaN,NaN,NaN,0,0
CER_0_18_0,100,QuoteNulle,MinMax_con,NaN,NaN,NaN,0,0
CER_0_18_0,100,QuoteNulle,QoS_orig,NaN,NaN,NaN,0,1
CER_0_18_0,100,QuoteNulle,QoS_new,NaN,NaN,NaN,0,0
CER_0_18_0,100,QuoteNulle,EI_orig,NaN,NaN,NaN,0,1
CER_0_18_0,100,QuoteNulle,EI_new,NaN,NaN,NaN,0,1
CER_0_18_0,100,QuoteNulle,Jain,NaN,NaN,NaN,0,1
CER_0_18_0,100,QuoteNulle,Gini,NaN,NaN,NaN,0,1
CER_0_18_0,100,QuoteNulle,FairnessIndex,NaN,NaN,NaN,0,1
CER_0_18_0,100,QuoteNulle,Sigma,NaN,NaN,NaN,0,1
CER_0_18_0,100,QuoteNulle,QuoteNulle,1,NaN,NaN,0,0
CER_0_18_0,100,QuoteNulle,EccessoMax_EUR,NaN,NaN,NaN,0,1
CER_0_18_0,100,QuoteNulle,CoalizioniInstabili,NaN,NaN,NaN,0,1
CER_0_18_0,100,QuoteNulle,ForzaIncentivante,NaN,NaN,NaN,0,1
CER_0_18_0,100,QuoteNulle,AllineamentoVirtu,NaN,NaN,NaN,0,1
CER_0_18_0,100,QuoteNulle,ForzaIncentivante_lordo,NaN,NaN,NaN,0,1
CER_0_18_0,100,QuoteNulle,AllineamentoVirtu_lordo,NaN,NaN,NaN,0,1
CER_0_18_0,100,QuoteNulle,VAN_min_EUR,NaN,NaN,NaN,0,1
CER_0_18_0,100,EccessoMax_EUR,MinMax_pro,NaN,NaN,NaN,1,0
CER_0_18_0,100,EccessoMax_EUR,MinMax_con,NaN,NaN,NaN,1,0
CER_0_18_0,100,EccessoMax_EUR,QoS_orig,-0.615385,15,63,1,1
CER_0_18_0,100,EccessoMax_EUR,QoS_new,NaN,NaN,NaN,1,0
CER_0_18_0,100,EccessoMax_EUR,EI_orig,-0.333333,26,52,1,1
CER_0_18_0,100,EccessoMax_EUR,EI_new,-0.205128,31,47,1,1
CER_0_18_0,100,EccessoMax_EUR,Jain,-0.615385,15,63,1,1
CER_0_18_0,100,EccessoMax_EUR,Gini,-0.333333,26,52,1,1
CER_0_18_0,100,EccessoMax_EUR,FairnessIndex,0.74359,68,10,1,1
CER_0_18_0,100,EccessoMax_EUR,Sigma,0.769231,69,9,1,1
CER_0_18_0,100,EccessoMax_EUR,QuoteNulle,NaN,NaN,NaN,1,0
CER_0_18_0,100,EccessoMax_EUR,EccessoMax_EUR,1,NaN,NaN,1,1
CER_0_18_0,100,EccessoMax_EUR,CoalizioniInstabili,0.797539,68,7,1,1
CER_0_18_0,100,EccessoMax_EUR,ForzaIncentivante,0.410256,55,23,1,1
CER_0_18_0,100,EccessoMax_EUR,AllineamentoVirtu,0.205128,47,31,1,1
CER_0_18_0,100,EccessoMax_EUR,ForzaIncentivante_lordo,-0.512821,19,59,1,1
CER_0_18_0,100,EccessoMax_EUR,AllineamentoVirtu_lordo,-0.205128,31,47,1,1
CER_0_18_0,100,EccessoMax_EUR,VAN_min_EUR,-0.102564,35,43,1,1
CER_0_18_0,100,CoalizioniInstabili,MinMax_pro,NaN,NaN,NaN,1,0
CER_0_18_0,100,CoalizioniInstabili,MinMax_con,NaN,NaN,NaN,1,0
CER_0_18_0,100,CoalizioniInstabili,QoS_orig,-0.614497,14,61,1,1
CER_0_18_0,100,CoalizioniInstabili,QoS_new,NaN,NaN,NaN,1,0
CER_0_18_0,100,CoalizioniInstabili,EI_orig,-0.32686,25,50,1,1
CER_0_18_0,100,CoalizioniInstabili,EI_new,-0.196116,30,45,1,1
CER_0_18_0,100,CoalizioniInstabili,Jain,-0.614497,14,61,1,1
CER_0_18_0,100,CoalizioniInstabili,Gini,-0.32686,25,50,1,1
CER_0_18_0,100,CoalizioniInstabili,FairnessIndex,0.797539,68,7,1,1
CER_0_18_0,100,CoalizioniInstabili,Sigma,0.980581,75,0,1,1
CER_0_18_0,100,CoalizioniInstabili,QuoteNulle,NaN,NaN,NaN,1,0
CER_0_18_0,100,CoalizioniInstabili,EccessoMax_EUR,0.797539,68,7,1,1
CER_0_18_0,100,CoalizioniInstabili,CoalizioniInstabili,1,NaN,NaN,1,1
CER_0_18_0,100,CoalizioniInstabili,ForzaIncentivante,0.353009,51,24,1,1
CER_0_18_0,100,CoalizioniInstabili,AllineamentoVirtu,0.353009,51,24,1,1
CER_0_18_0,100,CoalizioniInstabili,ForzaIncentivante_lordo,-0.457604,20,55,1,1
CER_0_18_0,100,CoalizioniInstabili,AllineamentoVirtu_lordo,-0.065372,35,40,1,1
CER_0_18_0,100,CoalizioniInstabili,VAN_min_EUR,0.0130744,38,37,1,1
CER_0_18_0,100,ForzaIncentivante,MinMax_pro,NaN,NaN,NaN,1,0
CER_0_18_0,100,ForzaIncentivante,MinMax_con,NaN,NaN,NaN,1,0
CER_0_18_0,100,ForzaIncentivante,QoS_orig,-0.74359,10,68,1,1
CER_0_18_0,100,ForzaIncentivante,QoS_new,NaN,NaN,NaN,1,0
CER_0_18_0,100,ForzaIncentivante,EI_orig,-0.923077,3,75,1,1
CER_0_18_0,100,ForzaIncentivante,EI_new,-0.589744,16,62,1,1
CER_0_18_0,100,ForzaIncentivante,Jain,-0.74359,10,68,1,1
CER_0_18_0,100,ForzaIncentivante,Gini,-0.923077,3,75,1,1
CER_0_18_0,100,ForzaIncentivante,FairnessIndex,0.205128,47,31,1,1
CER_0_18_0,100,ForzaIncentivante,Sigma,0.333333,52,26,1,1
CER_0_18_0,100,ForzaIncentivante,QuoteNulle,NaN,NaN,NaN,1,0
CER_0_18_0,100,ForzaIncentivante,EccessoMax_EUR,0.410256,55,23,1,1
CER_0_18_0,100,ForzaIncentivante,CoalizioniInstabili,0.353009,51,24,1,1
CER_0_18_0,100,ForzaIncentivante,ForzaIncentivante,1,NaN,NaN,1,1
CER_0_18_0,100,ForzaIncentivante,AllineamentoVirtu,0.794872,70,8,1,1
CER_0_18_0,100,ForzaIncentivante,ForzaIncentivante_lordo,-0.846154,6,72,1,1
CER_0_18_0,100,ForzaIncentivante,AllineamentoVirtu_lordo,0.230769,48,30,1,1
CER_0_18_0,100,ForzaIncentivante,VAN_min_EUR,-0.641026,14,64,1,1
CER_0_18_0,100,AllineamentoVirtu,MinMax_pro,NaN,NaN,NaN,1,0
CER_0_18_0,100,AllineamentoVirtu,MinMax_con,NaN,NaN,NaN,1,0
CER_0_18_0,100,AllineamentoVirtu,QoS_orig,-0.538462,18,60,1,1
CER_0_18_0,100,AllineamentoVirtu,QoS_new,NaN,NaN,NaN,1,0
CER_0_18_0,100,AllineamentoVirtu,EI_orig,-0.769231,9,69,1,1
CER_0_18_0,100,AllineamentoVirtu,EI_new,-0.384615,24,54,1,1
CER_0_18_0,100,AllineamentoVirtu,Jain,-0.538462,18,60,1,1
CER_0_18_0,100,AllineamentoVirtu,Gini,-0.769231,9,69,1,1
CER_0_18_0,100,AllineamentoVirtu,FairnessIndex,0.205128,47,31,1,1
CER_0_18_0,100,AllineamentoVirtu,Sigma,0.333333,52,26,1,1
CER_0_18_0,100,AllineamentoVirtu,QuoteNulle,NaN,NaN,NaN,1,0
CER_0_18_0,100,AllineamentoVirtu,EccessoMax_EUR,0.205128,47,31,1,1
CER_0_18_0,100,AllineamentoVirtu,CoalizioniInstabili,0.353009,51,24,1,1
CER_0_18_0,100,AllineamentoVirtu,ForzaIncentivante,0.794872,70,8,1,1
CER_0_18_0,100,AllineamentoVirtu,AllineamentoVirtu,1,NaN,NaN,1,1
CER_0_18_0,100,AllineamentoVirtu,ForzaIncentivante_lordo,-0.641026,14,64,1,1
CER_0_18_0,100,AllineamentoVirtu,AllineamentoVirtu_lordo,0.282051,50,28,1,1
CER_0_18_0,100,AllineamentoVirtu,VAN_min_EUR,-0.589744,16,62,1,1
CER_0_18_0,100,ForzaIncentivante_lordo,MinMax_pro,NaN,NaN,NaN,1,0
CER_0_18_0,100,ForzaIncentivante_lordo,MinMax_con,NaN,NaN,NaN,1,0
CER_0_18_0,100,ForzaIncentivante_lordo,QoS_orig,0.846154,72,6,1,1
CER_0_18_0,100,ForzaIncentivante_lordo,QoS_new,NaN,NaN,NaN,1,0
CER_0_18_0,100,ForzaIncentivante_lordo,EI_orig,0.769231,69,9,1,1
CER_0_18_0,100,ForzaIncentivante_lordo,EI_new,0.487179,58,20,1,1
CER_0_18_0,100,ForzaIncentivante_lordo,Jain,0.846154,72,6,1,1
CER_0_18_0,100,ForzaIncentivante_lordo,Gini,0.769231,69,9,1,1
CER_0_18_0,100,ForzaIncentivante_lordo,FairnessIndex,-0.307692,27,51,1,1
CER_0_18_0,100,ForzaIncentivante_lordo,Sigma,-0.435897,22,56,1,1
CER_0_18_0,100,ForzaIncentivante_lordo,QuoteNulle,NaN,NaN,NaN,1,0
CER_0_18_0,100,ForzaIncentivante_lordo,EccessoMax_EUR,-0.512821,19,59,1,1
CER_0_18_0,100,ForzaIncentivante_lordo,CoalizioniInstabili,-0.457604,20,55,1,1
CER_0_18_0,100,ForzaIncentivante_lordo,ForzaIncentivante,-0.846154,6,72,1,1
CER_0_18_0,100,ForzaIncentivante_lordo,AllineamentoVirtu,-0.641026,14,64,1,1
CER_0_18_0,100,ForzaIncentivante_lordo,ForzaIncentivante_lordo,1,NaN,NaN,1,1
CER_0_18_0,100,ForzaIncentivante_lordo,AllineamentoVirtu_lordo,-0.0769231,36,42,1,1
CER_0_18_0,100,ForzaIncentivante_lordo,VAN_min_EUR,0.538462,60,18,1,1
CER_0_18_0,100,AllineamentoVirtu_lordo,MinMax_pro,NaN,NaN,NaN,1,0
CER_0_18_0,100,AllineamentoVirtu_lordo,MinMax_con,NaN,NaN,NaN,1,0
CER_0_18_0,100,AllineamentoVirtu_lordo,QoS_orig,-0.0769231,36,42,1,1
CER_0_18_0,100,AllineamentoVirtu_lordo,QoS_new,NaN,NaN,NaN,1,0
CER_0_18_0,100,AllineamentoVirtu_lordo,EI_orig,-0.25641,29,49,1,1
CER_0_18_0,100,AllineamentoVirtu_lordo,EI_new,-0.487179,20,58,1,1
CER_0_18_0,100,AllineamentoVirtu_lordo,Jain,-0.0769231,36,42,1,1
CER_0_18_0,100,AllineamentoVirtu_lordo,Gini,-0.25641,29,49,1,1
CER_0_18_0,100,AllineamentoVirtu_lordo,FairnessIndex,-0.153846,33,45,1,1
CER_0_18_0,100,AllineamentoVirtu_lordo,Sigma,-0.0769231,36,42,1,1
CER_0_18_0,100,AllineamentoVirtu_lordo,QuoteNulle,NaN,NaN,NaN,1,0
CER_0_18_0,100,AllineamentoVirtu_lordo,EccessoMax_EUR,-0.205128,31,47,1,1
CER_0_18_0,100,AllineamentoVirtu_lordo,CoalizioniInstabili,-0.065372,35,40,1,1
CER_0_18_0,100,AllineamentoVirtu_lordo,ForzaIncentivante,0.230769,48,30,1,1
CER_0_18_0,100,AllineamentoVirtu_lordo,AllineamentoVirtu,0.282051,50,28,1,1
CER_0_18_0,100,AllineamentoVirtu_lordo,ForzaIncentivante_lordo,-0.0769231,36,42,1,1
CER_0_18_0,100,AllineamentoVirtu_lordo,AllineamentoVirtu_lordo,1,NaN,NaN,1,1
CER_0_18_0,100,AllineamentoVirtu_lordo,VAN_min_EUR,0.025641,40,38,1,1
CER_0_18_0,100,VAN_min_EUR,MinMax_pro,NaN,NaN,NaN,1,0
CER_0_18_0,100,VAN_min_EUR,MinMax_con,NaN,NaN,NaN,1,0
CER_0_18_0,100,VAN_min_EUR,QoS_orig,0.384615,54,24,1,1
CER_0_18_0,100,VAN_min_EUR,QoS_new,NaN,NaN,NaN,1,0
CER_0_18_0,100,VAN_min_EUR,EI_orig,0.615385,63,15,1,1
CER_0_18_0,100,VAN_min_EUR,EI_new,0.230769,48,30,1,1
CER_0_18_0,100,VAN_min_EUR,Jain,0.384615,54,24,1,1
CER_0_18_0,100,VAN_min_EUR,Gini,0.615385,63,15,1,1
CER_0_18_0,100,VAN_min_EUR,FairnessIndex,0.102564,43,35,1,1
CER_0_18_0,100,VAN_min_EUR,Sigma,0.025641,40,38,1,1
CER_0_18_0,100,VAN_min_EUR,QuoteNulle,NaN,NaN,NaN,1,0
CER_0_18_0,100,VAN_min_EUR,EccessoMax_EUR,-0.102564,35,43,1,1
CER_0_18_0,100,VAN_min_EUR,CoalizioniInstabili,0.0130744,38,37,1,1
CER_0_18_0,100,VAN_min_EUR,ForzaIncentivante,-0.641026,14,64,1,1
CER_0_18_0,100,VAN_min_EUR,AllineamentoVirtu,-0.589744,16,62,1,1
CER_0_18_0,100,VAN_min_EUR,ForzaIncentivante_lordo,0.538462,60,18,1,1
CER_0_18_0,100,VAN_min_EUR,AllineamentoVirtu_lordo,0.025641,40,38,1,1
CER_0_18_0,100,VAN_min_EUR,VAN_min_EUR,1,NaN,NaN,1,1
CER_0_20_0,100,MinMax_pro,MinMax_pro,1,NaN,NaN,0,0
CER_0_20_0,100,MinMax_pro,MinMax_con,NaN,NaN,NaN,0,0
CER_0_20_0,100,MinMax_pro,QoS_orig,NaN,NaN,NaN,0,1
CER_0_20_0,100,MinMax_pro,QoS_new,NaN,NaN,NaN,0,0
CER_0_20_0,100,MinMax_pro,EI_orig,NaN,NaN,NaN,0,1
CER_0_20_0,100,MinMax_pro,EI_new,NaN,NaN,NaN,0,1
CER_0_20_0,100,MinMax_pro,Jain,NaN,NaN,NaN,0,1
CER_0_20_0,100,MinMax_pro,Gini,NaN,NaN,NaN,0,1
CER_0_20_0,100,MinMax_pro,FairnessIndex,NaN,NaN,NaN,0,1
CER_0_20_0,100,MinMax_pro,Sigma,NaN,NaN,NaN,0,1
CER_0_20_0,100,MinMax_pro,QuoteNulle,NaN,NaN,NaN,0,0
CER_0_20_0,100,MinMax_pro,EccessoMax_EUR,NaN,NaN,NaN,0,0
CER_0_20_0,100,MinMax_pro,CoalizioniInstabili,NaN,NaN,NaN,0,0
CER_0_20_0,100,MinMax_pro,ForzaIncentivante,NaN,NaN,NaN,0,1
CER_0_20_0,100,MinMax_pro,AllineamentoVirtu,NaN,NaN,NaN,0,1
CER_0_20_0,100,MinMax_pro,ForzaIncentivante_lordo,NaN,NaN,NaN,0,1
CER_0_20_0,100,MinMax_pro,AllineamentoVirtu_lordo,NaN,NaN,NaN,0,1
CER_0_20_0,100,MinMax_pro,VAN_min_EUR,NaN,NaN,NaN,0,1
CER_0_20_0,100,MinMax_con,MinMax_pro,NaN,NaN,NaN,0,0
CER_0_20_0,100,MinMax_con,MinMax_con,1,NaN,NaN,0,0
CER_0_20_0,100,MinMax_con,QoS_orig,NaN,NaN,NaN,0,1
CER_0_20_0,100,MinMax_con,QoS_new,NaN,NaN,NaN,0,0
CER_0_20_0,100,MinMax_con,EI_orig,NaN,NaN,NaN,0,1
CER_0_20_0,100,MinMax_con,EI_new,NaN,NaN,NaN,0,1
CER_0_20_0,100,MinMax_con,Jain,NaN,NaN,NaN,0,1
CER_0_20_0,100,MinMax_con,Gini,NaN,NaN,NaN,0,1
CER_0_20_0,100,MinMax_con,FairnessIndex,NaN,NaN,NaN,0,1
CER_0_20_0,100,MinMax_con,Sigma,NaN,NaN,NaN,0,1
CER_0_20_0,100,MinMax_con,QuoteNulle,NaN,NaN,NaN,0,0
CER_0_20_0,100,MinMax_con,EccessoMax_EUR,NaN,NaN,NaN,0,0
CER_0_20_0,100,MinMax_con,CoalizioniInstabili,NaN,NaN,NaN,0,0
CER_0_20_0,100,MinMax_con,ForzaIncentivante,NaN,NaN,NaN,0,1
CER_0_20_0,100,MinMax_con,AllineamentoVirtu,NaN,NaN,NaN,0,1
CER_0_20_0,100,MinMax_con,ForzaIncentivante_lordo,NaN,NaN,NaN,0,1
CER_0_20_0,100,MinMax_con,AllineamentoVirtu_lordo,NaN,NaN,NaN,0,1
CER_0_20_0,100,MinMax_con,VAN_min_EUR,NaN,NaN,NaN,0,1
CER_0_20_0,100,QoS_orig,MinMax_pro,NaN,NaN,NaN,1,0
CER_0_20_0,100,QoS_orig,MinMax_con,NaN,NaN,NaN,1,0
CER_0_20_0,100,QoS_orig,QoS_orig,1,NaN,NaN,1,1
CER_0_20_0,100,QoS_orig,QoS_new,NaN,NaN,NaN,1,0
CER_0_20_0,100,QoS_orig,EI_orig,0.615385,63,15,1,1
CER_0_20_0,100,QoS_orig,EI_new,0.538462,60,18,1,1
CER_0_20_0,100,QoS_orig,Jain,0.974359,77,1,1,1
CER_0_20_0,100,QoS_orig,Gini,0.615385,63,15,1,1
CER_0_20_0,100,QoS_orig,FairnessIndex,-0.512821,19,59,1,1
CER_0_20_0,100,QoS_orig,Sigma,-0.692308,12,66,1,1
CER_0_20_0,100,QoS_orig,QuoteNulle,NaN,NaN,NaN,1,0
CER_0_20_0,100,QoS_orig,EccessoMax_EUR,NaN,NaN,NaN,1,0
CER_0_20_0,100,QoS_orig,CoalizioniInstabili,NaN,NaN,NaN,1,0
CER_0_20_0,100,QoS_orig,ForzaIncentivante,-0.692308,12,66,1,1
CER_0_20_0,100,QoS_orig,AllineamentoVirtu,-0.435897,22,56,1,1
CER_0_20_0,100,QoS_orig,ForzaIncentivante_lordo,0.74359,68,10,1,1
CER_0_20_0,100,QoS_orig,AllineamentoVirtu_lordo,0.0512821,41,37,1,1
CER_0_20_0,100,QoS_orig,VAN_min_EUR,0.307692,51,27,1,1
CER_0_20_0,100,QoS_new,MinMax_pro,NaN,NaN,NaN,0,0
CER_0_20_0,100,QoS_new,MinMax_con,NaN,NaN,NaN,0,0
CER_0_20_0,100,QoS_new,QoS_orig,NaN,NaN,NaN,0,1
CER_0_20_0,100,QoS_new,QoS_new,1,NaN,NaN,0,0
CER_0_20_0,100,QoS_new,EI_orig,NaN,NaN,NaN,0,1
CER_0_20_0,100,QoS_new,EI_new,NaN,NaN,NaN,0,1
CER_0_20_0,100,QoS_new,Jain,NaN,NaN,NaN,0,1
CER_0_20_0,100,QoS_new,Gini,NaN,NaN,NaN,0,1
CER_0_20_0,100,QoS_new,FairnessIndex,NaN,NaN,NaN,0,1
CER_0_20_0,100,QoS_new,Sigma,NaN,NaN,NaN,0,1
CER_0_20_0,100,QoS_new,QuoteNulle,NaN,NaN,NaN,0,0
CER_0_20_0,100,QoS_new,EccessoMax_EUR,NaN,NaN,NaN,0,0
CER_0_20_0,100,QoS_new,CoalizioniInstabili,NaN,NaN,NaN,0,0
CER_0_20_0,100,QoS_new,ForzaIncentivante,NaN,NaN,NaN,0,1
CER_0_20_0,100,QoS_new,AllineamentoVirtu,NaN,NaN,NaN,0,1
CER_0_20_0,100,QoS_new,ForzaIncentivante_lordo,NaN,NaN,NaN,0,1
CER_0_20_0,100,QoS_new,AllineamentoVirtu_lordo,NaN,NaN,NaN,0,1
CER_0_20_0,100,QoS_new,VAN_min_EUR,NaN,NaN,NaN,0,1
CER_0_20_0,100,EI_orig,MinMax_pro,NaN,NaN,NaN,1,0
CER_0_20_0,100,EI_orig,MinMax_con,NaN,NaN,NaN,1,0
CER_0_20_0,100,EI_orig,QoS_orig,0.615385,63,15,1,1
CER_0_20_0,100,EI_orig,QoS_new,NaN,NaN,NaN,1,0
CER_0_20_0,100,EI_orig,EI_orig,1,NaN,NaN,1,1
CER_0_20_0,100,EI_orig,EI_new,0.615385,63,15,1,1
CER_0_20_0,100,EI_orig,Jain,0.589744,62,16,1,1
CER_0_20_0,100,EI_orig,Gini,1,78,0,1,1
CER_0_20_0,100,EI_orig,FairnessIndex,-0.128205,34,44,1,1
CER_0_20_0,100,EI_orig,Sigma,-0.307692,27,51,1,1
CER_0_20_0,100,EI_orig,QuoteNulle,NaN,NaN,NaN,1,0
CER_0_20_0,100,EI_orig,EccessoMax_EUR,NaN,NaN,NaN,1,0
CER_0_20_0,100,EI_orig,CoalizioniInstabili,NaN,NaN,NaN,1,0
CER_0_20_0,100,EI_orig,ForzaIncentivante,-0.923077,3,75,1,1
CER_0_20_0,100,EI_orig,AllineamentoVirtu,-0.769231,9,69,1,1
CER_0_20_0,100,EI_orig,ForzaIncentivante_lordo,0.717949,67,11,1,1
CER_0_20_0,100,EI_orig,AllineamentoVirtu_lordo,-0.179487,32,46,1,1
CER_0_20_0,100,EI_orig,VAN_min_EUR,0.692308,66,12,1,1
CER_0_20_0,100,EI_new,MinMax_pro,NaN,NaN,NaN,1,0
CER_0_20_0,100,EI_new,MinMax_con,NaN,NaN,NaN,1,0
CER_0_20_0,100,EI_new,QoS_orig,0.538462,60,18,1,1
CER_0_20_0,100,EI_new,QoS_new,NaN,NaN,NaN,1,0
CER_0_20_0,100,EI_new,EI_orig,0.615385,63,15,1,1
CER_0_20_0,100,EI_new,EI_new,1,NaN,NaN,1,1
CER_0_20_0,100,EI_new,Jain,0.512821,59,19,1,1
CER_0_20_0,100,EI_new,Gini,0.615385,63,15,1,1
CER_0_20_0,100,EI_new,FairnessIndex,-0.102564,35,43,1,1
CER_0_20_0,100,EI_new,Sigma,-0.230769,30,48,1,1
CER_0_20_0,100,EI_new,QuoteNulle,NaN,NaN,NaN,1,0
CER_0_20_0,100,EI_new,EccessoMax_EUR,NaN,NaN,NaN,1,0
CER_0_20_0,100,EI_new,CoalizioniInstabili,NaN,NaN,NaN,1,0
CER_0_20_0,100,EI_new,ForzaIncentivante,-0.641026,14,64,1,1
CER_0_20_0,100,EI_new,AllineamentoVirtu,-0.384615,24,54,1,1
CER_0_20_0,100,EI_new,ForzaIncentivante_lordo,0.538462,60,18,1,1
CER_0_20_0,100,EI_new,AllineamentoVirtu_lordo,-0.410256,23,55,1,1
CER_0_20_0,100,EI_new,VAN_min_EUR,0.307692,51,27,1,1
CER_0_20_0,100,Jain,MinMax_pro,NaN,NaN,NaN,1,0
CER_0_20_0,100,Jain,MinMax_con,NaN,NaN,NaN,1,0
CER_0_20_0,100,Jain,QoS_orig,0.974359,77,1,1,1
CER_0_20_0,100,Jain,QoS_new,NaN,NaN,NaN,1,0
CER_0_20_0,100,Jain,EI_orig,0.589744,62,16,1,1
CER_0_20_0,100,Jain,EI_new,0.512821,59,19,1,1
CER_0_20_0,100,Jain,Jain,1,NaN,NaN,1,1
CER_0_20_0,100,Jain,Gini,0.589744,62,16,1,1
CER_0_20_0,100,Jain,FairnessIndex,-0.538462,18,60,1,1
CER_0_20_0,100,Jain,Sigma,-0.717949,11,67,1,1
CER_0_20_0,100,Jain,QuoteNulle,NaN,NaN,NaN,1,0
CER_0_20_0,100,Jain,EccessoMax_EUR,NaN,NaN,NaN,1,0
CER_0_20_0,100,Jain,CoalizioniInstabili,NaN,NaN,NaN,1,0
CER_0_20_0,100,Jain,ForzaIncentivante,-0.666667,13,65,1,1
CER_0_20_0,100,Jain,AllineamentoVirtu,-0.410256,23,55,1,1
CER_0_20_0,100,Jain,ForzaIncentivante_lordo,0.717949,67,11,1,1
CER_0_20_0,100,Jain,AllineamentoVirtu_lordo,0.0769231,42,36,1,1
CER_0_20_0,100,Jain,VAN_min_EUR,0.282051,50,28,1,1
CER_0_20_0,100,Gini,MinMax_pro,NaN,NaN,NaN,1,0
CER_0_20_0,100,Gini,MinMax_con,NaN,NaN,NaN,1,0
CER_0_20_0,100,Gini,QoS_orig,0.615385,63,15,1,1
CER_0_20_0,100,Gini,QoS_new,NaN,NaN,NaN,1,0
CER_0_20_0,100,Gini,EI_orig,1,78,0,1,1
CER_0_20_0,100,Gini,EI_new,0.615385,63,15,1,1
CER_0_20_0,100,Gini,Jain,0.589744,62,16,1,1
CER_0_20_0,100,Gini,Gini,1,NaN,NaN,1,1
CER_0_20_0,100,Gini,FairnessIndex,-0.128205,34,44,1,1
CER_0_20_0,100,Gini,Sigma,-0.307692,27,51,1,1
CER_0_20_0,100,Gini,QuoteNulle,NaN,NaN,NaN,1,0
CER_0_20_0,100,Gini,EccessoMax_EUR,NaN,NaN,NaN,1,0
CER_0_20_0,100,Gini,CoalizioniInstabili,NaN,NaN,NaN,1,0
CER_0_20_0,100,Gini,ForzaIncentivante,-0.923077,3,75,1,1
CER_0_20_0,100,Gini,AllineamentoVirtu,-0.769231,9,69,1,1
CER_0_20_0,100,Gini,ForzaIncentivante_lordo,0.717949,67,11,1,1
CER_0_20_0,100,Gini,AllineamentoVirtu_lordo,-0.179487,32,46,1,1
CER_0_20_0,100,Gini,VAN_min_EUR,0.692308,66,12,1,1
CER_0_20_0,100,FairnessIndex,MinMax_pro,NaN,NaN,NaN,1,0
CER_0_20_0,100,FairnessIndex,MinMax_con,NaN,NaN,NaN,1,0
CER_0_20_0,100,FairnessIndex,QoS_orig,-0.512821,19,59,1,1
CER_0_20_0,100,FairnessIndex,QoS_new,NaN,NaN,NaN,1,0
CER_0_20_0,100,FairnessIndex,EI_orig,-0.128205,34,44,1,1
CER_0_20_0,100,FairnessIndex,EI_new,-0.102564,35,43,1,1
CER_0_20_0,100,FairnessIndex,Jain,-0.538462,18,60,1,1
CER_0_20_0,100,FairnessIndex,Gini,-0.128205,34,44,1,1
CER_0_20_0,100,FairnessIndex,FairnessIndex,1,NaN,NaN,1,1
CER_0_20_0,100,FairnessIndex,Sigma,0.820513,71,7,1,1
CER_0_20_0,100,FairnessIndex,QuoteNulle,NaN,NaN,NaN,1,0
CER_0_20_0,100,FairnessIndex,EccessoMax_EUR,NaN,NaN,NaN,1,0
CER_0_20_0,100,FairnessIndex,CoalizioniInstabili,NaN,NaN,NaN,1,0
CER_0_20_0,100,FairnessIndex,ForzaIncentivante,0.205128,47,31,1,1
CER_0_20_0,100,FairnessIndex,AllineamentoVirtu,0.153846,45,33,1,1
CER_0_20_0,100,FairnessIndex,ForzaIncentivante_lordo,-0.358974,25,53,1,1
CER_0_20_0,100,FairnessIndex,AllineamentoVirtu_lordo,-0.179487,32,46,1,1
CER_0_20_0,100,FairnessIndex,VAN_min_EUR,0.128205,44,34,1,1
CER_0_20_0,100,Sigma,MinMax_pro,NaN,NaN,NaN,1,0
CER_0_20_0,100,Sigma,MinMax_con,NaN,NaN,NaN,1,0
CER_0_20_0,100,Sigma,QoS_orig,-0.692308,12,66,1,1
CER_0_20_0,100,Sigma,QoS_new,NaN,NaN,NaN,1,0
CER_0_20_0,100,Sigma,EI_orig,-0.307692,27,51,1,1
CER_0_20_0,100,Sigma,EI_new,-0.230769,30,48,1,1
CER_0_20_0,100,Sigma,Jain,-0.717949,11,67,1,1
CER_0_20_0,100,Sigma,Gini,-0.307692,27,51,1,1
CER_0_20_0,100,Sigma,FairnessIndex,0.820513,71,7,1,1
CER_0_20_0,100,Sigma,Sigma,1,NaN,NaN,1,1
CER_0_20_0,100,Sigma,QuoteNulle,NaN,NaN,NaN,1,0
CER_0_20_0,100,Sigma,EccessoMax_EUR,NaN,NaN,NaN,1,0
CER_0_20_0,100,Sigma,CoalizioniInstabili,NaN,NaN,NaN,1,0
CER_0_20_0,100,Sigma,ForzaIncentivante,0.384615,54,24,1,1
CER_0_20_0,100,Sigma,AllineamentoVirtu,0.333333,52,26,1,1
CER_0_20_0,100,Sigma,ForzaIncentivante_lordo,-0.435897,22,56,1,1
CER_0_20_0,100,Sigma,AllineamentoVirtu_lordo,-0.102564,35,43,1,1
CER_0_20_0,100,Sigma,VAN_min_EUR,0,39,39,1,1
CER_0_20_0,100,QuoteNulle,MinMax_pro,NaN,NaN,NaN,0,0
CER_0_20_0,100,QuoteNulle,MinMax_con,NaN,NaN,NaN,0,0
CER_0_20_0,100,QuoteNulle,QoS_orig,NaN,NaN,NaN,0,1
CER_0_20_0,100,QuoteNulle,QoS_new,NaN,NaN,NaN,0,0
CER_0_20_0,100,QuoteNulle,EI_orig,NaN,NaN,NaN,0,1
CER_0_20_0,100,QuoteNulle,EI_new,NaN,NaN,NaN,0,1
CER_0_20_0,100,QuoteNulle,Jain,NaN,NaN,NaN,0,1
CER_0_20_0,100,QuoteNulle,Gini,NaN,NaN,NaN,0,1
CER_0_20_0,100,QuoteNulle,FairnessIndex,NaN,NaN,NaN,0,1
CER_0_20_0,100,QuoteNulle,Sigma,NaN,NaN,NaN,0,1
CER_0_20_0,100,QuoteNulle,QuoteNulle,1,NaN,NaN,0,0
CER_0_20_0,100,QuoteNulle,EccessoMax_EUR,NaN,NaN,NaN,0,0
CER_0_20_0,100,QuoteNulle,CoalizioniInstabili,NaN,NaN,NaN,0,0
CER_0_20_0,100,QuoteNulle,ForzaIncentivante,NaN,NaN,NaN,0,1
CER_0_20_0,100,QuoteNulle,AllineamentoVirtu,NaN,NaN,NaN,0,1
CER_0_20_0,100,QuoteNulle,ForzaIncentivante_lordo,NaN,NaN,NaN,0,1
CER_0_20_0,100,QuoteNulle,AllineamentoVirtu_lordo,NaN,NaN,NaN,0,1
CER_0_20_0,100,QuoteNulle,VAN_min_EUR,NaN,NaN,NaN,0,1
CER_0_20_0,100,EccessoMax_EUR,MinMax_pro,NaN,NaN,NaN,0,0
CER_0_20_0,100,EccessoMax_EUR,MinMax_con,NaN,NaN,NaN,0,0
CER_0_20_0,100,EccessoMax_EUR,QoS_orig,NaN,NaN,NaN,0,1
CER_0_20_0,100,EccessoMax_EUR,QoS_new,NaN,NaN,NaN,0,0
CER_0_20_0,100,EccessoMax_EUR,EI_orig,NaN,NaN,NaN,0,1
CER_0_20_0,100,EccessoMax_EUR,EI_new,NaN,NaN,NaN,0,1
CER_0_20_0,100,EccessoMax_EUR,Jain,NaN,NaN,NaN,0,1
CER_0_20_0,100,EccessoMax_EUR,Gini,NaN,NaN,NaN,0,1
CER_0_20_0,100,EccessoMax_EUR,FairnessIndex,NaN,NaN,NaN,0,1
CER_0_20_0,100,EccessoMax_EUR,Sigma,NaN,NaN,NaN,0,1
CER_0_20_0,100,EccessoMax_EUR,QuoteNulle,NaN,NaN,NaN,0,0
CER_0_20_0,100,EccessoMax_EUR,EccessoMax_EUR,1,NaN,NaN,0,0
CER_0_20_0,100,EccessoMax_EUR,CoalizioniInstabili,NaN,NaN,NaN,0,0
CER_0_20_0,100,EccessoMax_EUR,ForzaIncentivante,NaN,NaN,NaN,0,1
CER_0_20_0,100,EccessoMax_EUR,AllineamentoVirtu,NaN,NaN,NaN,0,1
CER_0_20_0,100,EccessoMax_EUR,ForzaIncentivante_lordo,NaN,NaN,NaN,0,1
CER_0_20_0,100,EccessoMax_EUR,AllineamentoVirtu_lordo,NaN,NaN,NaN,0,1
CER_0_20_0,100,EccessoMax_EUR,VAN_min_EUR,NaN,NaN,NaN,0,1
CER_0_20_0,100,CoalizioniInstabili,MinMax_pro,NaN,NaN,NaN,0,0
CER_0_20_0,100,CoalizioniInstabili,MinMax_con,NaN,NaN,NaN,0,0
CER_0_20_0,100,CoalizioniInstabili,QoS_orig,NaN,NaN,NaN,0,1
CER_0_20_0,100,CoalizioniInstabili,QoS_new,NaN,NaN,NaN,0,0
CER_0_20_0,100,CoalizioniInstabili,EI_orig,NaN,NaN,NaN,0,1
CER_0_20_0,100,CoalizioniInstabili,EI_new,NaN,NaN,NaN,0,1
CER_0_20_0,100,CoalizioniInstabili,Jain,NaN,NaN,NaN,0,1
CER_0_20_0,100,CoalizioniInstabili,Gini,NaN,NaN,NaN,0,1
CER_0_20_0,100,CoalizioniInstabili,FairnessIndex,NaN,NaN,NaN,0,1
CER_0_20_0,100,CoalizioniInstabili,Sigma,NaN,NaN,NaN,0,1
CER_0_20_0,100,CoalizioniInstabili,QuoteNulle,NaN,NaN,NaN,0,0
CER_0_20_0,100,CoalizioniInstabili,EccessoMax_EUR,NaN,NaN,NaN,0,0
CER_0_20_0,100,CoalizioniInstabili,CoalizioniInstabili,1,NaN,NaN,0,0
CER_0_20_0,100,CoalizioniInstabili,ForzaIncentivante,NaN,NaN,NaN,0,1
CER_0_20_0,100,CoalizioniInstabili,AllineamentoVirtu,NaN,NaN,NaN,0,1
CER_0_20_0,100,CoalizioniInstabili,ForzaIncentivante_lordo,NaN,NaN,NaN,0,1
CER_0_20_0,100,CoalizioniInstabili,AllineamentoVirtu_lordo,NaN,NaN,NaN,0,1
CER_0_20_0,100,CoalizioniInstabili,VAN_min_EUR,NaN,NaN,NaN,0,1
CER_0_20_0,100,ForzaIncentivante,MinMax_pro,NaN,NaN,NaN,1,0
CER_0_20_0,100,ForzaIncentivante,MinMax_con,NaN,NaN,NaN,1,0
CER_0_20_0,100,ForzaIncentivante,QoS_orig,-0.692308,12,66,1,1
CER_0_20_0,100,ForzaIncentivante,QoS_new,NaN,NaN,NaN,1,0
CER_0_20_0,100,ForzaIncentivante,EI_orig,-0.923077,3,75,1,1
CER_0_20_0,100,ForzaIncentivante,EI_new,-0.641026,14,64,1,1
CER_0_20_0,100,ForzaIncentivante,Jain,-0.666667,13,65,1,1
CER_0_20_0,100,ForzaIncentivante,Gini,-0.923077,3,75,1,1
CER_0_20_0,100,ForzaIncentivante,FairnessIndex,0.205128,47,31,1,1
CER_0_20_0,100,ForzaIncentivante,Sigma,0.384615,54,24,1,1
CER_0_20_0,100,ForzaIncentivante,QuoteNulle,NaN,NaN,NaN,1,0
CER_0_20_0,100,ForzaIncentivante,EccessoMax_EUR,NaN,NaN,NaN,1,0
CER_0_20_0,100,ForzaIncentivante,CoalizioniInstabili,NaN,NaN,NaN,1,0
CER_0_20_0,100,ForzaIncentivante,ForzaIncentivante,1,NaN,NaN,1,1
CER_0_20_0,100,ForzaIncentivante,AllineamentoVirtu,0.74359,68,10,1,1
CER_0_20_0,100,ForzaIncentivante,ForzaIncentivante_lordo,-0.74359,10,68,1,1
CER_0_20_0,100,ForzaIncentivante,AllineamentoVirtu_lordo,0.205128,47,31,1,1
CER_0_20_0,100,ForzaIncentivante,VAN_min_EUR,-0.615385,15,63,1,1
CER_0_20_0,100,AllineamentoVirtu,MinMax_pro,NaN,NaN,NaN,1,0
CER_0_20_0,100,AllineamentoVirtu,MinMax_con,NaN,NaN,NaN,1,0
CER_0_20_0,100,AllineamentoVirtu,QoS_orig,-0.435897,22,56,1,1
CER_0_20_0,100,AllineamentoVirtu,QoS_new,NaN,NaN,NaN,1,0
CER_0_20_0,100,AllineamentoVirtu,EI_orig,-0.769231,9,69,1,1
CER_0_20_0,100,AllineamentoVirtu,EI_new,-0.384615,24,54,1,1
CER_0_20_0,100,AllineamentoVirtu,Jain,-0.410256,23,55,1,1
CER_0_20_0,100,AllineamentoVirtu,Gini,-0.769231,9,69,1,1
CER_0_20_0,100,AllineamentoVirtu,FairnessIndex,0.153846,45,33,1,1
CER_0_20_0,100,AllineamentoVirtu,Sigma,0.333333,52,26,1,1
CER_0_20_0,100,AllineamentoVirtu,QuoteNulle,NaN,NaN,NaN,1,0
CER_0_20_0,100,AllineamentoVirtu,EccessoMax_EUR,NaN,NaN,NaN,1,0
CER_0_20_0,100,AllineamentoVirtu,CoalizioniInstabili,NaN,NaN,NaN,1,0
CER_0_20_0,100,AllineamentoVirtu,ForzaIncentivante,0.74359,68,10,1,1
CER_0_20_0,100,AllineamentoVirtu,AllineamentoVirtu,1,NaN,NaN,1,1
CER_0_20_0,100,AllineamentoVirtu,ForzaIncentivante_lordo,-0.538462,18,60,1,1
CER_0_20_0,100,AllineamentoVirtu,AllineamentoVirtu_lordo,0.307692,51,27,1,1
CER_0_20_0,100,AllineamentoVirtu,VAN_min_EUR,-0.512821,19,59,1,1
CER_0_20_0,100,ForzaIncentivante_lordo,MinMax_pro,NaN,NaN,NaN,1,0
CER_0_20_0,100,ForzaIncentivante_lordo,MinMax_con,NaN,NaN,NaN,1,0
CER_0_20_0,100,ForzaIncentivante_lordo,QoS_orig,0.74359,68,10,1,1
CER_0_20_0,100,ForzaIncentivante_lordo,QoS_new,NaN,NaN,NaN,1,0
CER_0_20_0,100,ForzaIncentivante_lordo,EI_orig,0.717949,67,11,1,1
CER_0_20_0,100,ForzaIncentivante_lordo,EI_new,0.538462,60,18,1,1
CER_0_20_0,100,ForzaIncentivante_lordo,Jain,0.717949,67,11,1,1
CER_0_20_0,100,ForzaIncentivante_lordo,Gini,0.717949,67,11,1,1
CER_0_20_0,100,ForzaIncentivante_lordo,FairnessIndex,-0.358974,25,53,1,1
CER_0_20_0,100,ForzaIncentivante_lordo,Sigma,-0.435897,22,56,1,1
CER_0_20_0,100,ForzaIncentivante_lordo,QuoteNulle,NaN,NaN,NaN,1,0
CER_0_20_0,100,ForzaIncentivante_lordo,EccessoMax_EUR,NaN,NaN,NaN,1,0
CER_0_20_0,100,ForzaIncentivante_lordo,CoalizioniInstabili,NaN,NaN,NaN,1,0
CER_0_20_0,100,ForzaIncentivante_lordo,ForzaIncentivante,-0.74359,10,68,1,1
CER_0_20_0,100,ForzaIncentivante_lordo,AllineamentoVirtu,-0.538462,18,60,1,1
CER_0_20_0,100,ForzaIncentivante_lordo,ForzaIncentivante_lordo,1,NaN,NaN,1,1
CER_0_20_0,100,ForzaIncentivante_lordo,AllineamentoVirtu_lordo,0.0512821,41,37,1,1
CER_0_20_0,100,ForzaIncentivante_lordo,VAN_min_EUR,0.512821,59,19,1,1
CER_0_20_0,100,AllineamentoVirtu_lordo,MinMax_pro,NaN,NaN,NaN,1,0
CER_0_20_0,100,AllineamentoVirtu_lordo,MinMax_con,NaN,NaN,NaN,1,0
CER_0_20_0,100,AllineamentoVirtu_lordo,QoS_orig,0.0512821,41,37,1,1
CER_0_20_0,100,AllineamentoVirtu_lordo,QoS_new,NaN,NaN,NaN,1,0
CER_0_20_0,100,AllineamentoVirtu_lordo,EI_orig,-0.179487,32,46,1,1
CER_0_20_0,100,AllineamentoVirtu_lordo,EI_new,-0.410256,23,55,1,1
CER_0_20_0,100,AllineamentoVirtu_lordo,Jain,0.0769231,42,36,1,1
CER_0_20_0,100,AllineamentoVirtu_lordo,Gini,-0.179487,32,46,1,1
CER_0_20_0,100,AllineamentoVirtu_lordo,FairnessIndex,-0.179487,32,46,1,1
CER_0_20_0,100,AllineamentoVirtu_lordo,Sigma,-0.102564,35,43,1,1
CER_0_20_0,100,AllineamentoVirtu_lordo,QuoteNulle,NaN,NaN,NaN,1,0
CER_0_20_0,100,AllineamentoVirtu_lordo,EccessoMax_EUR,NaN,NaN,NaN,1,0
CER_0_20_0,100,AllineamentoVirtu_lordo,CoalizioniInstabili,NaN,NaN,NaN,1,0
CER_0_20_0,100,AllineamentoVirtu_lordo,ForzaIncentivante,0.205128,47,31,1,1
CER_0_20_0,100,AllineamentoVirtu_lordo,AllineamentoVirtu,0.307692,51,27,1,1
CER_0_20_0,100,AllineamentoVirtu_lordo,ForzaIncentivante_lordo,0.0512821,41,37,1,1
CER_0_20_0,100,AllineamentoVirtu_lordo,AllineamentoVirtu_lordo,1,NaN,NaN,1,1
CER_0_20_0,100,AllineamentoVirtu_lordo,VAN_min_EUR,0.0769231,42,36,1,1
CER_0_20_0,100,VAN_min_EUR,MinMax_pro,NaN,NaN,NaN,1,0
CER_0_20_0,100,VAN_min_EUR,MinMax_con,NaN,NaN,NaN,1,0
CER_0_20_0,100,VAN_min_EUR,QoS_orig,0.307692,51,27,1,1
CER_0_20_0,100,VAN_min_EUR,QoS_new,NaN,NaN,NaN,1,0
CER_0_20_0,100,VAN_min_EUR,EI_orig,0.692308,66,12,1,1
CER_0_20_0,100,VAN_min_EUR,EI_new,0.307692,51,27,1,1
CER_0_20_0,100,VAN_min_EUR,Jain,0.282051,50,28,1,1
CER_0_20_0,100,VAN_min_EUR,Gini,0.692308,66,12,1,1
CER_0_20_0,100,VAN_min_EUR,FairnessIndex,0.128205,44,34,1,1
CER_0_20_0,100,VAN_min_EUR,Sigma,0,39,39,1,1
CER_0_20_0,100,VAN_min_EUR,QuoteNulle,NaN,NaN,NaN,1,0
CER_0_20_0,100,VAN_min_EUR,EccessoMax_EUR,NaN,NaN,NaN,1,0
CER_0_20_0,100,VAN_min_EUR,CoalizioniInstabili,NaN,NaN,NaN,1,0
CER_0_20_0,100,VAN_min_EUR,ForzaIncentivante,-0.615385,15,63,1,1
CER_0_20_0,100,VAN_min_EUR,AllineamentoVirtu,-0.512821,19,59,1,1
CER_0_20_0,100,VAN_min_EUR,ForzaIncentivante_lordo,0.512821,59,19,1,1
CER_0_20_0,100,VAN_min_EUR,AllineamentoVirtu_lordo,0.0769231,42,36,1,1
CER_0_20_0,100,VAN_min_EUR,VAN_min_EUR,1,NaN,NaN,1,1
CER_0_25_0,100,MinMax_pro,MinMax_pro,1,NaN,NaN,0,0
CER_0_25_0,100,MinMax_pro,MinMax_con,NaN,NaN,NaN,0,0
CER_0_25_0,100,MinMax_pro,QoS_orig,NaN,NaN,NaN,0,1
CER_0_25_0,100,MinMax_pro,QoS_new,NaN,NaN,NaN,0,0
CER_0_25_0,100,MinMax_pro,EI_orig,NaN,NaN,NaN,0,1
CER_0_25_0,100,MinMax_pro,EI_new,NaN,NaN,NaN,0,1
CER_0_25_0,100,MinMax_pro,Jain,NaN,NaN,NaN,0,1
CER_0_25_0,100,MinMax_pro,Gini,NaN,NaN,NaN,0,1
CER_0_25_0,100,MinMax_pro,FairnessIndex,NaN,NaN,NaN,0,1
CER_0_25_0,100,MinMax_pro,Sigma,NaN,NaN,NaN,0,1
CER_0_25_0,100,MinMax_pro,QuoteNulle,NaN,NaN,NaN,0,0
CER_0_25_0,100,MinMax_pro,EccessoMax_EUR,NaN,NaN,NaN,0,0
CER_0_25_0,100,MinMax_pro,CoalizioniInstabili,NaN,NaN,NaN,0,0
CER_0_25_0,100,MinMax_pro,ForzaIncentivante,NaN,NaN,NaN,0,1
CER_0_25_0,100,MinMax_pro,AllineamentoVirtu,NaN,NaN,NaN,0,1
CER_0_25_0,100,MinMax_pro,ForzaIncentivante_lordo,NaN,NaN,NaN,0,1
CER_0_25_0,100,MinMax_pro,AllineamentoVirtu_lordo,NaN,NaN,NaN,0,1
CER_0_25_0,100,MinMax_pro,VAN_min_EUR,NaN,NaN,NaN,0,1
CER_0_25_0,100,MinMax_con,MinMax_pro,NaN,NaN,NaN,0,0
CER_0_25_0,100,MinMax_con,MinMax_con,1,NaN,NaN,0,0
CER_0_25_0,100,MinMax_con,QoS_orig,NaN,NaN,NaN,0,1
CER_0_25_0,100,MinMax_con,QoS_new,NaN,NaN,NaN,0,0
CER_0_25_0,100,MinMax_con,EI_orig,NaN,NaN,NaN,0,1
CER_0_25_0,100,MinMax_con,EI_new,NaN,NaN,NaN,0,1
CER_0_25_0,100,MinMax_con,Jain,NaN,NaN,NaN,0,1
CER_0_25_0,100,MinMax_con,Gini,NaN,NaN,NaN,0,1
CER_0_25_0,100,MinMax_con,FairnessIndex,NaN,NaN,NaN,0,1
CER_0_25_0,100,MinMax_con,Sigma,NaN,NaN,NaN,0,1
CER_0_25_0,100,MinMax_con,QuoteNulle,NaN,NaN,NaN,0,0
CER_0_25_0,100,MinMax_con,EccessoMax_EUR,NaN,NaN,NaN,0,0
CER_0_25_0,100,MinMax_con,CoalizioniInstabili,NaN,NaN,NaN,0,0
CER_0_25_0,100,MinMax_con,ForzaIncentivante,NaN,NaN,NaN,0,1
CER_0_25_0,100,MinMax_con,AllineamentoVirtu,NaN,NaN,NaN,0,1
CER_0_25_0,100,MinMax_con,ForzaIncentivante_lordo,NaN,NaN,NaN,0,1
CER_0_25_0,100,MinMax_con,AllineamentoVirtu_lordo,NaN,NaN,NaN,0,1
CER_0_25_0,100,MinMax_con,VAN_min_EUR,NaN,NaN,NaN,0,1
CER_0_25_0,100,QoS_orig,MinMax_pro,NaN,NaN,NaN,1,0
CER_0_25_0,100,QoS_orig,MinMax_con,NaN,NaN,NaN,1,0
CER_0_25_0,100,QoS_orig,QoS_orig,1,NaN,NaN,1,1
CER_0_25_0,100,QoS_orig,QoS_new,NaN,NaN,NaN,1,0
CER_0_25_0,100,QoS_orig,EI_orig,0.769231,69,9,1,1
CER_0_25_0,100,QoS_orig,EI_new,0.615385,63,15,1,1
CER_0_25_0,100,QoS_orig,Jain,0.948718,76,2,1,1
CER_0_25_0,100,QoS_orig,Gini,0.769231,69,9,1,1
CER_0_25_0,100,QoS_orig,FairnessIndex,-0.564103,17,61,1,1
CER_0_25_0,100,QoS_orig,Sigma,-0.589744,16,62,1,1
CER_0_25_0,100,QoS_orig,QuoteNulle,NaN,NaN,NaN,1,0
CER_0_25_0,100,QoS_orig,EccessoMax_EUR,NaN,NaN,NaN,1,0
CER_0_25_0,100,QoS_orig,CoalizioniInstabili,NaN,NaN,NaN,1,0
CER_0_25_0,100,QoS_orig,ForzaIncentivante,-0.794872,8,70,1,1
CER_0_25_0,100,QoS_orig,AllineamentoVirtu,-0.487179,20,58,1,1
CER_0_25_0,100,QoS_orig,ForzaIncentivante_lordo,-0.307692,27,51,1,1
CER_0_25_0,100,QoS_orig,AllineamentoVirtu_lordo,-0.333333,26,52,1,1
CER_0_25_0,100,QoS_orig,VAN_min_EUR,0.461538,57,21,1,1
CER_0_25_0,100,QoS_new,MinMax_pro,NaN,NaN,NaN,0,0
CER_0_25_0,100,QoS_new,MinMax_con,NaN,NaN,NaN,0,0
CER_0_25_0,100,QoS_new,QoS_orig,NaN,NaN,NaN,0,1
CER_0_25_0,100,QoS_new,QoS_new,1,NaN,NaN,0,0
CER_0_25_0,100,QoS_new,EI_orig,NaN,NaN,NaN,0,1
CER_0_25_0,100,QoS_new,EI_new,NaN,NaN,NaN,0,1
CER_0_25_0,100,QoS_new,Jain,NaN,NaN,NaN,0,1
CER_0_25_0,100,QoS_new,Gini,NaN,NaN,NaN,0,1
CER_0_25_0,100,QoS_new,FairnessIndex,NaN,NaN,NaN,0,1
CER_0_25_0,100,QoS_new,Sigma,NaN,NaN,NaN,0,1
CER_0_25_0,100,QoS_new,QuoteNulle,NaN,NaN,NaN,0,0
CER_0_25_0,100,QoS_new,EccessoMax_EUR,NaN,NaN,NaN,0,0
CER_0_25_0,100,QoS_new,CoalizioniInstabili,NaN,NaN,NaN,0,0
CER_0_25_0,100,QoS_new,ForzaIncentivante,NaN,NaN,NaN,0,1
CER_0_25_0,100,QoS_new,AllineamentoVirtu,NaN,NaN,NaN,0,1
CER_0_25_0,100,QoS_new,ForzaIncentivante_lordo,NaN,NaN,NaN,0,1
CER_0_25_0,100,QoS_new,AllineamentoVirtu_lordo,NaN,NaN,NaN,0,1
CER_0_25_0,100,QoS_new,VAN_min_EUR,NaN,NaN,NaN,0,1
CER_0_25_0,100,EI_orig,MinMax_pro,NaN,NaN,NaN,1,0
CER_0_25_0,100,EI_orig,MinMax_con,NaN,NaN,NaN,1,0
CER_0_25_0,100,EI_orig,QoS_orig,0.769231,69,9,1,1
CER_0_25_0,100,EI_orig,QoS_new,NaN,NaN,NaN,1,0
CER_0_25_0,100,EI_orig,EI_orig,1,NaN,NaN,1,1
CER_0_25_0,100,EI_orig,EI_new,0.74359,68,10,1,1
CER_0_25_0,100,EI_orig,Jain,0.717949,67,11,1,1
CER_0_25_0,100,EI_orig,Gini,1,78,0,1,1
CER_0_25_0,100,EI_orig,FairnessIndex,-0.333333,26,52,1,1
CER_0_25_0,100,EI_orig,Sigma,-0.358974,25,53,1,1
CER_0_25_0,100,EI_orig,QuoteNulle,NaN,NaN,NaN,1,0
CER_0_25_0,100,EI_orig,EccessoMax_EUR,NaN,NaN,NaN,1,0
CER_0_25_0,100,EI_orig,CoalizioniInstabili,NaN,NaN,NaN,1,0
CER_0_25_0,100,EI_orig,ForzaIncentivante,-0.923077,3,75,1,1
CER_0_25_0,100,EI_orig,AllineamentoVirtu,-0.666667,13,65,1,1
CER_0_25_0,100,EI_orig,ForzaIncentivante_lordo,-0.538462,18,60,1,1
CER_0_25_0,100,EI_orig,AllineamentoVirtu_lordo,-0.564103,17,61,1,1
CER_0_25_0,100,EI_orig,VAN_min_EUR,0.641026,64,14,1,1
CER_0_25_0,100,EI_new,MinMax_pro,NaN,NaN,NaN,1,0
CER_0_25_0,100,EI_new,MinMax_con,NaN,NaN,NaN,1,0
CER_0_25_0,100,EI_new,QoS_orig,0.615385,63,15,1,1
CER_0_25_0,100,EI_new,QoS_new,NaN,NaN,NaN,1,0
CER_0_25_0,100,EI_new,EI_orig,0.74359,68,10,1,1
CER_0_25_0,100,EI_new,EI_new,1,NaN,NaN,1,1
CER_0_25_0,100,EI_new,Jain,0.564103,61,17,1,1
CER_0_25_0,100,EI_new,Gini,0.74359,68,10,1,1
CER_0_25_0,100,EI_new,FairnessIndex,-0.230769,30,48,1,1
CER_0_25_0,100,EI_new,Sigma,-0.205128,31,47,1,1
CER_0_25_0,100,EI_new,QuoteNulle,NaN,NaN,NaN,1,0
CER_0_25_0,100,EI_new,EccessoMax_EUR,NaN,NaN,NaN,1,0
CER_0_25_0,100,EI_new,CoalizioniInstabili,NaN,NaN,NaN,1,0
CER_0_25_0,100,EI_new,ForzaIncentivante,-0.769231,9,69,1,1
CER_0_25_0,100,EI_new,AllineamentoVirtu,-0.615385,15,63,1,1
CER_0_25_0,100,EI_new,ForzaIncentivante_lordo,-0.487179,20,58,1,1
CER_0_25_0,100,EI_new,AllineamentoVirtu_lordo,-0.512821,19,59,1,1
CER_0_25_0,100,EI_new,VAN_min_EUR,0.384615,54,24,1,1
CER_0_25_0,100,Jain,MinMax_pro,NaN,NaN,NaN,1,0
CER_0_25_0,100,Jain,MinMax_con,NaN,NaN,NaN,1,0
CER_0_25_0,100,Jain,QoS_orig,0.948718,76,2,1,1
CER_0_25_0,100,Jain,QoS_new,NaN,NaN,NaN,1,0
CER_0_25_0,100,Jain,EI_orig,0.717949,67,11,1,1
CER_0_25_0,100,Jain,EI_new,0.564103,61,17,1,1
CER_0_25_0,100,Jain,Jain,1,NaN,NaN,1,1
CER_0_25_0,100,Jain,Gini,0.717949,67,11,1,1
CER_0_25_0,100,Jain,FairnessIndex,-0.615385,15,63,1,1
CER_0_25_0,100,Jain,Sigma,-0.641026,14,64,1,1
CER_0_25_0,100,Jain,QuoteNulle,NaN,NaN,NaN,1,0
CER_0_25_0,100,Jain,EccessoMax_EUR,NaN,NaN,NaN,1,0
CER_0_25_0,100,Jain,CoalizioniInstabili,NaN,NaN,NaN,1,0
CER_0_25_0,100,Jain,ForzaIncentivante,-0.74359,10,68,1,1
CER_0_25_0,100,Jain,AllineamentoVirtu,-0.435897,22,56,1,1
CER_0_25_0,100,Jain,ForzaIncentivante_lordo,-0.25641,29,49,1,1
CER_0_25_0,100,Jain,AllineamentoVirtu_lordo,-0.282051,28,50,1,1
CER_0_25_0,100,Jain,VAN_min_EUR,0.410256,55,23,1,1
CER_0_25_0,100,Gini,MinMax_pro,NaN,NaN,NaN,1,0
CER_0_25_0,100,Gini,MinMax_con,NaN,NaN,NaN,1,0
CER_0_25_0,100,Gini,QoS_orig,0.769231,69,9,1,1
CER_0_25_0,100,Gini,QoS_new,NaN,NaN,NaN,1,0
CER_0_25_0,100,Gini,EI_orig,1,78,0,1,1
CER_0_25_0,100,Gini,EI_new,0.74359,68,10,1,1
CER_0_25_0,100,Gini,Jain,0.717949,67,11,1,1
CER_0_25_0,100,Gini,Gini,1,NaN,NaN,1,1
CER_0_25_0,100,Gini,FairnessIndex,-0.333333,26,52,1,1
CER_0_25_0,100,Gini,Sigma,-0.358974,25,53,1,1
CER_0_25_0,100,Gini,QuoteNulle,NaN,NaN,NaN,1,0
CER_0_25_0,100,Gini,EccessoMax_EUR,NaN,NaN,NaN,1,0
CER_0_25_0,100,Gini,CoalizioniInstabili,NaN,NaN,NaN,1,0
CER_0_25_0,100,Gini,ForzaIncentivante,-0.923077,3,75,1,1
CER_0_25_0,100,Gini,AllineamentoVirtu,-0.666667,13,65,1,1
CER_0_25_0,100,Gini,ForzaIncentivante_lordo,-0.538462,18,60,1,1
CER_0_25_0,100,Gini,AllineamentoVirtu_lordo,-0.564103,17,61,1,1
CER_0_25_0,100,Gini,VAN_min_EUR,0.641026,64,14,1,1
CER_0_25_0,100,FairnessIndex,MinMax_pro,NaN,NaN,NaN,1,0
CER_0_25_0,100,FairnessIndex,MinMax_con,NaN,NaN,NaN,1,0
CER_0_25_0,100,FairnessIndex,QoS_orig,-0.564103,17,61,1,1
CER_0_25_0,100,FairnessIndex,QoS_new,NaN,NaN,NaN,1,0
CER_0_25_0,100,FairnessIndex,EI_orig,-0.333333,26,52,1,1
CER_0_25_0,100,FairnessIndex,EI_new,-0.230769,30,48,1,1
CER_0_25_0,100,FairnessIndex,Jain,-0.615385,15,63,1,1
CER_0_25_0,100,FairnessIndex,Gini,-0.333333,26,52,1,1
CER_0_25_0,100,FairnessIndex,FairnessIndex,1,NaN,NaN,1,1
CER_0_25_0,100,FairnessIndex,Sigma,0.974359,77,1,1,1
CER_0_25_0,100,FairnessIndex,QuoteNulle,NaN,NaN,NaN,1,0
CER_0_25_0,100,FairnessIndex,EccessoMax_EUR,NaN,NaN,NaN,1,0
CER_0_25_0,100,FairnessIndex,CoalizioniInstabili,NaN,NaN,NaN,1,0
CER_0_25_0,100,FairnessIndex,ForzaIncentivante,0.410256,55,23,1,1
CER_0_25_0,100,FairnessIndex,AllineamentoVirtu,0.25641,49,29,1,1
CER_0_25_0,100,FairnessIndex,ForzaIncentivante_lordo,0.128205,44,34,1,1
CER_0_25_0,100,FairnessIndex,AllineamentoVirtu_lordo,0.102564,43,35,1,1
CER_0_25_0,100,FairnessIndex,VAN_min_EUR,-0.025641,38,40,1,1
CER_0_25_0,100,Sigma,MinMax_pro,NaN,NaN,NaN,1,0
CER_0_25_0,100,Sigma,MinMax_con,NaN,NaN,NaN,1,0
CER_0_25_0,100,Sigma,QoS_orig,-0.589744,16,62,1,1
CER_0_25_0,100,Sigma,QoS_new,NaN,NaN,NaN,1,0
CER_0_25_0,100,Sigma,EI_orig,-0.358974,25,53,1,1
CER_0_25_0,100,Sigma,EI_new,-0.205128,31,47,1,1
CER_0_25_0,100,Sigma,Jain,-0.641026,14,64,1,1
CER_0_25_0,100,Sigma,Gini,-0.358974,25,53,1,1
CER_0_25_0,100,Sigma,FairnessIndex,0.974359,77,1,1,1
CER_0_25_0,100,Sigma,Sigma,1,NaN,NaN,1,1
CER_0_25_0,100,Sigma,QuoteNulle,NaN,NaN,NaN,1,0
CER_0_25_0,100,Sigma,EccessoMax_EUR,NaN,NaN,NaN,1,0
CER_0_25_0,100,Sigma,CoalizioniInstabili,NaN,NaN,NaN,1,0
CER_0_25_0,100,Sigma,ForzaIncentivante,0.384615,54,24,1,1
CER_0_25_0,100,Sigma,AllineamentoVirtu,0.230769,48,30,1,1
CER_0_25_0,100,Sigma,ForzaIncentivante_lordo,0.102564,43,35,1,1
CER_0_25_0,100,Sigma,AllineamentoVirtu_lordo,0.0769231,42,36,1,1
CER_0_25_0,100,Sigma,VAN_min_EUR,-0.0512821,37,41,1,1
CER_0_25_0,100,QuoteNulle,MinMax_pro,NaN,NaN,NaN,0,0
CER_0_25_0,100,QuoteNulle,MinMax_con,NaN,NaN,NaN,0,0
CER_0_25_0,100,QuoteNulle,QoS_orig,NaN,NaN,NaN,0,1
CER_0_25_0,100,QuoteNulle,QoS_new,NaN,NaN,NaN,0,0
CER_0_25_0,100,QuoteNulle,EI_orig,NaN,NaN,NaN,0,1
CER_0_25_0,100,QuoteNulle,EI_new,NaN,NaN,NaN,0,1
CER_0_25_0,100,QuoteNulle,Jain,NaN,NaN,NaN,0,1
CER_0_25_0,100,QuoteNulle,Gini,NaN,NaN,NaN,0,1
CER_0_25_0,100,QuoteNulle,FairnessIndex,NaN,NaN,NaN,0,1
CER_0_25_0,100,QuoteNulle,Sigma,NaN,NaN,NaN,0,1
CER_0_25_0,100,QuoteNulle,QuoteNulle,1,NaN,NaN,0,0
CER_0_25_0,100,QuoteNulle,EccessoMax_EUR,NaN,NaN,NaN,0,0
CER_0_25_0,100,QuoteNulle,CoalizioniInstabili,NaN,NaN,NaN,0,0
CER_0_25_0,100,QuoteNulle,ForzaIncentivante,NaN,NaN,NaN,0,1
CER_0_25_0,100,QuoteNulle,AllineamentoVirtu,NaN,NaN,NaN,0,1
CER_0_25_0,100,QuoteNulle,ForzaIncentivante_lordo,NaN,NaN,NaN,0,1
CER_0_25_0,100,QuoteNulle,AllineamentoVirtu_lordo,NaN,NaN,NaN,0,1
CER_0_25_0,100,QuoteNulle,VAN_min_EUR,NaN,NaN,NaN,0,1
CER_0_25_0,100,EccessoMax_EUR,MinMax_pro,NaN,NaN,NaN,0,0
CER_0_25_0,100,EccessoMax_EUR,MinMax_con,NaN,NaN,NaN,0,0
CER_0_25_0,100,EccessoMax_EUR,QoS_orig,NaN,NaN,NaN,0,1
CER_0_25_0,100,EccessoMax_EUR,QoS_new,NaN,NaN,NaN,0,0
CER_0_25_0,100,EccessoMax_EUR,EI_orig,NaN,NaN,NaN,0,1
CER_0_25_0,100,EccessoMax_EUR,EI_new,NaN,NaN,NaN,0,1
CER_0_25_0,100,EccessoMax_EUR,Jain,NaN,NaN,NaN,0,1
CER_0_25_0,100,EccessoMax_EUR,Gini,NaN,NaN,NaN,0,1
CER_0_25_0,100,EccessoMax_EUR,FairnessIndex,NaN,NaN,NaN,0,1
CER_0_25_0,100,EccessoMax_EUR,Sigma,NaN,NaN,NaN,0,1
CER_0_25_0,100,EccessoMax_EUR,QuoteNulle,NaN,NaN,NaN,0,0
CER_0_25_0,100,EccessoMax_EUR,EccessoMax_EUR,1,NaN,NaN,0,0
CER_0_25_0,100,EccessoMax_EUR,CoalizioniInstabili,NaN,NaN,NaN,0,0
CER_0_25_0,100,EccessoMax_EUR,ForzaIncentivante,NaN,NaN,NaN,0,1
CER_0_25_0,100,EccessoMax_EUR,AllineamentoVirtu,NaN,NaN,NaN,0,1
CER_0_25_0,100,EccessoMax_EUR,ForzaIncentivante_lordo,NaN,NaN,NaN,0,1
CER_0_25_0,100,EccessoMax_EUR,AllineamentoVirtu_lordo,NaN,NaN,NaN,0,1
CER_0_25_0,100,EccessoMax_EUR,VAN_min_EUR,NaN,NaN,NaN,0,1
CER_0_25_0,100,CoalizioniInstabili,MinMax_pro,NaN,NaN,NaN,0,0
CER_0_25_0,100,CoalizioniInstabili,MinMax_con,NaN,NaN,NaN,0,0
CER_0_25_0,100,CoalizioniInstabili,QoS_orig,NaN,NaN,NaN,0,1
CER_0_25_0,100,CoalizioniInstabili,QoS_new,NaN,NaN,NaN,0,0
CER_0_25_0,100,CoalizioniInstabili,EI_orig,NaN,NaN,NaN,0,1
CER_0_25_0,100,CoalizioniInstabili,EI_new,NaN,NaN,NaN,0,1
CER_0_25_0,100,CoalizioniInstabili,Jain,NaN,NaN,NaN,0,1
CER_0_25_0,100,CoalizioniInstabili,Gini,NaN,NaN,NaN,0,1
CER_0_25_0,100,CoalizioniInstabili,FairnessIndex,NaN,NaN,NaN,0,1
CER_0_25_0,100,CoalizioniInstabili,Sigma,NaN,NaN,NaN,0,1
CER_0_25_0,100,CoalizioniInstabili,QuoteNulle,NaN,NaN,NaN,0,0
CER_0_25_0,100,CoalizioniInstabili,EccessoMax_EUR,NaN,NaN,NaN,0,0
CER_0_25_0,100,CoalizioniInstabili,CoalizioniInstabili,1,NaN,NaN,0,0
CER_0_25_0,100,CoalizioniInstabili,ForzaIncentivante,NaN,NaN,NaN,0,1
CER_0_25_0,100,CoalizioniInstabili,AllineamentoVirtu,NaN,NaN,NaN,0,1
CER_0_25_0,100,CoalizioniInstabili,ForzaIncentivante_lordo,NaN,NaN,NaN,0,1
CER_0_25_0,100,CoalizioniInstabili,AllineamentoVirtu_lordo,NaN,NaN,NaN,0,1
CER_0_25_0,100,CoalizioniInstabili,VAN_min_EUR,NaN,NaN,NaN,0,1
CER_0_25_0,100,ForzaIncentivante,MinMax_pro,NaN,NaN,NaN,1,0
CER_0_25_0,100,ForzaIncentivante,MinMax_con,NaN,NaN,NaN,1,0
CER_0_25_0,100,ForzaIncentivante,QoS_orig,-0.794872,8,70,1,1
CER_0_25_0,100,ForzaIncentivante,QoS_new,NaN,NaN,NaN,1,0
CER_0_25_0,100,ForzaIncentivante,EI_orig,-0.923077,3,75,1,1
CER_0_25_0,100,ForzaIncentivante,EI_new,-0.769231,9,69,1,1
CER_0_25_0,100,ForzaIncentivante,Jain,-0.74359,10,68,1,1
CER_0_25_0,100,ForzaIncentivante,Gini,-0.923077,3,75,1,1
CER_0_25_0,100,ForzaIncentivante,FairnessIndex,0.410256,55,23,1,1
CER_0_25_0,100,ForzaIncentivante,Sigma,0.384615,54,24,1,1
CER_0_25_0,100,ForzaIncentivante,QuoteNulle,NaN,NaN,NaN,1,0
CER_0_25_0,100,ForzaIncentivante,EccessoMax_EUR,NaN,NaN,NaN,1,0
CER_0_25_0,100,ForzaIncentivante,CoalizioniInstabili,NaN,NaN,NaN,1,0
CER_0_25_0,100,ForzaIncentivante,ForzaIncentivante,1,NaN,NaN,1,1
CER_0_25_0,100,ForzaIncentivante,AllineamentoVirtu,0.692308,66,12,1,1
CER_0_25_0,100,ForzaIncentivante,ForzaIncentivante_lordo,0.512821,59,19,1,1
CER_0_25_0,100,ForzaIncentivante,AllineamentoVirtu_lordo,0.538462,60,18,1,1
CER_0_25_0,100,ForzaIncentivante,VAN_min_EUR,-0.564103,17,61,1,1
CER_0_25_0,100,AllineamentoVirtu,MinMax_pro,NaN,NaN,NaN,1,0
CER_0_25_0,100,AllineamentoVirtu,MinMax_con,NaN,NaN,NaN,1,0
CER_0_25_0,100,AllineamentoVirtu,QoS_orig,-0.487179,20,58,1,1
CER_0_25_0,100,AllineamentoVirtu,QoS_new,NaN,NaN,NaN,1,0
CER_0_25_0,100,AllineamentoVirtu,EI_orig,-0.666667,13,65,1,1
CER_0_25_0,100,AllineamentoVirtu,EI_new,-0.615385,15,63,1,1
CER_0_25_0,100,AllineamentoVirtu,Jain,-0.435897,22,56,1,1
CER_0_25_0,100,AllineamentoVirtu,Gini,-0.666667,13,65,1,1
CER_0_25_0,100,AllineamentoVirtu,FairnessIndex,0.25641,49,29,1,1
CER_0_25_0,100,AllineamentoVirtu,Sigma,0.230769,48,30,1,1
CER_0_25_0,100,AllineamentoVirtu,QuoteNulle,NaN,NaN,NaN,1,0
CER_0_25_0,100,AllineamentoVirtu,EccessoMax_EUR,NaN,NaN,NaN,1,0
CER_0_25_0,100,AllineamentoVirtu,CoalizioniInstabili,NaN,NaN,NaN,1,0
CER_0_25_0,100,AllineamentoVirtu,ForzaIncentivante,0.692308,66,12,1,1
CER_0_25_0,100,AllineamentoVirtu,AllineamentoVirtu,1,NaN,NaN,1,1
CER_0_25_0,100,AllineamentoVirtu,ForzaIncentivante_lordo,0.717949,67,11,1,1
CER_0_25_0,100,AllineamentoVirtu,AllineamentoVirtu_lordo,0.74359,68,10,1,1
CER_0_25_0,100,AllineamentoVirtu,VAN_min_EUR,-0.410256,23,55,1,1
CER_0_25_0,100,ForzaIncentivante_lordo,MinMax_pro,NaN,NaN,NaN,1,0
CER_0_25_0,100,ForzaIncentivante_lordo,MinMax_con,NaN,NaN,NaN,1,0
CER_0_25_0,100,ForzaIncentivante_lordo,QoS_orig,-0.307692,27,51,1,1
CER_0_25_0,100,ForzaIncentivante_lordo,QoS_new,NaN,NaN,NaN,1,0
CER_0_25_0,100,ForzaIncentivante_lordo,EI_orig,-0.538462,18,60,1,1
CER_0_25_0,100,ForzaIncentivante_lordo,EI_new,-0.487179,20,58,1,1
CER_0_25_0,100,ForzaIncentivante_lordo,Jain,-0.25641,29,49,1,1
CER_0_25_0,100,ForzaIncentivante_lordo,Gini,-0.538462,18,60,1,1
CER_0_25_0,100,ForzaIncentivante_lordo,FairnessIndex,0.128205,44,34,1,1
CER_0_25_0,100,ForzaIncentivante_lordo,Sigma,0.102564,43,35,1,1
CER_0_25_0,100,ForzaIncentivante_lordo,QuoteNulle,NaN,NaN,NaN,1,0
CER_0_25_0,100,ForzaIncentivante_lordo,EccessoMax_EUR,NaN,NaN,NaN,1,0
CER_0_25_0,100,ForzaIncentivante_lordo,CoalizioniInstabili,NaN,NaN,NaN,1,0
CER_0_25_0,100,ForzaIncentivante_lordo,ForzaIncentivante,0.512821,59,19,1,1
CER_0_25_0,100,ForzaIncentivante_lordo,AllineamentoVirtu,0.717949,67,11,1,1
CER_0_25_0,100,ForzaIncentivante_lordo,ForzaIncentivante_lordo,1,NaN,NaN,1,1
CER_0_25_0,100,ForzaIncentivante_lordo,AllineamentoVirtu_lordo,0.974359,77,1,1,1
CER_0_25_0,100,ForzaIncentivante_lordo,VAN_min_EUR,-0.333333,26,52,1,1
CER_0_25_0,100,AllineamentoVirtu_lordo,MinMax_pro,NaN,NaN,NaN,1,0
CER_0_25_0,100,AllineamentoVirtu_lordo,MinMax_con,NaN,NaN,NaN,1,0
CER_0_25_0,100,AllineamentoVirtu_lordo,QoS_orig,-0.333333,26,52,1,1
CER_0_25_0,100,AllineamentoVirtu_lordo,QoS_new,NaN,NaN,NaN,1,0
CER_0_25_0,100,AllineamentoVirtu_lordo,EI_orig,-0.564103,17,61,1,1
CER_0_25_0,100,AllineamentoVirtu_lordo,EI_new,-0.512821,19,59,1,1
CER_0_25_0,100,AllineamentoVirtu_lordo,Jain,-0.282051,28,50,1,1
CER_0_25_0,100,AllineamentoVirtu_lordo,Gini,-0.564103,17,61,1,1
CER_0_25_0,100,AllineamentoVirtu_lordo,FairnessIndex,0.102564,43,35,1,1
CER_0_25_0,100,AllineamentoVirtu_lordo,Sigma,0.0769231,42,36,1,1
CER_0_25_0,100,AllineamentoVirtu_lordo,QuoteNulle,NaN,NaN,NaN,1,0
CER_0_25_0,100,AllineamentoVirtu_lordo,EccessoMax_EUR,NaN,NaN,NaN,1,0
CER_0_25_0,100,AllineamentoVirtu_lordo,CoalizioniInstabili,NaN,NaN,NaN,1,0
CER_0_25_0,100,AllineamentoVirtu_lordo,ForzaIncentivante,0.538462,60,18,1,1
CER_0_25_0,100,AllineamentoVirtu_lordo,AllineamentoVirtu,0.74359,68,10,1,1
CER_0_25_0,100,AllineamentoVirtu_lordo,ForzaIncentivante_lordo,0.974359,77,1,1,1
CER_0_25_0,100,AllineamentoVirtu_lordo,AllineamentoVirtu_lordo,1,NaN,NaN,1,1
CER_0_25_0,100,AllineamentoVirtu_lordo,VAN_min_EUR,-0.358974,25,53,1,1
CER_0_25_0,100,VAN_min_EUR,MinMax_pro,NaN,NaN,NaN,1,0
CER_0_25_0,100,VAN_min_EUR,MinMax_con,NaN,NaN,NaN,1,0
CER_0_25_0,100,VAN_min_EUR,QoS_orig,0.461538,57,21,1,1
CER_0_25_0,100,VAN_min_EUR,QoS_new,NaN,NaN,NaN,1,0
CER_0_25_0,100,VAN_min_EUR,EI_orig,0.641026,64,14,1,1
CER_0_25_0,100,VAN_min_EUR,EI_new,0.384615,54,24,1,1
CER_0_25_0,100,VAN_min_EUR,Jain,0.410256,55,23,1,1
CER_0_25_0,100,VAN_min_EUR,Gini,0.641026,64,14,1,1
CER_0_25_0,100,VAN_min_EUR,FairnessIndex,-0.025641,38,40,1,1
CER_0_25_0,100,VAN_min_EUR,Sigma,-0.0512821,37,41,1,1
CER_0_25_0,100,VAN_min_EUR,QuoteNulle,NaN,NaN,NaN,1,0
CER_0_25_0,100,VAN_min_EUR,EccessoMax_EUR,NaN,NaN,NaN,1,0
CER_0_25_0,100,VAN_min_EUR,CoalizioniInstabili,NaN,NaN,NaN,1,0
CER_0_25_0,100,VAN_min_EUR,ForzaIncentivante,-0.564103,17,61,1,1
CER_0_25_0,100,VAN_min_EUR,AllineamentoVirtu,-0.410256,23,55,1,1
CER_0_25_0,100,VAN_min_EUR,ForzaIncentivante_lordo,-0.333333,26,52,1,1
CER_0_25_0,100,VAN_min_EUR,AllineamentoVirtu_lordo,-0.358974,25,53,1,1
CER_0_25_0,100,VAN_min_EUR,VAN_min_EUR,1,NaN,NaN,1,1
CER_0_5_0,100,MinMax_pro,MinMax_pro,1,NaN,NaN,0,0
CER_0_5_0,100,MinMax_pro,MinMax_con,NaN,NaN,NaN,0,0
CER_0_5_0,100,MinMax_pro,QoS_orig,NaN,NaN,NaN,0,1
CER_0_5_0,100,MinMax_pro,QoS_new,NaN,NaN,NaN,0,0
CER_0_5_0,100,MinMax_pro,EI_orig,NaN,NaN,NaN,0,1
CER_0_5_0,100,MinMax_pro,EI_new,NaN,NaN,NaN,0,1
CER_0_5_0,100,MinMax_pro,Jain,NaN,NaN,NaN,0,1
CER_0_5_0,100,MinMax_pro,Gini,NaN,NaN,NaN,0,1
CER_0_5_0,100,MinMax_pro,FairnessIndex,NaN,NaN,NaN,0,1
CER_0_5_0,100,MinMax_pro,Sigma,NaN,NaN,NaN,0,1
CER_0_5_0,100,MinMax_pro,QuoteNulle,NaN,NaN,NaN,0,0
CER_0_5_0,100,MinMax_pro,EccessoMax_EUR,NaN,NaN,NaN,0,1
CER_0_5_0,100,MinMax_pro,CoalizioniInstabili,NaN,NaN,NaN,0,1
CER_0_5_0,100,MinMax_pro,ForzaIncentivante,NaN,NaN,NaN,0,1
CER_0_5_0,100,MinMax_pro,AllineamentoVirtu,NaN,NaN,NaN,0,1
CER_0_5_0,100,MinMax_pro,ForzaIncentivante_lordo,NaN,NaN,NaN,0,1
CER_0_5_0,100,MinMax_pro,AllineamentoVirtu_lordo,NaN,NaN,NaN,0,1
CER_0_5_0,100,MinMax_pro,VAN_min_EUR,NaN,NaN,NaN,0,1
CER_0_5_0,100,MinMax_con,MinMax_pro,NaN,NaN,NaN,0,0
CER_0_5_0,100,MinMax_con,MinMax_con,1,NaN,NaN,0,0
CER_0_5_0,100,MinMax_con,QoS_orig,NaN,NaN,NaN,0,1
CER_0_5_0,100,MinMax_con,QoS_new,NaN,NaN,NaN,0,0
CER_0_5_0,100,MinMax_con,EI_orig,NaN,NaN,NaN,0,1
CER_0_5_0,100,MinMax_con,EI_new,NaN,NaN,NaN,0,1
CER_0_5_0,100,MinMax_con,Jain,NaN,NaN,NaN,0,1
CER_0_5_0,100,MinMax_con,Gini,NaN,NaN,NaN,0,1
CER_0_5_0,100,MinMax_con,FairnessIndex,NaN,NaN,NaN,0,1
CER_0_5_0,100,MinMax_con,Sigma,NaN,NaN,NaN,0,1
CER_0_5_0,100,MinMax_con,QuoteNulle,NaN,NaN,NaN,0,0
CER_0_5_0,100,MinMax_con,EccessoMax_EUR,NaN,NaN,NaN,0,1
CER_0_5_0,100,MinMax_con,CoalizioniInstabili,NaN,NaN,NaN,0,1
CER_0_5_0,100,MinMax_con,ForzaIncentivante,NaN,NaN,NaN,0,1
CER_0_5_0,100,MinMax_con,AllineamentoVirtu,NaN,NaN,NaN,0,1
CER_0_5_0,100,MinMax_con,ForzaIncentivante_lordo,NaN,NaN,NaN,0,1
CER_0_5_0,100,MinMax_con,AllineamentoVirtu_lordo,NaN,NaN,NaN,0,1
CER_0_5_0,100,MinMax_con,VAN_min_EUR,NaN,NaN,NaN,0,1
CER_0_5_0,100,QoS_orig,MinMax_pro,NaN,NaN,NaN,1,0
CER_0_5_0,100,QoS_orig,MinMax_con,NaN,NaN,NaN,1,0
CER_0_5_0,100,QoS_orig,QoS_orig,1,NaN,NaN,1,1
CER_0_5_0,100,QoS_orig,QoS_new,NaN,NaN,NaN,1,0
CER_0_5_0,100,QoS_orig,EI_orig,0.897436,74,4,1,1
CER_0_5_0,100,QoS_orig,EI_new,0.589744,62,16,1,1
CER_0_5_0,100,QoS_orig,Jain,0.923077,75,3,1,1
CER_0_5_0,100,QoS_orig,Gini,0.897436,74,4,1,1
CER_0_5_0,100,QoS_orig,FairnessIndex,-0.0769231,36,42,1,1
CER_0_5_0,100,QoS_orig,Sigma,-0.102564,35,43,1,1
CER_0_5_0,100,QoS_orig,QuoteNulle,NaN,NaN,NaN,1,0
CER_0_5_0,100,QoS_orig,EccessoMax_EUR,-0.205128,31,47,1,1
CER_0_5_0,100,QoS_orig,CoalizioniInstabili,-0.21398,24,39,1,1
CER_0_5_0,100,QoS_orig,ForzaIncentivante,-0.948718,2,76,1,1
CER_0_5_0,100,QoS_orig,AllineamentoVirtu,-0.666667,13,65,1,1
CER_0_5_0,100,QoS_orig,ForzaIncentivante_lordo,0.897436,74,4,1,1
CER_0_5_0,100,QoS_orig,AllineamentoVirtu_lordo,-0.205128,31,47,1,1
CER_0_5_0,100,QoS_orig,VAN_min_EUR,0.846154,72,6,1,1
CER_0_5_0,100,QoS_new,MinMax_pro,NaN,NaN,NaN,0,0
CER_0_5_0,100,QoS_new,MinMax_con,NaN,NaN,NaN,0,0
CER_0_5_0,100,QoS_new,QoS_orig,NaN,NaN,NaN,0,1
CER_0_5_0,100,QoS_new,QoS_new,1,NaN,NaN,0,0
CER_0_5_0,100,QoS_new,EI_orig,NaN,NaN,NaN,0,1
CER_0_5_0,100,QoS_new,EI_new,NaN,NaN,NaN,0,1
CER_0_5_0,100,QoS_new,Jain,NaN,NaN,NaN,0,1
CER_0_5_0,100,QoS_new,Gini,NaN,NaN,NaN,0,1
CER_0_5_0,100,QoS_new,FairnessIndex,NaN,NaN,NaN,0,1
CER_0_5_0,100,QoS_new,Sigma,NaN,NaN,NaN,0,1
CER_0_5_0,100,QoS_new,QuoteNulle,NaN,NaN,NaN,0,0
CER_0_5_0,100,QoS_new,EccessoMax_EUR,NaN,NaN,NaN,0,1
CER_0_5_0,100,QoS_new,CoalizioniInstabili,NaN,NaN,NaN,0,1
CER_0_5_0,100,QoS_new,ForzaIncentivante,NaN,NaN,NaN,0,1
CER_0_5_0,100,QoS_new,AllineamentoVirtu,NaN,NaN,NaN,0,1
CER_0_5_0,100,QoS_new,ForzaIncentivante_lordo,NaN,NaN,NaN,0,1
CER_0_5_0,100,QoS_new,AllineamentoVirtu_lordo,NaN,NaN,NaN,0,1
CER_0_5_0,100,QoS_new,VAN_min_EUR,NaN,NaN,NaN,0,1
CER_0_5_0,100,EI_orig,MinMax_pro,NaN,NaN,NaN,1,0
CER_0_5_0,100,EI_orig,MinMax_con,NaN,NaN,NaN,1,0
CER_0_5_0,100,EI_orig,QoS_orig,0.897436,74,4,1,1
CER_0_5_0,100,EI_orig,QoS_new,NaN,NaN,NaN,1,0
CER_0_5_0,100,EI_orig,EI_orig,1,NaN,NaN,1,1
CER_0_5_0,100,EI_orig,EI_new,0.538462,60,18,1,1
CER_0_5_0,100,EI_orig,Jain,0.871795,73,5,1,1
CER_0_5_0,100,EI_orig,Gini,1,78,0,1,1
CER_0_5_0,100,EI_orig,FairnessIndex,0.025641,40,38,1,1
CER_0_5_0,100,EI_orig,Sigma,0,39,39,1,1
CER_0_5_0,100,EI_orig,QuoteNulle,NaN,NaN,NaN,1,0
CER_0_5_0,100,EI_orig,EccessoMax_EUR,-0.102564,35,43,1,1
CER_0_5_0,100,EI_orig,CoalizioniInstabili,-0.128388,27,36,1,1
CER_0_5_0,100,EI_orig,ForzaIncentivante,-0.948718,2,76,1,1
CER_0_5_0,100,EI_orig,AllineamentoVirtu,-0.615385,15,63,1,1
CER_0_5_0,100,EI_orig,ForzaIncentivante_lordo,0.897436,74,4,1,1
CER_0_5_0,100,EI_orig,AllineamentoVirtu_lordo,-0.205128,31,47,1,1
CER_0_5_0,100,EI_orig,VAN_min_EUR,0.897436,74,4,1,1
CER_0_5_0,100,EI_new,MinMax_pro,NaN,NaN,NaN,1,0
CER_0_5_0,100,EI_new,MinMax_con,NaN,NaN,NaN,1,0
CER_0_5_0,100,EI_new,QoS_orig,0.589744,62,16,1,1
CER_0_5_0,100,EI_new,QoS_new,NaN,NaN,NaN,1,0
CER_0_5_0,100,EI_new,EI_orig,0.538462,60,18,1,1
CER_0_5_0,100,EI_new,EI_new,1,NaN,NaN,1,1
CER_0_5_0,100,EI_new,Jain,0.666667,65,13,1,1
CER_0_5_0,100,EI_new,Gini,0.538462,60,18,1,1
CER_0_5_0,100,EI_new,FairnessIndex,0.0769231,42,36,1,1
CER_0_5_0,100,EI_new,Sigma,0.0512821,41,37,1,1
CER_0_5_0,100,EI_new,QuoteNulle,NaN,NaN,NaN,1,0
CER_0_5_0,100,EI_new,EccessoMax_EUR,-0.0512821,37,41,1,1
CER_0_5_0,100,EI_new,CoalizioniInstabili,-0.0713267,29,34,1,1
CER_0_5_0,100,EI_new,ForzaIncentivante,-0.538462,18,60,1,1
CER_0_5_0,100,EI_new,AllineamentoVirtu,-0.358974,25,53,1,1
CER_0_5_0,100,EI_new,ForzaIncentivante_lordo,0.487179,58,20,1,1
CER_0_5_0,100,EI_new,AllineamentoVirtu_lordo,-0.461538,21,57,1,1
CER_0_5_0,100,EI_new,VAN_min_EUR,0.435897,56,22,1,1
CER_0_5_0,100,Jain,MinMax_pro,NaN,NaN,NaN,1,0
CER_0_5_0,100,Jain,MinMax_con,NaN,NaN,NaN,1,0
CER_0_5_0,100,Jain,QoS_orig,0.923077,75,3,1,1
CER_0_5_0,100,Jain,QoS_new,NaN,NaN,NaN,1,0
CER_0_5_0,100,Jain,EI_orig,0.871795,73,5,1,1
CER_0_5_0,100,Jain,EI_new,0.666667,65,13,1,1
CER_0_5_0,100,Jain,Jain,1,NaN,NaN,1,1
CER_0_5_0,100,Jain,Gini,0.871795,73,5,1,1
CER_0_5_0,100,Jain,FairnessIndex,-0.102564,35,43,1,1
CER_0_5_0,100,Jain,Sigma,-0.128205,34,44,1,1
CER_0_5_0,100,Jain,QuoteNulle,NaN,NaN,NaN,1,0
CER_0_5_0,100,Jain,EccessoMax_EUR,-0.230769,30,48,1,1
CER_0_5_0,100,Jain,CoalizioniInstabili,-0.242511,23,40,1,1
CER_0_5_0,100,Jain,ForzaIncentivante,-0.871795,5,73,1,1
CER_0_5_0,100,Jain,AllineamentoVirtu,-0.692308,12,66,1,1
CER_0_5_0,100,Jain,ForzaIncentivante_lordo,0.820513,71,7,1,1
CER_0_5_0,100,Jain,AllineamentoVirtu_lordo,-0.282051,28,50,1,1
CER_0_5_0,100,Jain,VAN_min_EUR,0.769231,69,9,1,1
CER_0_5_0,100,Gini,MinMax_pro,NaN,NaN,NaN,1,0
CER_0_5_0,100,Gini,MinMax_con,NaN,NaN,NaN,1,0
CER_0_5_0,100,Gini,QoS_orig,0.897436,74,4,1,1
CER_0_5_0,100,Gini,QoS_new,NaN,NaN,NaN,1,0
CER_0_5_0,100,Gini,EI_orig,1,78,0,1,1
CER_0_5_0,100,Gini,EI_new,0.538462,60,18,1,1
CER_0_5_0,100,Gini,Jain,0.871795,73,5,1,1
CER_0_5_0,100,Gini,Gini,1,NaN,NaN,1,1
CER_0_5_0,100,Gini,FairnessIndex,0.025641,40,38,1,1
CER_0_5_0,100,Gini,Sigma,0,39,39,1,1
CER_0_5_0,100,Gini,QuoteNulle,NaN,NaN,NaN,1,0
CER_0_5_0,100,Gini,EccessoMax_EUR,-0.102564,35,43,1,1
CER_0_5_0,100,Gini,CoalizioniInstabili,-0.128388,27,36,1,1
CER_0_5_0,100,Gini,ForzaIncentivante,-0.948718,2,76,1,1
CER_0_5_0,100,Gini,AllineamentoVirtu,-0.615385,15,63,1,1
CER_0_5_0,100,Gini,ForzaIncentivante_lordo,0.897436,74,4,1,1
CER_0_5_0,100,Gini,AllineamentoVirtu_lordo,-0.205128,31,47,1,1
CER_0_5_0,100,Gini,VAN_min_EUR,0.897436,74,4,1,1
CER_0_5_0,100,FairnessIndex,MinMax_pro,NaN,NaN,NaN,1,0
CER_0_5_0,100,FairnessIndex,MinMax_con,NaN,NaN,NaN,1,0
CER_0_5_0,100,FairnessIndex,QoS_orig,-0.0769231,36,42,1,1
CER_0_5_0,100,FairnessIndex,QoS_new,NaN,NaN,NaN,1,0
CER_0_5_0,100,FairnessIndex,EI_orig,0.025641,40,38,1,1
CER_0_5_0,100,FairnessIndex,EI_new,0.0769231,42,36,1,1
CER_0_5_0,100,FairnessIndex,Jain,-0.102564,35,43,1,1
CER_0_5_0,100,FairnessIndex,Gini,0.025641,40,38,1,1
CER_0_5_0,100,FairnessIndex,FairnessIndex,1,NaN,NaN,1,1
CER_0_5_0,100,FairnessIndex,Sigma,0.974359,77,1,1,1
CER_0_5_0,100,FairnessIndex,QuoteNulle,NaN,NaN,NaN,1,0
CER_0_5_0,100,FairnessIndex,EccessoMax_EUR,0.820513,71,7,1,1
CER_0_5_0,100,FairnessIndex,CoalizioniInstabili,0.841656,61,2,1,1
CER_0_5_0,100,FairnessIndex,ForzaIncentivante,0.025641,40,38,1,1
CER_0_5_0,100,FairnessIndex,AllineamentoVirtu,0.25641,49,29,1,1
CER_0_5_0,100,FairnessIndex,ForzaIncentivante_lordo,-0.025641,38,40,1,1
CER_0_5_0,100,FairnessIndex,AllineamentoVirtu_lordo,-0.307692,27,51,1,1
CER_0_5_0,100,FairnessIndex,VAN_min_EUR,-0.025641,38,40,1,1
CER_0_5_0,100,Sigma,MinMax_pro,NaN,NaN,NaN,1,0
CER_0_5_0,100,Sigma,MinMax_con,NaN,NaN,NaN,1,0
CER_0_5_0,100,Sigma,QoS_orig,-0.102564,35,43,1,1
CER_0_5_0,100,Sigma,QoS_new,NaN,NaN,NaN,1,0
CER_0_5_0,100,Sigma,EI_orig,0,39,39,1,1
CER_0_5_0,100,Sigma,EI_new,0.0512821,41,37,1,1
CER_0_5_0,100,Sigma,Jain,-0.128205,34,44,1,1
CER_0_5_0,100,Sigma,Gini,0,39,39,1,1
CER_0_5_0,100,Sigma,FairnessIndex,0.974359,77,1,1,1
CER_0_5_0,100,Sigma,Sigma,1,NaN,NaN,1,1
CER_0_5_0,100,Sigma,QuoteNulle,NaN,NaN,NaN,1,0
CER_0_5_0,100,Sigma,EccessoMax_EUR,0.794872,70,8,1,1
CER_0_5_0,100,Sigma,CoalizioniInstabili,0.870186,62,1,1,1
CER_0_5_0,100,Sigma,ForzaIncentivante,0.0512821,41,37,1,1
CER_0_5_0,100,Sigma,AllineamentoVirtu,0.230769,48,30,1,1
CER_0_5_0,100,Sigma,ForzaIncentivante_lordo,0,39,39,1,1
CER_0_5_0,100,Sigma,AllineamentoVirtu_lordo,-0.282051,28,50,1,1
CER_0_5_0,100,Sigma,VAN_min_EUR,0,39,39,1,1
CER_0_5_0,100,QuoteNulle,MinMax_pro,NaN,NaN,NaN,0,0
CER_0_5_0,100,QuoteNulle,MinMax_con,NaN,NaN,NaN,0,0
CER_0_5_0,100,QuoteNulle,QoS_orig,NaN,NaN,NaN,0,1
CER_0_5_0,100,QuoteNulle,QoS_new,NaN,NaN,NaN,0,0
CER_0_5_0,100,QuoteNulle,EI_orig,NaN,NaN,NaN,0,1
CER_0_5_0,100,QuoteNulle,EI_new,NaN,NaN,NaN,0,1
CER_0_5_0,100,QuoteNulle,Jain,NaN,NaN,NaN,0,1
CER_0_5_0,100,QuoteNulle,Gini,NaN,NaN,NaN,0,1
CER_0_5_0,100,QuoteNulle,FairnessIndex,NaN,NaN,NaN,0,1
CER_0_5_0,100,QuoteNulle,Sigma,NaN,NaN,NaN,0,1
CER_0_5_0,100,QuoteNulle,QuoteNulle,1,NaN,NaN,0,0
CER_0_5_0,100,QuoteNulle,EccessoMax_EUR,NaN,NaN,NaN,0,1
CER_0_5_0,100,QuoteNulle,CoalizioniInstabili,NaN,NaN,NaN,0,1
CER_0_5_0,100,QuoteNulle,ForzaIncentivante,NaN,NaN,NaN,0,1
CER_0_5_0,100,QuoteNulle,AllineamentoVirtu,NaN,NaN,NaN,0,1
CER_0_5_0,100,QuoteNulle,ForzaIncentivante_lordo,NaN,NaN,NaN,0,1
CER_0_5_0,100,QuoteNulle,AllineamentoVirtu_lordo,NaN,NaN,NaN,0,1
CER_0_5_0,100,QuoteNulle,VAN_min_EUR,NaN,NaN,NaN,0,1
CER_0_5_0,100,EccessoMax_EUR,MinMax_pro,NaN,NaN,NaN,1,0
CER_0_5_0,100,EccessoMax_EUR,MinMax_con,NaN,NaN,NaN,1,0
CER_0_5_0,100,EccessoMax_EUR,QoS_orig,-0.205128,31,47,1,1
CER_0_5_0,100,EccessoMax_EUR,QoS_new,NaN,NaN,NaN,1,0
CER_0_5_0,100,EccessoMax_EUR,EI_orig,-0.102564,35,43,1,1
CER_0_5_0,100,EccessoMax_EUR,EI_new,-0.0512821,37,41,1,1
CER_0_5_0,100,EccessoMax_EUR,Jain,-0.230769,30,48,1,1
CER_0_5_0,100,EccessoMax_EUR,Gini,-0.102564,35,43,1,1
CER_0_5_0,100,EccessoMax_EUR,FairnessIndex,0.820513,71,7,1,1
CER_0_5_0,100,EccessoMax_EUR,Sigma,0.794872,70,8,1,1
CER_0_5_0,100,EccessoMax_EUR,QuoteNulle,NaN,NaN,NaN,1,0
CER_0_5_0,100,EccessoMax_EUR,EccessoMax_EUR,1,NaN,NaN,1,1
CER_0_5_0,100,EccessoMax_EUR,CoalizioniInstabili,0.784594,59,4,1,1
CER_0_5_0,100,EccessoMax_EUR,ForzaIncentivante,0.153846,45,33,1,1
CER_0_5_0,100,EccessoMax_EUR,AllineamentoVirtu,0.230769,48,30,1,1
CER_0_5_0,100,EccessoMax_EUR,ForzaIncentivante_lordo,-0.205128,31,47,1,1
CER_0_5_0,100,EccessoMax_EUR,AllineamentoVirtu_lordo,-0.282051,28,50,1,1
CER_0_5_0,100,EccessoMax_EUR,VAN_min_EUR,-0.153846,33,45,1,1
CER_0_5_0,100,CoalizioniInstabili,MinMax_pro,NaN,NaN,NaN,1,0
CER_0_5_0,100,CoalizioniInstabili,MinMax_con,NaN,NaN,NaN,1,0
CER_0_5_0,100,CoalizioniInstabili,QoS_orig,-0.21398,24,39,1,1
CER_0_5_0,100,CoalizioniInstabili,QoS_new,NaN,NaN,NaN,1,0
CER_0_5_0,100,CoalizioniInstabili,EI_orig,-0.128388,27,36,1,1
CER_0_5_0,100,CoalizioniInstabili,EI_new,-0.0713267,29,34,1,1
CER_0_5_0,100,CoalizioniInstabili,Jain,-0.242511,23,40,1,1
CER_0_5_0,100,CoalizioniInstabili,Gini,-0.128388,27,36,1,1
CER_0_5_0,100,CoalizioniInstabili,FairnessIndex,0.841656,61,2,1,1
CER_0_5_0,100,CoalizioniInstabili,Sigma,0.870186,62,1,1,1
CER_0_5_0,100,CoalizioniInstabili,QuoteNulle,NaN,NaN,NaN,1,0
CER_0_5_0,100,CoalizioniInstabili,EccessoMax_EUR,0.784594,59,4,1,1
CER_0_5_0,100,CoalizioniInstabili,CoalizioniInstabili,1,NaN,NaN,1,1
CER_0_5_0,100,CoalizioniInstabili,ForzaIncentivante,0.18545,38,25,1,1
CER_0_5_0,100,CoalizioniInstabili,AllineamentoVirtu,0.356634,44,19,1,1
CER_0_5_0,100,CoalizioniInstabili,ForzaIncentivante_lordo,-0.128388,27,36,1,1
CER_0_5_0,100,CoalizioniInstabili,AllineamentoVirtu_lordo,-0.271042,22,41,1,1
CER_0_5_0,100,CoalizioniInstabili,VAN_min_EUR,-0.128388,27,36,1,1
CER_0_5_0,100,ForzaIncentivante,MinMax_pro,NaN,NaN,NaN,1,0
CER_0_5_0,100,ForzaIncentivante,MinMax_con,NaN,NaN,NaN,1,0
CER_0_5_0,100,ForzaIncentivante,QoS_orig,-0.948718,2,76,1,1
CER_0_5_0,100,ForzaIncentivante,QoS_new,NaN,NaN,NaN,1,0
CER_0_5_0,100,ForzaIncentivante,EI_orig,-0.948718,2,76,1,1
CER_0_5_0,100,ForzaIncentivante,EI_new,-0.538462,18,60,1,1
CER_0_5_0,100,ForzaIncentivante,Jain,-0.871795,5,73,1,1
CER_0_5_0,100,ForzaIncentivante,Gini,-0.948718,2,76,1,1
CER_0_5_0,100,ForzaIncentivante,FairnessIndex,0.025641,40,38,1,1
CER_0_5_0,100,ForzaIncentivante,Sigma,0.0512821,41,37,1,1
CER_0_5_0,100,ForzaIncentivante,QuoteNulle,NaN,NaN,NaN,1,0
CER_0_5_0,100,ForzaIncentivante,EccessoMax_EUR,0.153846,45,33,1,1
CER_0_5_0,100,ForzaIncentivante,CoalizioniInstabili,0.18545,38,25,1,1
CER_0_5_0,100,ForzaIncentivante,ForzaIncentivante,1,NaN,NaN,1,1
CER_0_5_0,100,ForzaIncentivante,AllineamentoVirtu,0.666667,65,13,1,1
CER_0_5_0,100,ForzaIncentivante,ForzaIncentivante_lordo,-0.948718,2,76,1,1
CER_0_5_0,100,ForzaIncentivante,AllineamentoVirtu_lordo,0.205128,47,31,1,1
CER_0_5_0,100,ForzaIncentivante,VAN_min_EUR,-0.897436,4,74,1,1
CER_0_5_0,100,AllineamentoVirtu,MinMax_pro,NaN,NaN,NaN,1,0
CER_0_5_0,100,AllineamentoVirtu,MinMax_con,NaN,NaN,NaN,1,0
CER_0_5_0,100,AllineamentoVirtu,QoS_orig,-0.666667,13,65,1,1
CER_0_5_0,100,AllineamentoVirtu,QoS_new,NaN,NaN,NaN,1,0
CER_0_5_0,100,AllineamentoVirtu,EI_orig,-0.615385,15,63,1,1
CER_0_5_0,100,AllineamentoVirtu,EI_new,-0.358974,25,53,1,1
CER_0_5_0,100,AllineamentoVirtu,Jain,-0.692308,12,66,1,1
CER_0_5_0,100,AllineamentoVirtu,Gini,-0.615385,15,63,1,1
CER_0_5_0,100,AllineamentoVirtu,FairnessIndex,0.25641,49,29,1,1
CER_0_5_0,100,AllineamentoVirtu,Sigma,0.230769,48,30,1,1
CER_0_5_0,100,AllineamentoVirtu,QuoteNulle,NaN,NaN,NaN,1,0
CER_0_5_0,100,AllineamentoVirtu,EccessoMax_EUR,0.230769,48,30,1,1
CER_0_5_0,100,AllineamentoVirtu,CoalizioniInstabili,0.356634,44,19,1,1
CER_0_5_0,100,AllineamentoVirtu,ForzaIncentivante,0.666667,65,13,1,1
CER_0_5_0,100,AllineamentoVirtu,AllineamentoVirtu,1,NaN,NaN,1,1
CER_0_5_0,100,AllineamentoVirtu,ForzaIncentivante_lordo,-0.666667,13,65,1,1
CER_0_5_0,100,AllineamentoVirtu,AllineamentoVirtu_lordo,0.179487,46,32,1,1
CER_0_5_0,100,AllineamentoVirtu,VAN_min_EUR,-0.615385,15,63,1,1
CER_0_5_0,100,ForzaIncentivante_lordo,MinMax_pro,NaN,NaN,NaN,1,0
CER_0_5_0,100,ForzaIncentivante_lordo,MinMax_con,NaN,NaN,NaN,1,0
CER_0_5_0,100,ForzaIncentivante_lordo,QoS_orig,0.897436,74,4,1,1
CER_0_5_0,100,ForzaIncentivante_lordo,QoS_new,NaN,NaN,NaN,1,0
CER_0_5_0,100,ForzaIncentivante_lordo,EI_orig,0.897436,74,4,1,1
CER_0_5_0,100,ForzaIncentivante_lordo,EI_new,0.487179,58,20,1,1
CER_0_5_0,100,ForzaIncentivante_lordo,Jain,0.820513,71,7,1,1
CER_0_5_0,100,ForzaIncentivante_lordo,Gini,0.897436,74,4,1,1
CER_0_5_0,100,ForzaIncentivante_lordo,FairnessIndex,-0.025641,38,40,1,1
CER_0_5_0,100,ForzaIncentivante_lordo,Sigma,0,39,39,1,1
CER_0_5_0,100,ForzaIncentivante_lordo,QuoteNulle,NaN,NaN,NaN,1,0
CER_0_5_0,100,ForzaIncentivante_lordo,EccessoMax_EUR,-0.205128,31,47,1,1
CER_0_5_0,100,ForzaIncentivante_lordo,CoalizioniInstabili,-0.128388,27,36,1,1
CER_0_5_0,100,ForzaIncentivante_lordo,ForzaIncentivante,-0.948718,2,76,1,1
CER_0_5_0,100,ForzaIncentivante_lordo,AllineamentoVirtu,-0.666667,13,65,1,1
CER_0_5_0,100,ForzaIncentivante_lordo,ForzaIncentivante_lordo,1,NaN,NaN,1,1
CER_0_5_0,100,ForzaIncentivante_lordo,AllineamentoVirtu_lordo,-0.153846,33,45,1,1
CER_0_5_0,100,ForzaIncentivante_lordo,VAN_min_EUR,0.948718,76,2,1,1
CER_0_5_0,100,AllineamentoVirtu_lordo,MinMax_pro,NaN,NaN,NaN,1,0
CER_0_5_0,100,AllineamentoVirtu_lordo,MinMax_con,NaN,NaN,NaN,1,0
CER_0_5_0,100,AllineamentoVirtu_lordo,QoS_orig,-0.205128,31,47,1,1
CER_0_5_0,100,AllineamentoVirtu_lordo,QoS_new,NaN,NaN,NaN,1,0
CER_0_5_0,100,AllineamentoVirtu_lordo,EI_orig,-0.205128,31,47,1,1
CER_0_5_0,100,AllineamentoVirtu_lordo,EI_new,-0.461538,21,57,1,1
CER_0_5_0,100,AllineamentoVirtu_lordo,Jain,-0.282051,28,50,1,1
CER_0_5_0,100,AllineamentoVirtu_lordo,Gini,-0.205128,31,47,1,1
CER_0_5_0,100,AllineamentoVirtu_lordo,FairnessIndex,-0.307692,27,51,1,1
CER_0_5_0,100,AllineamentoVirtu_lordo,Sigma,-0.282051,28,50,1,1
CER_0_5_0,100,AllineamentoVirtu_lordo,QuoteNulle,NaN,NaN,NaN,1,0
CER_0_5_0,100,AllineamentoVirtu_lordo,EccessoMax_EUR,-0.282051,28,50,1,1
CER_0_5_0,100,AllineamentoVirtu_lordo,CoalizioniInstabili,-0.271042,22,41,1,1
CER_0_5_0,100,AllineamentoVirtu_lordo,ForzaIncentivante,0.205128,47,31,1,1
CER_0_5_0,100,AllineamentoVirtu_lordo,AllineamentoVirtu,0.179487,46,32,1,1
CER_0_5_0,100,AllineamentoVirtu_lordo,ForzaIncentivante_lordo,-0.153846,33,45,1,1
CER_0_5_0,100,AllineamentoVirtu_lordo,AllineamentoVirtu_lordo,1,NaN,NaN,1,1
CER_0_5_0,100,AllineamentoVirtu_lordo,VAN_min_EUR,-0.102564,35,43,1,1
CER_0_5_0,100,VAN_min_EUR,MinMax_pro,NaN,NaN,NaN,1,0
CER_0_5_0,100,VAN_min_EUR,MinMax_con,NaN,NaN,NaN,1,0
CER_0_5_0,100,VAN_min_EUR,QoS_orig,0.846154,72,6,1,1
CER_0_5_0,100,VAN_min_EUR,QoS_new,NaN,NaN,NaN,1,0
CER_0_5_0,100,VAN_min_EUR,EI_orig,0.897436,74,4,1,1
CER_0_5_0,100,VAN_min_EUR,EI_new,0.435897,56,22,1,1
CER_0_5_0,100,VAN_min_EUR,Jain,0.769231,69,9,1,1
CER_0_5_0,100,VAN_min_EUR,Gini,0.897436,74,4,1,1
CER_0_5_0,100,VAN_min_EUR,FairnessIndex,-0.025641,38,40,1,1
CER_0_5_0,100,VAN_min_EUR,Sigma,0,39,39,1,1
CER_0_5_0,100,VAN_min_EUR,QuoteNulle,NaN,NaN,NaN,1,0
CER_0_5_0,100,VAN_min_EUR,EccessoMax_EUR,-0.153846,33,45,1,1
CER_0_5_0,100,VAN_min_EUR,CoalizioniInstabili,-0.128388,27,36,1,1
CER_0_5_0,100,VAN_min_EUR,ForzaIncentivante,-0.897436,4,74,1,1
CER_0_5_0,100,VAN_min_EUR,AllineamentoVirtu,-0.615385,15,63,1,1
CER_0_5_0,100,VAN_min_EUR,ForzaIncentivante_lordo,0.948718,76,2,1,1
CER_0_5_0,100,VAN_min_EUR,AllineamentoVirtu_lordo,-0.102564,35,43,1,1
CER_0_5_0,100,VAN_min_EUR,VAN_min_EUR,1,NaN,NaN,1,1
CER_0_8_0,100,MinMax_pro,MinMax_pro,1,NaN,NaN,0,0
CER_0_8_0,100,MinMax_pro,MinMax_con,NaN,NaN,NaN,0,0
CER_0_8_0,100,MinMax_pro,QoS_orig,NaN,NaN,NaN,0,1
CER_0_8_0,100,MinMax_pro,QoS_new,NaN,NaN,NaN,0,0
CER_0_8_0,100,MinMax_pro,EI_orig,NaN,NaN,NaN,0,1
CER_0_8_0,100,MinMax_pro,EI_new,NaN,NaN,NaN,0,1
CER_0_8_0,100,MinMax_pro,Jain,NaN,NaN,NaN,0,1
CER_0_8_0,100,MinMax_pro,Gini,NaN,NaN,NaN,0,1
CER_0_8_0,100,MinMax_pro,FairnessIndex,NaN,NaN,NaN,0,1
CER_0_8_0,100,MinMax_pro,Sigma,NaN,NaN,NaN,0,1
CER_0_8_0,100,MinMax_pro,QuoteNulle,NaN,NaN,NaN,0,0
CER_0_8_0,100,MinMax_pro,EccessoMax_EUR,NaN,NaN,NaN,0,1
CER_0_8_0,100,MinMax_pro,CoalizioniInstabili,NaN,NaN,NaN,0,1
CER_0_8_0,100,MinMax_pro,ForzaIncentivante,NaN,NaN,NaN,0,1
CER_0_8_0,100,MinMax_pro,AllineamentoVirtu,NaN,NaN,NaN,0,1
CER_0_8_0,100,MinMax_pro,ForzaIncentivante_lordo,NaN,NaN,NaN,0,1
CER_0_8_0,100,MinMax_pro,AllineamentoVirtu_lordo,NaN,NaN,NaN,0,1
CER_0_8_0,100,MinMax_pro,VAN_min_EUR,NaN,NaN,NaN,0,1
CER_0_8_0,100,MinMax_con,MinMax_pro,NaN,NaN,NaN,0,0
CER_0_8_0,100,MinMax_con,MinMax_con,1,NaN,NaN,0,0
CER_0_8_0,100,MinMax_con,QoS_orig,NaN,NaN,NaN,0,1
CER_0_8_0,100,MinMax_con,QoS_new,NaN,NaN,NaN,0,0
CER_0_8_0,100,MinMax_con,EI_orig,NaN,NaN,NaN,0,1
CER_0_8_0,100,MinMax_con,EI_new,NaN,NaN,NaN,0,1
CER_0_8_0,100,MinMax_con,Jain,NaN,NaN,NaN,0,1
CER_0_8_0,100,MinMax_con,Gini,NaN,NaN,NaN,0,1
CER_0_8_0,100,MinMax_con,FairnessIndex,NaN,NaN,NaN,0,1
CER_0_8_0,100,MinMax_con,Sigma,NaN,NaN,NaN,0,1
CER_0_8_0,100,MinMax_con,QuoteNulle,NaN,NaN,NaN,0,0
CER_0_8_0,100,MinMax_con,EccessoMax_EUR,NaN,NaN,NaN,0,1
CER_0_8_0,100,MinMax_con,CoalizioniInstabili,NaN,NaN,NaN,0,1
CER_0_8_0,100,MinMax_con,ForzaIncentivante,NaN,NaN,NaN,0,1
CER_0_8_0,100,MinMax_con,AllineamentoVirtu,NaN,NaN,NaN,0,1
CER_0_8_0,100,MinMax_con,ForzaIncentivante_lordo,NaN,NaN,NaN,0,1
CER_0_8_0,100,MinMax_con,AllineamentoVirtu_lordo,NaN,NaN,NaN,0,1
CER_0_8_0,100,MinMax_con,VAN_min_EUR,NaN,NaN,NaN,0,1
CER_0_8_0,100,QoS_orig,MinMax_pro,NaN,NaN,NaN,1,0
CER_0_8_0,100,QoS_orig,MinMax_con,NaN,NaN,NaN,1,0
CER_0_8_0,100,QoS_orig,QoS_orig,1,NaN,NaN,1,1
CER_0_8_0,100,QoS_orig,QoS_new,NaN,NaN,NaN,1,0
CER_0_8_0,100,QoS_orig,EI_orig,0.846154,72,6,1,1
CER_0_8_0,100,QoS_orig,EI_new,0.871795,73,5,1,1
CER_0_8_0,100,QoS_orig,Jain,1,78,0,1,1
CER_0_8_0,100,QoS_orig,Gini,0.846154,72,6,1,1
CER_0_8_0,100,QoS_orig,FairnessIndex,-0.461538,21,57,1,1
CER_0_8_0,100,QoS_orig,Sigma,-0.538462,18,60,1,1
CER_0_8_0,100,QoS_orig,QuoteNulle,NaN,NaN,NaN,1,0
CER_0_8_0,100,QoS_orig,EccessoMax_EUR,-0.487179,20,58,1,1
CER_0_8_0,100,QoS_orig,CoalizioniInstabili,-0.483753,19,56,1,1
CER_0_8_0,100,QoS_orig,ForzaIncentivante,-0.846154,6,72,1,1
CER_0_8_0,100,QoS_orig,AllineamentoVirtu,-0.589744,16,62,1,1
CER_0_8_0,100,QoS_orig,ForzaIncentivante_lordo,0.74359,68,10,1,1
CER_0_8_0,100,QoS_orig,AllineamentoVirtu_lordo,0.153846,45,33,1,1
CER_0_8_0,100,QoS_orig,VAN_min_EUR,0.179487,46,32,1,1
CER_0_8_0,100,QoS_new,MinMax_pro,NaN,NaN,NaN,0,0
CER_0_8_0,100,QoS_new,MinMax_con,NaN,NaN,NaN,0,0
CER_0_8_0,100,QoS_new,QoS_orig,NaN,NaN,NaN,0,1
CER_0_8_0,100,QoS_new,QoS_new,1,NaN,NaN,0,0
CER_0_8_0,100,QoS_new,EI_orig,NaN,NaN,NaN,0,1
CER_0_8_0,100,QoS_new,EI_new,NaN,NaN,NaN,0,1
CER_0_8_0,100,QoS_new,Jain,NaN,NaN,NaN,0,1
CER_0_8_0,100,QoS_new,Gini,NaN,NaN,NaN,0,1
CER_0_8_0,100,QoS_new,FairnessIndex,NaN,NaN,NaN,0,1
CER_0_8_0,100,QoS_new,Sigma,NaN,NaN,NaN,0,1
CER_0_8_0,100,QoS_new,QuoteNulle,NaN,NaN,NaN,0,0
CER_0_8_0,100,QoS_new,EccessoMax_EUR,NaN,NaN,NaN,0,1
CER_0_8_0,100,QoS_new,CoalizioniInstabili,NaN,NaN,NaN,0,1
CER_0_8_0,100,QoS_new,ForzaIncentivante,NaN,NaN,NaN,0,1
CER_0_8_0,100,QoS_new,AllineamentoVirtu,NaN,NaN,NaN,0,1
CER_0_8_0,100,QoS_new,ForzaIncentivante_lordo,NaN,NaN,NaN,0,1
CER_0_8_0,100,QoS_new,AllineamentoVirtu_lordo,NaN,NaN,NaN,0,1
CER_0_8_0,100,QoS_new,VAN_min_EUR,NaN,NaN,NaN,0,1
CER_0_8_0,100,EI_orig,MinMax_pro,NaN,NaN,NaN,1,0
CER_0_8_0,100,EI_orig,MinMax_con,NaN,NaN,NaN,1,0
CER_0_8_0,100,EI_orig,QoS_orig,0.846154,72,6,1,1
CER_0_8_0,100,EI_orig,QoS_new,NaN,NaN,NaN,1,0
CER_0_8_0,100,EI_orig,EI_orig,1,NaN,NaN,1,1
CER_0_8_0,100,EI_orig,EI_new,0.820513,71,7,1,1
CER_0_8_0,100,EI_orig,Jain,0.846154,72,6,1,1
CER_0_8_0,100,EI_orig,Gini,1,78,0,1,1
CER_0_8_0,100,EI_orig,FairnessIndex,-0.307692,27,51,1,1
CER_0_8_0,100,EI_orig,Sigma,-0.384615,24,54,1,1
CER_0_8_0,100,EI_orig,QuoteNulle,NaN,NaN,NaN,1,0
CER_0_8_0,100,EI_orig,EccessoMax_EUR,-0.333333,26,52,1,1
CER_0_8_0,100,EI_orig,CoalizioniInstabili,-0.32686,25,50,1,1
CER_0_8_0,100,EI_orig,ForzaIncentivante,-1,0,78,1,1
CER_0_8_0,100,EI_orig,AllineamentoVirtu,-0.692308,12,66,1,1
CER_0_8_0,100,EI_orig,ForzaIncentivante_lordo,0.897436,74,4,1,1
CER_0_8_0,100,EI_orig,AllineamentoVirtu_lordo,0.307692,51,27,1,1
CER_0_8_0,100,EI_orig,VAN_min_EUR,0.333333,52,26,1,1
CER_0_8_0,100,EI_new,MinMax_pro,NaN,NaN,NaN,1,0
CER_0_8_0,100,EI_new,MinMax_con,NaN,NaN,NaN,1,0
CER_0_8_0,100,EI_new,QoS_orig,0.871795,73,5,1,1
CER_0_8_0,100,EI_new,QoS_new,NaN,NaN,NaN,1,0
CER_0_8_0,100,EI_new,EI_orig,0.820513,71,7,1,1
CER_0_8_0,100,EI_new,EI_new,1,NaN,NaN,1,1
CER_0_8_0,100,EI_new,Jain,0.871795,73,5,1,1
CER_0_8_0,100,EI_new,Gini,0.820513,71,7,1,1
CER_0_8_0,100,EI_new,FairnessIndex,-0.384615,24,54,1,1
CER_0_8_0,100,EI_new,Sigma,-0.410256,23,55,1,1
CER_0_8_0,100,EI_new,QuoteNulle,NaN,NaN,NaN,1,0
CER_0_8_0,100,EI_new,EccessoMax_EUR,-0.410256,23,55,1,1
CER_0_8_0,100,EI_new,CoalizioniInstabili,-0.353009,24,51,1,1
CER_0_8_0,100,EI_new,ForzaIncentivante,-0.820513,7,71,1,1
CER_0_8_0,100,EI_new,AllineamentoVirtu,-0.564103,17,61,1,1
CER_0_8_0,100,EI_new,ForzaIncentivante_lordo,0.717949,67,11,1,1
CER_0_8_0,100,EI_new,AllineamentoVirtu_lordo,0.128205,44,34,1,1
CER_0_8_0,100,EI_new,VAN_min_EUR,0.205128,47,31,1,1
CER_0_8_0,100,Jain,MinMax_pro,NaN,NaN,NaN,1,0
CER_0_8_0,100,Jain,MinMax_con,NaN,NaN,NaN,1,0
CER_0_8_0,100,Jain,QoS_orig,1,78,0,1,1
CER_0_8_0,100,Jain,QoS_new,NaN,NaN,NaN,1,0
CER_0_8_0,100,Jain,EI_orig,0.846154,72,6,1,1
CER_0_8_0,100,Jain,EI_new,0.871795,73,5,1,1
CER_0_8_0,100,Jain,Jain,1,NaN,NaN,1,1
CER_0_8_0,100,Jain,Gini,0.846154,72,6,1,1
CER_0_8_0,100,Jain,FairnessIndex,-0.461538,21,57,1,1
CER_0_8_0,100,Jain,Sigma,-0.538462,18,60,1,1
CER_0_8_0,100,Jain,QuoteNulle,NaN,NaN,NaN,1,0
CER_0_8_0,100,Jain,EccessoMax_EUR,-0.487179,20,58,1,1
CER_0_8_0,100,Jain,CoalizioniInstabili,-0.483753,19,56,1,1
CER_0_8_0,100,Jain,ForzaIncentivante,-0.846154,6,72,1,1
CER_0_8_0,100,Jain,AllineamentoVirtu,-0.589744,16,62,1,1
CER_0_8_0,100,Jain,ForzaIncentivante_lordo,0.74359,68,10,1,1
CER_0_8_0,100,Jain,AllineamentoVirtu_lordo,0.153846,45,33,1,1
CER_0_8_0,100,Jain,VAN_min_EUR,0.179487,46,32,1,1
CER_0_8_0,100,Gini,MinMax_pro,NaN,NaN,NaN,1,0
CER_0_8_0,100,Gini,MinMax_con,NaN,NaN,NaN,1,0
CER_0_8_0,100,Gini,QoS_orig,0.846154,72,6,1,1
CER_0_8_0,100,Gini,QoS_new,NaN,NaN,NaN,1,0
CER_0_8_0,100,Gini,EI_orig,1,78,0,1,1
CER_0_8_0,100,Gini,EI_new,0.820513,71,7,1,1
CER_0_8_0,100,Gini,Jain,0.846154,72,6,1,1
CER_0_8_0,100,Gini,Gini,1,NaN,NaN,1,1
CER_0_8_0,100,Gini,FairnessIndex,-0.307692,27,51,1,1
CER_0_8_0,100,Gini,Sigma,-0.384615,24,54,1,1
CER_0_8_0,100,Gini,QuoteNulle,NaN,NaN,NaN,1,0
CER_0_8_0,100,Gini,EccessoMax_EUR,-0.333333,26,52,1,1
CER_0_8_0,100,Gini,CoalizioniInstabili,-0.32686,25,50,1,1
CER_0_8_0,100,Gini,ForzaIncentivante,-1,0,78,1,1
CER_0_8_0,100,Gini,AllineamentoVirtu,-0.692308,12,66,1,1
CER_0_8_0,100,Gini,ForzaIncentivante_lordo,0.897436,74,4,1,1
CER_0_8_0,100,Gini,AllineamentoVirtu_lordo,0.307692,51,27,1,1
CER_0_8_0,100,Gini,VAN_min_EUR,0.333333,52,26,1,1
CER_0_8_0,100,FairnessIndex,MinMax_pro,NaN,NaN,NaN,1,0
CER_0_8_0,100,FairnessIndex,MinMax_con,NaN,NaN,NaN,1,0
CER_0_8_0,100,FairnessIndex,QoS_orig,-0.461538,21,57,1,1
CER_0_8_0,100,FairnessIndex,QoS_new,NaN,NaN,NaN,1,0
CER_0_8_0,100,FairnessIndex,EI_orig,-0.307692,27,51,1,1
CER_0_8_0,100,FairnessIndex,EI_new,-0.384615,24,54,1,1
CER_0_8_0,100,FairnessIndex,Jain,-0.461538,21,57,1,1
CER_0_8_0,100,FairnessIndex,Gini,-0.307692,27,51,1,1
CER_0_8_0,100,FairnessIndex,FairnessIndex,1,NaN,NaN,1,1
CER_0_8_0,100,FairnessIndex,Sigma,0.923077,75,3,1,1
CER_0_8_0,100,FairnessIndex,QuoteNulle,NaN,NaN,NaN,1,0
CER_0_8_0,100,FairnessIndex,EccessoMax_EUR,0.923077,75,3,1,1
CER_0_8_0,100,FairnessIndex,CoalizioniInstabili,0.823688,69,6,1,1
CER_0_8_0,100,FairnessIndex,ForzaIncentivante,0.307692,51,27,1,1
CER_0_8_0,100,FairnessIndex,AllineamentoVirtu,0.410256,55,23,1,1
CER_0_8_0,100,FairnessIndex,ForzaIncentivante_lordo,-0.25641,29,49,1,1
CER_0_8_0,100,FairnessIndex,AllineamentoVirtu_lordo,0.0769231,42,36,1,1
CER_0_8_0,100,FairnessIndex,VAN_min_EUR,0.25641,49,29,1,1
CER_0_8_0,100,Sigma,MinMax_pro,NaN,NaN,NaN,1,0
CER_0_8_0,100,Sigma,MinMax_con,NaN,NaN,NaN,1,0
CER_0_8_0,100,Sigma,QoS_orig,-0.538462,18,60,1,1
CER_0_8_0,100,Sigma,QoS_new,NaN,NaN,NaN,1,0
CER_0_8_0,100,Sigma,EI_orig,-0.384615,24,54,1,1
CER_0_8_0,100,Sigma,EI_new,-0.410256,23,55,1,1
CER_0_8_0,100,Sigma,Jain,-0.538462,18,60,1,1
CER_0_8_0,100,Sigma,Gini,-0.384615,24,54,1,1
CER_0_8_0,100,Sigma,FairnessIndex,0.923077,75,3,1,1
CER_0_8_0,100,Sigma,Sigma,1,NaN,NaN,1,1
CER_0_8_0,100,Sigma,QuoteNulle,NaN,NaN,NaN,1,0
CER_0_8_0,100,Sigma,EccessoMax_EUR,0.846154,72,6,1,1
CER_0_8_0,100,Sigma,CoalizioniInstabili,0.902134,72,3,1,1
CER_0_8_0,100,Sigma,ForzaIncentivante,0.384615,54,24,1,1
CER_0_8_0,100,Sigma,AllineamentoVirtu,0.384615,54,24,1,1
CER_0_8_0,100,Sigma,ForzaIncentivante_lordo,-0.282051,28,50,1,1
CER_0_8_0,100,Sigma,AllineamentoVirtu_lordo,0.0512821,41,37,1,1
CER_0_8_0,100,Sigma,VAN_min_EUR,0.179487,46,32,1,1
CER_0_8_0,100,QuoteNulle,MinMax_pro,NaN,NaN,NaN,0,0
CER_0_8_0,100,QuoteNulle,MinMax_con,NaN,NaN,NaN,0,0
CER_0_8_0,100,QuoteNulle,QoS_orig,NaN,NaN,NaN,0,1
CER_0_8_0,100,QuoteNulle,QoS_new,NaN,NaN,NaN,0,0
CER_0_8_0,100,QuoteNulle,EI_orig,NaN,NaN,NaN,0,1
CER_0_8_0,100,QuoteNulle,EI_new,NaN,NaN,NaN,0,1
CER_0_8_0,100,QuoteNulle,Jain,NaN,NaN,NaN,0,1
CER_0_8_0,100,QuoteNulle,Gini,NaN,NaN,NaN,0,1
CER_0_8_0,100,QuoteNulle,FairnessIndex,NaN,NaN,NaN,0,1
CER_0_8_0,100,QuoteNulle,Sigma,NaN,NaN,NaN,0,1
CER_0_8_0,100,QuoteNulle,QuoteNulle,1,NaN,NaN,0,0
CER_0_8_0,100,QuoteNulle,EccessoMax_EUR,NaN,NaN,NaN,0,1
CER_0_8_0,100,QuoteNulle,CoalizioniInstabili,NaN,NaN,NaN,0,1
CER_0_8_0,100,QuoteNulle,ForzaIncentivante,NaN,NaN,NaN,0,1
CER_0_8_0,100,QuoteNulle,AllineamentoVirtu,NaN,NaN,NaN,0,1
CER_0_8_0,100,QuoteNulle,ForzaIncentivante_lordo,NaN,NaN,NaN,0,1
CER_0_8_0,100,QuoteNulle,AllineamentoVirtu_lordo,NaN,NaN,NaN,0,1
CER_0_8_0,100,QuoteNulle,VAN_min_EUR,NaN,NaN,NaN,0,1
CER_0_8_0,100,EccessoMax_EUR,MinMax_pro,NaN,NaN,NaN,1,0
CER_0_8_0,100,EccessoMax_EUR,MinMax_con,NaN,NaN,NaN,1,0
CER_0_8_0,100,EccessoMax_EUR,QoS_orig,-0.487179,20,58,1,1
CER_0_8_0,100,EccessoMax_EUR,QoS_new,NaN,NaN,NaN,1,0
CER_0_8_0,100,EccessoMax_EUR,EI_orig,-0.333333,26,52,1,1
CER_0_8_0,100,EccessoMax_EUR,EI_new,-0.410256,23,55,1,1
CER_0_8_0,100,EccessoMax_EUR,Jain,-0.487179,20,58,1,1
CER_0_8_0,100,EccessoMax_EUR,Gini,-0.333333,26,52,1,1
CER_0_8_0,100,EccessoMax_EUR,FairnessIndex,0.923077,75,3,1,1
CER_0_8_0,100,EccessoMax_EUR,Sigma,0.846154,72,6,1,1
CER_0_8_0,100,EccessoMax_EUR,QuoteNulle,NaN,NaN,NaN,1,0
CER_0_8_0,100,EccessoMax_EUR,EccessoMax_EUR,1,NaN,NaN,1,1
CER_0_8_0,100,EccessoMax_EUR,CoalizioniInstabili,0.823688,69,6,1,1
CER_0_8_0,100,EccessoMax_EUR,ForzaIncentivante,0.333333,52,26,1,1
CER_0_8_0,100,EccessoMax_EUR,AllineamentoVirtu,0.384615,54,24,1,1
CER_0_8_0,100,EccessoMax_EUR,ForzaIncentivante_lordo,-0.282051,28,50,1,1
CER_0_8_0,100,EccessoMax_EUR,AllineamentoVirtu_lordo,0.102564,43,35,1,1
CER_0_8_0,100,EccessoMax_EUR,VAN_min_EUR,0.230769,48,30,1,1
CER_0_8_0,100,CoalizioniInstabili,MinMax_pro,NaN,NaN,NaN,1,0
CER_0_8_0,100,CoalizioniInstabili,MinMax_con,NaN,NaN,NaN,1,0
CER_0_8_0,100,CoalizioniInstabili,QoS_orig,-0.483753,19,56,1,1
CER_0_8_0,100,CoalizioniInstabili,QoS_new,NaN,NaN,NaN,1,0
CER_0_8_0,100,CoalizioniInstabili,EI_orig,-0.32686,25,50,1,1
CER_0_8_0,100,CoalizioniInstabili,EI_new,-0.353009,24,51,1,1
CER_0_8_0,100,CoalizioniInstabili,Jain,-0.483753,19,56,1,1
CER_0_8_0,100,CoalizioniInstabili,Gini,-0.32686,25,50,1,1
CER_0_8_0,100,CoalizioniInstabili,FairnessIndex,0.823688,69,6,1,1
CER_0_8_0,100,CoalizioniInstabili,Sigma,0.902134,72,3,1,1
CER_0_8_0,100,CoalizioniInstabili,QuoteNulle,NaN,NaN,NaN,1,0
CER_0_8_0,100,CoalizioniInstabili,EccessoMax_EUR,0.823688,69,6,1,1
CER_0_8_0,100,CoalizioniInstabili,CoalizioniInstabili,1,NaN,NaN,1,1
CER_0_8_0,100,CoalizioniInstabili,ForzaIncentivante,0.32686,50,25,1,1
CER_0_8_0,100,CoalizioniInstabili,AllineamentoVirtu,0.300711,49,26,1,1
CER_0_8_0,100,CoalizioniInstabili,ForzaIncentivante_lordo,-0.222265,29,46,1,1
CER_0_8_0,100,CoalizioniInstabili,AllineamentoVirtu_lordo,-0.0130744,37,38,1,1
CER_0_8_0,100,CoalizioniInstabili,VAN_min_EUR,0.0915209,41,34,1,1
CER_0_8_0,100,ForzaIncentivante,MinMax_pro,NaN,NaN,NaN,1,0
CER_0_8_0,100,ForzaIncentivante,MinMax_con,NaN,NaN,NaN,1,0
CER_0_8_0,100,ForzaIncentivante,QoS_orig,-0.846154,6,72,1,1
CER_0_8_0,100,ForzaIncentivante,QoS_new,NaN,NaN,NaN,1,0
CER_0_8_0,100,ForzaIncentivante,EI_orig,-1,0,78,1,1
CER_0_8_0,100,ForzaIncentivante,EI_new,-0.820513,7,71,1,1
CER_0_8_0,100,ForzaIncentivante,Jain,-0.846154,6,72,1,1
CER_0_8_0,100,ForzaIncentivante,Gini,-1,0,78,1,1
CER_0_8_0,100,ForzaIncentivante,FairnessIndex,0.307692,51,27,1,1
CER_0_8_0,100,ForzaIncentivante,Sigma,0.384615,54,24,1,1
CER_0_8_0,100,ForzaIncentivante,QuoteNulle,NaN,NaN,NaN,1,0
CER_0_8_0,100,ForzaIncentivante,EccessoMax_EUR,0.333333,52,26,1,1
CER_0_8_0,100,ForzaIncentivante,CoalizioniInstabili,0.32686,50,25,1,1
CER_0_8_0,100,ForzaIncentivante,ForzaIncentivante,1,NaN,NaN,1,1
CER_0_8_0,100,ForzaIncentivante,AllineamentoVirtu,0.692308,66,12,1,1
CER_0_8_0,100,ForzaIncentivante,ForzaIncentivante_lordo,-0.897436,4,74,1,1
CER_0_8_0,100,ForzaIncentivante,AllineamentoVirtu_lordo,-0.307692,27,51,1,1
CER_0_8_0,100,ForzaIncentivante,VAN_min_EUR,-0.333333,26,52,1,1
CER_0_8_0,100,AllineamentoVirtu,MinMax_pro,NaN,NaN,NaN,1,0
CER_0_8_0,100,AllineamentoVirtu,MinMax_con,NaN,NaN,NaN,1,0
CER_0_8_0,100,AllineamentoVirtu,QoS_orig,-0.589744,16,62,1,1
CER_0_8_0,100,AllineamentoVirtu,QoS_new,NaN,NaN,NaN,1,0
CER_0_8_0,100,AllineamentoVirtu,EI_orig,-0.692308,12,66,1,1
CER_0_8_0,100,AllineamentoVirtu,EI_new,-0.564103,17,61,1,1
CER_0_8_0,100,AllineamentoVirtu,Jain,-0.589744,16,62,1,1
CER_0_8_0,100,AllineamentoVirtu,Gini,-0.692308,12,66,1,1
CER_0_8_0,100,AllineamentoVirtu,FairnessIndex,0.410256,55,23,1,1
CER_0_8_0,100,AllineamentoVirtu,Sigma,0.384615,54,24,1,1
CER_0_8_0,100,AllineamentoVirtu,QuoteNulle,NaN,NaN,NaN,1,0
CER_0_8_0,100,AllineamentoVirtu,EccessoMax_EUR,0.384615,54,24,1,1
CER_0_8_0,100,AllineamentoVirtu,CoalizioniInstabili,0.300711,49,26,1,1
CER_0_8_0,100,AllineamentoVirtu,ForzaIncentivante,0.692308,66,12,1,1
CER_0_8_0,100,AllineamentoVirtu,AllineamentoVirtu,1,NaN,NaN,1,1
CER_0_8_0,100,AllineamentoVirtu,ForzaIncentivante_lordo,-0.692308,12,66,1,1
CER_0_8_0,100,AllineamentoVirtu,AllineamentoVirtu_lordo,-0.512821,19,59,1,1
CER_0_8_0,100,AllineamentoVirtu,VAN_min_EUR,-0.128205,34,44,1,1
CER_0_8_0,100,ForzaIncentivante_lordo,MinMax_pro,NaN,NaN,NaN,1,0
CER_0_8_0,100,ForzaIncentivante_lordo,MinMax_con,NaN,NaN,NaN,1,0
CER_0_8_0,100,ForzaIncentivante_lordo,QoS_orig,0.74359,68,10,1,1
CER_0_8_0,100,ForzaIncentivante_lordo,QoS_new,NaN,NaN,NaN,1,0
CER_0_8_0,100,ForzaIncentivante_lordo,EI_orig,0.897436,74,4,1,1
CER_0_8_0,100,ForzaIncentivante_lordo,EI_new,0.717949,67,11,1,1
CER_0_8_0,100,ForzaIncentivante_lordo,Jain,0.74359,68,10,1,1
CER_0_8_0,100,ForzaIncentivante_lordo,Gini,0.897436,74,4,1,1
CER_0_8_0,100,ForzaIncentivante_lordo,FairnessIndex,-0.25641,29,49,1,1
CER_0_8_0,100,ForzaIncentivante_lordo,Sigma,-0.282051,28,50,1,1
CER_0_8_0,100,ForzaIncentivante_lordo,QuoteNulle,NaN,NaN,NaN,1,0
CER_0_8_0,100,ForzaIncentivante_lordo,EccessoMax_EUR,-0.282051,28,50,1,1
CER_0_8_0,100,ForzaIncentivante_lordo,CoalizioniInstabili,-0.222265,29,46,1,1
CER_0_8_0,100,ForzaIncentivante_lordo,ForzaIncentivante,-0.897436,4,74,1,1
CER_0_8_0,100,ForzaIncentivante_lordo,AllineamentoVirtu,-0.692308,12,66,1,1
CER_0_8_0,100,ForzaIncentivante_lordo,ForzaIncentivante_lordo,1,NaN,NaN,1,1
CER_0_8_0,100,ForzaIncentivante_lordo,AllineamentoVirtu_lordo,0.410256,55,23,1,1
CER_0_8_0,100,ForzaIncentivante_lordo,VAN_min_EUR,0.384615,54,24,1,1
CER_0_8_0,100,AllineamentoVirtu_lordo,MinMax_pro,NaN,NaN,NaN,1,0
CER_0_8_0,100,AllineamentoVirtu_lordo,MinMax_con,NaN,NaN,NaN,1,0
CER_0_8_0,100,AllineamentoVirtu_lordo,QoS_orig,0.153846,45,33,1,1
CER_0_8_0,100,AllineamentoVirtu_lordo,QoS_new,NaN,NaN,NaN,1,0
CER_0_8_0,100,AllineamentoVirtu_lordo,EI_orig,0.307692,51,27,1,1
CER_0_8_0,100,AllineamentoVirtu_lordo,EI_new,0.128205,44,34,1,1
CER_0_8_0,100,AllineamentoVirtu_lordo,Jain,0.153846,45,33,1,1
CER_0_8_0,100,AllineamentoVirtu_lordo,Gini,0.307692,51,27,1,1
CER_0_8_0,100,AllineamentoVirtu_lordo,FairnessIndex,0.0769231,42,36,1,1
CER_0_8_0,100,AllineamentoVirtu_lordo,Sigma,0.0512821,41,37,1,1
CER_0_8_0,100,AllineamentoVirtu_lordo,QuoteNulle,NaN,NaN,NaN,1,0
CER_0_8_0,100,AllineamentoVirtu_lordo,EccessoMax_EUR,0.102564,43,35,1,1
CER_0_8_0,100,AllineamentoVirtu_lordo,CoalizioniInstabili,-0.0130744,37,38,1,1
CER_0_8_0,100,AllineamentoVirtu_lordo,ForzaIncentivante,-0.307692,27,51,1,1
CER_0_8_0,100,AllineamentoVirtu_lordo,AllineamentoVirtu,-0.512821,19,59,1,1
CER_0_8_0,100,AllineamentoVirtu_lordo,ForzaIncentivante_lordo,0.410256,55,23,1,1
CER_0_8_0,100,AllineamentoVirtu_lordo,AllineamentoVirtu_lordo,1,NaN,NaN,1,1
CER_0_8_0,100,AllineamentoVirtu_lordo,VAN_min_EUR,0.410256,55,23,1,1
CER_0_8_0,100,VAN_min_EUR,MinMax_pro,NaN,NaN,NaN,1,0
CER_0_8_0,100,VAN_min_EUR,MinMax_con,NaN,NaN,NaN,1,0
CER_0_8_0,100,VAN_min_EUR,QoS_orig,0.179487,46,32,1,1
CER_0_8_0,100,VAN_min_EUR,QoS_new,NaN,NaN,NaN,1,0
CER_0_8_0,100,VAN_min_EUR,EI_orig,0.333333,52,26,1,1
CER_0_8_0,100,VAN_min_EUR,EI_new,0.205128,47,31,1,1
CER_0_8_0,100,VAN_min_EUR,Jain,0.179487,46,32,1,1
CER_0_8_0,100,VAN_min_EUR,Gini,0.333333,52,26,1,1
CER_0_8_0,100,VAN_min_EUR,FairnessIndex,0.25641,49,29,1,1
CER_0_8_0,100,VAN_min_EUR,Sigma,0.179487,46,32,1,1
CER_0_8_0,100,VAN_min_EUR,QuoteNulle,NaN,NaN,NaN,1,0
CER_0_8_0,100,VAN_min_EUR,EccessoMax_EUR,0.230769,48,30,1,1
CER_0_8_0,100,VAN_min_EUR,CoalizioniInstabili,0.0915209,41,34,1,1
CER_0_8_0,100,VAN_min_EUR,ForzaIncentivante,-0.333333,26,52,1,1
CER_0_8_0,100,VAN_min_EUR,AllineamentoVirtu,-0.128205,34,44,1,1
CER_0_8_0,100,VAN_min_EUR,ForzaIncentivante_lordo,0.384615,54,24,1,1
CER_0_8_0,100,VAN_min_EUR,AllineamentoVirtu_lordo,0.410256,55,23,1,1
CER_0_8_0,100,VAN_min_EUR,VAN_min_EUR,1,NaN,NaN,1,1
CER_10_10_0,50,MinMax_pro,MinMax_pro,1,NaN,NaN,0,0
CER_10_10_0,50,MinMax_pro,MinMax_con,NaN,NaN,NaN,0,1
CER_10_10_0,50,MinMax_pro,QoS_orig,NaN,NaN,NaN,0,1
CER_10_10_0,50,MinMax_pro,QoS_new,NaN,NaN,NaN,0,1
CER_10_10_0,50,MinMax_pro,EI_orig,NaN,NaN,NaN,0,1
CER_10_10_0,50,MinMax_pro,EI_new,NaN,NaN,NaN,0,1
CER_10_10_0,50,MinMax_pro,Jain,NaN,NaN,NaN,0,1
CER_10_10_0,50,MinMax_pro,Gini,NaN,NaN,NaN,0,1
CER_10_10_0,50,MinMax_pro,FairnessIndex,NaN,NaN,NaN,0,1
CER_10_10_0,50,MinMax_pro,Sigma,NaN,NaN,NaN,0,1
CER_10_10_0,50,MinMax_pro,QuoteNulle,NaN,NaN,NaN,0,0
CER_10_10_0,50,MinMax_pro,EccessoMax_EUR,NaN,NaN,NaN,0,0
CER_10_10_0,50,MinMax_pro,CoalizioniInstabili,NaN,NaN,NaN,0,0
CER_10_10_0,50,MinMax_pro,ForzaIncentivante,NaN,NaN,NaN,0,1
CER_10_10_0,50,MinMax_pro,AllineamentoVirtu,NaN,NaN,NaN,0,1
CER_10_10_0,50,MinMax_pro,ForzaIncentivante_lordo,NaN,NaN,NaN,0,1
CER_10_10_0,50,MinMax_pro,AllineamentoVirtu_lordo,NaN,NaN,NaN,0,1
CER_10_10_0,50,MinMax_pro,VAN_min_EUR,NaN,NaN,NaN,0,0
CER_10_10_0,50,MinMax_con,MinMax_pro,NaN,NaN,NaN,1,0
CER_10_10_0,50,MinMax_con,MinMax_con,1,NaN,NaN,1,1
CER_10_10_0,50,MinMax_con,QoS_orig,0.615385,63,15,1,1
CER_10_10_0,50,MinMax_con,QoS_new,0.820513,71,7,1,1
CER_10_10_0,50,MinMax_con,EI_orig,-0.025641,38,40,1,1
CER_10_10_0,50,MinMax_con,EI_new,0.025641,40,38,1,1
CER_10_10_0,50,MinMax_con,Jain,0.666667,65,13,1,1
CER_10_10_0,50,MinMax_con,Gini,-0.025641,38,40,1,1
CER_10_10_0,50,MinMax_con,FairnessIndex,-0.641026,14,64,1,1
CER_10_10_0,50,MinMax_con,Sigma,-0.666667,13,65,1,1
CER_10_10_0,50,MinMax_con,QuoteNulle,NaN,NaN,NaN,1,0
CER_10_10_0,50,MinMax_con,EccessoMax_EUR,NaN,NaN,NaN,1,0
CER_10_10_0,50,MinMax_con,CoalizioniInstabili,NaN,NaN,NaN,1,0
CER_10_10_0,50,MinMax_con,ForzaIncentivante,0.0769231,42,36,1,1
CER_10_10_0,50,MinMax_con,AllineamentoVirtu,0.025641,40,38,1,1
CER_10_10_0,50,MinMax_con,ForzaIncentivante_lordo,0.025641,40,38,1,1
CER_10_10_0,50,MinMax_con,AllineamentoVirtu_lordo,-0.230769,30,48,1,1
CER_10_10_0,50,MinMax_con,VAN_min_EUR,NaN,NaN,NaN,1,0
CER_10_10_0,50,QoS_orig,MinMax_pro,NaN,NaN,NaN,1,0
CER_10_10_0,50,QoS_orig,MinMax_con,0.615385,63,15,1,1
CER_10_10_0,50,QoS_orig,QoS_orig,1,NaN,NaN,1,1
CER_10_10_0,50,QoS_orig,QoS_new,0.487179,58,20,1,1
CER_10_10_0,50,QoS_orig,EI_orig,-0.25641,29,49,1,1
CER_10_10_0,50,QoS_orig,EI_new,-0.153846,33,45,1,1
CER_10_10_0,50,QoS_orig,Jain,0.897436,74,4,1,1
CER_10_10_0,50,QoS_orig,Gini,-0.25641,29,49,1,1
CER_10_10_0,50,QoS_orig,FairnessIndex,-0.307692,27,51,1,1
CER_10_10_0,50,QoS_orig,Sigma,-0.333333,26,52,1,1
CER_10_10_0,50,QoS_orig,QuoteNulle,NaN,NaN,NaN,1,0
CER_10_10_0,50,QoS_orig,EccessoMax_EUR,NaN,NaN,NaN,1,0
CER_10_10_0,50,QoS_orig,CoalizioniInstabili,NaN,NaN,NaN,1,0
CER_10_10_0,50,QoS_orig,ForzaIncentivante,0.307692,51,27,1,1
CER_10_10_0,50,QoS_orig,AllineamentoVirtu,0.205128,47,31,1,1
CER_10_10_0,50,QoS_orig,ForzaIncentivante_lordo,0.205128,47,31,1,1
CER_10_10_0,50,QoS_orig,AllineamentoVirtu_lordo,-0.0512821,37,41,1,1
CER_10_10_0,50,QoS_orig,VAN_min_EUR,NaN,NaN,NaN,1,0
CER_10_10_0,50,QoS_new,MinMax_pro,NaN,NaN,NaN,1,0
CER_10_10_0,50,QoS_new,MinMax_con,0.820513,71,7,1,1
CER_10_10_0,50,QoS_new,QoS_orig,0.487179,58,20,1,1
CER_10_10_0,50,QoS_new,QoS_new,1,NaN,NaN,1,1
CER_10_10_0,50,QoS_new,EI_orig,0.153846,45,33,1,1
CER_10_10_0,50,QoS_new,EI_new,0.102564,43,35,1,1
CER_10_10_0,50,QoS_new,Jain,0.487179,58,20,1,1
CER_10_10_0,50,QoS_new,Gini,0.153846,45,33,1,1
CER_10_10_0,50,QoS_new,FairnessIndex,-0.666667,13,65,1,1
CER_10_10_0,50,QoS_new,Sigma,-0.641026,14,64,1,1
CER_10_10_0,50,QoS_new,QuoteNulle,NaN,NaN,NaN,1,0
CER_10_10_0,50,QoS_new,EccessoMax_EUR,NaN,NaN,NaN,1,0
CER_10_10_0,50,QoS_new,CoalizioniInstabili,NaN,NaN,NaN,1,0
CER_10_10_0,50,QoS_new,ForzaIncentivante,-0.102564,35,43,1,1
CER_10_10_0,50,QoS_new,AllineamentoVirtu,-0.102564,35,43,1,1
CER_10_10_0,50,QoS_new,ForzaIncentivante_lordo,-0.102564,35,43,1,1
CER_10_10_0,50,QoS_new,AllineamentoVirtu_lordo,-0.25641,29,49,1,1
CER_10_10_0,50,QoS_new,VAN_min_EUR,NaN,NaN,NaN,1,0
CER_10_10_0,50,EI_orig,MinMax_pro,NaN,NaN,NaN,1,0
CER_10_10_0,50,EI_orig,MinMax_con,-0.025641,38,40,1,1
CER_10_10_0,50,EI_orig,QoS_orig,-0.25641,29,49,1,1
CER_10_10_0,50,EI_orig,QoS_new,0.153846,45,33,1,1
CER_10_10_0,50,EI_orig,EI_orig,1,NaN,NaN,1,1
CER_10_10_0,50,EI_orig,EI_new,0.435897,56,22,1,1
CER_10_10_0,50,EI_orig,Jain,-0.358974,25,53,1,1
CER_10_10_0,50,EI_orig,Gini,1,78,0,1,1
CER_10_10_0,50,EI_orig,FairnessIndex,-0.179487,32,46,1,1
CER_10_10_0,50,EI_orig,Sigma,-0.153846,33,45,1,1
CER_10_10_0,50,EI_orig,QuoteNulle,NaN,NaN,NaN,1,0
CER_10_10_0,50,EI_orig,EccessoMax_EUR,NaN,NaN,NaN,1,0
CER_10_10_0,50,EI_orig,CoalizioniInstabili,NaN,NaN,NaN,1,0
CER_10_10_0,50,EI_orig,ForzaIncentivante,-0.794872,8,70,1,1
CER_10_10_0,50,EI_orig,AllineamentoVirtu,-0.692308,12,66,1,1
CER_10_10_0,50,EI_orig,ForzaIncentivante_lordo,-0.692308,12,66,1,1
CER_10_10_0,50,EI_orig,AllineamentoVirtu_lordo,-0.333333,26,52,1,1
CER_10_10_0,50,EI_orig,VAN_min_EUR,NaN,NaN,NaN,1,0
CER_10_10_0,50,EI_new,MinMax_pro,NaN,NaN,NaN,1,0
CER_10_10_0,50,EI_new,MinMax_con,0.025641,40,38,1,1
CER_10_10_0,50,EI_new,QoS_orig,-0.153846,33,45,1,1
CER_10_10_0,50,EI_new,QoS_new,0.102564,43,35,1,1
CER_10_10_0,50,EI_new,EI_orig,0.435897,56,22,1,1
CER_10_10_0,50,EI_new,EI_new,1,NaN,NaN,1,1
CER_10_10_0,50,EI_new,Jain,-0.25641,29,49,1,1
CER_10_10_0,50,EI_new,Gini,0.435897,56,22,1,1
CER_10_10_0,50,EI_new,FairnessIndex,-0.179487,32,46,1,1
CER_10_10_0,50,EI_new,Sigma,-0.205128,31,47,1,1
CER_10_10_0,50,EI_new,QuoteNulle,NaN,NaN,NaN,1,0
CER_10_10_0,50,EI_new,EccessoMax_EUR,NaN,NaN,NaN,1,0
CER_10_10_0,50,EI_new,CoalizioniInstabili,NaN,NaN,NaN,1,0
CER_10_10_0,50,EI_new,ForzaIncentivante,-0.282051,28,50,1,1
CER_10_10_0,50,EI_new,AllineamentoVirtu,-0.384615,24,54,1,1
CER_10_10_0,50,EI_new,ForzaIncentivante_lordo,-0.384615,24,54,1,1
CER_10_10_0,50,EI_new,AllineamentoVirtu_lordo,-0.025641,38,40,1,1
CER_10_10_0,50,EI_new,VAN_min_EUR,NaN,NaN,NaN,1,0
CER_10_10_0,50,Jain,MinMax_pro,NaN,NaN,NaN,1,0
CER_10_10_0,50,Jain,MinMax_con,0.666667,65,13,1,1
CER_10_10_0,50,Jain,QoS_orig,0.897436,74,4,1,1
CER_10_10_0,50,Jain,QoS_new,0.487179,58,20,1,1
CER_10_10_0,50,Jain,EI_orig,-0.358974,25,53,1,1
CER_10_10_0,50,Jain,EI_new,-0.25641,29,49,1,1
CER_10_10_0,50,Jain,Jain,1,NaN,NaN,1,1
CER_10_10_0,50,Jain,Gini,-0.358974,25,53,1,1
CER_10_10_0,50,Jain,FairnessIndex,-0.410256,23,55,1,1
CER_10_10_0,50,Jain,Sigma,-0.435897,22,56,1,1
CER_10_10_0,50,Jain,QuoteNulle,NaN,NaN,NaN,1,0
CER_10_10_0,50,Jain,EccessoMax_EUR,NaN,NaN,NaN,1,0
CER_10_10_0,50,Jain,CoalizioniInstabili,NaN,NaN,NaN,1,0
CER_10_10_0,50,Jain,ForzaIncentivante,0.410256,55,23,1,1
CER_10_10_0,50,Jain,AllineamentoVirtu,0.307692,51,27,1,1
CER_10_10_0,50,Jain,ForzaIncentivante_lordo,0.307692,51,27,1,1
CER_10_10_0,50,Jain,AllineamentoVirtu_lordo,0.0512821,41,37,1,1
CER_10_10_0,50,Jain,VAN_min_EUR,NaN,NaN,NaN,1,0
CER_10_10_0,50,Gini,MinMax_pro,NaN,NaN,NaN,1,0
CER_10_10_0,50,Gini,MinMax_con,-0.025641,38,40,1,1
CER_10_10_0,50,Gini,QoS_orig,-0.25641,29,49,1,1
CER_10_10_0,50,Gini,QoS_new,0.153846,45,33,1,1
CER_10_10_0,50,Gini,EI_orig,1,78,0,1,1
CER_10_10_0,50,Gini,EI_new,0.435897,56,22,1,1
CER_10_10_0,50,Gini,Jain,-0.358974,25,53,1,1
CER_10_10_0,50,Gini,Gini,1,NaN,NaN,1,1
CER_10_10_0,50,Gini,FairnessIndex,-0.179487,32,46,1,1
CER_10_10_0,50,Gini,Sigma,-0.153846,33,45,1,1
CER_10_10_0,50,Gini,QuoteNulle,NaN,NaN,NaN,1,0
CER_10_10_0,50,Gini,EccessoMax_EUR,NaN,NaN,NaN,1,0
CER_10_10_0,50,Gini,CoalizioniInstabili,NaN,NaN,NaN,1,0
CER_10_10_0,50,Gini,ForzaIncentivante,-0.794872,8,70,1,1
CER_10_10_0,50,Gini,AllineamentoVirtu,-0.692308,12,66,1,1
CER_10_10_0,50,Gini,ForzaIncentivante_lordo,-0.692308,12,66,1,1
CER_10_10_0,50,Gini,AllineamentoVirtu_lordo,-0.333333,26,52,1,1
CER_10_10_0,50,Gini,VAN_min_EUR,NaN,NaN,NaN,1,0
CER_10_10_0,50,FairnessIndex,MinMax_pro,NaN,NaN,NaN,1,0
CER_10_10_0,50,FairnessIndex,MinMax_con,-0.641026,14,64,1,1
CER_10_10_0,50,FairnessIndex,QoS_orig,-0.307692,27,51,1,1
CER_10_10_0,50,FairnessIndex,QoS_new,-0.666667,13,65,1,1
CER_10_10_0,50,FairnessIndex,EI_orig,-0.179487,32,46,1,1
CER_10_10_0,50,FairnessIndex,EI_new,-0.179487,32,46,1,1
CER_10_10_0,50,FairnessIndex,Jain,-0.410256,23,55,1,1
CER_10_10_0,50,FairnessIndex,Gini,-0.179487,32,46,1,1
CER_10_10_0,50,FairnessIndex,FairnessIndex,1,NaN,NaN,1,1
CER_10_10_0,50,FairnessIndex,Sigma,0.974359,77,1,1,1
CER_10_10_0,50,FairnessIndex,QuoteNulle,NaN,NaN,NaN,1,0
CER_10_10_0,50,FairnessIndex,EccessoMax_EUR,NaN,NaN,NaN,1,0
CER_10_10_0,50,FairnessIndex,CoalizioniInstabili,NaN,NaN,NaN,1,0
CER_10_10_0,50,FairnessIndex,ForzaIncentivante,0.179487,46,32,1,1
CER_10_10_0,50,FairnessIndex,AllineamentoVirtu,0.230769,48,30,1,1
CER_10_10_0,50,FairnessIndex,ForzaIncentivante_lordo,0.230769,48,30,1,1
CER_10_10_0,50,FairnessIndex,AllineamentoVirtu_lordo,0.487179,58,20,1,1
CER_10_10_0,50,FairnessIndex,VAN_min_EUR,NaN,NaN,NaN,1,0
CER_10_10_0,50,Sigma,MinMax_pro,NaN,NaN,NaN,1,0
CER_10_10_0,50,Sigma,MinMax_con,-0.666667,13,65,1,1
CER_10_10_0,50,Sigma,QoS_orig,-0.333333,26,52,1,1
CER_10_10_0,50,Sigma,QoS_new,-0.641026,14,64,1,1
CER_10_10_0,50,Sigma,EI_orig,-0.153846,33,45,1,1
CER_10_10_0,50,Sigma,EI_new,-0.205128,31,47,1,1
CER_10_10_0,50,Sigma,Jain,-0.435897,22,56,1,1
CER_10_10_0,50,Sigma,Gini,-0.153846,33,45,1,1
CER_10_10_0,50,Sigma,FairnessIndex,0.974359,77,1,1,1
CER_10_10_0,50,Sigma,Sigma,1,NaN,NaN,1,1
CER_10_10_0,50,Sigma,QuoteNulle,NaN,NaN,NaN,1,0
CER_10_10_0,50,Sigma,EccessoMax_EUR,NaN,NaN,NaN,1,0
CER_10_10_0,50,Sigma,CoalizioniInstabili,NaN,NaN,NaN,1,0
CER_10_10_0,50,Sigma,ForzaIncentivante,0.153846,45,33,1,1
CER_10_10_0,50,Sigma,AllineamentoVirtu,0.25641,49,29,1,1
CER_10_10_0,50,Sigma,ForzaIncentivante_lordo,0.25641,49,29,1,1
CER_10_10_0,50,Sigma,AllineamentoVirtu_lordo,0.512821,59,19,1,1
CER_10_10_0,50,Sigma,VAN_min_EUR,NaN,NaN,NaN,1,0
CER_10_10_0,50,QuoteNulle,MinMax_pro,NaN,NaN,NaN,0,0
CER_10_10_0,50,QuoteNulle,MinMax_con,NaN,NaN,NaN,0,1
CER_10_10_0,50,QuoteNulle,QoS_orig,NaN,NaN,NaN,0,1
CER_10_10_0,50,QuoteNulle,QoS_new,NaN,NaN,NaN,0,1
CER_10_10_0,50,QuoteNulle,EI_orig,NaN,NaN,NaN,0,1
CER_10_10_0,50,QuoteNulle,EI_new,NaN,NaN,NaN,0,1
CER_10_10_0,50,QuoteNulle,Jain,NaN,NaN,NaN,0,1
CER_10_10_0,50,QuoteNulle,Gini,NaN,NaN,NaN,0,1
CER_10_10_0,50,QuoteNulle,FairnessIndex,NaN,NaN,NaN,0,1
CER_10_10_0,50,QuoteNulle,Sigma,NaN,NaN,NaN,0,1
CER_10_10_0,50,QuoteNulle,QuoteNulle,1,NaN,NaN,0,0
CER_10_10_0,50,QuoteNulle,EccessoMax_EUR,NaN,NaN,NaN,0,0
CER_10_10_0,50,QuoteNulle,CoalizioniInstabili,NaN,NaN,NaN,0,0
CER_10_10_0,50,QuoteNulle,ForzaIncentivante,NaN,NaN,NaN,0,1
CER_10_10_0,50,QuoteNulle,AllineamentoVirtu,NaN,NaN,NaN,0,1
CER_10_10_0,50,QuoteNulle,ForzaIncentivante_lordo,NaN,NaN,NaN,0,1
CER_10_10_0,50,QuoteNulle,AllineamentoVirtu_lordo,NaN,NaN,NaN,0,1
CER_10_10_0,50,QuoteNulle,VAN_min_EUR,NaN,NaN,NaN,0,0
CER_10_10_0,50,EccessoMax_EUR,MinMax_pro,NaN,NaN,NaN,0,0
CER_10_10_0,50,EccessoMax_EUR,MinMax_con,NaN,NaN,NaN,0,1
CER_10_10_0,50,EccessoMax_EUR,QoS_orig,NaN,NaN,NaN,0,1
CER_10_10_0,50,EccessoMax_EUR,QoS_new,NaN,NaN,NaN,0,1
CER_10_10_0,50,EccessoMax_EUR,EI_orig,NaN,NaN,NaN,0,1
CER_10_10_0,50,EccessoMax_EUR,EI_new,NaN,NaN,NaN,0,1
CER_10_10_0,50,EccessoMax_EUR,Jain,NaN,NaN,NaN,0,1
CER_10_10_0,50,EccessoMax_EUR,Gini,NaN,NaN,NaN,0,1
CER_10_10_0,50,EccessoMax_EUR,FairnessIndex,NaN,NaN,NaN,0,1
CER_10_10_0,50,EccessoMax_EUR,Sigma,NaN,NaN,NaN,0,1
CER_10_10_0,50,EccessoMax_EUR,QuoteNulle,NaN,NaN,NaN,0,0
CER_10_10_0,50,EccessoMax_EUR,EccessoMax_EUR,1,NaN,NaN,0,0
CER_10_10_0,50,EccessoMax_EUR,CoalizioniInstabili,NaN,NaN,NaN,0,0
CER_10_10_0,50,EccessoMax_EUR,ForzaIncentivante,NaN,NaN,NaN,0,1
CER_10_10_0,50,EccessoMax_EUR,AllineamentoVirtu,NaN,NaN,NaN,0,1
CER_10_10_0,50,EccessoMax_EUR,ForzaIncentivante_lordo,NaN,NaN,NaN,0,1
CER_10_10_0,50,EccessoMax_EUR,AllineamentoVirtu_lordo,NaN,NaN,NaN,0,1
CER_10_10_0,50,EccessoMax_EUR,VAN_min_EUR,NaN,NaN,NaN,0,0
CER_10_10_0,50,CoalizioniInstabili,MinMax_pro,NaN,NaN,NaN,0,0
CER_10_10_0,50,CoalizioniInstabili,MinMax_con,NaN,NaN,NaN,0,1
CER_10_10_0,50,CoalizioniInstabili,QoS_orig,NaN,NaN,NaN,0,1
CER_10_10_0,50,CoalizioniInstabili,QoS_new,NaN,NaN,NaN,0,1
CER_10_10_0,50,CoalizioniInstabili,EI_orig,NaN,NaN,NaN,0,1
CER_10_10_0,50,CoalizioniInstabili,EI_new,NaN,NaN,NaN,0,1
CER_10_10_0,50,CoalizioniInstabili,Jain,NaN,NaN,NaN,0,1
CER_10_10_0,50,CoalizioniInstabili,Gini,NaN,NaN,NaN,0,1
CER_10_10_0,50,CoalizioniInstabili,FairnessIndex,NaN,NaN,NaN,0,1
CER_10_10_0,50,CoalizioniInstabili,Sigma,NaN,NaN,NaN,0,1
CER_10_10_0,50,CoalizioniInstabili,QuoteNulle,NaN,NaN,NaN,0,0
CER_10_10_0,50,CoalizioniInstabili,EccessoMax_EUR,NaN,NaN,NaN,0,0
CER_10_10_0,50,CoalizioniInstabili,CoalizioniInstabili,1,NaN,NaN,0,0
CER_10_10_0,50,CoalizioniInstabili,ForzaIncentivante,NaN,NaN,NaN,0,1
CER_10_10_0,50,CoalizioniInstabili,AllineamentoVirtu,NaN,NaN,NaN,0,1
CER_10_10_0,50,CoalizioniInstabili,ForzaIncentivante_lordo,NaN,NaN,NaN,0,1
CER_10_10_0,50,CoalizioniInstabili,AllineamentoVirtu_lordo,NaN,NaN,NaN,0,1
CER_10_10_0,50,CoalizioniInstabili,VAN_min_EUR,NaN,NaN,NaN,0,0
CER_10_10_0,50,ForzaIncentivante,MinMax_pro,NaN,NaN,NaN,1,0
CER_10_10_0,50,ForzaIncentivante,MinMax_con,0.0769231,42,36,1,1
CER_10_10_0,50,ForzaIncentivante,QoS_orig,0.307692,51,27,1,1
CER_10_10_0,50,ForzaIncentivante,QoS_new,-0.102564,35,43,1,1
CER_10_10_0,50,ForzaIncentivante,EI_orig,-0.794872,8,70,1,1
CER_10_10_0,50,ForzaIncentivante,EI_new,-0.282051,28,50,1,1
CER_10_10_0,50,ForzaIncentivante,Jain,0.410256,55,23,1,1
CER_10_10_0,50,ForzaIncentivante,Gini,-0.794872,8,70,1,1
CER_10_10_0,50,ForzaIncentivante,FairnessIndex,0.179487,46,32,1,1
CER_10_10_0,50,ForzaIncentivante,Sigma,0.153846,45,33,1,1
CER_10_10_0,50,ForzaIncentivante,QuoteNulle,NaN,NaN,NaN,1,0
CER_10_10_0,50,ForzaIncentivante,EccessoMax_EUR,NaN,NaN,NaN,1,0
CER_10_10_0,50,ForzaIncentivante,CoalizioniInstabili,NaN,NaN,NaN,1,0
CER_10_10_0,50,ForzaIncentivante,ForzaIncentivante,1,NaN,NaN,1,1
CER_10_10_0,50,ForzaIncentivante,AllineamentoVirtu,0.897436,74,4,1,1
CER_10_10_0,50,ForzaIncentivante,ForzaIncentivante_lordo,0.897436,74,4,1,1
CER_10_10_0,50,ForzaIncentivante,AllineamentoVirtu_lordo,0.538462,60,18,1,1
CER_10_10_0,50,ForzaIncentivante,VAN_min_EUR,NaN,NaN,NaN,1,0
CER_10_10_0,50,AllineamentoVirtu,MinMax_pro,NaN,NaN,NaN,1,0
CER_10_10_0,50,AllineamentoVirtu,MinMax_con,0.025641,40,38,1,1
CER_10_10_0,50,AllineamentoVirtu,QoS_orig,0.205128,47,31,1,1
CER_10_10_0,50,AllineamentoVirtu,QoS_new,-0.102564,35,43,1,1
CER_10_10_0,50,AllineamentoVirtu,EI_orig,-0.692308,12,66,1,1
CER_10_10_0,50,AllineamentoVirtu,EI_new,-0.384615,24,54,1,1
CER_10_10_0,50,AllineamentoVirtu,Jain,0.307692,51,27,1,1
CER_10_10_0,50,AllineamentoVirtu,Gini,-0.692308,12,66,1,1
CER_10_10_0,50,AllineamentoVirtu,FairnessIndex,0.230769,48,30,1,1
CER_10_10_0,50,AllineamentoVirtu,Sigma,0.25641,49,29,1,1
CER_10_10_0,50,AllineamentoVirtu,QuoteNulle,NaN,NaN,NaN,1,0
CER_10_10_0,50,AllineamentoVirtu,EccessoMax_EUR,NaN,NaN,NaN,1,0
CER_10_10_0,50,AllineamentoVirtu,CoalizioniInstabili,NaN,NaN,NaN,1,0
CER_10_10_0,50,AllineamentoVirtu,ForzaIncentivante,0.897436,74,4,1,1
CER_10_10_0,50,AllineamentoVirtu,AllineamentoVirtu,1,NaN,NaN,1,1
CER_10_10_0,50,AllineamentoVirtu,ForzaIncentivante_lordo,1,78,0,1,1
CER_10_10_0,50,AllineamentoVirtu,AllineamentoVirtu_lordo,0.641026,64,14,1,1
CER_10_10_0,50,AllineamentoVirtu,VAN_min_EUR,NaN,NaN,NaN,1,0
CER_10_10_0,50,ForzaIncentivante_lordo,MinMax_pro,NaN,NaN,NaN,1,0
CER_10_10_0,50,ForzaIncentivante_lordo,MinMax_con,0.025641,40,38,1,1
CER_10_10_0,50,ForzaIncentivante_lordo,QoS_orig,0.205128,47,31,1,1
CER_10_10_0,50,ForzaIncentivante_lordo,QoS_new,-0.102564,35,43,1,1
CER_10_10_0,50,ForzaIncentivante_lordo,EI_orig,-0.692308,12,66,1,1
CER_10_10_0,50,ForzaIncentivante_lordo,EI_new,-0.384615,24,54,1,1
CER_10_10_0,50,ForzaIncentivante_lordo,Jain,0.307692,51,27,1,1
CER_10_10_0,50,ForzaIncentivante_lordo,Gini,-0.692308,12,66,1,1
CER_10_10_0,50,ForzaIncentivante_lordo,FairnessIndex,0.230769,48,30,1,1
CER_10_10_0,50,ForzaIncentivante_lordo,Sigma,0.25641,49,29,1,1
CER_10_10_0,50,ForzaIncentivante_lordo,QuoteNulle,NaN,NaN,NaN,1,0
CER_10_10_0,50,ForzaIncentivante_lordo,EccessoMax_EUR,NaN,NaN,NaN,1,0
CER_10_10_0,50,ForzaIncentivante_lordo,CoalizioniInstabili,NaN,NaN,NaN,1,0
CER_10_10_0,50,ForzaIncentivante_lordo,ForzaIncentivante,0.897436,74,4,1,1
CER_10_10_0,50,ForzaIncentivante_lordo,AllineamentoVirtu,1,78,0,1,1
CER_10_10_0,50,ForzaIncentivante_lordo,ForzaIncentivante_lordo,1,NaN,NaN,1,1
CER_10_10_0,50,ForzaIncentivante_lordo,AllineamentoVirtu_lordo,0.641026,64,14,1,1
CER_10_10_0,50,ForzaIncentivante_lordo,VAN_min_EUR,NaN,NaN,NaN,1,0
CER_10_10_0,50,AllineamentoVirtu_lordo,MinMax_pro,NaN,NaN,NaN,1,0
CER_10_10_0,50,AllineamentoVirtu_lordo,MinMax_con,-0.230769,30,48,1,1
CER_10_10_0,50,AllineamentoVirtu_lordo,QoS_orig,-0.0512821,37,41,1,1
CER_10_10_0,50,AllineamentoVirtu_lordo,QoS_new,-0.25641,29,49,1,1
CER_10_10_0,50,AllineamentoVirtu_lordo,EI_orig,-0.333333,26,52,1,1
CER_10_10_0,50,AllineamentoVirtu_lordo,EI_new,-0.025641,38,40,1,1
CER_10_10_0,50,AllineamentoVirtu_lordo,Jain,0.0512821,41,37,1,1
CER_10_10_0,50,AllineamentoVirtu_lordo,Gini,-0.333333,26,52,1,1
CER_10_10_0,50,AllineamentoVirtu_lordo,FairnessIndex,0.487179,58,20,1,1
CER_10_10_0,50,AllineamentoVirtu_lordo,Sigma,0.512821,59,19,1,1
CER_10_10_0,50,AllineamentoVirtu_lordo,QuoteNulle,NaN,NaN,NaN,1,0
CER_10_10_0,50,AllineamentoVirtu_lordo,EccessoMax_EUR,NaN,NaN,NaN,1,0
CER_10_10_0,50,AllineamentoVirtu_lordo,CoalizioniInstabili,NaN,NaN,NaN,1,0
CER_10_10_0,50,AllineamentoVirtu_lordo,ForzaIncentivante,0.538462,60,18,1,1
CER_10_10_0,50,AllineamentoVirtu_lordo,AllineamentoVirtu,0.641026,64,14,1,1
CER_10_10_0,50,AllineamentoVirtu_lordo,ForzaIncentivante_lordo,0.641026,64,14,1,1
CER_10_10_0,50,AllineamentoVirtu_lordo,AllineamentoVirtu_lordo,1,NaN,NaN,1,1
CER_10_10_0,50,AllineamentoVirtu_lordo,VAN_min_EUR,NaN,NaN,NaN,1,0
CER_10_10_0,50,VAN_min_EUR,MinMax_pro,NaN,NaN,NaN,0,0
CER_10_10_0,50,VAN_min_EUR,MinMax_con,NaN,NaN,NaN,0,1
CER_10_10_0,50,VAN_min_EUR,QoS_orig,NaN,NaN,NaN,0,1
CER_10_10_0,50,VAN_min_EUR,QoS_new,NaN,NaN,NaN,0,1
CER_10_10_0,50,VAN_min_EUR,EI_orig,NaN,NaN,NaN,0,1
CER_10_10_0,50,VAN_min_EUR,EI_new,NaN,NaN,NaN,0,1
CER_10_10_0,50,VAN_min_EUR,Jain,NaN,NaN,NaN,0,1
CER_10_10_0,50,VAN_min_EUR,Gini,NaN,NaN,NaN,0,1
CER_10_10_0,50,VAN_min_EUR,FairnessIndex,NaN,NaN,NaN,0,1
CER_10_10_0,50,VAN_min_EUR,Sigma,NaN,NaN,NaN,0,1
CER_10_10_0,50,VAN_min_EUR,QuoteNulle,NaN,NaN,NaN,0,0
CER_10_10_0,50,VAN_min_EUR,EccessoMax_EUR,NaN,NaN,NaN,0,0
CER_10_10_0,50,VAN_min_EUR,CoalizioniInstabili,NaN,NaN,NaN,0,0
CER_10_10_0,50,VAN_min_EUR,ForzaIncentivante,NaN,NaN,NaN,0,1
CER_10_10_0,50,VAN_min_EUR,AllineamentoVirtu,NaN,NaN,NaN,0,1
CER_10_10_0,50,VAN_min_EUR,ForzaIncentivante_lordo,NaN,NaN,NaN,0,1
CER_10_10_0,50,VAN_min_EUR,AllineamentoVirtu_lordo,NaN,NaN,NaN,0,1
CER_10_10_0,50,VAN_min_EUR,VAN_min_EUR,1,NaN,NaN,0,0
CER_11_4_0,26.67,MinMax_pro,MinMax_pro,1,NaN,NaN,0,0
CER_11_4_0,26.67,MinMax_pro,MinMax_con,NaN,NaN,NaN,0,1
CER_11_4_0,26.67,MinMax_pro,QoS_orig,NaN,NaN,NaN,0,1
CER_11_4_0,26.67,MinMax_pro,QoS_new,NaN,NaN,NaN,0,1
CER_11_4_0,26.67,MinMax_pro,EI_orig,NaN,NaN,NaN,0,1
CER_11_4_0,26.67,MinMax_pro,EI_new,NaN,NaN,NaN,0,1
CER_11_4_0,26.67,MinMax_pro,Jain,NaN,NaN,NaN,0,1
CER_11_4_0,26.67,MinMax_pro,Gini,NaN,NaN,NaN,0,1
CER_11_4_0,26.67,MinMax_pro,FairnessIndex,NaN,NaN,NaN,0,1
CER_11_4_0,26.67,MinMax_pro,Sigma,NaN,NaN,NaN,0,1
CER_11_4_0,26.67,MinMax_pro,QuoteNulle,NaN,NaN,NaN,0,0
CER_11_4_0,26.67,MinMax_pro,EccessoMax_EUR,NaN,NaN,NaN,0,1
CER_11_4_0,26.67,MinMax_pro,CoalizioniInstabili,NaN,NaN,NaN,0,1
CER_11_4_0,26.67,MinMax_pro,ForzaIncentivante,NaN,NaN,NaN,0,1
CER_11_4_0,26.67,MinMax_pro,AllineamentoVirtu,NaN,NaN,NaN,0,1
CER_11_4_0,26.67,MinMax_pro,ForzaIncentivante_lordo,NaN,NaN,NaN,0,1
CER_11_4_0,26.67,MinMax_pro,AllineamentoVirtu_lordo,NaN,NaN,NaN,0,1
CER_11_4_0,26.67,MinMax_pro,VAN_min_EUR,NaN,NaN,NaN,0,0
CER_11_4_0,26.67,MinMax_con,MinMax_pro,NaN,NaN,NaN,1,0
CER_11_4_0,26.67,MinMax_con,MinMax_con,1,NaN,NaN,1,1
CER_11_4_0,26.67,MinMax_con,QoS_orig,0.025641,40,38,1,1
CER_11_4_0,26.67,MinMax_con,QoS_new,0.948718,76,2,1,1
CER_11_4_0,26.67,MinMax_con,EI_orig,0.230769,48,30,1,1
CER_11_4_0,26.67,MinMax_con,EI_new,0.384615,54,24,1,1
CER_11_4_0,26.67,MinMax_con,Jain,0.025641,40,38,1,1
CER_11_4_0,26.67,MinMax_con,Gini,0.230769,48,30,1,1
CER_11_4_0,26.67,MinMax_con,FairnessIndex,0,39,39,1,1
CER_11_4_0,26.67,MinMax_con,Sigma,-0.025641,38,40,1,1
CER_11_4_0,26.67,MinMax_con,QuoteNulle,NaN,NaN,NaN,1,0
CER_11_4_0,26.67,MinMax_con,EccessoMax_EUR,-0.179487,32,46,1,1
CER_11_4_0,26.67,MinMax_con,CoalizioniInstabili,0.116131,43,34,1,1
CER_11_4_0,26.67,MinMax_con,ForzaIncentivante,-0.025641,38,40,1,1
CER_11_4_0,26.67,MinMax_con,AllineamentoVirtu,-0.025641,38,40,1,1
CER_11_4_0,26.67,MinMax_con,ForzaIncentivante_lordo,-0.102564,35,43,1,1
CER_11_4_0,26.67,MinMax_con,AllineamentoVirtu_lordo,-0.025641,38,40,1,1
CER_11_4_0,26.67,MinMax_con,VAN_min_EUR,NaN,NaN,NaN,1,0
CER_11_4_0,26.67,QoS_orig,MinMax_pro,NaN,NaN,NaN,1,0
CER_11_4_0,26.67,QoS_orig,MinMax_con,0.025641,40,38,1,1
CER_11_4_0,26.67,QoS_orig,QoS_orig,1,NaN,NaN,1,1
CER_11_4_0,26.67,QoS_orig,QoS_new,0.025641,40,38,1,1
CER_11_4_0,26.67,QoS_orig,EI_orig,-0.282051,28,50,1,1
CER_11_4_0,26.67,QoS_orig,EI_new,-0.384615,24,54,1,1
CER_11_4_0,26.67,QoS_orig,Jain,1,78,0,1,1
CER_11_4_0,26.67,QoS_orig,Gini,-0.282051,28,50,1,1
CER_11_4_0,26.67,QoS_orig,FairnessIndex,-0.666667,13,65,1,1
CER_11_4_0,26.67,QoS_orig,Sigma,-0.692308,12,66,1,1
CER_11_4_0,26.67,QoS_orig,QuoteNulle,NaN,NaN,NaN,1,0
CER_11_4_0,26.67,QoS_orig,EccessoMax_EUR,-0.538462,18,60,1,1
CER_11_4_0,26.67,QoS_orig,CoalizioniInstabili,-0.55485,17,60,1,1
CER_11_4_0,26.67,QoS_orig,ForzaIncentivante,0.897436,74,4,1,1
CER_11_4_0,26.67,QoS_orig,AllineamentoVirtu,0.897436,74,4,1,1
CER_11_4_0,26.67,QoS_orig,ForzaIncentivante_lordo,0.717949,67,11,1,1
CER_11_4_0,26.67,QoS_orig,AllineamentoVirtu_lordo,0.641026,64,14,1,1
CER_11_4_0,26.67,QoS_orig,VAN_min_EUR,NaN,NaN,NaN,1,0
CER_11_4_0,26.67,QoS_new,MinMax_pro,NaN,NaN,NaN,1,0
CER_11_4_0,26.67,QoS_new,MinMax_con,0.948718,76,2,1,1
CER_11_4_0,26.67,QoS_new,QoS_orig,0.025641,40,38,1,1
CER_11_4_0,26.67,QoS_new,QoS_new,1,NaN,NaN,1,1
CER_11_4_0,26.67,QoS_new,EI_orig,0.230769,48,30,1,1
CER_11_4_0,26.67,QoS_new,EI_new,0.333333,52,26,1,1
CER_11_4_0,26.67,QoS_new,Jain,0.025641,40,38,1,1
CER_11_4_0,26.67,QoS_new,Gini,0.230769,48,30,1,1
CER_11_4_0,26.67,QoS_new,FairnessIndex,0,39,39,1,1
CER_11_4_0,26.67,QoS_new,Sigma,-0.025641,38,40,1,1
CER_11_4_0,26.67,QoS_new,QuoteNulle,NaN,NaN,NaN,1,0
CER_11_4_0,26.67,QoS_new,EccessoMax_EUR,-0.179487,32,46,1,1
CER_11_4_0,26.67,QoS_new,CoalizioniInstabili,0.116131,43,34,1,1
CER_11_4_0,26.67,QoS_new,ForzaIncentivante,-0.0769231,36,42,1,1
CER_11_4_0,26.67,QoS_new,AllineamentoVirtu,-0.0769231,36,42,1,1
CER_11_4_0,26.67,QoS_new,ForzaIncentivante_lordo,-0.153846,33,45,1,1
CER_11_4_0,26.67,QoS_new,AllineamentoVirtu_lordo,-0.0769231,36,42,1,1
CER_11_4_0,26.67,QoS_new,VAN_min_EUR,NaN,NaN,NaN,1,0
CER_11_4_0,26.67,EI_orig,MinMax_pro,NaN,NaN,NaN,1,0
CER_11_4_0,26.67,EI_orig,MinMax_con,0.230769,48,30,1,1
CER_11_4_0,26.67,EI_orig,QoS_orig,-0.282051,28,50,1,1
CER_11_4_0,26.67,EI_orig,QoS_new,0.230769,48,30,1,1
CER_11_4_0,26.67,EI_orig,EI_orig,1,NaN,NaN,1,1
CER_11_4_0,26.67,EI_orig,EI_new,0.538462,60,18,1,1
CER_11_4_0,26.67,EI_orig,Jain,-0.282051,28,50,1,1
CER_11_4_0,26.67,EI_orig,Gini,1,78,0,1,1
CER_11_4_0,26.67,EI_orig,FairnessIndex,0.564103,61,17,1,1
CER_11_4_0,26.67,EI_orig,Sigma,0.538462,60,18,1,1
CER_11_4_0,26.67,EI_orig,QuoteNulle,NaN,NaN,NaN,1,0
CER_11_4_0,26.67,EI_orig,EccessoMax_EUR,0.384615,54,24,1,1
CER_11_4_0,26.67,EI_orig,CoalizioniInstabili,0.632271,63,14,1,1
CER_11_4_0,26.67,EI_orig,ForzaIncentivante,-0.230769,30,48,1,1
CER_11_4_0,26.67,EI_orig,AllineamentoVirtu,-0.230769,30,48,1,1
CER_11_4_0,26.67,EI_orig,ForzaIncentivante_lordo,-0.307692,27,51,1,1
CER_11_4_0,26.67,EI_orig,AllineamentoVirtu_lordo,-0.230769,30,48,1,1
CER_11_4_0,26.67,EI_orig,VAN_min_EUR,NaN,NaN,NaN,1,0
CER_11_4_0,26.67,EI_new,MinMax_pro,NaN,NaN,NaN,1,0
CER_11_4_0,26.67,EI_new,MinMax_con,0.384615,54,24,1,1
CER_11_4_0,26.67,EI_new,QoS_orig,-0.384615,24,54,1,1
CER_11_4_0,26.67,EI_new,QoS_new,0.333333,52,26,1,1
CER_11_4_0,26.67,EI_new,EI_orig,0.538462,60,18,1,1
CER_11_4_0,26.67,EI_new,EI_new,1,NaN,NaN,1,1
CER_11_4_0,26.67,EI_new,Jain,-0.384615,24,54,1,1
CER_11_4_0,26.67,EI_new,Gini,0.538462,60,18,1,1
CER_11_4_0,26.67,EI_new,FairnessIndex,0.153846,45,33,1,1
CER_11_4_0,26.67,EI_new,Sigma,0.128205,44,34,1,1
CER_11_4_0,26.67,EI_new,QuoteNulle,NaN,NaN,NaN,1,0
CER_11_4_0,26.67,EI_new,EccessoMax_EUR,0.128205,44,34,1,1
CER_11_4_0,26.67,EI_new,CoalizioniInstabili,0.322587,51,26,1,1
CER_11_4_0,26.67,EI_new,ForzaIncentivante,-0.333333,26,52,1,1
CER_11_4_0,26.67,EI_new,AllineamentoVirtu,-0.333333,26,52,1,1
CER_11_4_0,26.67,EI_new,ForzaIncentivante_lordo,-0.410256,23,55,1,1
CER_11_4_0,26.67,EI_new,AllineamentoVirtu_lordo,-0.333333,26,52,1,1
CER_11_4_0,26.67,EI_new,VAN_min_EUR,NaN,NaN,NaN,1,0
CER_11_4_0,26.67,Jain,MinMax_pro,NaN,NaN,NaN,1,0
CER_11_4_0,26.67,Jain,MinMax_con,0.025641,40,38,1,1
CER_11_4_0,26.67,Jain,QoS_orig,1,78,0,1,1
CER_11_4_0,26.67,Jain,QoS_new,0.025641,40,38,1,1
CER_11_4_0,26.67,Jain,EI_orig,-0.282051,28,50,1,1
CER_11_4_0,26.67,Jain,EI_new,-0.384615,24,54,1,1
CER_11_4_0,26.67,Jain,Jain,1,NaN,NaN,1,1
CER_11_4_0,26.67,Jain,Gini,-0.282051,28,50,1,1
CER_11_4_0,26.67,Jain,FairnessIndex,-0.666667,13,65,1,1
CER_11_4_0,26.67,Jain,Sigma,-0.692308,12,66,1,1
CER_11_4_0,26.67,Jain,QuoteNulle,NaN,NaN,NaN,1,0
CER_11_4_0,26.67,Jain,EccessoMax_EUR,-0.538462,18,60,1,1
CER_11_4_0,26.67,Jain,CoalizioniInstabili,-0.55485,17,60,1,1
CER_11_4_0,26.67,Jain,ForzaIncentivante,0.897436,74,4,1,1
CER_11_4_0,26.67,Jain,AllineamentoVirtu,0.897436,74,4,1,1
CER_11_4_0,26.67,Jain,ForzaIncentivante_lordo,0.717949,67,11,1,1
CER_11_4_0,26.67,Jain,AllineamentoVirtu_lordo,0.641026,64,14,1,1
CER_11_4_0,26.67,Jain,VAN_min_EUR,NaN,NaN,NaN,1,0
CER_11_4_0,26.67,Gini,MinMax_pro,NaN,NaN,NaN,1,0
CER_11_4_0,26.67,Gini,MinMax_con,0.230769,48,30,1,1
CER_11_4_0,26.67,Gini,QoS_orig,-0.282051,28,50,1,1
CER_11_4_0,26.67,Gini,QoS_new,0.230769,48,30,1,1
CER_11_4_0,26.67,Gini,EI_orig,1,78,0,1,1
CER_11_4_0,26.67,Gini,EI_new,0.538462,60,18,1,1
CER_11_4_0,26.67,Gini,Jain,-0.282051,28,50,1,1
CER_11_4_0,26.67,Gini,Gini,1,NaN,NaN,1,1
CER_11_4_0,26.67,Gini,FairnessIndex,0.564103,61,17,1,1
CER_11_4_0,26.67,Gini,Sigma,0.538462,60,18,1,1
CER_11_4_0,26.67,Gini,QuoteNulle,NaN,NaN,NaN,1,0
CER_11_4_0,26.67,Gini,EccessoMax_EUR,0.384615,54,24,1,1
CER_11_4_0,26.67,Gini,CoalizioniInstabili,0.632271,63,14,1,1
CER_11_4_0,26.67,Gini,ForzaIncentivante,-0.230769,30,48,1,1
CER_11_4_0,26.67,Gini,AllineamentoVirtu,-0.230769,30,48,1,1
CER_11_4_0,26.67,Gini,ForzaIncentivante_lordo,-0.307692,27,51,1,1
CER_11_4_0,26.67,Gini,AllineamentoVirtu_lordo,-0.230769,30,48,1,1
CER_11_4_0,26.67,Gini,VAN_min_EUR,NaN,NaN,NaN,1,0
CER_11_4_0,26.67,FairnessIndex,MinMax_pro,NaN,NaN,NaN,1,0
CER_11_4_0,26.67,FairnessIndex,MinMax_con,0,39,39,1,1
CER_11_4_0,26.67,FairnessIndex,QoS_orig,-0.666667,13,65,1,1
CER_11_4_0,26.67,FairnessIndex,QoS_new,0,39,39,1,1
CER_11_4_0,26.67,FairnessIndex,EI_orig,0.564103,61,17,1,1
CER_11_4_0,26.67,FairnessIndex,EI_new,0.153846,45,33,1,1
CER_11_4_0,26.67,FairnessIndex,Jain,-0.666667,13,65,1,1
CER_11_4_0,26.67,FairnessIndex,Gini,0.564103,61,17,1,1
CER_11_4_0,26.67,FairnessIndex,FairnessIndex,1,NaN,NaN,1,1
CER_11_4_0,26.67,FairnessIndex,Sigma,0.974359,77,1,1,1
CER_11_4_0,26.67,FairnessIndex,QuoteNulle,NaN,NaN,NaN,1,0
CER_11_4_0,26.67,FairnessIndex,EccessoMax_EUR,0.717949,67,11,1,1
CER_11_4_0,26.67,FairnessIndex,CoalizioniInstabili,0.787113,69,8,1,1
CER_11_4_0,26.67,FairnessIndex,ForzaIncentivante,-0.615385,15,63,1,1
CER_11_4_0,26.67,FairnessIndex,AllineamentoVirtu,-0.615385,15,63,1,1
CER_11_4_0,26.67,FairnessIndex,ForzaIncentivante_lordo,-0.384615,24,54,1,1
CER_11_4_0,26.67,FairnessIndex,AllineamentoVirtu_lordo,-0.307692,27,51,1,1
CER_11_4_0,26.67,FairnessIndex,VAN_min_EUR,NaN,NaN,NaN,1,0
CER_11_4_0,26.67,Sigma,MinMax_pro,NaN,NaN,NaN,1,0
CER_11_4_0,26.67,Sigma,MinMax_con,-0.025641,38,40,1,1
CER_11_4_0,26.67,Sigma,QoS_orig,-0.692308,12,66,1,1
CER_11_4_0,26.67,Sigma,QoS_new,-0.025641,38,40,1,1
CER_11_4_0,26.67,Sigma,EI_orig,0.538462,60,18,1,1
CER_11_4_0,26.67,Sigma,EI_new,0.128205,44,34,1,1
CER_11_4_0,26.67,Sigma,Jain,-0.692308,12,66,1,1
CER_11_4_0,26.67,Sigma,Gini,0.538462,60,18,1,1
CER_11_4_0,26.67,Sigma,FairnessIndex,0.974359,77,1,1,1
CER_11_4_0,26.67,Sigma,Sigma,1,NaN,NaN,1,1
CER_11_4_0,26.67,Sigma,QuoteNulle,NaN,NaN,NaN,1,0
CER_11_4_0,26.67,Sigma,EccessoMax_EUR,0.74359,68,10,1,1
CER_11_4_0,26.67,Sigma,CoalizioniInstabili,0.761306,68,9,1,1
CER_11_4_0,26.67,Sigma,ForzaIncentivante,-0.641026,14,64,1,1
CER_11_4_0,26.67,Sigma,AllineamentoVirtu,-0.641026,14,64,1,1
CER_11_4_0,26.67,Sigma,ForzaIncentivante_lordo,-0.410256,23,55,1,1
CER_11_4_0,26.67,Sigma,AllineamentoVirtu_lordo,-0.333333,26,52,1,1
CER_11_4_0,26.67,Sigma,VAN_min_EUR,NaN,NaN,NaN,1,0
CER_11_4_0,26.67,QuoteNulle,MinMax_pro,NaN,NaN,NaN,0,0
CER_11_4_0,26.67,QuoteNulle,MinMax_con,NaN,NaN,NaN,0,1
CER_11_4_0,26.67,QuoteNulle,QoS_orig,NaN,NaN,NaN,0,1
CER_11_4_0,26.67,QuoteNulle,QoS_new,NaN,NaN,NaN,0,1
CER_11_4_0,26.67,QuoteNulle,EI_orig,NaN,NaN,NaN,0,1
CER_11_4_0,26.67,QuoteNulle,EI_new,NaN,NaN,NaN,0,1
CER_11_4_0,26.67,QuoteNulle,Jain,NaN,NaN,NaN,0,1
CER_11_4_0,26.67,QuoteNulle,Gini,NaN,NaN,NaN,0,1
CER_11_4_0,26.67,QuoteNulle,FairnessIndex,NaN,NaN,NaN,0,1
CER_11_4_0,26.67,QuoteNulle,Sigma,NaN,NaN,NaN,0,1
CER_11_4_0,26.67,QuoteNulle,QuoteNulle,1,NaN,NaN,0,0
CER_11_4_0,26.67,QuoteNulle,EccessoMax_EUR,NaN,NaN,NaN,0,1
CER_11_4_0,26.67,QuoteNulle,CoalizioniInstabili,NaN,NaN,NaN,0,1
CER_11_4_0,26.67,QuoteNulle,ForzaIncentivante,NaN,NaN,NaN,0,1
CER_11_4_0,26.67,QuoteNulle,AllineamentoVirtu,NaN,NaN,NaN,0,1
CER_11_4_0,26.67,QuoteNulle,ForzaIncentivante_lordo,NaN,NaN,NaN,0,1
CER_11_4_0,26.67,QuoteNulle,AllineamentoVirtu_lordo,NaN,NaN,NaN,0,1
CER_11_4_0,26.67,QuoteNulle,VAN_min_EUR,NaN,NaN,NaN,0,0
CER_11_4_0,26.67,EccessoMax_EUR,MinMax_pro,NaN,NaN,NaN,1,0
CER_11_4_0,26.67,EccessoMax_EUR,MinMax_con,-0.179487,32,46,1,1
CER_11_4_0,26.67,EccessoMax_EUR,QoS_orig,-0.538462,18,60,1,1
CER_11_4_0,26.67,EccessoMax_EUR,QoS_new,-0.179487,32,46,1,1
CER_11_4_0,26.67,EccessoMax_EUR,EI_orig,0.384615,54,24,1,1
CER_11_4_0,26.67,EccessoMax_EUR,EI_new,0.128205,44,34,1,1
CER_11_4_0,26.67,EccessoMax_EUR,Jain,-0.538462,18,60,1,1
CER_11_4_0,26.67,EccessoMax_EUR,Gini,0.384615,54,24,1,1
CER_11_4_0,26.67,EccessoMax_EUR,FairnessIndex,0.717949,67,11,1,1
CER_11_4_0,26.67,EccessoMax_EUR,Sigma,0.74359,68,10,1,1
CER_11_4_0,26.67,EccessoMax_EUR,QuoteNulle,NaN,NaN,NaN,1,0
CER_11_4_0,26.67,EccessoMax_EUR,EccessoMax_EUR,1,NaN,NaN,1,1
CER_11_4_0,26.67,EccessoMax_EUR,CoalizioniInstabili,0.709692,66,11,1,1
CER_11_4_0,26.67,EccessoMax_EUR,ForzaIncentivante,-0.487179,20,58,1,1
CER_11_4_0,26.67,EccessoMax_EUR,AllineamentoVirtu,-0.487179,20,58,1,1
CER_11_4_0,26.67,EccessoMax_EUR,ForzaIncentivante_lordo,-0.25641,29,49,1,1
CER_11_4_0,26.67,EccessoMax_EUR,AllineamentoVirtu_lordo,-0.179487,32,46,1,1
CER_11_4_0,26.67,EccessoMax_EUR,VAN_min_EUR,NaN,NaN,NaN,1,0
CER_11_4_0,26.67,CoalizioniInstabili,MinMax_pro,NaN,NaN,NaN,1,0
CER_11_4_0,26.67,CoalizioniInstabili,MinMax_con,0.116131,43,34,1,1
CER_11_4_0,26.67,CoalizioniInstabili,QoS_orig,-0.55485,17,60,1,1
CER_11_4_0,26.67,CoalizioniInstabili,QoS_new,0.116131,43,34,1,1
CER_11_4_0,26.67,CoalizioniInstabili,EI_orig,0.632271,63,14,1,1
CER_11_4_0,26.67,CoalizioniInstabili,EI_new,0.322587,51,26,1,1
CER_11_4_0,26.67,CoalizioniInstabili,Jain,-0.55485,17,60,1,1
CER_11_4_0,26.67,CoalizioniInstabili,Gini,0.632271,63,14,1,1
CER_11_4_0,26.67,CoalizioniInstabili,FairnessIndex,0.787113,69,8,1,1
CER_11_4_0,26.67,CoalizioniInstabili,Sigma,0.761306,68,9,1,1
CER_11_4_0,26.67,CoalizioniInstabili,QuoteNulle,NaN,NaN,NaN,1,0
CER_11_4_0,26.67,CoalizioniInstabili,EccessoMax_EUR,0.709692,66,11,1,1
CER_11_4_0,26.67,CoalizioniInstabili,CoalizioniInstabili,1,NaN,NaN,1,1
CER_11_4_0,26.67,CoalizioniInstabili,ForzaIncentivante,-0.503236,19,58,1,1
CER_11_4_0,26.67,CoalizioniInstabili,AllineamentoVirtu,-0.503236,19,58,1,1
CER_11_4_0,26.67,CoalizioniInstabili,ForzaIncentivante_lordo,-0.270973,28,49,1,1
CER_11_4_0,26.67,CoalizioniInstabili,AllineamentoVirtu_lordo,-0.193552,31,46,1,1
CER_11_4_0,26.67,CoalizioniInstabili,VAN_min_EUR,NaN,NaN,NaN,1,0
CER_11_4_0,26.67,ForzaIncentivante,MinMax_pro,NaN,NaN,NaN,1,0
CER_11_4_0,26.67,ForzaIncentivante,MinMax_con,-0.025641,38,40,1,1
CER_11_4_0,26.67,ForzaIncentivante,QoS_orig,0.897436,74,4,1,1
CER_11_4_0,26.67,ForzaIncentivante,QoS_new,-0.0769231,36,42,1,1
CER_11_4_0,26.67,ForzaIncentivante,EI_orig,-0.230769,30,48,1,1
CER_11_4_0,26.67,ForzaIncentivante,EI_new,-0.333333,26,52,1,1
CER_11_4_0,26.67,ForzaIncentivante,Jain,0.897436,74,4,1,1
CER_11_4_0,26.67,ForzaIncentivante,Gini,-0.230769,30,48,1,1
CER_11_4_0,26.67,ForzaIncentivante,FairnessIndex,-0.615385,15,63,1,1
CER_11_4_0,26.67,ForzaIncentivante,Sigma,-0.641026,14,64,1,1
CER_11_4_0,26.67,ForzaIncentivante,QuoteNulle,NaN,NaN,NaN,1,0
CER_11_4_0,26.67,ForzaIncentivante,EccessoMax_EUR,-0.487179,20,58,1,1
CER_11_4_0,26.67,ForzaIncentivante,CoalizioniInstabili,-0.503236,19,58,1,1
CER_11_4_0,26.67,ForzaIncentivante,ForzaIncentivante,1,NaN,NaN,1,1
CER_11_4_0,26.67,ForzaIncentivante,AllineamentoVirtu,1,78,0,1,1
CER_11_4_0,26.67,ForzaIncentivante,ForzaIncentivante_lordo,0.769231,69,9,1,1
CER_11_4_0,26.67,ForzaIncentivante,AllineamentoVirtu_lordo,0.692308,66,12,1,1
CER_11_4_0,26.67,ForzaIncentivante,VAN_min_EUR,NaN,NaN,NaN,1,0
CER_11_4_0,26.67,AllineamentoVirtu,MinMax_pro,NaN,NaN,NaN,1,0
CER_11_4_0,26.67,AllineamentoVirtu,MinMax_con,-0.025641,38,40,1,1
CER_11_4_0,26.67,AllineamentoVirtu,QoS_orig,0.897436,74,4,1,1
CER_11_4_0,26.67,AllineamentoVirtu,QoS_new,-0.0769231,36,42,1,1
CER_11_4_0,26.67,AllineamentoVirtu,EI_orig,-0.230769,30,48,1,1
CER_11_4_0,26.67,AllineamentoVirtu,EI_new,-0.333333,26,52,1,1
CER_11_4_0,26.67,AllineamentoVirtu,Jain,0.897436,74,4,1,1
CER_11_4_0,26.67,AllineamentoVirtu,Gini,-0.230769,30,48,1,1
CER_11_4_0,26.67,AllineamentoVirtu,FairnessIndex,-0.615385,15,63,1,1
CER_11_4_0,26.67,AllineamentoVirtu,Sigma,-0.641026,14,64,1,1
CER_11_4_0,26.67,AllineamentoVirtu,QuoteNulle,NaN,NaN,NaN,1,0
CER_11_4_0,26.67,AllineamentoVirtu,EccessoMax_EUR,-0.487179,20,58,1,1
CER_11_4_0,26.67,AllineamentoVirtu,CoalizioniInstabili,-0.503236,19,58,1,1
CER_11_4_0,26.67,AllineamentoVirtu,ForzaIncentivante,1,78,0,1,1
CER_11_4_0,26.67,AllineamentoVirtu,AllineamentoVirtu,1,NaN,NaN,1,1
CER_11_4_0,26.67,AllineamentoVirtu,ForzaIncentivante_lordo,0.769231,69,9,1,1
CER_11_4_0,26.67,AllineamentoVirtu,AllineamentoVirtu_lordo,0.692308,66,12,1,1
CER_11_4_0,26.67,AllineamentoVirtu,VAN_min_EUR,NaN,NaN,NaN,1,0
CER_11_4_0,26.67,ForzaIncentivante_lordo,MinMax_pro,NaN,NaN,NaN,1,0
CER_11_4_0,26.67,ForzaIncentivante_lordo,MinMax_con,-0.102564,35,43,1,1
CER_11_4_0,26.67,ForzaIncentivante_lordo,QoS_orig,0.717949,67,11,1,1
CER_11_4_0,26.67,ForzaIncentivante_lordo,QoS_new,-0.153846,33,45,1,1
CER_11_4_0,26.67,ForzaIncentivante_lordo,EI_orig,-0.307692,27,51,1,1
CER_11_4_0,26.67,ForzaIncentivante_lordo,EI_new,-0.410256,23,55,1,1
CER_11_4_0,26.67,ForzaIncentivante_lordo,Jain,0.717949,67,11,1,1
CER_11_4_0,26.67,ForzaIncentivante_lordo,Gini,-0.307692,27,51,1,1
CER_11_4_0,26.67,ForzaIncentivante_lordo,FairnessIndex,-0.384615,24,54,1,1
CER_11_4_0,26.67,ForzaIncentivante_lordo,Sigma,-0.410256,23,55,1,1
CER_11_4_0,26.67,ForzaIncentivante_lordo,QuoteNulle,NaN,NaN,NaN,1,0
CER_11_4_0,26.67,ForzaIncentivante_lordo,EccessoMax_EUR,-0.25641,29,49,1,1
CER_11_4_0,26.67,ForzaIncentivante_lordo,CoalizioniInstabili,-0.270973,28,49,1,1
CER_11_4_0,26.67,ForzaIncentivante_lordo,ForzaIncentivante,0.769231,69,9,1,1
CER_11_4_0,26.67,ForzaIncentivante_lordo,AllineamentoVirtu,0.769231,69,9,1,1
CER_11_4_0,26.67,ForzaIncentivante_lordo,ForzaIncentivante_lordo,1,NaN,NaN,1,1
CER_11_4_0,26.67,ForzaIncentivante_lordo,AllineamentoVirtu_lordo,0.923077,75,3,1,1
CER_11_4_0,26.67,ForzaIncentivante_lordo,VAN_min_EUR,NaN,NaN,NaN,1,0
CER_11_4_0,26.67,AllineamentoVirtu_lordo,MinMax_pro,NaN,NaN,NaN,1,0
CER_11_4_0,26.67,AllineamentoVirtu_lordo,MinMax_con,-0.025641,38,40,1,1
CER_11_4_0,26.67,AllineamentoVirtu_lordo,QoS_orig,0.641026,64,14,1,1
CER_11_4_0,26.67,AllineamentoVirtu_lordo,QoS_new,-0.0769231,36,42,1,1
CER_11_4_0,26.67,AllineamentoVirtu_lordo,EI_orig,-0.230769,30,48,1,1
CER_11_4_0,26.67,AllineamentoVirtu_lordo,EI_new,-0.333333,26,52,1,1
CER_11_4_0,26.67,AllineamentoVirtu_lordo,Jain,0.641026,64,14,1,1
CER_11_4_0,26.67,AllineamentoVirtu_lordo,Gini,-0.230769,30,48,1,1
CER_11_4_0,26.67,AllineamentoVirtu_lordo,FairnessIndex,-0.307692,27,51,1,1
CER_11_4_0,26.67,AllineamentoVirtu_lordo,Sigma,-0.333333,26,52,1,1
CER_11_4_0,26.67,AllineamentoVirtu_lordo,QuoteNulle,NaN,NaN,NaN,1,0
CER_11_4_0,26.67,AllineamentoVirtu_lordo,EccessoMax_EUR,-0.179487,32,46,1,1
CER_11_4_0,26.67,AllineamentoVirtu_lordo,CoalizioniInstabili,-0.193552,31,46,1,1
CER_11_4_0,26.67,AllineamentoVirtu_lordo,ForzaIncentivante,0.692308,66,12,1,1
CER_11_4_0,26.67,AllineamentoVirtu_lordo,AllineamentoVirtu,0.692308,66,12,1,1
CER_11_4_0,26.67,AllineamentoVirtu_lordo,ForzaIncentivante_lordo,0.923077,75,3,1,1
CER_11_4_0,26.67,AllineamentoVirtu_lordo,AllineamentoVirtu_lordo,1,NaN,NaN,1,1
CER_11_4_0,26.67,AllineamentoVirtu_lordo,VAN_min_EUR,NaN,NaN,NaN,1,0
CER_11_4_0,26.67,VAN_min_EUR,MinMax_pro,NaN,NaN,NaN,0,0
CER_11_4_0,26.67,VAN_min_EUR,MinMax_con,NaN,NaN,NaN,0,1
CER_11_4_0,26.67,VAN_min_EUR,QoS_orig,NaN,NaN,NaN,0,1
CER_11_4_0,26.67,VAN_min_EUR,QoS_new,NaN,NaN,NaN,0,1
CER_11_4_0,26.67,VAN_min_EUR,EI_orig,NaN,NaN,NaN,0,1
CER_11_4_0,26.67,VAN_min_EUR,EI_new,NaN,NaN,NaN,0,1
CER_11_4_0,26.67,VAN_min_EUR,Jain,NaN,NaN,NaN,0,1
CER_11_4_0,26.67,VAN_min_EUR,Gini,NaN,NaN,NaN,0,1
CER_11_4_0,26.67,VAN_min_EUR,FairnessIndex,NaN,NaN,NaN,0,1
CER_11_4_0,26.67,VAN_min_EUR,Sigma,NaN,NaN,NaN,0,1
CER_11_4_0,26.67,VAN_min_EUR,QuoteNulle,NaN,NaN,NaN,0,0
CER_11_4_0,26.67,VAN_min_EUR,EccessoMax_EUR,NaN,NaN,NaN,0,1
CER_11_4_0,26.67,VAN_min_EUR,CoalizioniInstabili,NaN,NaN,NaN,0,1
CER_11_4_0,26.67,VAN_min_EUR,ForzaIncentivante,NaN,NaN,NaN,0,1
CER_11_4_0,26.67,VAN_min_EUR,AllineamentoVirtu,NaN,NaN,NaN,0,1
CER_11_4_0,26.67,VAN_min_EUR,ForzaIncentivante_lordo,NaN,NaN,NaN,0,1
CER_11_4_0,26.67,VAN_min_EUR,AllineamentoVirtu_lordo,NaN,NaN,NaN,0,1
CER_11_4_0,26.67,VAN_min_EUR,VAN_min_EUR,1,NaN,NaN,0,0
CER_12_13_0,52,MinMax_pro,MinMax_pro,1,NaN,NaN,0,0
CER_12_13_0,52,MinMax_pro,MinMax_con,NaN,NaN,NaN,0,1
CER_12_13_0,52,MinMax_pro,QoS_orig,NaN,NaN,NaN,0,1
CER_12_13_0,52,MinMax_pro,QoS_new,NaN,NaN,NaN,0,1
CER_12_13_0,52,MinMax_pro,EI_orig,NaN,NaN,NaN,0,1
CER_12_13_0,52,MinMax_pro,EI_new,NaN,NaN,NaN,0,1
CER_12_13_0,52,MinMax_pro,Jain,NaN,NaN,NaN,0,1
CER_12_13_0,52,MinMax_pro,Gini,NaN,NaN,NaN,0,1
CER_12_13_0,52,MinMax_pro,FairnessIndex,NaN,NaN,NaN,0,1
CER_12_13_0,52,MinMax_pro,Sigma,NaN,NaN,NaN,0,1
CER_12_13_0,52,MinMax_pro,QuoteNulle,NaN,NaN,NaN,0,0
CER_12_13_0,52,MinMax_pro,EccessoMax_EUR,NaN,NaN,NaN,0,0
CER_12_13_0,52,MinMax_pro,CoalizioniInstabili,NaN,NaN,NaN,0,0
CER_12_13_0,52,MinMax_pro,ForzaIncentivante,NaN,NaN,NaN,0,1
CER_12_13_0,52,MinMax_pro,AllineamentoVirtu,NaN,NaN,NaN,0,1
CER_12_13_0,52,MinMax_pro,ForzaIncentivante_lordo,NaN,NaN,NaN,0,1
CER_12_13_0,52,MinMax_pro,AllineamentoVirtu_lordo,NaN,NaN,NaN,0,1
CER_12_13_0,52,MinMax_pro,VAN_min_EUR,NaN,NaN,NaN,0,0
CER_12_13_0,52,MinMax_con,MinMax_pro,NaN,NaN,NaN,1,0
CER_12_13_0,52,MinMax_con,MinMax_con,1,NaN,NaN,1,1
CER_12_13_0,52,MinMax_con,QoS_orig,0.641026,64,14,1,1
CER_12_13_0,52,MinMax_con,QoS_new,0.871795,73,5,1,1
CER_12_13_0,52,MinMax_con,EI_orig,0.333333,52,26,1,1
CER_12_13_0,52,MinMax_con,EI_new,0.230769,48,30,1,1
CER_12_13_0,52,MinMax_con,Jain,0.871795,73,5,1,1
CER_12_13_0,52,MinMax_con,Gini,0.333333,52,26,1,1
CER_12_13_0,52,MinMax_con,FairnessIndex,-0.769231,9,69,1,1
CER_12_13_0,52,MinMax_con,Sigma,-0.717949,11,67,1,1
CER_12_13_0,52,MinMax_con,QuoteNulle,NaN,NaN,NaN,1,0
CER_12_13_0,52,MinMax_con,EccessoMax_EUR,NaN,NaN,NaN,1,0
CER_12_13_0,52,MinMax_con,CoalizioniInstabili,NaN,NaN,NaN,1,0
CER_12_13_0,52,MinMax_con,ForzaIncentivante,-0.25641,29,49,1,1
CER_12_13_0,52,MinMax_con,AllineamentoVirtu,-0.307692,27,51,1,1
CER_12_13_0,52,MinMax_con,ForzaIncentivante_lordo,-0.333333,26,52,1,1
CER_12_13_0,52,MinMax_con,AllineamentoVirtu_lordo,-0.25641,29,49,1,1
CER_12_13_0,52,MinMax_con,VAN_min_EUR,NaN,NaN,NaN,1,0
CER_12_13_0,52,QoS_orig,MinMax_pro,NaN,NaN,NaN,1,0
CER_12_13_0,52,QoS_orig,MinMax_con,0.641026,64,14,1,1
CER_12_13_0,52,QoS_orig,QoS_orig,1,NaN,NaN,1,1
CER_12_13_0,52,QoS_orig,QoS_new,0.769231,69,9,1,1
CER_12_13_0,52,QoS_orig,EI_orig,0.641026,64,14,1,1
CER_12_13_0,52,QoS_orig,EI_new,0.538462,60,18,1,1
CER_12_13_0,52,QoS_orig,Jain,0.717949,67,11,1,1
CER_12_13_0,52,QoS_orig,Gini,0.641026,64,14,1,1
CER_12_13_0,52,QoS_orig,FairnessIndex,-0.461538,21,57,1,1
CER_12_13_0,52,QoS_orig,Sigma,-0.461538,21,57,1,1
CER_12_13_0,52,QoS_orig,QuoteNulle,NaN,NaN,NaN,1,0
CER_12_13_0,52,QoS_orig,EccessoMax_EUR,NaN,NaN,NaN,1,0
CER_12_13_0,52,QoS_orig,CoalizioniInstabili,NaN,NaN,NaN,1,0
CER_12_13_0,52,QoS_orig,ForzaIncentivante,-0.564103,17,61,1,1
CER_12_13_0,52,QoS_orig,AllineamentoVirtu,-0.666667,13,65,1,1
CER_12_13_0,52,QoS_orig,ForzaIncentivante_lordo,-0.641026,14,64,1,1
CER_12_13_0,52,QoS_orig,AllineamentoVirtu_lordo,-0.564103,17,61,1,1
CER_12_13_0,52,QoS_orig,VAN_min_EUR,NaN,NaN,NaN,1,0
CER_12_13_0,52,QoS_new,MinMax_pro,NaN,NaN,NaN,1,0
CER_12_13_0,52,QoS_new,MinMax_con,0.871795,73,5,1,1
CER_12_13_0,52,QoS_new,QoS_orig,0.769231,69,9,1,1
CER_12_13_0,52,QoS_new,QoS_new,1,NaN,NaN,1,1
CER_12_13_0,52,QoS_new,EI_orig,0.410256,55,23,1,1
CER_12_13_0,52,QoS_new,EI_new,0.358974,53,25,1,1
CER_12_13_0,52,QoS_new,Jain,0.897436,74,4,1,1
CER_12_13_0,52,QoS_new,Gini,0.410256,55,23,1,1
CER_12_13_0,52,QoS_new,FairnessIndex,-0.641026,14,64,1,1
CER_12_13_0,52,QoS_new,Sigma,-0.641026,14,64,1,1
CER_12_13_0,52,QoS_new,QuoteNulle,NaN,NaN,NaN,1,0
CER_12_13_0,52,QoS_new,EccessoMax_EUR,NaN,NaN,NaN,1,0
CER_12_13_0,52,QoS_new,CoalizioniInstabili,NaN,NaN,NaN,1,0
CER_12_13_0,52,QoS_new,ForzaIncentivante,-0.333333,26,52,1,1
CER_12_13_0,52,QoS_new,AllineamentoVirtu,-0.435897,22,56,1,1
CER_12_13_0,52,QoS_new,ForzaIncentivante_lordo,-0.410256,23,55,1,1
CER_12_13_0,52,QoS_new,AllineamentoVirtu_lordo,-0.333333,26,52,1,1
CER_12_13_0,52,QoS_new,VAN_min_EUR,NaN,NaN,NaN,1,0
CER_12_13_0,52,EI_orig,MinMax_pro,NaN,NaN,NaN,1,0
CER_12_13_0,52,EI_orig,MinMax_con,0.333333,52,26,1,1
CER_12_13_0,52,EI_orig,QoS_orig,0.641026,64,14,1,1
CER_12_13_0,52,EI_orig,QoS_new,0.410256,55,23,1,1
CER_12_13_0,52,EI_orig,EI_orig,1,NaN,NaN,1,1
CER_12_13_0,52,EI_orig,EI_new,0.589744,62,16,1,1
CER_12_13_0,52,EI_orig,Jain,0.358974,53,25,1,1
CER_12_13_0,52,EI_orig,Gini,1,78,0,1,1
CER_12_13_0,52,EI_orig,FairnessIndex,-0.205128,31,47,1,1
CER_12_13_0,52,EI_orig,Sigma,-0.153846,33,45,1,1
CER_12_13_0,52,EI_orig,QuoteNulle,NaN,NaN,NaN,1,0
CER_12_13_0,52,EI_orig,EccessoMax_EUR,NaN,NaN,NaN,1,0
CER_12_13_0,52,EI_orig,CoalizioniInstabili,NaN,NaN,NaN,1,0
CER_12_13_0,52,EI_orig,ForzaIncentivante,-0.820513,7,71,1,1
CER_12_13_0,52,EI_orig,AllineamentoVirtu,-0.717949,11,67,1,1
CER_12_13_0,52,EI_orig,ForzaIncentivante_lordo,-0.794872,8,70,1,1
CER_12_13_0,52,EI_orig,AllineamentoVirtu_lordo,-0.717949,11,67,1,1
CER_12_13_0,52,EI_orig,VAN_min_EUR,NaN,NaN,NaN,1,0
CER_12_13_0,52,EI_new,MinMax_pro,NaN,NaN,NaN,1,0
CER_12_13_0,52,EI_new,MinMax_con,0.230769,48,30,1,1
CER_12_13_0,52,EI_new,QoS_orig,0.538462,60,18,1,1
CER_12_13_0,52,EI_new,QoS_new,0.358974,53,25,1,1
CER_12_13_0,52,EI_new,EI_orig,0.589744,62,16,1,1
CER_12_13_0,52,EI_new,EI_new,1,NaN,NaN,1,1
CER_12_13_0,52,EI_new,Jain,0.25641,49,29,1,1
CER_12_13_0,52,EI_new,Gini,0.589744,62,16,1,1
CER_12_13_0,52,EI_new,FairnessIndex,-0.102564,35,43,1,1
CER_12_13_0,52,EI_new,Sigma,-0.102564,35,43,1,1
CER_12_13_0,52,EI_new,QuoteNulle,NaN,NaN,NaN,1,0
CER_12_13_0,52,EI_new,EccessoMax_EUR,NaN,NaN,NaN,1,0
CER_12_13_0,52,EI_new,CoalizioniInstabili,NaN,NaN,NaN,1,0
CER_12_13_0,52,EI_new,ForzaIncentivante,-0.410256,23,55,1,1
CER_12_13_0,52,EI_new,AllineamentoVirtu,-0.512821,19,59,1,1
CER_12_13_0,52,EI_new,ForzaIncentivante_lordo,-0.435897,22,56,1,1
CER_12_13_0,52,EI_new,AllineamentoVirtu_lordo,-0.358974,25,53,1,1
CER_12_13_0,52,EI_new,VAN_min_EUR,NaN,NaN,NaN,1,0
CER_12_13_0,52,Jain,MinMax_pro,NaN,NaN,NaN,1,0
CER_12_13_0,52,Jain,MinMax_con,0.871795,73,5,1,1
CER_12_13_0,52,Jain,QoS_orig,0.717949,67,11,1,1
CER_12_13_0,52,Jain,QoS_new,0.897436,74,4,1,1
CER_12_13_0,52,Jain,EI_orig,0.358974,53,25,1,1
CER_12_13_0,52,Jain,EI_new,0.25641,49,29,1,1
CER_12_13_0,52,Jain,Jain,1,NaN,NaN,1,1
CER_12_13_0,52,Jain,Gini,0.358974,53,25,1,1
CER_12_13_0,52,Jain,FairnessIndex,-0.692308,12,66,1,1
CER_12_13_0,52,Jain,Sigma,-0.692308,12,66,1,1
CER_12_13_0,52,Jain,QuoteNulle,NaN,NaN,NaN,1,0
CER_12_13_0,52,Jain,EccessoMax_EUR,NaN,NaN,NaN,1,0
CER_12_13_0,52,Jain,CoalizioniInstabili,NaN,NaN,NaN,1,0
CER_12_13_0,52,Jain,ForzaIncentivante,-0.282051,28,50,1,1
CER_12_13_0,52,Jain,AllineamentoVirtu,-0.384615,24,54,1,1
CER_12_13_0,52,Jain,ForzaIncentivante_lordo,-0.358974,25,53,1,1
CER_12_13_0,52,Jain,AllineamentoVirtu_lordo,-0.282051,28,50,1,1
CER_12_13_0,52,Jain,VAN_min_EUR,NaN,NaN,NaN,1,0
CER_12_13_0,52,Gini,MinMax_pro,NaN,NaN,NaN,1,0
CER_12_13_0,52,Gini,MinMax_con,0.333333,52,26,1,1
CER_12_13_0,52,Gini,QoS_orig,0.641026,64,14,1,1
CER_12_13_0,52,Gini,QoS_new,0.410256,55,23,1,1
CER_12_13_0,52,Gini,EI_orig,1,78,0,1,1
CER_12_13_0,52,Gini,EI_new,0.589744,62,16,1,1
CER_12_13_0,52,Gini,Jain,0.358974,53,25,1,1
CER_12_13_0,52,Gini,Gini,1,NaN,NaN,1,1
CER_12_13_0,52,Gini,FairnessIndex,-0.205128,31,47,1,1
CER_12_13_0,52,Gini,Sigma,-0.153846,33,45,1,1
CER_12_13_0,52,Gini,QuoteNulle,NaN,NaN,NaN,1,0
CER_12_13_0,52,Gini,EccessoMax_EUR,NaN,NaN,NaN,1,0
CER_12_13_0,52,Gini,CoalizioniInstabili,NaN,NaN,NaN,1,0
CER_12_13_0,52,Gini,ForzaIncentivante,-0.820513,7,71,1,1
CER_12_13_0,52,Gini,AllineamentoVirtu,-0.717949,11,67,1,1
CER_12_13_0,52,Gini,ForzaIncentivante_lordo,-0.794872,8,70,1,1
CER_12_13_0,52,Gini,AllineamentoVirtu_lordo,-0.717949,11,67,1,1
CER_12_13_0,52,Gini,VAN_min_EUR,NaN,NaN,NaN,1,0
CER_12_13_0,52,FairnessIndex,MinMax_pro,NaN,NaN,NaN,1,0
CER_12_13_0,52,FairnessIndex,MinMax_con,-0.769231,9,69,1,1
CER_12_13_0,52,FairnessIndex,QoS_orig,-0.461538,21,57,1,1
CER_12_13_0,52,FairnessIndex,QoS_new,-0.641026,14,64,1,1
CER_12_13_0,52,FairnessIndex,EI_orig,-0.205128,31,47,1,1
CER_12_13_0,52,FairnessIndex,EI_new,-0.102564,35,43,1,1
CER_12_13_0,52,FairnessIndex,Jain,-0.692308,12,66,1,1
CER_12_13_0,52,FairnessIndex,Gini,-0.205128,31,47,1,1
CER_12_13_0,52,FairnessIndex,FairnessIndex,1,NaN,NaN,1,1
CER_12_13_0,52,FairnessIndex,Sigma,0.948718,76,2,1,1
CER_12_13_0,52,FairnessIndex,QuoteNulle,NaN,NaN,NaN,1,0
CER_12_13_0,52,FairnessIndex,EccessoMax_EUR,NaN,NaN,NaN,1,0
CER_12_13_0,52,FairnessIndex,CoalizioniInstabili,NaN,NaN,NaN,1,0
CER_12_13_0,52,FairnessIndex,ForzaIncentivante,0.179487,46,32,1,1
CER_12_13_0,52,FairnessIndex,AllineamentoVirtu,0.230769,48,30,1,1
CER_12_13_0,52,FairnessIndex,ForzaIncentivante_lordo,0.205128,47,31,1,1
CER_12_13_0,52,FairnessIndex,AllineamentoVirtu_lordo,0.128205,44,34,1,1
CER_12_13_0,52,FairnessIndex,VAN_min_EUR,NaN,NaN,NaN,1,0
CER_12_13_0,52,Sigma,MinMax_pro,NaN,NaN,NaN,1,0
CER_12_13_0,52,Sigma,MinMax_con,-0.717949,11,67,1,1
CER_12_13_0,52,Sigma,QoS_orig,-0.461538,21,57,1,1
CER_12_13_0,52,Sigma,QoS_new,-0.641026,14,64,1,1
CER_12_13_0,52,Sigma,EI_orig,-0.153846,33,45,1,1
CER_12_13_0,52,Sigma,EI_new,-0.102564,35,43,1,1
CER_12_13_0,52,Sigma,Jain,-0.692308,12,66,1,1
CER_12_13_0,52,Sigma,Gini,-0.153846,33,45,1,1
CER_12_13_0,52,Sigma,FairnessIndex,0.948718,76,2,1,1
CER_12_13_0,52,Sigma,Sigma,1,NaN,NaN,1,1
CER_12_13_0,52,Sigma,QuoteNulle,NaN,NaN,NaN,1,0
CER_12_13_0,52,Sigma,EccessoMax_EUR,NaN,NaN,NaN,1,0
CER_12_13_0,52,Sigma,CoalizioniInstabili,NaN,NaN,NaN,1,0
CER_12_13_0,52,Sigma,ForzaIncentivante,0.179487,46,32,1,1
CER_12_13_0,52,Sigma,AllineamentoVirtu,0.282051,50,28,1,1
CER_12_13_0,52,Sigma,ForzaIncentivante_lordo,0.153846,45,33,1,1
CER_12_13_0,52,Sigma,AllineamentoVirtu_lordo,0.0769231,42,36,1,1
CER_12_13_0,52,Sigma,VAN_min_EUR,NaN,NaN,NaN,1,0
CER_12_13_0,52,QuoteNulle,MinMax_pro,NaN,NaN,NaN,0,0
CER_12_13_0,52,QuoteNulle,MinMax_con,NaN,NaN,NaN,0,1
CER_12_13_0,52,QuoteNulle,QoS_orig,NaN,NaN,NaN,0,1
CER_12_13_0,52,QuoteNulle,QoS_new,NaN,NaN,NaN,0,1
CER_12_13_0,52,QuoteNulle,EI_orig,NaN,NaN,NaN,0,1
CER_12_13_0,52,QuoteNulle,EI_new,NaN,NaN,NaN,0,1
CER_12_13_0,52,QuoteNulle,Jain,NaN,NaN,NaN,0,1
CER_12_13_0,52,QuoteNulle,Gini,NaN,NaN,NaN,0,1
CER_12_13_0,52,QuoteNulle,FairnessIndex,NaN,NaN,NaN,0,1
CER_12_13_0,52,QuoteNulle,Sigma,NaN,NaN,NaN,0,1
CER_12_13_0,52,QuoteNulle,QuoteNulle,1,NaN,NaN,0,0
CER_12_13_0,52,QuoteNulle,EccessoMax_EUR,NaN,NaN,NaN,0,0
CER_12_13_0,52,QuoteNulle,CoalizioniInstabili,NaN,NaN,NaN,0,0
CER_12_13_0,52,QuoteNulle,ForzaIncentivante,NaN,NaN,NaN,0,1
CER_12_13_0,52,QuoteNulle,AllineamentoVirtu,NaN,NaN,NaN,0,1
CER_12_13_0,52,QuoteNulle,ForzaIncentivante_lordo,NaN,NaN,NaN,0,1
CER_12_13_0,52,QuoteNulle,AllineamentoVirtu_lordo,NaN,NaN,NaN,0,1
CER_12_13_0,52,QuoteNulle,VAN_min_EUR,NaN,NaN,NaN,0,0
CER_12_13_0,52,EccessoMax_EUR,MinMax_pro,NaN,NaN,NaN,0,0
CER_12_13_0,52,EccessoMax_EUR,MinMax_con,NaN,NaN,NaN,0,1
CER_12_13_0,52,EccessoMax_EUR,QoS_orig,NaN,NaN,NaN,0,1
CER_12_13_0,52,EccessoMax_EUR,QoS_new,NaN,NaN,NaN,0,1
CER_12_13_0,52,EccessoMax_EUR,EI_orig,NaN,NaN,NaN,0,1
CER_12_13_0,52,EccessoMax_EUR,EI_new,NaN,NaN,NaN,0,1
CER_12_13_0,52,EccessoMax_EUR,Jain,NaN,NaN,NaN,0,1
CER_12_13_0,52,EccessoMax_EUR,Gini,NaN,NaN,NaN,0,1
CER_12_13_0,52,EccessoMax_EUR,FairnessIndex,NaN,NaN,NaN,0,1
CER_12_13_0,52,EccessoMax_EUR,Sigma,NaN,NaN,NaN,0,1
CER_12_13_0,52,EccessoMax_EUR,QuoteNulle,NaN,NaN,NaN,0,0
CER_12_13_0,52,EccessoMax_EUR,EccessoMax_EUR,1,NaN,NaN,0,0
CER_12_13_0,52,EccessoMax_EUR,CoalizioniInstabili,NaN,NaN,NaN,0,0
CER_12_13_0,52,EccessoMax_EUR,ForzaIncentivante,NaN,NaN,NaN,0,1
CER_12_13_0,52,EccessoMax_EUR,AllineamentoVirtu,NaN,NaN,NaN,0,1
CER_12_13_0,52,EccessoMax_EUR,ForzaIncentivante_lordo,NaN,NaN,NaN,0,1
CER_12_13_0,52,EccessoMax_EUR,AllineamentoVirtu_lordo,NaN,NaN,NaN,0,1
CER_12_13_0,52,EccessoMax_EUR,VAN_min_EUR,NaN,NaN,NaN,0,0
CER_12_13_0,52,CoalizioniInstabili,MinMax_pro,NaN,NaN,NaN,0,0
CER_12_13_0,52,CoalizioniInstabili,MinMax_con,NaN,NaN,NaN,0,1
CER_12_13_0,52,CoalizioniInstabili,QoS_orig,NaN,NaN,NaN,0,1
CER_12_13_0,52,CoalizioniInstabili,QoS_new,NaN,NaN,NaN,0,1
CER_12_13_0,52,CoalizioniInstabili,EI_orig,NaN,NaN,NaN,0,1
CER_12_13_0,52,CoalizioniInstabili,EI_new,NaN,NaN,NaN,0,1
CER_12_13_0,52,CoalizioniInstabili,Jain,NaN,NaN,NaN,0,1
CER_12_13_0,52,CoalizioniInstabili,Gini,NaN,NaN,NaN,0,1
CER_12_13_0,52,CoalizioniInstabili,FairnessIndex,NaN,NaN,NaN,0,1
CER_12_13_0,52,CoalizioniInstabili,Sigma,NaN,NaN,NaN,0,1
CER_12_13_0,52,CoalizioniInstabili,QuoteNulle,NaN,NaN,NaN,0,0
CER_12_13_0,52,CoalizioniInstabili,EccessoMax_EUR,NaN,NaN,NaN,0,0
CER_12_13_0,52,CoalizioniInstabili,CoalizioniInstabili,1,NaN,NaN,0,0
CER_12_13_0,52,CoalizioniInstabili,ForzaIncentivante,NaN,NaN,NaN,0,1
CER_12_13_0,52,CoalizioniInstabili,AllineamentoVirtu,NaN,NaN,NaN,0,1
CER_12_13_0,52,CoalizioniInstabili,ForzaIncentivante_lordo,NaN,NaN,NaN,0,1
CER_12_13_0,52,CoalizioniInstabili,AllineamentoVirtu_lordo,NaN,NaN,NaN,0,1
CER_12_13_0,52,CoalizioniInstabili,VAN_min_EUR,NaN,NaN,NaN,0,0
CER_12_13_0,52,ForzaIncentivante,MinMax_pro,NaN,NaN,NaN,1,0
CER_12_13_0,52,ForzaIncentivante,MinMax_con,-0.25641,29,49,1,1
CER_12_13_0,52,ForzaIncentivante,QoS_orig,-0.564103,17,61,1,1
CER_12_13_0,52,ForzaIncentivante,QoS_new,-0.333333,26,52,1,1
CER_12_13_0,52,ForzaIncentivante,EI_orig,-0.820513,7,71,1,1
CER_12_13_0,52,ForzaIncentivante,EI_new,-0.410256,23,55,1,1
CER_12_13_0,52,ForzaIncentivante,Jain,-0.282051,28,50,1,1
CER_12_13_0,52,ForzaIncentivante,Gini,-0.820513,7,71,1,1
CER_12_13_0,52,ForzaIncentivante,FairnessIndex,0.179487,46,32,1,1
CER_12_13_0,52,ForzaIncentivante,Sigma,0.179487,46,32,1,1
CER_12_13_0,52,ForzaIncentivante,QuoteNulle,NaN,NaN,NaN,1,0
CER_12_13_0,52,ForzaIncentivante,EccessoMax_EUR,NaN,NaN,NaN,1,0
CER_12_13_0,52,ForzaIncentivante,CoalizioniInstabili,NaN,NaN,NaN,1,0
CER_12_13_0,52,ForzaIncentivante,ForzaIncentivante,1,NaN,NaN,1,1
CER_12_13_0,52,ForzaIncentivante,AllineamentoVirtu,0.897436,74,4,1,1
CER_12_13_0,52,ForzaIncentivante,ForzaIncentivante_lordo,0.923077,75,3,1,1
CER_12_13_0,52,ForzaIncentivante,AllineamentoVirtu_lordo,0.846154,72,6,1,1
CER_12_13_0,52,ForzaIncentivante,VAN_min_EUR,NaN,NaN,NaN,1,0
CER_12_13_0,52,AllineamentoVirtu,MinMax_pro,NaN,NaN,NaN,1,0
CER_12_13_0,52,AllineamentoVirtu,MinMax_con,-0.307692,27,51,1,1
CER_12_13_0,52,AllineamentoVirtu,QoS_orig,-0.666667,13,65,1,1
CER_12_13_0,52,AllineamentoVirtu,QoS_new,-0.435897,22,56,1,1
CER_12_13_0,52,AllineamentoVirtu,EI_orig,-0.717949,11,67,1,1
CER_12_13_0,52,AllineamentoVirtu,EI_new,-0.512821,19,59,1,1
CER_12_13_0,52,AllineamentoVirtu,Jain,-0.384615,24,54,1,1
CER_12_13_0,52,AllineamentoVirtu,Gini,-0.717949,11,67,1,1
CER_12_13_0,52,AllineamentoVirtu,FairnessIndex,0.230769,48,30,1,1
CER_12_13_0,52,AllineamentoVirtu,Sigma,0.282051,50,28,1,1
CER_12_13_0,52,AllineamentoVirtu,QuoteNulle,NaN,NaN,NaN,1,0
CER_12_13_0,52,AllineamentoVirtu,EccessoMax_EUR,NaN,NaN,NaN,1,0
CER_12_13_0,52,AllineamentoVirtu,CoalizioniInstabili,NaN,NaN,NaN,1,0
CER_12_13_0,52,AllineamentoVirtu,ForzaIncentivante,0.897436,74,4,1,1
CER_12_13_0,52,AllineamentoVirtu,AllineamentoVirtu,1,NaN,NaN,1,1
CER_12_13_0,52,AllineamentoVirtu,ForzaIncentivante_lordo,0.820513,71,7,1,1
CER_12_13_0,52,AllineamentoVirtu,AllineamentoVirtu_lordo,0.74359,68,10,1,1
CER_12_13_0,52,AllineamentoVirtu,VAN_min_EUR,NaN,NaN,NaN,1,0
CER_12_13_0,52,ForzaIncentivante_lordo,MinMax_pro,NaN,NaN,NaN,1,0
CER_12_13_0,52,ForzaIncentivante_lordo,MinMax_con,-0.333333,26,52,1,1
CER_12_13_0,52,ForzaIncentivante_lordo,QoS_orig,-0.641026,14,64,1,1
CER_12_13_0,52,ForzaIncentivante_lordo,QoS_new,-0.410256,23,55,1,1
CER_12_13_0,52,ForzaIncentivante_lordo,EI_orig,-0.794872,8,70,1,1
CER_12_13_0,52,ForzaIncentivante_lordo,EI_new,-0.435897,22,56,1,1
CER_12_13_0,52,ForzaIncentivante_lordo,Jain,-0.358974,25,53,1,1
CER_12_13_0,52,ForzaIncentivante_lordo,Gini,-0.794872,8,70,1,1
CER_12_13_0,52,ForzaIncentivante_lordo,FairnessIndex,0.205128,47,31,1,1
CER_12_13_0,52,ForzaIncentivante_lordo,Sigma,0.153846,45,33,1,1
CER_12_13_0,52,ForzaIncentivante_lordo,QuoteNulle,NaN,NaN,NaN,1,0
CER_12_13_0,52,ForzaIncentivante_lordo,EccessoMax_EUR,NaN,NaN,NaN,1,0
CER_12_13_0,52,ForzaIncentivante_lordo,CoalizioniInstabili,NaN,NaN,NaN,1,0
CER_12_13_0,52,ForzaIncentivante_lordo,ForzaIncentivante,0.923077,75,3,1,1
CER_12_13_0,52,ForzaIncentivante_lordo,AllineamentoVirtu,0.820513,71,7,1,1
CER_12_13_0,52,ForzaIncentivante_lordo,ForzaIncentivante_lordo,1,NaN,NaN,1,1
CER_12_13_0,52,ForzaIncentivante_lordo,AllineamentoVirtu_lordo,0.923077,75,3,1,1
CER_12_13_0,52,ForzaIncentivante_lordo,VAN_min_EUR,NaN,NaN,NaN,1,0
CER_12_13_0,52,AllineamentoVirtu_lordo,MinMax_pro,NaN,NaN,NaN,1,0
CER_12_13_0,52,AllineamentoVirtu_lordo,MinMax_con,-0.25641,29,49,1,1
CER_12_13_0,52,AllineamentoVirtu_lordo,QoS_orig,-0.564103,17,61,1,1
CER_12_13_0,52,AllineamentoVirtu_lordo,QoS_new,-0.333333,26,52,1,1
CER_12_13_0,52,AllineamentoVirtu_lordo,EI_orig,-0.717949,11,67,1,1
CER_12_13_0,52,AllineamentoVirtu_lordo,EI_new,-0.358974,25,53,1,1
CER_12_13_0,52,AllineamentoVirtu_lordo,Jain,-0.282051,28,50,1,1
CER_12_13_0,52,AllineamentoVirtu_lordo,Gini,-0.717949,11,67,1,1
CER_12_13_0,52,AllineamentoVirtu_lordo,FairnessIndex,0.128205,44,34,1,1
CER_12_13_0,52,AllineamentoVirtu_lordo,Sigma,0.0769231,42,36,1,1
CER_12_13_0,52,AllineamentoVirtu_lordo,QuoteNulle,NaN,NaN,NaN,1,0
CER_12_13_0,52,AllineamentoVirtu_lordo,EccessoMax_EUR,NaN,NaN,NaN,1,0
CER_12_13_0,52,AllineamentoVirtu_lordo,CoalizioniInstabili,NaN,NaN,NaN,1,0
CER_12_13_0,52,AllineamentoVirtu_lordo,ForzaIncentivante,0.846154,72,6,1,1
CER_12_13_0,52,AllineamentoVirtu_lordo,AllineamentoVirtu,0.74359,68,10,1,1
CER_12_13_0,52,AllineamentoVirtu_lordo,ForzaIncentivante_lordo,0.923077,75,3,1,1
CER_12_13_0,52,AllineamentoVirtu_lordo,AllineamentoVirtu_lordo,1,NaN,NaN,1,1
CER_12_13_0,52,AllineamentoVirtu_lordo,VAN_min_EUR,NaN,NaN,NaN,1,0
CER_12_13_0,52,VAN_min_EUR,MinMax_pro,NaN,NaN,NaN,0,0
CER_12_13_0,52,VAN_min_EUR,MinMax_con,NaN,NaN,NaN,0,1
CER_12_13_0,52,VAN_min_EUR,QoS_orig,NaN,NaN,NaN,0,1
CER_12_13_0,52,VAN_min_EUR,QoS_new,NaN,NaN,NaN,0,1
CER_12_13_0,52,VAN_min_EUR,EI_orig,NaN,NaN,NaN,0,1
CER_12_13_0,52,VAN_min_EUR,EI_new,NaN,NaN,NaN,0,1
CER_12_13_0,52,VAN_min_EUR,Jain,NaN,NaN,NaN,0,1
CER_12_13_0,52,VAN_min_EUR,Gini,NaN,NaN,NaN,0,1
CER_12_13_0,52,VAN_min_EUR,FairnessIndex,NaN,NaN,NaN,0,1
CER_12_13_0,52,VAN_min_EUR,Sigma,NaN,NaN,NaN,0,1
CER_12_13_0,52,VAN_min_EUR,QuoteNulle,NaN,NaN,NaN,0,0
CER_12_13_0,52,VAN_min_EUR,EccessoMax_EUR,NaN,NaN,NaN,0,0
CER_12_13_0,52,VAN_min_EUR,CoalizioniInstabili,NaN,NaN,NaN,0,0
CER_12_13_0,52,VAN_min_EUR,ForzaIncentivante,NaN,NaN,NaN,0,1
CER_12_13_0,52,VAN_min_EUR,AllineamentoVirtu,NaN,NaN,NaN,0,1
CER_12_13_0,52,VAN_min_EUR,ForzaIncentivante_lordo,NaN,NaN,NaN,0,1
CER_12_13_0,52,VAN_min_EUR,AllineamentoVirtu_lordo,NaN,NaN,NaN,0,1
CER_12_13_0,52,VAN_min_EUR,VAN_min_EUR,1,NaN,NaN,0,0
CER_13_5_0,27.78,MinMax_pro,MinMax_pro,1,NaN,NaN,0,0
CER_13_5_0,27.78,MinMax_pro,MinMax_con,NaN,NaN,NaN,0,1
CER_13_5_0,27.78,MinMax_pro,QoS_orig,NaN,NaN,NaN,0,1
CER_13_5_0,27.78,MinMax_pro,QoS_new,NaN,NaN,NaN,0,1
CER_13_5_0,27.78,MinMax_pro,EI_orig,NaN,NaN,NaN,0,1
CER_13_5_0,27.78,MinMax_pro,EI_new,NaN,NaN,NaN,0,1
CER_13_5_0,27.78,MinMax_pro,Jain,NaN,NaN,NaN,0,1
CER_13_5_0,27.78,MinMax_pro,Gini,NaN,NaN,NaN,0,1
CER_13_5_0,27.78,MinMax_pro,FairnessIndex,NaN,NaN,NaN,0,1
CER_13_5_0,27.78,MinMax_pro,Sigma,NaN,NaN,NaN,0,1
CER_13_5_0,27.78,MinMax_pro,QuoteNulle,NaN,NaN,NaN,0,0
CER_13_5_0,27.78,MinMax_pro,EccessoMax_EUR,NaN,NaN,NaN,0,1
CER_13_5_0,27.78,MinMax_pro,CoalizioniInstabili,NaN,NaN,NaN,0,1
CER_13_5_0,27.78,MinMax_pro,ForzaIncentivante,NaN,NaN,NaN,0,1
CER_13_5_0,27.78,MinMax_pro,AllineamentoVirtu,NaN,NaN,NaN,0,1
CER_13_5_0,27.78,MinMax_pro,ForzaIncentivante_lordo,NaN,NaN,NaN,0,1
CER_13_5_0,27.78,MinMax_pro,AllineamentoVirtu_lordo,NaN,NaN,NaN,0,1
CER_13_5_0,27.78,MinMax_pro,VAN_min_EUR,NaN,NaN,NaN,0,0
CER_13_5_0,27.78,MinMax_con,MinMax_pro,NaN,NaN,NaN,1,0
CER_13_5_0,27.78,MinMax_con,MinMax_con,1,NaN,NaN,1,1
CER_13_5_0,27.78,MinMax_con,QoS_orig,0.0769231,42,36,1,1
CER_13_5_0,27.78,MinMax_con,QoS_new,0.794872,70,8,1,1
CER_13_5_0,27.78,MinMax_con,EI_orig,0.179487,46,32,1,1
CER_13_5_0,27.78,MinMax_con,EI_new,0.102564,43,35,1,1
CER_13_5_0,27.78,MinMax_con,Jain,0.102564,43,35,1,1
CER_13_5_0,27.78,MinMax_con,Gini,0.179487,46,32,1,1
CER_13_5_0,27.78,MinMax_con,FairnessIndex,-0.0512821,37,41,1,1
CER_13_5_0,27.78,MinMax_con,Sigma,-0.0769231,36,42,1,1
CER_13_5_0,27.78,MinMax_con,QuoteNulle,NaN,NaN,NaN,1,0
CER_13_5_0,27.78,MinMax_con,EccessoMax_EUR,-0.25641,29,49,1,1
CER_13_5_0,27.78,MinMax_con,CoalizioniInstabili,0.128205,44,34,1,1
CER_13_5_0,27.78,MinMax_con,ForzaIncentivante,-0.0512821,37,41,1,1
CER_13_5_0,27.78,MinMax_con,AllineamentoVirtu,-0.0769231,36,42,1,1
CER_13_5_0,27.78,MinMax_con,ForzaIncentivante_lordo,-0.025641,38,40,1,1
CER_13_5_0,27.78,MinMax_con,AllineamentoVirtu_lordo,0.230769,48,30,1,1
CER_13_5_0,27.78,MinMax_con,VAN_min_EUR,NaN,NaN,NaN,1,0
CER_13_5_0,27.78,QoS_orig,MinMax_pro,NaN,NaN,NaN,1,0
CER_13_5_0,27.78,QoS_orig,MinMax_con,0.0769231,42,36,1,1
CER_13_5_0,27.78,QoS_orig,QoS_orig,1,NaN,NaN,1,1
CER_13_5_0,27.78,QoS_orig,QoS_new,0.128205,44,34,1,1
CER_13_5_0,27.78,QoS_orig,EI_orig,-0.384615,24,54,1,1
CER_13_5_0,27.78,QoS_orig,EI_new,-0.205128,31,47,1,1
CER_13_5_0,27.78,QoS_orig,Jain,0.974359,77,1,1,1
CER_13_5_0,27.78,QoS_orig,Gini,-0.384615,24,54,1,1
CER_13_5_0,27.78,QoS_orig,FairnessIndex,-0.615385,15,63,1,1
CER_13_5_0,27.78,QoS_orig,Sigma,-0.641026,14,64,1,1
CER_13_5_0,27.78,QoS_orig,QuoteNulle,NaN,NaN,NaN,1,0
CER_13_5_0,27.78,QoS_orig,EccessoMax_EUR,-0.410256,23,55,1,1
CER_13_5_0,27.78,QoS_orig,CoalizioniInstabili,-0.487179,20,58,1,1
CER_13_5_0,27.78,QoS_orig,ForzaIncentivante,0.871795,73,5,1,1
CER_13_5_0,27.78,QoS_orig,AllineamentoVirtu,0.846154,72,6,1,1
CER_13_5_0,27.78,QoS_orig,ForzaIncentivante_lordo,0.794872,70,8,1,1
CER_13_5_0,27.78,QoS_orig,AllineamentoVirtu_lordo,0.538462,60,18,1,1
CER_13_5_0,27.78,QoS_orig,VAN_min_EUR,NaN,NaN,NaN,1,0
CER_13_5_0,27.78,QoS_new,MinMax_pro,NaN,NaN,NaN,1,0
CER_13_5_0,27.78,QoS_new,MinMax_con,0.794872,70,8,1,1
CER_13_5_0,27.78,QoS_new,QoS_orig,0.128205,44,34,1,1
CER_13_5_0,27.78,QoS_new,QoS_new,1,NaN,NaN,1,1
CER_13_5_0,27.78,QoS_new,EI_orig,0.025641,40,38,1,1
CER_13_5_0,27.78,QoS_new,EI_new,0.0512821,41,37,1,1
CER_13_5_0,27.78,QoS_new,Jain,0.153846,45,33,1,1
CER_13_5_0,27.78,QoS_new,Gini,0.025641,40,38,1,1
CER_13_5_0,27.78,QoS_new,FairnessIndex,-0.205128,31,47,1,1
CER_13_5_0,27.78,QoS_new,Sigma,-0.230769,30,48,1,1
CER_13_5_0,27.78,QoS_new,QuoteNulle,NaN,NaN,NaN,1,0
CER_13_5_0,27.78,QoS_new,EccessoMax_EUR,-0.410256,23,55,1,1
CER_13_5_0,27.78,QoS_new,CoalizioniInstabili,-0.025641,38,40,1,1
CER_13_5_0,27.78,QoS_new,ForzaIncentivante,0,39,39,1,1
CER_13_5_0,27.78,QoS_new,AllineamentoVirtu,-0.025641,38,40,1,1
CER_13_5_0,27.78,QoS_new,ForzaIncentivante_lordo,0.025641,40,38,1,1
CER_13_5_0,27.78,QoS_new,AllineamentoVirtu_lordo,0.128205,44,34,1,1
CER_13_5_0,27.78,QoS_new,VAN_min_EUR,NaN,NaN,NaN,1,0
CER_13_5_0,27.78,EI_orig,MinMax_pro,NaN,NaN,NaN,1,0
CER_13_5_0,27.78,EI_orig,MinMax_con,0.179487,46,32,1,1
CER_13_5_0,27.78,EI_orig,QoS_orig,-0.384615,24,54,1,1
CER_13_5_0,27.78,EI_orig,QoS_new,0.025641,40,38,1,1
CER_13_5_0,27.78,EI_orig,EI_orig,1,NaN,NaN,1,1
CER_13_5_0,27.78,EI_orig,EI_new,0.358974,53,25,1,1
CER_13_5_0,27.78,EI_orig,Jain,-0.358974,25,53,1,1
CER_13_5_0,27.78,EI_orig,Gini,1,78,0,1,1
CER_13_5_0,27.78,EI_orig,FairnessIndex,0.615385,63,15,1,1
CER_13_5_0,27.78,EI_orig,Sigma,0.589744,62,16,1,1
CER_13_5_0,27.78,EI_orig,QuoteNulle,NaN,NaN,NaN,1,0
CER_13_5_0,27.78,EI_orig,EccessoMax_EUR,0.358974,53,25,1,1
CER_13_5_0,27.78,EI_orig,CoalizioniInstabili,0.641026,64,14,1,1
CER_13_5_0,27.78,EI_orig,ForzaIncentivante,-0.358974,25,53,1,1
CER_13_5_0,27.78,EI_orig,AllineamentoVirtu,-0.333333,26,52,1,1
CER_13_5_0,27.78,EI_orig,ForzaIncentivante_lordo,-0.384615,24,54,1,1
CER_13_5_0,27.78,EI_orig,AllineamentoVirtu_lordo,-0.128205,34,44,1,1
CER_13_5_0,27.78,EI_orig,VAN_min_EUR,NaN,NaN,NaN,1,0
CER_13_5_0,27.78,EI_new,MinMax_pro,NaN,NaN,NaN,1,0
CER_13_5_0,27.78,EI_new,MinMax_con,0.102564,43,35,1,1
CER_13_5_0,27.78,EI_new,QoS_orig,-0.205128,31,47,1,1
CER_13_5_0,27.78,EI_new,QoS_new,0.0512821,41,37,1,1
CER_13_5_0,27.78,EI_new,EI_orig,0.358974,53,25,1,1
CER_13_5_0,27.78,EI_new,EI_new,1,NaN,NaN,1,1
CER_13_5_0,27.78,EI_new,Jain,-0.179487,32,46,1,1
CER_13_5_0,27.78,EI_new,Gini,0.358974,53,25,1,1
CER_13_5_0,27.78,EI_new,FairnessIndex,-0.025641,38,40,1,1
CER_13_5_0,27.78,EI_new,Sigma,-0.0512821,37,41,1,1
CER_13_5_0,27.78,EI_new,QuoteNulle,NaN,NaN,NaN,1,0
CER_13_5_0,27.78,EI_new,EccessoMax_EUR,0.025641,40,38,1,1
CER_13_5_0,27.78,EI_new,CoalizioniInstabili,0.0512821,41,37,1,1
CER_13_5_0,27.78,EI_new,ForzaIncentivante,-0.179487,32,46,1,1
CER_13_5_0,27.78,EI_new,AllineamentoVirtu,-0.153846,33,45,1,1
CER_13_5_0,27.78,EI_new,ForzaIncentivante_lordo,-0.25641,29,49,1,1
CER_13_5_0,27.78,EI_new,AllineamentoVirtu_lordo,-0.153846,33,45,1,1
CER_13_5_0,27.78,EI_new,VAN_min_EUR,NaN,NaN,NaN,1,0
CER_13_5_0,27.78,Jain,MinMax_pro,NaN,NaN,NaN,1,0
CER_13_5_0,27.78,Jain,MinMax_con,0.102564,43,35,1,1
CER_13_5_0,27.78,Jain,QoS_orig,0.974359,77,1,1,1
CER_13_5_0,27.78,Jain,QoS_new,0.153846,45,33,1,1
CER_13_5_0,27.78,Jain,EI_orig,-0.358974,25,53,1,1
CER_13_5_0,27.78,Jain,EI_new,-0.179487,32,46,1,1
CER_13_5_0,27.78,Jain,Jain,1,NaN,NaN,1,1
CER_13_5_0,27.78,Jain,Gini,-0.358974,25,53,1,1
CER_13_5_0,27.78,Jain,FairnessIndex,-0.641026,14,64,1,1
CER_13_5_0,27.78,Jain,Sigma,-0.666667,13,65,1,1
CER_13_5_0,27.78,Jain,QuoteNulle,NaN,NaN,NaN,1,0
CER_13_5_0,27.78,Jain,EccessoMax_EUR,-0.435897,22,56,1,1
CER_13_5_0,27.78,Jain,CoalizioniInstabili,-0.512821,19,59,1,1
CER_13_5_0,27.78,Jain,ForzaIncentivante,0.846154,72,6,1,1
CER_13_5_0,27.78,Jain,AllineamentoVirtu,0.820513,71,7,1,1
CER_13_5_0,27.78,Jain,ForzaIncentivante_lordo,0.769231,69,9,1,1
CER_13_5_0,27.78,Jain,AllineamentoVirtu_lordo,0.512821,59,19,1,1
CER_13_5_0,27.78,Jain,VAN_min_EUR,NaN,NaN,NaN,1,0
CER_13_5_0,27.78,Gini,MinMax_pro,NaN,NaN,NaN,1,0
CER_13_5_0,27.78,Gini,MinMax_con,0.179487,46,32,1,1
CER_13_5_0,27.78,Gini,QoS_orig,-0.384615,24,54,1,1
CER_13_5_0,27.78,Gini,QoS_new,0.025641,40,38,1,1
CER_13_5_0,27.78,Gini,EI_orig,1,78,0,1,1
CER_13_5_0,27.78,Gini,EI_new,0.358974,53,25,1,1
CER_13_5_0,27.78,Gini,Jain,-0.358974,25,53,1,1
CER_13_5_0,27.78,Gini,Gini,1,NaN,NaN,1,1
CER_13_5_0,27.78,Gini,FairnessIndex,0.615385,63,15,1,1
CER_13_5_0,27.78,Gini,Sigma,0.589744,62,16,1,1
CER_13_5_0,27.78,Gini,QuoteNulle,NaN,NaN,NaN,1,0
CER_13_5_0,27.78,Gini,EccessoMax_EUR,0.358974,53,25,1,1
CER_13_5_0,27.78,Gini,CoalizioniInstabili,0.641026,64,14,1,1
CER_13_5_0,27.78,Gini,ForzaIncentivante,-0.358974,25,53,1,1
CER_13_5_0,27.78,Gini,AllineamentoVirtu,-0.333333,26,52,1,1
CER_13_5_0,27.78,Gini,ForzaIncentivante_lordo,-0.384615,24,54,1,1
CER_13_5_0,27.78,Gini,AllineamentoVirtu_lordo,-0.128205,34,44,1,1
CER_13_5_0,27.78,Gini,VAN_min_EUR,NaN,NaN,NaN,1,0
CER_13_5_0,27.78,FairnessIndex,MinMax_pro,NaN,NaN,NaN,1,0
CER_13_5_0,27.78,FairnessIndex,MinMax_con,-0.0512821,37,41,1,1
CER_13_5_0,27.78,FairnessIndex,QoS_orig,-0.615385,15,63,1,1
CER_13_5_0,27.78,FairnessIndex,QoS_new,-0.205128,31,47,1,1
CER_13_5_0,27.78,FairnessIndex,EI_orig,0.615385,63,15,1,1
CER_13_5_0,27.78,FairnessIndex,EI_new,-0.025641,38,40,1,1
CER_13_5_0,27.78,FairnessIndex,Jain,-0.641026,14,64,1,1
CER_13_5_0,27.78,FairnessIndex,Gini,0.615385,63,15,1,1
CER_13_5_0,27.78,FairnessIndex,FairnessIndex,1,NaN,NaN,1,1
CER_13_5_0,27.78,FairnessIndex,Sigma,0.974359,77,1,1,1
CER_13_5_0,27.78,FairnessIndex,QuoteNulle,NaN,NaN,NaN,1,0
CER_13_5_0,27.78,FairnessIndex,EccessoMax_EUR,0.641026,64,14,1,1
CER_13_5_0,27.78,FairnessIndex,CoalizioniInstabili,0.820513,71,7,1,1
CER_13_5_0,27.78,FairnessIndex,ForzaIncentivante,-0.538462,18,60,1,1
CER_13_5_0,27.78,FairnessIndex,AllineamentoVirtu,-0.564103,17,61,1,1
CER_13_5_0,27.78,FairnessIndex,ForzaIncentivante_lordo,-0.410256,23,55,1,1
CER_13_5_0,27.78,FairnessIndex,AllineamentoVirtu_lordo,-0.153846,33,45,1,1
CER_13_5_0,27.78,FairnessIndex,VAN_min_EUR,NaN,NaN,NaN,1,0
CER_13_5_0,27.78,Sigma,MinMax_pro,NaN,NaN,NaN,1,0
CER_13_5_0,27.78,Sigma,MinMax_con,-0.0769231,36,42,1,1
CER_13_5_0,27.78,Sigma,QoS_orig,-0.641026,14,64,1,1
CER_13_5_0,27.78,Sigma,QoS_new,-0.230769,30,48,1,1
CER_13_5_0,27.78,Sigma,EI_orig,0.589744,62,16,1,1
CER_13_5_0,27.78,Sigma,EI_new,-0.0512821,37,41,1,1
CER_13_5_0,27.78,Sigma,Jain,-0.666667,13,65,1,1
CER_13_5_0,27.78,Sigma,Gini,0.589744,62,16,1,1
CER_13_5_0,27.78,Sigma,FairnessIndex,0.974359,77,1,1,1
CER_13_5_0,27.78,Sigma,Sigma,1,NaN,NaN,1,1
CER_13_5_0,27.78,Sigma,QuoteNulle,NaN,NaN,NaN,1,0
CER_13_5_0,27.78,Sigma,EccessoMax_EUR,0.666667,65,13,1,1
CER_13_5_0,27.78,Sigma,CoalizioniInstabili,0.794872,70,8,1,1
CER_13_5_0,27.78,Sigma,ForzaIncentivante,-0.564103,17,61,1,1
CER_13_5_0,27.78,Sigma,AllineamentoVirtu,-0.589744,16,62,1,1
CER_13_5_0,27.78,Sigma,ForzaIncentivante_lordo,-0.435897,22,56,1,1
CER_13_5_0,27.78,Sigma,AllineamentoVirtu_lordo,-0.179487,32,46,1,1
CER_13_5_0,27.78,Sigma,VAN_min_EUR,NaN,NaN,NaN,1,0
CER_13_5_0,27.78,QuoteNulle,MinMax_pro,NaN,NaN,NaN,0,0
CER_13_5_0,27.78,QuoteNulle,MinMax_con,NaN,NaN,NaN,0,1
CER_13_5_0,27.78,QuoteNulle,QoS_orig,NaN,NaN,NaN,0,1
CER_13_5_0,27.78,QuoteNulle,QoS_new,NaN,NaN,NaN,0,1
CER_13_5_0,27.78,QuoteNulle,EI_orig,NaN,NaN,NaN,0,1
CER_13_5_0,27.78,QuoteNulle,EI_new,NaN,NaN,NaN,0,1
CER_13_5_0,27.78,QuoteNulle,Jain,NaN,NaN,NaN,0,1
CER_13_5_0,27.78,QuoteNulle,Gini,NaN,NaN,NaN,0,1
CER_13_5_0,27.78,QuoteNulle,FairnessIndex,NaN,NaN,NaN,0,1
CER_13_5_0,27.78,QuoteNulle,Sigma,NaN,NaN,NaN,0,1
CER_13_5_0,27.78,QuoteNulle,QuoteNulle,1,NaN,NaN,0,0
CER_13_5_0,27.78,QuoteNulle,EccessoMax_EUR,NaN,NaN,NaN,0,1
CER_13_5_0,27.78,QuoteNulle,CoalizioniInstabili,NaN,NaN,NaN,0,1
CER_13_5_0,27.78,QuoteNulle,ForzaIncentivante,NaN,NaN,NaN,0,1
CER_13_5_0,27.78,QuoteNulle,AllineamentoVirtu,NaN,NaN,NaN,0,1
CER_13_5_0,27.78,QuoteNulle,ForzaIncentivante_lordo,NaN,NaN,NaN,0,1
CER_13_5_0,27.78,QuoteNulle,AllineamentoVirtu_lordo,NaN,NaN,NaN,0,1
CER_13_5_0,27.78,QuoteNulle,VAN_min_EUR,NaN,NaN,NaN,0,0
CER_13_5_0,27.78,EccessoMax_EUR,MinMax_pro,NaN,NaN,NaN,1,0
CER_13_5_0,27.78,EccessoMax_EUR,MinMax_con,-0.25641,29,49,1,1
CER_13_5_0,27.78,EccessoMax_EUR,QoS_orig,-0.410256,23,55,1,1
CER_13_5_0,27.78,EccessoMax_EUR,QoS_new,-0.410256,23,55,1,1
CER_13_5_0,27.78,EccessoMax_EUR,EI_orig,0.358974,53,25,1,1
CER_13_5_0,27.78,EccessoMax_EUR,EI_new,0.025641,40,38,1,1
CER_13_5_0,27.78,EccessoMax_EUR,Jain,-0.435897,22,56,1,1
CER_13_5_0,27.78,EccessoMax_EUR,Gini,0.358974,53,25,1,1
CER_13_5_0,27.78,EccessoMax_EUR,FairnessIndex,0.641026,64,14,1,1
CER_13_5_0,27.78,EccessoMax_EUR,Sigma,0.666667,65,13,1,1
CER_13_5_0,27.78,EccessoMax_EUR,QuoteNulle,NaN,NaN,NaN,1,0
CER_13_5_0,27.78,EccessoMax_EUR,EccessoMax_EUR,1,NaN,NaN,1,1
CER_13_5_0,27.78,EccessoMax_EUR,CoalizioniInstabili,0.615385,63,15,1,1
CER_13_5_0,27.78,EccessoMax_EUR,ForzaIncentivante,-0.333333,26,52,1,1
CER_13_5_0,27.78,EccessoMax_EUR,AllineamentoVirtu,-0.358974,25,53,1,1
CER_13_5_0,27.78,EccessoMax_EUR,ForzaIncentivante_lordo,-0.205128,31,47,1,1
CER_13_5_0,27.78,EccessoMax_EUR,AllineamentoVirtu_lordo,0,39,39,1,1
CER_13_5_0,27.78,EccessoMax_EUR,VAN_min_EUR,NaN,NaN,NaN,1,0
CER_13_5_0,27.78,CoalizioniInstabili,MinMax_pro,NaN,NaN,NaN,1,0
CER_13_5_0,27.78,CoalizioniInstabili,MinMax_con,0.128205,44,34,1,1
CER_13_5_0,27.78,CoalizioniInstabili,QoS_orig,-0.487179,20,58,1,1
CER_13_5_0,27.78,CoalizioniInstabili,QoS_new,-0.025641,38,40,1,1
CER_13_5_0,27.78,CoalizioniInstabili,EI_orig,0.641026,64,14,1,1
CER_13_5_0,27.78,CoalizioniInstabili,EI_new,0.0512821,41,37,1,1
CER_13_5_0,27.78,CoalizioniInstabili,Jain,-0.512821,19,59,1,1
CER_13_5_0,27.78,CoalizioniInstabili,Gini,0.641026,64,14,1,1
CER_13_5_0,27.78,CoalizioniInstabili,FairnessIndex,0.820513,71,7,1,1
CER_13_5_0,27.78,CoalizioniInstabili,Sigma,0.794872,70,8,1,1
CER_13_5_0,27.78,CoalizioniInstabili,QuoteNulle,NaN,NaN,NaN,1,0
CER_13_5_0,27.78,CoalizioniInstabili,EccessoMax_EUR,0.615385,63,15,1,1
CER_13_5_0,27.78,CoalizioniInstabili,CoalizioniInstabili,1,NaN,NaN,1,1
CER_13_5_0,27.78,CoalizioniInstabili,ForzaIncentivante,-0.410256,23,55,1,1
CER_13_5_0,27.78,CoalizioniInstabili,AllineamentoVirtu,-0.435897,22,56,1,1
CER_13_5_0,27.78,CoalizioniInstabili,ForzaIncentivante_lordo,-0.282051,28,50,1,1
CER_13_5_0,27.78,CoalizioniInstabili,AllineamentoVirtu_lordo,-0.025641,38,40,1,1
CER_13_5_0,27.78,CoalizioniInstabili,VAN_min_EUR,NaN,NaN,NaN,1,0
CER_13_5_0,27.78,ForzaIncentivante,MinMax_pro,NaN,NaN,NaN,1,0
CER_13_5_0,27.78,ForzaIncentivante,MinMax_con,-0.0512821,37,41,1,1
CER_13_5_0,27.78,ForzaIncentivante,QoS_orig,0.871795,73,5,1,1
CER_13_5_0,27.78,ForzaIncentivante,QoS_new,0,39,39,1,1
CER_13_5_0,27.78,ForzaIncentivante,EI_orig,-0.358974,25,53,1,1
CER_13_5_0,27.78,ForzaIncentivante,EI_new,-0.179487,32,46,1,1
CER_13_5_0,27.78,ForzaIncentivante,Jain,0.846154,72,6,1,1
CER_13_5_0,27.78,ForzaIncentivante,Gini,-0.358974,25,53,1,1
CER_13_5_0,27.78,ForzaIncentivante,FairnessIndex,-0.538462,18,60,1,1
CER_13_5_0,27.78,ForzaIncentivante,Sigma,-0.564103,17,61,1,1
CER_13_5_0,27.78,ForzaIncentivante,QuoteNulle,NaN,NaN,NaN,1,0
CER_13_5_0,27.78,ForzaIncentivante,EccessoMax_EUR,-0.333333,26,52,1,1
CER_13_5_0,27.78,ForzaIncentivante,CoalizioniInstabili,-0.410256,23,55,1,1
CER_13_5_0,27.78,ForzaIncentivante,ForzaIncentivante,1,NaN,NaN,1,1
CER_13_5_0,27.78,ForzaIncentivante,AllineamentoVirtu,0.974359,77,1,1,1
CER_13_5_0,27.78,ForzaIncentivante,ForzaIncentivante_lordo,0.820513,71,7,1,1
CER_13_5_0,27.78,ForzaIncentivante,AllineamentoVirtu_lordo,0.564103,61,17,1,1
CER_13_5_0,27.78,ForzaIncentivante,VAN_min_EUR,NaN,NaN,NaN,1,0
CER_13_5_0,27.78,AllineamentoVirtu,MinMax_pro,NaN,NaN,NaN,1,0
CER_13_5_0,27.78,AllineamentoVirtu,MinMax_con,-0.0769231,36,42,1,1
CER_13_5_0,27.78,AllineamentoVirtu,QoS_orig,0.846154,72,6,1,1
CER_13_5_0,27.78,AllineamentoVirtu,QoS_new,-0.025641,38,40,1,1
CER_13_5_0,27.78,AllineamentoVirtu,EI_orig,-0.333333,26,52,1,1
CER_13_5_0,27.78,AllineamentoVirtu,EI_new,-0.153846,33,45,1,1
CER_13_5_0,27.78,AllineamentoVirtu,Jain,0.820513,71,7,1,1
CER_13_5_0,27.78,AllineamentoVirtu,Gini,-0.333333,26,52,1,1
CER_13_5_0,27.78,AllineamentoVirtu,FairnessIndex,-0.564103,17,61,1,1
CER_13_5_0,27.78,AllineamentoVirtu,Sigma,-0.589744,16,62,1,1
CER_13_5_0,27.78,AllineamentoVirtu,QuoteNulle,NaN,NaN,NaN,1,0
CER_13_5_0,27.78,AllineamentoVirtu,EccessoMax_EUR,-0.358974,25,53,1,1
CER_13_5_0,27.78,AllineamentoVirtu,CoalizioniInstabili,-0.435897,22,56,1,1
CER_13_5_0,27.78,AllineamentoVirtu,ForzaIncentivante,0.974359,77,1,1,1
CER_13_5_0,27.78,AllineamentoVirtu,AllineamentoVirtu,1,NaN,NaN,1,1
CER_13_5_0,27.78,AllineamentoVirtu,ForzaIncentivante_lordo,0.794872,70,8,1,1
CER_13_5_0,27.78,AllineamentoVirtu,AllineamentoVirtu_lordo,0.538462,60,18,1,1
CER_13_5_0,27.78,AllineamentoVirtu,VAN_min_EUR,NaN,NaN,NaN,1,0
CER_13_5_0,27.78,ForzaIncentivante_lordo,MinMax_pro,NaN,NaN,NaN,1,0
CER_13_5_0,27.78,ForzaIncentivante_lordo,MinMax_con,-0.025641,38,40,1,1
CER_13_5_0,27.78,ForzaIncentivante_lordo,QoS_orig,0.794872,70,8,1,1
CER_13_5_0,27.78,ForzaIncentivante_lordo,QoS_new,0.025641,40,38,1,1
CER_13_5_0,27.78,ForzaIncentivante_lordo,EI_orig,-0.384615,24,54,1,1
CER_13_5_0,27.78,ForzaIncentivante_lordo,EI_new,-0.25641,29,49,1,1
CER_13_5_0,27.78,ForzaIncentivante_lordo,Jain,0.769231,69,9,1,1
CER_13_5_0,27.78,ForzaIncentivante_lordo,Gini,-0.384615,24,54,1,1
CER_13_5_0,27.78,ForzaIncentivante_lordo,FairnessIndex,-0.410256,23,55,1,1
CER_13_5_0,27.78,ForzaIncentivante_lordo,Sigma,-0.435897,22,56,1,1
CER_13_5_0,27.78,ForzaIncentivante_lordo,QuoteNulle,NaN,NaN,NaN,1,0
CER_13_5_0,27.78,ForzaIncentivante_lordo,EccessoMax_EUR,-0.205128,31,47,1,1
CER_13_5_0,27.78,ForzaIncentivante_lordo,CoalizioniInstabili,-0.282051,28,50,1,1
CER_13_5_0,27.78,ForzaIncentivante_lordo,ForzaIncentivante,0.820513,71,7,1,1
CER_13_5_0,27.78,ForzaIncentivante_lordo,AllineamentoVirtu,0.794872,70,8,1,1
CER_13_5_0,27.78,ForzaIncentivante_lordo,ForzaIncentivante_lordo,1,NaN,NaN,1,1
CER_13_5_0,27.78,ForzaIncentivante_lordo,AllineamentoVirtu_lordo,0.74359,68,10,1,1
CER_13_5_0,27.78,ForzaIncentivante_lordo,VAN_min_EUR,NaN,NaN,NaN,1,0
CER_13_5_0,27.78,AllineamentoVirtu_lordo,MinMax_pro,NaN,NaN,NaN,1,0
CER_13_5_0,27.78,AllineamentoVirtu_lordo,MinMax_con,0.230769,48,30,1,1
CER_13_5_0,27.78,AllineamentoVirtu_lordo,QoS_orig,0.538462,60,18,1,1
CER_13_5_0,27.78,AllineamentoVirtu_lordo,QoS_new,0.128205,44,34,1,1
CER_13_5_0,27.78,AllineamentoVirtu_lordo,EI_orig,-0.128205,34,44,1,1
CER_13_5_0,27.78,AllineamentoVirtu_lordo,EI_new,-0.153846,33,45,1,1
CER_13_5_0,27.78,AllineamentoVirtu_lordo,Jain,0.512821,59,19,1,1
CER_13_5_0,27.78,AllineamentoVirtu_lordo,Gini,-0.128205,34,44,1,1
CER_13_5_0,27.78,AllineamentoVirtu_lordo,FairnessIndex,-0.153846,33,45,1,1
CER_13_5_0,27.78,AllineamentoVirtu_lordo,Sigma,-0.179487,32,46,1,1
CER_13_5_0,27.78,AllineamentoVirtu_lordo,QuoteNulle,NaN,NaN,NaN,1,0
CER_13_5_0,27.78,AllineamentoVirtu_lordo,EccessoMax_EUR,0,39,39,1,1
CER_13_5_0,27.78,AllineamentoVirtu_lordo,CoalizioniInstabili,-0.025641,38,40,1,1
CER_13_5_0,27.78,AllineamentoVirtu_lordo,ForzaIncentivante,0.564103,61,17,1,1
CER_13_5_0,27.78,AllineamentoVirtu_lordo,AllineamentoVirtu,0.538462,60,18,1,1
CER_13_5_0,27.78,AllineamentoVirtu_lordo,ForzaIncentivante_lordo,0.74359,68,10,1,1
CER_13_5_0,27.78,AllineamentoVirtu_lordo,AllineamentoVirtu_lordo,1,NaN,NaN,1,1
CER_13_5_0,27.78,AllineamentoVirtu_lordo,VAN_min_EUR,NaN,NaN,NaN,1,0
CER_13_5_0,27.78,VAN_min_EUR,MinMax_pro,NaN,NaN,NaN,0,0
CER_13_5_0,27.78,VAN_min_EUR,MinMax_con,NaN,NaN,NaN,0,1
CER_13_5_0,27.78,VAN_min_EUR,QoS_orig,NaN,NaN,NaN,0,1
CER_13_5_0,27.78,VAN_min_EUR,QoS_new,NaN,NaN,NaN,0,1
CER_13_5_0,27.78,VAN_min_EUR,EI_orig,NaN,NaN,NaN,0,1
CER_13_5_0,27.78,VAN_min_EUR,EI_new,NaN,NaN,NaN,0,1
CER_13_5_0,27.78,VAN_min_EUR,Jain,NaN,NaN,NaN,0,1
CER_13_5_0,27.78,VAN_min_EUR,Gini,NaN,NaN,NaN,0,1
CER_13_5_0,27.78,VAN_min_EUR,FairnessIndex,NaN,NaN,NaN,0,1
CER_13_5_0,27.78,VAN_min_EUR,Sigma,NaN,NaN,NaN,0,1
CER_13_5_0,27.78,VAN_min_EUR,QuoteNulle,NaN,NaN,NaN,0,0
CER_13_5_0,27.78,VAN_min_EUR,EccessoMax_EUR,NaN,NaN,NaN,0,1
CER_13_5_0,27.78,VAN_min_EUR,CoalizioniInstabili,NaN,NaN,NaN,0,1
CER_13_5_0,27.78,VAN_min_EUR,ForzaIncentivante,NaN,NaN,NaN,0,1
CER_13_5_0,27.78,VAN_min_EUR,AllineamentoVirtu,NaN,NaN,NaN,0,1
CER_13_5_0,27.78,VAN_min_EUR,ForzaIncentivante_lordo,NaN,NaN,NaN,0,1
CER_13_5_0,27.78,VAN_min_EUR,AllineamentoVirtu_lordo,NaN,NaN,NaN,0,1
CER_13_5_0,27.78,VAN_min_EUR,VAN_min_EUR,1,NaN,NaN,0,0
CER_15_5_0,25,MinMax_pro,MinMax_pro,1,NaN,NaN,0,0
CER_15_5_0,25,MinMax_pro,MinMax_con,NaN,NaN,NaN,0,1
CER_15_5_0,25,MinMax_pro,QoS_orig,NaN,NaN,NaN,0,1
CER_15_5_0,25,MinMax_pro,QoS_new,NaN,NaN,NaN,0,1
CER_15_5_0,25,MinMax_pro,EI_orig,NaN,NaN,NaN,0,1
CER_15_5_0,25,MinMax_pro,EI_new,NaN,NaN,NaN,0,1
CER_15_5_0,25,MinMax_pro,Jain,NaN,NaN,NaN,0,1
CER_15_5_0,25,MinMax_pro,Gini,NaN,NaN,NaN,0,1
CER_15_5_0,25,MinMax_pro,FairnessIndex,NaN,NaN,NaN,0,1
CER_15_5_0,25,MinMax_pro,Sigma,NaN,NaN,NaN,0,1
CER_15_5_0,25,MinMax_pro,QuoteNulle,NaN,NaN,NaN,0,0
CER_15_5_0,25,MinMax_pro,EccessoMax_EUR,NaN,NaN,NaN,0,0
CER_15_5_0,25,MinMax_pro,CoalizioniInstabili,NaN,NaN,NaN,0,0
CER_15_5_0,25,MinMax_pro,ForzaIncentivante,NaN,NaN,NaN,0,1
CER_15_5_0,25,MinMax_pro,AllineamentoVirtu,NaN,NaN,NaN,0,1
CER_15_5_0,25,MinMax_pro,ForzaIncentivante_lordo,NaN,NaN,NaN,0,1
CER_15_5_0,25,MinMax_pro,AllineamentoVirtu_lordo,NaN,NaN,NaN,0,1
CER_15_5_0,25,MinMax_pro,VAN_min_EUR,NaN,NaN,NaN,0,0
CER_15_5_0,25,MinMax_con,MinMax_pro,NaN,NaN,NaN,1,0
CER_15_5_0,25,MinMax_con,MinMax_con,1,NaN,NaN,1,1
CER_15_5_0,25,MinMax_con,QoS_orig,0,39,39,1,1
CER_15_5_0,25,MinMax_con,QoS_new,0.871795,73,5,1,1
CER_15_5_0,25,MinMax_con,EI_orig,0.230769,48,30,1,1
CER_15_5_0,25,MinMax_con,EI_new,0.282051,50,28,1,1
CER_15_5_0,25,MinMax_con,Jain,0,39,39,1,1
CER_15_5_0,25,MinMax_con,Gini,0.230769,48,30,1,1
CER_15_5_0,25,MinMax_con,FairnessIndex,0.025641,40,38,1,1
CER_15_5_0,25,MinMax_con,Sigma,-0.025641,38,40,1,1
CER_15_5_0,25,MinMax_con,QuoteNulle,NaN,NaN,NaN,1,0
CER_15_5_0,25,MinMax_con,EccessoMax_EUR,NaN,NaN,NaN,1,0
CER_15_5_0,25,MinMax_con,CoalizioniInstabili,NaN,NaN,NaN,1,0
CER_15_5_0,25,MinMax_con,ForzaIncentivante,-0.0769231,36,42,1,1
CER_15_5_0,25,MinMax_con,AllineamentoVirtu,-0.0769231,36,42,1,1
CER_15_5_0,25,MinMax_con,ForzaIncentivante_lordo,-0.179487,32,46,1,1
CER_15_5_0,25,MinMax_con,AllineamentoVirtu_lordo,-0.205128,31,47,1,1
CER_15_5_0,25,MinMax_con,VAN_min_EUR,NaN,NaN,NaN,1,0
CER_15_5_0,25,QoS_orig,MinMax_pro,NaN,NaN,NaN,1,0
CER_15_5_0,25,QoS_orig,MinMax_con,0,39,39,1,1
CER_15_5_0,25,QoS_orig,QoS_orig,1,NaN,NaN,1,1
CER_15_5_0,25,QoS_orig,QoS_new,0.128205,44,34,1,1
CER_15_5_0,25,QoS_orig,EI_orig,-0.25641,29,49,1,1
CER_15_5_0,25,QoS_orig,EI_new,-0.461538,21,57,1,1
CER_15_5_0,25,QoS_orig,Jain,1,78,0,1,1
CER_15_5_0,25,QoS_orig,Gini,-0.25641,29,49,1,1
CER_15_5_0,25,QoS_orig,FairnessIndex,-0.666667,13,65,1,1
CER_15_5_0,25,QoS_orig,Sigma,-0.717949,11,67,1,1
CER_15_5_0,25,QoS_orig,QuoteNulle,NaN,NaN,NaN,1,0
CER_15_5_0,25,QoS_orig,EccessoMax_EUR,NaN,NaN,NaN,1,0
CER_15_5_0,25,QoS_orig,CoalizioniInstabili,NaN,NaN,NaN,1,0
CER_15_5_0,25,QoS_orig,ForzaIncentivante,0.923077,75,3,1,1
CER_15_5_0,25,QoS_orig,AllineamentoVirtu,0.923077,75,3,1,1
CER_15_5_0,25,QoS_orig,ForzaIncentivante_lordo,0.717949,67,11,1,1
CER_15_5_0,25,QoS_orig,AllineamentoVirtu_lordo,0.74359,68,10,1,1
CER_15_5_0,25,QoS_orig,VAN_min_EUR,NaN,NaN,NaN,1,0
CER_15_5_0,25,QoS_new,MinMax_pro,NaN,NaN,NaN,1,0
CER_15_5_0,25,QoS_new,MinMax_con,0.871795,73,5,1,1
CER_15_5_0,25,QoS_new,QoS_orig,0.128205,44,34,1,1
CER_15_5_0,25,QoS_new,QoS_new,1,NaN,NaN,1,1
CER_15_5_0,25,QoS_new,EI_orig,0.153846,45,33,1,1
CER_15_5_0,25,QoS_new,EI_new,0.153846,45,33,1,1
CER_15_5_0,25,QoS_new,Jain,0.128205,44,34,1,1
CER_15_5_0,25,QoS_new,Gini,0.153846,45,33,1,1
CER_15_5_0,25,QoS_new,FairnessIndex,-0.102564,35,43,1,1
CER_15_5_0,25,QoS_new,Sigma,-0.153846,33,45,1,1
CER_15_5_0,25,QoS_new,QuoteNulle,NaN,NaN,NaN,1,0
CER_15_5_0,25,QoS_new,EccessoMax_EUR,NaN,NaN,NaN,1,0
CER_15_5_0,25,QoS_new,CoalizioniInstabili,NaN,NaN,NaN,1,0
CER_15_5_0,25,QoS_new,ForzaIncentivante,0.0512821,41,37,1,1
CER_15_5_0,25,QoS_new,AllineamentoVirtu,0.0512821,41,37,1,1
CER_15_5_0,25,QoS_new,ForzaIncentivante_lordo,-0.0512821,37,41,1,1
CER_15_5_0,25,QoS_new,AllineamentoVirtu_lordo,-0.0769231,36,42,1,1
CER_15_5_0,25,QoS_new,VAN_min_EUR,NaN,NaN,NaN,1,0
CER_15_5_0,25,EI_orig,MinMax_pro,NaN,NaN,NaN,1,0
CER_15_5_0,25,EI_orig,MinMax_con,0.230769,48,30,1,1
CER_15_5_0,25,EI_orig,QoS_orig,-0.25641,29,49,1,1
CER_15_5_0,25,EI_orig,QoS_new,0.153846,45,33,1,1
CER_15_5_0,25,EI_orig,EI_orig,1,NaN,NaN,1,1
CER_15_5_0,25,EI_orig,EI_new,0.589744,62,16,1,1
CER_15_5_0,25,EI_orig,Jain,-0.25641,29,49,1,1
CER_15_5_0,25,EI_orig,Gini,1,78,0,1,1
CER_15_5_0,25,EI_orig,FairnessIndex,0.589744,62,16,1,1
CER_15_5_0,25,EI_orig,Sigma,0.538462,60,18,1,1
CER_15_5_0,25,EI_orig,QuoteNulle,NaN,NaN,NaN,1,0
CER_15_5_0,25,EI_orig,EccessoMax_EUR,NaN,NaN,NaN,1,0
CER_15_5_0,25,EI_orig,CoalizioniInstabili,NaN,NaN,NaN,1,0
CER_15_5_0,25,EI_orig,ForzaIncentivante,-0.230769,30,48,1,1
CER_15_5_0,25,EI_orig,AllineamentoVirtu,-0.230769,30,48,1,1
CER_15_5_0,25,EI_orig,ForzaIncentivante_lordo,-0.282051,28,50,1,1
CER_15_5_0,25,EI_orig,AllineamentoVirtu_lordo,-0.25641,29,49,1,1
CER_15_5_0,25,EI_orig,VAN_min_EUR,NaN,NaN,NaN,1,0
CER_15_5_0,25,EI_new,MinMax_pro,NaN,NaN,NaN,1,0
CER_15_5_0,25,EI_new,MinMax_con,0.282051,50,28,1,1
CER_15_5_0,25,EI_new,QoS_orig,-0.461538,21,57,1,1
CER_15_5_0,25,EI_new,QoS_new,0.153846,45,33,1,1
CER_15_5_0,25,EI_new,EI_orig,0.589744,62,16,1,1
CER_15_5_0,25,EI_new,EI_new,1,NaN,NaN,1,1
CER_15_5_0,25,EI_new,Jain,-0.461538,21,57,1,1
CER_15_5_0,25,EI_new,Gini,0.589744,62,16,1,1
CER_15_5_0,25,EI_new,FairnessIndex,0.282051,50,28,1,1
CER_15_5_0,25,EI_new,Sigma,0.230769,48,30,1,1
CER_15_5_0,25,EI_new,QuoteNulle,NaN,NaN,NaN,1,0
CER_15_5_0,25,EI_new,EccessoMax_EUR,NaN,NaN,NaN,1,0
CER_15_5_0,25,EI_new,CoalizioniInstabili,NaN,NaN,NaN,1,0
CER_15_5_0,25,EI_new,ForzaIncentivante,-0.435897,22,56,1,1
CER_15_5_0,25,EI_new,AllineamentoVirtu,-0.435897,22,56,1,1
CER_15_5_0,25,EI_new,ForzaIncentivante_lordo,-0.487179,20,58,1,1
CER_15_5_0,25,EI_new,AllineamentoVirtu_lordo,-0.461538,21,57,1,1
CER_15_5_0,25,EI_new,VAN_min_EUR,NaN,NaN,NaN,1,0
CER_15_5_0,25,Jain,MinMax_pro,NaN,NaN,NaN,1,0
CER_15_5_0,25,Jain,MinMax_con,0,39,39,1,1
CER_15_5_0,25,Jain,QoS_orig,1,78,0,1,1
CER_15_5_0,25,Jain,QoS_new,0.128205,44,34,1,1
CER_15_5_0,25,Jain,EI_orig,-0.25641,29,49,1,1
CER_15_5_0,25,Jain,EI_new,-0.461538,21,57,1,1
CER_15_5_0,25,Jain,Jain,1,NaN,NaN,1,1
CER_15_5_0,25,Jain,Gini,-0.25641,29,49,1,1
CER_15_5_0,25,Jain,FairnessIndex,-0.666667,13,65,1,1
CER_15_5_0,25,Jain,Sigma,-0.717949,11,67,1,1
CER_15_5_0,25,Jain,QuoteNulle,NaN,NaN,NaN,1,0
CER_15_5_0,25,Jain,EccessoMax_EUR,NaN,NaN,NaN,1,0
CER_15_5_0,25,Jain,CoalizioniInstabili,NaN,NaN,NaN,1,0
CER_15_5_0,25,Jain,ForzaIncentivante,0.923077,75,3,1,1
CER_15_5_0,25,Jain,AllineamentoVirtu,0.923077,75,3,1,1
CER_15_5_0,25,Jain,ForzaIncentivante_lordo,0.717949,67,11,1,1
CER_15_5_0,25,Jain,AllineamentoVirtu_lordo,0.74359,68,10,1,1
CER_15_5_0,25,Jain,VAN_min_EUR,NaN,NaN,NaN,1,0
CER_15_5_0,25,Gini,MinMax_pro,NaN,NaN,NaN,1,0
CER_15_5_0,25,Gini,MinMax_con,0.230769,48,30,1,1
CER_15_5_0,25,Gini,QoS_orig,-0.25641,29,49,1,1
CER_15_5_0,25,Gini,QoS_new,0.153846,45,33,1,1
CER_15_5_0,25,Gini,EI_orig,1,78,0,1,1
CER_15_5_0,25,Gini,EI_new,0.589744,62,16,1,1
CER_15_5_0,25,Gini,Jain,-0.25641,29,49,1,1
CER_15_5_0,25,Gini,Gini,1,NaN,NaN,1,1
CER_15_5_0,25,Gini,FairnessIndex,0.589744,62,16,1,1
CER_15_5_0,25,Gini,Sigma,0.538462,60,18,1,1
CER_15_5_0,25,Gini,QuoteNulle,NaN,NaN,NaN,1,0
CER_15_5_0,25,Gini,EccessoMax_EUR,NaN,NaN,NaN,1,0
CER_15_5_0,25,Gini,CoalizioniInstabili,NaN,NaN,NaN,1,0
CER_15_5_0,25,Gini,ForzaIncentivante,-0.230769,30,48,1,1
CER_15_5_0,25,Gini,AllineamentoVirtu,-0.230769,30,48,1,1
CER_15_5_0,25,Gini,ForzaIncentivante_lordo,-0.282051,28,50,1,1
CER_15_5_0,25,Gini,AllineamentoVirtu_lordo,-0.25641,29,49,1,1
CER_15_5_0,25,Gini,VAN_min_EUR,NaN,NaN,NaN,1,0
CER_15_5_0,25,FairnessIndex,MinMax_pro,NaN,NaN,NaN,1,0
CER_15_5_0,25,FairnessIndex,MinMax_con,0.025641,40,38,1,1
CER_15_5_0,25,FairnessIndex,QoS_orig,-0.666667,13,65,1,1
CER_15_5_0,25,FairnessIndex,QoS_new,-0.102564,35,43,1,1
CER_15_5_0,25,FairnessIndex,EI_orig,0.589744,62,16,1,1
CER_15_5_0,25,FairnessIndex,EI_new,0.282051,50,28,1,1
CER_15_5_0,25,FairnessIndex,Jain,-0.666667,13,65,1,1
CER_15_5_0,25,FairnessIndex,Gini,0.589744,62,16,1,1
CER_15_5_0,25,FairnessIndex,FairnessIndex,1,NaN,NaN,1,1
CER_15_5_0,25,FairnessIndex,Sigma,0.948718,76,2,1,1
CER_15_5_0,25,FairnessIndex,QuoteNulle,NaN,NaN,NaN,1,0
CER_15_5_0,25,FairnessIndex,EccessoMax_EUR,NaN,NaN,NaN,1,0
CER_15_5_0,25,FairnessIndex,CoalizioniInstabili,NaN,NaN,NaN,1,0
CER_15_5_0,25,FairnessIndex,ForzaIncentivante,-0.589744,16,62,1,1
CER_15_5_0,25,FairnessIndex,AllineamentoVirtu,-0.589744,16,62,1,1
CER_15_5_0,25,FairnessIndex,ForzaIncentivante_lordo,-0.384615,24,54,1,1
CER_15_5_0,25,FairnessIndex,AllineamentoVirtu_lordo,-0.410256,23,55,1,1
CER_15_5_0,25,FairnessIndex,VAN_min_EUR,NaN,NaN,NaN,1,0
CER_15_5_0,25,Sigma,MinMax_pro,NaN,NaN,NaN,1,0
CER_15_5_0,25,Sigma,MinMax_con,-0.025641,38,40,1,1
CER_15_5_0,25,Sigma,QoS_orig,-0.717949,11,67,1,1
CER_15_5_0,25,Sigma,QoS_new,-0.153846,33,45,1,1
CER_15_5_0,25,Sigma,EI_orig,0.538462,60,18,1,1
CER_15_5_0,25,Sigma,EI_new,0.230769,48,30,1,1
CER_15_5_0,25,Sigma,Jain,-0.717949,11,67,1,1
CER_15_5_0,25,Sigma,Gini,0.538462,60,18,1,1
CER_15_5_0,25,Sigma,FairnessIndex,0.948718,76,2,1,1
CER_15_5_0,25,Sigma,Sigma,1,NaN,NaN,1,1
CER_15_5_0,25,Sigma,QuoteNulle,NaN,NaN,NaN,1,0
CER_15_5_0,25,Sigma,EccessoMax_EUR,NaN,NaN,NaN,1,0
CER_15_5_0,25,Sigma,CoalizioniInstabili,NaN,NaN,NaN,1,0
CER_15_5_0,25,Sigma,ForzaIncentivante,-0.641026,14,64,1,1
CER_15_5_0,25,Sigma,AllineamentoVirtu,-0.641026,14,64,1,1
CER_15_5_0,25,Sigma,ForzaIncentivante_lordo,-0.435897,22,56,1,1
CER_15_5_0,25,Sigma,AllineamentoVirtu_lordo,-0.461538,21,57,1,1
CER_15_5_0,25,Sigma,VAN_min_EUR,NaN,NaN,NaN,1,0
CER_15_5_0,25,QuoteNulle,MinMax_pro,NaN,NaN,NaN,0,0
CER_15_5_0,25,QuoteNulle,MinMax_con,NaN,NaN,NaN,0,1
CER_15_5_0,25,QuoteNulle,QoS_orig,NaN,NaN,NaN,0,1
CER_15_5_0,25,QuoteNulle,QoS_new,NaN,NaN,NaN,0,1
CER_15_5_0,25,QuoteNulle,EI_orig,NaN,NaN,NaN,0,1
CER_15_5_0,25,QuoteNulle,EI_new,NaN,NaN,NaN,0,1
CER_15_5_0,25,QuoteNulle,Jain,NaN,NaN,NaN,0,1
CER_15_5_0,25,QuoteNulle,Gini,NaN,NaN,NaN,0,1
CER_15_5_0,25,QuoteNulle,FairnessIndex,NaN,NaN,NaN,0,1
CER_15_5_0,25,QuoteNulle,Sigma,NaN,NaN,NaN,0,1
CER_15_5_0,25,QuoteNulle,QuoteNulle,1,NaN,NaN,0,0
CER_15_5_0,25,QuoteNulle,EccessoMax_EUR,NaN,NaN,NaN,0,0
CER_15_5_0,25,QuoteNulle,CoalizioniInstabili,NaN,NaN,NaN,0,0
CER_15_5_0,25,QuoteNulle,ForzaIncentivante,NaN,NaN,NaN,0,1
CER_15_5_0,25,QuoteNulle,AllineamentoVirtu,NaN,NaN,NaN,0,1
CER_15_5_0,25,QuoteNulle,ForzaIncentivante_lordo,NaN,NaN,NaN,0,1
CER_15_5_0,25,QuoteNulle,AllineamentoVirtu_lordo,NaN,NaN,NaN,0,1
CER_15_5_0,25,QuoteNulle,VAN_min_EUR,NaN,NaN,NaN,0,0
CER_15_5_0,25,EccessoMax_EUR,MinMax_pro,NaN,NaN,NaN,0,0
CER_15_5_0,25,EccessoMax_EUR,MinMax_con,NaN,NaN,NaN,0,1
CER_15_5_0,25,EccessoMax_EUR,QoS_orig,NaN,NaN,NaN,0,1
CER_15_5_0,25,EccessoMax_EUR,QoS_new,NaN,NaN,NaN,0,1
CER_15_5_0,25,EccessoMax_EUR,EI_orig,NaN,NaN,NaN,0,1
CER_15_5_0,25,EccessoMax_EUR,EI_new,NaN,NaN,NaN,0,1
CER_15_5_0,25,EccessoMax_EUR,Jain,NaN,NaN,NaN,0,1
CER_15_5_0,25,EccessoMax_EUR,Gini,NaN,NaN,NaN,0,1
CER_15_5_0,25,EccessoMax_EUR,FairnessIndex,NaN,NaN,NaN,0,1
CER_15_5_0,25,EccessoMax_EUR,Sigma,NaN,NaN,NaN,0,1
CER_15_5_0,25,EccessoMax_EUR,QuoteNulle,NaN,NaN,NaN,0,0
CER_15_5_0,25,EccessoMax_EUR,EccessoMax_EUR,1,NaN,NaN,0,0
CER_15_5_0,25,EccessoMax_EUR,CoalizioniInstabili,NaN,NaN,NaN,0,0
CER_15_5_0,25,EccessoMax_EUR,ForzaIncentivante,NaN,NaN,NaN,0,1
CER_15_5_0,25,EccessoMax_EUR,AllineamentoVirtu,NaN,NaN,NaN,0,1
CER_15_5_0,25,EccessoMax_EUR,ForzaIncentivante_lordo,NaN,NaN,NaN,0,1
CER_15_5_0,25,EccessoMax_EUR,AllineamentoVirtu_lordo,NaN,NaN,NaN,0,1
CER_15_5_0,25,EccessoMax_EUR,VAN_min_EUR,NaN,NaN,NaN,0,0
CER_15_5_0,25,CoalizioniInstabili,MinMax_pro,NaN,NaN,NaN,0,0
CER_15_5_0,25,CoalizioniInstabili,MinMax_con,NaN,NaN,NaN,0,1
CER_15_5_0,25,CoalizioniInstabili,QoS_orig,NaN,NaN,NaN,0,1
CER_15_5_0,25,CoalizioniInstabili,QoS_new,NaN,NaN,NaN,0,1
CER_15_5_0,25,CoalizioniInstabili,EI_orig,NaN,NaN,NaN,0,1
CER_15_5_0,25,CoalizioniInstabili,EI_new,NaN,NaN,NaN,0,1
CER_15_5_0,25,CoalizioniInstabili,Jain,NaN,NaN,NaN,0,1
CER_15_5_0,25,CoalizioniInstabili,Gini,NaN,NaN,NaN,0,1
CER_15_5_0,25,CoalizioniInstabili,FairnessIndex,NaN,NaN,NaN,0,1
CER_15_5_0,25,CoalizioniInstabili,Sigma,NaN,NaN,NaN,0,1
CER_15_5_0,25,CoalizioniInstabili,QuoteNulle,NaN,NaN,NaN,0,0
CER_15_5_0,25,CoalizioniInstabili,EccessoMax_EUR,NaN,NaN,NaN,0,0
CER_15_5_0,25,CoalizioniInstabili,CoalizioniInstabili,1,NaN,NaN,0,0
CER_15_5_0,25,CoalizioniInstabili,ForzaIncentivante,NaN,NaN,NaN,0,1
CER_15_5_0,25,CoalizioniInstabili,AllineamentoVirtu,NaN,NaN,NaN,0,1
CER_15_5_0,25,CoalizioniInstabili,ForzaIncentivante_lordo,NaN,NaN,NaN,0,1
CER_15_5_0,25,CoalizioniInstabili,AllineamentoVirtu_lordo,NaN,NaN,NaN,0,1
CER_15_5_0,25,CoalizioniInstabili,VAN_min_EUR,NaN,NaN,NaN,0,0
CER_15_5_0,25,ForzaIncentivante,MinMax_pro,NaN,NaN,NaN,1,0
CER_15_5_0,25,ForzaIncentivante,MinMax_con,-0.0769231,36,42,1,1
CER_15_5_0,25,ForzaIncentivante,QoS_orig,0.923077,75,3,1,1
CER_15_5_0,25,ForzaIncentivante,QoS_new,0.0512821,41,37,1,1
CER_15_5_0,25,ForzaIncentivante,EI_orig,-0.230769,30,48,1,1
CER_15_5_0,25,ForzaIncentivante,EI_new,-0.435897,22,56,1,1
CER_15_5_0,25,ForzaIncentivante,Jain,0.923077,75,3,1,1
CER_15_5_0,25,ForzaIncentivante,Gini,-0.230769,30,48,1,1
CER_15_5_0,25,ForzaIncentivante,FairnessIndex,-0.589744,16,62,1,1
CER_15_5_0,25,ForzaIncentivante,Sigma,-0.641026,14,64,1,1
CER_15_5_0,25,ForzaIncentivante,QuoteNulle,NaN,NaN,NaN,1,0
CER_15_5_0,25,ForzaIncentivante,EccessoMax_EUR,NaN,NaN,NaN,1,0
CER_15_5_0,25,ForzaIncentivante,CoalizioniInstabili,NaN,NaN,NaN,1,0
CER_15_5_0,25,ForzaIncentivante,ForzaIncentivante,1,NaN,NaN,1,1
CER_15_5_0,25,ForzaIncentivante,AllineamentoVirtu,1,78,0,1,1
CER_15_5_0,25,ForzaIncentivante,ForzaIncentivante_lordo,0.794872,70,8,1,1
CER_15_5_0,25,ForzaIncentivante,AllineamentoVirtu_lordo,0.820513,71,7,1,1
CER_15_5_0,25,ForzaIncentivante,VAN_min_EUR,NaN,NaN,NaN,1,0
CER_15_5_0,25,AllineamentoVirtu,MinMax_pro,NaN,NaN,NaN,1,0
CER_15_5_0,25,AllineamentoVirtu,MinMax_con,-0.0769231,36,42,1,1
CER_15_5_0,25,AllineamentoVirtu,QoS_orig,0.923077,75,3,1,1
CER_15_5_0,25,AllineamentoVirtu,QoS_new,0.0512821,41,37,1,1
CER_15_5_0,25,AllineamentoVirtu,EI_orig,-0.230769,30,48,1,1
CER_15_5_0,25,AllineamentoVirtu,EI_new,-0.435897,22,56,1,1
CER_15_5_0,25,AllineamentoVirtu,Jain,0.923077,75,3,1,1
CER_15_5_0,25,AllineamentoVirtu,Gini,-0.230769,30,48,1,1
CER_15_5_0,25,AllineamentoVirtu,FairnessIndex,-0.589744,16,62,1,1
CER_15_5_0,25,AllineamentoVirtu,Sigma,-0.641026,14,64,1,1
CER_15_5_0,25,AllineamentoVirtu,QuoteNulle,NaN,NaN,NaN,1,0
CER_15_5_0,25,AllineamentoVirtu,EccessoMax_EUR,NaN,NaN,NaN,1,0
CER_15_5_0,25,AllineamentoVirtu,CoalizioniInstabili,NaN,NaN,NaN,1,0
CER_15_5_0,25,AllineamentoVirtu,ForzaIncentivante,1,78,0,1,1
CER_15_5_0,25,AllineamentoVirtu,AllineamentoVirtu,1,NaN,NaN,1,1
CER_15_5_0,25,AllineamentoVirtu,ForzaIncentivante_lordo,0.794872,70,8,1,1
CER_15_5_0,25,AllineamentoVirtu,AllineamentoVirtu_lordo,0.820513,71,7,1,1
CER_15_5_0,25,AllineamentoVirtu,VAN_min_EUR,NaN,NaN,NaN,1,0
CER_15_5_0,25,ForzaIncentivante_lordo,MinMax_pro,NaN,NaN,NaN,1,0
CER_15_5_0,25,ForzaIncentivante_lordo,MinMax_con,-0.179487,32,46,1,1
CER_15_5_0,25,ForzaIncentivante_lordo,QoS_orig,0.717949,67,11,1,1
CER_15_5_0,25,ForzaIncentivante_lordo,QoS_new,-0.0512821,37,41,1,1
CER_15_5_0,25,ForzaIncentivante_lordo,EI_orig,-0.282051,28,50,1,1
CER_15_5_0,25,ForzaIncentivante_lordo,EI_new,-0.487179,20,58,1,1
CER_15_5_0,25,ForzaIncentivante_lordo,Jain,0.717949,67,11,1,1
CER_15_5_0,25,ForzaIncentivante_lordo,Gini,-0.282051,28,50,1,1
CER_15_5_0,25,ForzaIncentivante_lordo,FairnessIndex,-0.384615,24,54,1,1
CER_15_5_0,25,ForzaIncentivante_lordo,Sigma,-0.435897,22,56,1,1
CER_15_5_0,25,ForzaIncentivante_lordo,QuoteNulle,NaN,NaN,NaN,1,0
CER_15_5_0,25,ForzaIncentivante_lordo,EccessoMax_EUR,NaN,NaN,NaN,1,0
CER_15_5_0,25,ForzaIncentivante_lordo,CoalizioniInstabili,NaN,NaN,NaN,1,0
CER_15_5_0,25,ForzaIncentivante_lordo,ForzaIncentivante,0.794872,70,8,1,1
CER_15_5_0,25,ForzaIncentivante_lordo,AllineamentoVirtu,0.794872,70,8,1,1
CER_15_5_0,25,ForzaIncentivante_lordo,ForzaIncentivante_lordo,1,NaN,NaN,1,1
CER_15_5_0,25,ForzaIncentivante_lordo,AllineamentoVirtu_lordo,0.974359,77,1,1,1
CER_15_5_0,25,ForzaIncentivante_lordo,VAN_min_EUR,NaN,NaN,NaN,1,0
CER_15_5_0,25,AllineamentoVirtu_lordo,MinMax_pro,NaN,NaN,NaN,1,0
CER_15_5_0,25,AllineamentoVirtu_lordo,MinMax_con,-0.205128,31,47,1,1
CER_15_5_0,25,AllineamentoVirtu_lordo,QoS_orig,0.74359,68,10,1,1
CER_15_5_0,25,AllineamentoVirtu_lordo,QoS_new,-0.0769231,36,42,1,1
CER_15_5_0,25,AllineamentoVirtu_lordo,EI_orig,-0.25641,29,49,1,1
CER_15_5_0,25,AllineamentoVirtu_lordo,EI_new,-0.461538,21,57,1,1
CER_15_5_0,25,AllineamentoVirtu_lordo,Jain,0.74359,68,10,1,1
CER_15_5_0,25,AllineamentoVirtu_lordo,Gini,-0.25641,29,49,1,1
CER_15_5_0,25,AllineamentoVirtu_lordo,FairnessIndex,-0.410256,23,55,1,1
CER_15_5_0,25,AllineamentoVirtu_lordo,Sigma,-0.461538,21,57,1,1
CER_15_5_0,25,AllineamentoVirtu_lordo,QuoteNulle,NaN,NaN,NaN,1,0
CER_15_5_0,25,AllineamentoVirtu_lordo,EccessoMax_EUR,NaN,NaN,NaN,1,0
CER_15_5_0,25,AllineamentoVirtu_lordo,CoalizioniInstabili,NaN,NaN,NaN,1,0
CER_15_5_0,25,AllineamentoVirtu_lordo,ForzaIncentivante,0.820513,71,7,1,1
CER_15_5_0,25,AllineamentoVirtu_lordo,AllineamentoVirtu,0.820513,71,7,1,1
CER_15_5_0,25,AllineamentoVirtu_lordo,ForzaIncentivante_lordo,0.974359,77,1,1,1
CER_15_5_0,25,AllineamentoVirtu_lordo,AllineamentoVirtu_lordo,1,NaN,NaN,1,1
CER_15_5_0,25,AllineamentoVirtu_lordo,VAN_min_EUR,NaN,NaN,NaN,1,0
CER_15_5_0,25,VAN_min_EUR,MinMax_pro,NaN,NaN,NaN,0,0
CER_15_5_0,25,VAN_min_EUR,MinMax_con,NaN,NaN,NaN,0,1
CER_15_5_0,25,VAN_min_EUR,QoS_orig,NaN,NaN,NaN,0,1
CER_15_5_0,25,VAN_min_EUR,QoS_new,NaN,NaN,NaN,0,1
CER_15_5_0,25,VAN_min_EUR,EI_orig,NaN,NaN,NaN,0,1
CER_15_5_0,25,VAN_min_EUR,EI_new,NaN,NaN,NaN,0,1
CER_15_5_0,25,VAN_min_EUR,Jain,NaN,NaN,NaN,0,1
CER_15_5_0,25,VAN_min_EUR,Gini,NaN,NaN,NaN,0,1
CER_15_5_0,25,VAN_min_EUR,FairnessIndex,NaN,NaN,NaN,0,1
CER_15_5_0,25,VAN_min_EUR,Sigma,NaN,NaN,NaN,0,1
CER_15_5_0,25,VAN_min_EUR,QuoteNulle,NaN,NaN,NaN,0,0
CER_15_5_0,25,VAN_min_EUR,EccessoMax_EUR,NaN,NaN,NaN,0,0
CER_15_5_0,25,VAN_min_EUR,CoalizioniInstabili,NaN,NaN,NaN,0,0
CER_15_5_0,25,VAN_min_EUR,ForzaIncentivante,NaN,NaN,NaN,0,1
CER_15_5_0,25,VAN_min_EUR,AllineamentoVirtu,NaN,NaN,NaN,0,1
CER_15_5_0,25,VAN_min_EUR,ForzaIncentivante_lordo,NaN,NaN,NaN,0,1
CER_15_5_0,25,VAN_min_EUR,AllineamentoVirtu_lordo,NaN,NaN,NaN,0,1
CER_15_5_0,25,VAN_min_EUR,VAN_min_EUR,1,NaN,NaN,0,0
CER_18_7_0,28,MinMax_pro,MinMax_pro,1,NaN,NaN,0,0
CER_18_7_0,28,MinMax_pro,MinMax_con,NaN,NaN,NaN,0,1
CER_18_7_0,28,MinMax_pro,QoS_orig,NaN,NaN,NaN,0,1
CER_18_7_0,28,MinMax_pro,QoS_new,NaN,NaN,NaN,0,1
CER_18_7_0,28,MinMax_pro,EI_orig,NaN,NaN,NaN,0,1
CER_18_7_0,28,MinMax_pro,EI_new,NaN,NaN,NaN,0,1
CER_18_7_0,28,MinMax_pro,Jain,NaN,NaN,NaN,0,1
CER_18_7_0,28,MinMax_pro,Gini,NaN,NaN,NaN,0,1
CER_18_7_0,28,MinMax_pro,FairnessIndex,NaN,NaN,NaN,0,1
CER_18_7_0,28,MinMax_pro,Sigma,NaN,NaN,NaN,0,1
CER_18_7_0,28,MinMax_pro,QuoteNulle,NaN,NaN,NaN,0,0
CER_18_7_0,28,MinMax_pro,EccessoMax_EUR,NaN,NaN,NaN,0,0
CER_18_7_0,28,MinMax_pro,CoalizioniInstabili,NaN,NaN,NaN,0,0
CER_18_7_0,28,MinMax_pro,ForzaIncentivante,NaN,NaN,NaN,0,1
CER_18_7_0,28,MinMax_pro,AllineamentoVirtu,NaN,NaN,NaN,0,1
CER_18_7_0,28,MinMax_pro,ForzaIncentivante_lordo,NaN,NaN,NaN,0,1
CER_18_7_0,28,MinMax_pro,AllineamentoVirtu_lordo,NaN,NaN,NaN,0,1
CER_18_7_0,28,MinMax_pro,VAN_min_EUR,NaN,NaN,NaN,0,0
CER_18_7_0,28,MinMax_con,MinMax_pro,NaN,NaN,NaN,1,0
CER_18_7_0,28,MinMax_con,MinMax_con,1,NaN,NaN,1,1
CER_18_7_0,28,MinMax_con,QoS_orig,0.102564,43,35,1,1
CER_18_7_0,28,MinMax_con,QoS_new,0.74359,68,10,1,1
CER_18_7_0,28,MinMax_con,EI_orig,0.025641,40,38,1,1
CER_18_7_0,28,MinMax_con,EI_new,0.153846,45,33,1,1
CER_18_7_0,28,MinMax_con,Jain,0.128205,44,34,1,1
CER_18_7_0,28,MinMax_con,Gini,0.025641,40,38,1,1
CER_18_7_0,28,MinMax_con,FairnessIndex,-0.25641,29,49,1,1
CER_18_7_0,28,MinMax_con,Sigma,-0.25641,29,49,1,1
CER_18_7_0,28,MinMax_con,QuoteNulle,NaN,NaN,NaN,1,0
CER_18_7_0,28,MinMax_con,EccessoMax_EUR,NaN,NaN,NaN,1,0
CER_18_7_0,28,MinMax_con,CoalizioniInstabili,NaN,NaN,NaN,1,0
CER_18_7_0,28,MinMax_con,ForzaIncentivante,-0.0512821,37,41,1,1
CER_18_7_0,28,MinMax_con,AllineamentoVirtu,-0.0769231,36,42,1,1
CER_18_7_0,28,MinMax_con,ForzaIncentivante_lordo,-0.230769,30,48,1,1
CER_18_7_0,28,MinMax_con,AllineamentoVirtu_lordo,-0.25641,29,49,1,1
CER_18_7_0,28,MinMax_con,VAN_min_EUR,NaN,NaN,NaN,1,0
CER_18_7_0,28,QoS_orig,MinMax_pro,NaN,NaN,NaN,1,0
CER_18_7_0,28,QoS_orig,MinMax_con,0.102564,43,35,1,1
CER_18_7_0,28,QoS_orig,QoS_orig,1,NaN,NaN,1,1
CER_18_7_0,28,QoS_orig,QoS_new,0.205128,47,31,1,1
CER_18_7_0,28,QoS_orig,EI_orig,-0.564103,17,61,1,1
CER_18_7_0,28,QoS_orig,EI_new,-0.384615,24,54,1,1
CER_18_7_0,28,QoS_orig,Jain,0.974359,77,1,1,1
CER_18_7_0,28,QoS_orig,Gini,-0.564103,17,61,1,1
CER_18_7_0,28,QoS_orig,FairnessIndex,-0.487179,20,58,1,1
CER_18_7_0,28,QoS_orig,Sigma,-0.487179,20,58,1,1
CER_18_7_0,28,QoS_orig,QuoteNulle,NaN,NaN,NaN,1,0
CER_18_7_0,28,QoS_orig,EccessoMax_EUR,NaN,NaN,NaN,1,0
CER_18_7_0,28,QoS_orig,CoalizioniInstabili,NaN,NaN,NaN,1,0
CER_18_7_0,28,QoS_orig,ForzaIncentivante,0.846154,72,6,1,1
CER_18_7_0,28,QoS_orig,AllineamentoVirtu,0.820513,71,7,1,1
CER_18_7_0,28,QoS_orig,ForzaIncentivante_lordo,0.666667,65,13,1,1
CER_18_7_0,28,QoS_orig,AllineamentoVirtu_lordo,0.589744,62,16,1,1
CER_18_7_0,28,QoS_orig,VAN_min_EUR,NaN,NaN,NaN,1,0
CER_18_7_0,28,QoS_new,MinMax_pro,NaN,NaN,NaN,1,0
CER_18_7_0,28,QoS_new,MinMax_con,0.74359,68,10,1,1
CER_18_7_0,28,QoS_new,QoS_orig,0.205128,47,31,1,1
CER_18_7_0,28,QoS_new,QoS_new,1,NaN,NaN,1,1
CER_18_7_0,28,QoS_new,EI_orig,-0.0769231,36,42,1,1
CER_18_7_0,28,QoS_new,EI_new,0.153846,45,33,1,1
CER_18_7_0,28,QoS_new,Jain,0.230769,48,30,1,1
CER_18_7_0,28,QoS_new,Gini,-0.0769231,36,42,1,1
CER_18_7_0,28,QoS_new,FairnessIndex,-0.410256,23,55,1,1
CER_18_7_0,28,QoS_new,Sigma,-0.410256,23,55,1,1
CER_18_7_0,28,QoS_new,QuoteNulle,NaN,NaN,NaN,1,0
CER_18_7_0,28,QoS_new,EccessoMax_EUR,NaN,NaN,NaN,1,0
CER_18_7_0,28,QoS_new,CoalizioniInstabili,NaN,NaN,NaN,1,0
CER_18_7_0,28,QoS_new,ForzaIncentivante,0.0512821,41,37,1,1
CER_18_7_0,28,QoS_new,AllineamentoVirtu,0.025641,40,38,1,1
CER_18_7_0,28,QoS_new,ForzaIncentivante_lordo,-0.128205,34,44,1,1
CER_18_7_0,28,QoS_new,AllineamentoVirtu_lordo,-0.153846,33,45,1,1
CER_18_7_0,28,QoS_new,VAN_min_EUR,NaN,NaN,NaN,1,0
CER_18_7_0,28,EI_orig,MinMax_pro,NaN,NaN,NaN,1,0
CER_18_7_0,28,EI_orig,MinMax_con,0.025641,40,38,1,1
CER_18_7_0,28,EI_orig,QoS_orig,-0.564103,17,61,1,1
CER_18_7_0,28,EI_orig,QoS_new,-0.0769231,36,42,1,1
CER_18_7_0,28,EI_orig,EI_orig,1,NaN,NaN,1,1
CER_18_7_0,28,EI_orig,EI_new,0.512821,59,19,1,1
CER_18_7_0,28,EI_orig,Jain,-0.538462,18,60,1,1
CER_18_7_0,28,EI_orig,Gini,1,78,0,1,1
CER_18_7_0,28,EI_orig,FairnessIndex,0.461538,57,21,1,1
CER_18_7_0,28,EI_orig,Sigma,0.461538,57,21,1,1
CER_18_7_0,28,EI_orig,QuoteNulle,NaN,NaN,NaN,1,0
CER_18_7_0,28,EI_orig,EccessoMax_EUR,NaN,NaN,NaN,1,0
CER_18_7_0,28,EI_orig,CoalizioniInstabili,NaN,NaN,NaN,1,0
CER_18_7_0,28,EI_orig,ForzaIncentivante,-0.564103,17,61,1,1
CER_18_7_0,28,EI_orig,AllineamentoVirtu,-0.538462,18,60,1,1
CER_18_7_0,28,EI_orig,ForzaIncentivante_lordo,-0.538462,18,60,1,1
CER_18_7_0,28,EI_orig,AllineamentoVirtu_lordo,-0.512821,19,59,1,1
CER_18_7_0,28,EI_orig,VAN_min_EUR,NaN,NaN,NaN,1,0
CER_18_7_0,28,EI_new,MinMax_pro,NaN,NaN,NaN,1,0
CER_18_7_0,28,EI_new,MinMax_con,0.153846,45,33,1,1
CER_18_7_0,28,EI_new,QoS_orig,-0.384615,24,54,1,1
CER_18_7_0,28,EI_new,QoS_new,0.153846,45,33,1,1
CER_18_7_0,28,EI_new,EI_orig,0.512821,59,19,1,1
CER_18_7_0,28,EI_new,EI_new,1,NaN,NaN,1,1
CER_18_7_0,28,EI_new,Jain,-0.358974,25,53,1,1
CER_18_7_0,28,EI_new,Gini,0.512821,59,19,1,1
CER_18_7_0,28,EI_new,FairnessIndex,-0.025641,38,40,1,1
CER_18_7_0,28,EI_new,Sigma,-0.025641,38,40,1,1
CER_18_7_0,28,EI_new,QuoteNulle,NaN,NaN,NaN,1,0
CER_18_7_0,28,EI_new,EccessoMax_EUR,NaN,NaN,NaN,1,0
CER_18_7_0,28,EI_new,CoalizioniInstabili,NaN,NaN,NaN,1,0
CER_18_7_0,28,EI_new,ForzaIncentivante,-0.384615,24,54,1,1
CER_18_7_0,28,EI_new,AllineamentoVirtu,-0.358974,25,53,1,1
CER_18_7_0,28,EI_new,ForzaIncentivante_lordo,-0.358974,25,53,1,1
CER_18_7_0,28,EI_new,AllineamentoVirtu_lordo,-0.333333,26,52,1,1
CER_18_7_0,28,EI_new,VAN_min_EUR,NaN,NaN,NaN,1,0
CER_18_7_0,28,Jain,MinMax_pro,NaN,NaN,NaN,1,0
CER_18_7_0,28,Jain,MinMax_con,0.128205,44,34,1,1
CER_18_7_0,28,Jain,QoS_orig,0.974359,77,1,1,1
CER_18_7_0,28,Jain,QoS_new,0.230769,48,30,1,1
CER_18_7_0,28,Jain,EI_orig,-0.538462,18,60,1,1
CER_18_7_0,28,Jain,EI_new,-0.358974,25,53,1,1
CER_18_7_0,28,Jain,Jain,1,NaN,NaN,1,1
CER_18_7_0,28,Jain,Gini,-0.538462,18,60,1,1
CER_18_7_0,28,Jain,FairnessIndex,-0.512821,19,59,1,1
CER_18_7_0,28,Jain,Sigma,-0.512821,19,59,1,1
CER_18_7_0,28,Jain,QuoteNulle,NaN,NaN,NaN,1,0
CER_18_7_0,28,Jain,EccessoMax_EUR,NaN,NaN,NaN,1,0
CER_18_7_0,28,Jain,CoalizioniInstabili,NaN,NaN,NaN,1,0
CER_18_7_0,28,Jain,ForzaIncentivante,0.820513,71,7,1,1
CER_18_7_0,28,Jain,AllineamentoVirtu,0.794872,70,8,1,1
CER_18_7_0,28,Jain,ForzaIncentivante_lordo,0.641026,64,14,1,1
CER_18_7_0,28,Jain,AllineamentoVirtu_lordo,0.564103,61,17,1,1
CER_18_7_0,28,Jain,VAN_min_EUR,NaN,NaN,NaN,1,0
CER_18_7_0,28,Gini,MinMax_pro,NaN,NaN,NaN,1,0
CER_18_7_0,28,Gini,MinMax_con,0.025641,40,38,1,1
CER_18_7_0,28,Gini,QoS_orig,-0.564103,17,61,1,1
CER_18_7_0,28,Gini,QoS_new,-0.0769231,36,42,1,1
CER_18_7_0,28,Gini,EI_orig,1,78,0,1,1
CER_18_7_0,28,Gini,EI_new,0.512821,59,19,1,1
CER_18_7_0,28,Gini,Jain,-0.538462,18,60,1,1
CER_18_7_0,28,Gini,Gini,1,NaN,NaN,1,1
CER_18_7_0,28,Gini,FairnessIndex,0.461538,57,21,1,1
CER_18_7_0,28,Gini,Sigma,0.461538,57,21,1,1
CER_18_7_0,28,Gini,QuoteNulle,NaN,NaN,NaN,1,0
CER_18_7_0,28,Gini,EccessoMax_EUR,NaN,NaN,NaN,1,0
CER_18_7_0,28,Gini,CoalizioniInstabili,NaN,NaN,NaN,1,0
CER_18_7_0,28,Gini,ForzaIncentivante,-0.564103,17,61,1,1
CER_18_7_0,28,Gini,AllineamentoVirtu,-0.538462,18,60,1,1
CER_18_7_0,28,Gini,ForzaIncentivante_lordo,-0.538462,18,60,1,1
CER_18_7_0,28,Gini,AllineamentoVirtu_lordo,-0.512821,19,59,1,1
CER_18_7_0,28,Gini,VAN_min_EUR,NaN,NaN,NaN,1,0
CER_18_7_0,28,FairnessIndex,MinMax_pro,NaN,NaN,NaN,1,0
CER_18_7_0,28,FairnessIndex,MinMax_con,-0.25641,29,49,1,1
CER_18_7_0,28,FairnessIndex,QoS_orig,-0.487179,20,58,1,1
CER_18_7_0,28,FairnessIndex,QoS_new,-0.410256,23,55,1,1
CER_18_7_0,28,FairnessIndex,EI_orig,0.461538,57,21,1,1
CER_18_7_0,28,FairnessIndex,EI_new,-0.025641,38,40,1,1
CER_18_7_0,28,FairnessIndex,Jain,-0.512821,19,59,1,1
CER_18_7_0,28,FairnessIndex,Gini,0.461538,57,21,1,1
CER_18_7_0,28,FairnessIndex,FairnessIndex,1,NaN,NaN,1,1
CER_18_7_0,28,FairnessIndex,Sigma,1,78,0,1,1
CER_18_7_0,28,FairnessIndex,QuoteNulle,NaN,NaN,NaN,1,0
CER_18_7_0,28,FairnessIndex,EccessoMax_EUR,NaN,NaN,NaN,1,0
CER_18_7_0,28,FairnessIndex,CoalizioniInstabili,NaN,NaN,NaN,1,0
CER_18_7_0,28,FairnessIndex,ForzaIncentivante,-0.333333,26,52,1,1
CER_18_7_0,28,FairnessIndex,AllineamentoVirtu,-0.307692,27,51,1,1
CER_18_7_0,28,FairnessIndex,ForzaIncentivante_lordo,-0.205128,31,47,1,1
CER_18_7_0,28,FairnessIndex,AllineamentoVirtu_lordo,-0.230769,30,48,1,1
CER_18_7_0,28,FairnessIndex,VAN_min_EUR,NaN,NaN,NaN,1,0
CER_18_7_0,28,Sigma,MinMax_pro,NaN,NaN,NaN,1,0
CER_18_7_0,28,Sigma,MinMax_con,-0.25641,29,49,1,1
CER_18_7_0,28,Sigma,QoS_orig,-0.487179,20,58,1,1
CER_18_7_0,28,Sigma,QoS_new,-0.410256,23,55,1,1
CER_18_7_0,28,Sigma,EI_orig,0.461538,57,21,1,1
CER_18_7_0,28,Sigma,EI_new,-0.025641,38,40,1,1
CER_18_7_0,28,Sigma,Jain,-0.512821,19,59,1,1
CER_18_7_0,28,Sigma,Gini,0.461538,57,21,1,1
CER_18_7_0,28,Sigma,FairnessIndex,1,78,0,1,1
CER_18_7_0,28,Sigma,Sigma,1,NaN,NaN,1,1
CER_18_7_0,28,Sigma,QuoteNulle,NaN,NaN,NaN,1,0
CER_18_7_0,28,Sigma,EccessoMax_EUR,NaN,NaN,NaN,1,0
CER_18_7_0,28,Sigma,CoalizioniInstabili,NaN,NaN,NaN,1,0
CER_18_7_0,28,Sigma,ForzaIncentivante,-0.333333,26,52,1,1
CER_18_7_0,28,Sigma,AllineamentoVirtu,-0.307692,27,51,1,1
CER_18_7_0,28,Sigma,ForzaIncentivante_lordo,-0.205128,31,47,1,1
CER_18_7_0,28,Sigma,AllineamentoVirtu_lordo,-0.230769,30,48,1,1
CER_18_7_0,28,Sigma,VAN_min_EUR,NaN,NaN,NaN,1,0
CER_18_7_0,28,QuoteNulle,MinMax_pro,NaN,NaN,NaN,0,0
CER_18_7_0,28,QuoteNulle,MinMax_con,NaN,NaN,NaN,0,1
CER_18_7_0,28,QuoteNulle,QoS_orig,NaN,NaN,NaN,0,1
CER_18_7_0,28,QuoteNulle,QoS_new,NaN,NaN,NaN,0,1
CER_18_7_0,28,QuoteNulle,EI_orig,NaN,NaN,NaN,0,1
CER_18_7_0,28,QuoteNulle,EI_new,NaN,NaN,NaN,0,1
CER_18_7_0,28,QuoteNulle,Jain,NaN,NaN,NaN,0,1
CER_18_7_0,28,QuoteNulle,Gini,NaN,NaN,NaN,0,1
CER_18_7_0,28,QuoteNulle,FairnessIndex,NaN,NaN,NaN,0,1
CER_18_7_0,28,QuoteNulle,Sigma,NaN,NaN,NaN,0,1
CER_18_7_0,28,QuoteNulle,QuoteNulle,1,NaN,NaN,0,0
CER_18_7_0,28,QuoteNulle,EccessoMax_EUR,NaN,NaN,NaN,0,0
CER_18_7_0,28,QuoteNulle,CoalizioniInstabili,NaN,NaN,NaN,0,0
CER_18_7_0,28,QuoteNulle,ForzaIncentivante,NaN,NaN,NaN,0,1
CER_18_7_0,28,QuoteNulle,AllineamentoVirtu,NaN,NaN,NaN,0,1
CER_18_7_0,28,QuoteNulle,ForzaIncentivante_lordo,NaN,NaN,NaN,0,1
CER_18_7_0,28,QuoteNulle,AllineamentoVirtu_lordo,NaN,NaN,NaN,0,1
CER_18_7_0,28,QuoteNulle,VAN_min_EUR,NaN,NaN,NaN,0,0
CER_18_7_0,28,EccessoMax_EUR,MinMax_pro,NaN,NaN,NaN,0,0
CER_18_7_0,28,EccessoMax_EUR,MinMax_con,NaN,NaN,NaN,0,1
CER_18_7_0,28,EccessoMax_EUR,QoS_orig,NaN,NaN,NaN,0,1
CER_18_7_0,28,EccessoMax_EUR,QoS_new,NaN,NaN,NaN,0,1
CER_18_7_0,28,EccessoMax_EUR,EI_orig,NaN,NaN,NaN,0,1
CER_18_7_0,28,EccessoMax_EUR,EI_new,NaN,NaN,NaN,0,1
CER_18_7_0,28,EccessoMax_EUR,Jain,NaN,NaN,NaN,0,1
CER_18_7_0,28,EccessoMax_EUR,Gini,NaN,NaN,NaN,0,1
CER_18_7_0,28,EccessoMax_EUR,FairnessIndex,NaN,NaN,NaN,0,1
CER_18_7_0,28,EccessoMax_EUR,Sigma,NaN,NaN,NaN,0,1
CER_18_7_0,28,EccessoMax_EUR,QuoteNulle,NaN,NaN,NaN,0,0
CER_18_7_0,28,EccessoMax_EUR,EccessoMax_EUR,1,NaN,NaN,0,0
CER_18_7_0,28,EccessoMax_EUR,CoalizioniInstabili,NaN,NaN,NaN,0,0
CER_18_7_0,28,EccessoMax_EUR,ForzaIncentivante,NaN,NaN,NaN,0,1
CER_18_7_0,28,EccessoMax_EUR,AllineamentoVirtu,NaN,NaN,NaN,0,1
CER_18_7_0,28,EccessoMax_EUR,ForzaIncentivante_lordo,NaN,NaN,NaN,0,1
CER_18_7_0,28,EccessoMax_EUR,AllineamentoVirtu_lordo,NaN,NaN,NaN,0,1
CER_18_7_0,28,EccessoMax_EUR,VAN_min_EUR,NaN,NaN,NaN,0,0
CER_18_7_0,28,CoalizioniInstabili,MinMax_pro,NaN,NaN,NaN,0,0
CER_18_7_0,28,CoalizioniInstabili,MinMax_con,NaN,NaN,NaN,0,1
CER_18_7_0,28,CoalizioniInstabili,QoS_orig,NaN,NaN,NaN,0,1
CER_18_7_0,28,CoalizioniInstabili,QoS_new,NaN,NaN,NaN,0,1
CER_18_7_0,28,CoalizioniInstabili,EI_orig,NaN,NaN,NaN,0,1
CER_18_7_0,28,CoalizioniInstabili,EI_new,NaN,NaN,NaN,0,1
CER_18_7_0,28,CoalizioniInstabili,Jain,NaN,NaN,NaN,0,1
CER_18_7_0,28,CoalizioniInstabili,Gini,NaN,NaN,NaN,0,1
CER_18_7_0,28,CoalizioniInstabili,FairnessIndex,NaN,NaN,NaN,0,1
CER_18_7_0,28,CoalizioniInstabili,Sigma,NaN,NaN,NaN,0,1
CER_18_7_0,28,CoalizioniInstabili,QuoteNulle,NaN,NaN,NaN,0,0
CER_18_7_0,28,CoalizioniInstabili,EccessoMax_EUR,NaN,NaN,NaN,0,0
CER_18_7_0,28,CoalizioniInstabili,CoalizioniInstabili,1,NaN,NaN,0,0
CER_18_7_0,28,CoalizioniInstabili,ForzaIncentivante,NaN,NaN,NaN,0,1
CER_18_7_0,28,CoalizioniInstabili,AllineamentoVirtu,NaN,NaN,NaN,0,1
CER_18_7_0,28,CoalizioniInstabili,ForzaIncentivante_lordo,NaN,NaN,NaN,0,1
CER_18_7_0,28,CoalizioniInstabili,AllineamentoVirtu_lordo,NaN,NaN,NaN,0,1
CER_18_7_0,28,CoalizioniInstabili,VAN_min_EUR,NaN,NaN,NaN,0,0
CER_18_7_0,28,ForzaIncentivante,MinMax_pro,NaN,NaN,NaN,1,0
CER_18_7_0,28,ForzaIncentivante,MinMax_con,-0.0512821,37,41,1,1
CER_18_7_0,28,ForzaIncentivante,QoS_orig,0.846154,72,6,1,1
CER_18_7_0,28,ForzaIncentivante,QoS_new,0.0512821,41,37,1,1
CER_18_7_0,28,ForzaIncentivante,EI_orig,-0.564103,17,61,1,1
CER_18_7_0,28,ForzaIncentivante,EI_new,-0.384615,24,54,1,1
CER_18_7_0,28,ForzaIncentivante,Jain,0.820513,71,7,1,1
CER_18_7_0,28,ForzaIncentivante,Gini,-0.564103,17,61,1,1
CER_18_7_0,28,ForzaIncentivante,FairnessIndex,-0.333333,26,52,1,1
CER_18_7_0,28,ForzaIncentivante,Sigma,-0.333333,26,52,1,1
CER_18_7_0,28,ForzaIncentivante,QuoteNulle,NaN,NaN,NaN,1,0
CER_18_7_0,28,ForzaIncentivante,EccessoMax_EUR,NaN,NaN,NaN,1,0
CER_18_7_0,28,ForzaIncentivante,CoalizioniInstabili,NaN,NaN,NaN,1,0
CER_18_7_0,28,ForzaIncentivante,ForzaIncentivante,1,NaN,NaN,1,1
CER_18_7_0,28,ForzaIncentivante,AllineamentoVirtu,0.974359,77,1,1,1
CER_18_7_0,28,ForzaIncentivante,ForzaIncentivante_lordo,0.820513,71,7,1,1
CER_18_7_0,28,ForzaIncentivante,AllineamentoVirtu_lordo,0.74359,68,10,1,1
CER_18_7_0,28,ForzaIncentivante,VAN_min_EUR,NaN,NaN,NaN,1,0
CER_18_7_0,28,AllineamentoVirtu,MinMax_pro,NaN,NaN,NaN,1,0
CER_18_7_0,28,AllineamentoVirtu,MinMax_con,-0.0769231,36,42,1,1
CER_18_7_0,28,AllineamentoVirtu,QoS_orig,0.820513,71,7,1,1
CER_18_7_0,28,AllineamentoVirtu,QoS_new,0.025641,40,38,1,1
CER_18_7_0,28,AllineamentoVirtu,EI_orig,-0.538462,18,60,1,1
CER_18_7_0,28,AllineamentoVirtu,EI_new,-0.358974,25,53,1,1
CER_18_7_0,28,AllineamentoVirtu,Jain,0.794872,70,8,1,1
CER_18_7_0,28,AllineamentoVirtu,Gini,-0.538462,18,60,1,1
CER_18_7_0,28,AllineamentoVirtu,FairnessIndex,-0.307692,27,51,1,1
CER_18_7_0,28,AllineamentoVirtu,Sigma,-0.307692,27,51,1,1
CER_18_7_0,28,AllineamentoVirtu,QuoteNulle,NaN,NaN,NaN,1,0
CER_18_7_0,28,AllineamentoVirtu,EccessoMax_EUR,NaN,NaN,NaN,1,0
CER_18_7_0,28,AllineamentoVirtu,CoalizioniInstabili,NaN,NaN,NaN,1,0
CER_18_7_0,28,AllineamentoVirtu,ForzaIncentivante,0.974359,77,1,1,1
CER_18_7_0,28,AllineamentoVirtu,AllineamentoVirtu,1,NaN,NaN,1,1
CER_18_7_0,28,AllineamentoVirtu,ForzaIncentivante_lordo,0.846154,72,6,1,1
CER_18_7_0,28,AllineamentoVirtu,AllineamentoVirtu_lordo,0.769231,69,9,1,1
CER_18_7_0,28,AllineamentoVirtu,VAN_min_EUR,NaN,NaN,NaN,1,0
CER_18_7_0,28,ForzaIncentivante_lordo,MinMax_pro,NaN,NaN,NaN,1,0
CER_18_7_0,28,ForzaIncentivante_lordo,MinMax_con,-0.230769,30,48,1,1
CER_18_7_0,28,ForzaIncentivante_lordo,QoS_orig,0.666667,65,13,1,1
CER_18_7_0,28,ForzaIncentivante_lordo,QoS_new,-0.128205,34,44,1,1
CER_18_7_0,28,ForzaIncentivante_lordo,EI_orig,-0.538462,18,60,1,1
CER_18_7_0,28,ForzaIncentivante_lordo,EI_new,-0.358974,25,53,1,1
CER_18_7_0,28,ForzaIncentivante_lordo,Jain,0.641026,64,14,1,1
CER_18_7_0,28,ForzaIncentivante_lordo,Gini,-0.538462,18,60,1,1
CER_18_7_0,28,ForzaIncentivante_lordo,FairnessIndex,-0.205128,31,47,1,1
CER_18_7_0,28,ForzaIncentivante_lordo,Sigma,-0.205128,31,47,1,1
CER_18_7_0,28,ForzaIncentivante_lordo,QuoteNulle,NaN,NaN,NaN,1,0
CER_18_7_0,28,ForzaIncentivante_lordo,EccessoMax_EUR,NaN,NaN,NaN,1,0
CER_18_7_0,28,ForzaIncentivante_lordo,CoalizioniInstabili,NaN,NaN,NaN,1,0
CER_18_7_0,28,ForzaIncentivante_lordo,ForzaIncentivante,0.820513,71,7,1,1
CER_18_7_0,28,ForzaIncentivante_lordo,AllineamentoVirtu,0.846154,72,6,1,1
CER_18_7_0,28,ForzaIncentivante_lordo,ForzaIncentivante_lordo,1,NaN,NaN,1,1
CER_18_7_0,28,ForzaIncentivante_lordo,AllineamentoVirtu_lordo,0.923077,75,3,1,1
CER_18_7_0,28,ForzaIncentivante_lordo,VAN_min_EUR,NaN,NaN,NaN,1,0
CER_18_7_0,28,AllineamentoVirtu_lordo,MinMax_pro,NaN,NaN,NaN,1,0
CER_18_7_0,28,AllineamentoVirtu_lordo,MinMax_con,-0.25641,29,49,1,1
CER_18_7_0,28,AllineamentoVirtu_lordo,QoS_orig,0.589744,62,16,1,1
CER_18_7_0,28,AllineamentoVirtu_lordo,QoS_new,-0.153846,33,45,1,1
CER_18_7_0,28,AllineamentoVirtu_lordo,EI_orig,-0.512821,19,59,1,1
CER_18_7_0,28,AllineamentoVirtu_lordo,EI_new,-0.333333,26,52,1,1
CER_18_7_0,28,AllineamentoVirtu_lordo,Jain,0.564103,61,17,1,1
CER_18_7_0,28,AllineamentoVirtu_lordo,Gini,-0.512821,19,59,1,1
CER_18_7_0,28,AllineamentoVirtu_lordo,FairnessIndex,-0.230769,30,48,1,1
CER_18_7_0,28,AllineamentoVirtu_lordo,Sigma,-0.230769,30,48,1,1
CER_18_7_0,28,AllineamentoVirtu_lordo,QuoteNulle,NaN,NaN,NaN,1,0
CER_18_7_0,28,AllineamentoVirtu_lordo,EccessoMax_EUR,NaN,NaN,NaN,1,0
CER_18_7_0,28,AllineamentoVirtu_lordo,CoalizioniInstabili,NaN,NaN,NaN,1,0
CER_18_7_0,28,AllineamentoVirtu_lordo,ForzaIncentivante,0.74359,68,10,1,1
CER_18_7_0,28,AllineamentoVirtu_lordo,AllineamentoVirtu,0.769231,69,9,1,1
CER_18_7_0,28,AllineamentoVirtu_lordo,ForzaIncentivante_lordo,0.923077,75,3,1,1
CER_18_7_0,28,AllineamentoVirtu_lordo,AllineamentoVirtu_lordo,1,NaN,NaN,1,1
CER_18_7_0,28,AllineamentoVirtu_lordo,VAN_min_EUR,NaN,NaN,NaN,1,0
CER_18_7_0,28,VAN_min_EUR,MinMax_pro,NaN,NaN,NaN,0,0
CER_18_7_0,28,VAN_min_EUR,MinMax_con,NaN,NaN,NaN,0,1
CER_18_7_0,28,VAN_min_EUR,QoS_orig,NaN,NaN,NaN,0,1
CER_18_7_0,28,VAN_min_EUR,QoS_new,NaN,NaN,NaN,0,1
CER_18_7_0,28,VAN_min_EUR,EI_orig,NaN,NaN,NaN,0,1
CER_18_7_0,28,VAN_min_EUR,EI_new,NaN,NaN,NaN,0,1
CER_18_7_0,28,VAN_min_EUR,Jain,NaN,NaN,NaN,0,1
CER_18_7_0,28,VAN_min_EUR,Gini,NaN,NaN,NaN,0,1
CER_18_7_0,28,VAN_min_EUR,FairnessIndex,NaN,NaN,NaN,0,1
CER_18_7_0,28,VAN_min_EUR,Sigma,NaN,NaN,NaN,0,1
CER_18_7_0,28,VAN_min_EUR,QuoteNulle,NaN,NaN,NaN,0,0
CER_18_7_0,28,VAN_min_EUR,EccessoMax_EUR,NaN,NaN,NaN,0,0
CER_18_7_0,28,VAN_min_EUR,CoalizioniInstabili,NaN,NaN,NaN,0,0
CER_18_7_0,28,VAN_min_EUR,ForzaIncentivante,NaN,NaN,NaN,0,1
CER_18_7_0,28,VAN_min_EUR,AllineamentoVirtu,NaN,NaN,NaN,0,1
CER_18_7_0,28,VAN_min_EUR,ForzaIncentivante_lordo,NaN,NaN,NaN,0,1
CER_18_7_0,28,VAN_min_EUR,AllineamentoVirtu_lordo,NaN,NaN,NaN,0,1
CER_18_7_0,28,VAN_min_EUR,VAN_min_EUR,1,NaN,NaN,0,0
CER_2_3_0,60,MinMax_pro,MinMax_pro,1,NaN,NaN,0,0
CER_2_3_0,60,MinMax_pro,MinMax_con,NaN,NaN,NaN,0,1
CER_2_3_0,60,MinMax_pro,QoS_orig,NaN,NaN,NaN,0,1
CER_2_3_0,60,MinMax_pro,QoS_new,NaN,NaN,NaN,0,1
CER_2_3_0,60,MinMax_pro,EI_orig,NaN,NaN,NaN,0,1
CER_2_3_0,60,MinMax_pro,EI_new,NaN,NaN,NaN,0,1
CER_2_3_0,60,MinMax_pro,Jain,NaN,NaN,NaN,0,1
CER_2_3_0,60,MinMax_pro,Gini,NaN,NaN,NaN,0,1
CER_2_3_0,60,MinMax_pro,FairnessIndex,NaN,NaN,NaN,0,1
CER_2_3_0,60,MinMax_pro,Sigma,NaN,NaN,NaN,0,1
CER_2_3_0,60,MinMax_pro,QuoteNulle,NaN,NaN,NaN,0,0
CER_2_3_0,60,MinMax_pro,EccessoMax_EUR,NaN,NaN,NaN,0,1
CER_2_3_0,60,MinMax_pro,CoalizioniInstabili,NaN,NaN,NaN,0,1
CER_2_3_0,60,MinMax_pro,ForzaIncentivante,NaN,NaN,NaN,0,1
CER_2_3_0,60,MinMax_pro,AllineamentoVirtu,NaN,NaN,NaN,0,1
CER_2_3_0,60,MinMax_pro,ForzaIncentivante_lordo,NaN,NaN,NaN,0,1
CER_2_3_0,60,MinMax_pro,AllineamentoVirtu_lordo,NaN,NaN,NaN,0,1
CER_2_3_0,60,MinMax_pro,VAN_min_EUR,NaN,NaN,NaN,0,0
CER_2_3_0,60,MinMax_con,MinMax_pro,NaN,NaN,NaN,1,0
CER_2_3_0,60,MinMax_con,MinMax_con,1,NaN,NaN,1,1
CER_2_3_0,60,MinMax_con,QoS_orig,0.487179,58,20,1,1
CER_2_3_0,60,MinMax_con,QoS_new,0.846154,72,6,1,1
CER_2_3_0,60,MinMax_con,EI_orig,0.410256,55,23,1,1
CER_2_3_0,60,MinMax_con,EI_new,0.461538,57,21,1,1
CER_2_3_0,60,MinMax_con,Jain,0.641026,64,14,1,1
CER_2_3_0,60,MinMax_con,Gini,0.410256,55,23,1,1
CER_2_3_0,60,MinMax_con,FairnessIndex,-0.512821,19,59,1,1
CER_2_3_0,60,MinMax_con,Sigma,-0.538462,18,60,1,1
CER_2_3_0,60,MinMax_con,QuoteNulle,NaN,NaN,NaN,1,0
CER_2_3_0,60,MinMax_con,EccessoMax_EUR,-0.641026,14,64,1,1
CER_2_3_0,60,MinMax_con,CoalizioniInstabili,-0.328103,20,43,1,1
CER_2_3_0,60,MinMax_con,ForzaIncentivante,-0.461538,21,57,1,1
CER_2_3_0,60,MinMax_con,AllineamentoVirtu,-0.435897,22,56,1,1
CER_2_3_0,60,MinMax_con,ForzaIncentivante_lordo,-0.487179,20,58,1,1
CER_2_3_0,60,MinMax_con,AllineamentoVirtu_lordo,-0.307692,27,51,1,1
CER_2_3_0,60,MinMax_con,VAN_min_EUR,NaN,NaN,NaN,1,0
CER_2_3_0,60,QoS_orig,MinMax_pro,NaN,NaN,NaN,1,0
CER_2_3_0,60,QoS_orig,MinMax_con,0.487179,58,20,1,1
CER_2_3_0,60,QoS_orig,QoS_orig,1,NaN,NaN,1,1
CER_2_3_0,60,QoS_orig,QoS_new,0.641026,64,14,1,1
CER_2_3_0,60,QoS_orig,EI_orig,0.820513,71,7,1,1
CER_2_3_0,60,QoS_orig,EI_new,0.153846,45,33,1,1
CER_2_3_0,60,QoS_orig,Jain,0.846154,72,6,1,1
CER_2_3_0,60,QoS_orig,Gini,0.820513,71,7,1,1
CER_2_3_0,60,QoS_orig,FairnessIndex,-0.25641,29,49,1,1
CER_2_3_0,60,QoS_orig,Sigma,-0.230769,30,48,1,1
CER_2_3_0,60,QoS_orig,QuoteNulle,NaN,NaN,NaN,1,0
CER_2_3_0,60,QoS_orig,EccessoMax_EUR,-0.435897,22,56,1,1
CER_2_3_0,60,QoS_orig,CoalizioniInstabili,-0.242511,23,40,1,1
CER_2_3_0,60,QoS_orig,ForzaIncentivante,-0.923077,3,75,1,1
CER_2_3_0,60,QoS_orig,AllineamentoVirtu,-0.948718,2,76,1,1
CER_2_3_0,60,QoS_orig,ForzaIncentivante_lordo,-0.948718,2,76,1,1
CER_2_3_0,60,QoS_orig,AllineamentoVirtu_lordo,-0.717949,11,67,1,1
CER_2_3_0,60,QoS_orig,VAN_min_EUR,NaN,NaN,NaN,1,0
CER_2_3_0,60,QoS_new,MinMax_pro,NaN,NaN,NaN,1,0
CER_2_3_0,60,QoS_new,MinMax_con,0.846154,72,6,1,1
CER_2_3_0,60,QoS_new,QoS_orig,0.641026,64,14,1,1
CER_2_3_0,60,QoS_new,QoS_new,1,NaN,NaN,1,1
CER_2_3_0,60,QoS_new,EI_orig,0.512821,59,19,1,1
CER_2_3_0,60,QoS_new,EI_new,0.410256,55,23,1,1
CER_2_3_0,60,QoS_new,Jain,0.794872,70,8,1,1
CER_2_3_0,60,QoS_new,Gini,0.512821,59,19,1,1
CER_2_3_0,60,QoS_new,FairnessIndex,-0.461538,21,57,1,1
CER_2_3_0,60,QoS_new,Sigma,-0.487179,20,58,1,1
CER_2_3_0,60,QoS_new,QuoteNulle,NaN,NaN,NaN,1,0
CER_2_3_0,60,QoS_new,EccessoMax_EUR,-0.641026,14,64,1,1
CER_2_3_0,60,QoS_new,CoalizioniInstabili,-0.299572,21,42,1,1
CER_2_3_0,60,QoS_new,ForzaIncentivante,-0.615385,15,63,1,1
CER_2_3_0,60,QoS_new,AllineamentoVirtu,-0.589744,16,62,1,1
CER_2_3_0,60,QoS_new,ForzaIncentivante_lordo,-0.641026,14,64,1,1
CER_2_3_0,60,QoS_new,AllineamentoVirtu_lordo,-0.410256,23,55,1,1
CER_2_3_0,60,QoS_new,VAN_min_EUR,NaN,NaN,NaN,1,0
CER_2_3_0,60,EI_orig,MinMax_pro,NaN,NaN,NaN,1,0
CER_2_3_0,60,EI_orig,MinMax_con,0.410256,55,23,1,1
CER_2_3_0,60,EI_orig,QoS_orig,0.820513,71,7,1,1
CER_2_3_0,60,EI_orig,QoS_new,0.512821,59,19,1,1
CER_2_3_0,60,EI_orig,EI_orig,1,NaN,NaN,1,1
CER_2_3_0,60,EI_orig,EI_new,0.179487,46,32,1,1
CER_2_3_0,60,EI_orig,Jain,0.666667,65,13,1,1
CER_2_3_0,60,EI_orig,Gini,1,78,0,1,1
CER_2_3_0,60,EI_orig,FairnessIndex,-0.128205,34,44,1,1
CER_2_3_0,60,EI_orig,Sigma,-0.0512821,37,41,1,1
CER_2_3_0,60,EI_orig,QuoteNulle,NaN,NaN,NaN,1,0
CER_2_3_0,60,EI_orig,EccessoMax_EUR,-0.307692,27,51,1,1
CER_2_3_0,60,EI_orig,CoalizioniInstabili,-0.0713267,29,34,1,1
CER_2_3_0,60,EI_orig,ForzaIncentivante,-0.846154,6,72,1,1
CER_2_3_0,60,EI_orig,AllineamentoVirtu,-0.820513,7,71,1,1
CER_2_3_0,60,EI_orig,ForzaIncentivante_lordo,-0.820513,7,71,1,1
CER_2_3_0,60,EI_orig,AllineamentoVirtu_lordo,-0.589744,16,62,1,1
CER_2_3_0,60,EI_orig,VAN_min_EUR,NaN,NaN,NaN,1,0
CER_2_3_0,60,EI_new,MinMax_pro,NaN,NaN,NaN,1,0
CER_2_3_0,60,EI_new,MinMax_con,0.461538,57,21,1,1
CER_2_3_0,60,EI_new,QoS_orig,0.153846,45,33,1,1
CER_2_3_0,60,EI_new,QoS_new,0.410256,55,23,1,1
CER_2_3_0,60,EI_new,EI_orig,0.179487,46,32,1,1
CER_2_3_0,60,EI_new,EI_new,1,NaN,NaN,1,1
CER_2_3_0,60,EI_new,Jain,0.25641,49,29,1,1
CER_2_3_0,60,EI_new,Gini,0.179487,46,32,1,1
CER_2_3_0,60,EI_new,FairnessIndex,-0.487179,20,58,1,1
CER_2_3_0,60,EI_new,Sigma,-0.512821,19,59,1,1
CER_2_3_0,60,EI_new,QuoteNulle,NaN,NaN,NaN,1,0
CER_2_3_0,60,EI_new,EccessoMax_EUR,-0.666667,13,65,1,1
CER_2_3_0,60,EI_new,CoalizioniInstabili,-0.271042,22,41,1,1
CER_2_3_0,60,EI_new,ForzaIncentivante,-0.128205,34,44,1,1
CER_2_3_0,60,EI_new,AllineamentoVirtu,-0.153846,33,45,1,1
CER_2_3_0,60,EI_new,ForzaIncentivante_lordo,-0.153846,33,45,1,1
CER_2_3_0,60,EI_new,AllineamentoVirtu_lordo,-0.333333,26,52,1,1
CER_2_3_0,60,EI_new,VAN_min_EUR,NaN,NaN,NaN,1,0
CER_2_3_0,60,Jain,MinMax_pro,NaN,NaN,NaN,1,0
CER_2_3_0,60,Jain,MinMax_con,0.641026,64,14,1,1
CER_2_3_0,60,Jain,QoS_orig,0.846154,72,6,1,1
CER_2_3_0,60,Jain,QoS_new,0.794872,70,8,1,1
CER_2_3_0,60,Jain,EI_orig,0.666667,65,13,1,1
CER_2_3_0,60,Jain,EI_new,0.25641,49,29,1,1
CER_2_3_0,60,Jain,Jain,1,NaN,NaN,1,1
CER_2_3_0,60,Jain,Gini,0.666667,65,13,1,1
CER_2_3_0,60,Jain,FairnessIndex,-0.358974,25,53,1,1
CER_2_3_0,60,Jain,Sigma,-0.333333,26,52,1,1
CER_2_3_0,60,Jain,QuoteNulle,NaN,NaN,NaN,1,0
CER_2_3_0,60,Jain,EccessoMax_EUR,-0.538462,18,60,1,1
CER_2_3_0,60,Jain,CoalizioniInstabili,-0.21398,24,39,1,1
CER_2_3_0,60,Jain,ForzaIncentivante,-0.820513,7,71,1,1
CER_2_3_0,60,Jain,AllineamentoVirtu,-0.794872,8,70,1,1
CER_2_3_0,60,Jain,ForzaIncentivante_lordo,-0.846154,6,72,1,1
CER_2_3_0,60,Jain,AllineamentoVirtu_lordo,-0.615385,15,63,1,1
CER_2_3_0,60,Jain,VAN_min_EUR,NaN,NaN,NaN,1,0
CER_2_3_0,60,Gini,MinMax_pro,NaN,NaN,NaN,1,0
CER_2_3_0,60,Gini,MinMax_con,0.410256,55,23,1,1
CER_2_3_0,60,Gini,QoS_orig,0.820513,71,7,1,1
CER_2_3_0,60,Gini,QoS_new,0.512821,59,19,1,1
CER_2_3_0,60,Gini,EI_orig,1,78,0,1,1
CER_2_3_0,60,Gini,EI_new,0.179487,46,32,1,1
CER_2_3_0,60,Gini,Jain,0.666667,65,13,1,1
CER_2_3_0,60,Gini,Gini,1,NaN,NaN,1,1
CER_2_3_0,60,Gini,FairnessIndex,-0.128205,34,44,1,1
CER_2_3_0,60,Gini,Sigma,-0.0512821,37,41,1,1
CER_2_3_0,60,Gini,QuoteNulle,NaN,NaN,NaN,1,0
CER_2_3_0,60,Gini,EccessoMax_EUR,-0.307692,27,51,1,1
CER_2_3_0,60,Gini,CoalizioniInstabili,-0.0713267,29,34,1,1
CER_2_3_0,60,Gini,ForzaIncentivante,-0.846154,6,72,1,1
CER_2_3_0,60,Gini,AllineamentoVirtu,-0.820513,7,71,1,1
CER_2_3_0,60,Gini,ForzaIncentivante_lordo,-0.820513,7,71,1,1
CER_2_3_0,60,Gini,AllineamentoVirtu_lordo,-0.589744,16,62,1,1
CER_2_3_0,60,Gini,VAN_min_EUR,NaN,NaN,NaN,1,0
CER_2_3_0,60,FairnessIndex,MinMax_pro,NaN,NaN,NaN,1,0
CER_2_3_0,60,FairnessIndex,MinMax_con,-0.512821,19,59,1,1
CER_2_3_0,60,FairnessIndex,QoS_orig,-0.25641,29,49,1,1
CER_2_3_0,60,FairnessIndex,QoS_new,-0.461538,21,57,1,1
CER_2_3_0,60,FairnessIndex,EI_orig,-0.128205,34,44,1,1
CER_2_3_0,60,FairnessIndex,EI_new,-0.487179,20,58,1,1
CER_2_3_0,60,FairnessIndex,Jain,-0.358974,25,53,1,1
CER_2_3_0,60,FairnessIndex,Gini,-0.128205,34,44,1,1
CER_2_3_0,60,FairnessIndex,FairnessIndex,1,NaN,NaN,1,1
CER_2_3_0,60,FairnessIndex,Sigma,0.923077,75,3,1,1
CER_2_3_0,60,FairnessIndex,QuoteNulle,NaN,NaN,NaN,1,0
CER_2_3_0,60,FairnessIndex,EccessoMax_EUR,0.769231,69,9,1,1
CER_2_3_0,60,FairnessIndex,CoalizioniInstabili,0.699002,56,7,1,1
CER_2_3_0,60,FairnessIndex,ForzaIncentivante,0.230769,48,30,1,1
CER_2_3_0,60,FairnessIndex,AllineamentoVirtu,0.307692,51,27,1,1
CER_2_3_0,60,FairnessIndex,ForzaIncentivante_lordo,0.25641,49,29,1,1
CER_2_3_0,60,FairnessIndex,AllineamentoVirtu_lordo,0.435897,56,22,1,1
CER_2_3_0,60,FairnessIndex,VAN_min_EUR,NaN,NaN,NaN,1,0
CER_2_3_0,60,Sigma,MinMax_pro,NaN,NaN,NaN,1,0
CER_2_3_0,60,Sigma,MinMax_con,-0.538462,18,60,1,1
CER_2_3_0,60,Sigma,QoS_orig,-0.230769,30,48,1,1
CER_2_3_0,60,Sigma,QoS_new,-0.487179,20,58,1,1
CER_2_3_0,60,Sigma,EI_orig,-0.0512821,37,41,1,1
CER_2_3_0,60,Sigma,EI_new,-0.512821,19,59,1,1
CER_2_3_0,60,Sigma,Jain,-0.333333,26,52,1,1
CER_2_3_0,60,Sigma,Gini,-0.0512821,37,41,1,1
CER_2_3_0,60,Sigma,FairnessIndex,0.923077,75,3,1,1
CER_2_3_0,60,Sigma,Sigma,1,NaN,NaN,1,1
CER_2_3_0,60,Sigma,QuoteNulle,NaN,NaN,NaN,1,0
CER_2_3_0,60,Sigma,EccessoMax_EUR,0.74359,68,10,1,1
CER_2_3_0,60,Sigma,CoalizioniInstabili,0.727533,57,6,1,1
CER_2_3_0,60,Sigma,ForzaIncentivante,0.153846,45,33,1,1
CER_2_3_0,60,Sigma,AllineamentoVirtu,0.230769,48,30,1,1
CER_2_3_0,60,Sigma,ForzaIncentivante_lordo,0.179487,46,32,1,1
CER_2_3_0,60,Sigma,AllineamentoVirtu_lordo,0.410256,55,23,1,1
CER_2_3_0,60,Sigma,VAN_min_EUR,NaN,NaN,NaN,1,0
CER_2_3_0,60,QuoteNulle,MinMax_pro,NaN,NaN,NaN,0,0
CER_2_3_0,60,QuoteNulle,MinMax_con,NaN,NaN,NaN,0,1
CER_2_3_0,60,QuoteNulle,QoS_orig,NaN,NaN,NaN,0,1
CER_2_3_0,60,QuoteNulle,QoS_new,NaN,NaN,NaN,0,1
CER_2_3_0,60,QuoteNulle,EI_orig,NaN,NaN,NaN,0,1
CER_2_3_0,60,QuoteNulle,EI_new,NaN,NaN,NaN,0,1
CER_2_3_0,60,QuoteNulle,Jain,NaN,NaN,NaN,0,1
CER_2_3_0,60,QuoteNulle,Gini,NaN,NaN,NaN,0,1
CER_2_3_0,60,QuoteNulle,FairnessIndex,NaN,NaN,NaN,0,1
CER_2_3_0,60,QuoteNulle,Sigma,NaN,NaN,NaN,0,1
CER_2_3_0,60,QuoteNulle,QuoteNulle,1,NaN,NaN,0,0
CER_2_3_0,60,QuoteNulle,EccessoMax_EUR,NaN,NaN,NaN,0,1
CER_2_3_0,60,QuoteNulle,CoalizioniInstabili,NaN,NaN,NaN,0,1
CER_2_3_0,60,QuoteNulle,ForzaIncentivante,NaN,NaN,NaN,0,1
CER_2_3_0,60,QuoteNulle,AllineamentoVirtu,NaN,NaN,NaN,0,1
CER_2_3_0,60,QuoteNulle,ForzaIncentivante_lordo,NaN,NaN,NaN,0,1
CER_2_3_0,60,QuoteNulle,AllineamentoVirtu_lordo,NaN,NaN,NaN,0,1
CER_2_3_0,60,QuoteNulle,VAN_min_EUR,NaN,NaN,NaN,0,0
CER_2_3_0,60,EccessoMax_EUR,MinMax_pro,NaN,NaN,NaN,1,0
CER_2_3_0,60,EccessoMax_EUR,MinMax_con,-0.641026,14,64,1,1
CER_2_3_0,60,EccessoMax_EUR,QoS_orig,-0.435897,22,56,1,1
CER_2_3_0,60,EccessoMax_EUR,QoS_new,-0.641026,14,64,1,1
CER_2_3_0,60,EccessoMax_EUR,EI_orig,-0.307692,27,51,1,1
CER_2_3_0,60,EccessoMax_EUR,EI_new,-0.666667,13,65,1,1
CER_2_3_0,60,EccessoMax_EUR,Jain,-0.538462,18,60,1,1
CER_2_3_0,60,EccessoMax_EUR,Gini,-0.307692,27,51,1,1
CER_2_3_0,60,EccessoMax_EUR,FairnessIndex,0.769231,69,9,1,1
CER_2_3_0,60,EccessoMax_EUR,Sigma,0.74359,68,10,1,1
CER_2_3_0,60,EccessoMax_EUR,QuoteNulle,NaN,NaN,NaN,1,0
CER_2_3_0,60,EccessoMax_EUR,EccessoMax_EUR,1,NaN,NaN,1,1
CER_2_3_0,60,EccessoMax_EUR,CoalizioniInstabili,0.527818,50,13,1,1
CER_2_3_0,60,EccessoMax_EUR,ForzaIncentivante,0.410256,55,23,1,1
CER_2_3_0,60,EccessoMax_EUR,AllineamentoVirtu,0.487179,58,20,1,1
CER_2_3_0,60,EccessoMax_EUR,ForzaIncentivante_lordo,0.435897,56,22,1,1
CER_2_3_0,60,EccessoMax_EUR,AllineamentoVirtu_lordo,0.615385,63,15,1,1
CER_2_3_0,60,EccessoMax_EUR,VAN_min_EUR,NaN,NaN,NaN,1,0
CER_2_3_0,60,CoalizioniInstabili,MinMax_pro,NaN,NaN,NaN,1,0
CER_2_3_0,60,CoalizioniInstabili,MinMax_con,-0.328103,20,43,1,1
CER_2_3_0,60,CoalizioniInstabili,QoS_orig,-0.242511,23,40,1,1
CER_2_3_0,60,CoalizioniInstabili,QoS_new,-0.299572,21,42,1,1
CER_2_3_0,60,CoalizioniInstabili,EI_orig,-0.0713267,29,34,1,1
CER_2_3_0,60,CoalizioniInstabili,EI_new,-0.271042,22,41,1,1
CER_2_3_0,60,CoalizioniInstabili,Jain,-0.21398,24,39,1,1
CER_2_3_0,60,CoalizioniInstabili,Gini,-0.0713267,29,34,1,1
CER_2_3_0,60,CoalizioniInstabili,FairnessIndex,0.699002,56,7,1,1
CER_2_3_0,60,CoalizioniInstabili,Sigma,0.727533,57,6,1,1
CER_2_3_0,60,CoalizioniInstabili,QuoteNulle,NaN,NaN,NaN,1,0
CER_2_3_0,60,CoalizioniInstabili,EccessoMax_EUR,0.527818,50,13,1,1
CER_2_3_0,60,CoalizioniInstabili,CoalizioniInstabili,1,NaN,NaN,1,1
CER_2_3_0,60,CoalizioniInstabili,ForzaIncentivante,0.18545,38,25,1,1
CER_2_3_0,60,CoalizioniInstabili,AllineamentoVirtu,0.21398,39,24,1,1
CER_2_3_0,60,CoalizioniInstabili,ForzaIncentivante_lordo,0.21398,39,24,1,1
CER_2_3_0,60,CoalizioniInstabili,AllineamentoVirtu_lordo,0.413695,46,17,1,1
CER_2_3_0,60,CoalizioniInstabili,VAN_min_EUR,NaN,NaN,NaN,1,0
CER_2_3_0,60,ForzaIncentivante,MinMax_pro,NaN,NaN,NaN,1,0
CER_2_3_0,60,ForzaIncentivante,MinMax_con,-0.461538,21,57,1,1
CER_2_3_0,60,ForzaIncentivante,QoS_orig,-0.923077,3,75,1,1
CER_2_3_0,60,ForzaIncentivante,QoS_new,-0.615385,15,63,1,1
CER_2_3_0,60,ForzaIncentivante,EI_orig,-0.846154,6,72,1,1
CER_2_3_0,60,ForzaIncentivante,EI_new,-0.128205,34,44,1,1
CER_2_3_0,60,ForzaIncentivante,Jain,-0.820513,7,71,1,1
CER_2_3_0,60,ForzaIncentivante,Gini,-0.846154,6,72,1,1
CER_2_3_0,60,ForzaIncentivante,FairnessIndex,0.230769,48,30,1,1
CER_2_3_0,60,ForzaIncentivante,Sigma,0.153846,45,33,1,1
CER_2_3_0,60,ForzaIncentivante,QuoteNulle,NaN,NaN,NaN,1,0
CER_2_3_0,60,ForzaIncentivante,EccessoMax_EUR,0.410256,55,23,1,1
CER_2_3_0,60,ForzaIncentivante,CoalizioniInstabili,0.18545,38,25,1,1
CER_2_3_0,60,ForzaIncentivante,ForzaIncentivante,1,NaN,NaN,1,1
CER_2_3_0,60,ForzaIncentivante,AllineamentoVirtu,0.923077,75,3,1,1
CER_2_3_0,60,ForzaIncentivante,ForzaIncentivante_lordo,0.974359,77,1,1,1
CER_2_3_0,60,ForzaIncentivante,AllineamentoVirtu_lordo,0.74359,68,10,1,1
CER_2_3_0,60,ForzaIncentivante,VAN_min_EUR,NaN,NaN,NaN,1,0
CER_2_3_0,60,AllineamentoVirtu,MinMax_pro,NaN,NaN,NaN,1,0
CER_2_3_0,60,AllineamentoVirtu,MinMax_con,-0.435897,22,56,1,1
CER_2_3_0,60,AllineamentoVirtu,QoS_orig,-0.948718,2,76,1,1
CER_2_3_0,60,AllineamentoVirtu,QoS_new,-0.589744,16,62,1,1
CER_2_3_0,60,AllineamentoVirtu,EI_orig,-0.820513,7,71,1,1
CER_2_3_0,60,AllineamentoVirtu,EI_new,-0.153846,33,45,1,1
CER_2_3_0,60,AllineamentoVirtu,Jain,-0.794872,8,70,1,1
CER_2_3_0,60,AllineamentoVirtu,Gini,-0.820513,7,71,1,1
CER_2_3_0,60,AllineamentoVirtu,FairnessIndex,0.307692,51,27,1,1
CER_2_3_0,60,AllineamentoVirtu,Sigma,0.230769,48,30,1,1
CER_2_3_0,60,AllineamentoVirtu,QuoteNulle,NaN,NaN,NaN,1,0
CER_2_3_0,60,AllineamentoVirtu,EccessoMax_EUR,0.487179,58,20,1,1
CER_2_3_0,60,AllineamentoVirtu,CoalizioniInstabili,0.21398,39,24,1,1
CER_2_3_0,60,AllineamentoVirtu,ForzaIncentivante,0.923077,75,3,1,1
CER_2_3_0,60,AllineamentoVirtu,AllineamentoVirtu,1,NaN,NaN,1,1
CER_2_3_0,60,AllineamentoVirtu,ForzaIncentivante_lordo,0.948718,76,2,1,1
CER_2_3_0,60,AllineamentoVirtu,AllineamentoVirtu_lordo,0.769231,69,9,1,1
CER_2_3_0,60,AllineamentoVirtu,VAN_min_EUR,NaN,NaN,NaN,1,0
CER_2_3_0,60,ForzaIncentivante_lordo,MinMax_pro,NaN,NaN,NaN,1,0
CER_2_3_0,60,ForzaIncentivante_lordo,MinMax_con,-0.487179,20,58,1,1
CER_2_3_0,60,ForzaIncentivante_lordo,QoS_orig,-0.948718,2,76,1,1
CER_2_3_0,60,ForzaIncentivante_lordo,QoS_new,-0.641026,14,64,1,1
CER_2_3_0,60,ForzaIncentivante_lordo,EI_orig,-0.820513,7,71,1,1
CER_2_3_0,60,ForzaIncentivante_lordo,EI_new,-0.153846,33,45,1,1
CER_2_3_0,60,ForzaIncentivante_lordo,Jain,-0.846154,6,72,1,1
CER_2_3_0,60,ForzaIncentivante_lordo,Gini,-0.820513,7,71,1,1
CER_2_3_0,60,ForzaIncentivante_lordo,FairnessIndex,0.25641,49,29,1,1
CER_2_3_0,60,ForzaIncentivante_lordo,Sigma,0.179487,46,32,1,1
CER_2_3_0,60,ForzaIncentivante_lordo,QuoteNulle,NaN,NaN,NaN,1,0
CER_2_3_0,60,ForzaIncentivante_lordo,EccessoMax_EUR,0.435897,56,22,1,1
CER_2_3_0,60,ForzaIncentivante_lordo,CoalizioniInstabili,0.21398,39,24,1,1
CER_2_3_0,60,ForzaIncentivante_lordo,ForzaIncentivante,0.974359,77,1,1,1
CER_2_3_0,60,ForzaIncentivante_lordo,AllineamentoVirtu,0.948718,76,2,1,1
CER_2_3_0,60,ForzaIncentivante_lordo,ForzaIncentivante_lordo,1,NaN,NaN,1,1
CER_2_3_0,60,ForzaIncentivante_lordo,AllineamentoVirtu_lordo,0.769231,69,9,1,1
CER_2_3_0,60,ForzaIncentivante_lordo,VAN_min_EUR,NaN,NaN,NaN,1,0
CER_2_3_0,60,AllineamentoVirtu_lordo,MinMax_pro,NaN,NaN,NaN,1,0
CER_2_3_0,60,AllineamentoVirtu_lordo,MinMax_con,-0.307692,27,51,1,1
CER_2_3_0,60,AllineamentoVirtu_lordo,QoS_orig,-0.717949,11,67,1,1
CER_2_3_0,60,AllineamentoVirtu_lordo,QoS_new,-0.410256,23,55,1,1
CER_2_3_0,60,AllineamentoVirtu_lordo,EI_orig,-0.589744,16,62,1,1
CER_2_3_0,60,AllineamentoVirtu_lordo,EI_new,-0.333333,26,52,1,1
CER_2_3_0,60,AllineamentoVirtu_lordo,Jain,-0.615385,15,63,1,1
CER_2_3_0,60,AllineamentoVirtu_lordo,Gini,-0.589744,16,62,1,1
CER_2_3_0,60,AllineamentoVirtu_lordo,FairnessIndex,0.435897,56,22,1,1
CER_2_3_0,60,AllineamentoVirtu_lordo,Sigma,0.410256,55,23,1,1
CER_2_3_0,60,AllineamentoVirtu_lordo,QuoteNulle,NaN,NaN,NaN,1,0
CER_2_3_0,60,AllineamentoVirtu_lordo,EccessoMax_EUR,0.615385,63,15,1,1
CER_2_3_0,60,AllineamentoVirtu_lordo,CoalizioniInstabili,0.413695,46,17,1,1
CER_2_3_0,60,AllineamentoVirtu_lordo,ForzaIncentivante,0.74359,68,10,1,1
CER_2_3_0,60,AllineamentoVirtu_lordo,AllineamentoVirtu,0.769231,69,9,1,1
CER_2_3_0,60,AllineamentoVirtu_lordo,ForzaIncentivante_lordo,0.769231,69,9,1,1
CER_2_3_0,60,AllineamentoVirtu_lordo,AllineamentoVirtu_lordo,1,NaN,NaN,1,1
CER_2_3_0,60,AllineamentoVirtu_lordo,VAN_min_EUR,NaN,NaN,NaN,1,0
CER_2_3_0,60,VAN_min_EUR,MinMax_pro,NaN,NaN,NaN,0,0
CER_2_3_0,60,VAN_min_EUR,MinMax_con,NaN,NaN,NaN,0,1
CER_2_3_0,60,VAN_min_EUR,QoS_orig,NaN,NaN,NaN,0,1
CER_2_3_0,60,VAN_min_EUR,QoS_new,NaN,NaN,NaN,0,1
CER_2_3_0,60,VAN_min_EUR,EI_orig,NaN,NaN,NaN,0,1
CER_2_3_0,60,VAN_min_EUR,EI_new,NaN,NaN,NaN,0,1
CER_2_3_0,60,VAN_min_EUR,Jain,NaN,NaN,NaN,0,1
CER_2_3_0,60,VAN_min_EUR,Gini,NaN,NaN,NaN,0,1
CER_2_3_0,60,VAN_min_EUR,FairnessIndex,NaN,NaN,NaN,0,1
CER_2_3_0,60,VAN_min_EUR,Sigma,NaN,NaN,NaN,0,1
CER_2_3_0,60,VAN_min_EUR,QuoteNulle,NaN,NaN,NaN,0,0
CER_2_3_0,60,VAN_min_EUR,EccessoMax_EUR,NaN,NaN,NaN,0,1
CER_2_3_0,60,VAN_min_EUR,CoalizioniInstabili,NaN,NaN,NaN,0,1
CER_2_3_0,60,VAN_min_EUR,ForzaIncentivante,NaN,NaN,NaN,0,1
CER_2_3_0,60,VAN_min_EUR,AllineamentoVirtu,NaN,NaN,NaN,0,1
CER_2_3_0,60,VAN_min_EUR,ForzaIncentivante_lordo,NaN,NaN,NaN,0,1
CER_2_3_0,60,VAN_min_EUR,AllineamentoVirtu_lordo,NaN,NaN,NaN,0,1
CER_2_3_0,60,VAN_min_EUR,VAN_min_EUR,1,NaN,NaN,0,0
CER_2_6_0,75,MinMax_pro,MinMax_pro,1,NaN,NaN,0,0
CER_2_6_0,75,MinMax_pro,MinMax_con,NaN,NaN,NaN,0,1
CER_2_6_0,75,MinMax_pro,QoS_orig,NaN,NaN,NaN,0,1
CER_2_6_0,75,MinMax_pro,QoS_new,NaN,NaN,NaN,0,1
CER_2_6_0,75,MinMax_pro,EI_orig,NaN,NaN,NaN,0,1
CER_2_6_0,75,MinMax_pro,EI_new,NaN,NaN,NaN,0,1
CER_2_6_0,75,MinMax_pro,Jain,NaN,NaN,NaN,0,1
CER_2_6_0,75,MinMax_pro,Gini,NaN,NaN,NaN,0,1
CER_2_6_0,75,MinMax_pro,FairnessIndex,NaN,NaN,NaN,0,1
CER_2_6_0,75,MinMax_pro,Sigma,NaN,NaN,NaN,0,1
CER_2_6_0,75,MinMax_pro,QuoteNulle,NaN,NaN,NaN,0,0
CER_2_6_0,75,MinMax_pro,EccessoMax_EUR,NaN,NaN,NaN,0,1
CER_2_6_0,75,MinMax_pro,CoalizioniInstabili,NaN,NaN,NaN,0,1
CER_2_6_0,75,MinMax_pro,ForzaIncentivante,NaN,NaN,NaN,0,1
CER_2_6_0,75,MinMax_pro,AllineamentoVirtu,NaN,NaN,NaN,0,1
CER_2_6_0,75,MinMax_pro,ForzaIncentivante_lordo,NaN,NaN,NaN,0,1
CER_2_6_0,75,MinMax_pro,AllineamentoVirtu_lordo,NaN,NaN,NaN,0,1
CER_2_6_0,75,MinMax_pro,VAN_min_EUR,NaN,NaN,NaN,0,0
CER_2_6_0,75,MinMax_con,MinMax_pro,NaN,NaN,NaN,1,0
CER_2_6_0,75,MinMax_con,MinMax_con,1,NaN,NaN,1,1
CER_2_6_0,75,MinMax_con,QoS_orig,-0.692308,12,66,1,1
CER_2_6_0,75,MinMax_con,QoS_new,-0.589744,16,62,1,1
CER_2_6_0,75,MinMax_con,EI_orig,-0.692308,12,66,1,1
CER_2_6_0,75,MinMax_con,EI_new,-0.538462,18,60,1,1
CER_2_6_0,75,MinMax_con,Jain,-0.717949,11,67,1,1
CER_2_6_0,75,MinMax_con,Gini,-0.692308,12,66,1,1
CER_2_6_0,75,MinMax_con,FairnessIndex,0.307692,51,27,1,1
CER_2_6_0,75,MinMax_con,Sigma,0.307692,51,27,1,1
CER_2_6_0,75,MinMax_con,QuoteNulle,NaN,NaN,NaN,1,0
CER_2_6_0,75,MinMax_con,EccessoMax_EUR,0.487179,58,20,1,1
CER_2_6_0,75,MinMax_con,CoalizioniInstabili,0.311715,50,26,1,1
CER_2_6_0,75,MinMax_con,ForzaIncentivante,0.692308,66,12,1,1
CER_2_6_0,75,MinMax_con,AllineamentoVirtu,0.589744,62,16,1,1
CER_2_6_0,75,MinMax_con,ForzaIncentivante_lordo,0.692308,66,12,1,1
CER_2_6_0,75,MinMax_con,AllineamentoVirtu_lordo,0.384615,54,24,1,1
CER_2_6_0,75,MinMax_con,VAN_min_EUR,NaN,NaN,NaN,1,0
CER_2_6_0,75,QoS_orig,MinMax_pro,NaN,NaN,NaN,1,0
CER_2_6_0,75,QoS_orig,MinMax_con,-0.692308,12,66,1,1
CER_2_6_0,75,QoS_orig,QoS_orig,1,NaN,NaN,1,1
CER_2_6_0,75,QoS_orig,QoS_new,0.641026,64,14,1,1
CER_2_6_0,75,QoS_orig,EI_orig,0.897436,74,4,1,1
CER_2_6_0,75,QoS_orig,EI_new,0.74359,68,10,1,1
CER_2_6_0,75,QoS_orig,Jain,0.974359,77,1,1,1
CER_2_6_0,75,QoS_orig,Gini,0.897436,74,4,1,1
CER_2_6_0,75,QoS_orig,FairnessIndex,-0.25641,29,49,1,1
CER_2_6_0,75,QoS_orig,Sigma,-0.25641,29,49,1,1
CER_2_6_0,75,QoS_orig,QuoteNulle,NaN,NaN,NaN,1,0
CER_2_6_0,75,QoS_orig,EccessoMax_EUR,-0.487179,20,58,1,1
CER_2_6_0,75,QoS_orig,CoalizioniInstabili,-0.259762,28,48,1,1
CER_2_6_0,75,QoS_orig,ForzaIncentivante,-1,0,78,1,1
CER_2_6_0,75,QoS_orig,AllineamentoVirtu,-0.538462,18,60,1,1
CER_2_6_0,75,QoS_orig,ForzaIncentivante_lordo,-0.846154,6,72,1,1
CER_2_6_0,75,QoS_orig,AllineamentoVirtu_lordo,-0.333333,26,52,1,1
CER_2_6_0,75,QoS_orig,VAN_min_EUR,NaN,NaN,NaN,1,0
CER_2_6_0,75,QoS_new,MinMax_pro,NaN,NaN,NaN,1,0
CER_2_6_0,75,QoS_new,MinMax_con,-0.589744,16,62,1,1
CER_2_6_0,75,QoS_new,QoS_orig,0.641026,64,14,1,1
CER_2_6_0,75,QoS_new,QoS_new,1,NaN,NaN,1,1
CER_2_6_0,75,QoS_new,EI_orig,0.641026,64,14,1,1
CER_2_6_0,75,QoS_new,EI_new,0.487179,58,20,1,1
CER_2_6_0,75,QoS_new,Jain,0.666667,65,13,1,1
CER_2_6_0,75,QoS_new,Gini,0.641026,64,14,1,1
CER_2_6_0,75,QoS_new,FairnessIndex,-0.25641,29,49,1,1
CER_2_6_0,75,QoS_new,Sigma,-0.25641,29,49,1,1
CER_2_6_0,75,QoS_new,QuoteNulle,NaN,NaN,NaN,1,0
CER_2_6_0,75,QoS_new,EccessoMax_EUR,-0.487179,20,58,1,1
CER_2_6_0,75,QoS_new,CoalizioniInstabili,-0.415619,22,54,1,1
CER_2_6_0,75,QoS_new,ForzaIncentivante,-0.641026,14,64,1,1
CER_2_6_0,75,QoS_new,AllineamentoVirtu,-0.589744,16,62,1,1
CER_2_6_0,75,QoS_new,ForzaIncentivante_lordo,-0.794872,8,70,1,1
CER_2_6_0,75,QoS_new,AllineamentoVirtu_lordo,-0.384615,24,54,1,1
CER_2_6_0,75,QoS_new,VAN_min_EUR,NaN,NaN,NaN,1,0
CER_2_6_0,75,EI_orig,MinMax_pro,NaN,NaN,NaN,1,0
CER_2_6_0,75,EI_orig,MinMax_con,-0.692308,12,66,1,1
CER_2_6_0,75,EI_orig,QoS_orig,0.897436,74,4,1,1
CER_2_6_0,75,EI_orig,QoS_new,0.641026,64,14,1,1
CER_2_6_0,75,EI_orig,EI_orig,1,NaN,NaN,1,1
CER_2_6_0,75,EI_orig,EI_new,0.794872,70,8,1,1
CER_2_6_0,75,EI_orig,Jain,0.871795,73,5,1,1
CER_2_6_0,75,EI_orig,Gini,1,78,0,1,1
CER_2_6_0,75,EI_orig,FairnessIndex,-0.153846,33,45,1,1
CER_2_6_0,75,EI_orig,Sigma,-0.153846,33,45,1,1
CER_2_6_0,75,EI_orig,QuoteNulle,NaN,NaN,NaN,1,0
CER_2_6_0,75,EI_orig,EccessoMax_EUR,-0.384615,24,54,1,1
CER_2_6_0,75,EI_orig,CoalizioniInstabili,-0.259762,28,48,1,1
CER_2_6_0,75,EI_orig,ForzaIncentivante,-0.897436,4,74,1,1
CER_2_6_0,75,EI_orig,AllineamentoVirtu,-0.487179,20,58,1,1
CER_2_6_0,75,EI_orig,ForzaIncentivante_lordo,-0.74359,10,68,1,1
CER_2_6_0,75,EI_orig,AllineamentoVirtu_lordo,-0.230769,30,48,1,1
CER_2_6_0,75,EI_orig,VAN_min_EUR,NaN,NaN,NaN,1,0
CER_2_6_0,75,EI_new,MinMax_pro,NaN,NaN,NaN,1,0
CER_2_6_0,75,EI_new,MinMax_con,-0.538462,18,60,1,1
CER_2_6_0,75,EI_new,QoS_orig,0.74359,68,10,1,1
CER_2_6_0,75,EI_new,QoS_new,0.487179,58,20,1,1
CER_2_6_0,75,EI_new,EI_orig,0.794872,70,8,1,1
CER_2_6_0,75,EI_new,EI_new,1,NaN,NaN,1,1
CER_2_6_0,75,EI_new,Jain,0.717949,67,11,1,1
CER_2_6_0,75,EI_new,Gini,0.794872,70,8,1,1
CER_2_6_0,75,EI_new,FairnessIndex,-0.25641,29,49,1,1
CER_2_6_0,75,EI_new,Sigma,-0.25641,29,49,1,1
CER_2_6_0,75,EI_new,QuoteNulle,NaN,NaN,NaN,1,0
CER_2_6_0,75,EI_new,EccessoMax_EUR,-0.487179,20,58,1,1
CER_2_6_0,75,EI_new,CoalizioniInstabili,-0.311715,26,50,1,1
CER_2_6_0,75,EI_new,ForzaIncentivante,-0.74359,10,68,1,1
CER_2_6_0,75,EI_new,AllineamentoVirtu,-0.333333,26,52,1,1
CER_2_6_0,75,EI_new,ForzaIncentivante_lordo,-0.589744,16,62,1,1
CER_2_6_0,75,EI_new,AllineamentoVirtu_lordo,-0.0769231,36,42,1,1
CER_2_6_0,75,EI_new,VAN_min_EUR,NaN,NaN,NaN,1,0
CER_2_6_0,75,Jain,MinMax_pro,NaN,NaN,NaN,1,0
CER_2_6_0,75,Jain,MinMax_con,-0.717949,11,67,1,1
CER_2_6_0,75,Jain,QoS_orig,0.974359,77,1,1,1
CER_2_6_0,75,Jain,QoS_new,0.666667,65,13,1,1
CER_2_6_0,75,Jain,EI_orig,0.871795,73,5,1,1
CER_2_6_0,75,Jain,EI_new,0.717949,67,11,1,1
CER_2_6_0,75,Jain,Jain,1,NaN,NaN,1,1
CER_2_6_0,75,Jain,Gini,0.871795,73,5,1,1
CER_2_6_0,75,Jain,FairnessIndex,-0.230769,30,48,1,1
CER_2_6_0,75,Jain,Sigma,-0.230769,30,48,1,1
CER_2_6_0,75,Jain,QuoteNulle,NaN,NaN,NaN,1,0
CER_2_6_0,75,Jain,EccessoMax_EUR,-0.512821,19,59,1,1
CER_2_6_0,75,Jain,CoalizioniInstabili,-0.285738,27,49,1,1
CER_2_6_0,75,Jain,ForzaIncentivante,-0.974359,1,77,1,1
CER_2_6_0,75,Jain,AllineamentoVirtu,-0.564103,17,61,1,1
CER_2_6_0,75,Jain,ForzaIncentivante_lordo,-0.871795,5,73,1,1
CER_2_6_0,75,Jain,AllineamentoVirtu_lordo,-0.358974,25,53,1,1
CER_2_6_0,75,Jain,VAN_min_EUR,NaN,NaN,NaN,1,0
CER_2_6_0,75,Gini,MinMax_pro,NaN,NaN,NaN,1,0
CER_2_6_0,75,Gini,MinMax_con,-0.692308,12,66,1,1
CER_2_6_0,75,Gini,QoS_orig,0.897436,74,4,1,1
CER_2_6_0,75,Gini,QoS_new,0.641026,64,14,1,1
CER_2_6_0,75,Gini,EI_orig,1,78,0,1,1
CER_2_6_0,75,Gini,EI_new,0.794872,70,8,1,1
CER_2_6_0,75,Gini,Jain,0.871795,73,5,1,1
CER_2_6_0,75,Gini,Gini,1,NaN,NaN,1,1
CER_2_6_0,75,Gini,FairnessIndex,-0.153846,33,45,1,1
CER_2_6_0,75,Gini,Sigma,-0.153846,33,45,1,1
CER_2_6_0,75,Gini,QuoteNulle,NaN,NaN,NaN,1,0
CER_2_6_0,75,Gini,EccessoMax_EUR,-0.384615,24,54,1,1
CER_2_6_0,75,Gini,CoalizioniInstabili,-0.259762,28,48,1,1
CER_2_6_0,75,Gini,ForzaIncentivante,-0.897436,4,74,1,1
CER_2_6_0,75,Gini,AllineamentoVirtu,-0.487179,20,58,1,1
CER_2_6_0,75,Gini,ForzaIncentivante_lordo,-0.74359,10,68,1,1
CER_2_6_0,75,Gini,AllineamentoVirtu_lordo,-0.230769,30,48,1,1
CER_2_6_0,75,Gini,VAN_min_EUR,NaN,NaN,NaN,1,0
CER_2_6_0,75,FairnessIndex,MinMax_pro,NaN,NaN,NaN,1,0
CER_2_6_0,75,FairnessIndex,MinMax_con,0.307692,51,27,1,1
CER_2_6_0,75,FairnessIndex,QoS_orig,-0.25641,29,49,1,1
CER_2_6_0,75,FairnessIndex,QoS_new,-0.25641,29,49,1,1
CER_2_6_0,75,FairnessIndex,EI_orig,-0.153846,33,45,1,1
CER_2_6_0,75,FairnessIndex,EI_new,-0.25641,29,49,1,1
CER_2_6_0,75,FairnessIndex,Jain,-0.230769,30,48,1,1
CER_2_6_0,75,FairnessIndex,Gini,-0.153846,33,45,1,1
CER_2_6_0,75,FairnessIndex,FairnessIndex,1,NaN,NaN,1,1
CER_2_6_0,75,FairnessIndex,Sigma,1,78,0,1,1
CER_2_6_0,75,FairnessIndex,QuoteNulle,NaN,NaN,NaN,1,0
CER_2_6_0,75,FairnessIndex,EccessoMax_EUR,0.717949,67,11,1,1
CER_2_6_0,75,FairnessIndex,CoalizioniInstabili,0.831239,70,6,1,1
CER_2_6_0,75,FairnessIndex,ForzaIncentivante,0.25641,49,29,1,1
CER_2_6_0,75,FairnessIndex,AllineamentoVirtu,0.461538,57,21,1,1
CER_2_6_0,75,FairnessIndex,ForzaIncentivante_lordo,0.358974,53,25,1,1
CER_2_6_0,75,FairnessIndex,AllineamentoVirtu_lordo,0.307692,51,27,1,1
CER_2_6_0,75,FairnessIndex,VAN_min_EUR,NaN,NaN,NaN,1,0
CER_2_6_0,75,Sigma,MinMax_pro,NaN,NaN,NaN,1,0
CER_2_6_0,75,Sigma,MinMax_con,0.307692,51,27,1,1
CER_2_6_0,75,Sigma,QoS_orig,-0.25641,29,49,1,1
CER_2_6_0,75,Sigma,QoS_new,-0.25641,29,49,1,1
CER_2_6_0,75,Sigma,EI_orig,-0.153846,33,45,1,1
CER_2_6_0,75,Sigma,EI_new,-0.25641,29,49,1,1
CER_2_6_0,75,Sigma,Jain,-0.230769,30,48,1,1
CER_2_6_0,75,Sigma,Gini,-0.153846,33,45,1,1
CER_2_6_0,75,Sigma,FairnessIndex,1,78,0,1,1
CER_2_6_0,75,Sigma,Sigma,1,NaN,NaN,1,1
CER_2_6_0,75,Sigma,QuoteNulle,NaN,NaN,NaN,1,0
CER_2_6_0,75,Sigma,EccessoMax_EUR,0.717949,67,11,1,1
CER_2_6_0,75,Sigma,CoalizioniInstabili,0.831239,70,6,1,1
CER_2_6_0,75,Sigma,ForzaIncentivante,0.25641,49,29,1,1
CER_2_6_0,75,Sigma,AllineamentoVirtu,0.461538,57,21,1,1
CER_2_6_0,75,Sigma,ForzaIncentivante_lordo,0.358974,53,25,1,1
CER_2_6_0,75,Sigma,AllineamentoVirtu_lordo,0.307692,51,27,1,1
CER_2_6_0,75,Sigma,VAN_min_EUR,NaN,NaN,NaN,1,0
CER_2_6_0,75,QuoteNulle,MinMax_pro,NaN,NaN,NaN,0,0
CER_2_6_0,75,QuoteNulle,MinMax_con,NaN,NaN,NaN,0,1
CER_2_6_0,75,QuoteNulle,QoS_orig,NaN,NaN,NaN,0,1
CER_2_6_0,75,QuoteNulle,QoS_new,NaN,NaN,NaN,0,1
CER_2_6_0,75,QuoteNulle,EI_orig,NaN,NaN,NaN,0,1
CER_2_6_0,75,QuoteNulle,EI_new,NaN,NaN,NaN,0,1
CER_2_6_0,75,QuoteNulle,Jain,NaN,NaN,NaN,0,1
CER_2_6_0,75,QuoteNulle,Gini,NaN,NaN,NaN,0,1
CER_2_6_0,75,QuoteNulle,FairnessIndex,NaN,NaN,NaN,0,1
CER_2_6_0,75,QuoteNulle,Sigma,NaN,NaN,NaN,0,1
CER_2_6_0,75,QuoteNulle,QuoteNulle,1,NaN,NaN,0,0
CER_2_6_0,75,QuoteNulle,EccessoMax_EUR,NaN,NaN,NaN,0,1
CER_2_6_0,75,QuoteNulle,CoalizioniInstabili,NaN,NaN,NaN,0,1
CER_2_6_0,75,QuoteNulle,ForzaIncentivante,NaN,NaN,NaN,0,1
CER_2_6_0,75,QuoteNulle,AllineamentoVirtu,NaN,NaN,NaN,0,1
CER_2_6_0,75,QuoteNulle,ForzaIncentivante_lordo,NaN,NaN,NaN,0,1
CER_2_6_0,75,QuoteNulle,AllineamentoVirtu_lordo,NaN,NaN,NaN,0,1
CER_2_6_0,75,QuoteNulle,VAN_min_EUR,NaN,NaN,NaN,0,0
CER_2_6_0,75,EccessoMax_EUR,MinMax_pro,NaN,NaN,NaN,1,0
CER_2_6_0,75,EccessoMax_EUR,MinMax_con,0.487179,58,20,1,1
CER_2_6_0,75,EccessoMax_EUR,QoS_orig,-0.487179,20,58,1,1
CER_2_6_0,75,EccessoMax_EUR,QoS_new,-0.487179,20,58,1,1
CER_2_6_0,75,EccessoMax_EUR,EI_orig,-0.384615,24,54,1,1
CER_2_6_0,75,EccessoMax_EUR,EI_new,-0.487179,20,58,1,1
CER_2_6_0,75,EccessoMax_EUR,Jain,-0.512821,19,59,1,1
CER_2_6_0,75,EccessoMax_EUR,Gini,-0.384615,24,54,1,1
CER_2_6_0,75,EccessoMax_EUR,FairnessIndex,0.717949,67,11,1,1
CER_2_6_0,75,EccessoMax_EUR,Sigma,0.717949,67,11,1,1
CER_2_6_0,75,EccessoMax_EUR,QuoteNulle,NaN,NaN,NaN,1,0
CER_2_6_0,75,EccessoMax_EUR,EccessoMax_EUR,1,NaN,NaN,1,1
CER_2_6_0,75,EccessoMax_EUR,CoalizioniInstabili,0.779287,68,8,1,1
CER_2_6_0,75,EccessoMax_EUR,ForzaIncentivante,0.487179,58,20,1,1
CER_2_6_0,75,EccessoMax_EUR,AllineamentoVirtu,0.538462,60,18,1,1
CER_2_6_0,75,EccessoMax_EUR,ForzaIncentivante_lordo,0.589744,62,16,1,1
CER_2_6_0,75,EccessoMax_EUR,AllineamentoVirtu_lordo,0.333333,52,26,1,1
CER_2_6_0,75,EccessoMax_EUR,VAN_min_EUR,NaN,NaN,NaN,1,0
CER_2_6_0,75,CoalizioniInstabili,MinMax_pro,NaN,NaN,NaN,1,0
CER_2_6_0,75,CoalizioniInstabili,MinMax_con,0.311715,50,26,1,1
CER_2_6_0,75,CoalizioniInstabili,QoS_orig,-0.259762,28,48,1,1
CER_2_6_0,75,CoalizioniInstabili,QoS_new,-0.415619,22,54,1,1
CER_2_6_0,75,CoalizioniInstabili,EI_orig,-0.259762,28,48,1,1
CER_2_6_0,75,CoalizioniInstabili,EI_new,-0.311715,26,50,1,1
CER_2_6_0,75,CoalizioniInstabili,Jain,-0.285738,27,49,1,1
CER_2_6_0,75,CoalizioniInstabili,Gini,-0.259762,28,48,1,1
CER_2_6_0,75,CoalizioniInstabili,FairnessIndex,0.831239,70,6,1,1
CER_2_6_0,75,CoalizioniInstabili,Sigma,0.831239,70,6,1,1
CER_2_6_0,75,CoalizioniInstabili,QuoteNulle,NaN,NaN,NaN,1,0
CER_2_6_0,75,CoalizioniInstabili,EccessoMax_EUR,0.779287,68,8,1,1
CER_2_6_0,75,CoalizioniInstabili,CoalizioniInstabili,1,NaN,NaN,1,1
CER_2_6_0,75,CoalizioniInstabili,ForzaIncentivante,0.259762,48,28,1,1
CER_2_6_0,75,CoalizioniInstabili,AllineamentoVirtu,0.493548,57,19,1,1
CER_2_6_0,75,CoalizioniInstabili,ForzaIncentivante_lordo,0.389643,53,23,1,1
CER_2_6_0,75,CoalizioniInstabili,AllineamentoVirtu_lordo,0.285738,49,27,1,1
CER_2_6_0,75,CoalizioniInstabili,VAN_min_EUR,NaN,NaN,NaN,1,0
CER_2_6_0,75,ForzaIncentivante,MinMax_pro,NaN,NaN,NaN,1,0
CER_2_6_0,75,ForzaIncentivante,MinMax_con,0.692308,66,12,1,1
CER_2_6_0,75,ForzaIncentivante,QoS_orig,-1,0,78,1,1
CER_2_6_0,75,ForzaIncentivante,QoS_new,-0.641026,14,64,1,1
CER_2_6_0,75,ForzaIncentivante,EI_orig,-0.897436,4,74,1,1
CER_2_6_0,75,ForzaIncentivante,EI_new,-0.74359,10,68,1,1
CER_2_6_0,75,ForzaIncentivante,Jain,-0.974359,1,77,1,1
CER_2_6_0,75,ForzaIncentivante,Gini,-0.897436,4,74,1,1
CER_2_6_0,75,ForzaIncentivante,FairnessIndex,0.25641,49,29,1,1
CER_2_6_0,75,ForzaIncentivante,Sigma,0.25641,49,29,1,1
CER_2_6_0,75,ForzaIncentivante,QuoteNulle,NaN,NaN,NaN,1,0
CER_2_6_0,75,ForzaIncentivante,EccessoMax_EUR,0.487179,58,20,1,1
CER_2_6_0,75,ForzaIncentivante,CoalizioniInstabili,0.259762,48,28,1,1
CER_2_6_0,75,ForzaIncentivante,ForzaIncentivante,1,NaN,NaN,1,1
CER_2_6_0,75,ForzaIncentivante,AllineamentoVirtu,0.538462,60,18,1,1
CER_2_6_0,75,ForzaIncentivante,ForzaIncentivante_lordo,0.846154,72,6,1,1
CER_2_6_0,75,ForzaIncentivante,AllineamentoVirtu_lordo,0.333333,52,26,1,1
CER_2_6_0,75,ForzaIncentivante,VAN_min_EUR,NaN,NaN,NaN,1,0
CER_2_6_0,75,AllineamentoVirtu,MinMax_pro,NaN,NaN,NaN,1,0
CER_2_6_0,75,AllineamentoVirtu,MinMax_con,0.589744,62,16,1,1
CER_2_6_0,75,AllineamentoVirtu,QoS_orig,-0.538462,18,60,1,1
CER_2_6_0,75,AllineamentoVirtu,QoS_new,-0.589744,16,62,1,1
CER_2_6_0,75,AllineamentoVirtu,EI_orig,-0.487179,20,58,1,1
CER_2_6_0,75,AllineamentoVirtu,EI_new,-0.333333,26,52,1,1
CER_2_6_0,75,AllineamentoVirtu,Jain,-0.564103,17,61,1,1
CER_2_6_0,75,AllineamentoVirtu,Gini,-0.487179,20,58,1,1
CER_2_6_0,75,AllineamentoVirtu,FairnessIndex,0.461538,57,21,1,1
CER_2_6_0,75,AllineamentoVirtu,Sigma,0.461538,57,21,1,1
CER_2_6_0,75,AllineamentoVirtu,QuoteNulle,NaN,NaN,NaN,1,0
CER_2_6_0,75,AllineamentoVirtu,EccessoMax_EUR,0.538462,60,18,1,1
CER_2_6_0,75,AllineamentoVirtu,CoalizioniInstabili,0.493548,57,19,1,1
CER_2_6_0,75,AllineamentoVirtu,ForzaIncentivante,0.538462,60,18,1,1
CER_2_6_0,75,AllineamentoVirtu,AllineamentoVirtu,1,NaN,NaN,1,1
CER_2_6_0,75,AllineamentoVirtu,ForzaIncentivante_lordo,0.692308,66,12,1,1
CER_2_6_0,75,AllineamentoVirtu,AllineamentoVirtu_lordo,0.74359,68,10,1,1
CER_2_6_0,75,AllineamentoVirtu,VAN_min_EUR,NaN,NaN,NaN,1,0
CER_2_6_0,75,ForzaIncentivante_lordo,MinMax_pro,NaN,NaN,NaN,1,0
CER_2_6_0,75,ForzaIncentivante_lordo,MinMax_con,0.692308,66,12,1,1
CER_2_6_0,75,ForzaIncentivante_lordo,QoS_orig,-0.846154,6,72,1,1
CER_2_6_0,75,ForzaIncentivante_lordo,QoS_new,-0.794872,8,70,1,1
CER_2_6_0,75,ForzaIncentivante_lordo,EI_orig,-0.74359,10,68,1,1
CER_2_6_0,75,ForzaIncentivante_lordo,EI_new,-0.589744,16,62,1,1
CER_2_6_0,75,ForzaIncentivante_lordo,Jain,-0.871795,5,73,1,1
CER_2_6_0,75,ForzaIncentivante_lordo,Gini,-0.74359,10,68,1,1
CER_2_6_0,75,ForzaIncentivante_lordo,FairnessIndex,0.358974,53,25,1,1
CER_2_6_0,75,ForzaIncentivante_lordo,Sigma,0.358974,53,25,1,1
CER_2_6_0,75,ForzaIncentivante_lordo,QuoteNulle,NaN,NaN,NaN,1,0
CER_2_6_0,75,ForzaIncentivante_lordo,EccessoMax_EUR,0.589744,62,16,1,1
CER_2_6_0,75,ForzaIncentivante_lordo,CoalizioniInstabili,0.389643,53,23,1,1
CER_2_6_0,75,ForzaIncentivante_lordo,ForzaIncentivante,0.846154,72,6,1,1
CER_2_6_0,75,ForzaIncentivante_lordo,AllineamentoVirtu,0.692308,66,12,1,1
CER_2_6_0,75,ForzaIncentivante_lordo,ForzaIncentivante_lordo,1,NaN,NaN,1,1
CER_2_6_0,75,ForzaIncentivante_lordo,AllineamentoVirtu_lordo,0.487179,58,20,1,1
CER_2_6_0,75,ForzaIncentivante_lordo,VAN_min_EUR,NaN,NaN,NaN,1,0
CER_2_6_0,75,AllineamentoVirtu_lordo,MinMax_pro,NaN,NaN,NaN,1,0
CER_2_6_0,75,AllineamentoVirtu_lordo,MinMax_con,0.384615,54,24,1,1
CER_2_6_0,75,AllineamentoVirtu_lordo,QoS_orig,-0.333333,26,52,1,1
CER_2_6_0,75,AllineamentoVirtu_lordo,QoS_new,-0.384615,24,54,1,1
CER_2_6_0,75,AllineamentoVirtu_lordo,EI_orig,-0.230769,30,48,1,1
CER_2_6_0,75,AllineamentoVirtu_lordo,EI_new,-0.0769231,36,42,1,1
CER_2_6_0,75,AllineamentoVirtu_lordo,Jain,-0.358974,25,53,1,1
CER_2_6_0,75,AllineamentoVirtu_lordo,Gini,-0.230769,30,48,1,1
CER_2_6_0,75,AllineamentoVirtu_lordo,FairnessIndex,0.307692,51,27,1,1
CER_2_6_0,75,AllineamentoVirtu_lordo,Sigma,0.307692,51,27,1,1
CER_2_6_0,75,AllineamentoVirtu_lordo,QuoteNulle,NaN,NaN,NaN,1,0
CER_2_6_0,75,AllineamentoVirtu_lordo,EccessoMax_EUR,0.333333,52,26,1,1
CER_2_6_0,75,AllineamentoVirtu_lordo,CoalizioniInstabili,0.285738,49,27,1,1
CER_2_6_0,75,AllineamentoVirtu_lordo,ForzaIncentivante,0.333333,52,26,1,1
CER_2_6_0,75,AllineamentoVirtu_lordo,AllineamentoVirtu,0.74359,68,10,1,1
CER_2_6_0,75,AllineamentoVirtu_lordo,ForzaIncentivante_lordo,0.487179,58,20,1,1
CER_2_6_0,75,AllineamentoVirtu_lordo,AllineamentoVirtu_lordo,1,NaN,NaN,1,1
CER_2_6_0,75,AllineamentoVirtu_lordo,VAN_min_EUR,NaN,NaN,NaN,1,0
CER_2_6_0,75,VAN_min_EUR,MinMax_pro,NaN,NaN,NaN,0,0
CER_2_6_0,75,VAN_min_EUR,MinMax_con,NaN,NaN,NaN,0,1
CER_2_6_0,75,VAN_min_EUR,QoS_orig,NaN,NaN,NaN,0,1
CER_2_6_0,75,VAN_min_EUR,QoS_new,NaN,NaN,NaN,0,1
CER_2_6_0,75,VAN_min_EUR,EI_orig,NaN,NaN,NaN,0,1
CER_2_6_0,75,VAN_min_EUR,EI_new,NaN,NaN,NaN,0,1
CER_2_6_0,75,VAN_min_EUR,Jain,NaN,NaN,NaN,0,1
CER_2_6_0,75,VAN_min_EUR,Gini,NaN,NaN,NaN,0,1
CER_2_6_0,75,VAN_min_EUR,FairnessIndex,NaN,NaN,NaN,0,1
CER_2_6_0,75,VAN_min_EUR,Sigma,NaN,NaN,NaN,0,1
CER_2_6_0,75,VAN_min_EUR,QuoteNulle,NaN,NaN,NaN,0,0
CER_2_6_0,75,VAN_min_EUR,EccessoMax_EUR,NaN,NaN,NaN,0,1
CER_2_6_0,75,VAN_min_EUR,CoalizioniInstabili,NaN,NaN,NaN,0,1
CER_2_6_0,75,VAN_min_EUR,ForzaIncentivante,NaN,NaN,NaN,0,1
CER_2_6_0,75,VAN_min_EUR,AllineamentoVirtu,NaN,NaN,NaN,0,1
CER_2_6_0,75,VAN_min_EUR,ForzaIncentivante_lordo,NaN,NaN,NaN,0,1
CER_2_6_0,75,VAN_min_EUR,AllineamentoVirtu_lordo,NaN,NaN,NaN,0,1
CER_2_6_0,75,VAN_min_EUR,VAN_min_EUR,1,NaN,NaN,0,0
CER_2_8_0,80,MinMax_pro,MinMax_pro,1,NaN,NaN,0,0
CER_2_8_0,80,MinMax_pro,MinMax_con,NaN,NaN,NaN,0,1
CER_2_8_0,80,MinMax_pro,QoS_orig,NaN,NaN,NaN,0,1
CER_2_8_0,80,MinMax_pro,QoS_new,NaN,NaN,NaN,0,1
CER_2_8_0,80,MinMax_pro,EI_orig,NaN,NaN,NaN,0,1
CER_2_8_0,80,MinMax_pro,EI_new,NaN,NaN,NaN,0,1
CER_2_8_0,80,MinMax_pro,Jain,NaN,NaN,NaN,0,1
CER_2_8_0,80,MinMax_pro,Gini,NaN,NaN,NaN,0,1
CER_2_8_0,80,MinMax_pro,FairnessIndex,NaN,NaN,NaN,0,1
CER_2_8_0,80,MinMax_pro,Sigma,NaN,NaN,NaN,0,1
CER_2_8_0,80,MinMax_pro,QuoteNulle,NaN,NaN,NaN,0,0
CER_2_8_0,80,MinMax_pro,EccessoMax_EUR,NaN,NaN,NaN,0,1
CER_2_8_0,80,MinMax_pro,CoalizioniInstabili,NaN,NaN,NaN,0,1
CER_2_8_0,80,MinMax_pro,ForzaIncentivante,NaN,NaN,NaN,0,1
CER_2_8_0,80,MinMax_pro,AllineamentoVirtu,NaN,NaN,NaN,0,1
CER_2_8_0,80,MinMax_pro,ForzaIncentivante_lordo,NaN,NaN,NaN,0,1
CER_2_8_0,80,MinMax_pro,AllineamentoVirtu_lordo,NaN,NaN,NaN,0,1
CER_2_8_0,80,MinMax_pro,VAN_min_EUR,NaN,NaN,NaN,0,0
CER_2_8_0,80,MinMax_con,MinMax_pro,NaN,NaN,NaN,1,0
CER_2_8_0,80,MinMax_con,MinMax_con,1,NaN,NaN,1,1
CER_2_8_0,80,MinMax_con,QoS_orig,0.666667,65,13,1,1
CER_2_8_0,80,MinMax_con,QoS_new,0.820513,71,7,1,1
CER_2_8_0,80,MinMax_con,EI_orig,0.615385,63,15,1,1
CER_2_8_0,80,MinMax_con,EI_new,0.512821,59,19,1,1
CER_2_8_0,80,MinMax_con,Jain,0.666667,65,13,1,1
CER_2_8_0,80,MinMax_con,Gini,0.615385,63,15,1,1
CER_2_8_0,80,MinMax_con,FairnessIndex,-0.589744,16,62,1,1
CER_2_8_0,80,MinMax_con,Sigma,-0.589744,16,62,1,1
CER_2_8_0,80,MinMax_con,QuoteNulle,NaN,NaN,NaN,1,0
CER_2_8_0,80,MinMax_con,EccessoMax_EUR,-0.666667,13,65,1,1
CER_2_8_0,80,MinMax_con,CoalizioniInstabili,-0.632271,14,63,1,1
CER_2_8_0,80,MinMax_con,ForzaIncentivante,-0.692308,12,66,1,1
CER_2_8_0,80,MinMax_con,AllineamentoVirtu,-0.666667,13,65,1,1
CER_2_8_0,80,MinMax_con,ForzaIncentivante_lordo,-0.769231,9,69,1,1
CER_2_8_0,80,MinMax_con,AllineamentoVirtu_lordo,-0.435897,22,56,1,1
CER_2_8_0,80,MinMax_con,VAN_min_EUR,NaN,NaN,NaN,1,0
CER_2_8_0,80,QoS_orig,MinMax_pro,NaN,NaN,NaN,1,0
CER_2_8_0,80,QoS_orig,MinMax_con,0.666667,65,13,1,1
CER_2_8_0,80,QoS_orig,QoS_orig,1,NaN,NaN,1,1
CER_2_8_0,80,QoS_orig,QoS_new,0.846154,72,6,1,1
CER_2_8_0,80,QoS_orig,EI_orig,0.897436,74,4,1,1
CER_2_8_0,80,QoS_orig,EI_new,0.538462,60,18,1,1
CER_2_8_0,80,QoS_orig,Jain,1,78,0,1,1
CER_2_8_0,80,QoS_orig,Gini,0.897436,74,4,1,1
CER_2_8_0,80,QoS_orig,FairnessIndex,-0.358974,25,53,1,1
CER_2_8_0,80,QoS_orig,Sigma,-0.358974,25,53,1,1
CER_2_8_0,80,QoS_orig,QuoteNulle,NaN,NaN,NaN,1,0
CER_2_8_0,80,QoS_orig,EccessoMax_EUR,-0.435897,22,56,1,1
CER_2_8_0,80,QoS_orig,CoalizioniInstabili,-0.374201,24,53,1,1
CER_2_8_0,80,QoS_orig,ForzaIncentivante,-0.974359,1,77,1,1
CER_2_8_0,80,QoS_orig,AllineamentoVirtu,-0.74359,10,68,1,1
CER_2_8_0,80,QoS_orig,ForzaIncentivante_lordo,-0.846154,6,72,1,1
CER_2_8_0,80,QoS_orig,AllineamentoVirtu_lordo,-0.512821,19,59,1,1
CER_2_8_0,80,QoS_orig,VAN_min_EUR,NaN,NaN,NaN,1,0
CER_2_8_0,80,QoS_new,MinMax_pro,NaN,NaN,NaN,1,0
CER_2_8_0,80,QoS_new,MinMax_con,0.820513,71,7,1,1
CER_2_8_0,80,QoS_new,QoS_orig,0.846154,72,6,1,1
CER_2_8_0,80,QoS_new,QoS_new,1,NaN,NaN,1,1
CER_2_8_0,80,QoS_new,EI_orig,0.794872,70,8,1,1
CER_2_8_0,80,QoS_new,EI_new,0.384615,54,24,1,1
CER_2_8_0,80,QoS_new,Jain,0.846154,72,6,1,1
CER_2_8_0,80,QoS_new,Gini,0.794872,70,8,1,1
CER_2_8_0,80,QoS_new,FairnessIndex,-0.410256,23,55,1,1
CER_2_8_0,80,QoS_new,Sigma,-0.410256,23,55,1,1
CER_2_8_0,80,QoS_new,QuoteNulle,NaN,NaN,NaN,1,0
CER_2_8_0,80,QoS_new,EccessoMax_EUR,-0.487179,20,58,1,1
CER_2_8_0,80,QoS_new,CoalizioniInstabili,-0.451622,21,56,1,1
CER_2_8_0,80,QoS_new,ForzaIncentivante,-0.871795,5,73,1,1
CER_2_8_0,80,QoS_new,AllineamentoVirtu,-0.846154,6,72,1,1
CER_2_8_0,80,QoS_new,ForzaIncentivante_lordo,-0.948718,2,76,1,1
CER_2_8_0,80,QoS_new,AllineamentoVirtu_lordo,-0.615385,15,63,1,1
CER_2_8_0,80,QoS_new,VAN_min_EUR,NaN,NaN,NaN,1,0
CER_2_8_0,80,EI_orig,MinMax_pro,NaN,NaN,NaN,1,0
CER_2_8_0,80,EI_orig,MinMax_con,0.615385,63,15,1,1
CER_2_8_0,80,EI_orig,QoS_orig,0.897436,74,4,1,1
CER_2_8_0,80,EI_orig,QoS_new,0.794872,70,8,1,1
CER_2_8_0,80,EI_orig,EI_orig,1,NaN,NaN,1,1
CER_2_8_0,80,EI_orig,EI_new,0.589744,62,16,1,1
CER_2_8_0,80,EI_orig,Jain,0.897436,74,4,1,1
CER_2_8_0,80,EI_orig,Gini,1,78,0,1,1
CER_2_8_0,80,EI_orig,FairnessIndex,-0.25641,29,49,1,1
CER_2_8_0,80,EI_orig,Sigma,-0.25641,29,49,1,1
CER_2_8_0,80,EI_orig,QuoteNulle,NaN,NaN,NaN,1,0
CER_2_8_0,80,EI_orig,EccessoMax_EUR,-0.333333,26,52,1,1
CER_2_8_0,80,EI_orig,CoalizioniInstabili,-0.270973,28,49,1,1
CER_2_8_0,80,EI_orig,ForzaIncentivante,-0.871795,5,73,1,1
CER_2_8_0,80,EI_orig,AllineamentoVirtu,-0.692308,12,66,1,1
CER_2_8_0,80,EI_orig,ForzaIncentivante_lordo,-0.794872,8,70,1,1
CER_2_8_0,80,EI_orig,AllineamentoVirtu_lordo,-0.461538,21,57,1,1
CER_2_8_0,80,EI_orig,VAN_min_EUR,NaN,NaN,NaN,1,0
CER_2_8_0,80,EI_new,MinMax_pro,NaN,NaN,NaN,1,0
CER_2_8_0,80,EI_new,MinMax_con,0.512821,59,19,1,1
CER_2_8_0,80,EI_new,QoS_orig,0.538462,60,18,1,1
CER_2_8_0,80,EI_new,QoS_new,0.384615,54,24,1,1
CER_2_8_0,80,EI_new,EI_orig,0.589744,62,16,1,1
CER_2_8_0,80,EI_new,EI_new,1,NaN,NaN,1,1
CER_2_8_0,80,EI_new,Jain,0.538462,60,18,1,1
CER_2_8_0,80,EI_new,Gini,0.589744,62,16,1,1
CER_2_8_0,80,EI_new,FairnessIndex,-0.358974,25,53,1,1
CER_2_8_0,80,EI_new,Sigma,-0.358974,25,53,1,1
CER_2_8_0,80,EI_new,QuoteNulle,NaN,NaN,NaN,1,0
CER_2_8_0,80,EI_new,EccessoMax_EUR,-0.384615,24,54,1,1
CER_2_8_0,80,EI_new,CoalizioniInstabili,-0.270973,28,49,1,1
CER_2_8_0,80,EI_new,ForzaIncentivante,-0.512821,19,59,1,1
CER_2_8_0,80,EI_new,AllineamentoVirtu,-0.333333,26,52,1,1
CER_2_8_0,80,EI_new,ForzaIncentivante_lordo,-0.435897,22,56,1,1
CER_2_8_0,80,EI_new,AllineamentoVirtu_lordo,-0.102564,35,43,1,1
CER_2_8_0,80,EI_new,VAN_min_EUR,NaN,NaN,NaN,1,0
CER_2_8_0,80,Jain,MinMax_pro,NaN,NaN,NaN,1,0
CER_2_8_0,80,Jain,MinMax_con,0.666667,65,13,1,1
CER_2_8_0,80,Jain,QoS_orig,1,78,0,1,1
CER_2_8_0,80,Jain,QoS_new,0.846154,72,6,1,1
CER_2_8_0,80,Jain,EI_orig,0.897436,74,4,1,1
CER_2_8_0,80,Jain,EI_new,0.538462,60,18,1,1
CER_2_8_0,80,Jain,Jain,1,NaN,NaN,1,1
CER_2_8_0,80,Jain,Gini,0.897436,74,4,1,1
CER_2_8_0,80,Jain,FairnessIndex,-0.358974,25,53,1,1
CER_2_8_0,80,Jain,Sigma,-0.358974,25,53,1,1
CER_2_8_0,80,Jain,QuoteNulle,NaN,NaN,NaN,1,0
CER_2_8_0,80,Jain,EccessoMax_EUR,-0.435897,22,56,1,1
CER_2_8_0,80,Jain,CoalizioniInstabili,-0.374201,24,53,1,1
CER_2_8_0,80,Jain,ForzaIncentivante,-0.974359,1,77,1,1
CER_2_8_0,80,Jain,AllineamentoVirtu,-0.74359,10,68,1,1
CER_2_8_0,80,Jain,ForzaIncentivante_lordo,-0.846154,6,72,1,1
CER_2_8_0,80,Jain,AllineamentoVirtu_lordo,-0.512821,19,59,1,1
CER_2_8_0,80,Jain,VAN_min_EUR,NaN,NaN,NaN,1,0
CER_2_8_0,80,Gini,MinMax_pro,NaN,NaN,NaN,1,0
CER_2_8_0,80,Gini,MinMax_con,0.615385,63,15,1,1
CER_2_8_0,80,Gini,QoS_orig,0.897436,74,4,1,1
CER_2_8_0,80,Gini,QoS_new,0.794872,70,8,1,1
CER_2_8_0,80,Gini,EI_orig,1,78,0,1,1
CER_2_8_0,80,Gini,EI_new,0.589744,62,16,1,1
CER_2_8_0,80,Gini,Jain,0.897436,74,4,1,1
CER_2_8_0,80,Gini,Gini,1,NaN,NaN,1,1
CER_2_8_0,80,Gini,FairnessIndex,-0.25641,29,49,1,1
CER_2_8_0,80,Gini,Sigma,-0.25641,29,49,1,1
CER_2_8_0,80,Gini,QuoteNulle,NaN,NaN,NaN,1,0
CER_2_8_0,80,Gini,EccessoMax_EUR,-0.333333,26,52,1,1
CER_2_8_0,80,Gini,CoalizioniInstabili,-0.270973,28,49,1,1
CER_2_8_0,80,Gini,ForzaIncentivante,-0.871795,5,73,1,1
CER_2_8_0,80,Gini,AllineamentoVirtu,-0.692308,12,66,1,1
CER_2_8_0,80,Gini,ForzaIncentivante_lordo,-0.794872,8,70,1,1
CER_2_8_0,80,Gini,AllineamentoVirtu_lordo,-0.461538,21,57,1,1
CER_2_8_0,80,Gini,VAN_min_EUR,NaN,NaN,NaN,1,0
CER_2_8_0,80,FairnessIndex,MinMax_pro,NaN,NaN,NaN,1,0
CER_2_8_0,80,FairnessIndex,MinMax_con,-0.589744,16,62,1,1
CER_2_8_0,80,FairnessIndex,QoS_orig,-0.358974,25,53,1,1
CER_2_8_0,80,FairnessIndex,QoS_new,-0.410256,23,55,1,1
CER_2_8_0,80,FairnessIndex,EI_orig,-0.25641,29,49,1,1
CER_2_8_0,80,FairnessIndex,EI_new,-0.358974,25,53,1,1
CER_2_8_0,80,FairnessIndex,Jain,-0.358974,25,53,1,1
CER_2_8_0,80,FairnessIndex,Gini,-0.25641,29,49,1,1
CER_2_8_0,80,FairnessIndex,FairnessIndex,1,NaN,NaN,1,1
CER_2_8_0,80,FairnessIndex,Sigma,1,78,0,1,1
CER_2_8_0,80,FairnessIndex,QuoteNulle,NaN,NaN,NaN,1,0
CER_2_8_0,80,FairnessIndex,EccessoMax_EUR,0.923077,75,3,1,1
CER_2_8_0,80,FairnessIndex,CoalizioniInstabili,0.864534,72,5,1,1
CER_2_8_0,80,FairnessIndex,ForzaIncentivante,0.333333,52,26,1,1
CER_2_8_0,80,FairnessIndex,AllineamentoVirtu,0.410256,55,23,1,1
CER_2_8_0,80,FairnessIndex,ForzaIncentivante_lordo,0.410256,55,23,1,1
CER_2_8_0,80,FairnessIndex,AllineamentoVirtu_lordo,0.487179,58,20,1,1
CER_2_8_0,80,FairnessIndex,VAN_min_EUR,NaN,NaN,NaN,1,0
CER_2_8_0,80,Sigma,MinMax_pro,NaN,NaN,NaN,1,0
CER_2_8_0,80,Sigma,MinMax_con,-0.589744,16,62,1,1
CER_2_8_0,80,Sigma,QoS_orig,-0.358974,25,53,1,1
CER_2_8_0,80,Sigma,QoS_new,-0.410256,23,55,1,1
CER_2_8_0,80,Sigma,EI_orig,-0.25641,29,49,1,1
CER_2_8_0,80,Sigma,EI_new,-0.358974,25,53,1,1
CER_2_8_0,80,Sigma,Jain,-0.358974,25,53,1,1
CER_2_8_0,80,Sigma,Gini,-0.25641,29,49,1,1
CER_2_8_0,80,Sigma,FairnessIndex,1,78,0,1,1
CER_2_8_0,80,Sigma,Sigma,1,NaN,NaN,1,1
CER_2_8_0,80,Sigma,QuoteNulle,NaN,NaN,NaN,1,0
CER_2_8_0,80,Sigma,EccessoMax_EUR,0.923077,75,3,1,1
CER_2_8_0,80,Sigma,CoalizioniInstabili,0.864534,72,5,1,1
CER_2_8_0,80,Sigma,ForzaIncentivante,0.333333,52,26,1,1
CER_2_8_0,80,Sigma,AllineamentoVirtu,0.410256,55,23,1,1
CER_2_8_0,80,Sigma,ForzaIncentivante_lordo,0.410256,55,23,1,1
CER_2_8_0,80,Sigma,AllineamentoVirtu_lordo,0.487179,58,20,1,1
CER_2_8_0,80,Sigma,VAN_min_EUR,NaN,NaN,NaN,1,0
CER_2_8_0,80,QuoteNulle,MinMax_pro,NaN,NaN,NaN,0,0
CER_2_8_0,80,QuoteNulle,MinMax_con,NaN,NaN,NaN,0,1
CER_2_8_0,80,QuoteNulle,QoS_orig,NaN,NaN,NaN,0,1
CER_2_8_0,80,QuoteNulle,QoS_new,NaN,NaN,NaN,0,1
CER_2_8_0,80,QuoteNulle,EI_orig,NaN,NaN,NaN,0,1
CER_2_8_0,80,QuoteNulle,EI_new,NaN,NaN,NaN,0,1
CER_2_8_0,80,QuoteNulle,Jain,NaN,NaN,NaN,0,1
CER_2_8_0,80,QuoteNulle,Gini,NaN,NaN,NaN,0,1
CER_2_8_0,80,QuoteNulle,FairnessIndex,NaN,NaN,NaN,0,1
CER_2_8_0,80,QuoteNulle,Sigma,NaN,NaN,NaN,0,1
CER_2_8_0,80,QuoteNulle,QuoteNulle,1,NaN,NaN,0,0
CER_2_8_0,80,QuoteNulle,EccessoMax_EUR,NaN,NaN,NaN,0,1
CER_2_8_0,80,QuoteNulle,CoalizioniInstabili,NaN,NaN,NaN,0,1
CER_2_8_0,80,QuoteNulle,ForzaIncentivante,NaN,NaN,NaN,0,1
CER_2_8_0,80,QuoteNulle,AllineamentoVirtu,NaN,NaN,NaN,0,1
CER_2_8_0,80,QuoteNulle,ForzaIncentivante_lordo,NaN,NaN,NaN,0,1
CER_2_8_0,80,QuoteNulle,AllineamentoVirtu_lordo,NaN,NaN,NaN,0,1
CER_2_8_0,80,QuoteNulle,VAN_min_EUR,NaN,NaN,NaN,0,0
CER_2_8_0,80,EccessoMax_EUR,MinMax_pro,NaN,NaN,NaN,1,0
CER_2_8_0,80,EccessoMax_EUR,MinMax_con,-0.666667,13,65,1,1
CER_2_8_0,80,EccessoMax_EUR,QoS_orig,-0.435897,22,56,1,1
CER_2_8_0,80,EccessoMax_EUR,QoS_new,-0.487179,20,58,1,1
CER_2_8_0,80,EccessoMax_EUR,EI_orig,-0.333333,26,52,1,1
CER_2_8_0,80,EccessoMax_EUR,EI_new,-0.384615,24,54,1,1
CER_2_8_0,80,EccessoMax_EUR,Jain,-0.435897,22,56,1,1
CER_2_8_0,80,EccessoMax_EUR,Gini,-0.333333,26,52,1,1
CER_2_8_0,80,EccessoMax_EUR,FairnessIndex,0.923077,75,3,1,1
CER_2_8_0,80,EccessoMax_EUR,Sigma,0.923077,75,3,1,1
CER_2_8_0,80,EccessoMax_EUR,QuoteNulle,NaN,NaN,NaN,1,0
CER_2_8_0,80,EccessoMax_EUR,EccessoMax_EUR,1,NaN,NaN,1,1
CER_2_8_0,80,EccessoMax_EUR,CoalizioniInstabili,0.890341,73,4,1,1
CER_2_8_0,80,EccessoMax_EUR,ForzaIncentivante,0.410256,55,23,1,1
CER_2_8_0,80,EccessoMax_EUR,AllineamentoVirtu,0.435897,56,22,1,1
CER_2_8_0,80,EccessoMax_EUR,ForzaIncentivante_lordo,0.487179,58,20,1,1
CER_2_8_0,80,EccessoMax_EUR,AllineamentoVirtu_lordo,0.512821,59,19,1,1
CER_2_8_0,80,EccessoMax_EUR,VAN_min_EUR,NaN,NaN,NaN,1,0
CER_2_8_0,80,CoalizioniInstabili,MinMax_pro,NaN,NaN,NaN,1,0
CER_2_8_0,80,CoalizioniInstabili,MinMax_con,-0.632271,14,63,1,1
CER_2_8_0,80,CoalizioniInstabili,QoS_orig,-0.374201,24,53,1,1
CER_2_8_0,80,CoalizioniInstabili,QoS_new,-0.451622,21,56,1,1
CER_2_8_0,80,CoalizioniInstabili,EI_orig,-0.270973,28,49,1,1
CER_2_8_0,80,CoalizioniInstabili,EI_new,-0.270973,28,49,1,1
CER_2_8_0,80,CoalizioniInstabili,Jain,-0.374201,24,53,1,1
CER_2_8_0,80,CoalizioniInstabili,Gini,-0.270973,28,49,1,1
CER_2_8_0,80,CoalizioniInstabili,FairnessIndex,0.864534,72,5,1,1
CER_2_8_0,80,CoalizioniInstabili,Sigma,0.864534,72,5,1,1
CER_2_8_0,80,CoalizioniInstabili,QuoteNulle,NaN,NaN,NaN,1,0
CER_2_8_0,80,CoalizioniInstabili,EccessoMax_EUR,0.890341,73,4,1,1
CER_2_8_0,80,CoalizioniInstabili,CoalizioniInstabili,1,NaN,NaN,1,1
CER_2_8_0,80,CoalizioniInstabili,ForzaIncentivante,0.374201,53,24,1,1
CER_2_8_0,80,CoalizioniInstabili,AllineamentoVirtu,0.451622,56,21,1,1
CER_2_8_0,80,CoalizioniInstabili,ForzaIncentivante_lordo,0.451622,56,21,1,1
CER_2_8_0,80,CoalizioniInstabili,AllineamentoVirtu_lordo,0.529043,59,18,1,1
CER_2_8_0,80,CoalizioniInstabili,VAN_min_EUR,NaN,NaN,NaN,1,0
CER_2_8_0,80,ForzaIncentivante,MinMax_pro,NaN,NaN,NaN,1,0
CER_2_8_0,80,ForzaIncentivante,MinMax_con,-0.692308,12,66,1,1
CER_2_8_0,80,ForzaIncentivante,QoS_orig,-0.974359,1,77,1,1
CER_2_8_0,80,ForzaIncentivante,QoS_new,-0.871795,5,73,1,1
CER_2_8_0,80,ForzaIncentivante,EI_orig,-0.871795,5,73,1,1
CER_2_8_0,80,ForzaIncentivante,EI_new,-0.512821,19,59,1,1
CER_2_8_0,80,ForzaIncentivante,Jain,-0.974359,1,77,1,1
CER_2_8_0,80,ForzaIncentivante,Gini,-0.871795,5,73,1,1
CER_2_8_0,80,ForzaIncentivante,FairnessIndex,0.333333,52,26,1,1
CER_2_8_0,80,ForzaIncentivante,Sigma,0.333333,52,26,1,1
CER_2_8_0,80,ForzaIncentivante,QuoteNulle,NaN,NaN,NaN,1,0
CER_2_8_0,80,ForzaIncentivante,EccessoMax_EUR,0.410256,55,23,1,1
CER_2_8_0,80,ForzaIncentivante,CoalizioniInstabili,0.374201,53,24,1,1
CER_2_8_0,80,ForzaIncentivante,ForzaIncentivante,1,NaN,NaN,1,1
CER_2_8_0,80,ForzaIncentivante,AllineamentoVirtu,0.769231,69,9,1,1
CER_2_8_0,80,ForzaIncentivante,ForzaIncentivante_lordo,0.871795,73,5,1,1
CER_2_8_0,80,ForzaIncentivante,AllineamentoVirtu_lordo,0.538462,60,18,1,1
CER_2_8_0,80,ForzaIncentivante,VAN_min_EUR,NaN,NaN,NaN,1,0
CER_2_8_0,80,AllineamentoVirtu,MinMax_pro,NaN,NaN,NaN,1,0
CER_2_8_0,80,AllineamentoVirtu,MinMax_con,-0.666667,13,65,1,1
CER_2_8_0,80,AllineamentoVirtu,QoS_orig,-0.74359,10,68,1,1
CER_2_8_0,80,AllineamentoVirtu,QoS_new,-0.846154,6,72,1,1
CER_2_8_0,80,AllineamentoVirtu,EI_orig,-0.692308,12,66,1,1
CER_2_8_0,80,AllineamentoVirtu,EI_new,-0.333333,26,52,1,1
CER_2_8_0,80,AllineamentoVirtu,Jain,-0.74359,10,68,1,1
CER_2_8_0,80,AllineamentoVirtu,Gini,-0.692308,12,66,1,1
CER_2_8_0,80,AllineamentoVirtu,FairnessIndex,0.410256,55,23,1,1
CER_2_8_0,80,AllineamentoVirtu,Sigma,0.410256,55,23,1,1
CER_2_8_0,80,AllineamentoVirtu,QuoteNulle,NaN,NaN,NaN,1,0
CER_2_8_0,80,AllineamentoVirtu,EccessoMax_EUR,0.435897,56,22,1,1
CER_2_8_0,80,AllineamentoVirtu,CoalizioniInstabili,0.451622,56,21,1,1
CER_2_8_0,80,AllineamentoVirtu,ForzaIncentivante,0.769231,69,9,1,1
CER_2_8_0,80,AllineamentoVirtu,AllineamentoVirtu,1,NaN,NaN,1,1
CER_2_8_0,80,AllineamentoVirtu,ForzaIncentivante_lordo,0.897436,74,4,1,1
CER_2_8_0,80,AllineamentoVirtu,AllineamentoVirtu_lordo,0.769231,69,9,1,1
CER_2_8_0,80,AllineamentoVirtu,VAN_min_EUR,NaN,NaN,NaN,1,0
CER_2_8_0,80,ForzaIncentivante_lordo,MinMax_pro,NaN,NaN,NaN,1,0
CER_2_8_0,80,ForzaIncentivante_lordo,MinMax_con,-0.769231,9,69,1,1
CER_2_8_0,80,ForzaIncentivante_lordo,QoS_orig,-0.846154,6,72,1,1
CER_2_8_0,80,ForzaIncentivante_lordo,QoS_new,-0.948718,2,76,1,1
CER_2_8_0,80,ForzaIncentivante_lordo,EI_orig,-0.794872,8,70,1,1
CER_2_8_0,80,ForzaIncentivante_lordo,EI_new,-0.435897,22,56,1,1
CER_2_8_0,80,ForzaIncentivante_lordo,Jain,-0.846154,6,72,1,1
CER_2_8_0,80,ForzaIncentivante_lordo,Gini,-0.794872,8,70,1,1
CER_2_8_0,80,ForzaIncentivante_lordo,FairnessIndex,0.410256,55,23,1,1
CER_2_8_0,80,ForzaIncentivante_lordo,Sigma,0.410256,55,23,1,1
CER_2_8_0,80,ForzaIncentivante_lordo,QuoteNulle,NaN,NaN,NaN,1,0
CER_2_8_0,80,ForzaIncentivante_lordo,EccessoMax_EUR,0.487179,58,20,1,1
CER_2_8_0,80,ForzaIncentivante_lordo,CoalizioniInstabili,0.451622,56,21,1,1
CER_2_8_0,80,ForzaIncentivante_lordo,ForzaIncentivante,0.871795,73,5,1,1
CER_2_8_0,80,ForzaIncentivante_lordo,AllineamentoVirtu,0.897436,74,4,1,1
CER_2_8_0,80,ForzaIncentivante_lordo,ForzaIncentivante_lordo,1,NaN,NaN,1,1
CER_2_8_0,80,ForzaIncentivante_lordo,AllineamentoVirtu_lordo,0.666667,65,13,1,1
CER_2_8_0,80,ForzaIncentivante_lordo,VAN_min_EUR,NaN,NaN,NaN,1,0
CER_2_8_0,80,AllineamentoVirtu_lordo,MinMax_pro,NaN,NaN,NaN,1,0
CER_2_8_0,80,AllineamentoVirtu_lordo,MinMax_con,-0.435897,22,56,1,1
CER_2_8_0,80,AllineamentoVirtu_lordo,QoS_orig,-0.512821,19,59,1,1
CER_2_8_0,80,AllineamentoVirtu_lordo,QoS_new,-0.615385,15,63,1,1
CER_2_8_0,80,AllineamentoVirtu_lordo,EI_orig,-0.461538,21,57,1,1
CER_2_8_0,80,AllineamentoVirtu_lordo,EI_new,-0.102564,35,43,1,1
CER_2_8_0,80,AllineamentoVirtu_lordo,Jain,-0.512821,19,59,1,1
CER_2_8_0,80,AllineamentoVirtu_lordo,Gini,-0.461538,21,57,1,1
CER_2_8_0,80,AllineamentoVirtu_lordo,FairnessIndex,0.487179,58,20,1,1
CER_2_8_0,80,AllineamentoVirtu_lordo,Sigma,0.487179,58,20,1,1
CER_2_8_0,80,AllineamentoVirtu_lordo,QuoteNulle,NaN,NaN,NaN,1,0
CER_2_8_0,80,AllineamentoVirtu_lordo,EccessoMax_EUR,0.512821,59,19,1,1
CER_2_8_0,80,AllineamentoVirtu_lordo,CoalizioniInstabili,0.529043,59,18,1,1
CER_2_8_0,80,AllineamentoVirtu_lordo,ForzaIncentivante,0.538462,60,18,1,1
CER_2_8_0,80,AllineamentoVirtu_lordo,AllineamentoVirtu,0.769231,69,9,1,1
CER_2_8_0,80,AllineamentoVirtu_lordo,ForzaIncentivante_lordo,0.666667,65,13,1,1
CER_2_8_0,80,AllineamentoVirtu_lordo,AllineamentoVirtu_lordo,1,NaN,NaN,1,1
CER_2_8_0,80,AllineamentoVirtu_lordo,VAN_min_EUR,NaN,NaN,NaN,1,0
CER_2_8_0,80,VAN_min_EUR,MinMax_pro,NaN,NaN,NaN,0,0
CER_2_8_0,80,VAN_min_EUR,MinMax_con,NaN,NaN,NaN,0,1
CER_2_8_0,80,VAN_min_EUR,QoS_orig,NaN,NaN,NaN,0,1
CER_2_8_0,80,VAN_min_EUR,QoS_new,NaN,NaN,NaN,0,1
CER_2_8_0,80,VAN_min_EUR,EI_orig,NaN,NaN,NaN,0,1
CER_2_8_0,80,VAN_min_EUR,EI_new,NaN,NaN,NaN,0,1
CER_2_8_0,80,VAN_min_EUR,Jain,NaN,NaN,NaN,0,1
CER_2_8_0,80,VAN_min_EUR,Gini,NaN,NaN,NaN,0,1
CER_2_8_0,80,VAN_min_EUR,FairnessIndex,NaN,NaN,NaN,0,1
CER_2_8_0,80,VAN_min_EUR,Sigma,NaN,NaN,NaN,0,1
CER_2_8_0,80,VAN_min_EUR,QuoteNulle,NaN,NaN,NaN,0,0
CER_2_8_0,80,VAN_min_EUR,EccessoMax_EUR,NaN,NaN,NaN,0,1
CER_2_8_0,80,VAN_min_EUR,CoalizioniInstabili,NaN,NaN,NaN,0,1
CER_2_8_0,80,VAN_min_EUR,ForzaIncentivante,NaN,NaN,NaN,0,1
CER_2_8_0,80,VAN_min_EUR,AllineamentoVirtu,NaN,NaN,NaN,0,1
CER_2_8_0,80,VAN_min_EUR,ForzaIncentivante_lordo,NaN,NaN,NaN,0,1
CER_2_8_0,80,VAN_min_EUR,AllineamentoVirtu_lordo,NaN,NaN,NaN,0,1
CER_2_8_0,80,VAN_min_EUR,VAN_min_EUR,1,NaN,NaN,0,0
CER_3_2_0,40,MinMax_pro,MinMax_pro,1,NaN,NaN,0,0
CER_3_2_0,40,MinMax_pro,MinMax_con,NaN,NaN,NaN,0,1
CER_3_2_0,40,MinMax_pro,QoS_orig,NaN,NaN,NaN,0,1
CER_3_2_0,40,MinMax_pro,QoS_new,NaN,NaN,NaN,0,1
CER_3_2_0,40,MinMax_pro,EI_orig,NaN,NaN,NaN,0,1
CER_3_2_0,40,MinMax_pro,EI_new,NaN,NaN,NaN,0,1
CER_3_2_0,40,MinMax_pro,Jain,NaN,NaN,NaN,0,1
CER_3_2_0,40,MinMax_pro,Gini,NaN,NaN,NaN,0,1
CER_3_2_0,40,MinMax_pro,FairnessIndex,NaN,NaN,NaN,0,1
CER_3_2_0,40,MinMax_pro,Sigma,NaN,NaN,NaN,0,1
CER_3_2_0,40,MinMax_pro,QuoteNulle,NaN,NaN,NaN,0,0
CER_3_2_0,40,MinMax_pro,EccessoMax_EUR,NaN,NaN,NaN,0,1
CER_3_2_0,40,MinMax_pro,CoalizioniInstabili,NaN,NaN,NaN,0,1
CER_3_2_0,40,MinMax_pro,ForzaIncentivante,NaN,NaN,NaN,0,1
CER_3_2_0,40,MinMax_pro,AllineamentoVirtu,NaN,NaN,NaN,0,1
CER_3_2_0,40,MinMax_pro,ForzaIncentivante_lordo,NaN,NaN,NaN,0,1
CER_3_2_0,40,MinMax_pro,AllineamentoVirtu_lordo,NaN,NaN,NaN,0,1
CER_3_2_0,40,MinMax_pro,VAN_min_EUR,NaN,NaN,NaN,0,0
CER_3_2_0,40,MinMax_con,MinMax_pro,NaN,NaN,NaN,1,0
CER_3_2_0,40,MinMax_con,MinMax_con,1,NaN,NaN,1,1
CER_3_2_0,40,MinMax_con,QoS_orig,-0.025641,38,40,1,1
CER_3_2_0,40,MinMax_con,QoS_new,0.923077,75,3,1,1
CER_3_2_0,40,MinMax_con,EI_orig,0.0769231,42,36,1,1
CER_3_2_0,40,MinMax_con,EI_new,0.0769231,42,36,1,1
CER_3_2_0,40,MinMax_con,Jain,0.153846,45,33,1,1
CER_3_2_0,40,MinMax_con,Gini,0.0769231,42,36,1,1
CER_3_2_0,40,MinMax_con,FairnessIndex,-0.25641,29,49,1,1
CER_3_2_0,40,MinMax_con,Sigma,-0.179487,32,46,1,1
CER_3_2_0,40,MinMax_con,QuoteNulle,NaN,NaN,NaN,1,0
CER_3_2_0,40,MinMax_con,EccessoMax_EUR,-0.230769,30,48,1,1
CER_3_2_0,40,MinMax_con,CoalizioniInstabili,-0.040313,34,37,1,1
CER_3_2_0,40,MinMax_con,ForzaIncentivante,-0.102564,35,43,1,1
CER_3_2_0,40,MinMax_con,AllineamentoVirtu,-0.0769231,36,42,1,1
CER_3_2_0,40,MinMax_con,ForzaIncentivante_lordo,-0.102564,35,43,1,1
CER_3_2_0,40,MinMax_con,AllineamentoVirtu_lordo,-0.025641,38,40,1,1
CER_3_2_0,40,MinMax_con,VAN_min_EUR,NaN,NaN,NaN,1,0
CER_3_2_0,40,QoS_orig,MinMax_pro,NaN,NaN,NaN,1,0
CER_3_2_0,40,QoS_orig,MinMax_con,-0.025641,38,40,1,1
CER_3_2_0,40,QoS_orig,QoS_orig,1,NaN,NaN,1,1
CER_3_2_0,40,QoS_orig,QoS_new,-0.102564,35,43,1,1
CER_3_2_0,40,QoS_orig,EI_orig,-0.692308,12,66,1,1
CER_3_2_0,40,QoS_orig,EI_new,-0.128205,34,44,1,1
CER_3_2_0,40,QoS_orig,Jain,0.820513,71,7,1,1
CER_3_2_0,40,QoS_orig,Gini,-0.692308,12,66,1,1
CER_3_2_0,40,QoS_orig,FairnessIndex,-0.358974,25,53,1,1
CER_3_2_0,40,QoS_orig,Sigma,-0.435897,22,56,1,1
CER_3_2_0,40,QoS_orig,QuoteNulle,NaN,NaN,NaN,1,0
CER_3_2_0,40,QoS_orig,EccessoMax_EUR,0.230769,48,30,1,1
CER_3_2_0,40,QoS_orig,CoalizioniInstabili,-0.362817,22,49,1,1
CER_3_2_0,40,QoS_orig,ForzaIncentivante,0.923077,75,3,1,1
CER_3_2_0,40,QoS_orig,AllineamentoVirtu,0.897436,74,4,1,1
CER_3_2_0,40,QoS_orig,ForzaIncentivante_lordo,0.923077,75,3,1,1
CER_3_2_0,40,QoS_orig,AllineamentoVirtu_lordo,0.846154,72,6,1,1
CER_3_2_0,40,QoS_orig,VAN_min_EUR,NaN,NaN,NaN,1,0
CER_3_2_0,40,QoS_new,MinMax_pro,NaN,NaN,NaN,1,0
CER_3_2_0,40,QoS_new,MinMax_con,0.923077,75,3,1,1
CER_3_2_0,40,QoS_new,QoS_orig,-0.102564,35,43,1,1
CER_3_2_0,40,QoS_new,QoS_new,1,NaN,NaN,1,1
CER_3_2_0,40,QoS_new,EI_orig,0.153846,45,33,1,1
CER_3_2_0,40,QoS_new,EI_new,0.102564,43,35,1,1
CER_3_2_0,40,QoS_new,Jain,0.0769231,42,36,1,1
CER_3_2_0,40,QoS_new,Gini,0.153846,45,33,1,1
CER_3_2_0,40,QoS_new,FairnessIndex,-0.179487,32,46,1,1
CER_3_2_0,40,QoS_new,Sigma,-0.102564,35,43,1,1
CER_3_2_0,40,QoS_new,QuoteNulle,NaN,NaN,NaN,1,0
CER_3_2_0,40,QoS_new,EccessoMax_EUR,-0.25641,29,49,1,1
CER_3_2_0,40,QoS_new,CoalizioniInstabili,0.040313,37,34,1,1
CER_3_2_0,40,QoS_new,ForzaIncentivante,-0.179487,32,46,1,1
CER_3_2_0,40,QoS_new,AllineamentoVirtu,-0.153846,33,45,1,1
CER_3_2_0,40,QoS_new,ForzaIncentivante_lordo,-0.179487,32,46,1,1
CER_3_2_0,40,QoS_new,AllineamentoVirtu_lordo,-0.102564,35,43,1,1
CER_3_2_0,40,QoS_new,VAN_min_EUR,NaN,NaN,NaN,1,0
CER_3_2_0,40,EI_orig,MinMax_pro,NaN,NaN,NaN,1,0
CER_3_2_0,40,EI_orig,MinMax_con,0.0769231,42,36,1,1
CER_3_2_0,40,EI_orig,QoS_orig,-0.692308,12,66,1,1
CER_3_2_0,40,EI_orig,QoS_new,0.153846,45,33,1,1
CER_3_2_0,40,EI_orig,EI_orig,1,NaN,NaN,1,1
CER_3_2_0,40,EI_orig,EI_new,0.230769,48,30,1,1
CER_3_2_0,40,EI_orig,Jain,-0.564103,17,61,1,1
CER_3_2_0,40,EI_orig,Gini,1,78,0,1,1
CER_3_2_0,40,EI_orig,FairnessIndex,0.410256,55,23,1,1
CER_3_2_0,40,EI_orig,Sigma,0.487179,58,20,1,1
CER_3_2_0,40,EI_orig,QuoteNulle,NaN,NaN,NaN,1,0
CER_3_2_0,40,EI_orig,EccessoMax_EUR,-0.179487,32,46,1,1
CER_3_2_0,40,EI_orig,CoalizioniInstabili,0.443443,52,19,1,1
CER_3_2_0,40,EI_orig,ForzaIncentivante,-0.666667,13,65,1,1
CER_3_2_0,40,EI_orig,AllineamentoVirtu,-0.641026,14,64,1,1
CER_3_2_0,40,EI_orig,ForzaIncentivante_lordo,-0.666667,13,65,1,1
CER_3_2_0,40,EI_orig,AllineamentoVirtu_lordo,-0.589744,16,62,1,1
CER_3_2_0,40,EI_orig,VAN_min_EUR,NaN,NaN,NaN,1,0
CER_3_2_0,40,EI_new,MinMax_pro,NaN,NaN,NaN,1,0
CER_3_2_0,40,EI_new,MinMax_con,0.0769231,42,36,1,1
CER_3_2_0,40,EI_new,QoS_orig,-0.128205,34,44,1,1
CER_3_2_0,40,EI_new,QoS_new,0.102564,43,35,1,1
CER_3_2_0,40,EI_new,EI_orig,0.230769,48,30,1,1
CER_3_2_0,40,EI_new,EI_new,1,NaN,NaN,1,1
CER_3_2_0,40,EI_new,Jain,-0.0512821,37,41,1,1
CER_3_2_0,40,EI_new,Gini,0.230769,48,30,1,1
CER_3_2_0,40,EI_new,FairnessIndex,-0.358974,25,53,1,1
CER_3_2_0,40,EI_new,Sigma,-0.282051,28,50,1,1
CER_3_2_0,40,EI_new,QuoteNulle,NaN,NaN,NaN,1,0
CER_3_2_0,40,EI_new,EccessoMax_EUR,-0.589744,16,62,1,1
CER_3_2_0,40,EI_new,CoalizioniInstabili,-0.17469,29,42,1,1
CER_3_2_0,40,EI_new,ForzaIncentivante,-0.102564,35,43,1,1
CER_3_2_0,40,EI_new,AllineamentoVirtu,-0.0769231,36,42,1,1
CER_3_2_0,40,EI_new,ForzaIncentivante_lordo,-0.102564,35,43,1,1
CER_3_2_0,40,EI_new,AllineamentoVirtu_lordo,-0.128205,34,44,1,1
CER_3_2_0,40,EI_new,VAN_min_EUR,NaN,NaN,NaN,1,0
CER_3_2_0,40,Jain,MinMax_pro,NaN,NaN,NaN,1,0
CER_3_2_0,40,Jain,MinMax_con,0.153846,45,33,1,1
CER_3_2_0,40,Jain,QoS_orig,0.820513,71,7,1,1
CER_3_2_0,40,Jain,QoS_new,0.0769231,42,36,1,1
CER_3_2_0,40,Jain,EI_orig,-0.564103,17,61,1,1
CER_3_2_0,40,Jain,EI_new,-0.0512821,37,41,1,1
CER_3_2_0,40,Jain,Jain,1,NaN,NaN,1,1
CER_3_2_0,40,Jain,Gini,-0.564103,17,61,1,1
CER_3_2_0,40,Jain,FairnessIndex,-0.435897,22,56,1,1
CER_3_2_0,40,Jain,Sigma,-0.512821,19,59,1,1
CER_3_2_0,40,Jain,QuoteNulle,NaN,NaN,NaN,1,0
CER_3_2_0,40,Jain,EccessoMax_EUR,0.102564,43,35,1,1
CER_3_2_0,40,Jain,CoalizioniInstabili,-0.497193,17,54,1,1
CER_3_2_0,40,Jain,ForzaIncentivante,0.74359,68,10,1,1
CER_3_2_0,40,Jain,AllineamentoVirtu,0.769231,69,9,1,1
CER_3_2_0,40,Jain,ForzaIncentivante_lordo,0.74359,68,10,1,1
CER_3_2_0,40,Jain,AllineamentoVirtu_lordo,0.717949,67,11,1,1
CER_3_2_0,40,Jain,VAN_min_EUR,NaN,NaN,NaN,1,0
CER_3_2_0,40,Gini,MinMax_pro,NaN,NaN,NaN,1,0
CER_3_2_0,40,Gini,MinMax_con,0.0769231,42,36,1,1
CER_3_2_0,40,Gini,QoS_orig,-0.692308,12,66,1,1
CER_3_2_0,40,Gini,QoS_new,0.153846,45,33,1,1
CER_3_2_0,40,Gini,EI_orig,1,78,0,1,1
CER_3_2_0,40,Gini,EI_new,0.230769,48,30,1,1
CER_3_2_0,40,Gini,Jain,-0.564103,17,61,1,1
CER_3_2_0,40,Gini,Gini,1,NaN,NaN,1,1
CER_3_2_0,40,Gini,FairnessIndex,0.410256,55,23,1,1
CER_3_2_0,40,Gini,Sigma,0.487179,58,20,1,1
CER_3_2_0,40,Gini,QuoteNulle,NaN,NaN,NaN,1,0
CER_3_2_0,40,Gini,EccessoMax_EUR,-0.179487,32,46,1,1
CER_3_2_0,40,Gini,CoalizioniInstabili,0.443443,52,19,1,1
CER_3_2_0,40,Gini,ForzaIncentivante,-0.666667,13,65,1,1
CER_3_2_0,40,Gini,AllineamentoVirtu,-0.641026,14,64,1,1
CER_3_2_0,40,Gini,ForzaIncentivante_lordo,-0.666667,13,65,1,1
CER_3_2_0,40,Gini,AllineamentoVirtu_lordo,-0.589744,16,62,1,1
CER_3_2_0,40,Gini,VAN_min_EUR,NaN,NaN,NaN,1,0
CER_3_2_0,40,FairnessIndex,MinMax_pro,NaN,NaN,NaN,1,0
CER_3_2_0,40,FairnessIndex,MinMax_con,-0.25641,29,49,1,1
CER_3_2_0,40,FairnessIndex,QoS_orig,-0.358974,25,53,1,1
CER_3_2_0,40,FairnessIndex,QoS_new,-0.179487,32,46,1,1
CER_3_2_0,40,FairnessIndex,EI_orig,0.410256,55,23,1,1
CER_3_2_0,40,FairnessIndex,EI_new,-0.358974,25,53,1,1
CER_3_2_0,40,FairnessIndex,Jain,-0.435897,22,56,1,1
CER_3_2_0,40,FairnessIndex,Gini,0.410256,55,23,1,1
CER_3_2_0,40,FairnessIndex,FairnessIndex,1,NaN,NaN,1,1
CER_3_2_0,40,FairnessIndex,Sigma,0.923077,75,3,1,1
CER_3_2_0,40,FairnessIndex,QuoteNulle,NaN,NaN,NaN,1,0
CER_3_2_0,40,FairnessIndex,EccessoMax_EUR,0.410256,55,23,1,1
CER_3_2_0,40,FairnessIndex,CoalizioniInstabili,0.658445,60,11,1,1
CER_3_2_0,40,FairnessIndex,ForzaIncentivante,-0.282051,28,50,1,1
CER_3_2_0,40,FairnessIndex,AllineamentoVirtu,-0.25641,29,49,1,1
CER_3_2_0,40,FairnessIndex,ForzaIncentivante_lordo,-0.282051,28,50,1,1
CER_3_2_0,40,FairnessIndex,AllineamentoVirtu_lordo,-0.205128,31,47,1,1
CER_3_2_0,40,FairnessIndex,VAN_min_EUR,NaN,NaN,NaN,1,0
CER_3_2_0,40,Sigma,MinMax_pro,NaN,NaN,NaN,1,0
CER_3_2_0,40,Sigma,MinMax_con,-0.179487,32,46,1,1
CER_3_2_0,40,Sigma,QoS_orig,-0.435897,22,56,1,1
CER_3_2_0,40,Sigma,QoS_new,-0.102564,35,43,1,1
CER_3_2_0,40,Sigma,EI_orig,0.487179,58,20,1,1
CER_3_2_0,40,Sigma,EI_new,-0.282051,28,50,1,1
CER_3_2_0,40,Sigma,Jain,-0.512821,19,59,1,1
CER_3_2_0,40,Sigma,Gini,0.487179,58,20,1,1
CER_3_2_0,40,Sigma,FairnessIndex,0.923077,75,3,1,1
CER_3_2_0,40,Sigma,Sigma,1,NaN,NaN,1,1
CER_3_2_0,40,Sigma,QuoteNulle,NaN,NaN,NaN,1,0
CER_3_2_0,40,Sigma,EccessoMax_EUR,0.333333,52,26,1,1
CER_3_2_0,40,Sigma,CoalizioniInstabili,0.739071,63,8,1,1
CER_3_2_0,40,Sigma,ForzaIncentivante,-0.358974,25,53,1,1
CER_3_2_0,40,Sigma,AllineamentoVirtu,-0.333333,26,52,1,1
CER_3_2_0,40,Sigma,ForzaIncentivante_lordo,-0.358974,25,53,1,1
CER_3_2_0,40,Sigma,AllineamentoVirtu_lordo,-0.282051,28,50,1,1
CER_3_2_0,40,Sigma,VAN_min_EUR,NaN,NaN,NaN,1,0
CER_3_2_0,40,QuoteNulle,MinMax_pro,NaN,NaN,NaN,0,0
CER_3_2_0,40,QuoteNulle,MinMax_con,NaN,NaN,NaN,0,1
CER_3_2_0,40,QuoteNulle,QoS_orig,NaN,NaN,NaN,0,1
CER_3_2_0,40,QuoteNulle,QoS_new,NaN,NaN,NaN,0,1
CER_3_2_0,40,QuoteNulle,EI_orig,NaN,NaN,NaN,0,1
CER_3_2_0,40,QuoteNulle,EI_new,NaN,NaN,NaN,0,1
CER_3_2_0,40,QuoteNulle,Jain,NaN,NaN,NaN,0,1
CER_3_2_0,40,QuoteNulle,Gini,NaN,NaN,NaN,0,1
CER_3_2_0,40,QuoteNulle,FairnessIndex,NaN,NaN,NaN,0,1
CER_3_2_0,40,QuoteNulle,Sigma,NaN,NaN,NaN,0,1
CER_3_2_0,40,QuoteNulle,QuoteNulle,1,NaN,NaN,0,0
CER_3_2_0,40,QuoteNulle,EccessoMax_EUR,NaN,NaN,NaN,0,1
CER_3_2_0,40,QuoteNulle,CoalizioniInstabili,NaN,NaN,NaN,0,1
CER_3_2_0,40,QuoteNulle,ForzaIncentivante,NaN,NaN,NaN,0,1
CER_3_2_0,40,QuoteNulle,AllineamentoVirtu,NaN,NaN,NaN,0,1
CER_3_2_0,40,QuoteNulle,ForzaIncentivante_lordo,NaN,NaN,NaN,0,1
CER_3_2_0,40,QuoteNulle,AllineamentoVirtu_lordo,NaN,NaN,NaN,0,1
CER_3_2_0,40,QuoteNulle,VAN_min_EUR,NaN,NaN,NaN,0,0
CER_3_2_0,40,EccessoMax_EUR,MinMax_pro,NaN,NaN,NaN,1,0
CER_3_2_0,40,EccessoMax_EUR,MinMax_con,-0.230769,30,48,1,1
CER_3_2_0,40,EccessoMax_EUR,QoS_orig,0.230769,48,30,1,1
CER_3_2_0,40,EccessoMax_EUR,QoS_new,-0.25641,29,49,1,1
CER_3_2_0,40,EccessoMax_EUR,EI_orig,-0.179487,32,46,1,1
CER_3_2_0,40,EccessoMax_EUR,EI_new,-0.589744,16,62,1,1
CER_3_2_0,40,EccessoMax_EUR,Jain,0.102564,43,35,1,1
CER_3_2_0,40,EccessoMax_EUR,Gini,-0.179487,32,46,1,1
CER_3_2_0,40,EccessoMax_EUR,FairnessIndex,0.410256,55,23,1,1
CER_3_2_0,40,EccessoMax_EUR,Sigma,0.333333,52,26,1,1
CER_3_2_0,40,EccessoMax_EUR,QuoteNulle,NaN,NaN,NaN,1,0
CER_3_2_0,40,EccessoMax_EUR,EccessoMax_EUR,1,NaN,NaN,1,1
CER_3_2_0,40,EccessoMax_EUR,CoalizioniInstabili,0.120939,40,31,1,1
CER_3_2_0,40,EccessoMax_EUR,ForzaIncentivante,0.307692,51,27,1,1
CER_3_2_0,40,EccessoMax_EUR,AllineamentoVirtu,0.333333,52,26,1,1
CER_3_2_0,40,EccessoMax_EUR,ForzaIncentivante_lordo,0.307692,51,27,1,1
CER_3_2_0,40,EccessoMax_EUR,AllineamentoVirtu_lordo,0.384615,54,24,1,1
CER_3_2_0,40,EccessoMax_EUR,VAN_min_EUR,NaN,NaN,NaN,1,0
CER_3_2_0,40,CoalizioniInstabili,MinMax_pro,NaN,NaN,NaN,1,0
CER_3_2_0,40,CoalizioniInstabili,MinMax_con,-0.040313,34,37,1,1
CER_3_2_0,40,CoalizioniInstabili,QoS_orig,-0.362817,22,49,1,1
CER_3_2_0,40,CoalizioniInstabili,QoS_new,0.040313,37,34,1,1
CER_3_2_0,40,CoalizioniInstabili,EI_orig,0.443443,52,19,1,1
CER_3_2_0,40,CoalizioniInstabili,EI_new,-0.17469,29,42,1,1
CER_3_2_0,40,CoalizioniInstabili,Jain,-0.497193,17,54,1,1
CER_3_2_0,40,CoalizioniInstabili,Gini,0.443443,52,19,1,1
CER_3_2_0,40,CoalizioniInstabili,FairnessIndex,0.658445,60,11,1,1
CER_3_2_0,40,CoalizioniInstabili,Sigma,0.739071,63,8,1,1
CER_3_2_0,40,CoalizioniInstabili,QuoteNulle,NaN,NaN,NaN,1,0
CER_3_2_0,40,CoalizioniInstabili,EccessoMax_EUR,0.120939,40,31,1,1
CER_3_2_0,40,CoalizioniInstabili,CoalizioniInstabili,1,NaN,NaN,1,1
CER_3_2_0,40,CoalizioniInstabili,ForzaIncentivante,-0.309066,24,47,1,1
CER_3_2_0,40,CoalizioniInstabili,AllineamentoVirtu,-0.335941,23,48,1,1
CER_3_2_0,40,CoalizioniInstabili,ForzaIncentivante_lordo,-0.309066,24,47,1,1
CER_3_2_0,40,CoalizioniInstabili,AllineamentoVirtu_lordo,-0.282191,25,46,1,1
CER_3_2_0,40,CoalizioniInstabili,VAN_min_EUR,NaN,NaN,NaN,1,0
CER_3_2_0,40,ForzaIncentivante,MinMax_pro,NaN,NaN,NaN,1,0
CER_3_2_0,40,ForzaIncentivante,MinMax_con,-0.102564,35,43,1,1
CER_3_2_0,40,ForzaIncentivante,QoS_orig,0.923077,75,3,1,1
CER_3_2_0,40,ForzaIncentivante,QoS_new,-0.179487,32,46,1,1
CER_3_2_0,40,ForzaIncentivante,EI_orig,-0.666667,13,65,1,1
CER_3_2_0,40,ForzaIncentivante,EI_new,-0.102564,35,43,1,1
CER_3_2_0,40,ForzaIncentivante,Jain,0.74359,68,10,1,1
CER_3_2_0,40,ForzaIncentivante,Gini,-0.666667,13,65,1,1
CER_3_2_0,40,ForzaIncentivante,FairnessIndex,-0.282051,28,50,1,1
CER_3_2_0,40,ForzaIncentivante,Sigma,-0.358974,25,53,1,1
CER_3_2_0,40,ForzaIncentivante,QuoteNulle,NaN,NaN,NaN,1,0
CER_3_2_0,40,ForzaIncentivante,EccessoMax_EUR,0.307692,51,27,1,1
CER_3_2_0,40,ForzaIncentivante,CoalizioniInstabili,-0.309066,24,47,1,1
CER_3_2_0,40,ForzaIncentivante,ForzaIncentivante,1,NaN,NaN,1,1
CER_3_2_0,40,ForzaIncentivante,AllineamentoVirtu,0.974359,77,1,1,1
CER_3_2_0,40,ForzaIncentivante,ForzaIncentivante_lordo,1,78,0,1,1
CER_3_2_0,40,ForzaIncentivante,AllineamentoVirtu_lordo,0.923077,75,3,1,1
CER_3_2_0,40,ForzaIncentivante,VAN_min_EUR,NaN,NaN,NaN,1,0
CER_3_2_0,40,AllineamentoVirtu,MinMax_pro,NaN,NaN,NaN,1,0
CER_3_2_0,40,AllineamentoVirtu,MinMax_con,-0.0769231,36,42,1,1
CER_3_2_0,40,AllineamentoVirtu,QoS_orig,0.897436,74,4,1,1
CER_3_2_0,40,AllineamentoVirtu,QoS_new,-0.153846,33,45,1,1
CER_3_2_0,40,AllineamentoVirtu,EI_orig,-0.641026,14,64,1,1
CER_3_2_0,40,AllineamentoVirtu,EI_new,-0.0769231,36,42,1,1
CER_3_2_0,40,AllineamentoVirtu,Jain,0.769231,69,9,1,1
CER_3_2_0,40,AllineamentoVirtu,Gini,-0.641026,14,64,1,1
CER_3_2_0,40,AllineamentoVirtu,FairnessIndex,-0.25641,29,49,1,1
CER_3_2_0,40,AllineamentoVirtu,Sigma,-0.333333,26,52,1,1
CER_3_2_0,40,AllineamentoVirtu,QuoteNulle,NaN,NaN,NaN,1,0
CER_3_2_0,40,AllineamentoVirtu,EccessoMax_EUR,0.333333,52,26,1,1
CER_3_2_0,40,AllineamentoVirtu,CoalizioniInstabili,-0.335941,23,48,1,1
CER_3_2_0,40,AllineamentoVirtu,ForzaIncentivante,0.974359,77,1,1,1
CER_3_2_0,40,AllineamentoVirtu,AllineamentoVirtu,1,NaN,NaN,1,1
CER_3_2_0,40,AllineamentoVirtu,ForzaIncentivante_lordo,0.974359,77,1,1,1
CER_3_2_0,40,AllineamentoVirtu,AllineamentoVirtu_lordo,0.948718,76,2,1,1
CER_3_2_0,40,AllineamentoVirtu,VAN_min_EUR,NaN,NaN,NaN,1,0
CER_3_2_0,40,ForzaIncentivante_lordo,MinMax_pro,NaN,NaN,NaN,1,0
CER_3_2_0,40,ForzaIncentivante_lordo,MinMax_con,-0.102564,35,43,1,1
CER_3_2_0,40,ForzaIncentivante_lordo,QoS_orig,0.923077,75,3,1,1
CER_3_2_0,40,ForzaIncentivante_lordo,QoS_new,-0.179487,32,46,1,1
CER_3_2_0,40,ForzaIncentivante_lordo,EI_orig,-0.666667,13,65,1,1
CER_3_2_0,40,ForzaIncentivante_lordo,EI_new,-0.102564,35,43,1,1
CER_3_2_0,40,ForzaIncentivante_lordo,Jain,0.74359,68,10,1,1
CER_3_2_0,40,ForzaIncentivante_lordo,Gini,-0.666667,13,65,1,1
CER_3_2_0,40,ForzaIncentivante_lordo,FairnessIndex,-0.282051,28,50,1,1
CER_3_2_0,40,ForzaIncentivante_lordo,Sigma,-0.358974,25,53,1,1
CER_3_2_0,40,ForzaIncentivante_lordo,QuoteNulle,NaN,NaN,NaN,1,0
CER_3_2_0,40,ForzaIncentivante_lordo,EccessoMax_EUR,0.307692,51,27,1,1
CER_3_2_0,40,ForzaIncentivante_lordo,CoalizioniInstabili,-0.309066,24,47,1,1
CER_3_2_0,40,ForzaIncentivante_lordo,ForzaIncentivante,1,78,0,1,1
CER_3_2_0,40,ForzaIncentivante_lordo,AllineamentoVirtu,0.974359,77,1,1,1
CER_3_2_0,40,ForzaIncentivante_lordo,ForzaIncentivante_lordo,1,NaN,NaN,1,1
CER_3_2_0,40,ForzaIncentivante_lordo,AllineamentoVirtu_lordo,0.923077,75,3,1,1
CER_3_2_0,40,ForzaIncentivante_lordo,VAN_min_EUR,NaN,NaN,NaN,1,0
CER_3_2_0,40,AllineamentoVirtu_lordo,MinMax_pro,NaN,NaN,NaN,1,0
CER_3_2_0,40,AllineamentoVirtu_lordo,MinMax_con,-0.025641,38,40,1,1
CER_3_2_0,40,AllineamentoVirtu_lordo,QoS_orig,0.846154,72,6,1,1
CER_3_2_0,40,AllineamentoVirtu_lordo,QoS_new,-0.102564,35,43,1,1
CER_3_2_0,40,AllineamentoVirtu_lordo,EI_orig,-0.589744,16,62,1,1
CER_3_2_0,40,AllineamentoVirtu_lordo,EI_new,-0.128205,34,44,1,1
CER_3_2_0,40,AllineamentoVirtu_lordo,Jain,0.717949,67,11,1,1
CER_3_2_0,40,AllineamentoVirtu_lordo,Gini,-0.589744,16,62,1,1
CER_3_2_0,40,AllineamentoVirtu_lordo,FairnessIndex,-0.205128,31,47,1,1
CER_3_2_0,40,AllineamentoVirtu_lordo,Sigma,-0.282051,28,50,1,1
CER_3_2_0,40,AllineamentoVirtu_lordo,QuoteNulle,NaN,NaN,NaN,1,0
CER_3_2_0,40,AllineamentoVirtu_lordo,EccessoMax_EUR,0.384615,54,24,1,1
CER_3_2_0,40,AllineamentoVirtu_lordo,CoalizioniInstabili,-0.282191,25,46,1,1
CER_3_2_0,40,AllineamentoVirtu_lordo,ForzaIncentivante,0.923077,75,3,1,1
CER_3_2_0,40,AllineamentoVirtu_lordo,AllineamentoVirtu,0.948718,76,2,1,1
CER_3_2_0,40,AllineamentoVirtu_lordo,ForzaIncentivante_lordo,0.923077,75,3,1,1
CER_3_2_0,40,AllineamentoVirtu_lordo,AllineamentoVirtu_lordo,1,NaN,NaN,1,1
CER_3_2_0,40,AllineamentoVirtu_lordo,VAN_min_EUR,NaN,NaN,NaN,1,0
CER_3_2_0,40,VAN_min_EUR,MinMax_pro,NaN,NaN,NaN,0,0
CER_3_2_0,40,VAN_min_EUR,MinMax_con,NaN,NaN,NaN,0,1
CER_3_2_0,40,VAN_min_EUR,QoS_orig,NaN,NaN,NaN,0,1
CER_3_2_0,40,VAN_min_EUR,QoS_new,NaN,NaN,NaN,0,1
CER_3_2_0,40,VAN_min_EUR,EI_orig,NaN,NaN,NaN,0,1
CER_3_2_0,40,VAN_min_EUR,EI_new,NaN,NaN,NaN,0,1
CER_3_2_0,40,VAN_min_EUR,Jain,NaN,NaN,NaN,0,1
CER_3_2_0,40,VAN_min_EUR,Gini,NaN,NaN,NaN,0,1
CER_3_2_0,40,VAN_min_EUR,FairnessIndex,NaN,NaN,NaN,0,1
CER_3_2_0,40,VAN_min_EUR,Sigma,NaN,NaN,NaN,0,1
CER_3_2_0,40,VAN_min_EUR,QuoteNulle,NaN,NaN,NaN,0,0
CER_3_2_0,40,VAN_min_EUR,EccessoMax_EUR,NaN,NaN,NaN,0,1
CER_3_2_0,40,VAN_min_EUR,CoalizioniInstabili,NaN,NaN,NaN,0,1
CER_3_2_0,40,VAN_min_EUR,ForzaIncentivante,NaN,NaN,NaN,0,1
CER_3_2_0,40,VAN_min_EUR,AllineamentoVirtu,NaN,NaN,NaN,0,1
CER_3_2_0,40,VAN_min_EUR,ForzaIncentivante_lordo,NaN,NaN,NaN,0,1
CER_3_2_0,40,VAN_min_EUR,AllineamentoVirtu_lordo,NaN,NaN,NaN,0,1
CER_3_2_0,40,VAN_min_EUR,VAN_min_EUR,1,NaN,NaN,0,0
CER_4_11_0,73.33,MinMax_pro,MinMax_pro,1,NaN,NaN,0,0
CER_4_11_0,73.33,MinMax_pro,MinMax_con,NaN,NaN,NaN,0,1
CER_4_11_0,73.33,MinMax_pro,QoS_orig,NaN,NaN,NaN,0,1
CER_4_11_0,73.33,MinMax_pro,QoS_new,NaN,NaN,NaN,0,1
CER_4_11_0,73.33,MinMax_pro,EI_orig,NaN,NaN,NaN,0,1
CER_4_11_0,73.33,MinMax_pro,EI_new,NaN,NaN,NaN,0,1
CER_4_11_0,73.33,MinMax_pro,Jain,NaN,NaN,NaN,0,1
CER_4_11_0,73.33,MinMax_pro,Gini,NaN,NaN,NaN,0,1
CER_4_11_0,73.33,MinMax_pro,FairnessIndex,NaN,NaN,NaN,0,1
CER_4_11_0,73.33,MinMax_pro,Sigma,NaN,NaN,NaN,0,1
CER_4_11_0,73.33,MinMax_pro,QuoteNulle,NaN,NaN,NaN,0,0
CER_4_11_0,73.33,MinMax_pro,EccessoMax_EUR,NaN,NaN,NaN,0,1
CER_4_11_0,73.33,MinMax_pro,CoalizioniInstabili,NaN,NaN,NaN,0,1
CER_4_11_0,73.33,MinMax_pro,ForzaIncentivante,NaN,NaN,NaN,0,1
CER_4_11_0,73.33,MinMax_pro,AllineamentoVirtu,NaN,NaN,NaN,0,1
CER_4_11_0,73.33,MinMax_pro,ForzaIncentivante_lordo,NaN,NaN,NaN,0,1
CER_4_11_0,73.33,MinMax_pro,AllineamentoVirtu_lordo,NaN,NaN,NaN,0,1
CER_4_11_0,73.33,MinMax_pro,VAN_min_EUR,NaN,NaN,NaN,0,0
CER_4_11_0,73.33,MinMax_con,MinMax_pro,NaN,NaN,NaN,1,0
CER_4_11_0,73.33,MinMax_con,MinMax_con,1,NaN,NaN,1,1
CER_4_11_0,73.33,MinMax_con,QoS_orig,0.538462,60,18,1,1
CER_4_11_0,73.33,MinMax_con,QoS_new,0.871795,73,5,1,1
CER_4_11_0,73.33,MinMax_con,EI_orig,0.538462,60,18,1,1
CER_4_11_0,73.33,MinMax_con,EI_new,0.461538,57,21,1,1
CER_4_11_0,73.33,MinMax_con,Jain,0.564103,61,17,1,1
CER_4_11_0,73.33,MinMax_con,Gini,0.538462,60,18,1,1
CER_4_11_0,73.33,MinMax_con,FairnessIndex,-0.589744,16,62,1,1
CER_4_11_0,73.33,MinMax_con,Sigma,-0.615385,15,63,1,1
CER_4_11_0,73.33,MinMax_con,QuoteNulle,NaN,NaN,NaN,1,0
CER_4_11_0,73.33,MinMax_con,EccessoMax_EUR,-0.615385,15,63,1,1
CER_4_11_0,73.33,MinMax_con,CoalizioniInstabili,-0.632271,14,63,1,1
CER_4_11_0,73.33,MinMax_con,ForzaIncentivante,-0.487179,20,58,1,1
CER_4_11_0,73.33,MinMax_con,AllineamentoVirtu,-0.410256,23,55,1,1
CER_4_11_0,73.33,MinMax_con,ForzaIncentivante_lordo,-0.461538,21,57,1,1
CER_4_11_0,73.33,MinMax_con,AllineamentoVirtu_lordo,-0.205128,31,47,1,1
CER_4_11_0,73.33,MinMax_con,VAN_min_EUR,NaN,NaN,NaN,1,0
CER_4_11_0,73.33,QoS_orig,MinMax_pro,NaN,NaN,NaN,1,0
CER_4_11_0,73.33,QoS_orig,MinMax_con,0.538462,60,18,1,1
CER_4_11_0,73.33,QoS_orig,QoS_orig,1,NaN,NaN,1,1
CER_4_11_0,73.33,QoS_orig,QoS_new,0.666667,65,13,1,1
CER_4_11_0,73.33,QoS_orig,EI_orig,0.897436,74,4,1,1
CER_4_11_0,73.33,QoS_orig,EI_new,0.461538,57,21,1,1
CER_4_11_0,73.33,QoS_orig,Jain,0.974359,77,1,1,1
CER_4_11_0,73.33,QoS_orig,Gini,0.897436,74,4,1,1
CER_4_11_0,73.33,QoS_orig,FairnessIndex,-0.333333,26,52,1,1
CER_4_11_0,73.33,QoS_orig,Sigma,-0.358974,25,53,1,1
CER_4_11_0,73.33,QoS_orig,QuoteNulle,NaN,NaN,NaN,1,0
CER_4_11_0,73.33,QoS_orig,EccessoMax_EUR,-0.358974,25,53,1,1
CER_4_11_0,73.33,QoS_orig,CoalizioniInstabili,-0.374201,24,53,1,1
CER_4_11_0,73.33,QoS_orig,ForzaIncentivante,-0.948718,2,76,1,1
CER_4_11_0,73.33,QoS_orig,AllineamentoVirtu,-0.871795,5,73,1,1
CER_4_11_0,73.33,QoS_orig,ForzaIncentivante_lordo,-0.923077,3,75,1,1
CER_4_11_0,73.33,QoS_orig,AllineamentoVirtu_lordo,-0.564103,17,61,1,1
CER_4_11_0,73.33,QoS_orig,VAN_min_EUR,NaN,NaN,NaN,1,0
CER_4_11_0,73.33,QoS_new,MinMax_pro,NaN,NaN,NaN,1,0
CER_4_11_0,73.33,QoS_new,MinMax_con,0.871795,73,5,1,1
CER_4_11_0,73.33,QoS_new,QoS_orig,0.666667,65,13,1,1
CER_4_11_0,73.33,QoS_new,QoS_new,1,NaN,NaN,1,1
CER_4_11_0,73.33,QoS_new,EI_orig,0.615385,63,15,1,1
CER_4_11_0,73.33,QoS_new,EI_new,0.538462,60,18,1,1
CER_4_11_0,73.33,QoS_new,Jain,0.692308,66,12,1,1
CER_4_11_0,73.33,QoS_new,Gini,0.615385,63,15,1,1
CER_4_11_0,73.33,QoS_new,FairnessIndex,-0.564103,17,61,1,1
CER_4_11_0,73.33,QoS_new,Sigma,-0.589744,16,62,1,1
CER_4_11_0,73.33,QoS_new,QuoteNulle,NaN,NaN,NaN,1,0
CER_4_11_0,73.33,QoS_new,EccessoMax_EUR,-0.589744,16,62,1,1
CER_4_11_0,73.33,QoS_new,CoalizioniInstabili,-0.606464,15,62,1,1
CER_4_11_0,73.33,QoS_new,ForzaIncentivante,-0.615385,15,63,1,1
CER_4_11_0,73.33,QoS_new,AllineamentoVirtu,-0.538462,18,60,1,1
CER_4_11_0,73.33,QoS_new,ForzaIncentivante_lordo,-0.589744,16,62,1,1
CER_4_11_0,73.33,QoS_new,AllineamentoVirtu_lordo,-0.230769,30,48,1,1
CER_4_11_0,73.33,QoS_new,VAN_min_EUR,NaN,NaN,NaN,1,0
CER_4_11_0,73.33,EI_orig,MinMax_pro,NaN,NaN,NaN,1,0
CER_4_11_0,73.33,EI_orig,MinMax_con,0.538462,60,18,1,1
CER_4_11_0,73.33,EI_orig,QoS_orig,0.897436,74,4,1,1
CER_4_11_0,73.33,EI_orig,QoS_new,0.615385,63,15,1,1
CER_4_11_0,73.33,EI_orig,EI_orig,1,NaN,NaN,1,1
CER_4_11_0,73.33,EI_orig,EI_new,0.461538,57,21,1,1
CER_4_11_0,73.33,EI_orig,Jain,0.871795,73,5,1,1
CER_4_11_0,73.33,EI_orig,Gini,1,78,0,1,1
CER_4_11_0,73.33,EI_orig,FairnessIndex,-0.282051,28,50,1,1
CER_4_11_0,73.33,EI_orig,Sigma,-0.25641,29,49,1,1
CER_4_11_0,73.33,EI_orig,QuoteNulle,NaN,NaN,NaN,1,0
CER_4_11_0,73.33,EI_orig,EccessoMax_EUR,-0.307692,27,51,1,1
CER_4_11_0,73.33,EI_orig,CoalizioniInstabili,-0.270973,28,49,1,1
CER_4_11_0,73.33,EI_orig,ForzaIncentivante,-0.897436,4,74,1,1
CER_4_11_0,73.33,EI_orig,AllineamentoVirtu,-0.820513,7,71,1,1
CER_4_11_0,73.33,EI_orig,ForzaIncentivante_lordo,-0.871795,5,73,1,1
CER_4_11_0,73.33,EI_orig,AllineamentoVirtu_lordo,-0.512821,19,59,1,1
CER_4_11_0,73.33,EI_orig,VAN_min_EUR,NaN,NaN,NaN,1,0
CER_4_11_0,73.33,EI_new,MinMax_pro,NaN,NaN,NaN,1,0
CER_4_11_0,73.33,EI_new,MinMax_con,0.461538,57,21,1,1
CER_4_11_0,73.33,EI_new,QoS_orig,0.461538,57,21,1,1
CER_4_11_0,73.33,EI_new,QoS_new,0.538462,60,18,1,1
CER_4_11_0,73.33,EI_new,EI_orig,0.461538,57,21,1,1
CER_4_11_0,73.33,EI_new,EI_new,1,NaN,NaN,1,1
CER_4_11_0,73.33,EI_new,Jain,0.487179,58,20,1,1
CER_4_11_0,73.33,EI_new,Gini,0.461538,57,21,1,1
CER_4_11_0,73.33,EI_new,FairnessIndex,-0.307692,27,51,1,1
CER_4_11_0,73.33,EI_new,Sigma,-0.282051,28,50,1,1
CER_4_11_0,73.33,EI_new,QuoteNulle,NaN,NaN,NaN,1,0
CER_4_11_0,73.33,EI_new,EccessoMax_EUR,-0.333333,26,52,1,1
CER_4_11_0,73.33,EI_new,CoalizioniInstabili,-0.29678,27,50,1,1
CER_4_11_0,73.33,EI_new,ForzaIncentivante,-0.461538,21,57,1,1
CER_4_11_0,73.33,EI_new,AllineamentoVirtu,-0.384615,24,54,1,1
CER_4_11_0,73.33,EI_new,ForzaIncentivante_lordo,-0.435897,22,56,1,1
CER_4_11_0,73.33,EI_new,AllineamentoVirtu_lordo,-0.128205,34,44,1,1
CER_4_11_0,73.33,EI_new,VAN_min_EUR,NaN,NaN,NaN,1,0
CER_4_11_0,73.33,Jain,MinMax_pro,NaN,NaN,NaN,1,0
CER_4_11_0,73.33,Jain,MinMax_con,0.564103,61,17,1,1
CER_4_11_0,73.33,Jain,QoS_orig,0.974359,77,1,1,1
CER_4_11_0,73.33,Jain,QoS_new,0.692308,66,12,1,1
CER_4_11_0,73.33,Jain,EI_orig,0.871795,73,5,1,1
CER_4_11_0,73.33,Jain,EI_new,0.487179,58,20,1,1
CER_4_11_0,73.33,Jain,Jain,1,NaN,NaN,1,1
CER_4_11_0,73.33,Jain,Gini,0.871795,73,5,1,1
CER_4_11_0,73.33,Jain,FairnessIndex,-0.358974,25,53,1,1
CER_4_11_0,73.33,Jain,Sigma,-0.384615,24,54,1,1
CER_4_11_0,73.33,Jain,QuoteNulle,NaN,NaN,NaN,1,0
CER_4_11_0,73.33,Jain,EccessoMax_EUR,-0.384615,24,54,1,1
CER_4_11_0,73.33,Jain,CoalizioniInstabili,-0.400008,23,54,1,1
CER_4_11_0,73.33,Jain,ForzaIncentivante,-0.923077,3,75,1,1
CER_4_11_0,73.33,Jain,AllineamentoVirtu,-0.846154,6,72,1,1
CER_4_11_0,73.33,Jain,ForzaIncentivante_lordo,-0.897436,4,74,1,1
CER_4_11_0,73.33,Jain,AllineamentoVirtu_lordo,-0.538462,18,60,1,1
CER_4_11_0,73.33,Jain,VAN_min_EUR,NaN,NaN,NaN,1,0
CER_4_11_0,73.33,Gini,MinMax_pro,NaN,NaN,NaN,1,0
CER_4_11_0,73.33,Gini,MinMax_con,0.538462,60,18,1,1
CER_4_11_0,73.33,Gini,QoS_orig,0.897436,74,4,1,1
CER_4_11_0,73.33,Gini,QoS_new,0.615385,63,15,1,1
CER_4_11_0,73.33,Gini,EI_orig,1,78,0,1,1
CER_4_11_0,73.33,Gini,EI_new,0.461538,57,21,1,1
CER_4_11_0,73.33,Gini,Jain,0.871795,73,5,1,1
CER_4_11_0,73.33,Gini,Gini,1,NaN,NaN,1,1
CER_4_11_0,73.33,Gini,FairnessIndex,-0.282051,28,50,1,1
CER_4_11_0,73.33,Gini,Sigma,-0.25641,29,49,1,1
CER_4_11_0,73.33,Gini,QuoteNulle,NaN,NaN,NaN,1,0
CER_4_11_0,73.33,Gini,EccessoMax_EUR,-0.307692,27,51,1,1
CER_4_11_0,73.33,Gini,CoalizioniInstabili,-0.270973,28,49,1,1
CER_4_11_0,73.33,Gini,ForzaIncentivante,-0.897436,4,74,1,1
CER_4_11_0,73.33,Gini,AllineamentoVirtu,-0.820513,7,71,1,1
CER_4_11_0,73.33,Gini,ForzaIncentivante_lordo,-0.871795,5,73,1,1
CER_4_11_0,73.33,Gini,AllineamentoVirtu_lordo,-0.512821,19,59,1,1
CER_4_11_0,73.33,Gini,VAN_min_EUR,NaN,NaN,NaN,1,0
CER_4_11_0,73.33,FairnessIndex,MinMax_pro,NaN,NaN,NaN,1,0
CER_4_11_0,73.33,FairnessIndex,MinMax_con,-0.589744,16,62,1,1
CER_4_11_0,73.33,FairnessIndex,QoS_orig,-0.333333,26,52,1,1
CER_4_11_0,73.33,FairnessIndex,QoS_new,-0.564103,17,61,1,1
CER_4_11_0,73.33,FairnessIndex,EI_orig,-0.282051,28,50,1,1
CER_4_11_0,73.33,FairnessIndex,EI_new,-0.307692,27,51,1,1
CER_4_11_0,73.33,FairnessIndex,Jain,-0.358974,25,53,1,1
CER_4_11_0,73.33,FairnessIndex,Gini,-0.282051,28,50,1,1
CER_4_11_0,73.33,FairnessIndex,FairnessIndex,1,NaN,NaN,1,1
CER_4_11_0,73.33,FairnessIndex,Sigma,0.974359,77,1,1,1
CER_4_11_0,73.33,FairnessIndex,QuoteNulle,NaN,NaN,NaN,1,0
CER_4_11_0,73.33,FairnessIndex,EccessoMax_EUR,0.974359,77,1,1,1
CER_4_11_0,73.33,FairnessIndex,CoalizioniInstabili,0.967762,76,1,1,1
CER_4_11_0,73.33,FairnessIndex,ForzaIncentivante,0.333333,52,26,1,1
CER_4_11_0,73.33,FairnessIndex,AllineamentoVirtu,0.307692,51,27,1,1
CER_4_11_0,73.33,FairnessIndex,ForzaIncentivante_lordo,0.358974,53,25,1,1
CER_4_11_0,73.33,FairnessIndex,AllineamentoVirtu_lordo,0.564103,61,17,1,1
CER_4_11_0,73.33,FairnessIndex,VAN_min_EUR,NaN,NaN,NaN,1,0
CER_4_11_0,73.33,Sigma,MinMax_pro,NaN,NaN,NaN,1,0
CER_4_11_0,73.33,Sigma,MinMax_con,-0.615385,15,63,1,1
CER_4_11_0,73.33,Sigma,QoS_orig,-0.358974,25,53,1,1
CER_4_11_0,73.33,Sigma,QoS_new,-0.589744,16,62,1,1
CER_4_11_0,73.33,Sigma,EI_orig,-0.25641,29,49,1,1
CER_4_11_0,73.33,Sigma,EI_new,-0.282051,28,50,1,1
CER_4_11_0,73.33,Sigma,Jain,-0.384615,24,54,1,1
CER_4_11_0,73.33,Sigma,Gini,-0.25641,29,49,1,1
CER_4_11_0,73.33,Sigma,FairnessIndex,0.974359,77,1,1,1
CER_4_11_0,73.33,Sigma,Sigma,1,NaN,NaN,1,1
CER_4_11_0,73.33,Sigma,QuoteNulle,NaN,NaN,NaN,1,0
CER_4_11_0,73.33,Sigma,EccessoMax_EUR,0.948718,76,2,1,1
CER_4_11_0,73.33,Sigma,CoalizioniInstabili,0.993569,77,0,1,1
CER_4_11_0,73.33,Sigma,ForzaIncentivante,0.307692,51,27,1,1
CER_4_11_0,73.33,Sigma,AllineamentoVirtu,0.282051,50,28,1,1
CER_4_11_0,73.33,Sigma,ForzaIncentivante_lordo,0.333333,52,26,1,1
CER_4_11_0,73.33,Sigma,AllineamentoVirtu_lordo,0.538462,60,18,1,1
CER_4_11_0,73.33,Sigma,VAN_min_EUR,NaN,NaN,NaN,1,0
CER_4_11_0,73.33,QuoteNulle,MinMax_pro,NaN,NaN,NaN,0,0
CER_4_11_0,73.33,QuoteNulle,MinMax_con,NaN,NaN,NaN,0,1
CER_4_11_0,73.33,QuoteNulle,QoS_orig,NaN,NaN,NaN,0,1
CER_4_11_0,73.33,QuoteNulle,QoS_new,NaN,NaN,NaN,0,1
CER_4_11_0,73.33,QuoteNulle,EI_orig,NaN,NaN,NaN,0,1
CER_4_11_0,73.33,QuoteNulle,EI_new,NaN,NaN,NaN,0,1
CER_4_11_0,73.33,QuoteNulle,Jain,NaN,NaN,NaN,0,1
CER_4_11_0,73.33,QuoteNulle,Gini,NaN,NaN,NaN,0,1
CER_4_11_0,73.33,QuoteNulle,FairnessIndex,NaN,NaN,NaN,0,1
CER_4_11_0,73.33,QuoteNulle,Sigma,NaN,NaN,NaN,0,1
CER_4_11_0,73.33,QuoteNulle,QuoteNulle,1,NaN,NaN,0,0
CER_4_11_0,73.33,QuoteNulle,EccessoMax_EUR,NaN,NaN,NaN,0,1
CER_4_11_0,73.33,QuoteNulle,CoalizioniInstabili,NaN,NaN,NaN,0,1
CER_4_11_0,73.33,QuoteNulle,ForzaIncentivante,NaN,NaN,NaN,0,1
CER_4_11_0,73.33,QuoteNulle,AllineamentoVirtu,NaN,NaN,NaN,0,1
CER_4_11_0,73.33,QuoteNulle,ForzaIncentivante_lordo,NaN,NaN,NaN,0,1
CER_4_11_0,73.33,QuoteNulle,AllineamentoVirtu_lordo,NaN,NaN,NaN,0,1
CER_4_11_0,73.33,QuoteNulle,VAN_min_EUR,NaN,NaN,NaN,0,0
CER_4_11_0,73.33,EccessoMax_EUR,MinMax_pro,NaN,NaN,NaN,1,0
CER_4_11_0,73.33,EccessoMax_EUR,MinMax_con,-0.615385,15,63,1,1
CER_4_11_0,73.33,EccessoMax_EUR,QoS_orig,-0.358974,25,53,1,1
CER_4_11_0,73.33,EccessoMax_EUR,QoS_new,-0.589744,16,62,1,1
CER_4_11_0,73.33,EccessoMax_EUR,EI_orig,-0.307692,27,51,1,1
CER_4_11_0,73.33,EccessoMax_EUR,EI_new,-0.333333,26,52,1,1
CER_4_11_0,73.33,EccessoMax_EUR,Jain,-0.384615,24,54,1,1
CER_4_11_0,73.33,EccessoMax_EUR,Gini,-0.307692,27,51,1,1
CER_4_11_0,73.33,EccessoMax_EUR,FairnessIndex,0.974359,77,1,1,1
CER_4_11_0,73.33,EccessoMax_EUR,Sigma,0.948718,76,2,1,1
CER_4_11_0,73.33,EccessoMax_EUR,QuoteNulle,NaN,NaN,NaN,1,0
CER_4_11_0,73.33,EccessoMax_EUR,EccessoMax_EUR,1,NaN,NaN,1,1
CER_4_11_0,73.33,EccessoMax_EUR,CoalizioniInstabili,0.967762,76,1,1,1
CER_4_11_0,73.33,EccessoMax_EUR,ForzaIncentivante,0.358974,53,25,1,1
CER_4_11_0,73.33,EccessoMax_EUR,AllineamentoVirtu,0.333333,52,26,1,1
CER_4_11_0,73.33,EccessoMax_EUR,ForzaIncentivante_lordo,0.384615,54,24,1,1
CER_4_11_0,73.33,EccessoMax_EUR,AllineamentoVirtu_lordo,0.589744,62,16,1,1
CER_4_11_0,73.33,EccessoMax_EUR,VAN_min_EUR,NaN,NaN,NaN,1,0
CER_4_11_0,73.33,CoalizioniInstabili,MinMax_pro,NaN,NaN,NaN,1,0
CER_4_11_0,73.33,CoalizioniInstabili,MinMax_con,-0.632271,14,63,1,1
CER_4_11_0,73.33,CoalizioniInstabili,QoS_orig,-0.374201,24,53,1,1
CER_4_11_0,73.33,CoalizioniInstabili,QoS_new,-0.606464,15,62,1,1
CER_4_11_0,73.33,CoalizioniInstabili,EI_orig,-0.270973,28,49,1,1
CER_4_11_0,73.33,CoalizioniInstabili,EI_new,-0.29678,27,50,1,1
CER_4_11_0,73.33,CoalizioniInstabili,Jain,-0.400008,23,54,1,1
CER_4_11_0,73.33,CoalizioniInstabili,Gini,-0.270973,28,49,1,1
CER_4_11_0,73.33,CoalizioniInstabili,FairnessIndex,0.967762,76,1,1,1
CER_4_11_0,73.33,CoalizioniInstabili,Sigma,0.993569,77,0,1,1
CER_4_11_0,73.33,CoalizioniInstabili,QuoteNulle,NaN,NaN,NaN,1,0
CER_4_11_0,73.33,CoalizioniInstabili,EccessoMax_EUR,0.967762,76,1,1,1
CER_4_11_0,73.33,CoalizioniInstabili,CoalizioniInstabili,1,NaN,NaN,1,1
CER_4_11_0,73.33,CoalizioniInstabili,ForzaIncentivante,0.322587,51,26,1,1
CER_4_11_0,73.33,CoalizioniInstabili,AllineamentoVirtu,0.29678,50,27,1,1
CER_4_11_0,73.33,CoalizioniInstabili,ForzaIncentivante_lordo,0.348394,52,25,1,1
CER_4_11_0,73.33,CoalizioniInstabili,AllineamentoVirtu_lordo,0.55485,60,17,1,1
CER_4_11_0,73.33,CoalizioniInstabili,VAN_min_EUR,NaN,NaN,NaN,1,0
CER_4_11_0,73.33,ForzaIncentivante,MinMax_pro,NaN,NaN,NaN,1,0
CER_4_11_0,73.33,ForzaIncentivante,MinMax_con,-0.487179,20,58,1,1
CER_4_11_0,73.33,ForzaIncentivante,QoS_orig,-0.948718,2,76,1,1
CER_4_11_0,73.33,ForzaIncentivante,QoS_new,-0.615385,15,63,1,1
CER_4_11_0,73.33,ForzaIncentivante,EI_orig,-0.897436,4,74,1,1
CER_4_11_0,73.33,ForzaIncentivante,EI_new,-0.461538,21,57,1,1
CER_4_11_0,73.33,ForzaIncentivante,Jain,-0.923077,3,75,1,1
CER_4_11_0,73.33,ForzaIncentivante,Gini,-0.897436,4,74,1,1
CER_4_11_0,73.33,ForzaIncentivante,FairnessIndex,0.333333,52,26,1,1
CER_4_11_0,73.33,ForzaIncentivante,Sigma,0.307692,51,27,1,1
CER_4_11_0,73.33,ForzaIncentivante,QuoteNulle,NaN,NaN,NaN,1,0
CER_4_11_0,73.33,ForzaIncentivante,EccessoMax_EUR,0.358974,53,25,1,1
CER_4_11_0,73.33,ForzaIncentivante,CoalizioniInstabili,0.322587,51,26,1,1
CER_4_11_0,73.33,ForzaIncentivante,ForzaIncentivante,1,NaN,NaN,1,1
CER_4_11_0,73.33,ForzaIncentivante,AllineamentoVirtu,0.923077,75,3,1,1
CER_4_11_0,73.33,ForzaIncentivante,ForzaIncentivante_lordo,0.974359,77,1,1,1
CER_4_11_0,73.33,ForzaIncentivante,AllineamentoVirtu_lordo,0.615385,63,15,1,1
CER_4_11_0,73.33,ForzaIncentivante,VAN_min_EUR,NaN,NaN,NaN,1,0
CER_4_11_0,73.33,AllineamentoVirtu,MinMax_pro,NaN,NaN,NaN,1,0
CER_4_11_0,73.33,AllineamentoVirtu,MinMax_con,-0.410256,23,55,1,1
CER_4_11_0,73.33,AllineamentoVirtu,QoS_orig,-0.871795,5,73,1,1
CER_4_11_0,73.33,AllineamentoVirtu,QoS_new,-0.538462,18,60,1,1
CER_4_11_0,73.33,AllineamentoVirtu,EI_orig,-0.820513,7,71,1,1
CER_4_11_0,73.33,AllineamentoVirtu,EI_new,-0.384615,24,54,1,1
CER_4_11_0,73.33,AllineamentoVirtu,Jain,-0.846154,6,72,1,1
CER_4_11_0,73.33,AllineamentoVirtu,Gini,-0.820513,7,71,1,1
CER_4_11_0,73.33,AllineamentoVirtu,FairnessIndex,0.307692,51,27,1,1
CER_4_11_0,73.33,AllineamentoVirtu,Sigma,0.282051,50,28,1,1
CER_4_11_0,73.33,AllineamentoVirtu,QuoteNulle,NaN,NaN,NaN,1,0
CER_4_11_0,73.33,AllineamentoVirtu,EccessoMax_EUR,0.333333,52,26,1,1
CER_4_11_0,73.33,AllineamentoVirtu,CoalizioniInstabili,0.29678,50,27,1,1
CER_4_11_0,73.33,AllineamentoVirtu,ForzaIncentivante,0.923077,75,3,1,1
CER_4_11_0,73.33,AllineamentoVirtu,AllineamentoVirtu,1,NaN,NaN,1,1
CER_4_11_0,73.33,AllineamentoVirtu,ForzaIncentivante_lordo,0.948718,76,2,1,1
CER_4_11_0,73.33,AllineamentoVirtu,AllineamentoVirtu_lordo,0.692308,66,12,1,1
CER_4_11_0,73.33,AllineamentoVirtu,VAN_min_EUR,NaN,NaN,NaN,1,0
CER_4_11_0,73.33,ForzaIncentivante_lordo,MinMax_pro,NaN,NaN,NaN,1,0
CER_4_11_0,73.33,ForzaIncentivante_lordo,MinMax_con,-0.461538,21,57,1,1
CER_4_11_0,73.33,ForzaIncentivante_lordo,QoS_orig,-0.923077,3,75,1,1
CER_4_11_0,73.33,ForzaIncentivante_lordo,QoS_new,-0.589744,16,62,1,1
CER_4_11_0,73.33,ForzaIncentivante_lordo,EI_orig,-0.871795,5,73,1,1
CER_4_11_0,73.33,ForzaIncentivante_lordo,EI_new,-0.435897,22,56,1,1
CER_4_11_0,73.33,ForzaIncentivante_lordo,Jain,-0.897436,4,74,1,1
CER_4_11_0,73.33,ForzaIncentivante_lordo,Gini,-0.871795,5,73,1,1
CER_4_11_0,73.33,ForzaIncentivante_lordo,FairnessIndex,0.358974,53,25,1,1
CER_4_11_0,73.33,ForzaIncentivante_lordo,Sigma,0.333333,52,26,1,1
CER_4_11_0,73.33,ForzaIncentivante_lordo,QuoteNulle,NaN,NaN,NaN,1,0
CER_4_11_0,73.33,ForzaIncentivante_lordo,EccessoMax_EUR,0.384615,54,24,1,1
CER_4_11_0,73.33,ForzaIncentivante_lordo,CoalizioniInstabili,0.348394,52,25,1,1
CER_4_11_0,73.33,ForzaIncentivante_lordo,ForzaIncentivante,0.974359,77,1,1,1
CER_4_11_0,73.33,ForzaIncentivante_lordo,AllineamentoVirtu,0.948718,76,2,1,1
CER_4_11_0,73.33,ForzaIncentivante_lordo,ForzaIncentivante_lordo,1,NaN,NaN,1,1
CER_4_11_0,73.33,ForzaIncentivante_lordo,AllineamentoVirtu_lordo,0.641026,64,14,1,1
CER_4_11_0,73.33,ForzaIncentivante_lordo,VAN_min_EUR,NaN,NaN,NaN,1,0
CER_4_11_0,73.33,AllineamentoVirtu_lordo,MinMax_pro,NaN,NaN,NaN,1,0
CER_4_11_0,73.33,AllineamentoVirtu_lordo,MinMax_con,-0.205128,31,47,1,1
CER_4_11_0,73.33,AllineamentoVirtu_lordo,QoS_orig,-0.564103,17,61,1,1
CER_4_11_0,73.33,AllineamentoVirtu_lordo,QoS_new,-0.230769,30,48,1,1
CER_4_11_0,73.33,AllineamentoVirtu_lordo,EI_orig,-0.512821,19,59,1,1
CER_4_11_0,73.33,AllineamentoVirtu_lordo,EI_new,-0.128205,34,44,1,1
CER_4_11_0,73.33,AllineamentoVirtu_lordo,Jain,-0.538462,18,60,1,1
CER_4_11_0,73.33,AllineamentoVirtu_lordo,Gini,-0.512821,19,59,1,1
CER_4_11_0,73.33,AllineamentoVirtu_lordo,FairnessIndex,0.564103,61,17,1,1
CER_4_11_0,73.33,AllineamentoVirtu_lordo,Sigma,0.538462,60,18,1,1
CER_4_11_0,73.33,AllineamentoVirtu_lordo,QuoteNulle,NaN,NaN,NaN,1,0
CER_4_11_0,73.33,AllineamentoVirtu_lordo,EccessoMax_EUR,0.589744,62,16,1,1
CER_4_11_0,73.33,AllineamentoVirtu_lordo,CoalizioniInstabili,0.55485,60,17,1,1
CER_4_11_0,73.33,AllineamentoVirtu_lordo,ForzaIncentivante,0.615385,63,15,1,1
CER_4_11_0,73.33,AllineamentoVirtu_lordo,AllineamentoVirtu,0.692308,66,12,1,1
CER_4_11_0,73.33,AllineamentoVirtu_lordo,ForzaIncentivante_lordo,0.641026,64,14,1,1
CER_4_11_0,73.33,AllineamentoVirtu_lordo,AllineamentoVirtu_lordo,1,NaN,NaN,1,1
CER_4_11_0,73.33,AllineamentoVirtu_lordo,VAN_min_EUR,NaN,NaN,NaN,1,0
CER_4_11_0,73.33,VAN_min_EUR,MinMax_pro,NaN,NaN,NaN,0,0
CER_4_11_0,73.33,VAN_min_EUR,MinMax_con,NaN,NaN,NaN,0,1
CER_4_11_0,73.33,VAN_min_EUR,QoS_orig,NaN,NaN,NaN,0,1
CER_4_11_0,73.33,VAN_min_EUR,QoS_new,NaN,NaN,NaN,0,1
CER_4_11_0,73.33,VAN_min_EUR,EI_orig,NaN,NaN,NaN,0,1
CER_4_11_0,73.33,VAN_min_EUR,EI_new,NaN,NaN,NaN,0,1
CER_4_11_0,73.33,VAN_min_EUR,Jain,NaN,NaN,NaN,0,1
CER_4_11_0,73.33,VAN_min_EUR,Gini,NaN,NaN,NaN,0,1
CER_4_11_0,73.33,VAN_min_EUR,FairnessIndex,NaN,NaN,NaN,0,1
CER_4_11_0,73.33,VAN_min_EUR,Sigma,NaN,NaN,NaN,0,1
CER_4_11_0,73.33,VAN_min_EUR,QuoteNulle,NaN,NaN,NaN,0,0
CER_4_11_0,73.33,VAN_min_EUR,EccessoMax_EUR,NaN,NaN,NaN,0,1
CER_4_11_0,73.33,VAN_min_EUR,CoalizioniInstabili,NaN,NaN,NaN,0,1
CER_4_11_0,73.33,VAN_min_EUR,ForzaIncentivante,NaN,NaN,NaN,0,1
CER_4_11_0,73.33,VAN_min_EUR,AllineamentoVirtu,NaN,NaN,NaN,0,1
CER_4_11_0,73.33,VAN_min_EUR,ForzaIncentivante_lordo,NaN,NaN,NaN,0,1
CER_4_11_0,73.33,VAN_min_EUR,AllineamentoVirtu_lordo,NaN,NaN,NaN,0,1
CER_4_11_0,73.33,VAN_min_EUR,VAN_min_EUR,1,NaN,NaN,0,0
CER_4_14_0,77.78,MinMax_pro,MinMax_pro,1,NaN,NaN,0,0
CER_4_14_0,77.78,MinMax_pro,MinMax_con,NaN,NaN,NaN,0,1
CER_4_14_0,77.78,MinMax_pro,QoS_orig,NaN,NaN,NaN,0,1
CER_4_14_0,77.78,MinMax_pro,QoS_new,NaN,NaN,NaN,0,1
CER_4_14_0,77.78,MinMax_pro,EI_orig,NaN,NaN,NaN,0,1
CER_4_14_0,77.78,MinMax_pro,EI_new,NaN,NaN,NaN,0,1
CER_4_14_0,77.78,MinMax_pro,Jain,NaN,NaN,NaN,0,1
CER_4_14_0,77.78,MinMax_pro,Gini,NaN,NaN,NaN,0,1
CER_4_14_0,77.78,MinMax_pro,FairnessIndex,NaN,NaN,NaN,0,1
CER_4_14_0,77.78,MinMax_pro,Sigma,NaN,NaN,NaN,0,1
CER_4_14_0,77.78,MinMax_pro,QuoteNulle,NaN,NaN,NaN,0,0
CER_4_14_0,77.78,MinMax_pro,EccessoMax_EUR,NaN,NaN,NaN,0,1
CER_4_14_0,77.78,MinMax_pro,CoalizioniInstabili,NaN,NaN,NaN,0,1
CER_4_14_0,77.78,MinMax_pro,ForzaIncentivante,NaN,NaN,NaN,0,1
CER_4_14_0,77.78,MinMax_pro,AllineamentoVirtu,NaN,NaN,NaN,0,1
CER_4_14_0,77.78,MinMax_pro,ForzaIncentivante_lordo,NaN,NaN,NaN,0,1
CER_4_14_0,77.78,MinMax_pro,AllineamentoVirtu_lordo,NaN,NaN,NaN,0,1
CER_4_14_0,77.78,MinMax_pro,VAN_min_EUR,NaN,NaN,NaN,0,0
CER_4_14_0,77.78,MinMax_con,MinMax_pro,NaN,NaN,NaN,1,0
CER_4_14_0,77.78,MinMax_con,MinMax_con,1,NaN,NaN,1,1
CER_4_14_0,77.78,MinMax_con,QoS_orig,0.512821,59,19,1,1
CER_4_14_0,77.78,MinMax_con,QoS_new,0.769231,69,9,1,1
CER_4_14_0,77.78,MinMax_con,EI_orig,0.512821,59,19,1,1
CER_4_14_0,77.78,MinMax_con,EI_new,0.512821,59,19,1,1
CER_4_14_0,77.78,MinMax_con,Jain,0.512821,59,19,1,1
CER_4_14_0,77.78,MinMax_con,Gini,0.512821,59,19,1,1
CER_4_14_0,77.78,MinMax_con,FairnessIndex,-0.717949,11,67,1,1
CER_4_14_0,77.78,MinMax_con,Sigma,-0.717949,11,67,1,1
CER_4_14_0,77.78,MinMax_con,QuoteNulle,NaN,NaN,NaN,1,0
CER_4_14_0,77.78,MinMax_con,EccessoMax_EUR,-0.717949,11,67,1,1
CER_4_14_0,77.78,MinMax_con,CoalizioniInstabili,-0.74359,10,68,1,1
CER_4_14_0,77.78,MinMax_con,ForzaIncentivante,-0.512821,19,59,1,1
CER_4_14_0,77.78,MinMax_con,AllineamentoVirtu,-0.384615,24,54,1,1
CER_4_14_0,77.78,MinMax_con,ForzaIncentivante_lordo,-0.487179,20,58,1,1
CER_4_14_0,77.78,MinMax_con,AllineamentoVirtu_lordo,-0.384615,24,54,1,1
CER_4_14_0,77.78,MinMax_con,VAN_min_EUR,NaN,NaN,NaN,1,0
CER_4_14_0,77.78,QoS_orig,MinMax_pro,NaN,NaN,NaN,1,0
CER_4_14_0,77.78,QoS_orig,MinMax_con,0.512821,59,19,1,1
CER_4_14_0,77.78,QoS_orig,QoS_orig,1,NaN,NaN,1,1
CER_4_14_0,77.78,QoS_orig,QoS_new,0.74359,68,10,1,1
CER_4_14_0,77.78,QoS_orig,EI_orig,0.897436,74,4,1,1
CER_4_14_0,77.78,QoS_orig,EI_new,0.589744,62,16,1,1
CER_4_14_0,77.78,QoS_orig,Jain,1,78,0,1,1
CER_4_14_0,77.78,QoS_orig,Gini,0.897436,74,4,1,1
CER_4_14_0,77.78,QoS_orig,FairnessIndex,-0.333333,26,52,1,1
CER_4_14_0,77.78,QoS_orig,Sigma,-0.333333,26,52,1,1
CER_4_14_0,77.78,QoS_orig,QuoteNulle,NaN,NaN,NaN,1,0
CER_4_14_0,77.78,QoS_orig,EccessoMax_EUR,-0.384615,24,54,1,1
CER_4_14_0,77.78,QoS_orig,CoalizioniInstabili,-0.358974,25,53,1,1
CER_4_14_0,77.78,QoS_orig,ForzaIncentivante,-1,0,78,1,1
CER_4_14_0,77.78,QoS_orig,AllineamentoVirtu,-0.871795,5,73,1,1
CER_4_14_0,77.78,QoS_orig,ForzaIncentivante_lordo,-0.974359,1,77,1,1
CER_4_14_0,77.78,QoS_orig,AllineamentoVirtu_lordo,-0.871795,5,73,1,1
CER_4_14_0,77.78,QoS_orig,VAN_min_EUR,NaN,NaN,NaN,1,0
CER_4_14_0,77.78,QoS_new,MinMax_pro,NaN,NaN,NaN,1,0
CER_4_14_0,77.78,QoS_new,MinMax_con,0.769231,69,9,1,1
CER_4_14_0,77.78,QoS_new,QoS_orig,0.74359,68,10,1,1
CER_4_14_0,77.78,QoS_new,QoS_new,1,NaN,NaN,1,1
CER_4_14_0,77.78,QoS_new,EI_orig,0.74359,68,10,1,1
CER_4_14_0,77.78,QoS_new,EI_new,0.589744,62,16,1,1
CER_4_14_0,77.78,QoS_new,Jain,0.74359,68,10,1,1
CER_4_14_0,77.78,QoS_new,Gini,0.74359,68,10,1,1
CER_4_14_0,77.78,QoS_new,FairnessIndex,-0.538462,18,60,1,1
CER_4_14_0,77.78,QoS_new,Sigma,-0.538462,18,60,1,1
CER_4_14_0,77.78,QoS_new,QuoteNulle,NaN,NaN,NaN,1,0
CER_4_14_0,77.78,QoS_new,EccessoMax_EUR,-0.589744,16,62,1,1
CER_4_14_0,77.78,QoS_new,CoalizioniInstabili,-0.615385,15,63,1,1
CER_4_14_0,77.78,QoS_new,ForzaIncentivante,-0.74359,10,68,1,1
CER_4_14_0,77.78,QoS_new,AllineamentoVirtu,-0.615385,15,63,1,1
CER_4_14_0,77.78,QoS_new,ForzaIncentivante_lordo,-0.717949,11,67,1,1
CER_4_14_0,77.78,QoS_new,AllineamentoVirtu_lordo,-0.615385,15,63,1,1
CER_4_14_0,77.78,QoS_new,VAN_min_EUR,NaN,NaN,NaN,1,0
CER_4_14_0,77.78,EI_orig,MinMax_pro,NaN,NaN,NaN,1,0
CER_4_14_0,77.78,EI_orig,MinMax_con,0.512821,59,19,1,1
CER_4_14_0,77.78,EI_orig,QoS_orig,0.897436,74,4,1,1
CER_4_14_0,77.78,EI_orig,QoS_new,0.74359,68,10,1,1
CER_4_14_0,77.78,EI_orig,EI_orig,1,NaN,NaN,1,1
CER_4_14_0,77.78,EI_orig,EI_new,0.641026,64,14,1,1
CER_4_14_0,77.78,EI_orig,Jain,0.897436,74,4,1,1
CER_4_14_0,77.78,EI_orig,Gini,1,78,0,1,1
CER_4_14_0,77.78,EI_orig,FairnessIndex,-0.282051,28,50,1,1
CER_4_14_0,77.78,EI_orig,Sigma,-0.282051,28,50,1,1
CER_4_14_0,77.78,EI_orig,QuoteNulle,NaN,NaN,NaN,1,0
CER_4_14_0,77.78,EI_orig,EccessoMax_EUR,-0.333333,26,52,1,1
CER_4_14_0,77.78,EI_orig,CoalizioniInstabili,-0.358974,25,53,1,1
CER_4_14_0,77.78,EI_orig,ForzaIncentivante,-0.897436,4,74,1,1
CER_4_14_0,77.78,EI_orig,AllineamentoVirtu,-0.820513,7,71,1,1
CER_4_14_0,77.78,EI_orig,ForzaIncentivante_lordo,-0.923077,3,75,1,1
CER_4_14_0,77.78,EI_orig,AllineamentoVirtu_lordo,-0.820513,7,71,1,1
CER_4_14_0,77.78,EI_orig,VAN_min_EUR,NaN,NaN,NaN,1,0
CER_4_14_0,77.78,EI_new,MinMax_pro,NaN,NaN,NaN,1,0
CER_4_14_0,77.78,EI_new,MinMax_con,0.512821,59,19,1,1
CER_4_14_0,77.78,EI_new,QoS_orig,0.589744,62,16,1,1
CER_4_14_0,77.78,EI_new,QoS_new,0.589744,62,16,1,1
CER_4_14_0,77.78,EI_new,EI_orig,0.641026,64,14,1,1
CER_4_14_0,77.78,EI_new,EI_new,1,NaN,NaN,1,1
CER_4_14_0,77.78,EI_new,Jain,0.589744,62,16,1,1
CER_4_14_0,77.78,EI_new,Gini,0.641026,64,14,1,1
CER_4_14_0,77.78,EI_new,FairnessIndex,-0.333333,26,52,1,1
CER_4_14_0,77.78,EI_new,Sigma,-0.333333,26,52,1,1
CER_4_14_0,77.78,EI_new,QuoteNulle,NaN,NaN,NaN,1,0
CER_4_14_0,77.78,EI_new,EccessoMax_EUR,-0.333333,26,52,1,1
CER_4_14_0,77.78,EI_new,CoalizioniInstabili,-0.307692,27,51,1,1
CER_4_14_0,77.78,EI_new,ForzaIncentivante,-0.589744,16,62,1,1
CER_4_14_0,77.78,EI_new,AllineamentoVirtu,-0.512821,19,59,1,1
CER_4_14_0,77.78,EI_new,ForzaIncentivante_lordo,-0.615385,15,63,1,1
CER_4_14_0,77.78,EI_new,AllineamentoVirtu_lordo,-0.512821,19,59,1,1
CER_4_14_0,77.78,EI_new,VAN_min_EUR,NaN,NaN,NaN,1,0
CER_4_14_0,77.78,Jain,MinMax_pro,NaN,NaN,NaN,1,0
CER_4_14_0,77.78,Jain,MinMax_con,0.512821,59,19,1,1
CER_4_14_0,77.78,Jain,QoS_orig,1,78,0,1,1
CER_4_14_0,77.78,Jain,QoS_new,0.74359,68,10,1,1
CER_4_14_0,77.78,Jain,EI_orig,0.897436,74,4,1,1
CER_4_14_0,77.78,Jain,EI_new,0.589744,62,16,1,1
CER_4_14_0,77.78,Jain,Jain,1,NaN,NaN,1,1
CER_4_14_0,77.78,Jain,Gini,0.897436,74,4,1,1
CER_4_14_0,77.78,Jain,FairnessIndex,-0.333333,26,52,1,1
CER_4_14_0,77.78,Jain,Sigma,-0.333333,26,52,1,1
CER_4_14_0,77.78,Jain,QuoteNulle,NaN,NaN,NaN,1,0
CER_4_14_0,77.78,Jain,EccessoMax_EUR,-0.384615,24,54,1,1
CER_4_14_0,77.78,Jain,CoalizioniInstabili,-0.358974,25,53,1,1
CER_4_14_0,77.78,Jain,ForzaIncentivante,-1,0,78,1,1
CER_4_14_0,77.78,Jain,AllineamentoVirtu,-0.871795,5,73,1,1
CER_4_14_0,77.78,Jain,ForzaIncentivante_lordo,-0.974359,1,77,1,1
CER_4_14_0,77.78,Jain,AllineamentoVirtu_lordo,-0.871795,5,73,1,1
CER_4_14_0,77.78,Jain,VAN_min_EUR,NaN,NaN,NaN,1,0
CER_4_14_0,77.78,Gini,MinMax_pro,NaN,NaN,NaN,1,0
CER_4_14_0,77.78,Gini,MinMax_con,0.512821,59,19,1,1
CER_4_14_0,77.78,Gini,QoS_orig,0.897436,74,4,1,1
CER_4_14_0,77.78,Gini,QoS_new,0.74359,68,10,1,1
CER_4_14_0,77.78,Gini,EI_orig,1,78,0,1,1
CER_4_14_0,77.78,Gini,EI_new,0.641026,64,14,1,1
CER_4_14_0,77.78,Gini,Jain,0.897436,74,4,1,1
CER_4_14_0,77.78,Gini,Gini,1,NaN,NaN,1,1
CER_4_14_0,77.78,Gini,FairnessIndex,-0.282051,28,50,1,1
CER_4_14_0,77.78,Gini,Sigma,-0.282051,28,50,1,1
CER_4_14_0,77.78,Gini,QuoteNulle,NaN,NaN,NaN,1,0
CER_4_14_0,77.78,Gini,EccessoMax_EUR,-0.333333,26,52,1,1
CER_4_14_0,77.78,Gini,CoalizioniInstabili,-0.358974,25,53,1,1
CER_4_14_0,77.78,Gini,ForzaIncentivante,-0.897436,4,74,1,1
CER_4_14_0,77.78,Gini,AllineamentoVirtu,-0.820513,7,71,1,1
CER_4_14_0,77.78,Gini,ForzaIncentivante_lordo,-0.923077,3,75,1,1
CER_4_14_0,77.78,Gini,AllineamentoVirtu_lordo,-0.820513,7,71,1,1
CER_4_14_0,77.78,Gini,VAN_min_EUR,NaN,NaN,NaN,1,0
CER_4_14_0,77.78,FairnessIndex,MinMax_pro,NaN,NaN,NaN,1,0
CER_4_14_0,77.78,FairnessIndex,MinMax_con,-0.717949,11,67,1,1
CER_4_14_0,77.78,FairnessIndex,QoS_orig,-0.333333,26,52,1,1
CER_4_14_0,77.78,FairnessIndex,QoS_new,-0.538462,18,60,1,1
CER_4_14_0,77.78,FairnessIndex,EI_orig,-0.282051,28,50,1,1
CER_4_14_0,77.78,FairnessIndex,EI_new,-0.333333,26,52,1,1
CER_4_14_0,77.78,FairnessIndex,Jain,-0.333333,26,52,1,1
CER_4_14_0,77.78,FairnessIndex,Gini,-0.282051,28,50,1,1
CER_4_14_0,77.78,FairnessIndex,FairnessIndex,1,NaN,NaN,1,1
CER_4_14_0,77.78,FairnessIndex,Sigma,1,78,0,1,1
CER_4_14_0,77.78,FairnessIndex,QuoteNulle,NaN,NaN,NaN,1,0
CER_4_14_0,77.78,FairnessIndex,EccessoMax_EUR,0.948718,76,2,1,1
CER_4_14_0,77.78,FairnessIndex,CoalizioniInstabili,0.923077,75,3,1,1
CER_4_14_0,77.78,FairnessIndex,ForzaIncentivante,0.333333,52,26,1,1
CER_4_14_0,77.78,FairnessIndex,AllineamentoVirtu,0.307692,51,27,1,1
CER_4_14_0,77.78,FairnessIndex,ForzaIncentivante_lordo,0.307692,51,27,1,1
CER_4_14_0,77.78,FairnessIndex,AllineamentoVirtu_lordo,0.307692,51,27,1,1
CER_4_14_0,77.78,FairnessIndex,VAN_min_EUR,NaN,NaN,NaN,1,0
CER_4_14_0,77.78,Sigma,MinMax_pro,NaN,NaN,NaN,1,0
CER_4_14_0,77.78,Sigma,MinMax_con,-0.717949,11,67,1,1
CER_4_14_0,77.78,Sigma,QoS_orig,-0.333333,26,52,1,1
CER_4_14_0,77.78,Sigma,QoS_new,-0.538462,18,60,1,1
CER_4_14_0,77.78,Sigma,EI_orig,-0.282051,28,50,1,1
CER_4_14_0,77.78,Sigma,EI_new,-0.333333,26,52,1,1
CER_4_14_0,77.78,Sigma,Jain,-0.333333,26,52,1,1
CER_4_14_0,77.78,Sigma,Gini,-0.282051,28,50,1,1
CER_4_14_0,77.78,Sigma,FairnessIndex,1,78,0,1,1
CER_4_14_0,77.78,Sigma,Sigma,1,NaN,NaN,1,1
CER_4_14_0,77.78,Sigma,QuoteNulle,NaN,NaN,NaN,1,0
CER_4_14_0,77.78,Sigma,EccessoMax_EUR,0.948718,76,2,1,1
CER_4_14_0,77.78,Sigma,CoalizioniInstabili,0.923077,75,3,1,1
CER_4_14_0,77.78,Sigma,ForzaIncentivante,0.333333,52,26,1,1
CER_4_14_0,77.78,Sigma,AllineamentoVirtu,0.307692,51,27,1,1
CER_4_14_0,77.78,Sigma,ForzaIncentivante_lordo,0.307692,51,27,1,1
CER_4_14_0,77.78,Sigma,AllineamentoVirtu_lordo,0.307692,51,27,1,1
CER_4_14_0,77.78,Sigma,VAN_min_EUR,NaN,NaN,NaN,1,0
CER_4_14_0,77.78,QuoteNulle,MinMax_pro,NaN,NaN,NaN,0,0
CER_4_14_0,77.78,QuoteNulle,MinMax_con,NaN,NaN,NaN,0,1
CER_4_14_0,77.78,QuoteNulle,QoS_orig,NaN,NaN,NaN,0,1
CER_4_14_0,77.78,QuoteNulle,QoS_new,NaN,NaN,NaN,0,1
CER_4_14_0,77.78,QuoteNulle,EI_orig,NaN,NaN,NaN,0,1
CER_4_14_0,77.78,QuoteNulle,EI_new,NaN,NaN,NaN,0,1
CER_4_14_0,77.78,QuoteNulle,Jain,NaN,NaN,NaN,0,1
CER_4_14_0,77.78,QuoteNulle,Gini,NaN,NaN,NaN,0,1
CER_4_14_0,77.78,QuoteNulle,FairnessIndex,NaN,NaN,NaN,0,1
CER_4_14_0,77.78,QuoteNulle,Sigma,NaN,NaN,NaN,0,1
CER_4_14_0,77.78,QuoteNulle,QuoteNulle,1,NaN,NaN,0,0
CER_4_14_0,77.78,QuoteNulle,EccessoMax_EUR,NaN,NaN,NaN,0,1
CER_4_14_0,77.78,QuoteNulle,CoalizioniInstabili,NaN,NaN,NaN,0,1
CER_4_14_0,77.78,QuoteNulle,ForzaIncentivante,NaN,NaN,NaN,0,1
CER_4_14_0,77.78,QuoteNulle,AllineamentoVirtu,NaN,NaN,NaN,0,1
CER_4_14_0,77.78,QuoteNulle,ForzaIncentivante_lordo,NaN,NaN,NaN,0,1
CER_4_14_0,77.78,QuoteNulle,AllineamentoVirtu_lordo,NaN,NaN,NaN,0,1
CER_4_14_0,77.78,QuoteNulle,VAN_min_EUR,NaN,NaN,NaN,0,0
CER_4_14_0,77.78,EccessoMax_EUR,MinMax_pro,NaN,NaN,NaN,1,0
CER_4_14_0,77.78,EccessoMax_EUR,MinMax_con,-0.717949,11,67,1,1
CER_4_14_0,77.78,EccessoMax_EUR,QoS_orig,-0.384615,24,54,1,1
CER_4_14_0,77.78,EccessoMax_EUR,QoS_new,-0.589744,16,62,1,1
CER_4_14_0,77.78,EccessoMax_EUR,EI_orig,-0.333333,26,52,1,1
CER_4_14_0,77.78,EccessoMax_EUR,EI_new,-0.333333,26,52,1,1
CER_4_14_0,77.78,EccessoMax_EUR,Jain,-0.384615,24,54,1,1
CER_4_14_0,77.78,EccessoMax_EUR,Gini,-0.333333,26,52,1,1
CER_4_14_0,77.78,EccessoMax_EUR,FairnessIndex,0.948718,76,2,1,1
CER_4_14_0,77.78,EccessoMax_EUR,Sigma,0.948718,76,2,1,1
CER_4_14_0,77.78,EccessoMax_EUR,QuoteNulle,NaN,NaN,NaN,1,0
CER_4_14_0,77.78,EccessoMax_EUR,EccessoMax_EUR,1,NaN,NaN,1,1
CER_4_14_0,77.78,EccessoMax_EUR,CoalizioniInstabili,0.974359,77,1,1,1
CER_4_14_0,77.78,EccessoMax_EUR,ForzaIncentivante,0.384615,54,24,1,1
CER_4_14_0,77.78,EccessoMax_EUR,AllineamentoVirtu,0.358974,53,25,1,1
CER_4_14_0,77.78,EccessoMax_EUR,ForzaIncentivante_lordo,0.358974,53,25,1,1
CER_4_14_0,77.78,EccessoMax_EUR,AllineamentoVirtu_lordo,0.358974,53,25,1,1
CER_4_14_0,77.78,EccessoMax_EUR,VAN_min_EUR,NaN,NaN,NaN,1,0
CER_4_14_0,77.78,CoalizioniInstabili,MinMax_pro,NaN,NaN,NaN,1,0
CER_4_14_0,77.78,CoalizioniInstabili,MinMax_con,-0.74359,10,68,1,1
CER_4_14_0,77.78,CoalizioniInstabili,QoS_orig,-0.358974,25,53,1,1
CER_4_14_0,77.78,CoalizioniInstabili,QoS_new,-0.615385,15,63,1,1
CER_4_14_0,77.78,CoalizioniInstabili,EI_orig,-0.358974,25,53,1,1
CER_4_14_0,77.78,CoalizioniInstabili,EI_new,-0.307692,27,51,1,1
CER_4_14_0,77.78,CoalizioniInstabili,Jain,-0.358974,25,53,1,1
CER_4_14_0,77.78,CoalizioniInstabili,Gini,-0.358974,25,53,1,1
CER_4_14_0,77.78,CoalizioniInstabili,FairnessIndex,0.923077,75,3,1,1
CER_4_14_0,77.78,CoalizioniInstabili,Sigma,0.923077,75,3,1,1
CER_4_14_0,77.78,CoalizioniInstabili,QuoteNulle,NaN,NaN,NaN,1,0
CER_4_14_0,77.78,CoalizioniInstabili,EccessoMax_EUR,0.974359,77,1,1,1
CER_4_14_0,77.78,CoalizioniInstabili,CoalizioniInstabili,1,NaN,NaN,1,1
CER_4_14_0,77.78,CoalizioniInstabili,ForzaIncentivante,0.358974,53,25,1,1
CER_4_14_0,77.78,CoalizioniInstabili,AllineamentoVirtu,0.333333,52,26,1,1
CER_4_14_0,77.78,CoalizioniInstabili,ForzaIncentivante_lordo,0.333333,52,26,1,1
CER_4_14_0,77.78,CoalizioniInstabili,AllineamentoVirtu_lordo,0.333333,52,26,1,1
CER_4_14_0,77.78,CoalizioniInstabili,VAN_min_EUR,NaN,NaN,NaN,1,0
CER_4_14_0,77.78,ForzaIncentivante,MinMax_pro,NaN,NaN,NaN,1,0
CER_4_14_0,77.78,ForzaIncentivante,MinMax_con,-0.512821,19,59,1,1
CER_4_14_0,77.78,ForzaIncentivante,QoS_orig,-1,0,78,1,1
CER_4_14_0,77.78,ForzaIncentivante,QoS_new,-0.74359,10,68,1,1
CER_4_14_0,77.78,ForzaIncentivante,EI_orig,-0.897436,4,74,1,1
CER_4_14_0,77.78,ForzaIncentivante,EI_new,-0.589744,16,62,1,1
CER_4_14_0,77.78,ForzaIncentivante,Jain,-1,0,78,1,1
CER_4_14_0,77.78,ForzaIncentivante,Gini,-0.897436,4,74,1,1
CER_4_14_0,77.78,ForzaIncentivante,FairnessIndex,0.333333,52,26,1,1
CER_4_14_0,77.78,ForzaIncentivante,Sigma,0.333333,52,26,1,1
CER_4_14_0,77.78,ForzaIncentivante,QuoteNulle,NaN,NaN,NaN,1,0
CER_4_14_0,77.78,ForzaIncentivante,EccessoMax_EUR,0.384615,54,24,1,1
CER_4_14_0,77.78,ForzaIncentivante,CoalizioniInstabili,0.358974,53,25,1,1
CER_4_14_0,77.78,ForzaIncentivante,ForzaIncentivante,1,NaN,NaN,1,1
CER_4_14_0,77.78,ForzaIncentivante,AllineamentoVirtu,0.871795,73,5,1,1
CER_4_14_0,77.78,ForzaIncentivante,ForzaIncentivante_lordo,0.974359,77,1,1,1
CER_4_14_0,77.78,ForzaIncentivante,AllineamentoVirtu_lordo,0.871795,73,5,1,1
CER_4_14_0,77.78,ForzaIncentivante,VAN_min_EUR,NaN,NaN,NaN,1,0
CER_4_14_0,77.78,AllineamentoVirtu,MinMax_pro,NaN,NaN,NaN,1,0
CER_4_14_0,77.78,AllineamentoVirtu,MinMax_con,-0.384615,24,54,1,1
CER_4_14_0,77.78,AllineamentoVirtu,QoS_orig,-0.871795,5,73,1,1
CER_4_14_0,77.78,AllineamentoVirtu,QoS_new,-0.615385,15,63,1,1
CER_4_14_0,77.78,AllineamentoVirtu,EI_orig,-0.820513,7,71,1,1
CER_4_14_0,77.78,AllineamentoVirtu,EI_new,-0.512821,19,59,1,1
CER_4_14_0,77.78,AllineamentoVirtu,Jain,-0.871795,5,73,1,1
CER_4_14_0,77.78,AllineamentoVirtu,Gini,-0.820513,7,71,1,1
CER_4_14_0,77.78,AllineamentoVirtu,FairnessIndex,0.307692,51,27,1,1
CER_4_14_0,77.78,AllineamentoVirtu,Sigma,0.307692,51,27,1,1
CER_4_14_0,77.78,AllineamentoVirtu,QuoteNulle,NaN,NaN,NaN,1,0
CER_4_14_0,77.78,AllineamentoVirtu,EccessoMax_EUR,0.358974,53,25,1,1
CER_4_14_0,77.78,AllineamentoVirtu,CoalizioniInstabili,0.333333,52,26,1,1
CER_4_14_0,77.78,AllineamentoVirtu,ForzaIncentivante,0.871795,73,5,1,1
CER_4_14_0,77.78,AllineamentoVirtu,AllineamentoVirtu,1,NaN,NaN,1,1
CER_4_14_0,77.78,AllineamentoVirtu,ForzaIncentivante_lordo,0.897436,74,4,1,1
CER_4_14_0,77.78,AllineamentoVirtu,AllineamentoVirtu_lordo,1,78,0,1,1
CER_4_14_0,77.78,AllineamentoVirtu,VAN_min_EUR,NaN,NaN,NaN,1,0
CER_4_14_0,77.78,ForzaIncentivante_lordo,MinMax_pro,NaN,NaN,NaN,1,0
CER_4_14_0,77.78,ForzaIncentivante_lordo,MinMax_con,-0.487179,20,58,1,1
CER_4_14_0,77.78,ForzaIncentivante_lordo,QoS_orig,-0.974359,1,77,1,1
CER_4_14_0,77.78,ForzaIncentivante_lordo,QoS_new,-0.717949,11,67,1,1
CER_4_14_0,77.78,ForzaIncentivante_lordo,EI_orig,-0.923077,3,75,1,1
CER_4_14_0,77.78,ForzaIncentivante_lordo,EI_new,-0.615385,15,63,1,1
CER_4_14_0,77.78,ForzaIncentivante_lordo,Jain,-0.974359,1,77,1,1
CER_4_14_0,77.78,ForzaIncentivante_lordo,Gini,-0.923077,3,75,1,1
CER_4_14_0,77.78,ForzaIncentivante_lordo,FairnessIndex,0.307692,51,27,1,1
CER_4_14_0,77.78,ForzaIncentivante_lordo,Sigma,0.307692,51,27,1,1
CER_4_14_0,77.78,ForzaIncentivante_lordo,QuoteNulle,NaN,NaN,NaN,1,0
CER_4_14_0,77.78,ForzaIncentivante_lordo,EccessoMax_EUR,0.358974,53,25,1,1
CER_4_14_0,77.78,ForzaIncentivante_lordo,CoalizioniInstabili,0.333333,52,26,1,1
CER_4_14_0,77.78,ForzaIncentivante_lordo,ForzaIncentivante,0.974359,77,1,1,1
CER_4_14_0,77.78,ForzaIncentivante_lordo,AllineamentoVirtu,0.897436,74,4,1,1
CER_4_14_0,77.78,ForzaIncentivante_lordo,ForzaIncentivante_lordo,1,NaN,NaN,1,1
CER_4_14_0,77.78,ForzaIncentivante_lordo,AllineamentoVirtu_lordo,0.897436,74,4,1,1
CER_4_14_0,77.78,ForzaIncentivante_lordo,VAN_min_EUR,NaN,NaN,NaN,1,0
CER_4_14_0,77.78,AllineamentoVirtu_lordo,MinMax_pro,NaN,NaN,NaN,1,0
CER_4_14_0,77.78,AllineamentoVirtu_lordo,MinMax_con,-0.384615,24,54,1,1
CER_4_14_0,77.78,AllineamentoVirtu_lordo,QoS_orig,-0.871795,5,73,1,1
CER_4_14_0,77.78,AllineamentoVirtu_lordo,QoS_new,-0.615385,15,63,1,1
CER_4_14_0,77.78,AllineamentoVirtu_lordo,EI_orig,-0.820513,7,71,1,1
CER_4_14_0,77.78,AllineamentoVirtu_lordo,EI_new,-0.512821,19,59,1,1
CER_4_14_0,77.78,AllineamentoVirtu_lordo,Jain,-0.871795,5,73,1,1
CER_4_14_0,77.78,AllineamentoVirtu_lordo,Gini,-0.820513,7,71,1,1
CER_4_14_0,77.78,AllineamentoVirtu_lordo,FairnessIndex,0.307692,51,27,1,1
CER_4_14_0,77.78,AllineamentoVirtu_lordo,Sigma,0.307692,51,27,1,1
CER_4_14_0,77.78,AllineamentoVirtu_lordo,QuoteNulle,NaN,NaN,NaN,1,0
CER_4_14_0,77.78,AllineamentoVirtu_lordo,EccessoMax_EUR,0.358974,53,25,1,1
CER_4_14_0,77.78,AllineamentoVirtu_lordo,CoalizioniInstabili,0.333333,52,26,1,1
CER_4_14_0,77.78,AllineamentoVirtu_lordo,ForzaIncentivante,0.871795,73,5,1,1
CER_4_14_0,77.78,AllineamentoVirtu_lordo,AllineamentoVirtu,1,78,0,1,1
CER_4_14_0,77.78,AllineamentoVirtu_lordo,ForzaIncentivante_lordo,0.897436,74,4,1,1
CER_4_14_0,77.78,AllineamentoVirtu_lordo,AllineamentoVirtu_lordo,1,NaN,NaN,1,1
CER_4_14_0,77.78,AllineamentoVirtu_lordo,VAN_min_EUR,NaN,NaN,NaN,1,0
CER_4_14_0,77.78,VAN_min_EUR,MinMax_pro,NaN,NaN,NaN,0,0
CER_4_14_0,77.78,VAN_min_EUR,MinMax_con,NaN,NaN,NaN,0,1
CER_4_14_0,77.78,VAN_min_EUR,QoS_orig,NaN,NaN,NaN,0,1
CER_4_14_0,77.78,VAN_min_EUR,QoS_new,NaN,NaN,NaN,0,1
CER_4_14_0,77.78,VAN_min_EUR,EI_orig,NaN,NaN,NaN,0,1
CER_4_14_0,77.78,VAN_min_EUR,EI_new,NaN,NaN,NaN,0,1
CER_4_14_0,77.78,VAN_min_EUR,Jain,NaN,NaN,NaN,0,1
CER_4_14_0,77.78,VAN_min_EUR,Gini,NaN,NaN,NaN,0,1
CER_4_14_0,77.78,VAN_min_EUR,FairnessIndex,NaN,NaN,NaN,0,1
CER_4_14_0,77.78,VAN_min_EUR,Sigma,NaN,NaN,NaN,0,1
CER_4_14_0,77.78,VAN_min_EUR,QuoteNulle,NaN,NaN,NaN,0,0
CER_4_14_0,77.78,VAN_min_EUR,EccessoMax_EUR,NaN,NaN,NaN,0,1
CER_4_14_0,77.78,VAN_min_EUR,CoalizioniInstabili,NaN,NaN,NaN,0,1
CER_4_14_0,77.78,VAN_min_EUR,ForzaIncentivante,NaN,NaN,NaN,0,1
CER_4_14_0,77.78,VAN_min_EUR,AllineamentoVirtu,NaN,NaN,NaN,0,1
CER_4_14_0,77.78,VAN_min_EUR,ForzaIncentivante_lordo,NaN,NaN,NaN,0,1
CER_4_14_0,77.78,VAN_min_EUR,AllineamentoVirtu_lordo,NaN,NaN,NaN,0,1
CER_4_14_0,77.78,VAN_min_EUR,VAN_min_EUR,1,NaN,NaN,0,0
CER_4_1_0,20,MinMax_pro,MinMax_pro,1,NaN,NaN,0,0
CER_4_1_0,20,MinMax_pro,MinMax_con,NaN,NaN,NaN,0,1
CER_4_1_0,20,MinMax_pro,QoS_orig,NaN,NaN,NaN,0,1
CER_4_1_0,20,MinMax_pro,QoS_new,NaN,NaN,NaN,0,1
CER_4_1_0,20,MinMax_pro,EI_orig,NaN,NaN,NaN,0,1
CER_4_1_0,20,MinMax_pro,EI_new,NaN,NaN,NaN,0,1
CER_4_1_0,20,MinMax_pro,Jain,NaN,NaN,NaN,0,1
CER_4_1_0,20,MinMax_pro,Gini,NaN,NaN,NaN,0,1
CER_4_1_0,20,MinMax_pro,FairnessIndex,NaN,NaN,NaN,0,1
CER_4_1_0,20,MinMax_pro,Sigma,NaN,NaN,NaN,0,1
CER_4_1_0,20,MinMax_pro,QuoteNulle,NaN,NaN,NaN,0,1
CER_4_1_0,20,MinMax_pro,EccessoMax_EUR,NaN,NaN,NaN,0,1
CER_4_1_0,20,MinMax_pro,CoalizioniInstabili,NaN,NaN,NaN,0,1
CER_4_1_0,20,MinMax_pro,ForzaIncentivante,NaN,NaN,NaN,0,1
CER_4_1_0,20,MinMax_pro,AllineamentoVirtu,NaN,NaN,NaN,0,1
CER_4_1_0,20,MinMax_pro,ForzaIncentivante_lordo,NaN,NaN,NaN,0,1
CER_4_1_0,20,MinMax_pro,AllineamentoVirtu_lordo,NaN,NaN,NaN,0,1
CER_4_1_0,20,MinMax_pro,VAN_min_EUR,NaN,NaN,NaN,0,0
CER_4_1_0,20,MinMax_con,MinMax_pro,NaN,NaN,NaN,1,0
CER_4_1_0,20,MinMax_con,MinMax_con,1,NaN,NaN,1,1
CER_4_1_0,20,MinMax_con,QoS_orig,0.948718,76,2,1,1
CER_4_1_0,20,MinMax_con,QoS_new,0.948718,76,2,1,1
CER_4_1_0,20,MinMax_con,EI_orig,0.25641,49,29,1,1
CER_4_1_0,20,MinMax_con,EI_new,0.615385,63,15,1,1
CER_4_1_0,20,MinMax_con,Jain,0.923077,75,3,1,1
CER_4_1_0,20,MinMax_con,Gini,0.25641,49,29,1,1
CER_4_1_0,20,MinMax_con,FairnessIndex,0.0549235,36,32,1,1
CER_4_1_0,20,MinMax_con,Sigma,0.0769231,42,36,1,1
CER_4_1_0,20,MinMax_con,QuoteNulle,0.143223,24,16,1,1
CER_4_1_0,20,MinMax_con,EccessoMax_EUR,-0.153846,33,45,1,1
CER_4_1_0,20,MinMax_con,CoalizioniInstabili,0.0287599,32,30,1,1
CER_4_1_0,20,MinMax_con,ForzaIncentivante,0.128205,44,34,1,1
CER_4_1_0,20,MinMax_con,AllineamentoVirtu,0.128205,44,34,1,1
CER_4_1_0,20,MinMax_con,ForzaIncentivante_lordo,0.102564,43,35,1,1
CER_4_1_0,20,MinMax_con,AllineamentoVirtu_lordo,0.102564,43,35,1,1
CER_4_1_0,20,MinMax_con,VAN_min_EUR,NaN,NaN,NaN,1,0
CER_4_1_0,20,QoS_orig,MinMax_pro,NaN,NaN,NaN,1,0
CER_4_1_0,20,QoS_orig,MinMax_con,0.948718,76,2,1,1
CER_4_1_0,20,QoS_orig,QoS_orig,1,NaN,NaN,1,1
CER_4_1_0,20,QoS_orig,QoS_new,1,78,0,1,1
CER_4_1_0,20,QoS_orig,EI_orig,0.25641,49,29,1,1
CER_4_1_0,20,QoS_orig,EI_new,0.666667,65,13,1,1
CER_4_1_0,20,QoS_orig,Jain,0.974359,77,1,1,1
CER_4_1_0,20,QoS_orig,Gini,0.25641,49,29,1,1
CER_4_1_0,20,QoS_orig,FairnessIndex,0.109847,38,30,1,1
CER_4_1_0,20,QoS_orig,Sigma,0.128205,44,34,1,1
CER_4_1_0,20,QoS_orig,QuoteNulle,0.214834,26,14,1,1
CER_4_1_0,20,QoS_orig,EccessoMax_EUR,-0.102564,35,43,1,1
CER_4_1_0,20,QoS_orig,CoalizioniInstabili,0.0862796,34,28,1,1
CER_4_1_0,20,QoS_orig,ForzaIncentivante,0.0769231,42,36,1,1
CER_4_1_0,20,QoS_orig,AllineamentoVirtu,0.0769231,42,36,1,1
CER_4_1_0,20,QoS_orig,ForzaIncentivante_lordo,0.0512821,41,37,1,1
CER_4_1_0,20,QoS_orig,AllineamentoVirtu_lordo,0.0512821,41,37,1,1
CER_4_1_0,20,QoS_orig,VAN_min_EUR,NaN,NaN,NaN,1,0
CER_4_1_0,20,QoS_new,MinMax_pro,NaN,NaN,NaN,1,0
CER_4_1_0,20,QoS_new,MinMax_con,0.948718,76,2,1,1
CER_4_1_0,20,QoS_new,QoS_orig,1,78,0,1,1
CER_4_1_0,20,QoS_new,QoS_new,1,NaN,NaN,1,1
CER_4_1_0,20,QoS_new,EI_orig,0.25641,49,29,1,1
CER_4_1_0,20,QoS_new,EI_new,0.666667,65,13,1,1
CER_4_1_0,20,QoS_new,Jain,0.974359,77,1,1,1
CER_4_1_0,20,QoS_new,Gini,0.25641,49,29,1,1
CER_4_1_0,20,QoS_new,FairnessIndex,0.109847,38,30,1,1
CER_4_1_0,20,QoS_new,Sigma,0.128205,44,34,1,1
CER_4_1_0,20,QoS_new,QuoteNulle,0.214834,26,14,1,1
CER_4_1_0,20,QoS_new,EccessoMax_EUR,-0.102564,35,43,1,1
CER_4_1_0,20,QoS_new,CoalizioniInstabili,0.0862796,34,28,1,1
CER_4_1_0,20,QoS_new,ForzaIncentivante,0.0769231,42,36,1,1
CER_4_1_0,20,QoS_new,AllineamentoVirtu,0.0769231,42,36,1,1
CER_4_1_0,20,QoS_new,ForzaIncentivante_lordo,0.0512821,41,37,1,1
CER_4_1_0,20,QoS_new,AllineamentoVirtu_lordo,0.0512821,41,37,1,1
CER_4_1_0,20,QoS_new,VAN_min_EUR,NaN,NaN,NaN,1,0
CER_4_1_0,20,EI_orig,MinMax_pro,NaN,NaN,NaN,1,0
CER_4_1_0,20,EI_orig,MinMax_con,0.25641,49,29,1,1
CER_4_1_0,20,EI_orig,QoS_orig,0.25641,49,29,1,1
CER_4_1_0,20,EI_orig,QoS_new,0.25641,49,29,1,1
CER_4_1_0,20,EI_orig,EI_orig,1,NaN,NaN,1,1
CER_4_1_0,20,EI_orig,EI_new,0.0769231,42,36,1,1
CER_4_1_0,20,EI_orig,Jain,0.282051,50,28,1,1
CER_4_1_0,20,EI_orig,Gini,1,78,0,1,1
CER_4_1_0,20,EI_orig,FairnessIndex,-0.411926,19,49,1,1
CER_4_1_0,20,EI_orig,Sigma,-0.307692,27,51,1,1
CER_4_1_0,20,EI_orig,QuoteNulle,-0.179029,15,25,1,1
CER_4_1_0,20,EI_orig,EccessoMax_EUR,-0.538462,18,60,1,1
CER_4_1_0,20,EI_orig,CoalizioniInstabili,-0.287599,21,41,1,1
CER_4_1_0,20,EI_orig,ForzaIncentivante,0.512821,59,19,1,1
CER_4_1_0,20,EI_orig,AllineamentoVirtu,0.512821,59,19,1,1
CER_4_1_0,20,EI_orig,ForzaIncentivante_lordo,0.487179,58,20,1,1
CER_4_1_0,20,EI_orig,AllineamentoVirtu_lordo,0.435897,56,22,1,1
CER_4_1_0,20,EI_orig,VAN_min_EUR,NaN,NaN,NaN,1,0
CER_4_1_0,20,EI_new,MinMax_pro,NaN,NaN,NaN,1,0
CER_4_1_0,20,EI_new,MinMax_con,0.615385,63,15,1,1
CER_4_1_0,20,EI_new,QoS_orig,0.666667,65,13,1,1
CER_4_1_0,20,EI_new,QoS_new,0.666667,65,13,1,1
CER_4_1_0,20,EI_new,EI_orig,0.0769231,42,36,1,1
CER_4_1_0,20,EI_new,EI_new,1,NaN,NaN,1,1
CER_4_1_0,20,EI_new,Jain,0.641026,64,14,1,1
CER_4_1_0,20,EI_new,Gini,0.0769231,42,36,1,1
CER_4_1_0,20,EI_new,FairnessIndex,0.137309,39,29,1,1
CER_4_1_0,20,EI_new,Sigma,0.205128,47,31,1,1
CER_4_1_0,20,EI_new,QuoteNulle,0.0716115,22,18,1,1
CER_4_1_0,20,EI_new,EccessoMax_EUR,0.179487,46,32,1,1
CER_4_1_0,20,EI_new,CoalizioniInstabili,0.172559,37,25,1,1
CER_4_1_0,20,EI_new,ForzaIncentivante,0,39,39,1,1
CER_4_1_0,20,EI_new,AllineamentoVirtu,0.0512821,41,37,1,1
CER_4_1_0,20,EI_new,ForzaIncentivante_lordo,-0.025641,38,40,1,1
CER_4_1_0,20,EI_new,AllineamentoVirtu_lordo,-0.025641,38,40,1,1
CER_4_1_0,20,EI_new,VAN_min_EUR,NaN,NaN,NaN,1,0
CER_4_1_0,20,Jain,MinMax_pro,NaN,NaN,NaN,1,0
CER_4_1_0,20,Jain,MinMax_con,0.923077,75,3,1,1
CER_4_1_0,20,Jain,QoS_orig,0.974359,77,1,1,1
CER_4_1_0,20,Jain,QoS_new,0.974359,77,1,1,1
CER_4_1_0,20,Jain,EI_orig,0.282051,50,28,1,1
CER_4_1_0,20,Jain,EI_new,0.641026,64,14,1,1
CER_4_1_0,20,Jain,Jain,1,NaN,NaN,1,1
CER_4_1_0,20,Jain,Gini,0.282051,50,28,1,1
CER_4_1_0,20,Jain,FairnessIndex,0.0823853,37,31,1,1
CER_4_1_0,20,Jain,Sigma,0.102564,43,35,1,1
CER_4_1_0,20,Jain,QuoteNulle,0.179029,25,15,1,1
CER_4_1_0,20,Jain,EccessoMax_EUR,-0.128205,34,44,1,1
CER_4_1_0,20,Jain,CoalizioniInstabili,0.0575197,33,29,1,1
CER_4_1_0,20,Jain,ForzaIncentivante,0.102564,43,35,1,1
CER_4_1_0,20,Jain,AllineamentoVirtu,0.102564,43,35,1,1
CER_4_1_0,20,Jain,ForzaIncentivante_lordo,0.0769231,42,36,1,1
CER_4_1_0,20,Jain,AllineamentoVirtu_lordo,0.0769231,42,36,1,1
CER_4_1_0,20,Jain,VAN_min_EUR,NaN,NaN,NaN,1,0
CER_4_1_0,20,Gini,MinMax_pro,NaN,NaN,NaN,1,0
CER_4_1_0,20,Gini,MinMax_con,0.25641,49,29,1,1
CER_4_1_0,20,Gini,QoS_orig,0.25641,49,29,1,1
CER_4_1_0,20,Gini,QoS_new,0.25641,49,29,1,1
CER_4_1_0,20,Gini,EI_orig,1,78,0,1,1
CER_4_1_0,20,Gini,EI_new,0.0769231,42,36,1,1
CER_4_1_0,20,Gini,Jain,0.282051,50,28,1,1
CER_4_1_0,20,Gini,Gini,1,NaN,NaN,1,1
CER_4_1_0,20,Gini,FairnessIndex,-0.411926,19,49,1,1
CER_4_1_0,20,Gini,Sigma,-0.307692,27,51,1,1
CER_4_1_0,20,Gini,QuoteNulle,-0.179029,15,25,1,1
CER_4_1_0,20,Gini,EccessoMax_EUR,-0.538462,18,60,1,1
CER_4_1_0,20,Gini,CoalizioniInstabili,-0.287599,21,41,1,1
CER_4_1_0,20,Gini,ForzaIncentivante,0.512821,59,19,1,1
CER_4_1_0,20,Gini,AllineamentoVirtu,0.512821,59,19,1,1
CER_4_1_0,20,Gini,ForzaIncentivante_lordo,0.487179,58,20,1,1
CER_4_1_0,20,Gini,AllineamentoVirtu_lordo,0.435897,56,22,1,1
CER_4_1_0,20,Gini,VAN_min_EUR,NaN,NaN,NaN,1,0
CER_4_1_0,20,FairnessIndex,MinMax_pro,NaN,NaN,NaN,1,0
CER_4_1_0,20,FairnessIndex,MinMax_con,0.0549235,36,32,1,1
CER_4_1_0,20,FairnessIndex,QoS_orig,0.109847,38,30,1,1
CER_4_1_0,20,FairnessIndex,QoS_new,0.109847,38,30,1,1
CER_4_1_0,20,FairnessIndex,EI_orig,-0.411926,19,49,1,1
CER_4_1_0,20,FairnessIndex,EI_new,0.137309,39,29,1,1
CER_4_1_0,20,FairnessIndex,Jain,0.0823853,37,31,1,1
CER_4_1_0,20,FairnessIndex,Gini,-0.411926,19,49,1,1
CER_4_1_0,20,FairnessIndex,FairnessIndex,1,NaN,NaN,1,1
CER_4_1_0,20,FairnessIndex,Sigma,0.906238,67,1,1,1
CER_4_1_0,20,FairnessIndex,QuoteNulle,0.766965,40,0,1,1
CER_4_1_0,20,FairnessIndex,EccessoMax_EUR,0.714006,60,8,1,1
CER_4_1_0,20,FairnessIndex,CoalizioniInstabili,0.831655,56,2,1,1
CER_4_1_0,20,FairnessIndex,ForzaIncentivante,-0.878776,2,66,1,1
CER_4_1_0,20,FairnessIndex,AllineamentoVirtu,-0.878776,2,66,1,1
CER_4_1_0,20,FairnessIndex,ForzaIncentivante_lordo,-0.878776,2,66,1,1
CER_4_1_0,20,FairnessIndex,AllineamentoVirtu_lordo,-0.823853,4,64,1,1
CER_4_1_0,20,FairnessIndex,VAN_min_EUR,NaN,NaN,NaN,1,0
CER_4_1_0,20,Sigma,MinMax_pro,NaN,NaN,NaN,1,0
CER_4_1_0,20,Sigma,MinMax_con,0.0769231,42,36,1,1
CER_4_1_0,20,Sigma,QoS_orig,0.128205,44,34,1,1
CER_4_1_0,20,Sigma,QoS_new,0.128205,44,34,1,1
CER_4_1_0,20,Sigma,EI_orig,-0.307692,27,51,1,1
CER_4_1_0,20,Sigma,EI_new,0.205128,47,31,1,1
CER_4_1_0,20,Sigma,Jain,0.102564,43,35,1,1
CER_4_1_0,20,Sigma,Gini,-0.307692,27,51,1,1
CER_4_1_0,20,Sigma,FairnessIndex,0.906238,67,1,1,1
CER_4_1_0,20,Sigma,Sigma,1,NaN,NaN,1,1
CER_4_1_0,20,Sigma,QuoteNulle,0.716115,40,0,1,1
CER_4_1_0,20,Sigma,EccessoMax_EUR,0.769231,69,9,1,1
CER_4_1_0,20,Sigma,CoalizioniInstabili,0.776516,58,4,1,1
CER_4_1_0,20,Sigma,ForzaIncentivante,-0.794872,8,70,1,1
CER_4_1_0,20,Sigma,AllineamentoVirtu,-0.74359,10,68,1,1
CER_4_1_0,20,Sigma,ForzaIncentivante_lordo,-0.820513,7,71,1,1
CER_4_1_0,20,Sigma,AllineamentoVirtu_lordo,-0.769231,9,69,1,1
CER_4_1_0,20,Sigma,VAN_min_EUR,NaN,NaN,NaN,1,0
CER_4_1_0,20,QuoteNulle,MinMax_pro,NaN,NaN,NaN,1,0
CER_4_1_0,20,QuoteNulle,MinMax_con,0.143223,24,16,1,1
CER_4_1_0,20,QuoteNulle,QoS_orig,0.214834,26,14,1,1
CER_4_1_0,20,QuoteNulle,QoS_new,0.214834,26,14,1,1
CER_4_1_0,20,QuoteNulle,EI_orig,-0.179029,15,25,1,1
CER_4_1_0,20,QuoteNulle,EI_new,0.0716115,22,18,1,1
CER_4_1_0,20,QuoteNulle,Jain,0.179029,25,15,1,1
CER_4_1_0,20,QuoteNulle,Gini,-0.179029,15,25,1,1
CER_4_1_0,20,QuoteNulle,FairnessIndex,0.766965,40,0,1,1
CER_4_1_0,20,QuoteNulle,Sigma,0.716115,40,0,1,1
CER_4_1_0,20,QuoteNulle,QuoteNulle,1,NaN,NaN,1,1
CER_4_1_0,20,QuoteNulle,EccessoMax_EUR,0.572892,36,4,1,1
CER_4_1_0,20,QuoteNulle,CoalizioniInstabili,0.803219,40,0,1,1
CER_4_1_0,20,QuoteNulle,ForzaIncentivante,-0.716115,0,40,1,1
CER_4_1_0,20,QuoteNulle,AllineamentoVirtu,-0.716115,0,40,1,1
CER_4_1_0,20,QuoteNulle,ForzaIncentivante_lordo,-0.716115,0,40,1,1
CER_4_1_0,20,QuoteNulle,AllineamentoVirtu_lordo,-0.716115,0,40,1,1
CER_4_1_0,20,QuoteNulle,VAN_min_EUR,NaN,NaN,NaN,1,0
CER_4_1_0,20,EccessoMax_EUR,MinMax_pro,NaN,NaN,NaN,1,0
CER_4_1_0,20,EccessoMax_EUR,MinMax_con,-0.153846,33,45,1,1
CER_4_1_0,20,EccessoMax_EUR,QoS_orig,-0.102564,35,43,1,1
CER_4_1_0,20,EccessoMax_EUR,QoS_new,-0.102564,35,43,1,1
CER_4_1_0,20,EccessoMax_EUR,EI_orig,-0.538462,18,60,1,1
CER_4_1_0,20,EccessoMax_EUR,EI_new,0.179487,46,32,1,1
CER_4_1_0,20,EccessoMax_EUR,Jain,-0.128205,34,44,1,1
CER_4_1_0,20,EccessoMax_EUR,Gini,-0.538462,18,60,1,1
CER_4_1_0,20,EccessoMax_EUR,FairnessIndex,0.714006,60,8,1,1
CER_4_1_0,20,EccessoMax_EUR,Sigma,0.769231,69,9,1,1
CER_4_1_0,20,EccessoMax_EUR,QuoteNulle,0.572892,36,4,1,1
CER_4_1_0,20,EccessoMax_EUR,EccessoMax_EUR,1,NaN,NaN,1,1
CER_4_1_0,20,EccessoMax_EUR,CoalizioniInstabili,0.661477,54,8,1,1
CER_4_1_0,20,EccessoMax_EUR,ForzaIncentivante,-0.717949,11,67,1,1
CER_4_1_0,20,EccessoMax_EUR,AllineamentoVirtu,-0.666667,13,65,1,1
CER_4_1_0,20,EccessoMax_EUR,ForzaIncentivante_lordo,-0.74359,10,68,1,1
CER_4_1_0,20,EccessoMax_EUR,AllineamentoVirtu_lordo,-0.692308,12,66,1,1
CER_4_1_0,20,EccessoMax_EUR,VAN_min_EUR,NaN,NaN,NaN,1,0
CER_4_1_0,20,CoalizioniInstabili,MinMax_pro,NaN,NaN,NaN,1,0
CER_4_1_0,20,CoalizioniInstabili,MinMax_con,0.0287599,32,30,1,1
CER_4_1_0,20,CoalizioniInstabili,QoS_orig,0.0862796,34,28,1,1
CER_4_1_0,20,CoalizioniInstabili,QoS_new,0.0862796,34,28,1,1
CER_4_1_0,20,CoalizioniInstabili,EI_orig,-0.287599,21,41,1,1
CER_4_1_0,20,CoalizioniInstabili,EI_new,0.172559,37,25,1,1
CER_4_1_0,20,CoalizioniInstabili,Jain,0.0575197,33,29,1,1
CER_4_1_0,20,CoalizioniInstabili,Gini,-0.287599,21,41,1,1
CER_4_1_0,20,CoalizioniInstabili,FairnessIndex,0.831655,56,2,1,1
CER_4_1_0,20,CoalizioniInstabili,Sigma,0.776516,58,4,1,1
CER_4_1_0,20,CoalizioniInstabili,QuoteNulle,0.803219,40,0,1,1
CER_4_1_0,20,CoalizioniInstabili,EccessoMax_EUR,0.661477,54,8,1,1
CER_4_1_0,20,CoalizioniInstabili,CoalizioniInstabili,1,NaN,NaN,1,1
CER_4_1_0,20,CoalizioniInstabili,ForzaIncentivante,-0.747757,5,57,1,1
CER_4_1_0,20,CoalizioniInstabili,AllineamentoVirtu,-0.718997,6,56,1,1
CER_4_1_0,20,CoalizioniInstabili,ForzaIncentivante_lordo,-0.747757,5,57,1,1
CER_4_1_0,20,CoalizioniInstabili,AllineamentoVirtu_lordo,-0.747757,5,57,1,1
CER_4_1_0,20,CoalizioniInstabili,VAN_min_EUR,NaN,NaN,NaN,1,0
CER_4_1_0,20,ForzaIncentivante,MinMax_pro,NaN,NaN,NaN,1,0
CER_4_1_0,20,ForzaIncentivante,MinMax_con,0.128205,44,34,1,1
CER_4_1_0,20,ForzaIncentivante,QoS_orig,0.0769231,42,36,1,1
CER_4_1_0,20,ForzaIncentivante,QoS_new,0.0769231,42,36,1,1
CER_4_1_0,20,ForzaIncentivante,EI_orig,0.512821,59,19,1,1
CER_4_1_0,20,ForzaIncentivante,EI_new,0,39,39,1,1
CER_4_1_0,20,ForzaIncentivante,Jain,0.102564,43,35,1,1
CER_4_1_0,20,ForzaIncentivante,Gini,0.512821,59,19,1,1
CER_4_1_0,20,ForzaIncentivante,FairnessIndex,-0.878776,2,66,1,1
CER_4_1_0,20,ForzaIncentivante,Sigma,-0.794872,8,70,1,1
CER_4_1_0,20,ForzaIncentivante,QuoteNulle,-0.716115,0,40,1,1
CER_4_1_0,20,ForzaIncentivante,EccessoMax_EUR,-0.717949,11,67,1,1
CER_4_1_0,20,ForzaIncentivante,CoalizioniInstabili,-0.747757,5,57,1,1
CER_4_1_0,20,ForzaIncentivante,ForzaIncentivante,1,NaN,NaN,1,1
CER_4_1_0,20,ForzaIncentivante,AllineamentoVirtu,0.948718,76,2,1,1
CER_4_1_0,20,ForzaIncentivante,ForzaIncentivante_lordo,0.974359,77,1,1,1
CER_4_1_0,20,ForzaIncentivante,AllineamentoVirtu_lordo,0.923077,75,3,1,1
CER_4_1_0,20,ForzaIncentivante,VAN_min_EUR,NaN,NaN,NaN,1,0
CER_4_1_0,20,AllineamentoVirtu,MinMax_pro,NaN,NaN,NaN,1,0
CER_4_1_0,20,AllineamentoVirtu,MinMax_con,0.128205,44,34,1,1
CER_4_1_0,20,AllineamentoVirtu,QoS_orig,0.0769231,42,36,1,1
CER_4_1_0,20,AllineamentoVirtu,QoS_new,0.0769231,42,36,1,1
CER_4_1_0,20,AllineamentoVirtu,EI_orig,0.512821,59,19,1,1
CER_4_1_0,20,AllineamentoVirtu,EI_new,0.0512821,41,37,1,1
CER_4_1_0,20,AllineamentoVirtu,Jain,0.102564,43,35,1,1
CER_4_1_0,20,AllineamentoVirtu,Gini,0.512821,59,19,1,1
CER_4_1_0,20,AllineamentoVirtu,FairnessIndex,-0.878776,2,66,1,1
CER_4_1_0,20,AllineamentoVirtu,Sigma,-0.74359,10,68,1,1
CER_4_1_0,20,AllineamentoVirtu,QuoteNulle,-0.716115,0,40,1,1
CER_4_1_0,20,AllineamentoVirtu,EccessoMax_EUR,-0.666667,13,65,1,1
CER_4_1_0,20,AllineamentoVirtu,CoalizioniInstabili,-0.718997,6,56,1,1
CER_4_1_0,20,AllineamentoVirtu,ForzaIncentivante,0.948718,76,2,1,1
CER_4_1_0,20,AllineamentoVirtu,AllineamentoVirtu,1,NaN,NaN,1,1
CER_4_1_0,20,AllineamentoVirtu,ForzaIncentivante_lordo,0.923077,75,3,1,1
CER_4_1_0,20,AllineamentoVirtu,AllineamentoVirtu_lordo,0.923077,75,3,1,1
CER_4_1_0,20,AllineamentoVirtu,VAN_min_EUR,NaN,NaN,NaN,1,0
CER_4_1_0,20,ForzaIncentivante_lordo,MinMax_pro,NaN,NaN,NaN,1,0
CER_4_1_0,20,ForzaIncentivante_lordo,MinMax_con,0.102564,43,35,1,1
CER_4_1_0,20,ForzaIncentivante_lordo,QoS_orig,0.0512821,41,37,1,1
CER_4_1_0,20,ForzaIncentivante_lordo,QoS_new,0.0512821,41,37,1,1
CER_4_1_0,20,ForzaIncentivante_lordo,EI_orig,0.487179,58,20,1,1
CER_4_1_0,20,ForzaIncentivante_lordo,EI_new,-0.025641,38,40,1,1
CER_4_1_0,20,ForzaIncentivante_lordo,Jain,0.0769231,42,36,1,1
CER_4_1_0,20,ForzaIncentivante_lordo,Gini,0.487179,58,20,1,1
CER_4_1_0,20,ForzaIncentivante_lordo,FairnessIndex,-0.878776,2,66,1,1
CER_4_1_0,20,ForzaIncentivante_lordo,Sigma,-0.820513,7,71,1,1
CER_4_1_0,20,ForzaIncentivante_lordo,QuoteNulle,-0.716115,0,40,1,1
CER_4_1_0,20,ForzaIncentivante_lordo,EccessoMax_EUR,-0.74359,10,68,1,1
CER_4_1_0,20,ForzaIncentivante_lordo,CoalizioniInstabili,-0.747757,5,57,1,1
CER_4_1_0,20,ForzaIncentivante_lordo,ForzaIncentivante,0.974359,77,1,1,1
CER_4_1_0,20,ForzaIncentivante_lordo,AllineamentoVirtu,0.923077,75,3,1,1
CER_4_1_0,20,ForzaIncentivante_lordo,ForzaIncentivante_lordo,1,NaN,NaN,1,1
CER_4_1_0,20,ForzaIncentivante_lordo,AllineamentoVirtu_lordo,0.948718,76,2,1,1
CER_4_1_0,20,ForzaIncentivante_lordo,VAN_min_EUR,NaN,NaN,NaN,1,0
CER_4_1_0,20,AllineamentoVirtu_lordo,MinMax_pro,NaN,NaN,NaN,1,0
CER_4_1_0,20,AllineamentoVirtu_lordo,MinMax_con,0.102564,43,35,1,1
CER_4_1_0,20,AllineamentoVirtu_lordo,QoS_orig,0.0512821,41,37,1,1
CER_4_1_0,20,AllineamentoVirtu_lordo,QoS_new,0.0512821,41,37,1,1
CER_4_1_0,20,AllineamentoVirtu_lordo,EI_orig,0.435897,56,22,1,1
CER_4_1_0,20,AllineamentoVirtu_lordo,EI_new,-0.025641,38,40,1,1
CER_4_1_0,20,AllineamentoVirtu_lordo,Jain,0.0769231,42,36,1,1
CER_4_1_0,20,AllineamentoVirtu_lordo,Gini,0.435897,56,22,1,1
CER_4_1_0,20,AllineamentoVirtu_lordo,FairnessIndex,-0.823853,4,64,1,1
CER_4_1_0,20,AllineamentoVirtu_lordo,Sigma,-0.769231,9,69,1,1
CER_4_1_0,20,AllineamentoVirtu_lordo,QuoteNulle,-0.716115,0,40,1,1
CER_4_1_0,20,AllineamentoVirtu_lordo,EccessoMax_EUR,-0.692308,12,66,1,1
CER_4_1_0,20,AllineamentoVirtu_lordo,CoalizioniInstabili,-0.747757,5,57,1,1
CER_4_1_0,20,AllineamentoVirtu_lordo,ForzaIncentivante,0.923077,75,3,1,1
CER_4_1_0,20,AllineamentoVirtu_lordo,AllineamentoVirtu,0.923077,75,3,1,1
CER_4_1_0,20,AllineamentoVirtu_lordo,ForzaIncentivante_lordo,0.948718,76,2,1,1
CER_4_1_0,20,AllineamentoVirtu_lordo,AllineamentoVirtu_lordo,1,NaN,NaN,1,1
CER_4_1_0,20,AllineamentoVirtu_lordo,VAN_min_EUR,NaN,NaN,NaN,1,0
CER_4_1_0,20,VAN_min_EUR,MinMax_pro,NaN,NaN,NaN,0,0
CER_4_1_0,20,VAN_min_EUR,MinMax_con,NaN,NaN,NaN,0,1
CER_4_1_0,20,VAN_min_EUR,QoS_orig,NaN,NaN,NaN,0,1
CER_4_1_0,20,VAN_min_EUR,QoS_new,NaN,NaN,NaN,0,1
CER_4_1_0,20,VAN_min_EUR,EI_orig,NaN,NaN,NaN,0,1
CER_4_1_0,20,VAN_min_EUR,EI_new,NaN,NaN,NaN,0,1
CER_4_1_0,20,VAN_min_EUR,Jain,NaN,NaN,NaN,0,1
CER_4_1_0,20,VAN_min_EUR,Gini,NaN,NaN,NaN,0,1
CER_4_1_0,20,VAN_min_EUR,FairnessIndex,NaN,NaN,NaN,0,1
CER_4_1_0,20,VAN_min_EUR,Sigma,NaN,NaN,NaN,0,1
CER_4_1_0,20,VAN_min_EUR,QuoteNulle,NaN,NaN,NaN,0,1
CER_4_1_0,20,VAN_min_EUR,EccessoMax_EUR,NaN,NaN,NaN,0,1
CER_4_1_0,20,VAN_min_EUR,CoalizioniInstabili,NaN,NaN,NaN,0,1
CER_4_1_0,20,VAN_min_EUR,ForzaIncentivante,NaN,NaN,NaN,0,1
CER_4_1_0,20,VAN_min_EUR,AllineamentoVirtu,NaN,NaN,NaN,0,1
CER_4_1_0,20,VAN_min_EUR,ForzaIncentivante_lordo,NaN,NaN,NaN,0,1
CER_4_1_0,20,VAN_min_EUR,AllineamentoVirtu_lordo,NaN,NaN,NaN,0,1
CER_4_1_0,20,VAN_min_EUR,VAN_min_EUR,1,NaN,NaN,0,0
CER_4_4_0,50,MinMax_pro,MinMax_pro,1,NaN,NaN,0,0
CER_4_4_0,50,MinMax_pro,MinMax_con,NaN,NaN,NaN,0,1
CER_4_4_0,50,MinMax_pro,QoS_orig,NaN,NaN,NaN,0,1
CER_4_4_0,50,MinMax_pro,QoS_new,NaN,NaN,NaN,0,1
CER_4_4_0,50,MinMax_pro,EI_orig,NaN,NaN,NaN,0,1
CER_4_4_0,50,MinMax_pro,EI_new,NaN,NaN,NaN,0,1
CER_4_4_0,50,MinMax_pro,Jain,NaN,NaN,NaN,0,1
CER_4_4_0,50,MinMax_pro,Gini,NaN,NaN,NaN,0,1
CER_4_4_0,50,MinMax_pro,FairnessIndex,NaN,NaN,NaN,0,1
CER_4_4_0,50,MinMax_pro,Sigma,NaN,NaN,NaN,0,1
CER_4_4_0,50,MinMax_pro,QuoteNulle,NaN,NaN,NaN,0,0
CER_4_4_0,50,MinMax_pro,EccessoMax_EUR,NaN,NaN,NaN,0,1
CER_4_4_0,50,MinMax_pro,CoalizioniInstabili,NaN,NaN,NaN,0,1
CER_4_4_0,50,MinMax_pro,ForzaIncentivante,NaN,NaN,NaN,0,1
CER_4_4_0,50,MinMax_pro,AllineamentoVirtu,NaN,NaN,NaN,0,1
CER_4_4_0,50,MinMax_pro,ForzaIncentivante_lordo,NaN,NaN,NaN,0,1
CER_4_4_0,50,MinMax_pro,AllineamentoVirtu_lordo,NaN,NaN,NaN,0,1
CER_4_4_0,50,MinMax_pro,VAN_min_EUR,NaN,NaN,NaN,0,0
CER_4_4_0,50,MinMax_con,MinMax_pro,NaN,NaN,NaN,1,0
CER_4_4_0,50,MinMax_con,MinMax_con,1,NaN,NaN,1,1
CER_4_4_0,50,MinMax_con,QoS_orig,0.435897,56,22,1,1
CER_4_4_0,50,MinMax_con,QoS_new,0.897436,74,4,1,1
CER_4_4_0,50,MinMax_con,EI_orig,0.282051,50,28,1,1
CER_4_4_0,50,MinMax_con,EI_new,0.307692,51,27,1,1
CER_4_4_0,50,MinMax_con,Jain,0.538462,60,18,1,1
CER_4_4_0,50,MinMax_con,Gini,0.282051,50,28,1,1
CER_4_4_0,50,MinMax_con,FairnessIndex,-0.564103,17,61,1,1
CER_4_4_0,50,MinMax_con,Sigma,-0.564103,17,61,1,1
CER_4_4_0,50,MinMax_con,QuoteNulle,NaN,NaN,NaN,1,0
CER_4_4_0,50,MinMax_con,EccessoMax_EUR,-0.512821,19,59,1,1
CER_4_4_0,50,MinMax_con,CoalizioniInstabili,-0.487199,17,53,1,1
CER_4_4_0,50,MinMax_con,ForzaIncentivante,-0.25641,29,49,1,1
CER_4_4_0,50,MinMax_con,AllineamentoVirtu,-0.179487,32,46,1,1
CER_4_4_0,50,MinMax_con,ForzaIncentivante_lordo,-0.179487,32,46,1,1
CER_4_4_0,50,MinMax_con,AllineamentoVirtu_lordo,-0.025641,38,40,1,1
CER_4_4_0,50,MinMax_con,VAN_min_EUR,NaN,NaN,NaN,1,0
CER_4_4_0,50,QoS_orig,MinMax_pro,NaN,NaN,NaN,1,0
CER_4_4_0,50,QoS_orig,MinMax_con,0.435897,56,22,1,1
CER_4_4_0,50,QoS_orig,QoS_orig,1,NaN,NaN,1,1
CER_4_4_0,50,QoS_orig,QoS_new,0.435897,56,22,1,1
CER_4_4_0,50,QoS_orig,EI_orig,0.0769231,42,36,1,1
CER_4_4_0,50,QoS_orig,EI_new,0,39,39,1,1
CER_4_4_0,50,QoS_orig,Jain,0.897436,74,4,1,1
CER_4_4_0,50,QoS_orig,Gini,0.0769231,42,36,1,1
CER_4_4_0,50,QoS_orig,FairnessIndex,-0.512821,19,59,1,1
CER_4_4_0,50,QoS_orig,Sigma,-0.512821,19,59,1,1
CER_4_4_0,50,QoS_orig,QuoteNulle,NaN,NaN,NaN,1,0
CER_4_4_0,50,QoS_orig,EccessoMax_EUR,-0.461538,21,57,1,1
CER_4_4_0,50,QoS_orig,CoalizioniInstabili,-0.703732,9,61,1,1
CER_4_4_0,50,QoS_orig,ForzaIncentivante,-0.0512821,37,41,1,1
CER_4_4_0,50,QoS_orig,AllineamentoVirtu,-0.128205,34,44,1,1
CER_4_4_0,50,QoS_orig,ForzaIncentivante_lordo,-0.128205,34,44,1,1
CER_4_4_0,50,QoS_orig,AllineamentoVirtu_lordo,-0.538462,18,60,1,1
CER_4_4_0,50,QoS_orig,VAN_min_EUR,NaN,NaN,NaN,1,0
CER_4_4_0,50,QoS_new,MinMax_pro,NaN,NaN,NaN,1,0
CER_4_4_0,50,QoS_new,MinMax_con,0.897436,74,4,1,1
CER_4_4_0,50,QoS_new,QoS_orig,0.435897,56,22,1,1
CER_4_4_0,50,QoS_new,QoS_new,1,NaN,NaN,1,1
CER_4_4_0,50,QoS_new,EI_orig,0.282051,50,28,1,1
CER_4_4_0,50,QoS_new,EI_new,0.307692,51,27,1,1
CER_4_4_0,50,QoS_new,Jain,0.538462,60,18,1,1
CER_4_4_0,50,QoS_new,Gini,0.282051,50,28,1,1
CER_4_4_0,50,QoS_new,FairnessIndex,-0.461538,21,57,1,1
CER_4_4_0,50,QoS_new,Sigma,-0.461538,21,57,1,1
CER_4_4_0,50,QoS_new,QuoteNulle,NaN,NaN,NaN,1,0
CER_4_4_0,50,QoS_new,EccessoMax_EUR,-0.410256,23,55,1,1
CER_4_4_0,50,QoS_new,CoalizioniInstabili,-0.487199,17,53,1,1
CER_4_4_0,50,QoS_new,ForzaIncentivante,-0.25641,29,49,1,1
CER_4_4_0,50,QoS_new,AllineamentoVirtu,-0.179487,32,46,1,1
CER_4_4_0,50,QoS_new,ForzaIncentivante_lordo,-0.179487,32,46,1,1
CER_4_4_0,50,QoS_new,AllineamentoVirtu_lordo,-0.025641,38,40,1,1
CER_4_4_0,50,QoS_new,VAN_min_EUR,NaN,NaN,NaN,1,0
CER_4_4_0,50,EI_orig,MinMax_pro,NaN,NaN,NaN,1,0
CER_4_4_0,50,EI_orig,MinMax_con,0.282051,50,28,1,1
CER_4_4_0,50,EI_orig,QoS_orig,0.0769231,42,36,1,1
CER_4_4_0,50,EI_orig,QoS_new,0.282051,50,28,1,1
CER_4_4_0,50,EI_orig,EI_orig,1,NaN,NaN,1,1
CER_4_4_0,50,EI_orig,EI_new,0.615385,63,15,1,1
CER_4_4_0,50,EI_orig,Jain,0.025641,40,38,1,1
CER_4_4_0,50,EI_orig,Gini,1,78,0,1,1
CER_4_4_0,50,EI_orig,FairnessIndex,-0.153846,33,45,1,1
CER_4_4_0,50,EI_orig,Sigma,-0.153846,33,45,1,1
CER_4_4_0,50,EI_orig,QuoteNulle,NaN,NaN,NaN,1,0
CER_4_4_0,50,EI_orig,EccessoMax_EUR,-0.358974,25,53,1,1
CER_4_4_0,50,EI_orig,CoalizioniInstabili,0,35,35,1,1
CER_4_4_0,50,EI_orig,ForzaIncentivante,-0.820513,7,71,1,1
CER_4_4_0,50,EI_orig,AllineamentoVirtu,-0.74359,10,68,1,1
CER_4_4_0,50,EI_orig,ForzaIncentivante_lordo,-0.74359,10,68,1,1
CER_4_4_0,50,EI_orig,AllineamentoVirtu_lordo,-0.230769,30,48,1,1
CER_4_4_0,50,EI_orig,VAN_min_EUR,NaN,NaN,NaN,1,0
CER_4_4_0,50,EI_new,MinMax_pro,NaN,NaN,NaN,1,0
CER_4_4_0,50,EI_new,MinMax_con,0.307692,51,27,1,1
CER_4_4_0,50,EI_new,QoS_orig,0,39,39,1,1
CER_4_4_0,50,EI_new,QoS_new,0.307692,51,27,1,1
CER_4_4_0,50,EI_new,EI_orig,0.615385,63,15,1,1
CER_4_4_0,50,EI_new,EI_new,1,NaN,NaN,1,1
CER_4_4_0,50,EI_new,Jain,0.0512821,41,37,1,1
CER_4_4_0,50,EI_new,Gini,0.615385,63,15,1,1
CER_4_4_0,50,EI_new,FairnessIndex,-0.230769,30,48,1,1
CER_4_4_0,50,EI_new,Sigma,-0.230769,30,48,1,1
CER_4_4_0,50,EI_new,QuoteNulle,NaN,NaN,NaN,1,0
CER_4_4_0,50,EI_new,EccessoMax_EUR,-0.333333,26,52,1,1
CER_4_4_0,50,EI_new,CoalizioniInstabili,-0.0270666,34,36,1,1
CER_4_4_0,50,EI_new,ForzaIncentivante,-0.538462,18,60,1,1
CER_4_4_0,50,EI_new,AllineamentoVirtu,-0.461538,21,57,1,1
CER_4_4_0,50,EI_new,ForzaIncentivante_lordo,-0.461538,21,57,1,1
CER_4_4_0,50,EI_new,AllineamentoVirtu_lordo,0,39,39,1,1
CER_4_4_0,50,EI_new,VAN_min_EUR,NaN,NaN,NaN,1,0
CER_4_4_0,50,Jain,MinMax_pro,NaN,NaN,NaN,1,0
CER_4_4_0,50,Jain,MinMax_con,0.538462,60,18,1,1
CER_4_4_0,50,Jain,QoS_orig,0.897436,74,4,1,1
CER_4_4_0,50,Jain,QoS_new,0.538462,60,18,1,1
CER_4_4_0,50,Jain,EI_orig,0.025641,40,38,1,1
CER_4_4_0,50,Jain,EI_new,0.0512821,41,37,1,1
CER_4_4_0,50,Jain,Jain,1,NaN,NaN,1,1
CER_4_4_0,50,Jain,Gini,0.025641,40,38,1,1
CER_4_4_0,50,Jain,FairnessIndex,-0.615385,15,63,1,1
CER_4_4_0,50,Jain,Sigma,-0.615385,15,63,1,1
CER_4_4_0,50,Jain,QuoteNulle,NaN,NaN,NaN,1,0
CER_4_4_0,50,Jain,EccessoMax_EUR,-0.564103,17,61,1,1
CER_4_4_0,50,Jain,CoalizioniInstabili,-0.784931,6,64,1,1
CER_4_4_0,50,Jain,ForzaIncentivante,0,39,39,1,1
CER_4_4_0,50,Jain,AllineamentoVirtu,-0.0769231,36,42,1,1
CER_4_4_0,50,Jain,ForzaIncentivante_lordo,-0.0769231,36,42,1,1
CER_4_4_0,50,Jain,AllineamentoVirtu_lordo,-0.487179,20,58,1,1
CER_4_4_0,50,Jain,VAN_min_EUR,NaN,NaN,NaN,1,0
CER_4_4_0,50,Gini,MinMax_pro,NaN,NaN,NaN,1,0
CER_4_4_0,50,Gini,MinMax_con,0.282051,50,28,1,1
CER_4_4_0,50,Gini,QoS_orig,0.0769231,42,36,1,1
CER_4_4_0,50,Gini,QoS_new,0.282051,50,28,1,1
CER_4_4_0,50,Gini,EI_orig,1,78,0,1,1
CER_4_4_0,50,Gini,EI_new,0.615385,63,15,1,1
CER_4_4_0,50,Gini,Jain,0.025641,40,38,1,1
CER_4_4_0,50,Gini,Gini,1,NaN,NaN,1,1
CER_4_4_0,50,Gini,FairnessIndex,-0.153846,33,45,1,1
CER_4_4_0,50,Gini,Sigma,-0.153846,33,45,1,1
CER_4_4_0,50,Gini,QuoteNulle,NaN,NaN,NaN,1,0
CER_4_4_0,50,Gini,EccessoMax_EUR,-0.358974,25,53,1,1
CER_4_4_0,50,Gini,CoalizioniInstabili,0,35,35,1,1
CER_4_4_0,50,Gini,ForzaIncentivante,-0.820513,7,71,1,1
CER_4_4_0,50,Gini,AllineamentoVirtu,-0.74359,10,68,1,1
CER_4_4_0,50,Gini,ForzaIncentivante_lordo,-0.74359,10,68,1,1
CER_4_4_0,50,Gini,AllineamentoVirtu_lordo,-0.230769,30,48,1,1
CER_4_4_0,50,Gini,VAN_min_EUR,NaN,NaN,NaN,1,0
CER_4_4_0,50,FairnessIndex,MinMax_pro,NaN,NaN,NaN,1,0
CER_4_4_0,50,FairnessIndex,MinMax_con,-0.564103,17,61,1,1
CER_4_4_0,50,FairnessIndex,QoS_orig,-0.512821,19,59,1,1
CER_4_4_0,50,FairnessIndex,QoS_new,-0.461538,21,57,1,1
CER_4_4_0,50,FairnessIndex,EI_orig,-0.153846,33,45,1,1
CER_4_4_0,50,FairnessIndex,EI_new,-0.230769,30,48,1,1
CER_4_4_0,50,FairnessIndex,Jain,-0.615385,15,63,1,1
CER_4_4_0,50,FairnessIndex,Gini,-0.153846,33,45,1,1
CER_4_4_0,50,FairnessIndex,FairnessIndex,1,NaN,NaN,1,1
CER_4_4_0,50,FairnessIndex,Sigma,1,78,0,1,1
CER_4_4_0,50,FairnessIndex,QuoteNulle,NaN,NaN,NaN,1,0
CER_4_4_0,50,FairnessIndex,EccessoMax_EUR,0.794872,70,8,1,1
CER_4_4_0,50,FairnessIndex,CoalizioniInstabili,0.784931,64,6,1,1
CER_4_4_0,50,FairnessIndex,ForzaIncentivante,0.179487,46,32,1,1
CER_4_4_0,50,FairnessIndex,AllineamentoVirtu,0.25641,49,29,1,1
CER_4_4_0,50,FairnessIndex,ForzaIncentivante_lordo,0.25641,49,29,1,1
CER_4_4_0,50,FairnessIndex,AllineamentoVirtu_lordo,0.410256,55,23,1,1
CER_4_4_0,50,FairnessIndex,VAN_min_EUR,NaN,NaN,NaN,1,0
CER_4_4_0,50,Sigma,MinMax_pro,NaN,NaN,NaN,1,0
CER_4_4_0,50,Sigma,MinMax_con,-0.564103,17,61,1,1
CER_4_4_0,50,Sigma,QoS_orig,-0.512821,19,59,1,1
CER_4_4_0,50,Sigma,QoS_new,-0.461538,21,57,1,1
CER_4_4_0,50,Sigma,EI_orig,-0.153846,33,45,1,1
CER_4_4_0,50,Sigma,EI_new,-0.230769,30,48,1,1
CER_4_4_0,50,Sigma,Jain,-0.615385,15,63,1,1
CER_4_4_0,50,Sigma,Gini,-0.153846,33,45,1,1
CER_4_4_0,50,Sigma,FairnessIndex,1,78,0,1,1
CER_4_4_0,50,Sigma,Sigma,1,NaN,NaN,1,1
CER_4_4_0,50,Sigma,QuoteNulle,NaN,NaN,NaN,1,0
CER_4_4_0,50,Sigma,EccessoMax_EUR,0.794872,70,8,1,1
CER_4_4_0,50,Sigma,CoalizioniInstabili,0.784931,64,6,1,1
CER_4_4_0,50,Sigma,ForzaIncentivante,0.179487,46,32,1,1
CER_4_4_0,50,Sigma,AllineamentoVirtu,0.25641,49,29,1,1
CER_4_4_0,50,Sigma,ForzaIncentivante_lordo,0.25641,49,29,1,1
CER_4_4_0,50,Sigma,AllineamentoVirtu_lordo,0.410256,55,23,1,1
CER_4_4_0,50,Sigma,VAN_min_EUR,NaN,NaN,NaN,1,0
CER_4_4_0,50,QuoteNulle,MinMax_pro,NaN,NaN,NaN,0,0
CER_4_4_0,50,QuoteNulle,MinMax_con,NaN,NaN,NaN,0,1
CER_4_4_0,50,QuoteNulle,QoS_orig,NaN,NaN,NaN,0,1
CER_4_4_0,50,QuoteNulle,QoS_new,NaN,NaN,NaN,0,1
CER_4_4_0,50,QuoteNulle,EI_orig,NaN,NaN,NaN,0,1
CER_4_4_0,50,QuoteNulle,EI_new,NaN,NaN,NaN,0,1
CER_4_4_0,50,QuoteNulle,Jain,NaN,NaN,NaN,0,1
CER_4_4_0,50,QuoteNulle,Gini,NaN,NaN,NaN,0,1
CER_4_4_0,50,QuoteNulle,FairnessIndex,NaN,NaN,NaN,0,1
CER_4_4_0,50,QuoteNulle,Sigma,NaN,NaN,NaN,0,1
CER_4_4_0,50,QuoteNulle,QuoteNulle,1,NaN,NaN,0,0
CER_4_4_0,50,QuoteNulle,EccessoMax_EUR,NaN,NaN,NaN,0,1
CER_4_4_0,50,QuoteNulle,CoalizioniInstabili,NaN,NaN,NaN,0,1
CER_4_4_0,50,QuoteNulle,ForzaIncentivante,NaN,NaN,NaN,0,1
CER_4_4_0,50,QuoteNulle,AllineamentoVirtu,NaN,NaN,NaN,0,1
CER_4_4_0,50,QuoteNulle,ForzaIncentivante_lordo,NaN,NaN,NaN,0,1
CER_4_4_0,50,QuoteNulle,AllineamentoVirtu_lordo,NaN,NaN,NaN,0,1
CER_4_4_0,50,QuoteNulle,VAN_min_EUR,NaN,NaN,NaN,0,0
CER_4_4_0,50,EccessoMax_EUR,MinMax_pro,NaN,NaN,NaN,1,0
CER_4_4_0,50,EccessoMax_EUR,MinMax_con,-0.512821,19,59,1,1
CER_4_4_0,50,EccessoMax_EUR,QoS_orig,-0.461538,21,57,1,1
CER_4_4_0,50,EccessoMax_EUR,QoS_new,-0.410256,23,55,1,1
CER_4_4_0,50,EccessoMax_EUR,EI_orig,-0.358974,25,53,1,1
CER_4_4_0,50,EccessoMax_EUR,EI_new,-0.333333,26,52,1,1
CER_4_4_0,50,EccessoMax_EUR,Jain,-0.564103,17,61,1,1
CER_4_4_0,50,EccessoMax_EUR,Gini,-0.358974,25,53,1,1
CER_4_4_0,50,EccessoMax_EUR,FairnessIndex,0.794872,70,8,1,1
CER_4_4_0,50,EccessoMax_EUR,Sigma,0.794872,70,8,1,1
CER_4_4_0,50,EccessoMax_EUR,QuoteNulle,NaN,NaN,NaN,1,0
CER_4_4_0,50,EccessoMax_EUR,EccessoMax_EUR,1,NaN,NaN,1,1
CER_4_4_0,50,EccessoMax_EUR,CoalizioniInstabili,0.622532,58,12,1,1
CER_4_4_0,50,EccessoMax_EUR,ForzaIncentivante,0.384615,54,24,1,1
CER_4_4_0,50,EccessoMax_EUR,AllineamentoVirtu,0.461538,57,21,1,1
CER_4_4_0,50,EccessoMax_EUR,ForzaIncentivante_lordo,0.461538,57,21,1,1
CER_4_4_0,50,EccessoMax_EUR,AllineamentoVirtu_lordo,0.410256,55,23,1,1
CER_4_4_0,50,EccessoMax_EUR,VAN_min_EUR,NaN,NaN,NaN,1,0
CER_4_4_0,50,CoalizioniInstabili,MinMax_pro,NaN,NaN,NaN,1,0
CER_4_4_0,50,CoalizioniInstabili,MinMax_con,-0.487199,17,53,1,1
CER_4_4_0,50,CoalizioniInstabili,QoS_orig,-0.703732,9,61,1,1
CER_4_4_0,50,CoalizioniInstabili,QoS_new,-0.487199,17,53,1,1
CER_4_4_0,50,CoalizioniInstabili,EI_orig,0,35,35,1,1
CER_4_4_0,50,CoalizioniInstabili,EI_new,-0.0270666,34,36,1,1
CER_4_4_0,50,CoalizioniInstabili,Jain,-0.784931,6,64,1,1
CER_4_4_0,50,CoalizioniInstabili,Gini,0,35,35,1,1
CER_4_4_0,50,CoalizioniInstabili,FairnessIndex,0.784931,64,6,1,1
CER_4_4_0,50,CoalizioniInstabili,Sigma,0.784931,64,6,1,1
CER_4_4_0,50,CoalizioniInstabili,QuoteNulle,NaN,NaN,NaN,1,0
CER_4_4_0,50,CoalizioniInstabili,EccessoMax_EUR,0.622532,58,12,1,1
CER_4_4_0,50,CoalizioniInstabili,CoalizioniInstabili,1,NaN,NaN,1,1
CER_4_4_0,50,CoalizioniInstabili,ForzaIncentivante,0.0270666,36,34,1,1
CER_4_4_0,50,CoalizioniInstabili,AllineamentoVirtu,0.108266,39,31,1,1
CER_4_4_0,50,CoalizioniInstabili,ForzaIncentivante_lordo,0.108266,39,31,1,1
CER_4_4_0,50,CoalizioniInstabili,AllineamentoVirtu_lordo,0.487199,53,17,1,1
CER_4_4_0,50,CoalizioniInstabili,VAN_min_EUR,NaN,NaN,NaN,1,0
CER_4_4_0,50,ForzaIncentivante,MinMax_pro,NaN,NaN,NaN,1,0
CER_4_4_0,50,ForzaIncentivante,MinMax_con,-0.25641,29,49,1,1
CER_4_4_0,50,ForzaIncentivante,QoS_orig,-0.0512821,37,41,1,1
CER_4_4_0,50,ForzaIncentivante,QoS_new,-0.25641,29,49,1,1
CER_4_4_0,50,ForzaIncentivante,EI_orig,-0.820513,7,71,1,1
CER_4_4_0,50,ForzaIncentivante,EI_new,-0.538462,18,60,1,1
CER_4_4_0,50,ForzaIncentivante,Jain,0,39,39,1,1
CER_4_4_0,50,ForzaIncentivante,Gini,-0.820513,7,71,1,1
CER_4_4_0,50,ForzaIncentivante,FairnessIndex,0.179487,46,32,1,1
CER_4_4_0,50,ForzaIncentivante,Sigma,0.179487,46,32,1,1
CER_4_4_0,50,ForzaIncentivante,QuoteNulle,NaN,NaN,NaN,1,0
CER_4_4_0,50,ForzaIncentivante,EccessoMax_EUR,0.384615,54,24,1,1
CER_4_4_0,50,ForzaIncentivante,CoalizioniInstabili,0.0270666,36,34,1,1
CER_4_4_0,50,ForzaIncentivante,ForzaIncentivante,1,NaN,NaN,1,1
CER_4_4_0,50,ForzaIncentivante,AllineamentoVirtu,0.923077,75,3,1,1
CER_4_4_0,50,ForzaIncentivante,ForzaIncentivante_lordo,0.923077,75,3,1,1
CER_4_4_0,50,ForzaIncentivante,AllineamentoVirtu_lordo,0.410256,55,23,1,1
CER_4_4_0,50,ForzaIncentivante,VAN_min_EUR,NaN,NaN,NaN,1,0
CER_4_4_0,50,AllineamentoVirtu,MinMax_pro,NaN,NaN,NaN,1,0
CER_4_4_0,50,AllineamentoVirtu,MinMax_con,-0.179487,32,46,1,1
CER_4_4_0,50,AllineamentoVirtu,QoS_orig,-0.128205,34,44,1,1
CER_4_4_0,50,AllineamentoVirtu,QoS_new,-0.179487,32,46,1,1
CER_4_4_0,50,AllineamentoVirtu,EI_orig,-0.74359,10,68,1,1
CER_4_4_0,50,AllineamentoVirtu,EI_new,-0.461538,21,57,1,1
CER_4_4_0,50,AllineamentoVirtu,Jain,-0.0769231,36,42,1,1
CER_4_4_0,50,AllineamentoVirtu,Gini,-0.74359,10,68,1,1
CER_4_4_0,50,AllineamentoVirtu,FairnessIndex,0.25641,49,29,1,1
CER_4_4_0,50,AllineamentoVirtu,Sigma,0.25641,49,29,1,1
CER_4_4_0,50,AllineamentoVirtu,QuoteNulle,NaN,NaN,NaN,1,0
CER_4_4_0,50,AllineamentoVirtu,EccessoMax_EUR,0.461538,57,21,1,1
CER_4_4_0,50,AllineamentoVirtu,CoalizioniInstabili,0.108266,39,31,1,1
CER_4_4_0,50,AllineamentoVirtu,ForzaIncentivante,0.923077,75,3,1,1
CER_4_4_0,50,AllineamentoVirtu,AllineamentoVirtu,1,NaN,NaN,1,1
CER_4_4_0,50,AllineamentoVirtu,ForzaIncentivante_lordo,1,78,0,1,1
CER_4_4_0,50,AllineamentoVirtu,AllineamentoVirtu_lordo,0.487179,58,20,1,1
CER_4_4_0,50,AllineamentoVirtu,VAN_min_EUR,NaN,NaN,NaN,1,0
CER_4_4_0,50,ForzaIncentivante_lordo,MinMax_pro,NaN,NaN,NaN,1,0
CER_4_4_0,50,ForzaIncentivante_lordo,MinMax_con,-0.179487,32,46,1,1
CER_4_4_0,50,ForzaIncentivante_lordo,QoS_orig,-0.128205,34,44,1,1
CER_4_4_0,50,ForzaIncentivante_lordo,QoS_new,-0.179487,32,46,1,1
CER_4_4_0,50,ForzaIncentivante_lordo,EI_orig,-0.74359,10,68,1,1
CER_4_4_0,50,ForzaIncentivante_lordo,EI_new,-0.461538,21,57,1,1
CER_4_4_0,50,ForzaIncentivante_lordo,Jain,-0.0769231,36,42,1,1
CER_4_4_0,50,ForzaIncentivante_lordo,Gini,-0.74359,10,68,1,1
CER_4_4_0,50,ForzaIncentivante_lordo,FairnessIndex,0.25641,49,29,1,1
CER_4_4_0,50,ForzaIncentivante_lordo,Sigma,0.25641,49,29,1,1
CER_4_4_0,50,ForzaIncentivante_lordo,QuoteNulle,NaN,NaN,NaN,1,0
CER_4_4_0,50,ForzaIncentivante_lordo,EccessoMax_EUR,0.461538,57,21,1,1
CER_4_4_0,50,ForzaIncentivante_lordo,CoalizioniInstabili,0.108266,39,31,1,1
CER_4_4_0,50,ForzaIncentivante_lordo,ForzaIncentivante,0.923077,75,3,1,1
CER_4_4_0,50,ForzaIncentivante_lordo,AllineamentoVirtu,1,78,0,1,1
CER_4_4_0,50,ForzaIncentivante_lordo,ForzaIncentivante_lordo,1,NaN,NaN,1,1
CER_4_4_0,50,ForzaIncentivante_lordo,AllineamentoVirtu_lordo,0.487179,58,20,1,1
CER_4_4_0,50,ForzaIncentivante_lordo,VAN_min_EUR,NaN,NaN,NaN,1,0
CER_4_4_0,50,AllineamentoVirtu_lordo,MinMax_pro,NaN,NaN,NaN,1,0
CER_4_4_0,50,AllineamentoVirtu_lordo,MinMax_con,-0.025641,38,40,1,1
CER_4_4_0,50,AllineamentoVirtu_lordo,QoS_orig,-0.538462,18,60,1,1
CER_4_4_0,50,AllineamentoVirtu_lordo,QoS_new,-0.025641,38,40,1,1
CER_4_4_0,50,AllineamentoVirtu_lordo,EI_orig,-0.230769,30,48,1,1
CER_4_4_0,50,AllineamentoVirtu_lordo,EI_new,0,39,39,1,1
CER_4_4_0,50,AllineamentoVirtu_lordo,Jain,-0.487179,20,58,1,1
CER_4_4_0,50,AllineamentoVirtu_lordo,Gini,-0.230769,30,48,1,1
CER_4_4_0,50,AllineamentoVirtu_lordo,FairnessIndex,0.410256,55,23,1,1
CER_4_4_0,50,AllineamentoVirtu_lordo,Sigma,0.410256,55,23,1,1
CER_4_4_0,50,AllineamentoVirtu_lordo,QuoteNulle,NaN,NaN,NaN,1,0
CER_4_4_0,50,AllineamentoVirtu_lordo,EccessoMax_EUR,0.410256,55,23,1,1
CER_4_4_0,50,AllineamentoVirtu_lordo,CoalizioniInstabili,0.487199,53,17,1,1
CER_4_4_0,50,AllineamentoVirtu_lordo,ForzaIncentivante,0.410256,55,23,1,1
CER_4_4_0,50,AllineamentoVirtu_lordo,AllineamentoVirtu,0.487179,58,20,1,1
CER_4_4_0,50,AllineamentoVirtu_lordo,ForzaIncentivante_lordo,0.487179,58,20,1,1
CER_4_4_0,50,AllineamentoVirtu_lordo,AllineamentoVirtu_lordo,1,NaN,NaN,1,1
CER_4_4_0,50,AllineamentoVirtu_lordo,VAN_min_EUR,NaN,NaN,NaN,1,0
CER_4_4_0,50,VAN_min_EUR,MinMax_pro,NaN,NaN,NaN,0,0
CER_4_4_0,50,VAN_min_EUR,MinMax_con,NaN,NaN,NaN,0,1
CER_4_4_0,50,VAN_min_EUR,QoS_orig,NaN,NaN,NaN,0,1
CER_4_4_0,50,VAN_min_EUR,QoS_new,NaN,NaN,NaN,0,1
CER_4_4_0,50,VAN_min_EUR,EI_orig,NaN,NaN,NaN,0,1
CER_4_4_0,50,VAN_min_EUR,EI_new,NaN,NaN,NaN,0,1
CER_4_4_0,50,VAN_min_EUR,Jain,NaN,NaN,NaN,0,1
CER_4_4_0,50,VAN_min_EUR,Gini,NaN,NaN,NaN,0,1
CER_4_4_0,50,VAN_min_EUR,FairnessIndex,NaN,NaN,NaN,0,1
CER_4_4_0,50,VAN_min_EUR,Sigma,NaN,NaN,NaN,0,1
CER_4_4_0,50,VAN_min_EUR,QuoteNulle,NaN,NaN,NaN,0,0
CER_4_4_0,50,VAN_min_EUR,EccessoMax_EUR,NaN,NaN,NaN,0,1
CER_4_4_0,50,VAN_min_EUR,CoalizioniInstabili,NaN,NaN,NaN,0,1
CER_4_4_0,50,VAN_min_EUR,ForzaIncentivante,NaN,NaN,NaN,0,1
CER_4_4_0,50,VAN_min_EUR,AllineamentoVirtu,NaN,NaN,NaN,0,1
CER_4_4_0,50,VAN_min_EUR,ForzaIncentivante_lordo,NaN,NaN,NaN,0,1
CER_4_4_0,50,VAN_min_EUR,AllineamentoVirtu_lordo,NaN,NaN,NaN,0,1
CER_4_4_0,50,VAN_min_EUR,VAN_min_EUR,1,NaN,NaN,0,0
CER_5_15_0,75,MinMax_pro,MinMax_pro,1,NaN,NaN,0,0
CER_5_15_0,75,MinMax_pro,MinMax_con,NaN,NaN,NaN,0,1
CER_5_15_0,75,MinMax_pro,QoS_orig,NaN,NaN,NaN,0,1
CER_5_15_0,75,MinMax_pro,QoS_new,NaN,NaN,NaN,0,1
CER_5_15_0,75,MinMax_pro,EI_orig,NaN,NaN,NaN,0,1
CER_5_15_0,75,MinMax_pro,EI_new,NaN,NaN,NaN,0,1
CER_5_15_0,75,MinMax_pro,Jain,NaN,NaN,NaN,0,1
CER_5_15_0,75,MinMax_pro,Gini,NaN,NaN,NaN,0,1
CER_5_15_0,75,MinMax_pro,FairnessIndex,NaN,NaN,NaN,0,1
CER_5_15_0,75,MinMax_pro,Sigma,NaN,NaN,NaN,0,1
CER_5_15_0,75,MinMax_pro,QuoteNulle,NaN,NaN,NaN,0,0
CER_5_15_0,75,MinMax_pro,EccessoMax_EUR,NaN,NaN,NaN,0,0
CER_5_15_0,75,MinMax_pro,CoalizioniInstabili,NaN,NaN,NaN,0,0
CER_5_15_0,75,MinMax_pro,ForzaIncentivante,NaN,NaN,NaN,0,1
CER_5_15_0,75,MinMax_pro,AllineamentoVirtu,NaN,NaN,NaN,0,1
CER_5_15_0,75,MinMax_pro,ForzaIncentivante_lordo,NaN,NaN,NaN,0,1
CER_5_15_0,75,MinMax_pro,AllineamentoVirtu_lordo,NaN,NaN,NaN,0,1
CER_5_15_0,75,MinMax_pro,VAN_min_EUR,NaN,NaN,NaN,0,0
CER_5_15_0,75,MinMax_con,MinMax_pro,NaN,NaN,NaN,1,0
CER_5_15_0,75,MinMax_con,MinMax_con,1,NaN,NaN,1,1
CER_5_15_0,75,MinMax_con,QoS_orig,0.487179,58,20,1,1
CER_5_15_0,75,MinMax_con,QoS_new,0.74359,68,10,1,1
CER_5_15_0,75,MinMax_con,EI_orig,0.461538,57,21,1,1
CER_5_15_0,75,MinMax_con,EI_new,0.384615,54,24,1,1
CER_5_15_0,75,MinMax_con,Jain,0.487179,58,20,1,1
CER_5_15_0,75,MinMax_con,Gini,0.461538,57,21,1,1
CER_5_15_0,75,MinMax_con,FairnessIndex,-0.717949,11,67,1,1
CER_5_15_0,75,MinMax_con,Sigma,-0.74359,10,68,1,1
CER_5_15_0,75,MinMax_con,QuoteNulle,NaN,NaN,NaN,1,0
CER_5_15_0,75,MinMax_con,EccessoMax_EUR,NaN,NaN,NaN,1,0
CER_5_15_0,75,MinMax_con,CoalizioniInstabili,NaN,NaN,NaN,1,0
CER_5_15_0,75,MinMax_con,ForzaIncentivante,-0.461538,21,57,1,1
CER_5_15_0,75,MinMax_con,AllineamentoVirtu,-0.410256,23,55,1,1
CER_5_15_0,75,MinMax_con,ForzaIncentivante_lordo,-0.384615,24,54,1,1
CER_5_15_0,75,MinMax_con,AllineamentoVirtu_lordo,-0.384615,24,54,1,1
CER_5_15_0,75,MinMax_con,VAN_min_EUR,NaN,NaN,NaN,1,0
CER_5_15_0,75,QoS_orig,MinMax_pro,NaN,NaN,NaN,1,0
CER_5_15_0,75,QoS_orig,MinMax_con,0.487179,58,20,1,1
CER_5_15_0,75,QoS_orig,QoS_orig,1,NaN,NaN,1,1
CER_5_15_0,75,QoS_orig,QoS_new,0.74359,68,10,1,1
CER_5_15_0,75,QoS_orig,EI_orig,0.923077,75,3,1,1
CER_5_15_0,75,QoS_orig,EI_new,0.384615,54,24,1,1
CER_5_15_0,75,QoS_orig,Jain,1,78,0,1,1
CER_5_15_0,75,QoS_orig,Gini,0.923077,75,3,1,1
CER_5_15_0,75,QoS_orig,FairnessIndex,-0.307692,27,51,1,1
CER_5_15_0,75,QoS_orig,Sigma,-0.333333,26,52,1,1
CER_5_15_0,75,QoS_orig,QuoteNulle,NaN,NaN,NaN,1,0
CER_5_15_0,75,QoS_orig,EccessoMax_EUR,NaN,NaN,NaN,1,0
CER_5_15_0,75,QoS_orig,CoalizioniInstabili,NaN,NaN,NaN,1,0
CER_5_15_0,75,QoS_orig,ForzaIncentivante,-0.974359,1,77,1,1
CER_5_15_0,75,QoS_orig,AllineamentoVirtu,-0.923077,3,75,1,1
CER_5_15_0,75,QoS_orig,ForzaIncentivante_lordo,-0.897436,4,74,1,1
CER_5_15_0,75,QoS_orig,AllineamentoVirtu_lordo,-0.897436,4,74,1,1
CER_5_15_0,75,QoS_orig,VAN_min_EUR,NaN,NaN,NaN,1,0
CER_5_15_0,75,QoS_new,MinMax_pro,NaN,NaN,NaN,1,0
CER_5_15_0,75,QoS_new,MinMax_con,0.74359,68,10,1,1
CER_5_15_0,75,QoS_new,QoS_orig,0.74359,68,10,1,1
CER_5_15_0,75,QoS_new,QoS_new,1,NaN,NaN,1,1
CER_5_15_0,75,QoS_new,EI_orig,0.717949,67,11,1,1
CER_5_15_0,75,QoS_new,EI_new,0.538462,60,18,1,1
CER_5_15_0,75,QoS_new,Jain,0.74359,68,10,1,1
CER_5_15_0,75,QoS_new,Gini,0.717949,67,11,1,1
CER_5_15_0,75,QoS_new,FairnessIndex,-0.512821,19,59,1,1
CER_5_15_0,75,QoS_new,Sigma,-0.538462,18,60,1,1
CER_5_15_0,75,QoS_new,QuoteNulle,NaN,NaN,NaN,1,0
CER_5_15_0,75,QoS_new,EccessoMax_EUR,NaN,NaN,NaN,1,0
CER_5_15_0,75,QoS_new,CoalizioniInstabili,NaN,NaN,NaN,1,0
CER_5_15_0,75,QoS_new,ForzaIncentivante,-0.717949,11,67,1,1
CER_5_15_0,75,QoS_new,AllineamentoVirtu,-0.666667,13,65,1,1
CER_5_15_0,75,QoS_new,ForzaIncentivante_lordo,-0.641026,14,64,1,1
CER_5_15_0,75,QoS_new,AllineamentoVirtu_lordo,-0.641026,14,64,1,1
CER_5_15_0,75,QoS_new,VAN_min_EUR,NaN,NaN,NaN,1,0
CER_5_15_0,75,EI_orig,MinMax_pro,NaN,NaN,NaN,1,0
CER_5_15_0,75,EI_orig,MinMax_con,0.461538,57,21,1,1
CER_5_15_0,75,EI_orig,QoS_orig,0.923077,75,3,1,1
CER_5_15_0,75,EI_orig,QoS_new,0.717949,67,11,1,1
CER_5_15_0,75,EI_orig,EI_orig,1,NaN,NaN,1,1
CER_5_15_0,75,EI_orig,EI_new,0.461538,57,21,1,1
CER_5_15_0,75,EI_orig,Jain,0.923077,75,3,1,1
CER_5_15_0,75,EI_orig,Gini,1,78,0,1,1
CER_5_15_0,75,EI_orig,FairnessIndex,-0.282051,28,50,1,1
CER_5_15_0,75,EI_orig,Sigma,-0.25641,29,49,1,1
CER_5_15_0,75,EI_orig,QuoteNulle,NaN,NaN,NaN,1,0
CER_5_15_0,75,EI_orig,EccessoMax_EUR,NaN,NaN,NaN,1,0
CER_5_15_0,75,EI_orig,CoalizioniInstabili,NaN,NaN,NaN,1,0
CER_5_15_0,75,EI_orig,ForzaIncentivante,-0.948718,2,76,1,1
CER_5_15_0,75,EI_orig,AllineamentoVirtu,-0.897436,4,74,1,1
CER_5_15_0,75,EI_orig,ForzaIncentivante_lordo,-0.871795,5,73,1,1
CER_5_15_0,75,EI_orig,AllineamentoVirtu_lordo,-0.871795,5,73,1,1
CER_5_15_0,75,EI_orig,VAN_min_EUR,NaN,NaN,NaN,1,0
CER_5_15_0,75,EI_new,MinMax_pro,NaN,NaN,NaN,1,0
CER_5_15_0,75,EI_new,MinMax_con,0.384615,54,24,1,1
CER_5_15_0,75,EI_new,QoS_orig,0.384615,54,24,1,1
CER_5_15_0,75,EI_new,QoS_new,0.538462,60,18,1,1
CER_5_15_0,75,EI_new,EI_orig,0.461538,57,21,1,1
CER_5_15_0,75,EI_new,EI_new,1,NaN,NaN,1,1
CER_5_15_0,75,EI_new,Jain,0.384615,54,24,1,1
CER_5_15_0,75,EI_new,Gini,0.461538,57,21,1,1
CER_5_15_0,75,EI_new,FairnessIndex,-0.25641,29,49,1,1
CER_5_15_0,75,EI_new,Sigma,-0.230769,30,48,1,1
CER_5_15_0,75,EI_new,QuoteNulle,NaN,NaN,NaN,1,0
CER_5_15_0,75,EI_new,EccessoMax_EUR,NaN,NaN,NaN,1,0
CER_5_15_0,75,EI_new,CoalizioniInstabili,NaN,NaN,NaN,1,0
CER_5_15_0,75,EI_new,ForzaIncentivante,-0.410256,23,55,1,1
CER_5_15_0,75,EI_new,AllineamentoVirtu,-0.358974,25,53,1,1
CER_5_15_0,75,EI_new,ForzaIncentivante_lordo,-0.384615,24,54,1,1
CER_5_15_0,75,EI_new,AllineamentoVirtu_lordo,-0.333333,26,52,1,1
CER_5_15_0,75,EI_new,VAN_min_EUR,NaN,NaN,NaN,1,0
CER_5_15_0,75,Jain,MinMax_pro,NaN,NaN,NaN,1,0
CER_5_15_0,75,Jain,MinMax_con,0.487179,58,20,1,1
CER_5_15_0,75,Jain,QoS_orig,1,78,0,1,1
CER_5_15_0,75,Jain,QoS_new,0.74359,68,10,1,1
CER_5_15_0,75,Jain,EI_orig,0.923077,75,3,1,1
CER_5_15_0,75,Jain,EI_new,0.384615,54,24,1,1
CER_5_15_0,75,Jain,Jain,1,NaN,NaN,1,1
CER_5_15_0,75,Jain,Gini,0.923077,75,3,1,1
CER_5_15_0,75,Jain,FairnessIndex,-0.307692,27,51,1,1
CER_5_15_0,75,Jain,Sigma,-0.333333,26,52,1,1
CER_5_15_0,75,Jain,QuoteNulle,NaN,NaN,NaN,1,0
CER_5_15_0,75,Jain,EccessoMax_EUR,NaN,NaN,NaN,1,0
CER_5_15_0,75,Jain,CoalizioniInstabili,NaN,NaN,NaN,1,0
CER_5_15_0,75,Jain,ForzaIncentivante,-0.974359,1,77,1,1
CER_5_15_0,75,Jain,AllineamentoVirtu,-0.923077,3,75,1,1
CER_5_15_0,75,Jain,ForzaIncentivante_lordo,-0.897436,4,74,1,1
CER_5_15_0,75,Jain,AllineamentoVirtu_lordo,-0.897436,4,74,1,1
CER_5_15_0,75,Jain,VAN_min_EUR,NaN,NaN,NaN,1,0
CER_5_15_0,75,Gini,MinMax_pro,NaN,NaN,NaN,1,0
CER_5_15_0,75,Gini,MinMax_con,0.461538,57,21,1,1
CER_5_15_0,75,Gini,QoS_orig,0.923077,75,3,1,1
CER_5_15_0,75,Gini,QoS_new,0.717949,67,11,1,1
CER_5_15_0,75,Gini,EI_orig,1,78,0,1,1
CER_5_15_0,75,Gini,EI_new,0.461538,57,21,1,1
CER_5_15_0,75,Gini,Jain,0.923077,75,3,1,1
CER_5_15_0,75,Gini,Gini,1,NaN,NaN,1,1
CER_5_15_0,75,Gini,FairnessIndex,-0.282051,28,50,1,1
CER_5_15_0,75,Gini,Sigma,-0.25641,29,49,1,1
CER_5_15_0,75,Gini,QuoteNulle,NaN,NaN,NaN,1,0
CER_5_15_0,75,Gini,EccessoMax_EUR,NaN,NaN,NaN,1,0
CER_5_15_0,75,Gini,CoalizioniInstabili,NaN,NaN,NaN,1,0
CER_5_15_0,75,Gini,ForzaIncentivante,-0.948718,2,76,1,1
CER_5_15_0,75,Gini,AllineamentoVirtu,-0.897436,4,74,1,1
CER_5_15_0,75,Gini,ForzaIncentivante_lordo,-0.871795,5,73,1,1
CER_5_15_0,75,Gini,AllineamentoVirtu_lordo,-0.871795,5,73,1,1
CER_5_15_0,75,Gini,VAN_min_EUR,NaN,NaN,NaN,1,0
CER_5_15_0,75,FairnessIndex,MinMax_pro,NaN,NaN,NaN,1,0
CER_5_15_0,75,FairnessIndex,MinMax_con,-0.717949,11,67,1,1
CER_5_15_0,75,FairnessIndex,QoS_orig,-0.307692,27,51,1,1
CER_5_15_0,75,FairnessIndex,QoS_new,-0.512821,19,59,1,1
CER_5_15_0,75,FairnessIndex,EI_orig,-0.282051,28,50,1,1
CER_5_15_0,75,FairnessIndex,EI_new,-0.25641,29,49,1,1
CER_5_15_0,75,FairnessIndex,Jain,-0.307692,27,51,1,1
CER_5_15_0,75,FairnessIndex,Gini,-0.282051,28,50,1,1
CER_5_15_0,75,FairnessIndex,FairnessIndex,1,NaN,NaN,1,1
CER_5_15_0,75,FairnessIndex,Sigma,0.974359,77,1,1,1
CER_5_15_0,75,FairnessIndex,QuoteNulle,NaN,NaN,NaN,1,0
CER_5_15_0,75,FairnessIndex,EccessoMax_EUR,NaN,NaN,NaN,1,0
CER_5_15_0,75,FairnessIndex,CoalizioniInstabili,NaN,NaN,NaN,1,0
CER_5_15_0,75,FairnessIndex,ForzaIncentivante,0.333333,52,26,1,1
CER_5_15_0,75,FairnessIndex,AllineamentoVirtu,0.333333,52,26,1,1
CER_5_15_0,75,FairnessIndex,ForzaIncentivante_lordo,0.25641,49,29,1,1
CER_5_15_0,75,FairnessIndex,AllineamentoVirtu_lordo,0.25641,49,29,1,1
CER_5_15_0,75,FairnessIndex,VAN_min_EUR,NaN,NaN,NaN,1,0
CER_5_15_0,75,Sigma,MinMax_pro,NaN,NaN,NaN,1,0
CER_5_15_0,75,Sigma,MinMax_con,-0.74359,10,68,1,1
CER_5_15_0,75,Sigma,QoS_orig,-0.333333,26,52,1,1
CER_5_15_0,75,Sigma,QoS_new,-0.538462,18,60,1,1
CER_5_15_0,75,Sigma,EI_orig,-0.25641,29,49,1,1
CER_5_15_0,75,Sigma,EI_new,-0.230769,30,48,1,1
CER_5_15_0,75,Sigma,Jain,-0.333333,26,52,1,1
CER_5_15_0,75,Sigma,Gini,-0.25641,29,49,1,1
CER_5_15_0,75,Sigma,FairnessIndex,0.974359,77,1,1,1
CER_5_15_0,75,Sigma,Sigma,1,NaN,NaN,1,1
CER_5_15_0,75,Sigma,QuoteNulle,NaN,NaN,NaN,1,0
CER_5_15_0,75,Sigma,EccessoMax_EUR,NaN,NaN,NaN,1,0
CER_5_15_0,75,Sigma,CoalizioniInstabili,NaN,NaN,NaN,1,0
CER_5_15_0,75,Sigma,ForzaIncentivante,0.307692,51,27,1,1
CER_5_15_0,75,Sigma,AllineamentoVirtu,0.307692,51,27,1,1
CER_5_15_0,75,Sigma,ForzaIncentivante_lordo,0.230769,48,30,1,1
CER_5_15_0,75,Sigma,AllineamentoVirtu_lordo,0.230769,48,30,1,1
CER_5_15_0,75,Sigma,VAN_min_EUR,NaN,NaN,NaN,1,0
CER_5_15_0,75,QuoteNulle,MinMax_pro,NaN,NaN,NaN,0,0
CER_5_15_0,75,QuoteNulle,MinMax_con,NaN,NaN,NaN,0,1
CER_5_15_0,75,QuoteNulle,QoS_orig,NaN,NaN,NaN,0,1
CER_5_15_0,75,QuoteNulle,QoS_new,NaN,NaN,NaN,0,1
CER_5_15_0,75,QuoteNulle,EI_orig,NaN,NaN,NaN,0,1
CER_5_15_0,75,QuoteNulle,EI_new,NaN,NaN,NaN,0,1
CER_5_15_0,75,QuoteNulle,Jain,NaN,NaN,NaN,0,1
CER_5_15_0,75,QuoteNulle,Gini,NaN,NaN,NaN,0,1
CER_5_15_0,75,QuoteNulle,FairnessIndex,NaN,NaN,NaN,0,1
CER_5_15_0,75,QuoteNulle,Sigma,NaN,NaN,NaN,0,1
CER_5_15_0,75,QuoteNulle,QuoteNulle,1,NaN,NaN,0,0
CER_5_15_0,75,QuoteNulle,EccessoMax_EUR,NaN,NaN,NaN,0,0
CER_5_15_0,75,QuoteNulle,CoalizioniInstabili,NaN,NaN,NaN,0,0
CER_5_15_0,75,QuoteNulle,ForzaIncentivante,NaN,NaN,NaN,0,1
CER_5_15_0,75,QuoteNulle,AllineamentoVirtu,NaN,NaN,NaN,0,1
CER_5_15_0,75,QuoteNulle,ForzaIncentivante_lordo,NaN,NaN,NaN,0,1
CER_5_15_0,75,QuoteNulle,AllineamentoVirtu_lordo,NaN,NaN,NaN,0,1
CER_5_15_0,75,QuoteNulle,VAN_min_EUR,NaN,NaN,NaN,0,0
CER_5_15_0,75,EccessoMax_EUR,MinMax_pro,NaN,NaN,NaN,0,0
CER_5_15_0,75,EccessoMax_EUR,MinMax_con,NaN,NaN,NaN,0,1
CER_5_15_0,75,EccessoMax_EUR,QoS_orig,NaN,NaN,NaN,0,1
CER_5_15_0,75,EccessoMax_EUR,QoS_new,NaN,NaN,NaN,0,1
CER_5_15_0,75,EccessoMax_EUR,EI_orig,NaN,NaN,NaN,0,1
CER_5_15_0,75,EccessoMax_EUR,EI_new,NaN,NaN,NaN,0,1
CER_5_15_0,75,EccessoMax_EUR,Jain,NaN,NaN,NaN,0,1
CER_5_15_0,75,EccessoMax_EUR,Gini,NaN,NaN,NaN,0,1
CER_5_15_0,75,EccessoMax_EUR,FairnessIndex,NaN,NaN,NaN,0,1
CER_5_15_0,75,EccessoMax_EUR,Sigma,NaN,NaN,NaN,0,1
CER_5_15_0,75,EccessoMax_EUR,QuoteNulle,NaN,NaN,NaN,0,0
CER_5_15_0,75,EccessoMax_EUR,EccessoMax_EUR,1,NaN,NaN,0,0
CER_5_15_0,75,EccessoMax_EUR,CoalizioniInstabili,NaN,NaN,NaN,0,0
CER_5_15_0,75,EccessoMax_EUR,ForzaIncentivante,NaN,NaN,NaN,0,1
CER_5_15_0,75,EccessoMax_EUR,AllineamentoVirtu,NaN,NaN,NaN,0,1
CER_5_15_0,75,EccessoMax_EUR,ForzaIncentivante_lordo,NaN,NaN,NaN,0,1
CER_5_15_0,75,EccessoMax_EUR,AllineamentoVirtu_lordo,NaN,NaN,NaN,0,1
CER_5_15_0,75,EccessoMax_EUR,VAN_min_EUR,NaN,NaN,NaN,0,0
CER_5_15_0,75,CoalizioniInstabili,MinMax_pro,NaN,NaN,NaN,0,0
CER_5_15_0,75,CoalizioniInstabili,MinMax_con,NaN,NaN,NaN,0,1
CER_5_15_0,75,CoalizioniInstabili,QoS_orig,NaN,NaN,NaN,0,1
CER_5_15_0,75,CoalizioniInstabili,QoS_new,NaN,NaN,NaN,0,1
CER_5_15_0,75,CoalizioniInstabili,EI_orig,NaN,NaN,NaN,0,1
CER_5_15_0,75,CoalizioniInstabili,EI_new,NaN,NaN,NaN,0,1
CER_5_15_0,75,CoalizioniInstabili,Jain,NaN,NaN,NaN,0,1
CER_5_15_0,75,CoalizioniInstabili,Gini,NaN,NaN,NaN,0,1
CER_5_15_0,75,CoalizioniInstabili,FairnessIndex,NaN,NaN,NaN,0,1
CER_5_15_0,75,CoalizioniInstabili,Sigma,NaN,NaN,NaN,0,1
CER_5_15_0,75,CoalizioniInstabili,QuoteNulle,NaN,NaN,NaN,0,0
CER_5_15_0,75,CoalizioniInstabili,EccessoMax_EUR,NaN,NaN,NaN,0,0
CER_5_15_0,75,CoalizioniInstabili,CoalizioniInstabili,1,NaN,NaN,0,0
CER_5_15_0,75,CoalizioniInstabili,ForzaIncentivante,NaN,NaN,NaN,0,1
CER_5_15_0,75,CoalizioniInstabili,AllineamentoVirtu,NaN,NaN,NaN,0,1
CER_5_15_0,75,CoalizioniInstabili,ForzaIncentivante_lordo,NaN,NaN,NaN,0,1
CER_5_15_0,75,CoalizioniInstabili,AllineamentoVirtu_lordo,NaN,NaN,NaN,0,1
CER_5_15_0,75,CoalizioniInstabili,VAN_min_EUR,NaN,NaN,NaN,0,0
CER_5_15_0,75,ForzaIncentivante,MinMax_pro,NaN,NaN,NaN,1,0
CER_5_15_0,75,ForzaIncentivante,MinMax_con,-0.461538,21,57,1,1
CER_5_15_0,75,ForzaIncentivante,QoS_orig,-0.974359,1,77,1,1
CER_5_15_0,75,ForzaIncentivante,QoS_new,-0.717949,11,67,1,1
CER_5_15_0,75,ForzaIncentivante,EI_orig,-0.948718,2,76,1,1
CER_5_15_0,75,ForzaIncentivante,EI_new,-0.410256,23,55,1,1
CER_5_15_0,75,ForzaIncentivante,Jain,-0.974359,1,77,1,1
CER_5_15_0,75,ForzaIncentivante,Gini,-0.948718,2,76,1,1
CER_5_15_0,75,ForzaIncentivante,FairnessIndex,0.333333,52,26,1,1
CER_5_15_0,75,ForzaIncentivante,Sigma,0.307692,51,27,1,1
CER_5_15_0,75,ForzaIncentivante,QuoteNulle,NaN,NaN,NaN,1,0
CER_5_15_0,75,ForzaIncentivante,EccessoMax_EUR,NaN,NaN,NaN,1,0
CER_5_15_0,75,ForzaIncentivante,CoalizioniInstabili,NaN,NaN,NaN,1,0
CER_5_15_0,75,ForzaIncentivante,ForzaIncentivante,1,NaN,NaN,1,1
CER_5_15_0,75,ForzaIncentivante,AllineamentoVirtu,0.948718,76,2,1,1
CER_5_15_0,75,ForzaIncentivante,ForzaIncentivante_lordo,0.923077,75,3,1,1
CER_5_15_0,75,ForzaIncentivante,AllineamentoVirtu_lordo,0.923077,75,3,1,1
CER_5_15_0,75,ForzaIncentivante,VAN_min_EUR,NaN,NaN,NaN,1,0
CER_5_15_0,75,AllineamentoVirtu,MinMax_pro,NaN,NaN,NaN,1,0
CER_5_15_0,75,AllineamentoVirtu,MinMax_con,-0.410256,23,55,1,1
CER_5_15_0,75,AllineamentoVirtu,QoS_orig,-0.923077,3,75,1,1
CER_5_15_0,75,AllineamentoVirtu,QoS_new,-0.666667,13,65,1,1
CER_5_15_0,75,AllineamentoVirtu,EI_orig,-0.897436,4,74,1,1
CER_5_15_0,75,AllineamentoVirtu,EI_new,-0.358974,25,53,1,1
CER_5_15_0,75,AllineamentoVirtu,Jain,-0.923077,3,75,1,1
CER_5_15_0,75,AllineamentoVirtu,Gini,-0.897436,4,74,1,1
CER_5_15_0,75,AllineamentoVirtu,FairnessIndex,0.333333,52,26,1,1
CER_5_15_0,75,AllineamentoVirtu,Sigma,0.307692,51,27,1,1
CER_5_15_0,75,AllineamentoVirtu,QuoteNulle,NaN,NaN,NaN,1,0
CER_5_15_0,75,AllineamentoVirtu,EccessoMax_EUR,NaN,NaN,NaN,1,0
CER_5_15_0,75,AllineamentoVirtu,CoalizioniInstabili,NaN,NaN,NaN,1,0
CER_5_15_0,75,AllineamentoVirtu,ForzaIncentivante,0.948718,76,2,1,1
CER_5_15_0,75,AllineamentoVirtu,AllineamentoVirtu,1,NaN,NaN,1,1
CER_5_15_0,75,AllineamentoVirtu,ForzaIncentivante_lordo,0.923077,75,3,1,1
CER_5_15_0,75,AllineamentoVirtu,AllineamentoVirtu_lordo,0.923077,75,3,1,1
CER_5_15_0,75,AllineamentoVirtu,VAN_min_EUR,NaN,NaN,NaN,1,0
CER_5_15_0,75,ForzaIncentivante_lordo,MinMax_pro,NaN,NaN,NaN,1,0
CER_5_15_0,75,ForzaIncentivante_lordo,MinMax_con,-0.384615,24,54,1,1
CER_5_15_0,75,ForzaIncentivante_lordo,QoS_orig,-0.897436,4,74,1,1
CER_5_15_0,75,ForzaIncentivante_lordo,QoS_new,-0.641026,14,64,1,1
CER_5_15_0,75,ForzaIncentivante_lordo,EI_orig,-0.871795,5,73,1,1
CER_5_15_0,75,ForzaIncentivante_lordo,EI_new,-0.384615,24,54,1,1
CER_5_15_0,75,ForzaIncentivante_lordo,Jain,-0.897436,4,74,1,1
CER_5_15_0,75,ForzaIncentivante_lordo,Gini,-0.871795,5,73,1,1
CER_5_15_0,75,ForzaIncentivante_lordo,FairnessIndex,0.25641,49,29,1,1
CER_5_15_0,75,ForzaIncentivante_lordo,Sigma,0.230769,48,30,1,1
CER_5_15_0,75,ForzaIncentivante_lordo,QuoteNulle,NaN,NaN,NaN,1,0
CER_5_15_0,75,ForzaIncentivante_lordo,EccessoMax_EUR,NaN,NaN,NaN,1,0
CER_5_15_0,75,ForzaIncentivante_lordo,CoalizioniInstabili,NaN,NaN,NaN,1,0
CER_5_15_0,75,ForzaIncentivante_lordo,ForzaIncentivante,0.923077,75,3,1,1
CER_5_15_0,75,ForzaIncentivante_lordo,AllineamentoVirtu,0.923077,75,3,1,1
CER_5_15_0,75,ForzaIncentivante_lordo,ForzaIncentivante_lordo,1,NaN,NaN,1,1
CER_5_15_0,75,ForzaIncentivante_lordo,AllineamentoVirtu_lordo,0.948718,76,2,1,1
CER_5_15_0,75,ForzaIncentivante_lordo,VAN_min_EUR,NaN,NaN,NaN,1,0
CER_5_15_0,75,AllineamentoVirtu_lordo,MinMax_pro,NaN,NaN,NaN,1,0
CER_5_15_0,75,AllineamentoVirtu_lordo,MinMax_con,-0.384615,24,54,1,1
CER_5_15_0,75,AllineamentoVirtu_lordo,QoS_orig,-0.897436,4,74,1,1
CER_5_15_0,75,AllineamentoVirtu_lordo,QoS_new,-0.641026,14,64,1,1
CER_5_15_0,75,AllineamentoVirtu_lordo,EI_orig,-0.871795,5,73,1,1
CER_5_15_0,75,AllineamentoVirtu_lordo,EI_new,-0.333333,26,52,1,1
CER_5_15_0,75,AllineamentoVirtu_lordo,Jain,-0.897436,4,74,1,1
CER_5_15_0,75,AllineamentoVirtu_lordo,Gini,-0.871795,5,73,1,1
CER_5_15_0,75,AllineamentoVirtu_lordo,FairnessIndex,0.25641,49,29,1,1
CER_5_15_0,75,AllineamentoVirtu_lordo,Sigma,0.230769,48,30,1,1
CER_5_15_0,75,AllineamentoVirtu_lordo,QuoteNulle,NaN,NaN,NaN,1,0
CER_5_15_0,75,AllineamentoVirtu_lordo,EccessoMax_EUR,NaN,NaN,NaN,1,0
CER_5_15_0,75,AllineamentoVirtu_lordo,CoalizioniInstabili,NaN,NaN,NaN,1,0
CER_5_15_0,75,AllineamentoVirtu_lordo,ForzaIncentivante,0.923077,75,3,1,1
CER_5_15_0,75,AllineamentoVirtu_lordo,AllineamentoVirtu,0.923077,75,3,1,1
CER_5_15_0,75,AllineamentoVirtu_lordo,ForzaIncentivante_lordo,0.948718,76,2,1,1
CER_5_15_0,75,AllineamentoVirtu_lordo,AllineamentoVirtu_lordo,1,NaN,NaN,1,1
CER_5_15_0,75,AllineamentoVirtu_lordo,VAN_min_EUR,NaN,NaN,NaN,1,0
CER_5_15_0,75,VAN_min_EUR,MinMax_pro,NaN,NaN,NaN,0,0
CER_5_15_0,75,VAN_min_EUR,MinMax_con,NaN,NaN,NaN,0,1
CER_5_15_0,75,VAN_min_EUR,QoS_orig,NaN,NaN,NaN,0,1
CER_5_15_0,75,VAN_min_EUR,QoS_new,NaN,NaN,NaN,0,1
CER_5_15_0,75,VAN_min_EUR,EI_orig,NaN,NaN,NaN,0,1
CER_5_15_0,75,VAN_min_EUR,EI_new,NaN,NaN,NaN,0,1
CER_5_15_0,75,VAN_min_EUR,Jain,NaN,NaN,NaN,0,1
CER_5_15_0,75,VAN_min_EUR,Gini,NaN,NaN,NaN,0,1
CER_5_15_0,75,VAN_min_EUR,FairnessIndex,NaN,NaN,NaN,0,1
CER_5_15_0,75,VAN_min_EUR,Sigma,NaN,NaN,NaN,0,1
CER_5_15_0,75,VAN_min_EUR,QuoteNulle,NaN,NaN,NaN,0,0
CER_5_15_0,75,VAN_min_EUR,EccessoMax_EUR,NaN,NaN,NaN,0,0
CER_5_15_0,75,VAN_min_EUR,CoalizioniInstabili,NaN,NaN,NaN,0,0
CER_5_15_0,75,VAN_min_EUR,ForzaIncentivante,NaN,NaN,NaN,0,1
CER_5_15_0,75,VAN_min_EUR,AllineamentoVirtu,NaN,NaN,NaN,0,1
CER_5_15_0,75,VAN_min_EUR,ForzaIncentivante_lordo,NaN,NaN,NaN,0,1
CER_5_15_0,75,VAN_min_EUR,AllineamentoVirtu_lordo,NaN,NaN,NaN,0,1
CER_5_15_0,75,VAN_min_EUR,VAN_min_EUR,1,NaN,NaN,0,0
CER_5_5_0,50,MinMax_pro,MinMax_pro,1,NaN,NaN,0,0
CER_5_5_0,50,MinMax_pro,MinMax_con,NaN,NaN,NaN,0,1
CER_5_5_0,50,MinMax_pro,QoS_orig,NaN,NaN,NaN,0,1
CER_5_5_0,50,MinMax_pro,QoS_new,NaN,NaN,NaN,0,1
CER_5_5_0,50,MinMax_pro,EI_orig,NaN,NaN,NaN,0,1
CER_5_5_0,50,MinMax_pro,EI_new,NaN,NaN,NaN,0,1
CER_5_5_0,50,MinMax_pro,Jain,NaN,NaN,NaN,0,1
CER_5_5_0,50,MinMax_pro,Gini,NaN,NaN,NaN,0,1
CER_5_5_0,50,MinMax_pro,FairnessIndex,NaN,NaN,NaN,0,1
CER_5_5_0,50,MinMax_pro,Sigma,NaN,NaN,NaN,0,1
CER_5_5_0,50,MinMax_pro,QuoteNulle,NaN,NaN,NaN,0,0
CER_5_5_0,50,MinMax_pro,EccessoMax_EUR,NaN,NaN,NaN,0,1
CER_5_5_0,50,MinMax_pro,CoalizioniInstabili,NaN,NaN,NaN,0,1
CER_5_5_0,50,MinMax_pro,ForzaIncentivante,NaN,NaN,NaN,0,1
CER_5_5_0,50,MinMax_pro,AllineamentoVirtu,NaN,NaN,NaN,0,1
CER_5_5_0,50,MinMax_pro,ForzaIncentivante_lordo,NaN,NaN,NaN,0,1
CER_5_5_0,50,MinMax_pro,AllineamentoVirtu_lordo,NaN,NaN,NaN,0,1
CER_5_5_0,50,MinMax_pro,VAN_min_EUR,NaN,NaN,NaN,0,0
CER_5_5_0,50,MinMax_con,MinMax_pro,NaN,NaN,NaN,1,0
CER_5_5_0,50,MinMax_con,MinMax_con,1,NaN,NaN,1,1
CER_5_5_0,50,MinMax_con,QoS_orig,0.692308,66,12,1,1
CER_5_5_0,50,MinMax_con,QoS_new,0.974359,77,1,1,1
CER_5_5_0,50,MinMax_con,EI_orig,0.282051,50,28,1,1
CER_5_5_0,50,MinMax_con,EI_new,0.25641,49,29,1,1
CER_5_5_0,50,MinMax_con,Jain,0.692308,66,12,1,1
CER_5_5_0,50,MinMax_con,Gini,0.282051,50,28,1,1
CER_5_5_0,50,MinMax_con,FairnessIndex,-0.564103,17,61,1,1
CER_5_5_0,50,MinMax_con,Sigma,-0.564103,17,61,1,1
CER_5_5_0,50,MinMax_con,QuoteNulle,NaN,NaN,NaN,1,0
CER_5_5_0,50,MinMax_con,EccessoMax_EUR,-0.615385,15,63,1,1
CER_5_5_0,50,MinMax_con,CoalizioniInstabili,-0.374201,24,53,1,1
CER_5_5_0,50,MinMax_con,ForzaIncentivante,-0.25641,29,49,1,1
CER_5_5_0,50,MinMax_con,AllineamentoVirtu,-0.179487,32,46,1,1
CER_5_5_0,50,MinMax_con,ForzaIncentivante_lordo,-0.153846,33,45,1,1
CER_5_5_0,50,MinMax_con,AllineamentoVirtu_lordo,-0.205128,31,47,1,1
CER_5_5_0,50,MinMax_con,VAN_min_EUR,NaN,NaN,NaN,1,0
CER_5_5_0,50,QoS_orig,MinMax_pro,NaN,NaN,NaN,1,0
CER_5_5_0,50,QoS_orig,MinMax_con,0.692308,66,12,1,1
CER_5_5_0,50,QoS_orig,QoS_orig,1,NaN,NaN,1,1
CER_5_5_0,50,QoS_orig,QoS_new,0.666667,65,13,1,1
CER_5_5_0,50,QoS_orig,EI_orig,0.333333,52,26,1,1
CER_5_5_0,50,QoS_orig,EI_new,0.461538,57,21,1,1
CER_5_5_0,50,QoS_orig,Jain,1,78,0,1,1
CER_5_5_0,50,QoS_orig,Gini,0.333333,52,26,1,1
CER_5_5_0,50,QoS_orig,FairnessIndex,-0.666667,13,65,1,1
CER_5_5_0,50,QoS_orig,Sigma,-0.666667,13,65,1,1
CER_5_5_0,50,QoS_orig,QuoteNulle,NaN,NaN,NaN,1,0
CER_5_5_0,50,QoS_orig,EccessoMax_EUR,-0.769231,9,69,1,1
CER_5_5_0,50,QoS_orig,CoalizioniInstabili,-0.477429,20,57,1,1
CER_5_5_0,50,QoS_orig,ForzaIncentivante,-0.307692,27,51,1,1
CER_5_5_0,50,QoS_orig,AllineamentoVirtu,-0.333333,26,52,1,1
CER_5_5_0,50,QoS_orig,ForzaIncentivante_lordo,-0.358974,25,53,1,1
CER_5_5_0,50,QoS_orig,AllineamentoVirtu_lordo,-0.512821,19,59,1,1
CER_5_5_0,50,QoS_orig,VAN_min_EUR,NaN,NaN,NaN,1,0
CER_5_5_0,50,QoS_new,MinMax_pro,NaN,NaN,NaN,1,0
CER_5_5_0,50,QoS_new,MinMax_con,0.974359,77,1,1,1
CER_5_5_0,50,QoS_new,QoS_orig,0.666667,65,13,1,1
CER_5_5_0,50,QoS_new,QoS_new,1,NaN,NaN,1,1
CER_5_5_0,50,QoS_new,EI_orig,0.307692,51,27,1,1
CER_5_5_0,50,QoS_new,EI_new,0.282051,50,28,1,1
CER_5_5_0,50,QoS_new,Jain,0.666667,65,13,1,1
CER_5_5_0,50,QoS_new,Gini,0.307692,51,27,1,1
CER_5_5_0,50,QoS_new,FairnessIndex,-0.538462,18,60,1,1
CER_5_5_0,50,QoS_new,Sigma,-0.538462,18,60,1,1
CER_5_5_0,50,QoS_new,QuoteNulle,NaN,NaN,NaN,1,0
CER_5_5_0,50,QoS_new,EccessoMax_EUR,-0.589744,16,62,1,1
CER_5_5_0,50,QoS_new,CoalizioniInstabili,-0.348394,25,52,1,1
CER_5_5_0,50,QoS_new,ForzaIncentivante,-0.282051,28,50,1,1
CER_5_5_0,50,QoS_new,AllineamentoVirtu,-0.205128,31,47,1,1
CER_5_5_0,50,QoS_new,ForzaIncentivante_lordo,-0.179487,32,46,1,1
CER_5_5_0,50,QoS_new,AllineamentoVirtu_lordo,-0.179487,32,46,1,1
CER_5_5_0,50,QoS_new,VAN_min_EUR,NaN,NaN,NaN,1,0
CER_5_5_0,50,EI_orig,MinMax_pro,NaN,NaN,NaN,1,0
CER_5_5_0,50,EI_orig,MinMax_con,0.282051,50,28,1,1
CER_5_5_0,50,EI_orig,QoS_orig,0.333333,52,26,1,1
CER_5_5_0,50,EI_orig,QoS_new,0.307692,51,27,1,1
CER_5_5_0,50,EI_orig,EI_orig,1,NaN,NaN,1,1
CER_5_5_0,50,EI_orig,EI_new,0.410256,55,23,1,1
CER_5_5_0,50,EI_orig,Jain,0.333333,52,26,1,1
CER_5_5_0,50,EI_orig,Gini,1,78,0,1,1
CER_5_5_0,50,EI_orig,FairnessIndex,-0.153846,33,45,1,1
CER_5_5_0,50,EI_orig,Sigma,-0.102564,35,43,1,1
CER_5_5_0,50,EI_orig,QuoteNulle,NaN,NaN,NaN,1,0
CER_5_5_0,50,EI_orig,EccessoMax_EUR,-0.307692,27,51,1,1
CER_5_5_0,50,EI_orig,CoalizioniInstabili,-0.0129035,38,39,1,1
CER_5_5_0,50,EI_orig,ForzaIncentivante,-0.820513,7,71,1,1
CER_5_5_0,50,EI_orig,AllineamentoVirtu,-0.74359,10,68,1,1
CER_5_5_0,50,EI_orig,ForzaIncentivante_lordo,-0.717949,11,67,1,1
CER_5_5_0,50,EI_orig,AllineamentoVirtu_lordo,-0.410256,23,55,1,1
CER_5_5_0,50,EI_orig,VAN_min_EUR,NaN,NaN,NaN,1,0
CER_5_5_0,50,EI_new,MinMax_pro,NaN,NaN,NaN,1,0
CER_5_5_0,50,EI_new,MinMax_con,0.25641,49,29,1,1
CER_5_5_0,50,EI_new,QoS_orig,0.461538,57,21,1,1
CER_5_5_0,50,EI_new,QoS_new,0.282051,50,28,1,1
CER_5_5_0,50,EI_new,EI_orig,0.410256,55,23,1,1
CER_5_5_0,50,EI_new,EI_new,1,NaN,NaN,1,1
CER_5_5_0,50,EI_new,Jain,0.461538,57,21,1,1
CER_5_5_0,50,EI_new,Gini,0.410256,55,23,1,1
CER_5_5_0,50,EI_new,FairnessIndex,-0.282051,28,50,1,1
CER_5_5_0,50,EI_new,Sigma,-0.333333,26,52,1,1
CER_5_5_0,50,EI_new,QuoteNulle,NaN,NaN,NaN,1,0
CER_5_5_0,50,EI_new,EccessoMax_EUR,-0.333333,26,52,1,1
CER_5_5_0,50,EI_new,CoalizioniInstabili,-0.116131,34,43,1,1
CER_5_5_0,50,EI_new,ForzaIncentivante,-0.282051,28,50,1,1
CER_5_5_0,50,EI_new,AllineamentoVirtu,-0.358974,25,53,1,1
CER_5_5_0,50,EI_new,ForzaIncentivante_lordo,-0.384615,24,54,1,1
CER_5_5_0,50,EI_new,AllineamentoVirtu_lordo,-0.179487,32,46,1,1
CER_5_5_0,50,EI_new,VAN_min_EUR,NaN,NaN,NaN,1,0
CER_5_5_0,50,Jain,MinMax_pro,NaN,NaN,NaN,1,0
CER_5_5_0,50,Jain,MinMax_con,0.692308,66,12,1,1
CER_5_5_0,50,Jain,QoS_orig,1,78,0,1,1
CER_5_5_0,50,Jain,QoS_new,0.666667,65,13,1,1
CER_5_5_0,50,Jain,EI_orig,0.333333,52,26,1,1
CER_5_5_0,50,Jain,EI_new,0.461538,57,21,1,1
CER_5_5_0,50,Jain,Jain,1,NaN,NaN,1,1
CER_5_5_0,50,Jain,Gini,0.333333,52,26,1,1
CER_5_5_0,50,Jain,FairnessIndex,-0.666667,13,65,1,1
CER_5_5_0,50,Jain,Sigma,-0.666667,13,65,1,1
CER_5_5_0,50,Jain,QuoteNulle,NaN,NaN,NaN,1,0
CER_5_5_0,50,Jain,EccessoMax_EUR,-0.769231,9,69,1,1
CER_5_5_0,50,Jain,CoalizioniInstabili,-0.477429,20,57,1,1
CER_5_5_0,50,Jain,ForzaIncentivante,-0.307692,27,51,1,1
CER_5_5_0,50,Jain,AllineamentoVirtu,-0.333333,26,52,1,1
CER_5_5_0,50,Jain,ForzaIncentivante_lordo,-0.358974,25,53,1,1
CER_5_5_0,50,Jain,AllineamentoVirtu_lordo,-0.512821,19,59,1,1
CER_5_5_0,50,Jain,VAN_min_EUR,NaN,NaN,NaN,1,0
CER_5_5_0,50,Gini,MinMax_pro,NaN,NaN,NaN,1,0
CER_5_5_0,50,Gini,MinMax_con,0.282051,50,28,1,1
CER_5_5_0,50,Gini,QoS_orig,0.333333,52,26,1,1
CER_5_5_0,50,Gini,QoS_new,0.307692,51,27,1,1
CER_5_5_0,50,Gini,EI_orig,1,78,0,1,1
CER_5_5_0,50,Gini,EI_new,0.410256,55,23,1,1
CER_5_5_0,50,Gini,Jain,0.333333,52,26,1,1
CER_5_5_0,50,Gini,Gini,1,NaN,NaN,1,1
CER_5_5_0,50,Gini,FairnessIndex,-0.153846,33,45,1,1
CER_5_5_0,50,Gini,Sigma,-0.102564,35,43,1,1
CER_5_5_0,50,Gini,QuoteNulle,NaN,NaN,NaN,1,0
CER_5_5_0,50,Gini,EccessoMax_EUR,-0.307692,27,51,1,1
CER_5_5_0,50,Gini,CoalizioniInstabili,-0.0129035,38,39,1,1
CER_5_5_0,50,Gini,ForzaIncentivante,-0.820513,7,71,1,1
CER_5_5_0,50,Gini,AllineamentoVirtu,-0.74359,10,68,1,1
CER_5_5_0,50,Gini,ForzaIncentivante_lordo,-0.717949,11,67,1,1
CER_5_5_0,50,Gini,AllineamentoVirtu_lordo,-0.410256,23,55,1,1
CER_5_5_0,50,Gini,VAN_min_EUR,NaN,NaN,NaN,1,0
CER_5_5_0,50,FairnessIndex,MinMax_pro,NaN,NaN,NaN,1,0
CER_5_5_0,50,FairnessIndex,MinMax_con,-0.564103,17,61,1,1
CER_5_5_0,50,FairnessIndex,QoS_orig,-0.666667,13,65,1,1
CER_5_5_0,50,FairnessIndex,QoS_new,-0.538462,18,60,1,1
CER_5_5_0,50,FairnessIndex,EI_orig,-0.153846,33,45,1,1
CER_5_5_0,50,FairnessIndex,EI_new,-0.282051,28,50,1,1
CER_5_5_0,50,FairnessIndex,Jain,-0.666667,13,65,1,1
CER_5_5_0,50,FairnessIndex,Gini,-0.153846,33,45,1,1
CER_5_5_0,50,FairnessIndex,FairnessIndex,1,NaN,NaN,1,1
CER_5_5_0,50,FairnessIndex,Sigma,0.948718,76,2,1,1
CER_5_5_0,50,FairnessIndex,QuoteNulle,NaN,NaN,NaN,1,0
CER_5_5_0,50,FairnessIndex,EccessoMax_EUR,0.794872,70,8,1,1
CER_5_5_0,50,FairnessIndex,CoalizioniInstabili,0.735499,67,10,1,1
CER_5_5_0,50,FairnessIndex,ForzaIncentivante,0.179487,46,32,1,1
CER_5_5_0,50,FairnessIndex,AllineamentoVirtu,0.25641,49,29,1,1
CER_5_5_0,50,FairnessIndex,ForzaIncentivante_lordo,0.282051,50,28,1,1
CER_5_5_0,50,FairnessIndex,AllineamentoVirtu_lordo,0.538462,60,18,1,1
CER_5_5_0,50,FairnessIndex,VAN_min_EUR,NaN,NaN,NaN,1,0
CER_5_5_0,50,Sigma,MinMax_pro,NaN,NaN,NaN,1,0
CER_5_5_0,50,Sigma,MinMax_con,-0.564103,17,61,1,1
CER_5_5_0,50,Sigma,QoS_orig,-0.666667,13,65,1,1
CER_5_5_0,50,Sigma,QoS_new,-0.538462,18,60,1,1
CER_5_5_0,50,Sigma,EI_orig,-0.102564,35,43,1,1
CER_5_5_0,50,Sigma,EI_new,-0.333333,26,52,1,1
CER_5_5_0,50,Sigma,Jain,-0.666667,13,65,1,1
CER_5_5_0,50,Sigma,Gini,-0.102564,35,43,1,1
CER_5_5_0,50,Sigma,FairnessIndex,0.948718,76,2,1,1
CER_5_5_0,50,Sigma,Sigma,1,NaN,NaN,1,1
CER_5_5_0,50,Sigma,QuoteNulle,NaN,NaN,NaN,1,0
CER_5_5_0,50,Sigma,EccessoMax_EUR,0.794872,70,8,1,1
CER_5_5_0,50,Sigma,CoalizioniInstabili,0.787113,69,8,1,1
CER_5_5_0,50,Sigma,ForzaIncentivante,0.128205,44,34,1,1
CER_5_5_0,50,Sigma,AllineamentoVirtu,0.205128,47,31,1,1
CER_5_5_0,50,Sigma,ForzaIncentivante_lordo,0.230769,48,30,1,1
CER_5_5_0,50,Sigma,AllineamentoVirtu_lordo,0.538462,60,18,1,1
CER_5_5_0,50,Sigma,VAN_min_EUR,NaN,NaN,NaN,1,0
CER_5_5_0,50,QuoteNulle,MinMax_pro,NaN,NaN,NaN,0,0
CER_5_5_0,50,QuoteNulle,MinMax_con,NaN,NaN,NaN,0,1
CER_5_5_0,50,QuoteNulle,QoS_orig,NaN,NaN,NaN,0,1
CER_5_5_0,50,QuoteNulle,QoS_new,NaN,NaN,NaN,0,1
CER_5_5_0,50,QuoteNulle,EI_orig,NaN,NaN,NaN,0,1
CER_5_5_0,50,QuoteNulle,EI_new,NaN,NaN,NaN,0,1
CER_5_5_0,50,QuoteNulle,Jain,NaN,NaN,NaN,0,1
CER_5_5_0,50,QuoteNulle,Gini,NaN,NaN,NaN,0,1
CER_5_5_0,50,QuoteNulle,FairnessIndex,NaN,NaN,NaN,0,1
CER_5_5_0,50,QuoteNulle,Sigma,NaN,NaN,NaN,0,1
CER_5_5_0,50,QuoteNulle,QuoteNulle,1,NaN,NaN,0,0
CER_5_5_0,50,QuoteNulle,EccessoMax_EUR,NaN,NaN,NaN,0,1
CER_5_5_0,50,QuoteNulle,CoalizioniInstabili,NaN,NaN,NaN,0,1
CER_5_5_0,50,QuoteNulle,ForzaIncentivante,NaN,NaN,NaN,0,1
CER_5_5_0,50,QuoteNulle,AllineamentoVirtu,NaN,NaN,NaN,0,1
CER_5_5_0,50,QuoteNulle,ForzaIncentivante_lordo,NaN,NaN,NaN,0,1
CER_5_5_0,50,QuoteNulle,AllineamentoVirtu_lordo,NaN,NaN,NaN,0,1
CER_5_5_0,50,QuoteNulle,VAN_min_EUR,NaN,NaN,NaN,0,0
CER_5_5_0,50,EccessoMax_EUR,MinMax_pro,NaN,NaN,NaN,1,0
CER_5_5_0,50,EccessoMax_EUR,MinMax_con,-0.615385,15,63,1,1
CER_5_5_0,50,EccessoMax_EUR,QoS_orig,-0.769231,9,69,1,1
CER_5_5_0,50,EccessoMax_EUR,QoS_new,-0.589744,16,62,1,1
CER_5_5_0,50,EccessoMax_EUR,EI_orig,-0.307692,27,51,1,1
CER_5_5_0,50,EccessoMax_EUR,EI_new,-0.333333,26,52,1,1
CER_5_5_0,50,EccessoMax_EUR,Jain,-0.769231,9,69,1,1
CER_5_5_0,50,EccessoMax_EUR,Gini,-0.307692,27,51,1,1
CER_5_5_0,50,EccessoMax_EUR,FairnessIndex,0.794872,70,8,1,1
CER_5_5_0,50,EccessoMax_EUR,Sigma,0.794872,70,8,1,1
CER_5_5_0,50,EccessoMax_EUR,QuoteNulle,NaN,NaN,NaN,1,0
CER_5_5_0,50,EccessoMax_EUR,EccessoMax_EUR,1,NaN,NaN,1,1
CER_5_5_0,50,EccessoMax_EUR,CoalizioniInstabili,0.709692,66,11,1,1
CER_5_5_0,50,EccessoMax_EUR,ForzaIncentivante,0.333333,52,26,1,1
CER_5_5_0,50,EccessoMax_EUR,AllineamentoVirtu,0.358974,53,25,1,1
CER_5_5_0,50,EccessoMax_EUR,ForzaIncentivante_lordo,0.384615,54,24,1,1
CER_5_5_0,50,EccessoMax_EUR,AllineamentoVirtu_lordo,0.538462,60,18,1,1
CER_5_5_0,50,EccessoMax_EUR,VAN_min_EUR,NaN,NaN,NaN,1,0
CER_5_5_0,50,CoalizioniInstabili,MinMax_pro,NaN,NaN,NaN,1,0
CER_5_5_0,50,CoalizioniInstabili,MinMax_con,-0.374201,24,53,1,1
CER_5_5_0,50,CoalizioniInstabili,QoS_orig,-0.477429,20,57,1,1
CER_5_5_0,50,CoalizioniInstabili,QoS_new,-0.348394,25,52,1,1
CER_5_5_0,50,CoalizioniInstabili,EI_orig,-0.0129035,38,39,1,1
CER_5_5_0,50,CoalizioniInstabili,EI_new,-0.116131,34,43,1,1
CER_5_5_0,50,CoalizioniInstabili,Jain,-0.477429,20,57,1,1
CER_5_5_0,50,CoalizioniInstabili,Gini,-0.0129035,38,39,1,1
CER_5_5_0,50,CoalizioniInstabili,FairnessIndex,0.735499,67,10,1,1
CER_5_5_0,50,CoalizioniInstabili,Sigma,0.787113,69,8,1,1
CER_5_5_0,50,CoalizioniInstabili,QuoteNulle,NaN,NaN,NaN,1,0
CER_5_5_0,50,CoalizioniInstabili,EccessoMax_EUR,0.709692,66,11,1,1
CER_5_5_0,50,CoalizioniInstabili,CoalizioniInstabili,1,NaN,NaN,1,1
CER_5_5_0,50,CoalizioniInstabili,ForzaIncentivante,0.193552,46,31,1,1
CER_5_5_0,50,CoalizioniInstabili,AllineamentoVirtu,0.245166,48,29,1,1
CER_5_5_0,50,CoalizioniInstabili,ForzaIncentivante_lordo,0.270973,49,28,1,1
CER_5_5_0,50,CoalizioniInstabili,AllineamentoVirtu_lordo,0.529043,59,18,1,1
CER_5_5_0,50,CoalizioniInstabili,VAN_min_EUR,NaN,NaN,NaN,1,0
CER_5_5_0,50,ForzaIncentivante,MinMax_pro,NaN,NaN,NaN,1,0
CER_5_5_0,50,ForzaIncentivante,MinMax_con,-0.25641,29,49,1,1
CER_5_5_0,50,ForzaIncentivante,QoS_orig,-0.307692,27,51,1,1
CER_5_5_0,50,ForzaIncentivante,QoS_new,-0.282051,28,50,1,1
CER_5_5_0,50,ForzaIncentivante,EI_orig,-0.820513,7,71,1,1
CER_5_5_0,50,ForzaIncentivante,EI_new,-0.282051,28,50,1,1
CER_5_5_0,50,ForzaIncentivante,Jain,-0.307692,27,51,1,1
CER_5_5_0,50,ForzaIncentivante,Gini,-0.820513,7,71,1,1
CER_5_5_0,50,ForzaIncentivante,FairnessIndex,0.179487,46,32,1,1
CER_5_5_0,50,ForzaIncentivante,Sigma,0.128205,44,34,1,1
CER_5_5_0,50,ForzaIncentivante,QuoteNulle,NaN,NaN,NaN,1,0
CER_5_5_0,50,ForzaIncentivante,EccessoMax_EUR,0.333333,52,26,1,1
CER_5_5_0,50,ForzaIncentivante,CoalizioniInstabili,0.193552,46,31,1,1
CER_5_5_0,50,ForzaIncentivante,ForzaIncentivante,1,NaN,NaN,1,1
CER_5_5_0,50,ForzaIncentivante,AllineamentoVirtu,0.923077,75,3,1,1
CER_5_5_0,50,ForzaIncentivante,ForzaIncentivante_lordo,0.897436,74,4,1,1
CER_5_5_0,50,ForzaIncentivante,AllineamentoVirtu_lordo,0.589744,62,16,1,1
CER_5_5_0,50,ForzaIncentivante,VAN_min_EUR,NaN,NaN,NaN,1,0
CER_5_5_0,50,AllineamentoVirtu,MinMax_pro,NaN,NaN,NaN,1,0
CER_5_5_0,50,AllineamentoVirtu,MinMax_con,-0.179487,32,46,1,1
CER_5_5_0,50,AllineamentoVirtu,QoS_orig,-0.333333,26,52,1,1
CER_5_5_0,50,AllineamentoVirtu,QoS_new,-0.205128,31,47,1,1
CER_5_5_0,50,AllineamentoVirtu,EI_orig,-0.74359,10,68,1,1
CER_5_5_0,50,AllineamentoVirtu,EI_new,-0.358974,25,53,1,1
CER_5_5_0,50,AllineamentoVirtu,Jain,-0.333333,26,52,1,1
CER_5_5_0,50,AllineamentoVirtu,Gini,-0.74359,10,68,1,1
CER_5_5_0,50,AllineamentoVirtu,FairnessIndex,0.25641,49,29,1,1
CER_5_5_0,50,AllineamentoVirtu,Sigma,0.205128,47,31,1,1
CER_5_5_0,50,AllineamentoVirtu,QuoteNulle,NaN,NaN,NaN,1,0
CER_5_5_0,50,AllineamentoVirtu,EccessoMax_EUR,0.358974,53,25,1,1
CER_5_5_0,50,AllineamentoVirtu,CoalizioniInstabili,0.245166,48,29,1,1
CER_5_5_0,50,AllineamentoVirtu,ForzaIncentivante,0.923077,75,3,1,1
CER_5_5_0,50,AllineamentoVirtu,AllineamentoVirtu,1,NaN,NaN,1,1
CER_5_5_0,50,AllineamentoVirtu,ForzaIncentivante_lordo,0.974359,77,1,1,1
CER_5_5_0,50,AllineamentoVirtu,AllineamentoVirtu_lordo,0.666667,65,13,1,1
CER_5_5_0,50,AllineamentoVirtu,VAN_min_EUR,NaN,NaN,NaN,1,0
CER_5_5_0,50,ForzaIncentivante_lordo,MinMax_pro,NaN,NaN,NaN,1,0
CER_5_5_0,50,ForzaIncentivante_lordo,MinMax_con,-0.153846,33,45,1,1
CER_5_5_0,50,ForzaIncentivante_lordo,QoS_orig,-0.358974,25,53,1,1
CER_5_5_0,50,ForzaIncentivante_lordo,QoS_new,-0.179487,32,46,1,1
CER_5_5_0,50,ForzaIncentivante_lordo,EI_orig,-0.717949,11,67,1,1
CER_5_5_0,50,ForzaIncentivante_lordo,EI_new,-0.384615,24,54,1,1
CER_5_5_0,50,ForzaIncentivante_lordo,Jain,-0.358974,25,53,1,1
CER_5_5_0,50,ForzaIncentivante_lordo,Gini,-0.717949,11,67,1,1
CER_5_5_0,50,ForzaIncentivante_lordo,FairnessIndex,0.282051,50,28,1,1
CER_5_5_0,50,ForzaIncentivante_lordo,Sigma,0.230769,48,30,1,1
CER_5_5_0,50,ForzaIncentivante_lordo,QuoteNulle,NaN,NaN,NaN,1,0
CER_5_5_0,50,ForzaIncentivante_lordo,EccessoMax_EUR,0.384615,54,24,1,1
CER_5_5_0,50,ForzaIncentivante_lordo,CoalizioniInstabili,0.270973,49,28,1,1
CER_5_5_0,50,ForzaIncentivante_lordo,ForzaIncentivante,0.897436,74,4,1,1
CER_5_5_0,50,ForzaIncentivante_lordo,AllineamentoVirtu,0.974359,77,1,1,1
CER_5_5_0,50,ForzaIncentivante_lordo,ForzaIncentivante_lordo,1,NaN,NaN,1,1
CER_5_5_0,50,ForzaIncentivante_lordo,AllineamentoVirtu_lordo,0.692308,66,12,1,1
CER_5_5_0,50,ForzaIncentivante_lordo,VAN_min_EUR,NaN,NaN,NaN,1,0
CER_5_5_0,50,AllineamentoVirtu_lordo,MinMax_pro,NaN,NaN,NaN,1,0
CER_5_5_0,50,AllineamentoVirtu_lordo,MinMax_con,-0.205128,31,47,1,1
CER_5_5_0,50,AllineamentoVirtu_lordo,QoS_orig,-0.512821,19,59,1,1
CER_5_5_0,50,AllineamentoVirtu_lordo,QoS_new,-0.179487,32,46,1,1
CER_5_5_0,50,AllineamentoVirtu_lordo,EI_orig,-0.410256,23,55,1,1
CER_5_5_0,50,AllineamentoVirtu_lordo,EI_new,-0.179487,32,46,1,1
CER_5_5_0,50,AllineamentoVirtu_lordo,Jain,-0.512821,19,59,1,1
CER_5_5_0,50,AllineamentoVirtu_lordo,Gini,-0.410256,23,55,1,1
CER_5_5_0,50,AllineamentoVirtu_lordo,FairnessIndex,0.538462,60,18,1,1
CER_5_5_0,50,AllineamentoVirtu_lordo,Sigma,0.538462,60,18,1,1
CER_5_5_0,50,AllineamentoVirtu_lordo,QuoteNulle,NaN,NaN,NaN,1,0
CER_5_5_0,50,AllineamentoVirtu_lordo,EccessoMax_EUR,0.538462,60,18,1,1
CER_5_5_0,50,AllineamentoVirtu_lordo,CoalizioniInstabili,0.529043,59,18,1,1
CER_5_5_0,50,AllineamentoVirtu_lordo,ForzaIncentivante,0.589744,62,16,1,1
CER_5_5_0,50,AllineamentoVirtu_lordo,AllineamentoVirtu,0.666667,65,13,1,1
CER_5_5_0,50,AllineamentoVirtu_lordo,ForzaIncentivante_lordo,0.692308,66,12,1,1
CER_5_5_0,50,AllineamentoVirtu_lordo,AllineamentoVirtu_lordo,1,NaN,NaN,1,1
CER_5_5_0,50,AllineamentoVirtu_lordo,VAN_min_EUR,NaN,NaN,NaN,1,0
CER_5_5_0,50,VAN_min_EUR,MinMax_pro,NaN,NaN,NaN,0,0
CER_5_5_0,50,VAN_min_EUR,MinMax_con,NaN,NaN,NaN,0,1
CER_5_5_0,50,VAN_min_EUR,QoS_orig,NaN,NaN,NaN,0,1
CER_5_5_0,50,VAN_min_EUR,QoS_new,NaN,NaN,NaN,0,1
CER_5_5_0,50,VAN_min_EUR,EI_orig,NaN,NaN,NaN,0,1
CER_5_5_0,50,VAN_min_EUR,EI_new,NaN,NaN,NaN,0,1
CER_5_5_0,50,VAN_min_EUR,Jain,NaN,NaN,NaN,0,1
CER_5_5_0,50,VAN_min_EUR,Gini,NaN,NaN,NaN,0,1
CER_5_5_0,50,VAN_min_EUR,FairnessIndex,NaN,NaN,NaN,0,1
CER_5_5_0,50,VAN_min_EUR,Sigma,NaN,NaN,NaN,0,1
CER_5_5_0,50,VAN_min_EUR,QuoteNulle,NaN,NaN,NaN,0,0
CER_5_5_0,50,VAN_min_EUR,EccessoMax_EUR,NaN,NaN,NaN,0,1
CER_5_5_0,50,VAN_min_EUR,CoalizioniInstabili,NaN,NaN,NaN,0,1
CER_5_5_0,50,VAN_min_EUR,ForzaIncentivante,NaN,NaN,NaN,0,1
CER_5_5_0,50,VAN_min_EUR,AllineamentoVirtu,NaN,NaN,NaN,0,1
CER_5_5_0,50,VAN_min_EUR,ForzaIncentivante_lordo,NaN,NaN,NaN,0,1
CER_5_5_0,50,VAN_min_EUR,AllineamentoVirtu_lordo,NaN,NaN,NaN,0,1
CER_5_5_0,50,VAN_min_EUR,VAN_min_EUR,1,NaN,NaN,0,0
CER_6_19_0,76,MinMax_pro,MinMax_pro,1,NaN,NaN,0,0
CER_6_19_0,76,MinMax_pro,MinMax_con,NaN,NaN,NaN,0,1
CER_6_19_0,76,MinMax_pro,QoS_orig,NaN,NaN,NaN,0,1
CER_6_19_0,76,MinMax_pro,QoS_new,NaN,NaN,NaN,0,1
CER_6_19_0,76,MinMax_pro,EI_orig,NaN,NaN,NaN,0,1
CER_6_19_0,76,MinMax_pro,EI_new,NaN,NaN,NaN,0,1
CER_6_19_0,76,MinMax_pro,Jain,NaN,NaN,NaN,0,1
CER_6_19_0,76,MinMax_pro,Gini,NaN,NaN,NaN,0,1
CER_6_19_0,76,MinMax_pro,FairnessIndex,NaN,NaN,NaN,0,1
CER_6_19_0,76,MinMax_pro,Sigma,NaN,NaN,NaN,0,1
CER_6_19_0,76,MinMax_pro,QuoteNulle,NaN,NaN,NaN,0,0
CER_6_19_0,76,MinMax_pro,EccessoMax_EUR,NaN,NaN,NaN,0,0
CER_6_19_0,76,MinMax_pro,CoalizioniInstabili,NaN,NaN,NaN,0,0
CER_6_19_0,76,MinMax_pro,ForzaIncentivante,NaN,NaN,NaN,0,1
CER_6_19_0,76,MinMax_pro,AllineamentoVirtu,NaN,NaN,NaN,0,1
CER_6_19_0,76,MinMax_pro,ForzaIncentivante_lordo,NaN,NaN,NaN,0,1
CER_6_19_0,76,MinMax_pro,AllineamentoVirtu_lordo,NaN,NaN,NaN,0,1
CER_6_19_0,76,MinMax_pro,VAN_min_EUR,NaN,NaN,NaN,0,0
CER_6_19_0,76,MinMax_con,MinMax_pro,NaN,NaN,NaN,1,0
CER_6_19_0,76,MinMax_con,MinMax_con,1,NaN,NaN,1,1
CER_6_19_0,76,MinMax_con,QoS_orig,0.384615,54,24,1,1
CER_6_19_0,76,MinMax_con,QoS_new,0.615385,63,15,1,1
CER_6_19_0,76,MinMax_con,EI_orig,0.384615,54,24,1,1
CER_6_19_0,76,MinMax_con,EI_new,0.307692,51,27,1,1
CER_6_19_0,76,MinMax_con,Jain,0.384615,54,24,1,1
CER_6_19_0,76,MinMax_con,Gini,0.384615,54,24,1,1
CER_6_19_0,76,MinMax_con,FairnessIndex,-0.794872,8,70,1,1
CER_6_19_0,76,MinMax_con,Sigma,-0.820513,7,71,1,1
CER_6_19_0,76,MinMax_con,QuoteNulle,NaN,NaN,NaN,1,0
CER_6_19_0,76,MinMax_con,EccessoMax_EUR,NaN,NaN,NaN,1,0
CER_6_19_0,76,MinMax_con,CoalizioniInstabili,NaN,NaN,NaN,1,0
CER_6_19_0,76,MinMax_con,ForzaIncentivante,-0.384615,24,54,1,1
CER_6_19_0,76,MinMax_con,AllineamentoVirtu,-0.333333,26,52,1,1
CER_6_19_0,76,MinMax_con,ForzaIncentivante_lordo,0.461538,57,21,1,1
CER_6_19_0,76,MinMax_con,AllineamentoVirtu_lordo,0.461538,57,21,1,1
CER_6_19_0,76,MinMax_con,VAN_min_EUR,NaN,NaN,NaN,1,0
CER_6_19_0,76,QoS_orig,MinMax_pro,NaN,NaN,NaN,1,0
CER_6_19_0,76,QoS_orig,MinMax_con,0.384615,54,24,1,1
CER_6_19_0,76,QoS_orig,QoS_orig,1,NaN,NaN,1,1
CER_6_19_0,76,QoS_orig,QoS_new,0.769231,69,9,1,1
CER_6_19_0,76,QoS_orig,EI_orig,0.948718,76,2,1,1
CER_6_19_0,76,QoS_orig,EI_new,0.512821,59,19,1,1
CER_6_19_0,76,QoS_orig,Jain,1,78,0,1,1
CER_6_19_0,76,QoS_orig,Gini,0.948718,76,2,1,1
CER_6_19_0,76,QoS_orig,FairnessIndex,-0.333333,26,52,1,1
CER_6_19_0,76,QoS_orig,Sigma,-0.307692,27,51,1,1
CER_6_19_0,76,QoS_orig,QuoteNulle,NaN,NaN,NaN,1,0
CER_6_19_0,76,QoS_orig,EccessoMax_EUR,NaN,NaN,NaN,1,0
CER_6_19_0,76,QoS_orig,CoalizioniInstabili,NaN,NaN,NaN,1,0
CER_6_19_0,76,QoS_orig,ForzaIncentivante,-1,0,78,1,1
CER_6_19_0,76,QoS_orig,AllineamentoVirtu,-0.948718,2,76,1,1
CER_6_19_0,76,QoS_orig,ForzaIncentivante_lordo,0.871795,73,5,1,1
CER_6_19_0,76,QoS_orig,AllineamentoVirtu_lordo,-0.102564,35,43,1,1
CER_6_19_0,76,QoS_orig,VAN_min_EUR,NaN,NaN,NaN,1,0
CER_6_19_0,76,QoS_new,MinMax_pro,NaN,NaN,NaN,1,0
CER_6_19_0,76,QoS_new,MinMax_con,0.615385,63,15,1,1
CER_6_19_0,76,QoS_new,QoS_orig,0.769231,69,9,1,1
CER_6_19_0,76,QoS_new,QoS_new,1,NaN,NaN,1,1
CER_6_19_0,76,QoS_new,EI_orig,0.769231,69,9,1,1
CER_6_19_0,76,QoS_new,EI_new,0.487179,58,20,1,1
CER_6_19_0,76,QoS_new,Jain,0.769231,69,9,1,1
CER_6_19_0,76,QoS_new,Gini,0.769231,69,9,1,1
CER_6_19_0,76,QoS_new,FairnessIndex,-0.461538,21,57,1,1
CER_6_19_0,76,QoS_new,Sigma,-0.487179,20,58,1,1
CER_6_19_0,76,QoS_new,QuoteNulle,NaN,NaN,NaN,1,0
CER_6_19_0,76,QoS_new,EccessoMax_EUR,NaN,NaN,NaN,1,0
CER_6_19_0,76,QoS_new,CoalizioniInstabili,NaN,NaN,NaN,1,0
CER_6_19_0,76,QoS_new,ForzaIncentivante,-0.769231,9,69,1,1
CER_6_19_0,76,QoS_new,AllineamentoVirtu,-0.717949,11,67,1,1
CER_6_19_0,76,QoS_new,ForzaIncentivante_lordo,0.846154,72,6,1,1
CER_6_19_0,76,QoS_new,AllineamentoVirtu_lordo,0.128205,44,34,1,1
CER_6_19_0,76,QoS_new,VAN_min_EUR,NaN,NaN,NaN,1,0
CER_6_19_0,76,EI_orig,MinMax_pro,NaN,NaN,NaN,1,0
CER_6_19_0,76,EI_orig,MinMax_con,0.384615,54,24,1,1
CER_6_19_0,76,EI_orig,QoS_orig,0.948718,76,2,1,1
CER_6_19_0,76,EI_orig,QoS_new,0.769231,69,9,1,1
CER_6_19_0,76,EI_orig,EI_orig,1,NaN,NaN,1,1
CER_6_19_0,76,EI_orig,EI_new,0.564103,61,17,1,1
CER_6_19_0,76,EI_orig,Jain,0.948718,76,2,1,1
CER_6_19_0,76,EI_orig,Gini,1,78,0,1,1
CER_6_19_0,76,EI_orig,FairnessIndex,-0.282051,28,50,1,1
CER_6_19_0,76,EI_orig,Sigma,-0.25641,29,49,1,1
CER_6_19_0,76,EI_orig,QuoteNulle,NaN,NaN,NaN,1,0
CER_6_19_0,76,EI_orig,EccessoMax_EUR,NaN,NaN,NaN,1,0
CER_6_19_0,76,EI_orig,CoalizioniInstabili,NaN,NaN,NaN,1,0
CER_6_19_0,76,EI_orig,ForzaIncentivante,-0.948718,2,76,1,1
CER_6_19_0,76,EI_orig,AllineamentoVirtu,-0.897436,4,74,1,1
CER_6_19_0,76,EI_orig,ForzaIncentivante_lordo,0.923077,75,3,1,1
CER_6_19_0,76,EI_orig,AllineamentoVirtu_lordo,-0.0512821,37,41,1,1
CER_6_19_0,76,EI_orig,VAN_min_EUR,NaN,NaN,NaN,1,0
CER_6_19_0,76,EI_new,MinMax_pro,NaN,NaN,NaN,1,0
CER_6_19_0,76,EI_new,MinMax_con,0.307692,51,27,1,1
CER_6_19_0,76,EI_new,QoS_orig,0.512821,59,19,1,1
CER_6_19_0,76,EI_new,QoS_new,0.487179,58,20,1,1
CER_6_19_0,76,EI_new,EI_orig,0.564103,61,17,1,1
CER_6_19_0,76,EI_new,EI_new,1,NaN,NaN,1,1
CER_6_19_0,76,EI_new,Jain,0.512821,59,19,1,1
CER_6_19_0,76,EI_new,Gini,0.564103,61,17,1,1
CER_6_19_0,76,EI_new,FairnessIndex,-0.205128,31,47,1,1
CER_6_19_0,76,EI_new,Sigma,-0.179487,32,46,1,1
CER_6_19_0,76,EI_new,QuoteNulle,NaN,NaN,NaN,1,0
CER_6_19_0,76,EI_new,EccessoMax_EUR,NaN,NaN,NaN,1,0
CER_6_19_0,76,EI_new,CoalizioniInstabili,NaN,NaN,NaN,1,0
CER_6_19_0,76,EI_new,ForzaIncentivante,-0.512821,19,59,1,1
CER_6_19_0,76,EI_new,AllineamentoVirtu,-0.461538,21,57,1,1
CER_6_19_0,76,EI_new,ForzaIncentivante_lordo,0.641026,64,14,1,1
CER_6_19_0,76,EI_new,AllineamentoVirtu_lordo,-0.179487,32,46,1,1
CER_6_19_0,76,EI_new,VAN_min_EUR,NaN,NaN,NaN,1,0
CER_6_19_0,76,Jain,MinMax_pro,NaN,NaN,NaN,1,0
CER_6_19_0,76,Jain,MinMax_con,0.384615,54,24,1,1
CER_6_19_0,76,Jain,QoS_orig,1,78,0,1,1
CER_6_19_0,76,Jain,QoS_new,0.769231,69,9,1,1
CER_6_19_0,76,Jain,EI_orig,0.948718,76,2,1,1
CER_6_19_0,76,Jain,EI_new,0.512821,59,19,1,1
CER_6_19_0,76,Jain,Jain,1,NaN,NaN,1,1
CER_6_19_0,76,Jain,Gini,0.948718,76,2,1,1
CER_6_19_0,76,Jain,FairnessIndex,-0.333333,26,52,1,1
CER_6_19_0,76,Jain,Sigma,-0.307692,27,51,1,1
CER_6_19_0,76,Jain,QuoteNulle,NaN,NaN,NaN,1,0
CER_6_19_0,76,Jain,EccessoMax_EUR,NaN,NaN,NaN,1,0
CER_6_19_0,76,Jain,CoalizioniInstabili,NaN,NaN,NaN,1,0
CER_6_19_0,76,Jain,ForzaIncentivante,-1,0,78,1,1
CER_6_19_0,76,Jain,AllineamentoVirtu,-0.948718,2,76,1,1
CER_6_19_0,76,Jain,ForzaIncentivante_lordo,0.871795,73,5,1,1
CER_6_19_0,76,Jain,AllineamentoVirtu_lordo,-0.102564,35,43,1,1
CER_6_19_0,76,Jain,VAN_min_EUR,NaN,NaN,NaN,1,0
CER_6_19_0,76,Gini,MinMax_pro,NaN,NaN,NaN,1,0
CER_6_19_0,76,Gini,MinMax_con,0.384615,54,24,1,1
CER_6_19_0,76,Gini,QoS_orig,0.948718,76,2,1,1
CER_6_19_0,76,Gini,QoS_new,0.769231,69,9,1,1
CER_6_19_0,76,Gini,EI_orig,1,78,0,1,1
CER_6_19_0,76,Gini,EI_new,0.564103,61,17,1,1
CER_6_19_0,76,Gini,Jain,0.948718,76,2,1,1
CER_6_19_0,76,Gini,Gini,1,NaN,NaN,1,1
CER_6_19_0,76,Gini,FairnessIndex,-0.282051,28,50,1,1
CER_6_19_0,76,Gini,Sigma,-0.25641,29,49,1,1
CER_6_19_0,76,Gini,QuoteNulle,NaN,NaN,NaN,1,0
CER_6_19_0,76,Gini,EccessoMax_EUR,NaN,NaN,NaN,1,0
CER_6_19_0,76,Gini,CoalizioniInstabili,NaN,NaN,NaN,1,0
CER_6_19_0,76,Gini,ForzaIncentivante,-0.948718,2,76,1,1
CER_6_19_0,76,Gini,AllineamentoVirtu,-0.897436,4,74,1,1
CER_6_19_0,76,Gini,ForzaIncentivante_lordo,0.923077,75,3,1,1
CER_6_19_0,76,Gini,AllineamentoVirtu_lordo,-0.0512821,37,41,1,1
CER_6_19_0,76,Gini,VAN_min_EUR,NaN,NaN,NaN,1,0
CER_6_19_0,76,FairnessIndex,MinMax_pro,NaN,NaN,NaN,1,0
CER_6_19_0,76,FairnessIndex,MinMax_con,-0.794872,8,70,1,1
CER_6_19_0,76,FairnessIndex,QoS_orig,-0.333333,26,52,1,1
CER_6_19_0,76,FairnessIndex,QoS_new,-0.461538,21,57,1,1
CER_6_19_0,76,FairnessIndex,EI_orig,-0.282051,28,50,1,1
CER_6_19_0,76,FairnessIndex,EI_new,-0.205128,31,47,1,1
CER_6_19_0,76,FairnessIndex,Jain,-0.333333,26,52,1,1
CER_6_19_0,76,FairnessIndex,Gini,-0.282051,28,50,1,1
CER_6_19_0,76,FairnessIndex,FairnessIndex,1,NaN,NaN,1,1
CER_6_19_0,76,FairnessIndex,Sigma,0.974359,77,1,1,1
CER_6_19_0,76,FairnessIndex,QuoteNulle,NaN,NaN,NaN,1,0
CER_6_19_0,76,FairnessIndex,EccessoMax_EUR,NaN,NaN,NaN,1,0
CER_6_19_0,76,FairnessIndex,CoalizioniInstabili,NaN,NaN,NaN,1,0
CER_6_19_0,76,FairnessIndex,ForzaIncentivante,0.333333,52,26,1,1
CER_6_19_0,76,FairnessIndex,AllineamentoVirtu,0.333333,52,26,1,1
CER_6_19_0,76,FairnessIndex,ForzaIncentivante_lordo,-0.358974,25,53,1,1
CER_6_19_0,76,FairnessIndex,AllineamentoVirtu_lordo,-0.461538,21,57,1,1
CER_6_19_0,76,FairnessIndex,VAN_min_EUR,NaN,NaN,NaN,1,0
CER_6_19_0,76,Sigma,MinMax_pro,NaN,NaN,NaN,1,0
CER_6_19_0,76,Sigma,MinMax_con,-0.820513,7,71,1,1
CER_6_19_0,76,Sigma,QoS_orig,-0.307692,27,51,1,1
CER_6_19_0,76,Sigma,QoS_new,-0.487179,20,58,1,1
CER_6_19_0,76,Sigma,EI_orig,-0.25641,29,49,1,1
CER_6_19_0,76,Sigma,EI_new,-0.179487,32,46,1,1
CER_6_19_0,76,Sigma,Jain,-0.307692,27,51,1,1
CER_6_19_0,76,Sigma,Gini,-0.25641,29,49,1,1
CER_6_19_0,76,Sigma,FairnessIndex,0.974359,77,1,1,1
CER_6_19_0,76,Sigma,Sigma,1,NaN,NaN,1,1
CER_6_19_0,76,Sigma,QuoteNulle,NaN,NaN,NaN,1,0
CER_6_19_0,76,Sigma,EccessoMax_EUR,NaN,NaN,NaN,1,0
CER_6_19_0,76,Sigma,CoalizioniInstabili,NaN,NaN,NaN,1,0
CER_6_19_0,76,Sigma,ForzaIncentivante,0.307692,51,27,1,1
CER_6_19_0,76,Sigma,AllineamentoVirtu,0.307692,51,27,1,1
CER_6_19_0,76,Sigma,ForzaIncentivante_lordo,-0.333333,26,52,1,1
CER_6_19_0,76,Sigma,AllineamentoVirtu_lordo,-0.487179,20,58,1,1
CER_6_19_0,76,Sigma,VAN_min_EUR,NaN,NaN,NaN,1,0
CER_6_19_0,76,QuoteNulle,MinMax_pro,NaN,NaN,NaN,0,0
CER_6_19_0,76,QuoteNulle,MinMax_con,NaN,NaN,NaN,0,1
CER_6_19_0,76,QuoteNulle,QoS_orig,NaN,NaN,NaN,0,1
CER_6_19_0,76,QuoteNulle,QoS_new,NaN,NaN,NaN,0,1
CER_6_19_0,76,QuoteNulle,EI_orig,NaN,NaN,NaN,0,1
CER_6_19_0,76,QuoteNulle,EI_new,NaN,NaN,NaN,0,1
CER_6_19_0,76,QuoteNulle,Jain,NaN,NaN,NaN,0,1
CER_6_19_0,76,QuoteNulle,Gini,NaN,NaN,NaN,0,1
CER_6_19_0,76,QuoteNulle,FairnessIndex,NaN,NaN,NaN,0,1
CER_6_19_0,76,QuoteNulle,Sigma,NaN,NaN,NaN,0,1
CER_6_19_0,76,QuoteNulle,QuoteNulle,1,NaN,NaN,0,0
CER_6_19_0,76,QuoteNulle,EccessoMax_EUR,NaN,NaN,NaN,0,0
CER_6_19_0,76,QuoteNulle,CoalizioniInstabili,NaN,NaN,NaN,0,0
CER_6_19_0,76,QuoteNulle,ForzaIncentivante,NaN,NaN,NaN,0,1
CER_6_19_0,76,QuoteNulle,AllineamentoVirtu,NaN,NaN,NaN,0,1
CER_6_19_0,76,QuoteNulle,ForzaIncentivante_lordo,NaN,NaN,NaN,0,1
CER_6_19_0,76,QuoteNulle,AllineamentoVirtu_lordo,NaN,NaN,NaN,0,1
CER_6_19_0,76,QuoteNulle,VAN_min_EUR,NaN,NaN,NaN,0,0
CER_6_19_0,76,EccessoMax_EUR,MinMax_pro,NaN,NaN,NaN,0,0
CER_6_19_0,76,EccessoMax_EUR,MinMax_con,NaN,NaN,NaN,0,1
CER_6_19_0,76,EccessoMax_EUR,QoS_orig,NaN,NaN,NaN,0,1
CER_6_19_0,76,EccessoMax_EUR,QoS_new,NaN,NaN,NaN,0,1
CER_6_19_0,76,EccessoMax_EUR,EI_orig,NaN,NaN,NaN,0,1
CER_6_19_0,76,EccessoMax_EUR,EI_new,NaN,NaN,NaN,0,1
CER_6_19_0,76,EccessoMax_EUR,Jain,NaN,NaN,NaN,0,1
CER_6_19_0,76,EccessoMax_EUR,Gini,NaN,NaN,NaN,0,1
CER_6_19_0,76,EccessoMax_EUR,FairnessIndex,NaN,NaN,NaN,0,1
CER_6_19_0,76,EccessoMax_EUR,Sigma,NaN,NaN,NaN,0,1
CER_6_19_0,76,EccessoMax_EUR,QuoteNulle,NaN,NaN,NaN,0,0
CER_6_19_0,76,EccessoMax_EUR,EccessoMax_EUR,1,NaN,NaN,0,0
CER_6_19_0,76,EccessoMax_EUR,CoalizioniInstabili,NaN,NaN,NaN,0,0
CER_6_19_0,76,EccessoMax_EUR,ForzaIncentivante,NaN,NaN,NaN,0,1
CER_6_19_0,76,EccessoMax_EUR,AllineamentoVirtu,NaN,NaN,NaN,0,1
CER_6_19_0,76,EccessoMax_EUR,ForzaIncentivante_lordo,NaN,NaN,NaN,0,1
CER_6_19_0,76,EccessoMax_EUR,AllineamentoVirtu_lordo,NaN,NaN,NaN,0,1
CER_6_19_0,76,EccessoMax_EUR,VAN_min_EUR,NaN,NaN,NaN,0,0
CER_6_19_0,76,CoalizioniInstabili,MinMax_pro,NaN,NaN,NaN,0,0
CER_6_19_0,76,CoalizioniInstabili,MinMax_con,NaN,NaN,NaN,0,1
CER_6_19_0,76,CoalizioniInstabili,QoS_orig,NaN,NaN,NaN,0,1
CER_6_19_0,76,CoalizioniInstabili,QoS_new,NaN,NaN,NaN,0,1
CER_6_19_0,76,CoalizioniInstabili,EI_orig,NaN,NaN,NaN,0,1
CER_6_19_0,76,CoalizioniInstabili,EI_new,NaN,NaN,NaN,0,1
CER_6_19_0,76,CoalizioniInstabili,Jain,NaN,NaN,NaN,0,1
CER_6_19_0,76,CoalizioniInstabili,Gini,NaN,NaN,NaN,0,1
CER_6_19_0,76,CoalizioniInstabili,FairnessIndex,NaN,NaN,NaN,0,1
CER_6_19_0,76,CoalizioniInstabili,Sigma,NaN,NaN,NaN,0,1
CER_6_19_0,76,CoalizioniInstabili,QuoteNulle,NaN,NaN,NaN,0,0
CER_6_19_0,76,CoalizioniInstabili,EccessoMax_EUR,NaN,NaN,NaN,0,0
CER_6_19_0,76,CoalizioniInstabili,CoalizioniInstabili,1,NaN,NaN,0,0
CER_6_19_0,76,CoalizioniInstabili,ForzaIncentivante,NaN,NaN,NaN,0,1
CER_6_19_0,76,CoalizioniInstabili,AllineamentoVirtu,NaN,NaN,NaN,0,1
CER_6_19_0,76,CoalizioniInstabili,ForzaIncentivante_lordo,NaN,NaN,NaN,0,1
CER_6_19_0,76,CoalizioniInstabili,AllineamentoVirtu_lordo,NaN,NaN,NaN,0,1
CER_6_19_0,76,CoalizioniInstabili,VAN_min_EUR,NaN,NaN,NaN,0,0
CER_6_19_0,76,ForzaIncentivante,MinMax_pro,NaN,NaN,NaN,1,0
CER_6_19_0,76,ForzaIncentivante,MinMax_con,-0.384615,24,54,1,1
CER_6_19_0,76,ForzaIncentivante,QoS_orig,-1,0,78,1,1
CER_6_19_0,76,ForzaIncentivante,QoS_new,-0.769231,9,69,1,1
CER_6_19_0,76,ForzaIncentivante,EI_orig,-0.948718,2,76,1,1
CER_6_19_0,76,ForzaIncentivante,EI_new,-0.512821,19,59,1,1
CER_6_19_0,76,ForzaIncentivante,Jain,-1,0,78,1,1
CER_6_19_0,76,ForzaIncentivante,Gini,-0.948718,2,76,1,1
CER_6_19_0,76,ForzaIncentivante,FairnessIndex,0.333333,52,26,1,1
CER_6_19_0,76,ForzaIncentivante,Sigma,0.307692,51,27,1,1
CER_6_19_0,76,ForzaIncentivante,QuoteNulle,NaN,NaN,NaN,1,0
CER_6_19_0,76,ForzaIncentivante,EccessoMax_EUR,NaN,NaN,NaN,1,0
CER_6_19_0,76,ForzaIncentivante,CoalizioniInstabili,NaN,NaN,NaN,1,0
CER_6_19_0,76,ForzaIncentivante,ForzaIncentivante,1,NaN,NaN,1,1
CER_6_19_0,76,ForzaIncentivante,AllineamentoVirtu,0.948718,76,2,1,1
CER_6_19_0,76,ForzaIncentivante,ForzaIncentivante_lordo,-0.871795,5,73,1,1
CER_6_19_0,76,ForzaIncentivante,AllineamentoVirtu_lordo,0.102564,43,35,1,1
CER_6_19_0,76,ForzaIncentivante,VAN_min_EUR,NaN,NaN,NaN,1,0
CER_6_19_0,76,AllineamentoVirtu,MinMax_pro,NaN,NaN,NaN,1,0
CER_6_19_0,76,AllineamentoVirtu,MinMax_con,-0.333333,26,52,1,1
CER_6_19_0,76,AllineamentoVirtu,QoS_orig,-0.948718,2,76,1,1
CER_6_19_0,76,AllineamentoVirtu,QoS_new,-0.717949,11,67,1,1
CER_6_19_0,76,AllineamentoVirtu,EI_orig,-0.897436,4,74,1,1
CER_6_19_0,76,AllineamentoVirtu,EI_new,-0.461538,21,57,1,1
CER_6_19_0,76,AllineamentoVirtu,Jain,-0.948718,2,76,1,1
CER_6_19_0,76,AllineamentoVirtu,Gini,-0.897436,4,74,1,1
CER_6_19_0,76,AllineamentoVirtu,FairnessIndex,0.333333,52,26,1,1
CER_6_19_0,76,AllineamentoVirtu,Sigma,0.307692,51,27,1,1
CER_6_19_0,76,AllineamentoVirtu,QuoteNulle,NaN,NaN,NaN,1,0
CER_6_19_0,76,AllineamentoVirtu,EccessoMax_EUR,NaN,NaN,NaN,1,0
CER_6_19_0,76,AllineamentoVirtu,CoalizioniInstabili,NaN,NaN,NaN,1,0
CER_6_19_0,76,AllineamentoVirtu,ForzaIncentivante,0.948718,76,2,1,1
CER_6_19_0,76,AllineamentoVirtu,AllineamentoVirtu,1,NaN,NaN,1,1
CER_6_19_0,76,AllineamentoVirtu,ForzaIncentivante_lordo,-0.820513,7,71,1,1
CER_6_19_0,76,AllineamentoVirtu,AllineamentoVirtu_lordo,0.102564,43,35,1,1
CER_6_19_0,76,AllineamentoVirtu,VAN_min_EUR,NaN,NaN,NaN,1,0
CER_6_19_0,76,ForzaIncentivante_lordo,MinMax_pro,NaN,NaN,NaN,1,0
CER_6_19_0,76,ForzaIncentivante_lordo,MinMax_con,0.461538,57,21,1,1
CER_6_19_0,76,ForzaIncentivante_lordo,QoS_orig,0.871795,73,5,1,1
CER_6_19_0,76,ForzaIncentivante_lordo,QoS_new,0.846154,72,6,1,1
CER_6_19_0,76,ForzaIncentivante_lordo,EI_orig,0.923077,75,3,1,1
CER_6_19_0,76,ForzaIncentivante_lordo,EI_new,0.641026,64,14,1,1
CER_6_19_0,76,ForzaIncentivante_lordo,Jain,0.871795,73,5,1,1
CER_6_19_0,76,ForzaIncentivante_lordo,Gini,0.923077,75,3,1,1
CER_6_19_0,76,ForzaIncentivante_lordo,FairnessIndex,-0.358974,25,53,1,1
CER_6_19_0,76,ForzaIncentivante_lordo,Sigma,-0.333333,26,52,1,1
CER_6_19_0,76,ForzaIncentivante_lordo,QuoteNulle,NaN,NaN,NaN,1,0
CER_6_19_0,76,ForzaIncentivante_lordo,EccessoMax_EUR,NaN,NaN,NaN,1,0
CER_6_19_0,76,ForzaIncentivante_lordo,CoalizioniInstabili,NaN,NaN,NaN,1,0
CER_6_19_0,76,ForzaIncentivante_lordo,ForzaIncentivante,-0.871795,5,73,1,1
CER_6_19_0,76,ForzaIncentivante_lordo,AllineamentoVirtu,-0.820513,7,71,1,1
CER_6_19_0,76,ForzaIncentivante_lordo,ForzaIncentivante_lordo,1,NaN,NaN,1,1
CER_6_19_0,76,ForzaIncentivante_lordo,AllineamentoVirtu_lordo,0.025641,40,38,1,1
CER_6_19_0,76,ForzaIncentivante_lordo,VAN_min_EUR,NaN,NaN,NaN,1,0
CER_6_19_0,76,AllineamentoVirtu_lordo,MinMax_pro,NaN,NaN,NaN,1,0
CER_6_19_0,76,AllineamentoVirtu_lordo,MinMax_con,0.461538,57,21,1,1
CER_6_19_0,76,AllineamentoVirtu_lordo,QoS_orig,-0.102564,35,43,1,1
CER_6_19_0,76,AllineamentoVirtu_lordo,QoS_new,0.128205,44,34,1,1
CER_6_19_0,76,AllineamentoVirtu_lordo,EI_orig,-0.0512821,37,41,1,1
CER_6_19_0,76,AllineamentoVirtu_lordo,EI_new,-0.179487,32,46,1,1
CER_6_19_0,76,AllineamentoVirtu_lordo,Jain,-0.102564,35,43,1,1
CER_6_19_0,76,AllineamentoVirtu_lordo,Gini,-0.0512821,37,41,1,1
CER_6_19_0,76,AllineamentoVirtu_lordo,FairnessIndex,-0.461538,21,57,1,1
CER_6_19_0,76,AllineamentoVirtu_lordo,Sigma,-0.487179,20,58,1,1
CER_6_19_0,76,AllineamentoVirtu_lordo,QuoteNulle,NaN,NaN,NaN,1,0
CER_6_19_0,76,AllineamentoVirtu_lordo,EccessoMax_EUR,NaN,NaN,NaN,1,0
CER_6_19_0,76,AllineamentoVirtu_lordo,CoalizioniInstabili,NaN,NaN,NaN,1,0
CER_6_19_0,76,AllineamentoVirtu_lordo,ForzaIncentivante,0.102564,43,35,1,1
CER_6_19_0,76,AllineamentoVirtu_lordo,AllineamentoVirtu,0.102564,43,35,1,1
CER_6_19_0,76,AllineamentoVirtu_lordo,ForzaIncentivante_lordo,0.025641,40,38,1,1
CER_6_19_0,76,AllineamentoVirtu_lordo,AllineamentoVirtu_lordo,1,NaN,NaN,1,1
CER_6_19_0,76,AllineamentoVirtu_lordo,VAN_min_EUR,NaN,NaN,NaN,1,0
CER_6_19_0,76,VAN_min_EUR,MinMax_pro,NaN,NaN,NaN,0,0
CER_6_19_0,76,VAN_min_EUR,MinMax_con,NaN,NaN,NaN,0,1
CER_6_19_0,76,VAN_min_EUR,QoS_orig,NaN,NaN,NaN,0,1
CER_6_19_0,76,VAN_min_EUR,QoS_new,NaN,NaN,NaN,0,1
CER_6_19_0,76,VAN_min_EUR,EI_orig,NaN,NaN,NaN,0,1
CER_6_19_0,76,VAN_min_EUR,EI_new,NaN,NaN,NaN,0,1
CER_6_19_0,76,VAN_min_EUR,Jain,NaN,NaN,NaN,0,1
CER_6_19_0,76,VAN_min_EUR,Gini,NaN,NaN,NaN,0,1
CER_6_19_0,76,VAN_min_EUR,FairnessIndex,NaN,NaN,NaN,0,1
CER_6_19_0,76,VAN_min_EUR,Sigma,NaN,NaN,NaN,0,1
CER_6_19_0,76,VAN_min_EUR,QuoteNulle,NaN,NaN,NaN,0,0
CER_6_19_0,76,VAN_min_EUR,EccessoMax_EUR,NaN,NaN,NaN,0,0
CER_6_19_0,76,VAN_min_EUR,CoalizioniInstabili,NaN,NaN,NaN,0,0
CER_6_19_0,76,VAN_min_EUR,ForzaIncentivante,NaN,NaN,NaN,0,1
CER_6_19_0,76,VAN_min_EUR,AllineamentoVirtu,NaN,NaN,NaN,0,1
CER_6_19_0,76,VAN_min_EUR,ForzaIncentivante_lordo,NaN,NaN,NaN,0,1
CER_6_19_0,76,VAN_min_EUR,AllineamentoVirtu_lordo,NaN,NaN,NaN,0,1
CER_6_19_0,76,VAN_min_EUR,VAN_min_EUR,1,NaN,NaN,0,0
CER_6_2_0,25,MinMax_pro,MinMax_pro,1,NaN,NaN,0,0
CER_6_2_0,25,MinMax_pro,MinMax_con,NaN,NaN,NaN,0,1
CER_6_2_0,25,MinMax_pro,QoS_orig,NaN,NaN,NaN,0,1
CER_6_2_0,25,MinMax_pro,QoS_new,NaN,NaN,NaN,0,1
CER_6_2_0,25,MinMax_pro,EI_orig,NaN,NaN,NaN,0,1
CER_6_2_0,25,MinMax_pro,EI_new,NaN,NaN,NaN,0,1
CER_6_2_0,25,MinMax_pro,Jain,NaN,NaN,NaN,0,1
CER_6_2_0,25,MinMax_pro,Gini,NaN,NaN,NaN,0,1
CER_6_2_0,25,MinMax_pro,FairnessIndex,NaN,NaN,NaN,0,1
CER_6_2_0,25,MinMax_pro,Sigma,NaN,NaN,NaN,0,1
CER_6_2_0,25,MinMax_pro,QuoteNulle,NaN,NaN,NaN,0,0
CER_6_2_0,25,MinMax_pro,EccessoMax_EUR,NaN,NaN,NaN,0,1
CER_6_2_0,25,MinMax_pro,CoalizioniInstabili,NaN,NaN,NaN,0,1
CER_6_2_0,25,MinMax_pro,ForzaIncentivante,NaN,NaN,NaN,0,1
CER_6_2_0,25,MinMax_pro,AllineamentoVirtu,NaN,NaN,NaN,0,1
CER_6_2_0,25,MinMax_pro,ForzaIncentivante_lordo,NaN,NaN,NaN,0,1
CER_6_2_0,25,MinMax_pro,AllineamentoVirtu_lordo,NaN,NaN,NaN,0,1
CER_6_2_0,25,MinMax_pro,VAN_min_EUR,NaN,NaN,NaN,0,0
CER_6_2_0,25,MinMax_con,MinMax_pro,NaN,NaN,NaN,1,0
CER_6_2_0,25,MinMax_con,MinMax_con,1,NaN,NaN,1,1
CER_6_2_0,25,MinMax_con,QoS_orig,0.25641,49,29,1,1
CER_6_2_0,25,MinMax_con,QoS_new,0.846154,72,6,1,1
CER_6_2_0,25,MinMax_con,EI_orig,0.25641,49,29,1,1
CER_6_2_0,25,MinMax_con,EI_new,0.333333,52,26,1,1
CER_6_2_0,25,MinMax_con,Jain,0.282051,50,28,1,1
CER_6_2_0,25,MinMax_con,Gini,0.25641,49,29,1,1
CER_6_2_0,25,MinMax_con,FairnessIndex,-0.179487,32,46,1,1
CER_6_2_0,25,MinMax_con,Sigma,-0.102564,35,43,1,1
CER_6_2_0,25,MinMax_con,QuoteNulle,NaN,NaN,NaN,1,0
CER_6_2_0,25,MinMax_con,EccessoMax_EUR,-0.307692,27,51,1,1
CER_6_2_0,25,MinMax_con,CoalizioniInstabili,-0.0519524,36,40,1,1
CER_6_2_0,25,MinMax_con,ForzaIncentivante,0.102564,43,35,1,1
CER_6_2_0,25,MinMax_con,AllineamentoVirtu,0.102564,43,35,1,1
CER_6_2_0,25,MinMax_con,ForzaIncentivante_lordo,0.384615,54,24,1,1
CER_6_2_0,25,MinMax_con,AllineamentoVirtu_lordo,0.435897,56,22,1,1
CER_6_2_0,25,MinMax_con,VAN_min_EUR,NaN,NaN,NaN,1,0
CER_6_2_0,25,QoS_orig,MinMax_pro,NaN,NaN,NaN,1,0
CER_6_2_0,25,QoS_orig,MinMax_con,0.25641,49,29,1,1
CER_6_2_0,25,QoS_orig,QoS_orig,1,NaN,NaN,1,1
CER_6_2_0,25,QoS_orig,QoS_new,0.410256,55,23,1,1
CER_6_2_0,25,QoS_orig,EI_orig,-0.0769231,36,42,1,1
CER_6_2_0,25,QoS_orig,EI_new,0,39,39,1,1
CER_6_2_0,25,QoS_orig,Jain,0.974359,77,1,1,1
CER_6_2_0,25,QoS_orig,Gini,-0.0769231,36,42,1,1
CER_6_2_0,25,QoS_orig,FairnessIndex,-0.717949,11,67,1,1
CER_6_2_0,25,QoS_orig,Sigma,-0.692308,12,66,1,1
CER_6_2_0,25,QoS_orig,QuoteNulle,NaN,NaN,NaN,1,0
CER_6_2_0,25,QoS_orig,EccessoMax_EUR,-0.487179,20,58,1,1
CER_6_2_0,25,QoS_orig,CoalizioniInstabili,-0.519524,18,58,1,1
CER_6_2_0,25,QoS_orig,ForzaIncentivante,0.794872,70,8,1,1
CER_6_2_0,25,QoS_orig,AllineamentoVirtu,0.794872,70,8,1,1
CER_6_2_0,25,QoS_orig,ForzaIncentivante_lordo,0.820513,71,7,1,1
CER_6_2_0,25,QoS_orig,AllineamentoVirtu_lordo,0.564103,61,17,1,1
CER_6_2_0,25,QoS_orig,VAN_min_EUR,NaN,NaN,NaN,1,0
CER_6_2_0,25,QoS_new,MinMax_pro,NaN,NaN,NaN,1,0
CER_6_2_0,25,QoS_new,MinMax_con,0.846154,72,6,1,1
CER_6_2_0,25,QoS_new,QoS_orig,0.410256,55,23,1,1
CER_6_2_0,25,QoS_new,QoS_new,1,NaN,NaN,1,1
CER_6_2_0,25,QoS_new,EI_orig,0.153846,45,33,1,1
CER_6_2_0,25,QoS_new,EI_new,0.179487,46,32,1,1
CER_6_2_0,25,QoS_new,Jain,0.435897,56,22,1,1
CER_6_2_0,25,QoS_new,Gini,0.153846,45,33,1,1
CER_6_2_0,25,QoS_new,FairnessIndex,-0.282051,28,50,1,1
CER_6_2_0,25,QoS_new,Sigma,-0.25641,29,49,1,1
CER_6_2_0,25,QoS_new,QuoteNulle,NaN,NaN,NaN,1,0
CER_6_2_0,25,QoS_new,EccessoMax_EUR,-0.358974,25,53,1,1
CER_6_2_0,25,QoS_new,CoalizioniInstabili,-0.181834,31,45,1,1
CER_6_2_0,25,QoS_new,ForzaIncentivante,0.205128,47,31,1,1
CER_6_2_0,25,QoS_new,AllineamentoVirtu,0.205128,47,31,1,1
CER_6_2_0,25,QoS_new,ForzaIncentivante_lordo,0.487179,58,20,1,1
CER_6_2_0,25,QoS_new,AllineamentoVirtu_lordo,0.487179,58,20,1,1
CER_6_2_0,25,QoS_new,VAN_min_EUR,NaN,NaN,NaN,1,0
CER_6_2_0,25,EI_orig,MinMax_pro,NaN,NaN,NaN,1,0
CER_6_2_0,25,EI_orig,MinMax_con,0.25641,49,29,1,1
CER_6_2_0,25,EI_orig,QoS_orig,-0.0769231,36,42,1,1
CER_6_2_0,25,EI_orig,QoS_new,0.153846,45,33,1,1
CER_6_2_0,25,EI_orig,EI_orig,1,NaN,NaN,1,1
CER_6_2_0,25,EI_orig,EI_new,0.25641,49,29,1,1
CER_6_2_0,25,EI_orig,Jain,-0.102564,35,43,1,1
CER_6_2_0,25,EI_orig,Gini,1,78,0,1,1
CER_6_2_0,25,EI_orig,FairnessIndex,0.307692,51,27,1,1
CER_6_2_0,25,EI_orig,Sigma,0.384615,54,24,1,1
CER_6_2_0,25,EI_orig,QuoteNulle,NaN,NaN,NaN,1,0
CER_6_2_0,25,EI_orig,EccessoMax_EUR,0.333333,52,26,1,1
CER_6_2_0,25,EI_orig,CoalizioniInstabili,0.545501,59,17,1,1
CER_6_2_0,25,EI_orig,ForzaIncentivante,-0.128205,34,44,1,1
CER_6_2_0,25,EI_orig,AllineamentoVirtu,-0.128205,34,44,1,1
CER_6_2_0,25,EI_orig,ForzaIncentivante_lordo,0,39,39,1,1
CER_6_2_0,25,EI_orig,AllineamentoVirtu_lordo,-0.25641,29,49,1,1
CER_6_2_0,25,EI_orig,VAN_min_EUR,NaN,NaN,NaN,1,0
CER_6_2_0,25,EI_new,MinMax_pro,NaN,NaN,NaN,1,0
CER_6_2_0,25,EI_new,MinMax_con,0.333333,52,26,1,1
CER_6_2_0,25,EI_new,QoS_orig,0,39,39,1,1
CER_6_2_0,25,EI_new,QoS_new,0.179487,46,32,1,1
CER_6_2_0,25,EI_new,EI_orig,0.25641,49,29,1,1
CER_6_2_0,25,EI_new,EI_new,1,NaN,NaN,1,1
CER_6_2_0,25,EI_new,Jain,0.025641,40,38,1,1
CER_6_2_0,25,EI_new,Gini,0.25641,49,29,1,1
CER_6_2_0,25,EI_new,FairnessIndex,0.128205,44,34,1,1
CER_6_2_0,25,EI_new,Sigma,0.205128,47,31,1,1
CER_6_2_0,25,EI_new,QuoteNulle,NaN,NaN,NaN,1,0
CER_6_2_0,25,EI_new,EccessoMax_EUR,0.205128,47,31,1,1
CER_6_2_0,25,EI_new,CoalizioniInstabili,0.233786,47,29,1,1
CER_6_2_0,25,EI_new,ForzaIncentivante,-0.102564,35,43,1,1
CER_6_2_0,25,EI_new,AllineamentoVirtu,-0.102564,35,43,1,1
CER_6_2_0,25,EI_new,ForzaIncentivante_lordo,-0.0769231,36,42,1,1
CER_6_2_0,25,EI_new,AllineamentoVirtu_lordo,-0.0769231,36,42,1,1
CER_6_2_0,25,EI_new,VAN_min_EUR,NaN,NaN,NaN,1,0
CER_6_2_0,25,Jain,MinMax_pro,NaN,NaN,NaN,1,0
CER_6_2_0,25,Jain,MinMax_con,0.282051,50,28,1,1
CER_6_2_0,25,Jain,QoS_orig,0.974359,77,1,1,1
CER_6_2_0,25,Jain,QoS_new,0.435897,56,22,1,1
CER_6_2_0,25,Jain,EI_orig,-0.102564,35,43,1,1
CER_6_2_0,25,Jain,EI_new,0.025641,40,38,1,1
CER_6_2_0,25,Jain,Jain,1,NaN,NaN,1,1
CER_6_2_0,25,Jain,Gini,-0.102564,35,43,1,1
CER_6_2_0,25,Jain,FairnessIndex,-0.692308,12,66,1,1
CER_6_2_0,25,Jain,Sigma,-0.666667,13,65,1,1
CER_6_2_0,25,Jain,QuoteNulle,NaN,NaN,NaN,1,0
CER_6_2_0,25,Jain,EccessoMax_EUR,-0.461538,21,57,1,1
CER_6_2_0,25,Jain,CoalizioniInstabili,-0.493548,19,57,1,1
CER_6_2_0,25,Jain,ForzaIncentivante,0.769231,69,9,1,1
CER_6_2_0,25,Jain,AllineamentoVirtu,0.769231,69,9,1,1
CER_6_2_0,25,Jain,ForzaIncentivante_lordo,0.794872,70,8,1,1
CER_6_2_0,25,Jain,AllineamentoVirtu_lordo,0.538462,60,18,1,1
CER_6_2_0,25,Jain,VAN_min_EUR,NaN,NaN,NaN,1,0
CER_6_2_0,25,Gini,MinMax_pro,NaN,NaN,NaN,1,0
CER_6_2_0,25,Gini,MinMax_con,0.25641,49,29,1,1
CER_6_2_0,25,Gini,QoS_orig,-0.0769231,36,42,1,1
CER_6_2_0,25,Gini,QoS_new,0.153846,45,33,1,1
CER_6_2_0,25,Gini,EI_orig,1,78,0,1,1
CER_6_2_0,25,Gini,EI_new,0.25641,49,29,1,1
CER_6_2_0,25,Gini,Jain,-0.102564,35,43,1,1
CER_6_2_0,25,Gini,Gini,1,NaN,NaN,1,1
CER_6_2_0,25,Gini,FairnessIndex,0.307692,51,27,1,1
CER_6_2_0,25,Gini,Sigma,0.384615,54,24,1,1
CER_6_2_0,25,Gini,QuoteNulle,NaN,NaN,NaN,1,0
CER_6_2_0,25,Gini,EccessoMax_EUR,0.333333,52,26,1,1
CER_6_2_0,25,Gini,CoalizioniInstabili,0.545501,59,17,1,1
CER_6_2_0,25,Gini,ForzaIncentivante,-0.128205,34,44,1,1
CER_6_2_0,25,Gini,AllineamentoVirtu,-0.128205,34,44,1,1
CER_6_2_0,25,Gini,ForzaIncentivante_lordo,0,39,39,1,1
CER_6_2_0,25,Gini,AllineamentoVirtu_lordo,-0.25641,29,49,1,1
CER_6_2_0,25,Gini,VAN_min_EUR,NaN,NaN,NaN,1,0
CER_6_2_0,25,FairnessIndex,MinMax_pro,NaN,NaN,NaN,1,0
CER_6_2_0,25,FairnessIndex,MinMax_con,-0.179487,32,46,1,1
CER_6_2_0,25,FairnessIndex,QoS_orig,-0.717949,11,67,1,1
CER_6_2_0,25,FairnessIndex,QoS_new,-0.282051,28,50,1,1
CER_6_2_0,25,FairnessIndex,EI_orig,0.307692,51,27,1,1
CER_6_2_0,25,FairnessIndex,EI_new,0.128205,44,34,1,1
CER_6_2_0,25,FairnessIndex,Jain,-0.692308,12,66,1,1
CER_6_2_0,25,FairnessIndex,Gini,0.307692,51,27,1,1
CER_6_2_0,25,FairnessIndex,FairnessIndex,1,NaN,NaN,1,1
CER_6_2_0,25,FairnessIndex,Sigma,0.923077,75,3,1,1
CER_6_2_0,25,FairnessIndex,QuoteNulle,NaN,NaN,NaN,1,0
CER_6_2_0,25,FairnessIndex,EccessoMax_EUR,0.769231,69,9,1,1
CER_6_2_0,25,FairnessIndex,CoalizioniInstabili,0.779287,68,8,1,1
CER_6_2_0,25,FairnessIndex,ForzaIncentivante,-0.769231,9,69,1,1
CER_6_2_0,25,FairnessIndex,AllineamentoVirtu,-0.769231,9,69,1,1
CER_6_2_0,25,FairnessIndex,ForzaIncentivante_lordo,-0.641026,14,64,1,1
CER_6_2_0,25,FairnessIndex,AllineamentoVirtu_lordo,-0.641026,14,64,1,1
CER_6_2_0,25,FairnessIndex,VAN_min_EUR,NaN,NaN,NaN,1,0
CER_6_2_0,25,Sigma,MinMax_pro,NaN,NaN,NaN,1,0
CER_6_2_0,25,Sigma,MinMax_con,-0.102564,35,43,1,1
CER_6_2_0,25,Sigma,QoS_orig,-0.692308,12,66,1,1
CER_6_2_0,25,Sigma,QoS_new,-0.25641,29,49,1,1
CER_6_2_0,25,Sigma,EI_orig,0.384615,54,24,1,1
CER_6_2_0,25,Sigma,EI_new,0.205128,47,31,1,1
CER_6_2_0,25,Sigma,Jain,-0.666667,13,65,1,1
CER_6_2_0,25,Sigma,Gini,0.384615,54,24,1,1
CER_6_2_0,25,Sigma,FairnessIndex,0.923077,75,3,1,1
CER_6_2_0,25,Sigma,Sigma,1,NaN,NaN,1,1
CER_6_2_0,25,Sigma,QuoteNulle,NaN,NaN,NaN,1,0
CER_6_2_0,25,Sigma,EccessoMax_EUR,0.692308,66,12,1,1
CER_6_2_0,25,Sigma,CoalizioniInstabili,0.727334,66,10,1,1
CER_6_2_0,25,Sigma,ForzaIncentivante,-0.692308,12,66,1,1
CER_6_2_0,25,Sigma,AllineamentoVirtu,-0.692308,12,66,1,1
CER_6_2_0,25,Sigma,ForzaIncentivante_lordo,-0.564103,17,61,1,1
CER_6_2_0,25,Sigma,AllineamentoVirtu_lordo,-0.564103,17,61,1,1
CER_6_2_0,25,Sigma,VAN_min_EUR,NaN,NaN,NaN,1,0
CER_6_2_0,25,QuoteNulle,MinMax_pro,NaN,NaN,NaN,0,0
CER_6_2_0,25,QuoteNulle,MinMax_con,NaN,NaN,NaN,0,1
CER_6_2_0,25,QuoteNulle,QoS_orig,NaN,NaN,NaN,0,1
CER_6_2_0,25,QuoteNulle,QoS_new,NaN,NaN,NaN,0,1
CER_6_2_0,25,QuoteNulle,EI_orig,NaN,NaN,NaN,0,1
CER_6_2_0,25,QuoteNulle,EI_new,NaN,NaN,NaN,0,1
CER_6_2_0,25,QuoteNulle,Jain,NaN,NaN,NaN,0,1
CER_6_2_0,25,QuoteNulle,Gini,NaN,NaN,NaN,0,1
CER_6_2_0,25,QuoteNulle,FairnessIndex,NaN,NaN,NaN,0,1
CER_6_2_0,25,QuoteNulle,Sigma,NaN,NaN,NaN,0,1
CER_6_2_0,25,QuoteNulle,QuoteNulle,1,NaN,NaN,0,0
CER_6_2_0,25,QuoteNulle,EccessoMax_EUR,NaN,NaN,NaN,0,1
CER_6_2_0,25,QuoteNulle,CoalizioniInstabili,NaN,NaN,NaN,0,1
CER_6_2_0,25,QuoteNulle,ForzaIncentivante,NaN,NaN,NaN,0,1
CER_6_2_0,25,QuoteNulle,AllineamentoVirtu,NaN,NaN,NaN,0,1
CER_6_2_0,25,QuoteNulle,ForzaIncentivante_lordo,NaN,NaN,NaN,0,1
CER_6_2_0,25,QuoteNulle,AllineamentoVirtu_lordo,NaN,NaN,NaN,0,1
CER_6_2_0,25,QuoteNulle,VAN_min_EUR,NaN,NaN,NaN,0,0
CER_6_2_0,25,EccessoMax_EUR,MinMax_pro,NaN,NaN,NaN,1,0
CER_6_2_0,25,EccessoMax_EUR,MinMax_con,-0.307692,27,51,1,1
CER_6_2_0,25,EccessoMax_EUR,QoS_orig,-0.487179,20,58,1,1
CER_6_2_0,25,EccessoMax_EUR,QoS_new,-0.358974,25,53,1,1
CER_6_2_0,25,EccessoMax_EUR,EI_orig,0.333333,52,26,1,1
CER_6_2_0,25,EccessoMax_EUR,EI_new,0.205128,47,31,1,1
CER_6_2_0,25,EccessoMax_EUR,Jain,-0.461538,21,57,1,1
CER_6_2_0,25,EccessoMax_EUR,Gini,0.333333,52,26,1,1
CER_6_2_0,25,EccessoMax_EUR,FairnessIndex,0.769231,69,9,1,1
CER_6_2_0,25,EccessoMax_EUR,Sigma,0.692308,66,12,1,1
CER_6_2_0,25,EccessoMax_EUR,QuoteNulle,NaN,NaN,NaN,1,0
CER_6_2_0,25,EccessoMax_EUR,EccessoMax_EUR,1,NaN,NaN,1,1
CER_6_2_0,25,EccessoMax_EUR,CoalizioniInstabili,0.75331,67,9,1,1
CER_6_2_0,25,EccessoMax_EUR,ForzaIncentivante,-0.538462,18,60,1,1
CER_6_2_0,25,EccessoMax_EUR,AllineamentoVirtu,-0.538462,18,60,1,1
CER_6_2_0,25,EccessoMax_EUR,ForzaIncentivante_lordo,-0.615385,15,63,1,1
CER_6_2_0,25,EccessoMax_EUR,AllineamentoVirtu_lordo,-0.871795,5,73,1,1
CER_6_2_0,25,EccessoMax_EUR,VAN_min_EUR,NaN,NaN,NaN,1,0
CER_6_2_0,25,CoalizioniInstabili,MinMax_pro,NaN,NaN,NaN,1,0
CER_6_2_0,25,CoalizioniInstabili,MinMax_con,-0.0519524,36,40,1,1
CER_6_2_0,25,CoalizioniInstabili,QoS_orig,-0.519524,18,58,1,1
CER_6_2_0,25,CoalizioniInstabili,QoS_new,-0.181834,31,45,1,1
CER_6_2_0,25,CoalizioniInstabili,EI_orig,0.545501,59,17,1,1
CER_6_2_0,25,CoalizioniInstabili,EI_new,0.233786,47,29,1,1
CER_6_2_0,25,CoalizioniInstabili,Jain,-0.493548,19,57,1,1
CER_6_2_0,25,CoalizioniInstabili,Gini,0.545501,59,17,1,1
CER_6_2_0,25,CoalizioniInstabili,FairnessIndex,0.779287,68,8,1,1
CER_6_2_0,25,CoalizioniInstabili,Sigma,0.727334,66,10,1,1
CER_6_2_0,25,CoalizioniInstabili,QuoteNulle,NaN,NaN,NaN,1,0
CER_6_2_0,25,CoalizioniInstabili,EccessoMax_EUR,0.75331,67,9,1,1
CER_6_2_0,25,CoalizioniInstabili,CoalizioniInstabili,1,NaN,NaN,1,1
CER_6_2_0,25,CoalizioniInstabili,ForzaIncentivante,-0.545501,17,59,1,1
CER_6_2_0,25,CoalizioniInstabili,AllineamentoVirtu,-0.545501,17,59,1,1
CER_6_2_0,25,CoalizioniInstabili,ForzaIncentivante_lordo,-0.415619,22,54,1,1
CER_6_2_0,25,CoalizioniInstabili,AllineamentoVirtu_lordo,-0.623429,14,62,1,1
CER_6_2_0,25,CoalizioniInstabili,VAN_min_EUR,NaN,NaN,NaN,1,0
CER_6_2_0,25,ForzaIncentivante,MinMax_pro,NaN,NaN,NaN,1,0
CER_6_2_0,25,ForzaIncentivante,MinMax_con,0.102564,43,35,1,1
CER_6_2_0,25,ForzaIncentivante,QoS_orig,0.794872,70,8,1,1
CER_6_2_0,25,ForzaIncentivante,QoS_new,0.205128,47,31,1,1
CER_6_2_0,25,ForzaIncentivante,EI_orig,-0.128205,34,44,1,1
CER_6_2_0,25,ForzaIncentivante,EI_new,-0.102564,35,43,1,1
CER_6_2_0,25,ForzaIncentivante,Jain,0.769231,69,9,1,1
CER_6_2_0,25,ForzaIncentivante,Gini,-0.128205,34,44,1,1
CER_6_2_0,25,ForzaIncentivante,FairnessIndex,-0.769231,9,69,1,1
CER_6_2_0,25,ForzaIncentivante,Sigma,-0.692308,12,66,1,1
CER_6_2_0,25,ForzaIncentivante,QuoteNulle,NaN,NaN,NaN,1,0
CER_6_2_0,25,ForzaIncentivante,EccessoMax_EUR,-0.538462,18,60,1,1
CER_6_2_0,25,ForzaIncentivante,CoalizioniInstabili,-0.545501,17,59,1,1
CER_6_2_0,25,ForzaIncentivante,ForzaIncentivante,1,NaN,NaN,1,1
CER_6_2_0,25,ForzaIncentivante,AllineamentoVirtu,1,78,0,1,1
CER_6_2_0,25,ForzaIncentivante,ForzaIncentivante_lordo,0.666667,65,13,1,1
CER_6_2_0,25,ForzaIncentivante,AllineamentoVirtu_lordo,0.410256,55,23,1,1
CER_6_2_0,25,ForzaIncentivante,VAN_min_EUR,NaN,NaN,NaN,1,0
CER_6_2_0,25,AllineamentoVirtu,MinMax_pro,NaN,NaN,NaN,1,0
CER_6_2_0,25,AllineamentoVirtu,MinMax_con,0.102564,43,35,1,1
CER_6_2_0,25,AllineamentoVirtu,QoS_orig,0.794872,70,8,1,1
CER_6_2_0,25,AllineamentoVirtu,QoS_new,0.205128,47,31,1,1
CER_6_2_0,25,AllineamentoVirtu,EI_orig,-0.128205,34,44,1,1
CER_6_2_0,25,AllineamentoVirtu,EI_new,-0.102564,35,43,1,1
CER_6_2_0,25,AllineamentoVirtu,Jain,0.769231,69,9,1,1
CER_6_2_0,25,AllineamentoVirtu,Gini,-0.128205,34,44,1,1
CER_6_2_0,25,AllineamentoVirtu,FairnessIndex,-0.769231,9,69,1,1
CER_6_2_0,25,AllineamentoVirtu,Sigma,-0.692308,12,66,1,1
CER_6_2_0,25,AllineamentoVirtu,QuoteNulle,NaN,NaN,NaN,1,0
CER_6_2_0,25,AllineamentoVirtu,EccessoMax_EUR,-0.538462,18,60,1,1
CER_6_2_0,25,AllineamentoVirtu,CoalizioniInstabili,-0.545501,17,59,1,1
CER_6_2_0,25,AllineamentoVirtu,ForzaIncentivante,1,78,0,1,1
CER_6_2_0,25,AllineamentoVirtu,AllineamentoVirtu,1,NaN,NaN,1,1
CER_6_2_0,25,AllineamentoVirtu,ForzaIncentivante_lordo,0.666667,65,13,1,1
CER_6_2_0,25,AllineamentoVirtu,AllineamentoVirtu_lordo,0.410256,55,23,1,1
CER_6_2_0,25,AllineamentoVirtu,VAN_min_EUR,NaN,NaN,NaN,1,0
CER_6_2_0,25,ForzaIncentivante_lordo,MinMax_pro,NaN,NaN,NaN,1,0
CER_6_2_0,25,ForzaIncentivante_lordo,MinMax_con,0.384615,54,24,1,1
CER_6_2_0,25,ForzaIncentivante_lordo,QoS_orig,0.820513,71,7,1,1
CER_6_2_0,25,ForzaIncentivante_lordo,QoS_new,0.487179,58,20,1,1
CER_6_2_0,25,ForzaIncentivante_lordo,EI_orig,0,39,39,1,1
CER_6_2_0,25,ForzaIncentivante_lordo,EI_new,-0.0769231,36,42,1,1
CER_6_2_0,25,ForzaIncentivante_lordo,Jain,0.794872,70,8,1,1
CER_6_2_0,25,ForzaIncentivante_lordo,Gini,0,39,39,1,1
CER_6_2_0,25,ForzaIncentivante_lordo,FairnessIndex,-0.641026,14,64,1,1
CER_6_2_0,25,ForzaIncentivante_lordo,Sigma,-0.564103,17,61,1,1
CER_6_2_0,25,ForzaIncentivante_lordo,QuoteNulle,NaN,NaN,NaN,1,0
CER_6_2_0,25,ForzaIncentivante_lordo,EccessoMax_EUR,-0.615385,15,63,1,1
CER_6_2_0,25,ForzaIncentivante_lordo,CoalizioniInstabili,-0.415619,22,54,1,1
CER_6_2_0,25,ForzaIncentivante_lordo,ForzaIncentivante,0.666667,65,13,1,1
CER_6_2_0,25,ForzaIncentivante_lordo,AllineamentoVirtu,0.666667,65,13,1,1
CER_6_2_0,25,ForzaIncentivante_lordo,ForzaIncentivante_lordo,1,NaN,NaN,1,1
CER_6_2_0,25,ForzaIncentivante_lordo,AllineamentoVirtu_lordo,0.74359,68,10,1,1
CER_6_2_0,25,ForzaIncentivante_lordo,VAN_min_EUR,NaN,NaN,NaN,1,0
CER_6_2_0,25,AllineamentoVirtu_lordo,MinMax_pro,NaN,NaN,NaN,1,0
CER_6_2_0,25,AllineamentoVirtu_lordo,MinMax_con,0.435897,56,22,1,1
CER_6_2_0,25,AllineamentoVirtu_lordo,QoS_orig,0.564103,61,17,1,1
CER_6_2_0,25,AllineamentoVirtu_lordo,QoS_new,0.487179,58,20,1,1
CER_6_2_0,25,AllineamentoVirtu_lordo,EI_orig,-0.25641,29,49,1,1
CER_6_2_0,25,AllineamentoVirtu_lordo,EI_new,-0.0769231,36,42,1,1
CER_6_2_0,25,AllineamentoVirtu_lordo,Jain,0.538462,60,18,1,1
CER_6_2_0,25,AllineamentoVirtu_lordo,Gini,-0.25641,29,49,1,1
CER_6_2_0,25,AllineamentoVirtu_lordo,FairnessIndex,-0.641026,14,64,1,1
CER_6_2_0,25,AllineamentoVirtu_lordo,Sigma,-0.564103,17,61,1,1
CER_6_2_0,25,AllineamentoVirtu_lordo,QuoteNulle,NaN,NaN,NaN,1,0
CER_6_2_0,25,AllineamentoVirtu_lordo,EccessoMax_EUR,-0.871795,5,73,1,1
CER_6_2_0,25,AllineamentoVirtu_lordo,CoalizioniInstabili,-0.623429,14,62,1,1
CER_6_2_0,25,AllineamentoVirtu_lordo,ForzaIncentivante,0.410256,55,23,1,1
CER_6_2_0,25,AllineamentoVirtu_lordo,AllineamentoVirtu,0.410256,55,23,1,1
CER_6_2_0,25,AllineamentoVirtu_lordo,ForzaIncentivante_lordo,0.74359,68,10,1,1
CER_6_2_0,25,AllineamentoVirtu_lordo,AllineamentoVirtu_lordo,1,NaN,NaN,1,1
CER_6_2_0,25,AllineamentoVirtu_lordo,VAN_min_EUR,NaN,NaN,NaN,1,0
CER_6_2_0,25,VAN_min_EUR,MinMax_pro,NaN,NaN,NaN,0,0
CER_6_2_0,25,VAN_min_EUR,MinMax_con,NaN,NaN,NaN,0,1
CER_6_2_0,25,VAN_min_EUR,QoS_orig,NaN,NaN,NaN,0,1
CER_6_2_0,25,VAN_min_EUR,QoS_new,NaN,NaN,NaN,0,1
CER_6_2_0,25,VAN_min_EUR,EI_orig,NaN,NaN,NaN,0,1
CER_6_2_0,25,VAN_min_EUR,EI_new,NaN,NaN,NaN,0,1
CER_6_2_0,25,VAN_min_EUR,Jain,NaN,NaN,NaN,0,1
CER_6_2_0,25,VAN_min_EUR,Gini,NaN,NaN,NaN,0,1
CER_6_2_0,25,VAN_min_EUR,FairnessIndex,NaN,NaN,NaN,0,1
CER_6_2_0,25,VAN_min_EUR,Sigma,NaN,NaN,NaN,0,1
CER_6_2_0,25,VAN_min_EUR,QuoteNulle,NaN,NaN,NaN,0,0
CER_6_2_0,25,VAN_min_EUR,EccessoMax_EUR,NaN,NaN,NaN,0,1
CER_6_2_0,25,VAN_min_EUR,CoalizioniInstabili,NaN,NaN,NaN,0,1
CER_6_2_0,25,VAN_min_EUR,ForzaIncentivante,NaN,NaN,NaN,0,1
CER_6_2_0,25,VAN_min_EUR,AllineamentoVirtu,NaN,NaN,NaN,0,1
CER_6_2_0,25,VAN_min_EUR,ForzaIncentivante_lordo,NaN,NaN,NaN,0,1
CER_6_2_0,25,VAN_min_EUR,AllineamentoVirtu_lordo,NaN,NaN,NaN,0,1
CER_6_2_0,25,VAN_min_EUR,VAN_min_EUR,1,NaN,NaN,0,0
CER_7_3_0,30,MinMax_pro,MinMax_pro,1,NaN,NaN,0,0
CER_7_3_0,30,MinMax_pro,MinMax_con,NaN,NaN,NaN,0,1
CER_7_3_0,30,MinMax_pro,QoS_orig,NaN,NaN,NaN,0,1
CER_7_3_0,30,MinMax_pro,QoS_new,NaN,NaN,NaN,0,1
CER_7_3_0,30,MinMax_pro,EI_orig,NaN,NaN,NaN,0,1
CER_7_3_0,30,MinMax_pro,EI_new,NaN,NaN,NaN,0,1
CER_7_3_0,30,MinMax_pro,Jain,NaN,NaN,NaN,0,1
CER_7_3_0,30,MinMax_pro,Gini,NaN,NaN,NaN,0,1
CER_7_3_0,30,MinMax_pro,FairnessIndex,NaN,NaN,NaN,0,1
CER_7_3_0,30,MinMax_pro,Sigma,NaN,NaN,NaN,0,1
CER_7_3_0,30,MinMax_pro,QuoteNulle,NaN,NaN,NaN,0,0
CER_7_3_0,30,MinMax_pro,EccessoMax_EUR,NaN,NaN,NaN,0,1
CER_7_3_0,30,MinMax_pro,CoalizioniInstabili,NaN,NaN,NaN,0,1
CER_7_3_0,30,MinMax_pro,ForzaIncentivante,NaN,NaN,NaN,0,1
CER_7_3_0,30,MinMax_pro,AllineamentoVirtu,NaN,NaN,NaN,0,1
CER_7_3_0,30,MinMax_pro,ForzaIncentivante_lordo,NaN,NaN,NaN,0,1
CER_7_3_0,30,MinMax_pro,AllineamentoVirtu_lordo,NaN,NaN,NaN,0,1
CER_7_3_0,30,MinMax_pro,VAN_min_EUR,NaN,NaN,NaN,0,0
CER_7_3_0,30,MinMax_con,MinMax_pro,NaN,NaN,NaN,1,0
CER_7_3_0,30,MinMax_con,MinMax_con,1,NaN,NaN,1,1
CER_7_3_0,30,MinMax_con,QoS_orig,0.025641,40,38,1,1
CER_7_3_0,30,MinMax_con,QoS_new,0.974359,77,1,1,1
CER_7_3_0,30,MinMax_con,EI_orig,0.230769,48,30,1,1
CER_7_3_0,30,MinMax_con,EI_new,0.384615,54,24,1,1
CER_7_3_0,30,MinMax_con,Jain,0.102564,43,35,1,1
CER_7_3_0,30,MinMax_con,Gini,0.230769,48,30,1,1
CER_7_3_0,30,MinMax_con,FairnessIndex,-0.128205,34,44,1,1
CER_7_3_0,30,MinMax_con,Sigma,-0.128205,34,44,1,1
CER_7_3_0,30,MinMax_con,QuoteNulle,NaN,NaN,NaN,1,0
CER_7_3_0,30,MinMax_con,EccessoMax_EUR,-0.410256,23,55,1,1
CER_7_3_0,30,MinMax_con,CoalizioniInstabili,0.065372,40,35,1,1
CER_7_3_0,30,MinMax_con,ForzaIncentivante,-0.102564,35,43,1,1
CER_7_3_0,30,MinMax_con,AllineamentoVirtu,-0.102564,35,43,1,1
CER_7_3_0,30,MinMax_con,ForzaIncentivante_lordo,0.025641,40,38,1,1
CER_7_3_0,30,MinMax_con,AllineamentoVirtu_lordo,0.102564,43,35,1,1
CER_7_3_0,30,MinMax_con,VAN_min_EUR,NaN,NaN,NaN,1,0
CER_7_3_0,30,QoS_orig,MinMax_pro,NaN,NaN,NaN,1,0
CER_7_3_0,30,QoS_orig,MinMax_con,0.025641,40,38,1,1
CER_7_3_0,30,QoS_orig,QoS_orig,1,NaN,NaN,1,1
CER_7_3_0,30,QoS_orig,QoS_new,0,39,39,1,1
CER_7_3_0,30,QoS_orig,EI_orig,-0.384615,24,54,1,1
CER_7_3_0,30,QoS_orig,EI_new,-0.487179,20,58,1,1
CER_7_3_0,30,QoS_orig,Jain,0.923077,75,3,1,1
CER_7_3_0,30,QoS_orig,Gini,-0.384615,24,54,1,1
CER_7_3_0,30,QoS_orig,FairnessIndex,-0.538462,18,60,1,1
CER_7_3_0,30,QoS_orig,Sigma,-0.538462,18,60,1,1
CER_7_3_0,30,QoS_orig,QuoteNulle,NaN,NaN,NaN,1,0
CER_7_3_0,30,QoS_orig,EccessoMax_EUR,-0.205128,31,47,1,1
CER_7_3_0,30,QoS_orig,CoalizioniInstabili,-0.353009,24,51,1,1
CER_7_3_0,30,QoS_orig,ForzaIncentivante,0.871795,73,5,1,1
CER_7_3_0,30,QoS_orig,AllineamentoVirtu,0.871795,73,5,1,1
CER_7_3_0,30,QoS_orig,ForzaIncentivante_lordo,0.846154,72,6,1,1
CER_7_3_0,30,QoS_orig,AllineamentoVirtu_lordo,0.461538,57,21,1,1
CER_7_3_0,30,QoS_orig,VAN_min_EUR,NaN,NaN,NaN,1,0
CER_7_3_0,30,QoS_new,MinMax_pro,NaN,NaN,NaN,1,0
CER_7_3_0,30,QoS_new,MinMax_con,0.974359,77,1,1,1
CER_7_3_0,30,QoS_new,QoS_orig,0,39,39,1,1
CER_7_3_0,30,QoS_new,QoS_new,1,NaN,NaN,1,1
CER_7_3_0,30,QoS_new,EI_orig,0.25641,49,29,1,1
CER_7_3_0,30,QoS_new,EI_new,0.410256,55,23,1,1
CER_7_3_0,30,QoS_new,Jain,0.0769231,42,36,1,1
CER_7_3_0,30,QoS_new,Gini,0.25641,49,29,1,1
CER_7_3_0,30,QoS_new,FairnessIndex,-0.102564,35,43,1,1
CER_7_3_0,30,QoS_new,Sigma,-0.102564,35,43,1,1
CER_7_3_0,30,QoS_new,QuoteNulle,NaN,NaN,NaN,1,0
CER_7_3_0,30,QoS_new,EccessoMax_EUR,-0.384615,24,54,1,1
CER_7_3_0,30,QoS_new,CoalizioniInstabili,0.0915209,41,34,1,1
CER_7_3_0,30,QoS_new,ForzaIncentivante,-0.128205,34,44,1,1
CER_7_3_0,30,QoS_new,AllineamentoVirtu,-0.128205,34,44,1,1
CER_7_3_0,30,QoS_new,ForzaIncentivante_lordo,0,39,39,1,1
CER_7_3_0,30,QoS_new,AllineamentoVirtu_lordo,0.0769231,42,36,1,1
CER_7_3_0,30,QoS_new,VAN_min_EUR,NaN,NaN,NaN,1,0
CER_7_3_0,30,EI_orig,MinMax_pro,NaN,NaN,NaN,1,0
CER_7_3_0,30,EI_orig,MinMax_con,0.230769,48,30,1,1
CER_7_3_0,30,EI_orig,QoS_orig,-0.384615,24,54,1,1
CER_7_3_0,30,EI_orig,QoS_new,0.25641,49,29,1,1
CER_7_3_0,30,EI_orig,EI_orig,1,NaN,NaN,1,1
CER_7_3_0,30,EI_orig,EI_new,0.538462,60,18,1,1
CER_7_3_0,30,EI_orig,Jain,-0.307692,27,51,1,1
CER_7_3_0,30,EI_orig,Gini,1,78,0,1,1
CER_7_3_0,30,EI_orig,FairnessIndex,0.487179,58,20,1,1
CER_7_3_0,30,EI_orig,Sigma,0.487179,58,20,1,1
CER_7_3_0,30,EI_orig,QuoteNulle,NaN,NaN,NaN,1,0
CER_7_3_0,30,EI_orig,EccessoMax_EUR,0.205128,47,31,1,1
CER_7_3_0,30,EI_orig,CoalizioniInstabili,0.640646,62,13,1,1
CER_7_3_0,30,EI_orig,ForzaIncentivante,-0.358974,25,53,1,1
CER_7_3_0,30,EI_orig,AllineamentoVirtu,-0.358974,25,53,1,1
CER_7_3_0,30,EI_orig,ForzaIncentivante_lordo,-0.384615,24,54,1,1
CER_7_3_0,30,EI_orig,AllineamentoVirtu_lordo,0,39,39,1,1
CER_7_3_0,30,EI_orig,VAN_min_EUR,NaN,NaN,NaN,1,0
CER_7_3_0,30,EI_new,MinMax_pro,NaN,NaN,NaN,1,0
CER_7_3_0,30,EI_new,MinMax_con,0.384615,54,24,1,1
CER_7_3_0,30,EI_new,QoS_orig,-0.487179,20,58,1,1
CER_7_3_0,30,EI_new,QoS_new,0.410256,55,23,1,1
CER_7_3_0,30,EI_new,EI_orig,0.538462,60,18,1,1
CER_7_3_0,30,EI_new,EI_new,1,NaN,NaN,1,1
CER_7_3_0,30,EI_new,Jain,-0.461538,21,57,1,1
CER_7_3_0,30,EI_new,Gini,0.538462,60,18,1,1
CER_7_3_0,30,EI_new,FairnessIndex,0.128205,44,34,1,1
CER_7_3_0,30,EI_new,Sigma,0.128205,44,34,1,1
CER_7_3_0,30,EI_new,QuoteNulle,NaN,NaN,NaN,1,0
CER_7_3_0,30,EI_new,EccessoMax_EUR,-0.102564,35,43,1,1
CER_7_3_0,30,EI_new,CoalizioniInstabili,0.353009,51,24,1,1
CER_7_3_0,30,EI_new,ForzaIncentivante,-0.461538,21,57,1,1
CER_7_3_0,30,EI_new,AllineamentoVirtu,-0.461538,21,57,1,1
CER_7_3_0,30,EI_new,ForzaIncentivante_lordo,-0.487179,20,58,1,1
CER_7_3_0,30,EI_new,AllineamentoVirtu_lordo,-0.25641,29,49,1,1
CER_7_3_0,30,EI_new,VAN_min_EUR,NaN,NaN,NaN,1,0
CER_7_3_0,30,Jain,MinMax_pro,NaN,NaN,NaN,1,0
CER_7_3_0,30,Jain,MinMax_con,0.102564,43,35,1,1
CER_7_3_0,30,Jain,QoS_orig,0.923077,75,3,1,1
CER_7_3_0,30,Jain,QoS_new,0.0769231,42,36,1,1
CER_7_3_0,30,Jain,EI_orig,-0.307692,27,51,1,1
CER_7_3_0,30,Jain,EI_new,-0.461538,21,57,1,1
CER_7_3_0,30,Jain,Jain,1,NaN,NaN,1,1
CER_7_3_0,30,Jain,Gini,-0.307692,27,51,1,1
CER_7_3_0,30,Jain,FairnessIndex,-0.615385,15,63,1,1
CER_7_3_0,30,Jain,Sigma,-0.615385,15,63,1,1
CER_7_3_0,30,Jain,QuoteNulle,NaN,NaN,NaN,1,0
CER_7_3_0,30,Jain,EccessoMax_EUR,-0.282051,28,50,1,1
CER_7_3_0,30,Jain,CoalizioniInstabili,-0.431455,21,54,1,1
CER_7_3_0,30,Jain,ForzaIncentivante,0.794872,70,8,1,1
CER_7_3_0,30,Jain,AllineamentoVirtu,0.794872,70,8,1,1
CER_7_3_0,30,Jain,ForzaIncentivante_lordo,0.769231,69,9,1,1
CER_7_3_0,30,Jain,AllineamentoVirtu_lordo,0.384615,54,24,1,1
CER_7_3_0,30,Jain,VAN_min_EUR,NaN,NaN,NaN,1,0
CER_7_3_0,30,Gini,MinMax_pro,NaN,NaN,NaN,1,0
CER_7_3_0,30,Gini,MinMax_con,0.230769,48,30,1,1
CER_7_3_0,30,Gini,QoS_orig,-0.384615,24,54,1,1
CER_7_3_0,30,Gini,QoS_new,0.25641,49,29,1,1
CER_7_3_0,30,Gini,EI_orig,1,78,0,1,1
CER_7_3_0,30,Gini,EI_new,0.538462,60,18,1,1
CER_7_3_0,30,Gini,Jain,-0.307692,27,51,1,1
CER_7_3_0,30,Gini,Gini,1,NaN,NaN,1,1
CER_7_3_0,30,Gini,FairnessIndex,0.487179,58,20,1,1
CER_7_3_0,30,Gini,Sigma,0.487179,58,20,1,1
CER_7_3_0,30,Gini,QuoteNulle,NaN,NaN,NaN,1,0
CER_7_3_0,30,Gini,EccessoMax_EUR,0.205128,47,31,1,1
CER_7_3_0,30,Gini,CoalizioniInstabili,0.640646,62,13,1,1
CER_7_3_0,30,Gini,ForzaIncentivante,-0.358974,25,53,1,1
CER_7_3_0,30,Gini,AllineamentoVirtu,-0.358974,25,53,1,1
CER_7_3_0,30,Gini,ForzaIncentivante_lordo,-0.384615,24,54,1,1
CER_7_3_0,30,Gini,AllineamentoVirtu_lordo,0,39,39,1,1
CER_7_3_0,30,Gini,VAN_min_EUR,NaN,NaN,NaN,1,0
CER_7_3_0,30,FairnessIndex,MinMax_pro,NaN,NaN,NaN,1,0
CER_7_3_0,30,FairnessIndex,MinMax_con,-0.128205,34,44,1,1
CER_7_3_0,30,FairnessIndex,QoS_orig,-0.538462,18,60,1,1
CER_7_3_0,30,FairnessIndex,QoS_new,-0.102564,35,43,1,1
CER_7_3_0,30,FairnessIndex,EI_orig,0.487179,58,20,1,1
CER_7_3_0,30,FairnessIndex,EI_new,0.128205,44,34,1,1
CER_7_3_0,30,FairnessIndex,Jain,-0.615385,15,63,1,1
CER_7_3_0,30,FairnessIndex,Gini,0.487179,58,20,1,1
CER_7_3_0,30,FairnessIndex,FairnessIndex,1,NaN,NaN,1,1
CER_7_3_0,30,FairnessIndex,Sigma,1,78,0,1,1
CER_7_3_0,30,FairnessIndex,QuoteNulle,NaN,NaN,NaN,1,0
CER_7_3_0,30,FairnessIndex,EccessoMax_EUR,0.615385,63,15,1,1
CER_7_3_0,30,FairnessIndex,CoalizioniInstabili,0.745241,66,9,1,1
CER_7_3_0,30,FairnessIndex,ForzaIncentivante,-0.461538,21,57,1,1
CER_7_3_0,30,FairnessIndex,AllineamentoVirtu,-0.461538,21,57,1,1
CER_7_3_0,30,FairnessIndex,ForzaIncentivante_lordo,-0.384615,24,54,1,1
CER_7_3_0,30,FairnessIndex,AllineamentoVirtu_lordo,0,39,39,1,1
CER_7_3_0,30,FairnessIndex,VAN_min_EUR,NaN,NaN,NaN,1,0
CER_7_3_0,30,Sigma,MinMax_pro,NaN,NaN,NaN,1,0
CER_7_3_0,30,Sigma,MinMax_con,-0.128205,34,44,1,1
CER_7_3_0,30,Sigma,QoS_orig,-0.538462,18,60,1,1
CER_7_3_0,30,Sigma,QoS_new,-0.102564,35,43,1,1
CER_7_3_0,30,Sigma,EI_orig,0.487179,58,20,1,1
CER_7_3_0,30,Sigma,EI_new,0.128205,44,34,1,1
CER_7_3_0,30,Sigma,Jain,-0.615385,15,63,1,1
CER_7_3_0,30,Sigma,Gini,0.487179,58,20,1,1
CER_7_3_0,30,Sigma,FairnessIndex,1,78,0,1,1
CER_7_3_0,30,Sigma,Sigma,1,NaN,NaN,1,1
CER_7_3_0,30,Sigma,QuoteNulle,NaN,NaN,NaN,1,0
CER_7_3_0,30,Sigma,EccessoMax_EUR,0.615385,63,15,1,1
CER_7_3_0,30,Sigma,CoalizioniInstabili,0.745241,66,9,1,1
CER_7_3_0,30,Sigma,ForzaIncentivante,-0.461538,21,57,1,1
CER_7_3_0,30,Sigma,AllineamentoVirtu,-0.461538,21,57,1,1
CER_7_3_0,30,Sigma,ForzaIncentivante_lordo,-0.384615,24,54,1,1
CER_7_3_0,30,Sigma,AllineamentoVirtu_lordo,0,39,39,1,1
CER_7_3_0,30,Sigma,VAN_min_EUR,NaN,NaN,NaN,1,0
CER_7_3_0,30,QuoteNulle,MinMax_pro,NaN,NaN,NaN,0,0
CER_7_3_0,30,QuoteNulle,MinMax_con,NaN,NaN,NaN,0,1
CER_7_3_0,30,QuoteNulle,QoS_orig,NaN,NaN,NaN,0,1
CER_7_3_0,30,QuoteNulle,QoS_new,NaN,NaN,NaN,0,1
CER_7_3_0,30,QuoteNulle,EI_orig,NaN,NaN,NaN,0,1
CER_7_3_0,30,QuoteNulle,EI_new,NaN,NaN,NaN,0,1
CER_7_3_0,30,QuoteNulle,Jain,NaN,NaN,NaN,0,1
CER_7_3_0,30,QuoteNulle,Gini,NaN,NaN,NaN,0,1
CER_7_3_0,30,QuoteNulle,FairnessIndex,NaN,NaN,NaN,0,1
CER_7_3_0,30,QuoteNulle,Sigma,NaN,NaN,NaN,0,1
CER_7_3_0,30,QuoteNulle,QuoteNulle,1,NaN,NaN,0,0
CER_7_3_0,30,QuoteNulle,EccessoMax_EUR,NaN,NaN,NaN,0,1
CER_7_3_0,30,QuoteNulle,CoalizioniInstabili,NaN,NaN,NaN,0,1
CER_7_3_0,30,QuoteNulle,ForzaIncentivante,NaN,NaN,NaN,0,1
CER_7_3_0,30,QuoteNulle,AllineamentoVirtu,NaN,NaN,NaN,0,1
CER_7_3_0,30,QuoteNulle,ForzaIncentivante_lordo,NaN,NaN,NaN,0,1
CER_7_3_0,30,QuoteNulle,AllineamentoVirtu_lordo,NaN,NaN,NaN,0,1
CER_7_3_0,30,QuoteNulle,VAN_min_EUR,NaN,NaN,NaN,0,0
CER_7_3_0,30,EccessoMax_EUR,MinMax_pro,NaN,NaN,NaN,1,0
CER_7_3_0,30,EccessoMax_EUR,MinMax_con,-0.410256,23,55,1,1
CER_7_3_0,30,EccessoMax_EUR,QoS_orig,-0.205128,31,47,1,1
CER_7_3_0,30,EccessoMax_EUR,QoS_new,-0.384615,24,54,1,1
CER_7_3_0,30,EccessoMax_EUR,EI_orig,0.205128,47,31,1,1
CER_7_3_0,30,EccessoMax_EUR,EI_new,-0.102564,35,43,1,1
CER_7_3_0,30,EccessoMax_EUR,Jain,-0.282051,28,50,1,1
CER_7_3_0,30,EccessoMax_EUR,Gini,0.205128,47,31,1,1
CER_7_3_0,30,EccessoMax_EUR,FairnessIndex,0.615385,63,15,1,1
CER_7_3_0,30,EccessoMax_EUR,Sigma,0.615385,63,15,1,1
CER_7_3_0,30,EccessoMax_EUR,QuoteNulle,NaN,NaN,NaN,1,0
CER_7_3_0,30,EccessoMax_EUR,EccessoMax_EUR,1,NaN,NaN,1,1
CER_7_3_0,30,EccessoMax_EUR,CoalizioniInstabili,0.509902,57,18,1,1
CER_7_3_0,30,EccessoMax_EUR,ForzaIncentivante,-0.128205,34,44,1,1
CER_7_3_0,30,EccessoMax_EUR,AllineamentoVirtu,-0.128205,34,44,1,1
CER_7_3_0,30,EccessoMax_EUR,ForzaIncentivante_lordo,-0.0512821,37,41,1,1
CER_7_3_0,30,EccessoMax_EUR,AllineamentoVirtu_lordo,0.282051,50,28,1,1
CER_7_3_0,30,EccessoMax_EUR,VAN_min_EUR,NaN,NaN,NaN,1,0
CER_7_3_0,30,CoalizioniInstabili,MinMax_pro,NaN,NaN,NaN,1,0
CER_7_3_0,30,CoalizioniInstabili,MinMax_con,0.065372,40,35,1,1
CER_7_3_0,30,CoalizioniInstabili,QoS_orig,-0.353009,24,51,1,1
CER_7_3_0,30,CoalizioniInstabili,QoS_new,0.0915209,41,34,1,1
CER_7_3_0,30,CoalizioniInstabili,EI_orig,0.640646,62,13,1,1
CER_7_3_0,30,CoalizioniInstabili,EI_new,0.353009,51,24,1,1
CER_7_3_0,30,CoalizioniInstabili,Jain,-0.431455,21,54,1,1
CER_7_3_0,30,CoalizioniInstabili,Gini,0.640646,62,13,1,1
CER_7_3_0,30,CoalizioniInstabili,FairnessIndex,0.745241,66,9,1,1
CER_7_3_0,30,CoalizioniInstabili,Sigma,0.745241,66,9,1,1
CER_7_3_0,30,CoalizioniInstabili,QuoteNulle,NaN,NaN,NaN,1,0
CER_7_3_0,30,CoalizioniInstabili,EccessoMax_EUR,0.509902,57,18,1,1
CER_7_3_0,30,CoalizioniInstabili,CoalizioniInstabili,1,NaN,NaN,1,1
CER_7_3_0,30,CoalizioniInstabili,ForzaIncentivante,-0.274563,27,48,1,1
CER_7_3_0,30,CoalizioniInstabili,AllineamentoVirtu,-0.274563,27,48,1,1
CER_7_3_0,30,CoalizioniInstabili,ForzaIncentivante_lordo,-0.196116,30,45,1,1
CER_7_3_0,30,CoalizioniInstabili,AllineamentoVirtu_lordo,0.196116,45,30,1,1
CER_7_3_0,30,CoalizioniInstabili,VAN_min_EUR,NaN,NaN,NaN,1,0
CER_7_3_0,30,ForzaIncentivante,MinMax_pro,NaN,NaN,NaN,1,0
CER_7_3_0,30,ForzaIncentivante,MinMax_con,-0.102564,35,43,1,1
CER_7_3_0,30,ForzaIncentivante,QoS_orig,0.871795,73,5,1,1
CER_7_3_0,30,ForzaIncentivante,QoS_new,-0.128205,34,44,1,1
CER_7_3_0,30,ForzaIncentivante,EI_orig,-0.358974,25,53,1,1
CER_7_3_0,30,ForzaIncentivante,EI_new,-0.461538,21,57,1,1
CER_7_3_0,30,ForzaIncentivante,Jain,0.794872,70,8,1,1
CER_7_3_0,30,ForzaIncentivante,Gini,-0.358974,25,53,1,1
CER_7_3_0,30,ForzaIncentivante,FairnessIndex,-0.461538,21,57,1,1
CER_7_3_0,30,ForzaIncentivante,Sigma,-0.461538,21,57,1,1
CER_7_3_0,30,ForzaIncentivante,QuoteNulle,NaN,NaN,NaN,1,0
CER_7_3_0,30,ForzaIncentivante,EccessoMax_EUR,-0.128205,34,44,1,1
CER_7_3_0,30,ForzaIncentivante,CoalizioniInstabili,-0.274563,27,48,1,1
CER_7_3_0,30,ForzaIncentivante,ForzaIncentivante,1,NaN,NaN,1,1
CER_7_3_0,30,ForzaIncentivante,AllineamentoVirtu,1,78,0,1,1
CER_7_3_0,30,ForzaIncentivante,ForzaIncentivante_lordo,0.820513,71,7,1,1
CER_7_3_0,30,ForzaIncentivante,AllineamentoVirtu_lordo,0.487179,58,20,1,1
CER_7_3_0,30,ForzaIncentivante,VAN_min_EUR,NaN,NaN,NaN,1,0
CER_7_3_0,30,AllineamentoVirtu,MinMax_pro,NaN,NaN,NaN,1,0
CER_7_3_0,30,AllineamentoVirtu,MinMax_con,-0.102564,35,43,1,1
CER_7_3_0,30,AllineamentoVirtu,QoS_orig,0.871795,73,5,1,1
CER_7_3_0,30,AllineamentoVirtu,QoS_new,-0.128205,34,44,1,1
CER_7_3_0,30,AllineamentoVirtu,EI_orig,-0.358974,25,53,1,1
CER_7_3_0,30,AllineamentoVirtu,EI_new,-0.461538,21,57,1,1
CER_7_3_0,30,AllineamentoVirtu,Jain,0.794872,70,8,1,1
CER_7_3_0,30,AllineamentoVirtu,Gini,-0.358974,25,53,1,1
CER_7_3_0,30,AllineamentoVirtu,FairnessIndex,-0.461538,21,57,1,1
CER_7_3_0,30,AllineamentoVirtu,Sigma,-0.461538,21,57,1,1
CER_7_3_0,30,AllineamentoVirtu,QuoteNulle,NaN,NaN,NaN,1,0
CER_7_3_0,30,AllineamentoVirtu,EccessoMax_EUR,-0.128205,34,44,1,1
CER_7_3_0,30,AllineamentoVirtu,CoalizioniInstabili,-0.274563,27,48,1,1
CER_7_3_0,30,AllineamentoVirtu,ForzaIncentivante,1,78,0,1,1
CER_7_3_0,30,AllineamentoVirtu,AllineamentoVirtu,1,NaN,NaN,1,1
CER_7_3_0,30,AllineamentoVirtu,ForzaIncentivante_lordo,0.820513,71,7,1,1
CER_7_3_0,30,AllineamentoVirtu,AllineamentoVirtu_lordo,0.487179,58,20,1,1
CER_7_3_0,30,AllineamentoVirtu,VAN_min_EUR,NaN,NaN,NaN,1,0
CER_7_3_0,30,ForzaIncentivante_lordo,MinMax_pro,NaN,NaN,NaN,1,0
CER_7_3_0,30,ForzaIncentivante_lordo,MinMax_con,0.025641,40,38,1,1
CER_7_3_0,30,ForzaIncentivante_lordo,QoS_orig,0.846154,72,6,1,1
CER_7_3_0,30,ForzaIncentivante_lordo,QoS_new,0,39,39,1,1
CER_7_3_0,30,ForzaIncentivante_lordo,EI_orig,-0.384615,24,54,1,1
CER_7_3_0,30,ForzaIncentivante_lordo,EI_new,-0.487179,20,58,1,1
CER_7_3_0,30,ForzaIncentivante_lordo,Jain,0.769231,69,9,1,1
CER_7_3_0,30,ForzaIncentivante_lordo,Gini,-0.384615,24,54,1,1
CER_7_3_0,30,ForzaIncentivante_lordo,FairnessIndex,-0.384615,24,54,1,1
CER_7_3_0,30,ForzaIncentivante_lordo,Sigma,-0.384615,24,54,1,1
CER_7_3_0,30,ForzaIncentivante_lordo,QuoteNulle,NaN,NaN,NaN,1,0
CER_7_3_0,30,ForzaIncentivante_lordo,EccessoMax_EUR,-0.0512821,37,41,1,1
CER_7_3_0,30,ForzaIncentivante_lordo,CoalizioniInstabili,-0.196116,30,45,1,1
CER_7_3_0,30,ForzaIncentivante_lordo,ForzaIncentivante,0.820513,71,7,1,1
CER_7_3_0,30,ForzaIncentivante_lordo,AllineamentoVirtu,0.820513,71,7,1,1
CER_7_3_0,30,ForzaIncentivante_lordo,ForzaIncentivante_lordo,1,NaN,NaN,1,1
CER_7_3_0,30,ForzaIncentivante_lordo,AllineamentoVirtu_lordo,0.615385,63,15,1,1
CER_7_3_0,30,ForzaIncentivante_lordo,VAN_min_EUR,NaN,NaN,NaN,1,0
CER_7_3_0,30,AllineamentoVirtu_lordo,MinMax_pro,NaN,NaN,NaN,1,0
CER_7_3_0,30,AllineamentoVirtu_lordo,MinMax_con,0.102564,43,35,1,1
CER_7_3_0,30,AllineamentoVirtu_lordo,QoS_orig,0.461538,57,21,1,1
CER_7_3_0,30,AllineamentoVirtu_lordo,QoS_new,0.0769231,42,36,1,1
CER_7_3_0,30,AllineamentoVirtu_lordo,EI_orig,0,39,39,1,1
CER_7_3_0,30,AllineamentoVirtu_lordo,EI_new,-0.25641,29,49,1,1
CER_7_3_0,30,AllineamentoVirtu_lordo,Jain,0.384615,54,24,1,1
CER_7_3_0,30,AllineamentoVirtu_lordo,Gini,0,39,39,1,1
CER_7_3_0,30,AllineamentoVirtu_lordo,FairnessIndex,0,39,39,1,1
CER_7_3_0,30,AllineamentoVirtu_lordo,Sigma,0,39,39,1,1
CER_7_3_0,30,AllineamentoVirtu_lordo,QuoteNulle,NaN,NaN,NaN,1,0
CER_7_3_0,30,AllineamentoVirtu_lordo,EccessoMax_EUR,0.282051,50,28,1,1
CER_7_3_0,30,AllineamentoVirtu_lordo,CoalizioniInstabili,0.196116,45,30,1,1
CER_7_3_0,30,AllineamentoVirtu_lordo,ForzaIncentivante,0.487179,58,20,1,1
CER_7_3_0,30,AllineamentoVirtu_lordo,AllineamentoVirtu,0.487179,58,20,1,1
CER_7_3_0,30,AllineamentoVirtu_lordo,ForzaIncentivante_lordo,0.615385,63,15,1,1
CER_7_3_0,30,AllineamentoVirtu_lordo,AllineamentoVirtu_lordo,1,NaN,NaN,1,1
CER_7_3_0,30,AllineamentoVirtu_lordo,VAN_min_EUR,NaN,NaN,NaN,1,0
CER_7_3_0,30,VAN_min_EUR,MinMax_pro,NaN,NaN,NaN,0,0
CER_7_3_0,30,VAN_min_EUR,MinMax_con,NaN,NaN,NaN,0,1
CER_7_3_0,30,VAN_min_EUR,QoS_orig,NaN,NaN,NaN,0,1
CER_7_3_0,30,VAN_min_EUR,QoS_new,NaN,NaN,NaN,0,1
CER_7_3_0,30,VAN_min_EUR,EI_orig,NaN,NaN,NaN,0,1
CER_7_3_0,30,VAN_min_EUR,EI_new,NaN,NaN,NaN,0,1
CER_7_3_0,30,VAN_min_EUR,Jain,NaN,NaN,NaN,0,1
CER_7_3_0,30,VAN_min_EUR,Gini,NaN,NaN,NaN,0,1
CER_7_3_0,30,VAN_min_EUR,FairnessIndex,NaN,NaN,NaN,0,1
CER_7_3_0,30,VAN_min_EUR,Sigma,NaN,NaN,NaN,0,1
CER_7_3_0,30,VAN_min_EUR,QuoteNulle,NaN,NaN,NaN,0,0
CER_7_3_0,30,VAN_min_EUR,EccessoMax_EUR,NaN,NaN,NaN,0,1
CER_7_3_0,30,VAN_min_EUR,CoalizioniInstabili,NaN,NaN,NaN,0,1
CER_7_3_0,30,VAN_min_EUR,ForzaIncentivante,NaN,NaN,NaN,0,1
CER_7_3_0,30,VAN_min_EUR,AllineamentoVirtu,NaN,NaN,NaN,0,1
CER_7_3_0,30,VAN_min_EUR,ForzaIncentivante_lordo,NaN,NaN,NaN,0,1
CER_7_3_0,30,VAN_min_EUR,AllineamentoVirtu_lordo,NaN,NaN,NaN,0,1
CER_7_3_0,30,VAN_min_EUR,VAN_min_EUR,1,NaN,NaN,0,0
CER_7_8_0,53.33,MinMax_pro,MinMax_pro,1,NaN,NaN,0,0
CER_7_8_0,53.33,MinMax_pro,MinMax_con,NaN,NaN,NaN,0,1
CER_7_8_0,53.33,MinMax_pro,QoS_orig,NaN,NaN,NaN,0,1
CER_7_8_0,53.33,MinMax_pro,QoS_new,NaN,NaN,NaN,0,1
CER_7_8_0,53.33,MinMax_pro,EI_orig,NaN,NaN,NaN,0,1
CER_7_8_0,53.33,MinMax_pro,EI_new,NaN,NaN,NaN,0,1
CER_7_8_0,53.33,MinMax_pro,Jain,NaN,NaN,NaN,0,1
CER_7_8_0,53.33,MinMax_pro,Gini,NaN,NaN,NaN,0,1
CER_7_8_0,53.33,MinMax_pro,FairnessIndex,NaN,NaN,NaN,0,1
CER_7_8_0,53.33,MinMax_pro,Sigma,NaN,NaN,NaN,0,1
CER_7_8_0,53.33,MinMax_pro,QuoteNulle,NaN,NaN,NaN,0,0
CER_7_8_0,53.33,MinMax_pro,EccessoMax_EUR,NaN,NaN,NaN,0,1
CER_7_8_0,53.33,MinMax_pro,CoalizioniInstabili,NaN,NaN,NaN,0,1
CER_7_8_0,53.33,MinMax_pro,ForzaIncentivante,NaN,NaN,NaN,0,1
CER_7_8_0,53.33,MinMax_pro,AllineamentoVirtu,NaN,NaN,NaN,0,1
CER_7_8_0,53.33,MinMax_pro,ForzaIncentivante_lordo,NaN,NaN,NaN,0,1
CER_7_8_0,53.33,MinMax_pro,AllineamentoVirtu_lordo,NaN,NaN,NaN,0,1
CER_7_8_0,53.33,MinMax_pro,VAN_min_EUR,NaN,NaN,NaN,0,0
CER_7_8_0,53.33,MinMax_con,MinMax_pro,NaN,NaN,NaN,1,0
CER_7_8_0,53.33,MinMax_con,MinMax_con,1,NaN,NaN,1,1
CER_7_8_0,53.33,MinMax_con,QoS_orig,0.282051,50,28,1,1
CER_7_8_0,53.33,MinMax_con,QoS_new,0.820513,71,7,1,1
CER_7_8_0,53.33,MinMax_con,EI_orig,0.102564,43,35,1,1
CER_7_8_0,53.33,MinMax_con,EI_new,0.0512821,41,37,1,1
CER_7_8_0,53.33,MinMax_con,Jain,0.435897,56,22,1,1
CER_7_8_0,53.33,MinMax_con,Gini,0.102564,43,35,1,1
CER_7_8_0,53.33,MinMax_con,FairnessIndex,-0.512821,19,59,1,1
CER_7_8_0,53.33,MinMax_con,Sigma,-0.512821,19,59,1,1
CER_7_8_0,53.33,MinMax_con,QuoteNulle,NaN,NaN,NaN,1,0
CER_7_8_0,53.33,MinMax_con,EccessoMax_EUR,-0.461538,21,57,1,1
CER_7_8_0,53.33,MinMax_con,CoalizioniInstabili,-0.503236,19,58,1,1
CER_7_8_0,53.33,MinMax_con,ForzaIncentivante,-0.0512821,37,41,1,1
CER_7_8_0,53.33,MinMax_con,AllineamentoVirtu,0.025641,40,38,1,1
CER_7_8_0,53.33,MinMax_con,ForzaIncentivante_lordo,0.025641,40,38,1,1
CER_7_8_0,53.33,MinMax_con,AllineamentoVirtu_lordo,-0.025641,38,40,1,1
CER_7_8_0,53.33,MinMax_con,VAN_min_EUR,NaN,NaN,NaN,1,0
CER_7_8_0,53.33,QoS_orig,MinMax_pro,NaN,NaN,NaN,1,0
CER_7_8_0,53.33,QoS_orig,MinMax_con,0.282051,50,28,1,1
CER_7_8_0,53.33,QoS_orig,QoS_orig,1,NaN,NaN,1,1
CER_7_8_0,53.33,QoS_orig,QoS_new,0.410256,55,23,1,1
CER_7_8_0,53.33,QoS_orig,EI_orig,0.666667,65,13,1,1
CER_7_8_0,53.33,QoS_orig,EI_new,0.615385,63,15,1,1
CER_7_8_0,53.33,QoS_orig,Jain,0.74359,68,10,1,1
CER_7_8_0,53.33,QoS_orig,Gini,0.666667,65,13,1,1
CER_7_8_0,53.33,QoS_orig,FairnessIndex,-0.461538,21,57,1,1
CER_7_8_0,53.33,QoS_orig,Sigma,-0.461538,21,57,1,1
CER_7_8_0,53.33,QoS_orig,QuoteNulle,NaN,NaN,NaN,1,0
CER_7_8_0,53.33,QoS_orig,EccessoMax_EUR,-0.512821,19,59,1,1
CER_7_8_0,53.33,QoS_orig,CoalizioniInstabili,-0.451622,21,56,1,1
CER_7_8_0,53.33,QoS_orig,ForzaIncentivante,-0.615385,15,63,1,1
CER_7_8_0,53.33,QoS_orig,AllineamentoVirtu,-0.692308,12,66,1,1
CER_7_8_0,53.33,QoS_orig,ForzaIncentivante_lordo,-0.692308,12,66,1,1
CER_7_8_0,53.33,QoS_orig,AllineamentoVirtu_lordo,-0.538462,18,60,1,1
CER_7_8_0,53.33,QoS_orig,VAN_min_EUR,NaN,NaN,NaN,1,0
CER_7_8_0,53.33,QoS_new,MinMax_pro,NaN,NaN,NaN,1,0
CER_7_8_0,53.33,QoS_new,MinMax_con,0.820513,71,7,1,1
CER_7_8_0,53.33,QoS_new,QoS_orig,0.410256,55,23,1,1
CER_7_8_0,53.33,QoS_new,QoS_new,1,NaN,NaN,1,1
CER_7_8_0,53.33,QoS_new,EI_orig,0.128205,44,34,1,1
CER_7_8_0,53.33,QoS_new,EI_new,0.128205,44,34,1,1
CER_7_8_0,53.33,QoS_new,Jain,0.615385,63,15,1,1
CER_7_8_0,53.33,QoS_new,Gini,0.128205,44,34,1,1
CER_7_8_0,53.33,QoS_new,FairnessIndex,-0.589744,16,62,1,1
CER_7_8_0,53.33,QoS_new,Sigma,-0.589744,16,62,1,1
CER_7_8_0,53.33,QoS_new,QuoteNulle,NaN,NaN,NaN,1,0
CER_7_8_0,53.33,QoS_new,EccessoMax_EUR,-0.538462,18,60,1,1
CER_7_8_0,53.33,QoS_new,CoalizioniInstabili,-0.580657,16,61,1,1
CER_7_8_0,53.33,QoS_new,ForzaIncentivante,-0.0769231,36,42,1,1
CER_7_8_0,53.33,QoS_new,AllineamentoVirtu,-0.102564,35,43,1,1
CER_7_8_0,53.33,QoS_new,ForzaIncentivante_lordo,-0.102564,35,43,1,1
CER_7_8_0,53.33,QoS_new,AllineamentoVirtu_lordo,-0.205128,31,47,1,1
CER_7_8_0,53.33,QoS_new,VAN_min_EUR,NaN,NaN,NaN,1,0
CER_7_8_0,53.33,EI_orig,MinMax_pro,NaN,NaN,NaN,1,0
CER_7_8_0,53.33,EI_orig,MinMax_con,0.102564,43,35,1,1
CER_7_8_0,53.33,EI_orig,QoS_orig,0.666667,65,13,1,1
CER_7_8_0,53.33,EI_orig,QoS_new,0.128205,44,34,1,1
CER_7_8_0,53.33,EI_orig,EI_orig,1,NaN,NaN,1,1
CER_7_8_0,53.33,EI_orig,EI_new,0.435897,56,22,1,1
CER_7_8_0,53.33,EI_orig,Jain,0.410256,55,23,1,1
CER_7_8_0,53.33,EI_orig,Gini,1,78,0,1,1
CER_7_8_0,53.33,EI_orig,FairnessIndex,-0.179487,32,46,1,1
CER_7_8_0,53.33,EI_orig,Sigma,-0.179487,32,46,1,1
CER_7_8_0,53.33,EI_orig,QuoteNulle,NaN,NaN,NaN,1,0
CER_7_8_0,53.33,EI_orig,EccessoMax_EUR,-0.230769,30,48,1,1
CER_7_8_0,53.33,EI_orig,CoalizioniInstabili,-0.167745,32,45,1,1
CER_7_8_0,53.33,EI_orig,ForzaIncentivante,-0.846154,6,72,1,1
CER_7_8_0,53.33,EI_orig,AllineamentoVirtu,-0.769231,9,69,1,1
CER_7_8_0,53.33,EI_orig,ForzaIncentivante_lordo,-0.769231,9,69,1,1
CER_7_8_0,53.33,EI_orig,AllineamentoVirtu_lordo,-0.615385,15,63,1,1
CER_7_8_0,53.33,EI_orig,VAN_min_EUR,NaN,NaN,NaN,1,0
CER_7_8_0,53.33,EI_new,MinMax_pro,NaN,NaN,NaN,1,0
CER_7_8_0,53.33,EI_new,MinMax_con,0.0512821,41,37,1,1
CER_7_8_0,53.33,EI_new,QoS_orig,0.615385,63,15,1,1
CER_7_8_0,53.33,EI_new,QoS_new,0.128205,44,34,1,1
CER_7_8_0,53.33,EI_new,EI_orig,0.435897,56,22,1,1
CER_7_8_0,53.33,EI_new,EI_new,1,NaN,NaN,1,1
CER_7_8_0,53.33,EI_new,Jain,0.461538,57,21,1,1
CER_7_8_0,53.33,EI_new,Gini,0.435897,56,22,1,1
CER_7_8_0,53.33,EI_new,FairnessIndex,-0.282051,28,50,1,1
CER_7_8_0,53.33,EI_new,Sigma,-0.282051,28,50,1,1
CER_7_8_0,53.33,EI_new,QuoteNulle,NaN,NaN,NaN,1,0
CER_7_8_0,53.33,EI_new,EccessoMax_EUR,-0.333333,26,52,1,1
CER_7_8_0,53.33,EI_new,CoalizioniInstabili,-0.29678,27,50,1,1
CER_7_8_0,53.33,EI_new,ForzaIncentivante,-0.282051,28,50,1,1
CER_7_8_0,53.33,EI_new,AllineamentoVirtu,-0.358974,25,53,1,1
CER_7_8_0,53.33,EI_new,ForzaIncentivante_lordo,-0.358974,25,53,1,1
CER_7_8_0,53.33,EI_new,AllineamentoVirtu_lordo,-0.25641,29,49,1,1
CER_7_8_0,53.33,EI_new,VAN_min_EUR,NaN,NaN,NaN,1,0
CER_7_8_0,53.33,Jain,MinMax_pro,NaN,NaN,NaN,1,0
CER_7_8_0,53.33,Jain,MinMax_con,0.435897,56,22,1,1
CER_7_8_0,53.33,Jain,QoS_orig,0.74359,68,10,1,1
CER_7_8_0,53.33,Jain,QoS_new,0.615385,63,15,1,1
CER_7_8_0,53.33,Jain,EI_orig,0.410256,55,23,1,1
CER_7_8_0,53.33,Jain,EI_new,0.461538,57,21,1,1
CER_7_8_0,53.33,Jain,Jain,1,NaN,NaN,1,1
CER_7_8_0,53.33,Jain,Gini,0.410256,55,23,1,1
CER_7_8_0,53.33,Jain,FairnessIndex,-0.615385,15,63,1,1
CER_7_8_0,53.33,Jain,Sigma,-0.615385,15,63,1,1
CER_7_8_0,53.33,Jain,QuoteNulle,NaN,NaN,NaN,1,0
CER_7_8_0,53.33,Jain,EccessoMax_EUR,-0.717949,11,67,1,1
CER_7_8_0,53.33,Jain,CoalizioniInstabili,-0.658078,13,64,1,1
CER_7_8_0,53.33,Jain,ForzaIncentivante,-0.358974,25,53,1,1
CER_7_8_0,53.33,Jain,AllineamentoVirtu,-0.435897,22,56,1,1
CER_7_8_0,53.33,Jain,ForzaIncentivante_lordo,-0.435897,22,56,1,1
CER_7_8_0,53.33,Jain,AllineamentoVirtu_lordo,-0.487179,20,58,1,1
CER_7_8_0,53.33,Jain,VAN_min_EUR,NaN,NaN,NaN,1,0
CER_7_8_0,53.33,Gini,MinMax_pro,NaN,NaN,NaN,1,0
CER_7_8_0,53.33,Gini,MinMax_con,0.102564,43,35,1,1
CER_7_8_0,53.33,Gini,QoS_orig,0.666667,65,13,1,1
CER_7_8_0,53.33,Gini,QoS_new,0.128205,44,34,1,1
CER_7_8_0,53.33,Gini,EI_orig,1,78,0,1,1
CER_7_8_0,53.33,Gini,EI_new,0.435897,56,22,1,1
CER_7_8_0,53.33,Gini,Jain,0.410256,55,23,1,1
CER_7_8_0,53.33,Gini,Gini,1,NaN,NaN,1,1
CER_7_8_0,53.33,Gini,FairnessIndex,-0.179487,32,46,1,1
CER_7_8_0,53.33,Gini,Sigma,-0.179487,32,46,1,1
CER_7_8_0,53.33,Gini,QuoteNulle,NaN,NaN,NaN,1,0
CER_7_8_0,53.33,Gini,EccessoMax_EUR,-0.230769,30,48,1,1
CER_7_8_0,53.33,Gini,CoalizioniInstabili,-0.167745,32,45,1,1
CER_7_8_0,53.33,Gini,ForzaIncentivante,-0.846154,6,72,1,1
CER_7_8_0,53.33,Gini,AllineamentoVirtu,-0.769231,9,69,1,1
CER_7_8_0,53.33,Gini,ForzaIncentivante_lordo,-0.769231,9,69,1,1
CER_7_8_0,53.33,Gini,AllineamentoVirtu_lordo,-0.615385,15,63,1,1
CER_7_8_0,53.33,Gini,VAN_min_EUR,NaN,NaN,NaN,1,0
CER_7_8_0,53.33,FairnessIndex,MinMax_pro,NaN,NaN,NaN,1,0
CER_7_8_0,53.33,FairnessIndex,MinMax_con,-0.512821,19,59,1,1
CER_7_8_0,53.33,FairnessIndex,QoS_orig,-0.461538,21,57,1,1
CER_7_8_0,53.33,FairnessIndex,QoS_new,-0.589744,16,62,1,1
CER_7_8_0,53.33,FairnessIndex,EI_orig,-0.179487,32,46,1,1
CER_7_8_0,53.33,FairnessIndex,EI_new,-0.282051,28,50,1,1
CER_7_8_0,53.33,FairnessIndex,Jain,-0.615385,15,63,1,1
CER_7_8_0,53.33,FairnessIndex,Gini,-0.179487,32,46,1,1
CER_7_8_0,53.33,FairnessIndex,FairnessIndex,1,NaN,NaN,1,1
CER_7_8_0,53.33,FairnessIndex,Sigma,1,78,0,1,1
CER_7_8_0,53.33,FairnessIndex,QuoteNulle,NaN,NaN,NaN,1,0
CER_7_8_0,53.33,FairnessIndex,EccessoMax_EUR,0.897436,74,4,1,1
CER_7_8_0,53.33,FairnessIndex,CoalizioniInstabili,0.967762,76,1,1,1
CER_7_8_0,53.33,FairnessIndex,ForzaIncentivante,0.179487,46,32,1,1
CER_7_8_0,53.33,FairnessIndex,AllineamentoVirtu,0.25641,49,29,1,1
CER_7_8_0,53.33,FairnessIndex,ForzaIncentivante_lordo,0.25641,49,29,1,1
CER_7_8_0,53.33,FairnessIndex,AllineamentoVirtu_lordo,0.358974,53,25,1,1
CER_7_8_0,53.33,FairnessIndex,VAN_min_EUR,NaN,NaN,NaN,1,0
CER_7_8_0,53.33,Sigma,MinMax_pro,NaN,NaN,NaN,1,0
CER_7_8_0,53.33,Sigma,MinMax_con,-0.512821,19,59,1,1
CER_7_8_0,53.33,Sigma,QoS_orig,-0.461538,21,57,1,1
CER_7_8_0,53.33,Sigma,QoS_new,-0.589744,16,62,1,1
CER_7_8_0,53.33,Sigma,EI_orig,-0.179487,32,46,1,1
CER_7_8_0,53.33,Sigma,EI_new,-0.282051,28,50,1,1
CER_7_8_0,53.33,Sigma,Jain,-0.615385,15,63,1,1
CER_7_8_0,53.33,Sigma,Gini,-0.179487,32,46,1,1
CER_7_8_0,53.33,Sigma,FairnessIndex,1,78,0,1,1
CER_7_8_0,53.33,Sigma,Sigma,1,NaN,NaN,1,1
CER_7_8_0,53.33,Sigma,QuoteNulle,NaN,NaN,NaN,1,0
CER_7_8_0,53.33,Sigma,EccessoMax_EUR,0.897436,74,4,1,1
CER_7_8_0,53.33,Sigma,CoalizioniInstabili,0.967762,76,1,1,1
CER_7_8_0,53.33,Sigma,ForzaIncentivante,0.179487,46,32,1,1
CER_7_8_0,53.33,Sigma,AllineamentoVirtu,0.25641,49,29,1,1
CER_7_8_0,53.33,Sigma,ForzaIncentivante_lordo,0.25641,49,29,1,1
CER_7_8_0,53.33,Sigma,AllineamentoVirtu_lordo,0.358974,53,25,1,1
CER_7_8_0,53.33,Sigma,VAN_min_EUR,NaN,NaN,NaN,1,0
CER_7_8_0,53.33,QuoteNulle,MinMax_pro,NaN,NaN,NaN,0,0
CER_7_8_0,53.33,QuoteNulle,MinMax_con,NaN,NaN,NaN,0,1
CER_7_8_0,53.33,QuoteNulle,QoS_orig,NaN,NaN,NaN,0,1
CER_7_8_0,53.33,QuoteNulle,QoS_new,NaN,NaN,NaN,0,1
CER_7_8_0,53.33,QuoteNulle,EI_orig,NaN,NaN,NaN,0,1
CER_7_8_0,53.33,QuoteNulle,EI_new,NaN,NaN,NaN,0,1
CER_7_8_0,53.33,QuoteNulle,Jain,NaN,NaN,NaN,0,1
CER_7_8_0,53.33,QuoteNulle,Gini,NaN,NaN,NaN,0,1
CER_7_8_0,53.33,QuoteNulle,FairnessIndex,NaN,NaN,NaN,0,1
CER_7_8_0,53.33,QuoteNulle,Sigma,NaN,NaN,NaN,0,1
CER_7_8_0,53.33,QuoteNulle,QuoteNulle,1,NaN,NaN,0,0
CER_7_8_0,53.33,QuoteNulle,EccessoMax_EUR,NaN,NaN,NaN,0,1
CER_7_8_0,53.33,QuoteNulle,CoalizioniInstabili,NaN,NaN,NaN,0,1
CER_7_8_0,53.33,QuoteNulle,ForzaIncentivante,NaN,NaN,NaN,0,1
CER_7_8_0,53.33,QuoteNulle,AllineamentoVirtu,NaN,NaN,NaN,0,1
CER_7_8_0,53.33,QuoteNulle,ForzaIncentivante_lordo,NaN,NaN,NaN,0,1
CER_7_8_0,53.33,QuoteNulle,AllineamentoVirtu_lordo,NaN,NaN,NaN,0,1
CER_7_8_0,53.33,QuoteNulle,VAN_min_EUR,NaN,NaN,NaN,0,0
CER_7_8_0,53.33,EccessoMax_EUR,MinMax_pro,NaN,NaN,NaN,1,0
CER_7_8_0,53.33,EccessoMax_EUR,MinMax_con,-0.461538,21,57,1,1
CER_7_8_0,53.33,EccessoMax_EUR,QoS_orig,-0.512821,19,59,1,1
CER_7_8_0,53.33,EccessoMax_EUR,QoS_new,-0.538462,18,60,1,1
CER_7_8_0,53.33,EccessoMax_EUR,EI_orig,-0.230769,30,48,1,1
CER_7_8_0,53.33,EccessoMax_EUR,EI_new,-0.333333,26,52,1,1
CER_7_8_0,53.33,EccessoMax_EUR,Jain,-0.717949,11,67,1,1
CER_7_8_0,53.33,EccessoMax_EUR,Gini,-0.230769,30,48,1,1
CER_7_8_0,53.33,EccessoMax_EUR,FairnessIndex,0.897436,74,4,1,1
CER_7_8_0,53.33,EccessoMax_EUR,Sigma,0.897436,74,4,1,1
CER_7_8_0,53.33,EccessoMax_EUR,QuoteNulle,NaN,NaN,NaN,1,0
CER_7_8_0,53.33,EccessoMax_EUR,EccessoMax_EUR,1,NaN,NaN,1,1
CER_7_8_0,53.33,EccessoMax_EUR,CoalizioniInstabili,0.941955,75,2,1,1
CER_7_8_0,53.33,EccessoMax_EUR,ForzaIncentivante,0.230769,48,30,1,1
CER_7_8_0,53.33,EccessoMax_EUR,AllineamentoVirtu,0.307692,51,27,1,1
CER_7_8_0,53.33,EccessoMax_EUR,ForzaIncentivante_lordo,0.307692,51,27,1,1
CER_7_8_0,53.33,EccessoMax_EUR,AllineamentoVirtu_lordo,0.461538,57,21,1,1
CER_7_8_0,53.33,EccessoMax_EUR,VAN_min_EUR,NaN,NaN,NaN,1,0
CER_7_8_0,53.33,CoalizioniInstabili,MinMax_pro,NaN,NaN,NaN,1,0
CER_7_8_0,53.33,CoalizioniInstabili,MinMax_con,-0.503236,19,58,1,1
CER_7_8_0,53.33,CoalizioniInstabili,QoS_orig,-0.451622,21,56,1,1
CER_7_8_0,53.33,CoalizioniInstabili,QoS_new,-0.580657,16,61,1,1
CER_7_8_0,53.33,CoalizioniInstabili,EI_orig,-0.167745,32,45,1,1
CER_7_8_0,53.33,CoalizioniInstabili,EI_new,-0.29678,27,50,1,1
CER_7_8_0,53.33,CoalizioniInstabili,Jain,-0.658078,13,64,1,1
CER_7_8_0,53.33,CoalizioniInstabili,Gini,-0.167745,32,45,1,1
CER_7_8_0,53.33,CoalizioniInstabili,FairnessIndex,0.967762,76,1,1,1
CER_7_8_0,53.33,CoalizioniInstabili,Sigma,0.967762,76,1,1,1
CER_7_8_0,53.33,CoalizioniInstabili,QuoteNulle,NaN,NaN,NaN,1,0
CER_7_8_0,53.33,CoalizioniInstabili,EccessoMax_EUR,0.941955,75,2,1,1
CER_7_8_0,53.33,CoalizioniInstabili,CoalizioniInstabili,1,NaN,NaN,1,1
CER_7_8_0,53.33,CoalizioniInstabili,ForzaIncentivante,0.167745,45,32,1,1
CER_7_8_0,53.33,CoalizioniInstabili,AllineamentoVirtu,0.245166,48,29,1,1
CER_7_8_0,53.33,CoalizioniInstabili,ForzaIncentivante_lordo,0.245166,48,29,1,1
CER_7_8_0,53.33,CoalizioniInstabili,AllineamentoVirtu_lordo,0.400008,54,23,1,1
CER_7_8_0,53.33,CoalizioniInstabili,VAN_min_EUR,NaN,NaN,NaN,1,0
CER_7_8_0,53.33,ForzaIncentivante,MinMax_pro,NaN,NaN,NaN,1,0
CER_7_8_0,53.33,ForzaIncentivante,MinMax_con,-0.0512821,37,41,1,1
CER_7_8_0,53.33,ForzaIncentivante,QoS_orig,-0.615385,15,63,1,1
CER_7_8_0,53.33,ForzaIncentivante,QoS_new,-0.0769231,36,42,1,1
CER_7_8_0,53.33,ForzaIncentivante,EI_orig,-0.846154,6,72,1,1
CER_7_8_0,53.33,ForzaIncentivante,EI_new,-0.282051,28,50,1,1
CER_7_8_0,53.33,ForzaIncentivante,Jain,-0.358974,25,53,1,1
CER_7_8_0,53.33,ForzaIncentivante,Gini,-0.846154,6,72,1,1
CER_7_8_0,53.33,ForzaIncentivante,FairnessIndex,0.179487,46,32,1,1
CER_7_8_0,53.33,ForzaIncentivante,Sigma,0.179487,46,32,1,1
CER_7_8_0,53.33,ForzaIncentivante,QuoteNulle,NaN,NaN,NaN,1,0
CER_7_8_0,53.33,ForzaIncentivante,EccessoMax_EUR,0.230769,48,30,1,1
CER_7_8_0,53.33,ForzaIncentivante,CoalizioniInstabili,0.167745,45,32,1,1
CER_7_8_0,53.33,ForzaIncentivante,ForzaIncentivante,1,NaN,NaN,1,1
CER_7_8_0,53.33,ForzaIncentivante,AllineamentoVirtu,0.923077,75,3,1,1
CER_7_8_0,53.33,ForzaIncentivante,ForzaIncentivante_lordo,0.923077,75,3,1,1
CER_7_8_0,53.33,ForzaIncentivante,AllineamentoVirtu_lordo,0.769231,69,9,1,1
CER_7_8_0,53.33,ForzaIncentivante,VAN_min_EUR,NaN,NaN,NaN,1,0
CER_7_8_0,53.33,AllineamentoVirtu,MinMax_pro,NaN,NaN,NaN,1,0
CER_7_8_0,53.33,AllineamentoVirtu,MinMax_con,0.025641,40,38,1,1
CER_7_8_0,53.33,AllineamentoVirtu,QoS_orig,-0.692308,12,66,1,1
CER_7_8_0,53.33,AllineamentoVirtu,QoS_new,-0.102564,35,43,1,1
CER_7_8_0,53.33,AllineamentoVirtu,EI_orig,-0.769231,9,69,1,1
CER_7_8_0,53.33,AllineamentoVirtu,EI_new,-0.358974,25,53,1,1
CER_7_8_0,53.33,AllineamentoVirtu,Jain,-0.435897,22,56,1,1
CER_7_8_0,53.33,AllineamentoVirtu,Gini,-0.769231,9,69,1,1
CER_7_8_0,53.33,AllineamentoVirtu,FairnessIndex,0.25641,49,29,1,1
CER_7_8_0,53.33,AllineamentoVirtu,Sigma,0.25641,49,29,1,1
CER_7_8_0,53.33,AllineamentoVirtu,QuoteNulle,NaN,NaN,NaN,1,0
CER_7_8_0,53.33,AllineamentoVirtu,EccessoMax_EUR,0.307692,51,27,1,1
CER_7_8_0,53.33,AllineamentoVirtu,CoalizioniInstabili,0.245166,48,29,1,1
CER_7_8_0,53.33,AllineamentoVirtu,ForzaIncentivante,0.923077,75,3,1,1
CER_7_8_0,53.33,AllineamentoVirtu,AllineamentoVirtu,1,NaN,NaN,1,1
CER_7_8_0,53.33,AllineamentoVirtu,ForzaIncentivante_lordo,1,78,0,1,1
CER_7_8_0,53.33,AllineamentoVirtu,AllineamentoVirtu_lordo,0.846154,72,6,1,1
CER_7_8_0,53.33,AllineamentoVirtu,VAN_min_EUR,NaN,NaN,NaN,1,0
CER_7_8_0,53.33,ForzaIncentivante_lordo,MinMax_pro,NaN,NaN,NaN,1,0
CER_7_8_0,53.33,ForzaIncentivante_lordo,MinMax_con,0.025641,40,38,1,1
CER_7_8_0,53.33,ForzaIncentivante_lordo,QoS_orig,-0.692308,12,66,1,1
CER_7_8_0,53.33,ForzaIncentivante_lordo,QoS_new,-0.102564,35,43,1,1
CER_7_8_0,53.33,ForzaIncentivante_lordo,EI_orig,-0.769231,9,69,1,1
CER_7_8_0,53.33,ForzaIncentivante_lordo,EI_new,-0.358974,25,53,1,1
CER_7_8_0,53.33,ForzaIncentivante_lordo,Jain,-0.435897,22,56,1,1
CER_7_8_0,53.33,ForzaIncentivante_lordo,Gini,-0.769231,9,69,1,1
CER_7_8_0,53.33,ForzaIncentivante_lordo,FairnessIndex,0.25641,49,29,1,1
CER_7_8_0,53.33,ForzaIncentivante_lordo,Sigma,0.25641,49,29,1,1
CER_7_8_0,53.33,ForzaIncentivante_lordo,QuoteNulle,NaN,NaN,NaN,1,0
CER_7_8_0,53.33,ForzaIncentivante_lordo,EccessoMax_EUR,0.307692,51,27,1,1
CER_7_8_0,53.33,ForzaIncentivante_lordo,CoalizioniInstabili,0.245166,48,29,1,1
CER_7_8_0,53.33,ForzaIncentivante_lordo,ForzaIncentivante,0.923077,75,3,1,1
CER_7_8_0,53.33,ForzaIncentivante_lordo,AllineamentoVirtu,1,78,0,1,1
CER_7_8_0,53.33,ForzaIncentivante_lordo,ForzaIncentivante_lordo,1,NaN,NaN,1,1
CER_7_8_0,53.33,ForzaIncentivante_lordo,AllineamentoVirtu_lordo,0.846154,72,6,1,1
CER_7_8_0,53.33,ForzaIncentivante_lordo,VAN_min_EUR,NaN,NaN,NaN,1,0
CER_7_8_0,53.33,AllineamentoVirtu_lordo,MinMax_pro,NaN,NaN,NaN,1,0
CER_7_8_0,53.33,AllineamentoVirtu_lordo,MinMax_con,-0.025641,38,40,1,1
CER_7_8_0,53.33,AllineamentoVirtu_lordo,QoS_orig,-0.538462,18,60,1,1
CER_7_8_0,53.33,AllineamentoVirtu_lordo,QoS_new,-0.205128,31,47,1,1
CER_7_8_0,53.33,AllineamentoVirtu_lordo,EI_orig,-0.615385,15,63,1,1
CER_7_8_0,53.33,AllineamentoVirtu_lordo,EI_new,-0.25641,29,49,1,1
CER_7_8_0,53.33,AllineamentoVirtu_lordo,Jain,-0.487179,20,58,1,1
CER_7_8_0,53.33,AllineamentoVirtu_lordo,Gini,-0.615385,15,63,1,1
CER_7_8_0,53.33,AllineamentoVirtu_lordo,FairnessIndex,0.358974,53,25,1,1
CER_7_8_0,53.33,AllineamentoVirtu_lordo,Sigma,0.358974,53,25,1,1
CER_7_8_0,53.33,AllineamentoVirtu_lordo,QuoteNulle,NaN,NaN,NaN,1,0
CER_7_8_0,53.33,AllineamentoVirtu_lordo,EccessoMax_EUR,0.461538,57,21,1,1
CER_7_8_0,53.33,AllineamentoVirtu_lordo,CoalizioniInstabili,0.400008,54,23,1,1
CER_7_8_0,53.33,AllineamentoVirtu_lordo,ForzaIncentivante,0.769231,69,9,1,1
CER_7_8_0,53.33,AllineamentoVirtu_lordo,AllineamentoVirtu,0.846154,72,6,1,1
CER_7_8_0,53.33,AllineamentoVirtu_lordo,ForzaIncentivante_lordo,0.846154,72,6,1,1
CER_7_8_0,53.33,AllineamentoVirtu_lordo,AllineamentoVirtu_lordo,1,NaN,NaN,1,1
CER_7_8_0,53.33,AllineamentoVirtu_lordo,VAN_min_EUR,NaN,NaN,NaN,1,0
CER_7_8_0,53.33,VAN_min_EUR,MinMax_pro,NaN,NaN,NaN,0,0
CER_7_8_0,53.33,VAN_min_EUR,MinMax_con,NaN,NaN,NaN,0,1
CER_7_8_0,53.33,VAN_min_EUR,QoS_orig,NaN,NaN,NaN,0,1
CER_7_8_0,53.33,VAN_min_EUR,QoS_new,NaN,NaN,NaN,0,1
CER_7_8_0,53.33,VAN_min_EUR,EI_orig,NaN,NaN,NaN,0,1
CER_7_8_0,53.33,VAN_min_EUR,EI_new,NaN,NaN,NaN,0,1
CER_7_8_0,53.33,VAN_min_EUR,Jain,NaN,NaN,NaN,0,1
CER_7_8_0,53.33,VAN_min_EUR,Gini,NaN,NaN,NaN,0,1
CER_7_8_0,53.33,VAN_min_EUR,FairnessIndex,NaN,NaN,NaN,0,1
CER_7_8_0,53.33,VAN_min_EUR,Sigma,NaN,NaN,NaN,0,1
CER_7_8_0,53.33,VAN_min_EUR,QuoteNulle,NaN,NaN,NaN,0,0
CER_7_8_0,53.33,VAN_min_EUR,EccessoMax_EUR,NaN,NaN,NaN,0,1
CER_7_8_0,53.33,VAN_min_EUR,CoalizioniInstabili,NaN,NaN,NaN,0,1
CER_7_8_0,53.33,VAN_min_EUR,ForzaIncentivante,NaN,NaN,NaN,0,1
CER_7_8_0,53.33,VAN_min_EUR,AllineamentoVirtu,NaN,NaN,NaN,0,1
CER_7_8_0,53.33,VAN_min_EUR,ForzaIncentivante_lordo,NaN,NaN,NaN,0,1
CER_7_8_0,53.33,VAN_min_EUR,AllineamentoVirtu_lordo,NaN,NaN,NaN,0,1
CER_7_8_0,53.33,VAN_min_EUR,VAN_min_EUR,1,NaN,NaN,0,0
CER_9_9_0,50,MinMax_pro,MinMax_pro,1,NaN,NaN,0,0
CER_9_9_0,50,MinMax_pro,MinMax_con,NaN,NaN,NaN,0,1
CER_9_9_0,50,MinMax_pro,QoS_orig,NaN,NaN,NaN,0,1
CER_9_9_0,50,MinMax_pro,QoS_new,NaN,NaN,NaN,0,1
CER_9_9_0,50,MinMax_pro,EI_orig,NaN,NaN,NaN,0,1
CER_9_9_0,50,MinMax_pro,EI_new,NaN,NaN,NaN,0,1
CER_9_9_0,50,MinMax_pro,Jain,NaN,NaN,NaN,0,1
CER_9_9_0,50,MinMax_pro,Gini,NaN,NaN,NaN,0,1
CER_9_9_0,50,MinMax_pro,FairnessIndex,NaN,NaN,NaN,0,1
CER_9_9_0,50,MinMax_pro,Sigma,NaN,NaN,NaN,0,1
CER_9_9_0,50,MinMax_pro,QuoteNulle,NaN,NaN,NaN,0,0
CER_9_9_0,50,MinMax_pro,EccessoMax_EUR,NaN,NaN,NaN,0,1
CER_9_9_0,50,MinMax_pro,CoalizioniInstabili,NaN,NaN,NaN,0,1
CER_9_9_0,50,MinMax_pro,ForzaIncentivante,NaN,NaN,NaN,0,1
CER_9_9_0,50,MinMax_pro,AllineamentoVirtu,NaN,NaN,NaN,0,1
CER_9_9_0,50,MinMax_pro,ForzaIncentivante_lordo,NaN,NaN,NaN,0,1
CER_9_9_0,50,MinMax_pro,AllineamentoVirtu_lordo,NaN,NaN,NaN,0,1
CER_9_9_0,50,MinMax_pro,VAN_min_EUR,NaN,NaN,NaN,0,0
CER_9_9_0,50,MinMax_con,MinMax_pro,NaN,NaN,NaN,1,0
CER_9_9_0,50,MinMax_con,MinMax_con,1,NaN,NaN,1,1
CER_9_9_0,50,MinMax_con,QoS_orig,0.358974,53,25,1,1
CER_9_9_0,50,MinMax_con,QoS_new,0.717949,67,11,1,1
CER_9_9_0,50,MinMax_con,EI_orig,0.179487,46,32,1,1
CER_9_9_0,50,MinMax_con,EI_new,0.205128,47,31,1,1
CER_9_9_0,50,MinMax_con,Jain,0.461538,57,21,1,1
CER_9_9_0,50,MinMax_con,Gini,0.179487,46,32,1,1
CER_9_9_0,50,MinMax_con,FairnessIndex,-0.410256,23,55,1,1
CER_9_9_0,50,MinMax_con,Sigma,-0.384615,24,54,1,1
CER_9_9_0,50,MinMax_con,QuoteNulle,NaN,NaN,NaN,1,0
CER_9_9_0,50,MinMax_con,EccessoMax_EUR,-0.384615,24,54,1,1
CER_9_9_0,50,MinMax_con,CoalizioniInstabili,-0.282051,28,50,1,1
CER_9_9_0,50,MinMax_con,ForzaIncentivante,-0.153846,33,45,1,1
CER_9_9_0,50,MinMax_con,AllineamentoVirtu,-0.0769231,36,42,1,1
CER_9_9_0,50,MinMax_con,ForzaIncentivante_lordo,0.102564,43,35,1,1
CER_9_9_0,50,MinMax_con,AllineamentoVirtu_lordo,0.128205,44,34,1,1
CER_9_9_0,50,MinMax_con,VAN_min_EUR,NaN,NaN,NaN,1,0
CER_9_9_0,50,QoS_orig,MinMax_pro,NaN,NaN,NaN,1,0
CER_9_9_0,50,QoS_orig,MinMax_con,0.358974,53,25,1,1
CER_9_9_0,50,QoS_orig,QoS_orig,1,NaN,NaN,1,1
CER_9_9_0,50,QoS_orig,QoS_new,0.435897,56,22,1,1
CER_9_9_0,50,QoS_orig,EI_orig,-0.25641,29,49,1,1
CER_9_9_0,50,QoS_orig,EI_new,0.025641,40,38,1,1
CER_9_9_0,50,QoS_orig,Jain,0.897436,74,4,1,1
CER_9_9_0,50,QoS_orig,Gini,-0.25641,29,49,1,1
CER_9_9_0,50,QoS_orig,FairnessIndex,-0.333333,26,52,1,1
CER_9_9_0,50,QoS_orig,Sigma,-0.358974,25,53,1,1
CER_9_9_0,50,QoS_orig,QuoteNulle,NaN,NaN,NaN,1,0
CER_9_9_0,50,QoS_orig,EccessoMax_EUR,-0.358974,25,53,1,1
CER_9_9_0,50,QoS_orig,CoalizioniInstabili,-0.25641,29,49,1,1
CER_9_9_0,50,QoS_orig,ForzaIncentivante,0.282051,50,28,1,1
CER_9_9_0,50,QoS_orig,AllineamentoVirtu,0.205128,47,31,1,1
CER_9_9_0,50,QoS_orig,ForzaIncentivante_lordo,0.025641,40,38,1,1
CER_9_9_0,50,QoS_orig,AllineamentoVirtu_lordo,-0.102564,35,43,1,1
CER_9_9_0,50,QoS_orig,VAN_min_EUR,NaN,NaN,NaN,1,0
CER_9_9_0,50,QoS_new,MinMax_pro,NaN,NaN,NaN,1,0
CER_9_9_0,50,QoS_new,MinMax_con,0.717949,67,11,1,1
CER_9_9_0,50,QoS_new,QoS_orig,0.435897,56,22,1,1
CER_9_9_0,50,QoS_new,QoS_new,1,NaN,NaN,1,1
CER_9_9_0,50,QoS_new,EI_orig,0.102564,43,35,1,1
CER_9_9_0,50,QoS_new,EI_new,0.230769,48,30,1,1
CER_9_9_0,50,QoS_new,Jain,0.538462,60,18,1,1
CER_9_9_0,50,QoS_new,Gini,0.102564,43,35,1,1
CER_9_9_0,50,QoS_new,FairnessIndex,-0.538462,18,60,1,1
CER_9_9_0,50,QoS_new,Sigma,-0.512821,19,59,1,1
CER_9_9_0,50,QoS_new,QuoteNulle,NaN,NaN,NaN,1,0
CER_9_9_0,50,QoS_new,EccessoMax_EUR,-0.564103,17,61,1,1
CER_9_9_0,50,QoS_new,CoalizioniInstabili,-0.461538,21,57,1,1
CER_9_9_0,50,QoS_new,ForzaIncentivante,-0.0769231,36,42,1,1
CER_9_9_0,50,QoS_new,AllineamentoVirtu,-0.102564,35,43,1,1
CER_9_9_0,50,QoS_new,ForzaIncentivante_lordo,-0.0769231,36,42,1,1
CER_9_9_0,50,QoS_new,AllineamentoVirtu_lordo,-0.0512821,37,41,1,1
CER_9_9_0,50,QoS_new,VAN_min_EUR,NaN,NaN,NaN,1,0
CER_9_9_0,50,EI_orig,MinMax_pro,NaN,NaN,NaN,1,0
CER_9_9_0,50,EI_orig,MinMax_con,0.179487,46,32,1,1
CER_9_9_0,50,EI_orig,QoS_orig,-0.25641,29,49,1,1
CER_9_9_0,50,EI_orig,QoS_new,0.102564,43,35,1,1
CER_9_9_0,50,EI_orig,EI_orig,1,NaN,NaN,1,1
CER_9_9_0,50,EI_orig,EI_new,0.410256,55,23,1,1
CER_9_9_0,50,EI_orig,Jain,-0.205128,31,47,1,1
CER_9_9_0,50,EI_orig,Gini,1,78,0,1,1
CER_9_9_0,50,EI_orig,FairnessIndex,-0.153846,33,45,1,1
CER_9_9_0,50,EI_orig,Sigma,-0.128205,34,44,1,1
CER_9_9_0,50,EI_orig,QuoteNulle,NaN,NaN,NaN,1,0
CER_9_9_0,50,EI_orig,EccessoMax_EUR,-0.128205,34,44,1,1
CER_9_9_0,50,EI_orig,CoalizioniInstabili,-0.0769231,36,42,1,1
CER_9_9_0,50,EI_orig,ForzaIncentivante,-0.820513,7,71,1,1
CER_9_9_0,50,EI_orig,AllineamentoVirtu,-0.74359,10,68,1,1
CER_9_9_0,50,EI_orig,ForzaIncentivante_lordo,-0.512821,19,59,1,1
CER_9_9_0,50,EI_orig,AllineamentoVirtu_lordo,-0.282051,28,50,1,1
CER_9_9_0,50,EI_orig,VAN_min_EUR,NaN,NaN,NaN,1,0
CER_9_9_0,50,EI_new,MinMax_pro,NaN,NaN,NaN,1,0
CER_9_9_0,50,EI_new,MinMax_con,0.205128,47,31,1,1
CER_9_9_0,50,EI_new,QoS_orig,0.025641,40,38,1,1
CER_9_9_0,50,EI_new,QoS_new,0.230769,48,30,1,1
CER_9_9_0,50,EI_new,EI_orig,0.410256,55,23,1,1
CER_9_9_0,50,EI_new,EI_new,1,NaN,NaN,1,1
CER_9_9_0,50,EI_new,Jain,0.0769231,42,36,1,1
CER_9_9_0,50,EI_new,Gini,0.410256,55,23,1,1
CER_9_9_0,50,EI_new,FairnessIndex,-0.282051,28,50,1,1
CER_9_9_0,50,EI_new,Sigma,-0.307692,27,51,1,1
CER_9_9_0,50,EI_new,QuoteNulle,NaN,NaN,NaN,1,0
CER_9_9_0,50,EI_new,EccessoMax_EUR,-0.307692,27,51,1,1
CER_9_9_0,50,EI_new,CoalizioniInstabili,-0.205128,31,47,1,1
CER_9_9_0,50,EI_new,ForzaIncentivante,-0.282051,28,50,1,1
CER_9_9_0,50,EI_new,AllineamentoVirtu,-0.358974,25,53,1,1
CER_9_9_0,50,EI_new,ForzaIncentivante_lordo,-0.230769,30,48,1,1
CER_9_9_0,50,EI_new,AllineamentoVirtu_lordo,-0.0512821,37,41,1,1
CER_9_9_0,50,EI_new,VAN_min_EUR,NaN,NaN,NaN,1,0
CER_9_9_0,50,Jain,MinMax_pro,NaN,NaN,NaN,1,0
CER_9_9_0,50,Jain,MinMax_con,0.461538,57,21,1,1
CER_9_9_0,50,Jain,QoS_orig,0.897436,74,4,1,1
CER_9_9_0,50,Jain,QoS_new,0.538462,60,18,1,1
CER_9_9_0,50,Jain,EI_orig,-0.205128,31,47,1,1
CER_9_9_0,50,Jain,EI_new,0.0769231,42,36,1,1
CER_9_9_0,50,Jain,Jain,1,NaN,NaN,1,1
CER_9_9_0,50,Jain,Gini,-0.205128,31,47,1,1
CER_9_9_0,50,Jain,FairnessIndex,-0.435897,22,56,1,1
CER_9_9_0,50,Jain,Sigma,-0.461538,21,57,1,1
CER_9_9_0,50,Jain,QuoteNulle,NaN,NaN,NaN,1,0
CER_9_9_0,50,Jain,EccessoMax_EUR,-0.461538,21,57,1,1
CER_9_9_0,50,Jain,CoalizioniInstabili,-0.358974,25,53,1,1
CER_9_9_0,50,Jain,ForzaIncentivante,0.230769,48,30,1,1
CER_9_9_0,50,Jain,AllineamentoVirtu,0.153846,45,33,1,1
CER_9_9_0,50,Jain,ForzaIncentivante_lordo,-0.025641,38,40,1,1
CER_9_9_0,50,Jain,AllineamentoVirtu_lordo,-0.153846,33,45,1,1
CER_9_9_0,50,Jain,VAN_min_EUR,NaN,NaN,NaN,1,0
CER_9_9_0,50,Gini,MinMax_pro,NaN,NaN,NaN,1,0
CER_9_9_0,50,Gini,MinMax_con,0.179487,46,32,1,1
CER_9_9_0,50,Gini,QoS_orig,-0.25641,29,49,1,1
CER_9_9_0,50,Gini,QoS_new,0.102564,43,35,1,1
CER_9_9_0,50,Gini,EI_orig,1,78,0,1,1
CER_9_9_0,50,Gini,EI_new,0.410256,55,23,1,1
CER_9_9_0,50,Gini,Jain,-0.205128,31,47,1,1
CER_9_9_0,50,Gini,Gini,1,NaN,NaN,1,1
CER_9_9_0,50,Gini,FairnessIndex,-0.153846,33,45,1,1
CER_9_9_0,50,Gini,Sigma,-0.128205,34,44,1,1
CER_9_9_0,50,Gini,QuoteNulle,NaN,NaN,NaN,1,0
CER_9_9_0,50,Gini,EccessoMax_EUR,-0.128205,34,44,1,1
CER_9_9_0,50,Gini,CoalizioniInstabili,-0.0769231,36,42,1,1
CER_9_9_0,50,Gini,ForzaIncentivante,-0.820513,7,71,1,1
CER_9_9_0,50,Gini,AllineamentoVirtu,-0.74359,10,68,1,1
CER_9_9_0,50,Gini,ForzaIncentivante_lordo,-0.512821,19,59,1,1
CER_9_9_0,50,Gini,AllineamentoVirtu_lordo,-0.282051,28,50,1,1
CER_9_9_0,50,Gini,VAN_min_EUR,NaN,NaN,NaN,1,0
CER_9_9_0,50,FairnessIndex,MinMax_pro,NaN,NaN,NaN,1,0
CER_9_9_0,50,FairnessIndex,MinMax_con,-0.410256,23,55,1,1
CER_9_9_0,50,FairnessIndex,QoS_orig,-0.333333,26,52,1,1
CER_9_9_0,50,FairnessIndex,QoS_new,-0.538462,18,60,1,1
CER_9_9_0,50,FairnessIndex,EI_orig,-0.153846,33,45,1,1
CER_9_9_0,50,FairnessIndex,EI_new,-0.282051,28,50,1,1
CER_9_9_0,50,FairnessIndex,Jain,-0.435897,22,56,1,1
CER_9_9_0,50,FairnessIndex,Gini,-0.153846,33,45,1,1
CER_9_9_0,50,FairnessIndex,FairnessIndex,1,NaN,NaN,1,1
CER_9_9_0,50,FairnessIndex,Sigma,0.974359,77,1,1,1
CER_9_9_0,50,FairnessIndex,QuoteNulle,NaN,NaN,NaN,1,0
CER_9_9_0,50,FairnessIndex,EccessoMax_EUR,0.923077,75,3,1,1
CER_9_9_0,50,FairnessIndex,CoalizioniInstabili,0.871795,73,5,1,1
CER_9_9_0,50,FairnessIndex,ForzaIncentivante,0.179487,46,32,1,1
CER_9_9_0,50,FairnessIndex,AllineamentoVirtu,0.25641,49,29,1,1
CER_9_9_0,50,FairnessIndex,ForzaIncentivante_lordo,0.333333,52,26,1,1
CER_9_9_0,50,FairnessIndex,AllineamentoVirtu_lordo,0.461538,57,21,1,1
CER_9_9_0,50,FairnessIndex,VAN_min_EUR,NaN,NaN,NaN,1,0
CER_9_9_0,50,Sigma,MinMax_pro,NaN,NaN,NaN,1,0
CER_9_9_0,50,Sigma,MinMax_con,-0.384615,24,54,1,1
CER_9_9_0,50,Sigma,QoS_orig,-0.358974,25,53,1,1
CER_9_9_0,50,Sigma,QoS_new,-0.512821,19,59,1,1
CER_9_9_0,50,Sigma,EI_orig,-0.128205,34,44,1,1
CER_9_9_0,50,Sigma,EI_new,-0.307692,27,51,1,1
CER_9_9_0,50,Sigma,Jain,-0.461538,21,57,1,1
CER_9_9_0,50,Sigma,Gini,-0.128205,34,44,1,1
CER_9_9_0,50,Sigma,FairnessIndex,0.974359,77,1,1,1
CER_9_9_0,50,Sigma,Sigma,1,NaN,NaN,1,1
CER_9_9_0,50,Sigma,QuoteNulle,NaN,NaN,NaN,1,0
CER_9_9_0,50,Sigma,EccessoMax_EUR,0.948718,76,2,1,1
CER_9_9_0,50,Sigma,CoalizioniInstabili,0.897436,74,4,1,1
CER_9_9_0,50,Sigma,ForzaIncentivante,0.153846,45,33,1,1
CER_9_9_0,50,Sigma,AllineamentoVirtu,0.230769,48,30,1,1
CER_9_9_0,50,Sigma,ForzaIncentivante_lordo,0.358974,53,25,1,1
CER_9_9_0,50,Sigma,AllineamentoVirtu_lordo,0.487179,58,20,1,1
CER_9_9_0,50,Sigma,VAN_min_EUR,NaN,NaN,NaN,1,0
CER_9_9_0,50,QuoteNulle,MinMax_pro,NaN,NaN,NaN,0,0
CER_9_9_0,50,QuoteNulle,MinMax_con,NaN,NaN,NaN,0,1
CER_9_9_0,50,QuoteNulle,QoS_orig,NaN,NaN,NaN,0,1
CER_9_9_0,50,QuoteNulle,QoS_new,NaN,NaN,NaN,0,1
CER_9_9_0,50,QuoteNulle,EI_orig,NaN,NaN,NaN,0,1
CER_9_9_0,50,QuoteNulle,EI_new,NaN,NaN,NaN,0,1
CER_9_9_0,50,QuoteNulle,Jain,NaN,NaN,NaN,0,1
CER_9_9_0,50,QuoteNulle,Gini,NaN,NaN,NaN,0,1
CER_9_9_0,50,QuoteNulle,FairnessIndex,NaN,NaN,NaN,0,1
CER_9_9_0,50,QuoteNulle,Sigma,NaN,NaN,NaN,0,1
CER_9_9_0,50,QuoteNulle,QuoteNulle,1,NaN,NaN,0,0
CER_9_9_0,50,QuoteNulle,EccessoMax_EUR,NaN,NaN,NaN,0,1
CER_9_9_0,50,QuoteNulle,CoalizioniInstabili,NaN,NaN,NaN,0,1
CER_9_9_0,50,QuoteNulle,ForzaIncentivante,NaN,NaN,NaN,0,1
CER_9_9_0,50,QuoteNulle,AllineamentoVirtu,NaN,NaN,NaN,0,1
CER_9_9_0,50,QuoteNulle,ForzaIncentivante_lordo,NaN,NaN,NaN,0,1
CER_9_9_0,50,QuoteNulle,AllineamentoVirtu_lordo,NaN,NaN,NaN,0,1
CER_9_9_0,50,QuoteNulle,VAN_min_EUR,NaN,NaN,NaN,0,0
CER_9_9_0,50,EccessoMax_EUR,MinMax_pro,NaN,NaN,NaN,1,0
CER_9_9_0,50,EccessoMax_EUR,MinMax_con,-0.384615,24,54,1,1
CER_9_9_0,50,EccessoMax_EUR,QoS_orig,-0.358974,25,53,1,1
CER_9_9_0,50,EccessoMax_EUR,QoS_new,-0.564103,17,61,1,1
CER_9_9_0,50,EccessoMax_EUR,EI_orig,-0.128205,34,44,1,1
CER_9_9_0,50,EccessoMax_EUR,EI_new,-0.307692,27,51,1,1
CER_9_9_0,50,EccessoMax_EUR,Jain,-0.461538,21,57,1,1
CER_9_9_0,50,EccessoMax_EUR,Gini,-0.128205,34,44,1,1
CER_9_9_0,50,EccessoMax_EUR,FairnessIndex,0.923077,75,3,1,1
CER_9_9_0,50,EccessoMax_EUR,Sigma,0.948718,76,2,1,1
CER_9_9_0,50,EccessoMax_EUR,QuoteNulle,NaN,NaN,NaN,1,0
CER_9_9_0,50,EccessoMax_EUR,EccessoMax_EUR,1,NaN,NaN,1,1
CER_9_9_0,50,EccessoMax_EUR,CoalizioniInstabili,0.897436,74,4,1,1
CER_9_9_0,50,EccessoMax_EUR,ForzaIncentivante,0.153846,45,33,1,1
CER_9_9_0,50,EccessoMax_EUR,AllineamentoVirtu,0.230769,48,30,1,1
CER_9_9_0,50,EccessoMax_EUR,ForzaIncentivante_lordo,0.358974,53,25,1,1
CER_9_9_0,50,EccessoMax_EUR,AllineamentoVirtu_lordo,0.435897,56,22,1,1
CER_9_9_0,50,EccessoMax_EUR,VAN_min_EUR,NaN,NaN,NaN,1,0
CER_9_9_0,50,CoalizioniInstabili,MinMax_pro,NaN,NaN,NaN,1,0
CER_9_9_0,50,CoalizioniInstabili,MinMax_con,-0.282051,28,50,1,1
CER_9_9_0,50,CoalizioniInstabili,QoS_orig,-0.25641,29,49,1,1
CER_9_9_0,50,CoalizioniInstabili,QoS_new,-0.461538,21,57,1,1
CER_9_9_0,50,CoalizioniInstabili,EI_orig,-0.0769231,36,42,1,1
CER_9_9_0,50,CoalizioniInstabili,EI_new,-0.205128,31,47,1,1
CER_9_9_0,50,CoalizioniInstabili,Jain,-0.358974,25,53,1,1
CER_9_9_0,50,CoalizioniInstabili,Gini,-0.0769231,36,42,1,1
CER_9_9_0,50,CoalizioniInstabili,FairnessIndex,0.871795,73,5,1,1
CER_9_9_0,50,CoalizioniInstabili,Sigma,0.897436,74,4,1,1
CER_9_9_0,50,CoalizioniInstabili,QuoteNulle,NaN,NaN,NaN,1,0
CER_9_9_0,50,CoalizioniInstabili,EccessoMax_EUR,0.897436,74,4,1,1
CER_9_9_0,50,CoalizioniInstabili,CoalizioniInstabili,1,NaN,NaN,1,1
CER_9_9_0,50,CoalizioniInstabili,ForzaIncentivante,0.25641,49,29,1,1
CER_9_9_0,50,CoalizioniInstabili,AllineamentoVirtu,0.333333,52,26,1,1
CER_9_9_0,50,CoalizioniInstabili,ForzaIncentivante_lordo,0.461538,57,21,1,1
CER_9_9_0,50,CoalizioniInstabili,AllineamentoVirtu_lordo,0.538462,60,18,1,1
CER_9_9_0,50,CoalizioniInstabili,VAN_min_EUR,NaN,NaN,NaN,1,0
CER_9_9_0,50,ForzaIncentivante,MinMax_pro,NaN,NaN,NaN,1,0
CER_9_9_0,50,ForzaIncentivante,MinMax_con,-0.153846,33,45,1,1
CER_9_9_0,50,ForzaIncentivante,QoS_orig,0.282051,50,28,1,1
CER_9_9_0,50,ForzaIncentivante,QoS_new,-0.0769231,36,42,1,1
CER_9_9_0,50,ForzaIncentivante,EI_orig,-0.820513,7,71,1,1
CER_9_9_0,50,ForzaIncentivante,EI_new,-0.282051,28,50,1,1
CER_9_9_0,50,ForzaIncentivante,Jain,0.230769,48,30,1,1
CER_9_9_0,50,ForzaIncentivante,Gini,-0.820513,7,71,1,1
CER_9_9_0,50,ForzaIncentivante,FairnessIndex,0.179487,46,32,1,1
CER_9_9_0,50,ForzaIncentivante,Sigma,0.153846,45,33,1,1
CER_9_9_0,50,ForzaIncentivante,QuoteNulle,NaN,NaN,NaN,1,0
CER_9_9_0,50,ForzaIncentivante,EccessoMax_EUR,0.153846,45,33,1,1
CER_9_9_0,50,ForzaIncentivante,CoalizioniInstabili,0.25641,49,29,1,1
CER_9_9_0,50,ForzaIncentivante,ForzaIncentivante,1,NaN,NaN,1,1
CER_9_9_0,50,ForzaIncentivante,AllineamentoVirtu,0.923077,75,3,1,1
CER_9_9_0,50,ForzaIncentivante,ForzaIncentivante_lordo,0.692308,66,12,1,1
CER_9_9_0,50,ForzaIncentivante,AllineamentoVirtu_lordo,0.461538,57,21,1,1
CER_9_9_0,50,ForzaIncentivante,VAN_min_EUR,NaN,NaN,NaN,1,0
CER_9_9_0,50,AllineamentoVirtu,MinMax_pro,NaN,NaN,NaN,1,0
CER_9_9_0,50,AllineamentoVirtu,MinMax_con,-0.0769231,36,42,1,1
CER_9_9_0,50,AllineamentoVirtu,QoS_orig,0.205128,47,31,1,1
CER_9_9_0,50,AllineamentoVirtu,QoS_new,-0.102564,35,43,1,1
CER_9_9_0,50,AllineamentoVirtu,EI_orig,-0.74359,10,68,1,1
CER_9_9_0,50,AllineamentoVirtu,EI_new,-0.358974,25,53,1,1
CER_9_9_0,50,AllineamentoVirtu,Jain,0.153846,45,33,1,1
CER_9_9_0,50,AllineamentoVirtu,Gini,-0.74359,10,68,1,1
CER_9_9_0,50,AllineamentoVirtu,FairnessIndex,0.25641,49,29,1,1
CER_9_9_0,50,AllineamentoVirtu,Sigma,0.230769,48,30,1,1
CER_9_9_0,50,AllineamentoVirtu,QuoteNulle,NaN,NaN,NaN,1,0
CER_9_9_0,50,AllineamentoVirtu,EccessoMax_EUR,0.230769,48,30,1,1
CER_9_9_0,50,AllineamentoVirtu,CoalizioniInstabili,0.333333,52,26,1,1
CER_9_9_0,50,AllineamentoVirtu,ForzaIncentivante,0.923077,75,3,1,1
CER_9_9_0,50,AllineamentoVirtu,AllineamentoVirtu,1,NaN,NaN,1,1
CER_9_9_0,50,AllineamentoVirtu,ForzaIncentivante_lordo,0.769231,69,9,1,1
CER_9_9_0,50,AllineamentoVirtu,AllineamentoVirtu_lordo,0.538462,60,18,1,1
CER_9_9_0,50,AllineamentoVirtu,VAN_min_EUR,NaN,NaN,NaN,1,0
CER_9_9_0,50,ForzaIncentivante_lordo,MinMax_pro,NaN,NaN,NaN,1,0
CER_9_9_0,50,ForzaIncentivante_lordo,MinMax_con,0.102564,43,35,1,1
CER_9_9_0,50,ForzaIncentivante_lordo,QoS_orig,0.025641,40,38,1,1
CER_9_9_0,50,ForzaIncentivante_lordo,QoS_new,-0.0769231,36,42,1,1
CER_9_9_0,50,ForzaIncentivante_lordo,EI_orig,-0.512821,19,59,1,1
CER_9_9_0,50,ForzaIncentivante_lordo,EI_new,-0.230769,30,48,1,1
CER_9_9_0,50,ForzaIncentivante_lordo,Jain,-0.025641,38,40,1,1
CER_9_9_0,50,ForzaIncentivante_lordo,Gini,-0.512821,19,59,1,1
CER_9_9_0,50,ForzaIncentivante_lordo,FairnessIndex,0.333333,52,26,1,1
CER_9_9_0,50,ForzaIncentivante_lordo,Sigma,0.358974,53,25,1,1
CER_9_9_0,50,ForzaIncentivante_lordo,QuoteNulle,NaN,NaN,NaN,1,0
CER_9_9_0,50,ForzaIncentivante_lordo,EccessoMax_EUR,0.358974,53,25,1,1
CER_9_9_0,50,ForzaIncentivante_lordo,CoalizioniInstabili,0.461538,57,21,1,1
CER_9_9_0,50,ForzaIncentivante_lordo,ForzaIncentivante,0.692308,66,12,1,1
CER_9_9_0,50,ForzaIncentivante_lordo,AllineamentoVirtu,0.769231,69,9,1,1
CER_9_9_0,50,ForzaIncentivante_lordo,ForzaIncentivante_lordo,1,NaN,NaN,1,1
CER_9_9_0,50,ForzaIncentivante_lordo,AllineamentoVirtu_lordo,0.769231,69,9,1,1
CER_9_9_0,50,ForzaIncentivante_lordo,VAN_min_EUR,NaN,NaN,NaN,1,0
CER_9_9_0,50,AllineamentoVirtu_lordo,MinMax_pro,NaN,NaN,NaN,1,0
CER_9_9_0,50,AllineamentoVirtu_lordo,MinMax_con,0.128205,44,34,1,1
CER_9_9_0,50,AllineamentoVirtu_lordo,QoS_orig,-0.102564,35,43,1,1
CER_9_9_0,50,AllineamentoVirtu_lordo,QoS_new,-0.0512821,37,41,1,1
CER_9_9_0,50,AllineamentoVirtu_lordo,EI_orig,-0.282051,28,50,1,1
CER_9_9_0,50,AllineamentoVirtu_lordo,EI_new,-0.0512821,37,41,1,1
CER_9_9_0,50,AllineamentoVirtu_lordo,Jain,-0.153846,33,45,1,1
CER_9_9_0,50,AllineamentoVirtu_lordo,Gini,-0.282051,28,50,1,1
CER_9_9_0,50,AllineamentoVirtu_lordo,FairnessIndex,0.461538,57,21,1,1
CER_9_9_0,50,AllineamentoVirtu_lordo,Sigma,0.487179,58,20,1,1
CER_9_9_0,50,AllineamentoVirtu_lordo,QuoteNulle,NaN,NaN,NaN,1,0
CER_9_9_0,50,AllineamentoVirtu_lordo,EccessoMax_EUR,0.435897,56,22,1,1
CER_9_9_0,50,AllineamentoVirtu_lordo,CoalizioniInstabili,0.538462,60,18,1,1
CER_9_9_0,50,AllineamentoVirtu_lordo,ForzaIncentivante,0.461538,57,21,1,1
CER_9_9_0,50,AllineamentoVirtu_lordo,AllineamentoVirtu,0.538462,60,18,1,1
CER_9_9_0,50,AllineamentoVirtu_lordo,ForzaIncentivante_lordo,0.769231,69,9,1,1
CER_9_9_0,50,AllineamentoVirtu_lordo,AllineamentoVirtu_lordo,1,NaN,NaN,1,1
CER_9_9_0,50,AllineamentoVirtu_lordo,VAN_min_EUR,NaN,NaN,NaN,1,0
CER_9_9_0,50,VAN_min_EUR,MinMax_pro,NaN,NaN,NaN,0,0
CER_9_9_0,50,VAN_min_EUR,MinMax_con,NaN,NaN,NaN,0,1
CER_9_9_0,50,VAN_min_EUR,QoS_orig,NaN,NaN,NaN,0,1
CER_9_9_0,50,VAN_min_EUR,QoS_new,NaN,NaN,NaN,0,1
CER_9_9_0,50,VAN_min_EUR,EI_orig,NaN,NaN,NaN,0,1
CER_9_9_0,50,VAN_min_EUR,EI_new,NaN,NaN,NaN,0,1
CER_9_9_0,50,VAN_min_EUR,Jain,NaN,NaN,NaN,0,1
CER_9_9_0,50,VAN_min_EUR,Gini,NaN,NaN,NaN,0,1
CER_9_9_0,50,VAN_min_EUR,FairnessIndex,NaN,NaN,NaN,0,1
CER_9_9_0,50,VAN_min_EUR,Sigma,NaN,NaN,NaN,0,1
CER_9_9_0,50,VAN_min_EUR,QuoteNulle,NaN,NaN,NaN,0,0
CER_9_9_0,50,VAN_min_EUR,EccessoMax_EUR,NaN,NaN,NaN,0,1
CER_9_9_0,50,VAN_min_EUR,CoalizioniInstabili,NaN,NaN,NaN,0,1
CER_9_9_0,50,VAN_min_EUR,ForzaIncentivante,NaN,NaN,NaN,0,1
CER_9_9_0,50,VAN_min_EUR,AllineamentoVirtu,NaN,NaN,NaN,0,1
CER_9_9_0,50,VAN_min_EUR,ForzaIncentivante_lordo,NaN,NaN,NaN,0,1
CER_9_9_0,50,VAN_min_EUR,AllineamentoVirtu_lordo,NaN,NaN,NaN,0,1
CER_9_9_0,50,VAN_min_EUR,VAN_min_EUR,1,NaN,NaN,0,0
