Sweep,Fisso,FissoValore,Indicatore,MetodoA,MetodoB,SchedaDa,SchedaA,AsseDa,AsseA,DivarioDa,DivarioA,PassiPari
penetrazione,n = 5,5,MinMax_con,Variance Least Core,Proportional to Consumption,CER_4_1_0,CER_3_2_0,20,40,-0.00260226,0.00267754,0
penetrazione,n = 5,5,MinMax_con,Variance Least Core,Remuneration Model 1,CER_4_1_0,CER_3_2_0,20,40,-0.00864475,0.00208081,0
penetrazione,n = 5,5,MinMax_con,Variance Least Core,Remuneration Model 1,CER_3_2_0,CER_2_3_0,40,60,0.00208081,-0.00110054,0
penetrazione,n = 5,5,MinMax_con,Variance Least Core,Pearson Key,CER_4_1_0,CER_3_2_0,20,40,-0.012244,0.000665091,0
penetrazione,n = 5,5,MinMax_con,Variance Least Core,Pearson-Sharing Rate,CER_4_1_0,CER_3_2_0,20,40,-0.0119854,0.000484465,0
penetrazione,n = 5,5,MinMax_con,Variance Least Core,Marginal Contribution,CER_4_1_0,CER_3_2_0,20,40,-0.0155706,0.00157576,0
penetrazione,n = 5,5,MinMax_con,Variance Least Core,Stratified Expected Value,CER_3_2_0,CER_2_3_0,40,60,-0.00037792,0.000701424,0
penetrazione,n = 5,5,MinMax_con,Variance Least Core,Adaptive Sampling Shapley,CER_4_1_0,CER_3_2_0,20,40,-0.0125354,0.00143732,0
penetrazione,n = 5,5,MinMax_con,Variance Least Core,Adaptive Sampling Shapley,CER_3_2_0,CER_2_3_0,40,60,0.00143732,-0.000930274,0
penetrazione,n = 5,5,MinMax_con,Variance Least Core,Tri-level EP,CER_4_1_0,CER_3_2_0,20,40,-0.0100402,0.00119241,0
penetrazione,n = 5,5,MinMax_con,Equal Split,Similarity-Utilization,CER_3_2_0,CER_2_3_0,40,60,-0.00568524,0.000397689,0
penetrazione,n = 5,5,MinMax_con,Proportional to Consumption,Pearson Key,CER_3_2_0,CER_2_3_0,40,60,-0.00201245,0.000620329,0
penetrazione,n = 5,5,MinMax_con,Proportional to Consumption,Pearson-Sharing Rate,CER_3_2_0,CER_2_3_0,40,60,-0.00219307,0.000485638,0
penetrazione,n = 5,5,MinMax_con,Proportional to Consumption,Marginal Contribution,CER_3_2_0,CER_2_3_0,40,60,-0.00110178,0.000885476,0
penetrazione,n = 5,5,MinMax_con,Proportional to Consumption,Stratified Expected Value,CER_3_2_0,CER_2_3_0,40,60,-0.00305546,0.000568166,0
penetrazione,n = 5,5,MinMax_con,Proportional to Consumption,Tri-level EP,CER_3_2_0,CER_2_3_0,40,60,-0.00148512,0.00101715,0
penetrazione,n = 5,5,MinMax_con,Remuneration Model 1,Pearson Key,CER_3_2_0,CER_2_3_0,40,60,-0.00141572,0.00185412,0
penetrazione,n = 5,5,MinMax_con,Remuneration Model 1,Pearson-Sharing Rate,CER_3_2_0,CER_2_3_0,40,60,-0.00159634,0.00171943,0
penetrazione,n = 5,5,MinMax_con,Remuneration Model 1,Marginal Contribution,CER_3_2_0,CER_2_3_0,40,60,-0.000505045,0.00211927,0
penetrazione,n = 5,5,MinMax_con,Remuneration Model 1,Stratified Expected Value,CER_3_2_0,CER_2_3_0,40,60,-0.00245873,0.00180196,0
penetrazione,n = 5,5,MinMax_con,Remuneration Model 1,Adaptive Sampling Shapley,CER_3_2_0,CER_2_3_0,40,60,-0.000643488,0.000170264,0
penetrazione,n = 5,5,MinMax_con,Remuneration Model 1,Tri-level EP,CER_3_2_0,CER_2_3_0,40,60,-0.000888392,0.00225095,0
penetrazione,n = 5,5,MinMax_con,Cascading Tree,Pearson Key,CER_4_1_0,CER_3_2_0,20,40,-0.00210172,0.00686363,0
penetrazione,n = 5,5,MinMax_con,Cascading Tree,Pearson-Sharing Rate,CER_4_1_0,CER_3_2_0,20,40,-0.00184316,0.006683,0
penetrazione,n = 5,5,MinMax_con,Cascading Tree,Marginal Contribution,CER_4_1_0,CER_3_2_0,20,40,-0.00542836,0.0077743,0
penetrazione,n = 5,5,MinMax_con,Cascading Tree,Stratified Expected Value,CER_4_1_0,CER_3_2_0,20,40,-0.00530279,0.00582062,0
penetrazione,n = 5,5,MinMax_con,Cascading Tree,Adaptive Sampling Shapley,CER_4_1_0,CER_3_2_0,20,40,-0.00239312,0.00763586,0
penetrazione,n = 5,5,MinMax_con,Pearson Key,Pearson-Sharing Rate,CER_4_1_0,CER_3_2_0,20,40,0.000258558,-0.000180626,0
penetrazione,n = 5,5,MinMax_con,Pearson Key,Marginal Contribution,CER_4_1_0,CER_3_2_0,20,40,-0.00332664,0.000910671,0
penetrazione,n = 5,5,MinMax_con,Pearson Key,Adaptive Sampling Shapley,CER_4_1_0,CER_3_2_0,20,40,-0.000291394,0.000772227,0
penetrazione,n = 5,5,MinMax_con,Pearson Key,Adaptive Sampling Shapley,CER_3_2_0,CER_2_3_0,40,60,0.000772227,-0.00168386,0
penetrazione,n = 5,5,MinMax_con,Pearson-Sharing Rate,Marginal Contribution,CER_4_1_0,CER_3_2_0,20,40,-0.0035852,0.0010913,0
penetrazione,n = 5,5,MinMax_con,Pearson-Sharing Rate,Stratified Expected Value,CER_3_2_0,CER_2_3_0,40,60,-0.000862386,8.25285e-05,0
penetrazione,n = 5,5,MinMax_con,Pearson-Sharing Rate,Adaptive Sampling Shapley,CER_4_1_0,CER_3_2_0,20,40,-0.000549952,0.000952853,0
penetrazione,n = 5,5,MinMax_con,Pearson-Sharing Rate,Adaptive Sampling Shapley,CER_3_2_0,CER_2_3_0,40,60,0.000952853,-0.00154917,0
penetrazione,n = 5,5,MinMax_con,Marginal Contribution,Stratified Expected Value,CER_4_1_0,CER_3_2_0,20,40,0.000125573,-0.00195368,0
penetrazione,n = 5,5,MinMax_con,Marginal Contribution,Adaptive Sampling Shapley,CER_4_1_0,CER_3_2_0,20,40,0.00303525,-0.000138443,0
penetrazione,n = 5,5,MinMax_con,Marginal Contribution,Tri-level EP,CER_4_1_0,CER_3_2_0,20,40,0.0055304,-0.000383347,0
penetrazione,n = 5,5,MinMax_con,Marginal Contribution,Tri-level EP,CER_3_2_0,CER_2_3_0,40,60,-0.000383347,0.000131679,0
penetrazione,n = 5,5,MinMax_con,Stratified Expected Value,Adaptive Sampling Shapley,CER_3_2_0,CER_2_3_0,40,60,0.00181524,-0.0016317,0
penetrazione,n = 5,5,MinMax_con,Adaptive Sampling Shapley,Tri-level EP,CER_4_1_0,CER_3_2_0,20,40,0.00249515,-0.000244904,0
penetrazione,n = 5,5,MinMax_con,Adaptive Sampling Shapley,Tri-level EP,CER_3_2_0,CER_2_3_0,40,60,-0.000244904,0.00208069,0
penetrazione,n = 5,5,QoS_orig,Variance Least Core,Equal Split,CER_4_1_0,CER_3_2_0,20,40,-0.000542755,0.000719828,0
penetrazione,n = 5,5,QoS_orig,Variance Least Core,Equal Split,CER_3_2_0,CER_2_3_0,40,60,0.000719828,-0.00715565,0
penetrazione,n = 5,5,QoS_orig,Variance Least Core,Proportional to Consumption,CER_4_1_0,CER_3_2_0,20,40,2.20879e-05,-0.000355689,0
penetrazione,n = 5,5,QoS_orig,Variance Least Core,Remuneration Model 1,CER_4_1_0,CER_3_2_0,20,40,-0.000122848,0.000951832,0
penetrazione,n = 5,5,QoS_orig,Variance Least Core,Remuneration Model 1,CER_3_2_0,CER_2_3_0,40,60,0.000951832,-0.00409542,0
penetrazione,n = 5,5,QoS_orig,Variance Least Core,Cascading Tree,CER_4_1_0,CER_3_2_0,20,40,-0.000158516,0.00263817,0
penetrazione,n = 5,5,QoS_orig,Variance Least Core,Cascading Tree,CER_3_2_0,CER_2_3_0,40,60,0.00263817,-0.0087432,0
penetrazione,n = 5,5,QoS_orig,Variance Least Core,Weighted Solidarity,CER_4_1_0,CER_3_2_0,20,40,-0.00101864,0.00072881,0
penetrazione,n = 5,5,QoS_orig,Variance Least Core,Weighted Solidarity,CER_3_2_0,CER_2_3_0,40,60,0.00072881,-0.0099865,0
penetrazione,n = 5,5,QoS_orig,Variance Least Core,Pearson Key,CER_3_2_0,CER_2_3_0,40,60,-0.000939417,0.000382044,0
penetrazione,n = 5,5,QoS_orig,Variance Least Core,Pearson-Sharing Rate,CER_3_2_0,CER_2_3_0,40,60,-0.000939116,0.000335493,0
penetrazione,n = 5,5,QoS_orig,Variance Least Core,Similarity-Utilization,CER_3_2_0,CER_2_3_0,40,60,-0.00166299,0.000445022,0
penetrazione,n = 5,5,QoS_orig,Variance Least Core,Similarity-Utilization,CER_2_3_0,CER_0_5_0,60,100,0.000445022,-0.000473856,0
penetrazione,n = 5,5,QoS_orig,Variance Least Core,Marginal Contribution,CER_4_1_0,CER_3_2_0,20,40,-0.000258703,0.000322697,0
penetrazione,n = 5,5,QoS_orig,Variance Least Core,Marginal Contribution,CER_3_2_0,CER_2_3_0,40,60,0.000322697,-0.000376487,0
penetrazione,n = 5,5,QoS_orig,Variance Least Core,Stratified Expected Value,CER_4_1_0,CER_3_2_0,20,40,-0.000248805,1.78632e-05,0
penetrazione,n = 5,5,QoS_orig,Variance Least Core,Stratified Expected Value,CER_3_2_0,CER_2_3_0,40,60,1.78632e-05,-1.09546e-05,0
penetrazione,n = 5,5,QoS_orig,Variance Least Core,Adaptive Sampling Shapley,CER_4_1_0,CER_3_2_0,20,40,-0.000187778,0.00133308,0
penetrazione,n = 5,5,QoS_orig,Variance Least Core,Adaptive Sampling Shapley,CER_3_2_0,CER_2_3_0,40,60,0.00133308,-0.0026377,0
penetrazione,n = 5,5,QoS_orig,Variance Least Core,Tri-level EP,CER_3_2_0,CER_2_3_0,40,60,-0.000816523,0.000141533,0
penetrazione,n = 5,5,QoS_orig,Equal Split,Proportional to Consumption,CER_4_1_0,CER_3_2_0,20,40,0.000564843,-0.00107552,0
penetrazione,n = 5,5,QoS_orig,Equal Split,Proportional to Consumption,CER_3_2_0,CER_2_3_0,40,60,-0.00107552,0.00497319,0
penetrazione,n = 5,5,QoS_orig,Equal Split,Cascading Tree,CER_3_2_0,CER_2_3_0,40,60,0.00191834,-0.00158755,0
penetrazione,n = 5,5,QoS_orig,Equal Split,Cascading Tree,CER_2_3_0,CER_0_5_0,60,100,-0.00158755,0.00536147,0
penetrazione,n = 5,5,QoS_orig,Equal Split,Weighted Solidarity,CER_4_1_0,CER_3_2_0,20,40,-0.000475884,8.98191e-06,0
penetrazione,n = 5,5,QoS_orig,Equal Split,Weighted Solidarity,CER_3_2_0,CER_2_3_0,40,60,8.98191e-06,-0.00283085,0
penetrazione,n = 5,5,QoS_orig,Equal Split,Weighted Solidarity,CER_2_3_0,CER_0_5_0,60,100,-0.00283085,0.0172742,0
penetrazione,n = 5,5,QoS_orig,Equal Split,Pearson Key,CER_4_1_0,CER_3_2_0,20,40,0.000355592,-0.00165924,0
penetrazione,n = 5,5,QoS_orig,Equal Split,Pearson Key,CER_3_2_0,CER_2_3_0,40,60,-0.00165924,0.00753769,0
penetrazione,n = 5,5,QoS_orig,Equal Split,Pearson-Sharing Rate,CER_4_1_0,CER_3_2_0,20,40,0.00036031,-0.00165894,0
penetrazione,n = 5,5,QoS_orig,Equal Split,Pearson-Sharing Rate,CER_3_2_0,CER_2_3_0,40,60,-0.00165894,0.00749114,0
penetrazione,n = 5,5,QoS_orig,Equal Split,Similarity-Utilization,CER_3_2_0,CER_2_3_0,40,60,-0.00238282,0.00760067,0
penetrazione,n = 5,5,QoS_orig,Equal Split,Marginal Contribution,CER_4_1_0,CER_3_2_0,20,40,0.000284052,-0.000397131,0
penetrazione,n = 5,5,QoS_orig,Equal Split,Marginal Contribution,CER_3_2_0,CER_2_3_0,40,60,-0.000397131,0.00677916,0
penetrazione,n = 5,5,QoS_orig,Equal Split,Stratified Expected Value,CER_4_1_0,CER_3_2_0,20,40,0.00029395,-0.000701965,0
penetrazione,n = 5,5,QoS_orig,Equal Split,Stratified Expected Value,CER_3_2_0,CER_2_3_0,40,60,-0.000701965,0.00714469,0
penetrazione,n = 5,5,QoS_orig,Equal Split,Tri-level EP,CER_4_1_0,CER_3_2_0,20,40,0.000457994,-0.00153635,0
penetrazione,n = 5,5,QoS_orig,Equal Split,Tri-level EP,CER_3_2_0,CER_2_3_0,40,60,-0.00153635,0.00729718,0
penetrazione,n = 5,5,QoS_orig,Proportional to Consumption,Remuneration Model 1,CER_4_1_0,CER_3_2_0,20,40,-0.000144936,0.00130752,0
penetrazione,n = 5,5,QoS_orig,Proportional to Consumption,Remuneration Model 1,CER_3_2_0,CER_2_3_0,40,60,0.00130752,-0.00191297,0
penetrazione,n = 5,5,QoS_orig,Proportional to Consumption,Cascading Tree,CER_4_1_0,CER_3_2_0,20,40,-0.000180604,0.00299385,0
penetrazione,n = 5,5,QoS_orig,Proportional to Consumption,Cascading Tree,CER_3_2_0,CER_2_3_0,40,60,0.00299385,-0.00656074,0
penetrazione,n = 5,5,QoS_orig,Proportional to Consumption,Weighted Solidarity,CER_4_1_0,CER_3_2_0,20,40,-0.00104073,0.0010845,0
penetrazione,n = 5,5,QoS_orig,Proportional to Consumption,Weighted Solidarity,CER_3_2_0,CER_2_3_0,40,60,0.0010845,-0.00780404,0
penetrazione,n = 5,5,QoS_orig,Proportional to Consumption,Pearson Key,CER_3_2_0,CER_2_3_0,40,60,-0.000583727,0.0025645,0
penetrazione,n = 5,5,QoS_orig,Proportional to Consumption,Pearson-Sharing Rate,CER_3_2_0,CER_2_3_0,40,60,-0.000583427,0.00251795,0
penetrazione,n = 5,5,QoS_orig,Proportional to Consumption,Similarity-Utilization,CER_3_2_0,CER_2_3_0,40,60,-0.0013073,0.00262748,0
penetrazione,n = 5,5,QoS_orig,Proportional to Consumption,Marginal Contribution,CER_4_1_0,CER_3_2_0,20,40,-0.000280791,0.000678387,0
penetrazione,n = 5,5,QoS_orig,Proportional to Consumption,Marginal Contribution,CER_2_3_0,CER_0_5_0,60,100,0.00180597,-5.49329e-05,0
penetrazione,n = 5,5,QoS_orig,Proportional to Consumption,Stratified Expected Value,CER_4_1_0,CER_3_2_0,20,40,-0.000270893,0.000373552,0
penetrazione,n = 5,5,QoS_orig,Proportional to Consumption,Stratified Expected Value,CER_2_3_0,CER_0_5_0,60,100,0.0021715,-0.000798056,0
penetrazione,n = 5,5,QoS_orig,Proportional to Consumption,Adaptive Sampling Shapley,CER_4_1_0,CER_3_2_0,20,40,-0.000209866,0.00168877,0
penetrazione,n = 5,5,QoS_orig,Proportional to Consumption,Adaptive Sampling Shapley,CER_3_2_0,CER_2_3_0,40,60,0.00168877,-0.000455243,0
penetrazione,n = 5,5,QoS_orig,Proportional to Consumption,Tri-level EP,CER_3_2_0,CER_2_3_0,40,60,-0.000460834,0.00232399,0
penetrazione,n = 5,5,QoS_orig,Remuneration Model 1,Cascading Tree,CER_4_1_0,CER_3_2_0,20,40,-3.56683e-05,0.00168633,0
penetrazione,n = 5,5,QoS_orig,Remuneration Model 1,Cascading Tree,CER_3_2_0,CER_2_3_0,40,60,0.00168633,-0.00464777,0
penetrazione,n = 5,5,QoS_orig,Remuneration Model 1,Pearson Key,CER_3_2_0,CER_2_3_0,40,60,-0.00189125,0.00447747,0
penetrazione,n = 5,5,QoS_orig,Remuneration Model 1,Pearson-Sharing Rate,CER_3_2_0,CER_2_3_0,40,60,-0.00189095,0.00443092,0
penetrazione,n = 5,5,QoS_orig,Remuneration Model 1,Similarity-Utilization,CER_3_2_0,CER_2_3_0,40,60,-0.00261483,0.00454045,0
penetrazione,n = 5,5,QoS_orig,Remuneration Model 1,Marginal Contribution,CER_3_2_0,CER_2_3_0,40,60,-0.000629135,0.00371894,0
penetrazione,n = 5,5,QoS_orig,Remuneration Model 1,Stratified Expected Value,CER_3_2_0,CER_2_3_0,40,60,-0.000933969,0.00408447,0
penetrazione,n = 5,5,QoS_orig,Remuneration Model 1,Adaptive Sampling Shapley,CER_4_1_0,CER_3_2_0,20,40,-6.49304e-05,0.000381253,0
penetrazione,n = 5,5,QoS_orig,Remuneration Model 1,Tri-level EP,CER_4_1_0,CER_3_2_0,20,40,3.8087e-05,-0.00176836,0
penetrazione,n = 5,5,QoS_orig,Remuneration Model 1,Tri-level EP,CER_3_2_0,CER_2_3_0,40,60,-0.00176836,0.00423696,0
penetrazione,n = 5,5,QoS_orig,Cascading Tree,Weighted Solidarity,CER_2_3_0,CER_0_5_0,60,100,-0.0012433,0.0119128,0
penetrazione,n = 5,5,QoS_orig,Cascading Tree,Pearson Key,CER_3_2_0,CER_2_3_0,40,60,-0.00357758,0.00912524,0
penetrazione,n = 5,5,QoS_orig,Cascading Tree,Pearson-Sharing Rate,CER_3_2_0,CER_2_3_0,40,60,-0.00357728,0.00907869,0
penetrazione,n = 5,5,QoS_orig,Cascading Tree,Similarity-Utilization,CER_3_2_0,CER_2_3_0,40,60,-0.00430116,0.00918822,0
penetrazione,n = 5,5,QoS_orig,Cascading Tree,Marginal Contribution,CER_3_2_0,CER_2_3_0,40,60,-0.00231547,0.00836671,0
penetrazione,n = 5,5,QoS_orig,Cascading Tree,Stratified Expected Value,CER_3_2_0,CER_2_3_0,40,60,-0.0026203,0.00873224,0
penetrazione,n = 5,5,QoS_orig,Cascading Tree,Adaptive Sampling Shapley,CER_3_2_0,CER_2_3_0,40,60,-0.00130508,0.0061055,0
penetrazione,n = 5,5,QoS_orig,Cascading Tree,Tri-level EP,CER_4_1_0,CER_3_2_0,20,40,7.37553e-05,-0.00345469,0
penetrazione,n = 5,5,QoS_orig,Cascading Tree,Tri-level EP,CER_3_2_0,CER_2_3_0,40,60,-0.00345469,0.00888473,0
penetrazione,n = 5,5,QoS_orig,Weighted Solidarity,Pearson Key,CER_4_1_0,CER_3_2_0,20,40,0.000831476,-0.00166823,0
penetrazione,n = 5,5,QoS_orig,Weighted Solidarity,Pearson Key,CER_3_2_0,CER_2_3_0,40,60,-0.00166823,0.0103685,0
penetrazione,n = 5,5,QoS_orig,Weighted Solidarity,Pearson-Sharing Rate,CER_4_1_0,CER_3_2_0,20,40,0.000836194,-0.00166793,0
penetrazione,n = 5,5,QoS_orig,Weighted Solidarity,Pearson-Sharing Rate,CER_3_2_0,CER_2_3_0,40,60,-0.00166793,0.010322,0
penetrazione,n = 5,5,QoS_orig,Weighted Solidarity,Similarity-Utilization,CER_4_1_0,CER_3_2_0,20,40,0.00031373,-0.0023918,0
penetrazione,n = 5,5,QoS_orig,Weighted Solidarity,Similarity-Utilization,CER_3_2_0,CER_2_3_0,40,60,-0.0023918,0.0104315,0
penetrazione,n = 5,5,QoS_orig,Weighted Solidarity,Marginal Contribution,CER_4_1_0,CER_3_2_0,20,40,0.000759936,-0.000406112,0
penetrazione,n = 5,5,QoS_orig,Weighted Solidarity,Marginal Contribution,CER_3_2_0,CER_2_3_0,40,60,-0.000406112,0.00961001,0
penetrazione,n = 5,5,QoS_orig,Weighted Solidarity,Stratified Expected Value,CER_4_1_0,CER_3_2_0,20,40,0.000769834,-0.000710947,0
penetrazione,n = 5,5,QoS_orig,Weighted Solidarity,Stratified Expected Value,CER_3_2_0,CER_2_3_0,40,60,-0.000710947,0.00997554,0
penetrazione,n = 5,5,QoS_orig,Weighted Solidarity,Tri-level EP,CER_4_1_0,CER_3_2_0,20,40,0.000933878,-0.00154533,0
penetrazione,n = 5,5,QoS_orig,Weighted Solidarity,Tri-level EP,CER_3_2_0,CER_2_3_0,40,60,-0.00154533,0.010128,0
penetrazione,n = 5,5,QoS_orig,Pearson Key,Pearson-Sharing Rate,CER_3_2_0,CER_2_3_0,40,60,3.00816e-07,-4.65513e-05,0
penetrazione,n = 5,5,QoS_orig,Pearson Key,Similarity-Utilization,CER_3_2_0,CER_2_3_0,40,60,-0.000723577,6.29775e-05,0
penetrazione,n = 5,5,QoS_orig,Pearson Key,Similarity-Utilization,CER_2_3_0,CER_0_5_0,60,100,6.29775e-05,-0.00339054,0
penetrazione,n = 5,5,QoS_orig,Pearson Key,Marginal Contribution,CER_4_1_0,CER_3_2_0,20,40,-7.15394e-05,0.00126211,0
penetrazione,n = 5,5,QoS_orig,Pearson Key,Marginal Contribution,CER_3_2_0,CER_2_3_0,40,60,0.00126211,-0.000758531,0
penetrazione,n = 5,5,QoS_orig,Pearson Key,Stratified Expected Value,CER_4_1_0,CER_3_2_0,20,40,-6.16417e-05,0.00095728,0
penetrazione,n = 5,5,QoS_orig,Pearson Key,Stratified Expected Value,CER_3_2_0,CER_2_3_0,40,60,0.00095728,-0.000392999,0
penetrazione,n = 5,5,QoS_orig,Pearson Key,Adaptive Sampling Shapley,CER_4_1_0,CER_3_2_0,20,40,-6.14546e-07,0.0022725,0
penetrazione,n = 5,5,QoS_orig,Pearson Key,Adaptive Sampling Shapley,CER_3_2_0,CER_2_3_0,40,60,0.0022725,-0.00301974,0
penetrazione,n = 5,5,QoS_orig,Pearson Key,Tri-level EP,CER_3_2_0,CER_2_3_0,40,60,0.000122893,-0.000240511,0
penetrazione,n = 5,5,QoS_orig,Pearson Key,Tri-level EP,CER_2_3_0,CER_0_5_0,60,100,-0.000240511,0.000634327,0
penetrazione,n = 5,5,QoS_orig,Pearson-Sharing Rate,Similarity-Utilization,CER_3_2_0,CER_2_3_0,40,60,-0.000723878,0.000109529,0
penetrazione,n = 5,5,QoS_orig,Pearson-Sharing Rate,Similarity-Utilization,CER_2_3_0,CER_0_5_0,60,100,0.000109529,-0.00311003,0
penetrazione,n = 5,5,QoS_orig,Pearson-Sharing Rate,Marginal Contribution,CER_4_1_0,CER_3_2_0,20,40,-7.62579e-05,0.00126181,0
penetrazione,n = 5,5,QoS_orig,Pearson-Sharing Rate,Marginal Contribution,CER_3_2_0,CER_2_3_0,40,60,0.00126181,-0.00071198,0
penetrazione,n = 5,5,QoS_orig,Pearson-Sharing Rate,Stratified Expected Value,CER_4_1_0,CER_3_2_0,20,40,-6.63602e-05,0.000956979,0
penetrazione,n = 5,5,QoS_orig,Pearson-Sharing Rate,Stratified Expected Value,CER_3_2_0,CER_2_3_0,40,60,0.000956979,-0.000346448,0
penetrazione,n = 5,5,QoS_orig,Pearson-Sharing Rate,Adaptive Sampling Shapley,CER_4_1_0,CER_3_2_0,20,40,-5.33307e-06,0.0022722,0
penetrazione,n = 5,5,QoS_orig,Pearson-Sharing Rate,Adaptive Sampling Shapley,CER_3_2_0,CER_2_3_0,40,60,0.0022722,-0.00297319,0
penetrazione,n = 5,5,QoS_orig,Pearson-Sharing Rate,Tri-level EP,CER_3_2_0,CER_2_3_0,40,60,0.000122593,-0.00019396,0
penetrazione,n = 5,5,QoS_orig,Pearson-Sharing Rate,Tri-level EP,CER_2_3_0,CER_0_5_0,60,100,-0.00019396,0.000914835,0
penetrazione,n = 5,5,QoS_orig,Similarity-Utilization,Marginal Contribution,CER_3_2_0,CER_2_3_0,40,60,0.00198569,-0.000821509,0
penetrazione,n = 5,5,QoS_orig,Similarity-Utilization,Stratified Expected Value,CER_3_2_0,CER_2_3_0,40,60,0.00168086,-0.000455976,0
penetrazione,n = 5,5,QoS_orig,Similarity-Utilization,Adaptive Sampling Shapley,CER_3_2_0,CER_2_3_0,40,60,0.00299608,-0.00308272,0
penetrazione,n = 5,5,QoS_orig,Similarity-Utilization,Tri-level EP,CER_3_2_0,CER_2_3_0,40,60,0.00084647,-0.000303489,0
penetrazione,n = 5,5,QoS_orig,Similarity-Utilization,Tri-level EP,CER_2_3_0,CER_0_5_0,60,100,-0.000303489,0.00402487,0
penetrazione,n = 5,5,QoS_orig,Marginal Contribution,Stratified Expected Value,CER_4_1_0,CER_3_2_0,20,40,9.8977e-06,-0.000304834,0
penetrazione,n = 5,5,QoS_orig,Marginal Contribution,Stratified Expected Value,CER_3_2_0,CER_2_3_0,40,60,-0.000304834,0.000365532,0
penetrazione,n = 5,5,QoS_orig,Marginal Contribution,Stratified Expected Value,CER_2_3_0,CER_0_5_0,60,100,0.000365532,-0.000743123,0
penetrazione,n = 5,5,QoS_orig,Marginal Contribution,Adaptive Sampling Shapley,CER_3_2_0,CER_2_3_0,40,60,0.00101039,-0.00226121,0
penetrazione,n = 5,5,QoS_orig,Marginal Contribution,Tri-level EP,CER_4_1_0,CER_3_2_0,20,40,0.000173942,-0.00113922,0
penetrazione,n = 5,5,QoS_orig,Marginal Contribution,Tri-level EP,CER_3_2_0,CER_2_3_0,40,60,-0.00113922,0.00051802,0
penetrazione,n = 5,5,QoS_orig,Stratified Expected Value,Adaptive Sampling Shapley,CER_3_2_0,CER_2_3_0,40,60,0.00131522,-0.00262674,0
penetrazione,n = 5,5,QoS_orig,Stratified Expected Value,Tri-level EP,CER_4_1_0,CER_3_2_0,20,40,0.000164045,-0.000834386,0
penetrazione,n = 5,5,QoS_orig,Stratified Expected Value,Tri-level EP,CER_3_2_0,CER_2_3_0,40,60,-0.000834386,0.000152488,0
penetrazione,n = 5,5,QoS_orig,Adaptive Sampling Shapley,Tri-level EP,CER_4_1_0,CER_3_2_0,20,40,0.000103017,-0.00214961,0
penetrazione,n = 5,5,QoS_orig,Adaptive Sampling Shapley,Tri-level EP,CER_3_2_0,CER_2_3_0,40,60,-0.00214961,0.00277923,0
penetrazione,n = 5,5,QoS_new,Variance Least Core,Proportional to Consumption,CER_3_2_0,CER_2_3_0,40,60,0.000164173,-4.628e-05,0
penetrazione,n = 5,5,QoS_new,Variance Least Core,Remuneration Model 1,CER_4_1_0,CER_3_2_0,20,40,-0.000725634,7.8274e-05,0
penetrazione,n = 5,5,QoS_new,Variance Least Core,Remuneration Model 1,CER_3_2_0,CER_2_3_0,40,60,7.8274e-05,-0.000159641,0
penetrazione,n = 5,5,QoS_new,Variance Least Core,Pearson Key,CER_4_1_0,CER_3_2_0,20,40,-0.00110651,3.65324e-05,0
penetrazione,n = 5,5,QoS_new,Variance Least Core,Pearson-Sharing Rate,CER_4_1_0,CER_3_2_0,20,40,-0.00107847,2.77664e-05,0
penetrazione,n = 5,5,QoS_new,Variance Least Core,Marginal Contribution,CER_4_1_0,CER_3_2_0,20,40,-0.0015319,7.45557e-05,0
penetrazione,n = 5,5,QoS_new,Variance Least Core,Stratified Expected Value,CER_3_2_0,CER_2_3_0,40,60,-3.51647e-05,3.03474e-05,0
penetrazione,n = 5,5,QoS_new,Variance Least Core,Adaptive Sampling Shapley,CER_4_1_0,CER_3_2_0,20,40,-0.00111027,5.44934e-05,0
penetrazione,n = 5,5,QoS_new,Variance Least Core,Adaptive Sampling Shapley,CER_3_2_0,CER_2_3_0,40,60,5.44934e-05,-0.000127182,0
penetrazione,n = 5,5,QoS_new,Variance Least Core,Tri-level EP,CER_4_1_0,CER_3_2_0,20,40,-0.00049627,0.00014506,0
penetrazione,n = 5,5,QoS_new,Equal Split,Similarity-Utilization,CER_3_2_0,CER_2_3_0,40,60,-0.000230189,0.000263522,0
penetrazione,n = 5,5,QoS_new,Proportional to Consumption,Pearson Key,CER_3_2_0,CER_2_3_0,40,60,-0.000127641,0.000109692,0
penetrazione,n = 5,5,QoS_new,Proportional to Consumption,Pearson-Sharing Rate,CER_3_2_0,CER_2_3_0,40,60,-0.000136407,0.000101706,0
penetrazione,n = 5,5,QoS_new,Proportional to Consumption,Marginal Contribution,CER_3_2_0,CER_2_3_0,40,60,-8.96178e-05,7.5786e-05,0
penetrazione,n = 5,5,QoS_new,Proportional to Consumption,Stratified Expected Value,CER_3_2_0,CER_2_3_0,40,60,-0.000199338,7.66274e-05,0
penetrazione,n = 5,5,QoS_new,Proportional to Consumption,Tri-level EP,CER_3_2_0,CER_2_3_0,40,60,-1.91137e-05,0.000118365,0
penetrazione,n = 5,5,QoS_new,Remuneration Model 1,Pearson Key,CER_3_2_0,CER_2_3_0,40,60,-4.17417e-05,0.000223053,0
penetrazione,n = 5,5,QoS_new,Remuneration Model 1,Pearson-Sharing Rate,CER_3_2_0,CER_2_3_0,40,60,-5.05076e-05,0.000215067,0
penetrazione,n = 5,5,QoS_new,Remuneration Model 1,Marginal Contribution,CER_3_2_0,CER_2_3_0,40,60,-3.71834e-06,0.000189147,0
penetrazione,n = 5,5,QoS_new,Remuneration Model 1,Stratified Expected Value,CER_3_2_0,CER_2_3_0,40,60,-0.000113439,0.000189989,0
penetrazione,n = 5,5,QoS_new,Remuneration Model 1,Adaptive Sampling Shapley,CER_3_2_0,CER_2_3_0,40,60,-2.37806e-05,3.24589e-05,0
penetrazione,n = 5,5,QoS_new,Cascading Tree,Pearson Key,CER_4_1_0,CER_3_2_0,20,40,-0.00017064,0.000362594,0
penetrazione,n = 5,5,QoS_new,Cascading Tree,Pearson-Sharing Rate,CER_4_1_0,CER_3_2_0,20,40,-0.000142596,0.000353828,0
penetrazione,n = 5,5,QoS_new,Cascading Tree,Similarity-Utilization,CER_3_2_0,CER_2_3_0,40,60,-0.000808262,1.69706e-05,0
penetrazione,n = 5,5,QoS_new,Cascading Tree,Marginal Contribution,CER_4_1_0,CER_3_2_0,20,40,-0.00059603,0.000400617,0
penetrazione,n = 5,5,QoS_new,Cascading Tree,Stratified Expected Value,CER_4_1_0,CER_3_2_0,20,40,-0.00053594,0.000290896,0
penetrazione,n = 5,5,QoS_new,Cascading Tree,Adaptive Sampling Shapley,CER_4_1_0,CER_3_2_0,20,40,-0.000174398,0.000380555,0
penetrazione,n = 5,5,QoS_new,Pearson Key,Pearson-Sharing Rate,CER_4_1_0,CER_3_2_0,20,40,2.80438e-05,-8.76597e-06,0
penetrazione,n = 5,5,QoS_new,Pearson Key,Marginal Contribution,CER_4_1_0,CER_3_2_0,20,40,-0.000425389,3.80233e-05,0
penetrazione,n = 5,5,QoS_new,Pearson Key,Marginal Contribution,CER_3_2_0,CER_2_3_0,40,60,3.80233e-05,-3.39057e-05,0
penetrazione,n = 5,5,QoS_new,Pearson Key,Adaptive Sampling Shapley,CER_4_1_0,CER_3_2_0,20,40,-3.75796e-06,1.7961e-05,0
penetrazione,n = 5,5,QoS_new,Pearson Key,Adaptive Sampling Shapley,CER_3_2_0,CER_2_3_0,40,60,1.7961e-05,-0.000190594,0
penetrazione,n = 5,5,QoS_new,Pearson-Sharing Rate,Marginal Contribution,CER_4_1_0,CER_3_2_0,20,40,-0.000453433,4.67893e-05,0
penetrazione,n = 5,5,QoS_new,Pearson-Sharing Rate,Marginal Contribution,CER_3_2_0,CER_2_3_0,40,60,4.67893e-05,-2.59201e-05,0
penetrazione,n = 5,5,QoS_new,Pearson-Sharing Rate,Adaptive Sampling Shapley,CER_4_1_0,CER_3_2_0,20,40,-3.18017e-05,2.6727e-05,0
penetrazione,n = 5,5,QoS_new,Pearson-Sharing Rate,Adaptive Sampling Shapley,CER_3_2_0,CER_2_3_0,40,60,2.6727e-05,-0.000182608,0
penetrazione,n = 5,5,QoS_new,Marginal Contribution,Stratified Expected Value,CER_4_1_0,CER_3_2_0,20,40,6.00894e-05,-0.00010972,0
penetrazione,n = 5,5,QoS_new,Marginal Contribution,Stratified Expected Value,CER_3_2_0,CER_2_3_0,40,60,-0.00010972,8.41429e-07,0
penetrazione,n = 5,5,QoS_new,Marginal Contribution,Adaptive Sampling Shapley,CER_4_1_0,CER_3_2_0,20,40,0.000421631,-2.00623e-05,0
penetrazione,n = 5,5,QoS_new,Stratified Expected Value,Adaptive Sampling Shapley,CER_3_2_0,CER_2_3_0,40,60,8.96581e-05,-0.00015753,0
penetrazione,n = 5,5,EI_orig,Variance Least Core,Proportional to Consumption,CER_4_1_0,CER_3_2_0,20,40,-0.125443,0.12956,0
penetrazione,n = 5,5,EI_orig,Variance Least Core,Pearson Key,CER_4_1_0,CER_3_2_0,20,40,-0.148379,0.203074,0
penetrazione,n = 5,5,EI_orig,Variance Least Core,Pearson-Sharing Rate,CER_4_1_0,CER_3_2_0,20,40,-0.147846,0.201758,0
penetrazione,n = 5,5,EI_orig,Variance Least Core,Similarity-Utilization,CER_4_1_0,CER_3_2_0,20,40,-0.164536,0.18343,0
penetrazione,n = 5,5,EI_orig,Variance Least Core,Tri-level EP,CER_4_1_0,CER_3_2_0,20,40,-0.135421,0.198093,0
penetrazione,n = 5,5,EI_orig,Proportional to Consumption,Cascading Tree,CER_4_1_0,CER_3_2_0,20,40,0.0467178,-0.151048,0
penetrazione,n = 5,5,EI_orig,Proportional to Consumption,Pearson Key,CER_4_1_0,CER_3_2_0,20,40,-0.0229354,0.073514,0
penetrazione,n = 5,5,EI_orig,Proportional to Consumption,Pearson-Sharing Rate,CER_4_1_0,CER_3_2_0,20,40,-0.0224028,0.072198,0
penetrazione,n = 5,5,EI_orig,Proportional to Consumption,Similarity-Utilization,CER_4_1_0,CER_3_2_0,20,40,-0.0390924,0.05387,0
penetrazione,n = 5,5,EI_orig,Proportional to Consumption,Similarity-Utilization,CER_2_3_0,CER_0_5_0,60,100,0.11558,-0.000740717,0
penetrazione,n = 5,5,EI_orig,Proportional to Consumption,Marginal Contribution,CER_4_1_0,CER_3_2_0,20,40,0.106191,-0.152046,0
penetrazione,n = 5,5,EI_orig,Proportional to Consumption,Stratified Expected Value,CER_4_1_0,CER_3_2_0,20,40,0.0421776,-0.135409,0
penetrazione,n = 5,5,EI_orig,Proportional to Consumption,Adaptive Sampling Shapley,CER_4_1_0,CER_3_2_0,20,40,0.0890969,-0.228705,0
penetrazione,n = 5,5,EI_orig,Proportional to Consumption,Tri-level EP,CER_4_1_0,CER_3_2_0,20,40,-0.00997742,0.0685329,0
penetrazione,n = 5,5,EI_orig,Remuneration Model 1,Cascading Tree,CER_3_2_0,CER_2_3_0,40,60,0.0881552,-0.039442,0
penetrazione,n = 5,5,EI_orig,Cascading Tree,Weighted Solidarity,CER_3_2_0,CER_2_3_0,40,60,-0.0649163,0.0604122,0
penetrazione,n = 5,5,EI_orig,Cascading Tree,Pearson Key,CER_4_1_0,CER_3_2_0,20,40,-0.0696532,0.224562,0
penetrazione,n = 5,5,EI_orig,Cascading Tree,Pearson-Sharing Rate,CER_4_1_0,CER_3_2_0,20,40,-0.0691205,0.223246,0
penetrazione,n = 5,5,EI_orig,Cascading Tree,Similarity-Utilization,CER_4_1_0,CER_3_2_0,20,40,-0.0858102,0.204918,0
penetrazione,n = 5,5,EI_orig,Cascading Tree,Marginal Contribution,CER_4_1_0,CER_3_2_0,20,40,0.0594728,-0.000998786,0
penetrazione,n = 5,5,EI_orig,Cascading Tree,Marginal Contribution,CER_3_2_0,CER_2_3_0,40,60,-0.000998786,0.287755,0
penetrazione,n = 5,5,EI_orig,Cascading Tree,Stratified Expected Value,CER_4_1_0,CER_3_2_0,20,40,-0.00454014,0.0156381,0
penetrazione,n = 5,5,EI_orig,Cascading Tree,Adaptive Sampling Shapley,CER_4_1_0,CER_3_2_0,20,40,0.0423791,-0.077657,0
penetrazione,n = 5,5,EI_orig,Cascading Tree,Adaptive Sampling Shapley,CER_3_2_0,CER_2_3_0,40,60,-0.077657,0.141172,0
penetrazione,n = 5,5,EI_orig,Cascading Tree,Tri-level EP,CER_4_1_0,CER_3_2_0,20,40,-0.0566952,0.21958,0
penetrazione,n = 5,5,EI_orig,Weighted Solidarity,Adaptive Sampling Shapley,CER_4_1_0,CER_3_2_0,20,40,0.229848,-0.0127408,0
penetrazione,n = 5,5,EI_orig,Weighted Solidarity,Adaptive Sampling Shapley,CER_3_2_0,CER_2_3_0,40,60,-0.0127408,0.0807597,0
penetrazione,n = 5,5,EI_orig,Pearson Key,Pearson-Sharing Rate,CER_4_1_0,CER_3_2_0,20,40,0.000532657,-0.00131605,0
penetrazione,n = 5,5,EI_orig,Pearson Key,Similarity-Utilization,CER_3_2_0,CER_2_3_0,40,60,-0.0196441,0.0017224,0
penetrazione,n = 5,5,EI_orig,Pearson Key,Similarity-Utilization,CER_2_3_0,CER_0_5_0,60,100,0.0017224,-0.0587119,0
penetrazione,n = 5,5,EI_orig,Pearson Key,Marginal Contribution,CER_4_1_0,CER_3_2_0,20,40,0.129126,-0.22556,0
penetrazione,n = 5,5,EI_orig,Pearson Key,Stratified Expected Value,CER_4_1_0,CER_3_2_0,20,40,0.0651131,-0.208924,0
penetrazione,n = 5,5,EI_orig,Pearson Key,Adaptive Sampling Shapley,CER_4_1_0,CER_3_2_0,20,40,0.112032,-0.302219,0
penetrazione,n = 5,5,EI_orig,Pearson Key,Tri-level EP,CER_4_1_0,CER_3_2_0,20,40,0.012958,-0.00498115,0
penetrazione,n = 5,5,EI_orig,Pearson Key,Tri-level EP,CER_2_3_0,CER_0_5_0,60,100,-0.00857436,0.00953269,0
penetrazione,n = 5,5,EI_orig,Pearson-Sharing Rate,Similarity-Utilization,CER_3_2_0,CER_2_3_0,40,60,-0.018328,0.00375198,0
penetrazione,n = 5,5,EI_orig,Pearson-Sharing Rate,Similarity-Utilization,CER_2_3_0,CER_0_5_0,60,100,0.00375198,-0.0538856,0
penetrazione,n = 5,5,EI_orig,Pearson-Sharing Rate,Marginal Contribution,CER_4_1_0,CER_3_2_0,20,40,0.128593,-0.224244,0
penetrazione,n = 5,5,EI_orig,Pearson-Sharing Rate,Stratified Expected Value,CER_4_1_0,CER_3_2_0,20,40,0.0645804,-0.207607,0
penetrazione,n = 5,5,EI_orig,Pearson-Sharing Rate,Adaptive Sampling Shapley,CER_4_1_0,CER_3_2_0,20,40,0.1115,-0.300903,0
penetrazione,n = 5,5,EI_orig,Pearson-Sharing Rate,Tri-level EP,CER_4_1_0,CER_3_2_0,20,40,0.0124254,-0.0036651,0
penetrazione,n = 5,5,EI_orig,Pearson-Sharing Rate,Tri-level EP,CER_2_3_0,CER_0_5_0,60,100,-0.00654478,0.014359,0
penetrazione,n = 5,5,EI_orig,Similarity-Utilization,Marginal Contribution,CER_4_1_0,CER_3_2_0,20,40,0.145283,-0.205916,0
penetrazione,n = 5,5,EI_orig,Similarity-Utilization,Stratified Expected Value,CER_4_1_0,CER_3_2_0,20,40,0.08127,-0.189279,0
penetrazione,n = 5,5,EI_orig,Similarity-Utilization,Adaptive Sampling Shapley,CER_4_1_0,CER_3_2_0,20,40,0.128189,-0.282575,0
penetrazione,n = 5,5,EI_orig,Similarity-Utilization,Tri-level EP,CER_3_2_0,CER_2_3_0,40,60,0.0146629,-0.0102968,0
penetrazione,n = 5,5,EI_orig,Similarity-Utilization,Tri-level EP,CER_2_3_0,CER_0_5_0,60,100,-0.0102968,0.0682446,0
penetrazione,n = 5,5,EI_orig,Marginal Contribution,Stratified Expected Value,CER_4_1_0,CER_3_2_0,20,40,-0.064013,0.0166369,0
penetrazione,n = 5,5,EI_orig,Marginal Contribution,Stratified Expected Value,CER_2_3_0,CER_0_5_0,60,100,0.0276128,-0.00694162,0
penetrazione,n = 5,5,EI_orig,Marginal Contribution,Tri-level EP,CER_4_1_0,CER_3_2_0,20,40,-0.116168,0.220579,0
penetrazione,n = 5,5,EI_orig,Stratified Expected Value,Adaptive Sampling Shapley,CER_4_1_0,CER_3_2_0,20,40,0.0469192,-0.0932951,0
penetrazione,n = 5,5,EI_orig,Stratified Expected Value,Tri-level EP,CER_4_1_0,CER_3_2_0,20,40,-0.052155,0.203942,0
penetrazione,n = 5,5,EI_orig,Adaptive Sampling Shapley,Tri-level EP,CER_4_1_0,CER_3_2_0,20,40,-0.0990743,0.297237,0
penetrazione,n = 5,5,EI_new,Variance Least Core,Proportional to Consumption,CER_4_1_0,CER_3_2_0,20,40,0.000180937,-0.0381637,0
penetrazione,n = 5,5,EI_new,Variance Least Core,Weighted Solidarity,CER_4_1_0,CER_3_2_0,20,40,0.0435113,-0.013898,0
penetrazione,n = 5,5,EI_new,Variance Least Core,Weighted Solidarity,CER_2_3_0,CER_0_5_0,60,100,-0.0235967,0.00458695,0
penetrazione,n = 5,5,EI_new,Variance Least Core,Marginal Contribution,CER_4_1_0,CER_3_2_0,20,40,-0.0307998,0.00493927,0
penetrazione,n = 5,5,EI_new,Variance Least Core,Marginal Contribution,CER_3_2_0,CER_2_3_0,40,60,0.00493927,-0.0106583,0
penetrazione,n = 5,5,EI_new,Equal Split,Cascading Tree,CER_2_3_0,CER_0_5_0,60,100,0.00781193,-0.0507081,0
penetrazione,n = 5,5,EI_new,Proportional to Consumption,Remuneration Model 1,CER_4_1_0,CER_3_2_0,20,40,-0.0153282,0.00195491,0
penetrazione,n = 5,5,EI_new,Proportional to Consumption,Remuneration Model 1,CER_2_3_0,CER_0_5_0,60,100,0.0457055,-0.0327414,0
penetrazione,n = 5,5,EI_new,Proportional to Consumption,Pearson Key,CER_4_1_0,CER_3_2_0,20,40,-0.0229354,0.0311184,0
penetrazione,n = 5,5,EI_new,Proportional to Consumption,Pearson-Sharing Rate,CER_4_1_0,CER_3_2_0,20,40,-0.0224028,0.0283694,0
penetrazione,n = 5,5,EI_new,Proportional to Consumption,Similarity-Utilization,CER_2_3_0,CER_0_5_0,60,100,-0.0231091,0.0343857,0
penetrazione,n = 5,5,EI_new,Proportional to Consumption,Marginal Contribution,CER_4_1_0,CER_3_2_0,20,40,-0.0309808,0.043103,0
penetrazione,n = 5,5,EI_new,Proportional to Consumption,Stratified Expected Value,CER_4_1_0,CER_3_2_0,20,40,-0.0300587,0.036609,0
penetrazione,n = 5,5,EI_new,Proportional to Consumption,Adaptive Sampling Shapley,CER_4_1_0,CER_3_2_0,20,40,-0.0230684,0.00334205,0
penetrazione,n = 5,5,EI_new,Proportional to Consumption,Adaptive Sampling Shapley,CER_2_3_0,CER_0_5_0,60,100,0.0476815,-0.00731918,0
penetrazione,n = 5,5,EI_new,Proportional to Consumption,Tri-level EP,CER_4_1_0,CER_3_2_0,20,40,-0.00997742,0.0231542,0
penetrazione,n = 5,5,EI_new,Remuneration Model 1,Pearson Key,CER_4_1_0,CER_3_2_0,20,40,-0.00760726,0.0291635,0
penetrazione,n = 5,5,EI_new,Remuneration Model 1,Pearson-Sharing Rate,CER_4_1_0,CER_3_2_0,20,40,-0.00707461,0.0264145,0
penetrazione,n = 5,5,EI_new,Remuneration Model 1,Similarity-Utilization,CER_2_3_0,CER_0_5_0,60,100,-0.0688146,0.0671271,0
penetrazione,n = 5,5,EI_new,Remuneration Model 1,Marginal Contribution,CER_4_1_0,CER_3_2_0,20,40,-0.0156526,0.0411481,0
penetrazione,n = 5,5,EI_new,Remuneration Model 1,Stratified Expected Value,CER_4_1_0,CER_3_2_0,20,40,-0.0147306,0.0346541,0
penetrazione,n = 5,5,EI_new,Remuneration Model 1,Adaptive Sampling Shapley,CER_4_1_0,CER_3_2_0,20,40,-0.00774028,0.00138713,0
penetrazione,n = 5,5,EI_new,Cascading Tree,Pearson Key,CER_4_1_0,CER_3_2_0,20,40,-0.00442568,0.080127,0
penetrazione,n = 5,5,EI_new,Cascading Tree,Pearson-Sharing Rate,CER_4_1_0,CER_3_2_0,20,40,-0.00389303,0.0773781,0
penetrazione,n = 5,5,EI_new,Cascading Tree,Similarity-Utilization,CER_3_2_0,CER_2_3_0,40,60,-0.00571806,0.012159,0
penetrazione,n = 5,5,EI_new,Cascading Tree,Marginal Contribution,CER_4_1_0,CER_3_2_0,20,40,-0.012471,0.0921116,0
penetrazione,n = 5,5,EI_new,Cascading Tree,Stratified Expected Value,CER_4_1_0,CER_3_2_0,20,40,-0.011549,0.0856177,0
penetrazione,n = 5,5,EI_new,Cascading Tree,Adaptive Sampling Shapley,CER_4_1_0,CER_3_2_0,20,40,-0.0045587,0.0523507,0
penetrazione,n = 5,5,EI_new,Weighted Solidarity,Pearson Key,CER_4_1_0,CER_3_2_0,20,40,-0.0662658,0.0068527,0
penetrazione,n = 5,5,EI_new,Weighted Solidarity,Pearson Key,CER_3_2_0,CER_2_3_0,40,60,0.0068527,-0.016143,0
penetrazione,n = 5,5,EI_new,Weighted Solidarity,Pearson-Sharing Rate,CER_4_1_0,CER_3_2_0,20,40,-0.0657331,0.00410374,0
penetrazione,n = 5,5,EI_new,Weighted Solidarity,Pearson-Sharing Rate,CER_3_2_0,CER_2_3_0,40,60,0.00410374,-0.0264892,0
penetrazione,n = 5,5,EI_new,Weighted Solidarity,Marginal Contribution,CER_4_1_0,CER_3_2_0,20,40,-0.0743111,0.0188373,0
penetrazione,n = 5,5,EI_new,Weighted Solidarity,Marginal Contribution,CER_2_3_0,CER_0_5_0,60,100,0.0129384,-0.0673149,0
penetrazione,n = 5,5,EI_new,Weighted Solidarity,Stratified Expected Value,CER_4_1_0,CER_3_2_0,20,40,-0.0733891,0.0123433,0
penetrazione,n = 5,5,EI_new,Weighted Solidarity,Stratified Expected Value,CER_2_3_0,CER_0_5_0,60,100,0.00860822,-0.0680618,0
penetrazione,n = 5,5,EI_new,Pearson Key,Pearson-Sharing Rate,CER_4_1_0,CER_3_2_0,20,40,0.000532657,-0.00274896,0
penetrazione,n = 5,5,EI_new,Pearson Key,Marginal Contribution,CER_4_1_0,CER_3_2_0,20,40,-0.00804536,0.0119846,0
penetrazione,n = 5,5,EI_new,Pearson Key,Marginal Contribution,CER_2_3_0,CER_0_5_0,60,100,0.0290814,-0.0422056,0
penetrazione,n = 5,5,EI_new,Pearson Key,Stratified Expected Value,CER_4_1_0,CER_3_2_0,20,40,-0.00712331,0.00549062,0
penetrazione,n = 5,5,EI_new,Pearson Key,Stratified Expected Value,CER_2_3_0,CER_0_5_0,60,100,0.0247513,-0.0429524,0
penetrazione,n = 5,5,EI_new,Pearson Key,Tri-level EP,CER_4_1_0,CER_3_2_0,20,40,0.012958,-0.00796418,0
penetrazione,n = 5,5,EI_new,Pearson Key,Tri-level EP,CER_3_2_0,CER_2_3_0,40,60,-0.00796418,0.00380861,0
penetrazione,n = 5,5,EI_new,Pearson-Sharing Rate,Marginal Contribution,CER_4_1_0,CER_3_2_0,20,40,-0.00857801,0.0147336,0
penetrazione,n = 5,5,EI_new,Pearson-Sharing Rate,Marginal Contribution,CER_2_3_0,CER_0_5_0,60,100,0.0394275,-0.0358757,0
penetrazione,n = 5,5,EI_new,Pearson-Sharing Rate,Stratified Expected Value,CER_4_1_0,CER_3_2_0,20,40,-0.00765596,0.00823959,0
penetrazione,n = 5,5,EI_new,Pearson-Sharing Rate,Stratified Expected Value,CER_2_3_0,CER_0_5_0,60,100,0.0350974,-0.0366225,0
penetrazione,n = 5,5,EI_new,Pearson-Sharing Rate,Tri-level EP,CER_4_1_0,CER_3_2_0,20,40,0.0124254,-0.00521522,0
penetrazione,n = 5,5,EI_new,Pearson-Sharing Rate,Tri-level EP,CER_3_2_0,CER_2_3_0,40,60,-0.00521522,0.0141547,0
penetrazione,n = 5,5,EI_new,Similarity-Utilization,Marginal Contribution,CER_2_3_0,CER_0_5_0,60,100,0.114588,-0.00141881,0
penetrazione,n = 5,5,EI_new,Similarity-Utilization,Stratified Expected Value,CER_2_3_0,CER_0_5_0,60,100,0.110258,-0.00216562,0
penetrazione,n = 5,5,EI_new,Similarity-Utilization,Adaptive Sampling Shapley,CER_2_3_0,CER_0_5_0,60,100,0.0707906,-0.0417049,0
penetrazione,n = 5,5,EI_new,Marginal Contribution,Stratified Expected Value,CER_4_1_0,CER_3_2_0,20,40,0.00092205,-0.00649396,0
penetrazione,n = 5,5,EI_new,Marginal Contribution,Adaptive Sampling Shapley,CER_4_1_0,CER_3_2_0,20,40,0.00791234,-0.0397609,0
penetrazione,n = 5,5,EI_new,Marginal Contribution,Tri-level EP,CER_4_1_0,CER_3_2_0,20,40,0.0210034,-0.0199488,0
penetrazione,n = 5,5,EI_new,Marginal Contribution,Tri-level EP,CER_2_3_0,CER_0_5_0,60,100,-0.0252728,0.0534789,0
penetrazione,n = 5,5,EI_new,Stratified Expected Value,Adaptive Sampling Shapley,CER_4_1_0,CER_3_2_0,20,40,0.00699029,-0.033267,0
penetrazione,n = 5,5,EI_new,Stratified Expected Value,Tri-level EP,CER_4_1_0,CER_3_2_0,20,40,0.0200813,-0.0134548,0
penetrazione,n = 5,5,EI_new,Stratified Expected Value,Tri-level EP,CER_2_3_0,CER_0_5_0,60,100,-0.0209426,0.0542257,0
penetrazione,n = 5,5,Jain,Variance Least Core,Equal Split,CER_4_1_0,CER_3_2_0,20,40,-0.000582615,0.000247226,0
penetrazione,n = 5,5,Jain,Variance Least Core,Equal Split,CER_3_2_0,CER_2_3_0,40,60,0.000247226,-0.00813206,0
penetrazione,n = 5,5,Jain,Variance Least Core,Proportional to Consumption,CER_4_1_0,CER_3_2_0,20,40,2.89398e-05,-0.000246215,0
penetrazione,n = 5,5,Jain,Variance Least Core,Remuneration Model 1,CER_4_1_0,CER_3_2_0,20,40,-0.000126961,0.000864476,0
penetrazione,n = 5,5,Jain,Variance Least Core,Remuneration Model 1,CER_3_2_0,CER_2_3_0,40,60,0.000864476,-0.00430427,0
penetrazione,n = 5,5,Jain,Variance Least Core,Cascading Tree,CER_4_1_0,CER_3_2_0,20,40,-0.000174573,0.00203186,0
penetrazione,n = 5,5,Jain,Variance Least Core,Cascading Tree,CER_3_2_0,CER_2_3_0,40,60,0.00203186,-0.00956489,0
penetrazione,n = 5,5,Jain,Variance Least Core,Pearson Key,CER_3_2_0,CER_2_3_0,40,60,-0.000820038,0.000384853,0
penetrazione,n = 5,5,Jain,Variance Least Core,Pearson-Sharing Rate,CER_3_2_0,CER_2_3_0,40,60,-0.000823081,0.000329627,0
penetrazione,n = 5,5,Jain,Variance Least Core,Marginal Contribution,CER_4_1_0,CER_3_2_0,20,40,-0.000273024,0.000312577,0
penetrazione,n = 5,5,Jain,Variance Least Core,Marginal Contribution,CER_3_2_0,CER_2_3_0,40,60,0.000312577,-0.000329777,0
penetrazione,n = 5,5,Jain,Variance Least Core,Stratified Expected Value,CER_4_1_0,CER_3_2_0,20,40,-0.000269195,2.60549e-06,0
penetrazione,n = 5,5,Jain,Variance Least Core,Stratified Expected Value,CER_2_3_0,CER_0_5_0,60,100,2.62118e-05,-0.00804302,0
penetrazione,n = 5,5,Jain,Variance Least Core,Adaptive Sampling Shapley,CER_4_1_0,CER_3_2_0,20,40,-0.000195838,0.00117749,0
penetrazione,n = 5,5,Jain,Variance Least Core,Adaptive Sampling Shapley,CER_3_2_0,CER_2_3_0,40,60,0.00117749,-0.00277675,0
penetrazione,n = 5,5,Jain,Variance Least Core,Tri-level EP,CER_3_2_0,CER_2_3_0,40,60,-0.000669293,0.000156267,0
penetrazione,n = 5,5,Jain,Equal Split,Proportional to Consumption,CER_4_1_0,CER_3_2_0,20,40,0.000611555,-0.000493441,0
penetrazione,n = 5,5,Jain,Equal Split,Proportional to Consumption,CER_3_2_0,CER_2_3_0,40,60,-0.000493441,0.00582279,0
penetrazione,n = 5,5,Jain,Equal Split,Cascading Tree,CER_3_2_0,CER_2_3_0,40,60,0.00178463,-0.00143283,0
penetrazione,n = 5,5,Jain,Equal Split,Cascading Tree,CER_2_3_0,CER_0_5_0,60,100,-0.00143283,0.00569201,0
penetrazione,n = 5,5,Jain,Equal Split,Weighted Solidarity,CER_2_3_0,CER_0_5_0,60,100,-0.00483755,0.0188107,0
penetrazione,n = 5,5,Jain,Equal Split,Pearson Key,CER_4_1_0,CER_3_2_0,20,40,0.00038524,-0.00106726,0
penetrazione,n = 5,5,Jain,Equal Split,Pearson Key,CER_3_2_0,CER_2_3_0,40,60,-0.00106726,0.00851691,0
penetrazione,n = 5,5,Jain,Equal Split,Pearson-Sharing Rate,CER_4_1_0,CER_3_2_0,20,40,0.000389926,-0.00107031,0
penetrazione,n = 5,5,Jain,Equal Split,Pearson-Sharing Rate,CER_3_2_0,CER_2_3_0,40,60,-0.00107031,0.00846169,0
penetrazione,n = 5,5,Jain,Equal Split,Similarity-Utilization,CER_3_2_0,CER_2_3_0,40,60,-0.00222511,0.00782026,0
penetrazione,n = 5,5,Jain,Equal Split,Stratified Expected Value,CER_4_1_0,CER_3_2_0,20,40,0.000313421,-0.000244621,0
penetrazione,n = 5,5,Jain,Equal Split,Stratified Expected Value,CER_3_2_0,CER_2_3_0,40,60,-0.000244621,0.00815827,0
penetrazione,n = 5,5,Jain,Equal Split,Tri-level EP,CER_4_1_0,CER_3_2_0,20,40,0.000496286,-0.00091652,0
penetrazione,n = 5,5,Jain,Equal Split,Tri-level EP,CER_3_2_0,CER_2_3_0,40,60,-0.00091652,0.00828833,0
penetrazione,n = 5,5,Jain,Proportional to Consumption,Remuneration Model 1,CER_4_1_0,CER_3_2_0,20,40,-0.000155901,0.00111069,0
penetrazione,n = 5,5,Jain,Proportional to Consumption,Remuneration Model 1,CER_3_2_0,CER_2_3_0,40,60,0.00111069,-0.00199499,0
penetrazione,n = 5,5,Jain,Proportional to Consumption,Cascading Tree,CER_4_1_0,CER_3_2_0,20,40,-0.000203513,0.00227807,0
penetrazione,n = 5,5,Jain,Proportional to Consumption,Cascading Tree,CER_3_2_0,CER_2_3_0,40,60,0.00227807,-0.00725562,0
penetrazione,n = 5,5,Jain,Proportional to Consumption,Pearson Key,CER_3_2_0,CER_2_3_0,40,60,-0.000573823,0.00269413,0
penetrazione,n = 5,5,Jain,Proportional to Consumption,Pearson-Sharing Rate,CER_3_2_0,CER_2_3_0,40,60,-0.000576866,0.0026389,0
penetrazione,n = 5,5,Jain,Proportional to Consumption,Similarity-Utilization,CER_3_2_0,CER_2_3_0,40,60,-0.00173167,0.00199747,0
penetrazione,n = 5,5,Jain,Proportional to Consumption,Marginal Contribution,CER_4_1_0,CER_3_2_0,20,40,-0.000301964,0.000558792,0
penetrazione,n = 5,5,Jain,Proportional to Consumption,Stratified Expected Value,CER_4_1_0,CER_3_2_0,20,40,-0.000298134,0.00024882,0
penetrazione,n = 5,5,Jain,Proportional to Consumption,Adaptive Sampling Shapley,CER_4_1_0,CER_3_2_0,20,40,-0.000224778,0.00142371,0
penetrazione,n = 5,5,Jain,Proportional to Consumption,Adaptive Sampling Shapley,CER_3_2_0,CER_2_3_0,40,60,0.00142371,-0.000467473,0
penetrazione,n = 5,5,Jain,Proportional to Consumption,Tri-level EP,CER_3_2_0,CER_2_3_0,40,60,-0.000423078,0.00246554,0
penetrazione,n = 5,5,Jain,Remuneration Model 1,Cascading Tree,CER_4_1_0,CER_3_2_0,20,40,-4.76124e-05,0.00116738,0
penetrazione,n = 5,5,Jain,Remuneration Model 1,Cascading Tree,CER_3_2_0,CER_2_3_0,40,60,0.00116738,-0.00526062,0
penetrazione,n = 5,5,Jain,Remuneration Model 1,Weighted Solidarity,CER_2_3_0,CER_0_5_0,60,100,-0.00866535,6.55331e-05,0
penetrazione,n = 5,5,Jain,Remuneration Model 1,Pearson Key,CER_3_2_0,CER_2_3_0,40,60,-0.00168451,0.00468912,0
penetrazione,n = 5,5,Jain,Remuneration Model 1,Pearson-Sharing Rate,CER_3_2_0,CER_2_3_0,40,60,-0.00168756,0.0046339,0
penetrazione,n = 5,5,Jain,Remuneration Model 1,Similarity-Utilization,CER_3_2_0,CER_2_3_0,40,60,-0.00284236,0.00399247,0
penetrazione,n = 5,5,Jain,Remuneration Model 1,Marginal Contribution,CER_3_2_0,CER_2_3_0,40,60,-0.000551899,0.00397449,0
penetrazione,n = 5,5,Jain,Remuneration Model 1,Stratified Expected Value,CER_3_2_0,CER_2_3_0,40,60,-0.00086187,0.00433048,0
penetrazione,n = 5,5,Jain,Remuneration Model 1,Adaptive Sampling Shapley,CER_4_1_0,CER_3_2_0,20,40,-6.88769e-05,0.000313018,0
penetrazione,n = 5,5,Jain,Remuneration Model 1,Tri-level EP,CER_4_1_0,CER_3_2_0,20,40,4.0632e-05,-0.00153377,0
penetrazione,n = 5,5,Jain,Remuneration Model 1,Tri-level EP,CER_3_2_0,CER_2_3_0,40,60,-0.00153377,0.00446054,0
penetrazione,n = 5,5,Jain,Cascading Tree,Weighted Solidarity,CER_2_3_0,CER_0_5_0,60,100,-0.00340472,0.0131187,0
penetrazione,n = 5,5,Jain,Cascading Tree,Pearson Key,CER_3_2_0,CER_2_3_0,40,60,-0.0028519,0.00994975,0
penetrazione,n = 5,5,Jain,Cascading Tree,Pearson-Sharing Rate,CER_3_2_0,CER_2_3_0,40,60,-0.00285494,0.00989452,0
penetrazione,n = 5,5,Jain,Cascading Tree,Similarity-Utilization,CER_3_2_0,CER_2_3_0,40,60,-0.00400974,0.00925309,0
penetrazione,n = 5,5,Jain,Cascading Tree,Marginal Contribution,CER_3_2_0,CER_2_3_0,40,60,-0.00171928,0.00923512,0
penetrazione,n = 5,5,Jain,Cascading Tree,Stratified Expected Value,CER_3_2_0,CER_2_3_0,40,60,-0.00202925,0.00959111,0
penetrazione,n = 5,5,Jain,Cascading Tree,Adaptive Sampling Shapley,CER_3_2_0,CER_2_3_0,40,60,-0.000854365,0.00678815,0
penetrazione,n = 5,5,Jain,Cascading Tree,Tri-level EP,CER_4_1_0,CER_3_2_0,20,40,8.82444e-05,-0.00270115,0
penetrazione,n = 5,5,Jain,Cascading Tree,Tri-level EP,CER_3_2_0,CER_2_3_0,40,60,-0.00270115,0.00972116,0
penetrazione,n = 5,5,Jain,Weighted Solidarity,Pearson Key,CER_4_1_0,CER_3_2_0,20,40,0.000944796,-0.000326508,0
penetrazione,n = 5,5,Jain,Weighted Solidarity,Pearson Key,CER_3_2_0,CER_2_3_0,40,60,-0.000326508,0.0133545,0
penetrazione,n = 5,5,Jain,Weighted Solidarity,Pearson-Sharing Rate,CER_4_1_0,CER_3_2_0,20,40,0.000949481,-0.000329551,0
penetrazione,n = 5,5,Jain,Weighted Solidarity,Pearson-Sharing Rate,CER_3_2_0,CER_2_3_0,40,60,-0.000329551,0.0132992,0
penetrazione,n = 5,5,Jain,Weighted Solidarity,Similarity-Utilization,CER_4_1_0,CER_3_2_0,20,40,0.000370267,-0.00148435,0
penetrazione,n = 5,5,Jain,Weighted Solidarity,Similarity-Utilization,CER_3_2_0,CER_2_3_0,40,60,-0.00148435,0.0126578,0
penetrazione,n = 5,5,Jain,Weighted Solidarity,Tri-level EP,CER_4_1_0,CER_3_2_0,20,40,0.00105584,-0.000175763,0
penetrazione,n = 5,5,Jain,Weighted Solidarity,Tri-level EP,CER_3_2_0,CER_2_3_0,40,60,-0.000175763,0.0131259,0
penetrazione,n = 5,5,Jain,Pearson Key,Pearson-Sharing Rate,CER_4_1_0,CER_3_2_0,20,40,4.68554e-06,-3.04338e-06,0
penetrazione,n = 5,5,Jain,Pearson Key,Marginal Contribution,CER_4_1_0,CER_3_2_0,20,40,-7.56493e-05,0.00113261,0
penetrazione,n = 5,5,Jain,Pearson Key,Marginal Contribution,CER_3_2_0,CER_2_3_0,40,60,0.00113261,-0.00071463,0
penetrazione,n = 5,5,Jain,Pearson Key,Stratified Expected Value,CER_4_1_0,CER_3_2_0,20,40,-7.18196e-05,0.000822643,0
penetrazione,n = 5,5,Jain,Pearson Key,Stratified Expected Value,CER_3_2_0,CER_2_3_0,40,60,0.000822643,-0.000358641,0
penetrazione,n = 5,5,Jain,Pearson Key,Adaptive Sampling Shapley,CER_3_2_0,CER_2_3_0,40,60,0.00199753,-0.0031616,0
penetrazione,n = 5,5,Jain,Pearson Key,Tri-level EP,CER_3_2_0,CER_2_3_0,40,60,0.000150744,-0.000228585,0
penetrazione,n = 5,5,Jain,Pearson Key,Tri-level EP,CER_2_3_0,CER_0_5_0,60,100,-0.000228585,0.000656611,0
penetrazione,n = 5,5,Jain,Pearson-Sharing Rate,Marginal Contribution,CER_4_1_0,CER_3_2_0,20,40,-8.03348e-05,0.00113566,0
penetrazione,n = 5,5,Jain,Pearson-Sharing Rate,Marginal Contribution,CER_3_2_0,CER_2_3_0,40,60,0.00113566,-0.000659404,0
penetrazione,n = 5,5,Jain,Pearson-Sharing Rate,Stratified Expected Value,CER_4_1_0,CER_3_2_0,20,40,-7.65051e-05,0.000825686,0
penetrazione,n = 5,5,Jain,Pearson-Sharing Rate,Stratified Expected Value,CER_3_2_0,CER_2_3_0,40,60,0.000825686,-0.000303415,0
penetrazione,n = 5,5,Jain,Pearson-Sharing Rate,Adaptive Sampling Shapley,CER_4_1_0,CER_3_2_0,20,40,-3.1483e-06,0.00200057,0
penetrazione,n = 5,5,Jain,Pearson-Sharing Rate,Adaptive Sampling Shapley,CER_3_2_0,CER_2_3_0,40,60,0.00200057,-0.00310637,0
penetrazione,n = 5,5,Jain,Pearson-Sharing Rate,Tri-level EP,CER_3_2_0,CER_2_3_0,40,60,0.000153788,-0.000173359,0
penetrazione,n = 5,5,Jain,Pearson-Sharing Rate,Tri-level EP,CER_2_3_0,CER_0_5_0,60,100,-0.000173359,0.000940011,0
penetrazione,n = 5,5,Jain,Similarity-Utilization,Marginal Contribution,CER_3_2_0,CER_2_3_0,40,60,0.00229046,-1.7978e-05,0
penetrazione,n = 5,5,Jain,Similarity-Utilization,Stratified Expected Value,CER_2_3_0,CER_0_5_0,60,100,0.000338011,-0.00696207,0
penetrazione,n = 5,5,Jain,Similarity-Utilization,Adaptive Sampling Shapley,CER_3_2_0,CER_2_3_0,40,60,0.00315537,-0.00246495,0
penetrazione,n = 5,5,Jain,Marginal Contribution,Stratified Expected Value,CER_4_1_0,CER_3_2_0,20,40,3.82966e-06,-0.000309972,0
penetrazione,n = 5,5,Jain,Marginal Contribution,Stratified Expected Value,CER_3_2_0,CER_2_3_0,40,60,-0.000309972,0.000355989,0
penetrazione,n = 5,5,Jain,Marginal Contribution,Stratified Expected Value,CER_2_3_0,CER_0_5_0,60,100,0.000355989,-0.000763637,0
penetrazione,n = 5,5,Jain,Marginal Contribution,Adaptive Sampling Shapley,CER_3_2_0,CER_2_3_0,40,60,0.000864916,-0.00244697,0
penetrazione,n = 5,5,Jain,Marginal Contribution,Tri-level EP,CER_4_1_0,CER_3_2_0,20,40,0.000186695,-0.000981871,0
penetrazione,n = 5,5,Jain,Marginal Contribution,Tri-level EP,CER_3_2_0,CER_2_3_0,40,60,-0.000981871,0.000486045,0
penetrazione,n = 5,5,Jain,Stratified Expected Value,Adaptive Sampling Shapley,CER_3_2_0,CER_2_3_0,40,60,0.00117489,-0.00280296,0
penetrazione,n = 5,5,Jain,Stratified Expected Value,Tri-level EP,CER_4_1_0,CER_3_2_0,20,40,0.000182866,-0.000671899,0
penetrazione,n = 5,5,Jain,Stratified Expected Value,Tri-level EP,CER_3_2_0,CER_2_3_0,40,60,-0.000671899,0.000130056,0
penetrazione,n = 5,5,Jain,Adaptive Sampling Shapley,Tri-level EP,CER_4_1_0,CER_3_2_0,20,40,0.000109509,-0.00184679,0
penetrazione,n = 5,5,Jain,Adaptive Sampling Shapley,Tri-level EP,CER_3_2_0,CER_2_3_0,40,60,-0.00184679,0.00293301,0
penetrazione,n = 5,5,Gini,Variance Least Core,Proportional to Consumption,CER_4_1_0,CER_3_2_0,20,40,-0.125443,0.12956,0
penetrazione,n = 5,5,Gini,Variance Least Core,Pearson Key,CER_4_1_0,CER_3_2_0,20,40,-0.148379,0.203074,0
penetrazione,n = 5,5,Gini,Variance Least Core,Pearson-Sharing Rate,CER_4_1_0,CER_3_2_0,20,40,-0.147846,0.201758,0
penetrazione,n = 5,5,Gini,Variance Least Core,Similarity-Utilization,CER_4_1_0,CER_3_2_0,20,40,-0.164536,0.18343,0
penetrazione,n = 5,5,Gini,Variance Least Core,Tri-level EP,CER_4_1_0,CER_3_2_0,20,40,-0.135421,0.198093,0
penetrazione,n = 5,5,Gini,Proportional to Consumption,Cascading Tree,CER_4_1_0,CER_3_2_0,20,40,0.0467178,-0.151048,0
penetrazione,n = 5,5,Gini,Proportional to Consumption,Pearson Key,CER_4_1_0,CER_3_2_0,20,40,-0.0229354,0.073514,0
penetrazione,n = 5,5,Gini,Proportional to Consumption,Pearson-Sharing Rate,CER_4_1_0,CER_3_2_0,20,40,-0.0224028,0.072198,0
penetrazione,n = 5,5,Gini,Proportional to Consumption,Similarity-Utilization,CER_4_1_0,CER_3_2_0,20,40,-0.0390924,0.05387,0
penetrazione,n = 5,5,Gini,Proportional to Consumption,Similarity-Utilization,CER_2_3_0,CER_0_5_0,60,100,0.11558,-0.000740717,0
penetrazione,n = 5,5,Gini,Proportional to Consumption,Marginal Contribution,CER_4_1_0,CER_3_2_0,20,40,0.106191,-0.152046,0
penetrazione,n = 5,5,Gini,Proportional to Consumption,Stratified Expected Value,CER_4_1_0,CER_3_2_0,20,40,0.0421776,-0.135409,0
penetrazione,n = 5,5,Gini,Proportional to Consumption,Adaptive Sampling Shapley,CER_4_1_0,CER_3_2_0,20,40,0.0890969,-0.228705,0
penetrazione,n = 5,5,Gini,Proportional to Consumption,Tri-level EP,CER_4_1_0,CER_3_2_0,20,40,-0.00997742,0.0685329,0
penetrazione,n = 5,5,Gini,Remuneration Model 1,Cascading Tree,CER_3_2_0,CER_2_3_0,40,60,0.0881552,-0.039442,0
penetrazione,n = 5,5,Gini,Cascading Tree,Weighted Solidarity,CER_3_2_0,CER_2_3_0,40,60,-0.0649163,0.0604122,0
penetrazione,n = 5,5,Gini,Cascading Tree,Pearson Key,CER_4_1_0,CER_3_2_0,20,40,-0.0696532,0.224562,0
penetrazione,n = 5,5,Gini,Cascading Tree,Pearson-Sharing Rate,CER_4_1_0,CER_3_2_0,20,40,-0.0691205,0.223246,0
penetrazione,n = 5,5,Gini,Cascading Tree,Similarity-Utilization,CER_4_1_0,CER_3_2_0,20,40,-0.0858102,0.204918,0
penetrazione,n = 5,5,Gini,Cascading Tree,Marginal Contribution,CER_4_1_0,CER_3_2_0,20,40,0.0594728,-0.000998786,0
penetrazione,n = 5,5,Gini,Cascading Tree,Marginal Contribution,CER_3_2_0,CER_2_3_0,40,60,-0.000998786,0.287755,0
penetrazione,n = 5,5,Gini,Cascading Tree,Stratified Expected Value,CER_4_1_0,CER_3_2_0,20,40,-0.00454014,0.0156381,0
penetrazione,n = 5,5,Gini,Cascading Tree,Adaptive Sampling Shapley,CER_4_1_0,CER_3_2_0,20,40,0.0423791,-0.077657,0
penetrazione,n = 5,5,Gini,Cascading Tree,Adaptive Sampling Shapley,CER_3_2_0,CER_2_3_0,40,60,-0.077657,0.141172,0
penetrazione,n = 5,5,Gini,Cascading Tree,Tri-level EP,CER_4_1_0,CER_3_2_0,20,40,-0.0566952,0.21958,0
penetrazione,n = 5,5,Gini,Weighted Solidarity,Adaptive Sampling Shapley,CER_4_1_0,CER_3_2_0,20,40,0.229848,-0.0127408,0
penetrazione,n = 5,5,Gini,Weighted Solidarity,Adaptive Sampling Shapley,CER_3_2_0,CER_2_3_0,40,60,-0.0127408,0.0807597,0
penetrazione,n = 5,5,Gini,Pearson Key,Pearson-Sharing Rate,CER_4_1_0,CER_3_2_0,20,40,0.000532657,-0.00131605,0
penetrazione,n = 5,5,Gini,Pearson Key,Similarity-Utilization,CER_3_2_0,CER_2_3_0,40,60,-0.0196441,0.0017224,0
penetrazione,n = 5,5,Gini,Pearson Key,Similarity-Utilization,CER_2_3_0,CER_0_5_0,60,100,0.0017224,-0.0587119,0
penetrazione,n = 5,5,Gini,Pearson Key,Marginal Contribution,CER_4_1_0,CER_3_2_0,20,40,0.129126,-0.22556,0
penetrazione,n = 5,5,Gini,Pearson Key,Stratified Expected Value,CER_4_1_0,CER_3_2_0,20,40,0.0651131,-0.208924,0
penetrazione,n = 5,5,Gini,Pearson Key,Adaptive Sampling Shapley,CER_4_1_0,CER_3_2_0,20,40,0.112032,-0.302219,0
penetrazione,n = 5,5,Gini,Pearson Key,Tri-level EP,CER_4_1_0,CER_3_2_0,20,40,0.012958,-0.00498115,0
penetrazione,n = 5,5,Gini,Pearson Key,Tri-level EP,CER_2_3_0,CER_0_5_0,60,100,-0.00857436,0.00953269,0
penetrazione,n = 5,5,Gini,Pearson-Sharing Rate,Similarity-Utilization,CER_3_2_0,CER_2_3_0,40,60,-0.018328,0.00375198,0
penetrazione,n = 5,5,Gini,Pearson-Sharing Rate,Similarity-Utilization,CER_2_3_0,CER_0_5_0,60,100,0.00375198,-0.0538856,0
penetrazione,n = 5,5,Gini,Pearson-Sharing Rate,Marginal Contribution,CER_4_1_0,CER_3_2_0,20,40,0.128593,-0.224244,0
penetrazione,n = 5,5,Gini,Pearson-Sharing Rate,Stratified Expected Value,CER_4_1_0,CER_3_2_0,20,40,0.0645804,-0.207607,0
penetrazione,n = 5,5,Gini,Pearson-Sharing Rate,Adaptive Sampling Shapley,CER_4_1_0,CER_3_2_0,20,40,0.1115,-0.300903,0
penetrazione,n = 5,5,Gini,Pearson-Sharing Rate,Tri-level EP,CER_4_1_0,CER_3_2_0,20,40,0.0124254,-0.0036651,0
penetrazione,n = 5,5,Gini,Pearson-Sharing Rate,Tri-level EP,CER_2_3_0,CER_0_5_0,60,100,-0.00654478,0.014359,0
penetrazione,n = 5,5,Gini,Similarity-Utilization,Marginal Contribution,CER_4_1_0,CER_3_2_0,20,40,0.145283,-0.205916,0
penetrazione,n = 5,5,Gini,Similarity-Utilization,Stratified Expected Value,CER_4_1_0,CER_3_2_0,20,40,0.08127,-0.189279,0
penetrazione,n = 5,5,Gini,Similarity-Utilization,Adaptive Sampling Shapley,CER_4_1_0,CER_3_2_0,20,40,0.128189,-0.282575,0
penetrazione,n = 5,5,Gini,Similarity-Utilization,Tri-level EP,CER_3_2_0,CER_2_3_0,40,60,0.0146629,-0.0102968,0
penetrazione,n = 5,5,Gini,Similarity-Utilization,Tri-level EP,CER_2_3_0,CER_0_5_0,60,100,-0.0102968,0.0682446,0
penetrazione,n = 5,5,Gini,Marginal Contribution,Stratified Expected Value,CER_4_1_0,CER_3_2_0,20,40,-0.064013,0.0166369,0
penetrazione,n = 5,5,Gini,Marginal Contribution,Stratified Expected Value,CER_2_3_0,CER_0_5_0,60,100,0.0276128,-0.00694162,0
penetrazione,n = 5,5,Gini,Marginal Contribution,Tri-level EP,CER_4_1_0,CER_3_2_0,20,40,-0.116168,0.220579,0
penetrazione,n = 5,5,Gini,Stratified Expected Value,Adaptive Sampling Shapley,CER_4_1_0,CER_3_2_0,20,40,0.0469192,-0.0932951,0
penetrazione,n = 5,5,Gini,Stratified Expected Value,Tri-level EP,CER_4_1_0,CER_3_2_0,20,40,-0.052155,0.203942,0
penetrazione,n = 5,5,Gini,Adaptive Sampling Shapley,Tri-level EP,CER_4_1_0,CER_3_2_0,20,40,-0.0990743,0.297237,0
penetrazione,n = 5,5,FairnessIndex,Variance Least Core,Stratified Expected Value,CER_4_1_0,CER_3_2_0,20,40,0.0539906,-0.00752372,0
penetrazione,n = 5,5,FairnessIndex,Variance Least Core,Stratified Expected Value,CER_3_2_0,CER_2_3_0,40,60,-0.00752372,0.00216983,0
penetrazione,n = 5,5,FairnessIndex,Variance Least Core,Stratified Expected Value,CER_2_3_0,CER_0_5_0,60,100,0.00216983,-0.0646485,0
penetrazione,n = 5,5,FairnessIndex,Variance Least Core,Adaptive Sampling Shapley,CER_2_3_0,CER_0_5_0,60,100,0.105739,-0.0193394,0
penetrazione,n = 5,5,FairnessIndex,Equal Split,Proportional to Consumption,CER_3_2_0,CER_2_3_0,40,60,0.0818034,-0.25009,0
penetrazione,n = 5,5,FairnessIndex,Equal Split,Remuneration Model 1,CER_4_1_0,CER_3_2_0,20,40,0.0168945,-0.078863,0
penetrazione,n = 5,5,FairnessIndex,Equal Split,Cascading Tree,CER_4_1_0,CER_3_2_0,20,40,-0.321759,0.122284,0
penetrazione,n = 5,5,FairnessIndex,Equal Split,Cascading Tree,CER_2_3_0,CER_0_5_0,60,100,0.11156,-0.0257163,0
penetrazione,n = 5,5,FairnessIndex,Equal Split,Weighted Solidarity,CER_2_3_0,CER_0_5_0,60,100,0.0536676,-0.0147123,0
penetrazione,n = 5,5,FairnessIndex,Equal Split,Pearson Key,CER_3_2_0,CER_2_3_0,40,60,0.120709,-0.200221,0
penetrazione,n = 5,5,FairnessIndex,Equal Split,Pearson-Sharing Rate,CER_3_2_0,CER_2_3_0,40,60,0.119646,-0.201602,0
penetrazione,n = 5,5,FairnessIndex,Equal Split,Similarity-Utilization,CER_3_2_0,CER_2_3_0,40,60,0.129972,-0.163891,0
penetrazione,n = 5,5,FairnessIndex,Equal Split,Tri-level EP,CER_3_2_0,CER_2_3_0,40,60,0.108924,-0.202805,0
penetrazione,n = 5,5,FairnessIndex,Proportional to Consumption,Remuneration Model 1,CER_3_2_0,CER_2_3_0,40,60,-0.160666,0.129519,0
penetrazione,n = 5,5,FairnessIndex,Proportional to Consumption,Remuneration Model 1,CER_2_3_0,CER_0_5_0,60,100,0.129519,-0.0388694,0
penetrazione,n = 5,5,FairnessIndex,Proportional to Consumption,Cascading Tree,CER_4_1_0,CER_3_2_0,20,40,-0.924043,0.0404805,0
penetrazione,n = 5,5,FairnessIndex,Proportional to Consumption,Weighted Solidarity,CER_3_2_0,CER_2_3_0,40,60,-0.000602115,0.303757,0
penetrazione,n = 5,5,FairnessIndex,Proportional to Consumption,Similarity-Utilization,CER_2_3_0,CER_0_5_0,60,100,0.0861986,-0.0328522,0
penetrazione,n = 5,5,FairnessIndex,Proportional to Consumption,Adaptive Sampling Shapley,CER_3_2_0,CER_2_3_0,40,60,-0.1216,0.0217024,0
penetrazione,n = 5,5,FairnessIndex,Proportional to Consumption,Adaptive Sampling Shapley,CER_2_3_0,CER_0_5_0,60,100,0.0217024,-0.146107,0
penetrazione,n = 5,5,FairnessIndex,Remuneration Model 1,Cascading Tree,CER_4_1_0,CER_3_2_0,20,40,-0.338654,0.201147,0
penetrazione,n = 5,5,FairnessIndex,Remuneration Model 1,Weighted Solidarity,CER_4_1_0,CER_3_2_0,20,40,-0.00605984,0.160064,0
penetrazione,n = 5,5,FairnessIndex,Remuneration Model 1,Pearson Key,CER_3_2_0,CER_2_3_0,40,60,0.199572,-0.0796508,0
penetrazione,n = 5,5,FairnessIndex,Remuneration Model 1,Pearson Key,CER_2_3_0,CER_0_5_0,60,100,-0.0796508,0.0590669,0
penetrazione,n = 5,5,FairnessIndex,Remuneration Model 1,Pearson-Sharing Rate,CER_3_2_0,CER_2_3_0,40,60,0.198509,-0.0810312,0
penetrazione,n = 5,5,FairnessIndex,Remuneration Model 1,Pearson-Sharing Rate,CER_2_3_0,CER_0_5_0,60,100,-0.0810312,0.0558938,0
penetrazione,n = 5,5,FairnessIndex,Remuneration Model 1,Similarity-Utilization,CER_3_2_0,CER_2_3_0,40,60,0.208835,-0.0433207,0
penetrazione,n = 5,5,FairnessIndex,Remuneration Model 1,Similarity-Utilization,CER_2_3_0,CER_0_5_0,60,100,-0.0433207,0.00601721,0
penetrazione,n = 5,5,FairnessIndex,Remuneration Model 1,Adaptive Sampling Shapley,CER_4_1_0,CER_3_2_0,20,40,-0.390659,0.0390663,0
penetrazione,n = 5,5,FairnessIndex,Remuneration Model 1,Adaptive Sampling Shapley,CER_3_2_0,CER_2_3_0,40,60,0.0390663,-0.107817,0
penetrazione,n = 5,5,FairnessIndex,Remuneration Model 1,Tri-level EP,CER_3_2_0,CER_2_3_0,40,60,0.187787,-0.0822343,0
penetrazione,n = 5,5,FairnessIndex,Remuneration Model 1,Tri-level EP,CER_2_3_0,CER_0_5_0,60,100,-0.0822343,0.0682355,0
penetrazione,n = 5,5,FairnessIndex,Cascading Tree,Weighted Solidarity,CER_4_1_0,CER_3_2_0,20,40,0.332594,-0.0410826,0
penetrazione,n = 5,5,FairnessIndex,Cascading Tree,Weighted Solidarity,CER_2_3_0,CER_0_5_0,60,100,-0.0578925,0.011004,0
penetrazione,n = 5,5,FairnessIndex,Cascading Tree,Pearson Key,CER_4_1_0,CER_3_2_0,20,40,0.924043,-0.00157457,0
penetrazione,n = 5,5,FairnessIndex,Cascading Tree,Pearson-Sharing Rate,CER_4_1_0,CER_3_2_0,20,40,0.924043,-0.00263783,0
penetrazione,n = 5,5,FairnessIndex,Cascading Tree,Similarity-Utilization,CER_3_2_0,CER_2_3_0,40,60,0.00768852,-0.275451,0
penetrazione,n = 5,5,FairnessIndex,Cascading Tree,Tri-level EP,CER_4_1_0,CER_3_2_0,20,40,0.924043,-0.0133598,0
penetrazione,n = 5,5,FairnessIndex,Weighted Solidarity,Pearson Key,CER_3_2_0,CER_2_3_0,40,60,0.039508,-0.253889,0
penetrazione,n = 5,5,FairnessIndex,Weighted Solidarity,Pearson-Sharing Rate,CER_3_2_0,CER_2_3_0,40,60,0.0384448,-0.255269,0
penetrazione,n = 5,5,FairnessIndex,Weighted Solidarity,Similarity-Utilization,CER_3_2_0,CER_2_3_0,40,60,0.0487711,-0.217559,0
penetrazione,n = 5,5,FairnessIndex,Weighted Solidarity,Tri-level EP,CER_3_2_0,CER_2_3_0,40,60,0.0277228,-0.256472,0
penetrazione,n = 5,5,FairnessIndex,Pearson Key,Similarity-Utilization,CER_2_3_0,CER_0_5_0,60,100,0.0363301,-0.0530497,0
penetrazione,n = 5,5,FairnessIndex,Pearson Key,Tri-level EP,CER_2_3_0,CER_0_5_0,60,100,-0.00258343,0.00916864,0
penetrazione,n = 5,5,FairnessIndex,Pearson-Sharing Rate,Similarity-Utilization,CER_2_3_0,CER_0_5_0,60,100,0.0377105,-0.0498766,0
penetrazione,n = 5,5,FairnessIndex,Pearson-Sharing Rate,Tri-level EP,CER_2_3_0,CER_0_5_0,60,100,-0.00120304,0.0123417,0
penetrazione,n = 5,5,FairnessIndex,Similarity-Utilization,Tri-level EP,CER_2_3_0,CER_0_5_0,60,100,-0.0389136,0.0622183,0
penetrazione,n = 5,5,FairnessIndex,Stratified Expected Value,Adaptive Sampling Shapley,CER_4_1_0,CER_3_2_0,20,40,-0.0504443,0.0765885,0
penetrazione,n = 5,5,Sigma,Variance Least Core,Stratified Expected Value,CER_4_1_0,CER_3_2_0,20,40,0.0291095,-0.00329407,0
penetrazione,n = 5,5,Sigma,Variance Least Core,Stratified Expected Value,CER_3_2_0,CER_2_3_0,40,60,-0.00329407,0.00112161,0
penetrazione,n = 5,5,Sigma,Variance Least Core,Stratified Expected Value,CER_2_3_0,CER_0_5_0,60,100,0.00112161,-0.0301242,0
penetrazione,n = 5,5,Sigma,Variance Least Core,Adaptive Sampling Shapley,CER_2_3_0,CER_0_5_0,60,100,0.0467437,-0.00739051,0
penetrazione,n = 5,5,Sigma,Equal Split,Proportional to Consumption,CER_3_2_0,CER_2_3_0,40,60,0.0480957,-0.0973741,0
penetrazione,n = 5,5,Sigma,Equal Split,Remuneration Model 1,CER_4_1_0,CER_3_2_0,20,40,0.00890881,-0.0367447,0
penetrazione,n = 5,5,Sigma,Equal Split,Cascading Tree,CER_4_1_0,CER_3_2_0,20,40,-0.16179,0.0576635,0
penetrazione,n = 5,5,Sigma,Equal Split,Cascading Tree,CER_2_3_0,CER_0_5_0,60,100,0.0447728,-0.0218505,0
penetrazione,n = 5,5,Sigma,Equal Split,Weighted Solidarity,CER_2_3_0,CER_0_5_0,60,100,0.0470336,-0.0218864,0
penetrazione,n = 5,5,Sigma,Equal Split,Pearson Key,CER_3_2_0,CER_2_3_0,40,60,0.061892,-0.0849686,0
penetrazione,n = 5,5,Sigma,Equal Split,Pearson-Sharing Rate,CER_3_2_0,CER_2_3_0,40,60,0.0616186,-0.0855916,0
penetrazione,n = 5,5,Sigma,Equal Split,Similarity-Utilization,CER_3_2_0,CER_2_3_0,40,60,0.0699957,-0.0526889,0
penetrazione,n = 5,5,Sigma,Equal Split,Tri-level EP,CER_3_2_0,CER_2_3_0,40,60,0.0597782,-0.0881572,0
penetrazione,n = 5,5,Sigma,Proportional to Consumption,Remuneration Model 1,CER_3_2_0,CER_2_3_0,40,60,-0.0848404,0.0357033,0
penetrazione,n = 5,5,Sigma,Proportional to Consumption,Remuneration Model 1,CER_2_3_0,CER_0_5_0,60,100,0.0357033,-0.00742289,0
penetrazione,n = 5,5,Sigma,Proportional to Consumption,Cascading Tree,CER_4_1_0,CER_3_2_0,20,40,-0.275071,0.00956775,0
penetrazione,n = 5,5,Sigma,Proportional to Consumption,Weighted Solidarity,CER_3_2_0,CER_2_3_0,40,60,-0.011672,0.144408,0
penetrazione,n = 5,5,Sigma,Proportional to Consumption,Pearson Key,CER_4_1_0,CER_3_2_0,20,40,-0.0012244,0.0137962,0
penetrazione,n = 5,5,Sigma,Proportional to Consumption,Pearson-Sharing Rate,CER_4_1_0,CER_3_2_0,20,40,-0.00120589,0.0135229,0
penetrazione,n = 5,5,Sigma,Proportional to Consumption,Similarity-Utilization,CER_4_1_0,CER_3_2_0,20,40,-0.000621903,0.0219,0
penetrazione,n = 5,5,Sigma,Proportional to Consumption,Similarity-Utilization,CER_2_3_0,CER_0_5_0,60,100,0.0446852,-0.00622494,0
penetrazione,n = 5,5,Sigma,Proportional to Consumption,Tri-level EP,CER_4_1_0,CER_3_2_0,20,40,-0.000678362,0.0116825,0
penetrazione,n = 5,5,Sigma,Remuneration Model 1,Cascading Tree,CER_4_1_0,CER_3_2_0,20,40,-0.170699,0.0944082,0
penetrazione,n = 5,5,Sigma,Remuneration Model 1,Pearson Key,CER_3_2_0,CER_2_3_0,40,60,0.0986367,-0.0232977,0
penetrazione,n = 5,5,Sigma,Remuneration Model 1,Pearson Key,CER_2_3_0,CER_0_5_0,60,100,-0.0232977,0.0332441,0
penetrazione,n = 5,5,Sigma,Remuneration Model 1,Pearson-Sharing Rate,CER_3_2_0,CER_2_3_0,40,60,0.0983633,-0.0239207,0
penetrazione,n = 5,5,Sigma,Remuneration Model 1,Pearson-Sharing Rate,CER_2_3_0,CER_0_5_0,60,100,-0.0239207,0.0314182,0
penetrazione,n = 5,5,Sigma,Remuneration Model 1,Adaptive Sampling Shapley,CER_4_1_0,CER_3_2_0,20,40,-0.196974,0.0155079,0
penetrazione,n = 5,5,Sigma,Remuneration Model 1,Adaptive Sampling Shapley,CER_3_2_0,CER_2_3_0,40,60,0.0155079,-0.0469774,0
penetrazione,n = 5,5,Sigma,Remuneration Model 1,Tri-level EP,CER_3_2_0,CER_2_3_0,40,60,0.0965229,-0.0264864,0
penetrazione,n = 5,5,Sigma,Remuneration Model 1,Tri-level EP,CER_2_3_0,CER_0_5_0,60,100,-0.0264864,0.0378457,0
penetrazione,n = 5,5,Sigma,Cascading Tree,Weighted Solidarity,CER_4_1_0,CER_3_2_0,20,40,0.175473,-0.0212398,0
penetrazione,n = 5,5,Sigma,Cascading Tree,Weighted Solidarity,CER_3_2_0,CER_2_3_0,40,60,-0.0212398,0.00226085,0
penetrazione,n = 5,5,Sigma,Cascading Tree,Weighted Solidarity,CER_2_3_0,CER_0_5_0,60,100,0.00226085,-3.58637e-05,0
penetrazione,n = 5,5,Sigma,Cascading Tree,Pearson Key,CER_3_2_0,CER_2_3_0,40,60,0.00422846,-0.129741,0
penetrazione,n = 5,5,Sigma,Cascading Tree,Pearson-Sharing Rate,CER_3_2_0,CER_2_3_0,40,60,0.00395512,-0.130364,0
penetrazione,n = 5,5,Sigma,Cascading Tree,Similarity-Utilization,CER_3_2_0,CER_2_3_0,40,60,0.0123322,-0.0974617,0
penetrazione,n = 5,5,Sigma,Cascading Tree,Tri-level EP,CER_3_2_0,CER_2_3_0,40,60,0.00211474,-0.13293,0
penetrazione,n = 5,5,Sigma,Weighted Solidarity,Pearson Key,CER_3_2_0,CER_2_3_0,40,60,0.0254683,-0.132002,0
penetrazione,n = 5,5,Sigma,Weighted Solidarity,Pearson-Sharing Rate,CER_3_2_0,CER_2_3_0,40,60,0.0251949,-0.132625,0
penetrazione,n = 5,5,Sigma,Weighted Solidarity,Similarity-Utilization,CER_3_2_0,CER_2_3_0,40,60,0.033572,-0.0997225,0
penetrazione,n = 5,5,Sigma,Weighted Solidarity,Tri-level EP,CER_3_2_0,CER_2_3_0,40,60,0.0233545,-0.135191,0
penetrazione,n = 5,5,Sigma,Pearson Key,Pearson-Sharing Rate,CER_4_1_0,CER_3_2_0,20,40,1.8514e-05,-0.000273339,0
penetrazione,n = 5,5,Sigma,Pearson Key,Similarity-Utilization,CER_2_3_0,CER_0_5_0,60,100,0.0322796,-0.0320462,0
penetrazione,n = 5,5,Sigma,Pearson Key,Tri-level EP,CER_4_1_0,CER_3_2_0,20,40,0.000546039,-0.00211372,0
penetrazione,n = 5,5,Sigma,Pearson Key,Tri-level EP,CER_2_3_0,CER_0_5_0,60,100,-0.00318866,0.00460152,0
penetrazione,n = 5,5,Sigma,Pearson-Sharing Rate,Similarity-Utilization,CER_2_3_0,CER_0_5_0,60,100,0.0329027,-0.0302203,0
penetrazione,n = 5,5,Sigma,Pearson-Sharing Rate,Tri-level EP,CER_4_1_0,CER_3_2_0,20,40,0.000527525,-0.00184038,0
penetrazione,n = 5,5,Sigma,Pearson-Sharing Rate,Tri-level EP,CER_2_3_0,CER_0_5_0,60,100,-0.00256565,0.00642743,0
penetrazione,n = 5,5,Sigma,Similarity-Utilization,Tri-level EP,CER_2_3_0,CER_0_5_0,60,100,-0.0354683,0.0366477,0
penetrazione,n = 5,5,Sigma,Stratified Expected Value,Adaptive Sampling Shapley,CER_4_1_0,CER_3_2_0,20,40,-0.0251421,0.037341,0
penetrazione,n = 5,5,EccessoMax_EUR,Equal Split,Proportional to Consumption,CER_4_1_0,CER_3_2_0,20,40,14.8843,-14.3646,0
penetrazione,n = 5,5,EccessoMax_EUR,Equal Split,Cascading Tree,CER_4_1_0,CER_3_2_0,20,40,-19.8762,24.0535,0
penetrazione,n = 5,5,EccessoMax_EUR,Equal Split,Cascading Tree,CER_2_3_0,CER_0_5_0,60,100,15.2856,-0.727811,0
penetrazione,n = 5,5,EccessoMax_EUR,Equal Split,Pearson Key,CER_4_1_0,CER_3_2_0,20,40,14.3301,-19.8202,0
penetrazione,n = 5,5,EccessoMax_EUR,Equal Split,Pearson-Sharing Rate,CER_4_1_0,CER_3_2_0,20,40,14.4772,-19.8499,0
penetrazione,n = 5,5,EccessoMax_EUR,Equal Split,Similarity-Utilization,CER_3_2_0,CER_2_3_0,40,60,0.362327,-23.5738,0
penetrazione,n = 5,5,EccessoMax_EUR,Equal Split,Tri-level EP,CER_4_1_0,CER_3_2_0,20,40,15.2319,-21.0997,0
penetrazione,n = 5,5,EccessoMax_EUR,Proportional to Consumption,Remuneration Model 1,CER_3_2_0,CER_2_3_0,40,60,-0.702769,12.1585,0
penetrazione,n = 5,5,EccessoMax_EUR,Proportional to Consumption,Remuneration Model 1,CER_2_3_0,CER_0_5_0,60,100,12.1585,-1.17632,0
penetrazione,n = 5,5,EccessoMax_EUR,Proportional to Consumption,Cascading Tree,CER_4_1_0,CER_3_2_0,20,40,-34.7606,38.418,0
penetrazione,n = 5,5,EccessoMax_EUR,Proportional to Consumption,Similarity-Utilization,CER_2_3_0,CER_0_5_0,60,100,12.9786,-2.0032,0
penetrazione,n = 5,5,EccessoMax_EUR,Proportional to Consumption,Adaptive Sampling Shapley,CER_4_1_0,CER_3_2_0,20,40,-37.7773,4.08287,0
penetrazione,n = 5,5,EccessoMax_EUR,Proportional to Consumption,Adaptive Sampling Shapley,CER_2_3_0,CER_0_5_0,60,100,0.0128863,-2.28768,0
penetrazione,n = 5,5,EccessoMax_EUR,Proportional to Consumption,Tri-level EP,CER_4_1_0,CER_3_2_0,20,40,0.347595,-6.73518,0
penetrazione,n = 5,5,EccessoMax_EUR,Proportional to Consumption,Tri-level EP,CER_2_3_0,CER_0_5_0,60,100,-11.9435,0.0564024,0
penetrazione,n = 5,5,EccessoMax_EUR,Remuneration Model 1,Cascading Tree,CER_4_1_0,CER_3_2_0,20,40,-18.2612,39.1208,0
penetrazione,n = 5,5,EccessoMax_EUR,Remuneration Model 1,Pearson Key,CER_4_1_0,CER_3_2_0,20,40,15.9452,-4.75284,0
penetrazione,n = 5,5,EccessoMax_EUR,Remuneration Model 1,Pearson Key,CER_2_3_0,CER_0_5_0,60,100,-21.3641,0.860092,0
penetrazione,n = 5,5,EccessoMax_EUR,Remuneration Model 1,Pearson-Sharing Rate,CER_4_1_0,CER_3_2_0,20,40,16.0923,-4.78255,0
penetrazione,n = 5,5,EccessoMax_EUR,Remuneration Model 1,Pearson-Sharing Rate,CER_2_3_0,CER_0_5_0,60,100,-21.7372,0.707676,0
penetrazione,n = 5,5,EccessoMax_EUR,Remuneration Model 1,Similarity-Utilization,CER_2_3_0,CER_0_5_0,60,100,0.820099,-0.826883,0
penetrazione,n = 5,5,EccessoMax_EUR,Remuneration Model 1,Adaptive Sampling Shapley,CER_4_1_0,CER_3_2_0,20,40,-21.2779,4.78564,0
penetrazione,n = 5,5,EccessoMax_EUR,Remuneration Model 1,Adaptive Sampling Shapley,CER_3_2_0,CER_2_3_0,40,60,4.78564,-12.1456,0
penetrazione,n = 5,5,EccessoMax_EUR,Remuneration Model 1,Tri-level EP,CER_4_1_0,CER_3_2_0,20,40,16.847,-6.03241,0
penetrazione,n = 5,5,EccessoMax_EUR,Remuneration Model 1,Tri-level EP,CER_2_3_0,CER_0_5_0,60,100,-24.102,1.23272,0
penetrazione,n = 5,5,EccessoMax_EUR,Cascading Tree,Weighted Solidarity,CER_4_1_0,CER_3_2_0,20,40,42.6461,-6.49266,0
penetrazione,n = 5,5,EccessoMax_EUR,Cascading Tree,Weighted Solidarity,CER_2_3_0,CER_0_5_0,60,100,-14.5877,1.45706,0
penetrazione,n = 5,5,EccessoMax_EUR,Cascading Tree,Pearson Key,CER_4_1_0,CER_3_2_0,20,40,34.2063,-43.8736,0
penetrazione,n = 5,5,EccessoMax_EUR,Cascading Tree,Pearson-Sharing Rate,CER_4_1_0,CER_3_2_0,20,40,34.3535,-43.9034,0
penetrazione,n = 5,5,EccessoMax_EUR,Cascading Tree,Similarity-Utilization,CER_4_1_0,CER_3_2_0,20,40,50.5391,-23.6912,0
penetrazione,n = 5,5,EccessoMax_EUR,Cascading Tree,Stratified Expected Value,CER_4_1_0,CER_3_2_0,20,40,0.213741,-64.2914,0
penetrazione,n = 5,5,EccessoMax_EUR,Cascading Tree,Tri-level EP,CER_4_1_0,CER_3_2_0,20,40,35.1082,-45.1532,0
penetrazione,n = 5,5,EccessoMax_EUR,Weighted Solidarity,Similarity-Utilization,CER_4_1_0,CER_3_2_0,20,40,7.89293,-17.1985,0
penetrazione,n = 5,5,EccessoMax_EUR,Pearson Key,Pearson-Sharing Rate,CER_4_1_0,CER_3_2_0,20,40,0.147142,-0.0297121,0
penetrazione,n = 5,5,EccessoMax_EUR,Pearson Key,Similarity-Utilization,CER_2_3_0,CER_0_5_0,60,100,22.1842,-1.68698,0
penetrazione,n = 5,5,EccessoMax_EUR,Pearson Key,Adaptive Sampling Shapley,CER_4_1_0,CER_3_2_0,20,40,-37.2231,9.53848,0
penetrazione,n = 5,5,EccessoMax_EUR,Pearson Key,Adaptive Sampling Shapley,CER_2_3_0,CER_0_5_0,60,100,9.21849,-1.97146,0
penetrazione,n = 5,5,EccessoMax_EUR,Pearson Key,Tri-level EP,CER_4_1_0,CER_3_2_0,20,40,0.901819,-1.27957,0
penetrazione,n = 5,5,EccessoMax_EUR,Pearson Key,Tri-level EP,CER_2_3_0,CER_0_5_0,60,100,-2.73791,0.372629,0
penetrazione,n = 5,5,EccessoMax_EUR,Pearson-Sharing Rate,Similarity-Utilization,CER_2_3_0,CER_0_5_0,60,100,22.5573,-1.53456,0
penetrazione,n = 5,5,EccessoMax_EUR,Pearson-Sharing Rate,Adaptive Sampling Shapley,CER_4_1_0,CER_3_2_0,20,40,-37.3702,9.56819,0
penetrazione,n = 5,5,EccessoMax_EUR,Pearson-Sharing Rate,Adaptive Sampling Shapley,CER_2_3_0,CER_0_5_0,60,100,9.5916,-1.81904,0
penetrazione,n = 5,5,EccessoMax_EUR,Pearson-Sharing Rate,Tri-level EP,CER_4_1_0,CER_3_2_0,20,40,0.754677,-1.24986,0
penetrazione,n = 5,5,EccessoMax_EUR,Pearson-Sharing Rate,Tri-level EP,CER_2_3_0,CER_0_5_0,60,100,-2.3648,0.525046,0
penetrazione,n = 5,5,EccessoMax_EUR,Similarity-Utilization,Tri-level EP,CER_2_3_0,CER_0_5_0,60,100,-24.9221,2.0596,0
penetrazione,n = 5,5,EccessoMax_EUR,Marginal Contribution,Stratified Expected Value,CER_4_1_0,CER_3_2_0,20,40,3.83316,-5.60618,0
penetrazione,n = 5,5,EccessoMax_EUR,Marginal Contribution,Stratified Expected Value,CER_2_3_0,CER_0_5_0,60,100,-0.936062,0.0613391,0
penetrazione,n = 5,5,EccessoMax_EUR,Stratified Expected Value,Adaptive Sampling Shapley,CER_4_1_0,CER_3_2_0,20,40,-3.23047,29.9562,0
penetrazione,n = 5,5,EccessoMax_EUR,Adaptive Sampling Shapley,Tri-level EP,CER_4_1_0,CER_3_2_0,20,40,38.1249,-10.818,0
penetrazione,n = 5,5,EccessoMax_EUR,Adaptive Sampling Shapley,Tri-level EP,CER_2_3_0,CER_0_5_0,60,100,-11.9564,2.34408,0
penetrazione,n = 5,5,CoalizioniInstabili,Equal Split,Proportional to Consumption,CER_3_2_0,CER_2_3_0,40,60,5,-4,0
penetrazione,n = 5,5,CoalizioniInstabili,Equal Split,Weighted Solidarity,CER_2_3_0,CER_0_5_0,60,100,2,-1,0
penetrazione,n = 5,5,CoalizioniInstabili,Equal Split,Pearson Key,CER_3_2_0,CER_0_5_0,40,100,8,-4,1
penetrazione,n = 5,5,CoalizioniInstabili,Equal Split,Pearson-Sharing Rate,CER_3_2_0,CER_0_5_0,40,100,9,-4,1
penetrazione,n = 5,5,CoalizioniInstabili,Equal Split,Similarity-Utilization,CER_3_2_0,CER_2_3_0,40,60,3,-1,0
penetrazione,n = 5,5,CoalizioniInstabili,Equal Split,Tri-level EP,CER_3_2_0,CER_0_5_0,40,100,8,-4,1
penetrazione,n = 5,5,CoalizioniInstabili,Proportional to Consumption,Remuneration Model 1,CER_3_2_0,CER_2_3_0,40,60,-5,3,0
penetrazione,n = 5,5,CoalizioniInstabili,Proportional to Consumption,Cascading Tree,CER_3_2_0,CER_2_3_0,40,60,-5,4,0
penetrazione,n = 5,5,CoalizioniInstabili,Proportional to Consumption,Weighted Solidarity,CER_3_2_0,CER_2_3_0,40,60,-4,6,0
penetrazione,n = 5,5,CoalizioniInstabili,Proportional to Consumption,Similarity-Utilization,CER_3_2_0,CER_2_3_0,40,60,-2,3,0
penetrazione,n = 5,5,CoalizioniInstabili,Proportional to Consumption,Similarity-Utilization,CER_2_3_0,CER_0_5_0,60,100,3,-2,0
penetrazione,n = 5,5,CoalizioniInstabili,Remuneration Model 1,Cascading Tree,CER_4_1_0,CER_2_3_0,20,60,-2,1,1
penetrazione,n = 5,5,CoalizioniInstabili,Remuneration Model 1,Similarity-Utilization,CER_3_2_0,CER_0_5_0,40,100,3,-2,1
penetrazione,n = 5,5,CoalizioniInstabili,Cascading Tree,Weighted Solidarity,CER_2_3_0,CER_0_5_0,60,100,2,-1,0
penetrazione,n = 5,5,CoalizioniInstabili,Cascading Tree,Pearson Key,CER_3_2_0,CER_0_5_0,40,100,8,-4,1
penetrazione,n = 5,5,CoalizioniInstabili,Cascading Tree,Pearson-Sharing Rate,CER_3_2_0,CER_0_5_0,40,100,9,-4,1
penetrazione,n = 5,5,CoalizioniInstabili,Cascading Tree,Similarity-Utilization,CER_3_2_0,CER_2_3_0,40,60,3,-1,0
penetrazione,n = 5,5,CoalizioniInstabili,Cascading Tree,Tri-level EP,CER_3_2_0,CER_0_5_0,40,100,8,-4,1
penetrazione,n = 5,5,CoalizioniInstabili,Weighted Solidarity,Pearson Key,CER_3_2_0,CER_2_3_0,40,60,7,-2,0
penetrazione,n = 5,5,CoalizioniInstabili,Weighted Solidarity,Pearson-Sharing Rate,CER_3_2_0,CER_2_3_0,40,60,8,-2,0
penetrazione,n = 5,5,CoalizioniInstabili,Weighted Solidarity,Similarity-Utilization,CER_3_2_0,CER_2_3_0,40,60,2,-3,0
penetrazione,n = 5,5,CoalizioniInstabili,Weighted Solidarity,Tri-level EP,CER_3_2_0,CER_2_3_0,40,60,7,-2,0
penetrazione,n = 5,5,ForzaIncentivante,Variance Least Core,Equal Split,CER_4_1_0,CER_3_2_0,20,40,-1.80513,0.376374,0
penetrazione,n = 5,5,ForzaIncentivante,Variance Least Core,Proportional to Consumption,CER_3_2_0,CER_2_3_0,40,60,-0.353835,0.0210158,0
penetrazione,n = 5,5,ForzaIncentivante,Variance Least Core,Proportional to Consumption,CER_2_3_0,CER_0_5_0,60,100,0.0210158,-0.0381695,0
penetrazione,n = 5,5,ForzaIncentivante,Variance Least Core,Remuneration Model 1,CER_4_1_0,CER_3_2_0,20,40,-1.85809,0.30393,0
penetrazione,n = 5,5,ForzaIncentivante,Variance Least Core,Cascading Tree,CER_4_1_0,CER_3_2_0,20,40,-0.370324,0.852917,0
penetrazione,n = 5,5,ForzaIncentivante,Variance Least Core,Weighted Solidarity,CER_4_1_0,CER_3_2_0,20,40,-1.88656,0.476318,0
penetrazione,n = 5,5,ForzaIncentivante,Variance Least Core,Marginal Contribution,CER_4_1_0,CER_3_2_0,20,40,-0.0361228,0.150707,0
penetrazione,n = 5,5,ForzaIncentivante,Variance Least Core,Stratified Expected Value,CER_4_1_0,CER_3_2_0,20,40,-0.365495,0.0186604,0
penetrazione,n = 5,5,ForzaIncentivante,Variance Least Core,Stratified Expected Value,CER_3_2_0,CER_2_3_0,40,60,0.0186604,-0.00259064,0
penetrazione,n = 5,5,ForzaIncentivante,Variance Least Core,Stratified Expected Value,CER_2_3_0,CER_0_5_0,60,100,-0.00259064,0.175919,0
penetrazione,n = 5,5,ForzaIncentivante,Variance Least Core,Adaptive Sampling Shapley,CER_4_1_0,CER_3_2_0,20,40,-0.139532,0.461642,0
penetrazione,n = 5,5,ForzaIncentivante,Equal Split,Cascading Tree,CER_2_3_0,CER_0_5_0,60,100,0.193944,-0.117329,0
penetrazione,n = 5,5,ForzaIncentivante,Equal Split,Weighted Solidarity,CER_4_1_0,CER_3_2_0,20,40,-0.0814376,0.0999438,0
penetrazione,n = 5,5,ForzaIncentivante,Equal Split,Weighted Solidarity,CER_2_3_0,CER_0_5_0,60,100,0.0716355,-0.18136,0
penetrazione,n = 5,5,ForzaIncentivante,Equal Split,Marginal Contribution,CER_4_1_0,CER_3_2_0,20,40,1.769,-0.225668,0
penetrazione,n = 5,5,ForzaIncentivante,Equal Split,Stratified Expected Value,CER_4_1_0,CER_3_2_0,20,40,1.43963,-0.357714,0
penetrazione,n = 5,5,ForzaIncentivante,Equal Split,Adaptive Sampling Shapley,CER_3_2_0,CER_2_3_0,40,60,0.0852682,-0.386744,0
penetrazione,n = 5,5,ForzaIncentivante,Proportional to Consumption,Stratified Expected Value,CER_3_2_0,CER_2_3_0,40,60,0.372496,-0.0236064,0
penetrazione,n = 5,5,ForzaIncentivante,Proportional to Consumption,Stratified Expected Value,CER_2_3_0,CER_0_5_0,60,100,-0.0236064,0.214088,0
penetrazione,n = 5,5,ForzaIncentivante,Remuneration Model 1,Weighted Solidarity,CER_4_1_0,CER_3_2_0,20,40,-0.0284712,0.172388,0
penetrazione,n = 5,5,ForzaIncentivante,Remuneration Model 1,Marginal Contribution,CER_4_1_0,CER_3_2_0,20,40,1.82197,-0.153224,0
penetrazione,n = 5,5,ForzaIncentivante,Remuneration Model 1,Stratified Expected Value,CER_4_1_0,CER_3_2_0,20,40,1.4926,-0.28527,0
penetrazione,n = 5,5,ForzaIncentivante,Remuneration Model 1,Adaptive Sampling Shapley,CER_3_2_0,CER_2_3_0,40,60,0.157712,-0.187054,0
penetrazione,n = 5,5,ForzaIncentivante,Cascading Tree,Marginal Contribution,CER_4_1_0,CER_3_2_0,20,40,0.334202,-0.702211,0
penetrazione,n = 5,5,ForzaIncentivante,Cascading Tree,Stratified Expected Value,CER_4_1_0,CER_3_2_0,20,40,0.00482905,-0.834257,0
penetrazione,n = 5,5,ForzaIncentivante,Cascading Tree,Adaptive Sampling Shapley,CER_4_1_0,CER_3_2_0,20,40,0.230792,-0.391275,0
penetrazione,n = 5,5,ForzaIncentivante,Weighted Solidarity,Marginal Contribution,CER_4_1_0,CER_3_2_0,20,40,1.85044,-0.325611,0
penetrazione,n = 5,5,ForzaIncentivante,Weighted Solidarity,Stratified Expected Value,CER_4_1_0,CER_3_2_0,20,40,1.52107,-0.457658,0
penetrazione,n = 5,5,ForzaIncentivante,Weighted Solidarity,Adaptive Sampling Shapley,CER_4_1_0,CER_3_2_0,20,40,1.74703,-0.0146756,0
penetrazione,n = 5,5,ForzaIncentivante,Pearson Key,Similarity-Utilization,CER_2_3_0,CER_0_5_0,60,100,-0.0824809,0.143554,0
penetrazione,n = 5,5,ForzaIncentivante,Pearson Key,Tri-level EP,CER_2_3_0,CER_0_5_0,60,100,0.0247843,-0.023742,0
penetrazione,n = 5,5,ForzaIncentivante,Pearson-Sharing Rate,Similarity-Utilization,CER_2_3_0,CER_0_5_0,60,100,-0.0857764,0.133619,0
penetrazione,n = 5,5,ForzaIncentivante,Pearson-Sharing Rate,Tri-level EP,CER_2_3_0,CER_0_5_0,60,100,0.0214888,-0.0336767,0
penetrazione,n = 5,5,ForzaIncentivante,Similarity-Utilization,Tri-level EP,CER_2_3_0,CER_0_5_0,60,100,0.107265,-0.167296,0
penetrazione,n = 5,5,ForzaIncentivante,Marginal Contribution,Stratified Expected Value,CER_2_3_0,CER_0_5_0,60,100,-0.0614209,0.0224677,0
penetrazione,n = 5,5,ForzaIncentivante,Marginal Contribution,Adaptive Sampling Shapley,CER_4_1_0,CER_3_2_0,20,40,-0.10341,0.310936,0
penetrazione,n = 5,5,AllineamentoVirtu,Variance Least Core,Equal Split,CER_4_1_0,CER_3_2_0,20,40,-0.998066,0.706402,0
penetrazione,n = 5,5,AllineamentoVirtu,Variance Least Core,Proportional to Consumption,CER_3_2_0,CER_2_3_0,40,60,-0.199116,0.0277064,0
penetrazione,n = 5,5,AllineamentoVirtu,Variance Least Core,Remuneration Model 1,CER_4_1_0,CER_3_2_0,20,40,-1.21569,0.412842,0
penetrazione,n = 5,5,AllineamentoVirtu,Variance Least Core,Cascading Tree,CER_4_1_0,CER_3_2_0,20,40,-0.00139522,1.70347,0
penetrazione,n = 5,5,AllineamentoVirtu,Variance Least Core,Weighted Solidarity,CER_4_1_0,CER_3_2_0,20,40,-1.17094,1.02879,0
penetrazione,n = 5,5,AllineamentoVirtu,Variance Least Core,Marginal Contribution,CER_4_1_0,CER_3_2_0,20,40,-0.000924339,0.243718,0
penetrazione,n = 5,5,AllineamentoVirtu,Variance Least Core,Marginal Contribution,CER_2_3_0,CER_0_5_0,60,100,0.0183294,-0.00482955,0
penetrazione,n = 5,5,AllineamentoVirtu,Variance Least Core,Stratified Expected Value,CER_4_1_0,CER_3_2_0,20,40,-0.00117184,0.0180106,0
penetrazione,n = 5,5,AllineamentoVirtu,Variance Least Core,Stratified Expected Value,CER_2_3_0,CER_0_5_0,60,100,0.00260226,-0.00159526,0
penetrazione,n = 5,5,AllineamentoVirtu,Variance Least Core,Adaptive Sampling Shapley,CER_4_1_0,CER_3_2_0,20,40,-0.000136589,1.02873,0
penetrazione,n = 5,5,AllineamentoVirtu,Variance Least Core,Adaptive Sampling Shapley,CER_2_3_0,CER_0_5_0,60,100,0.0556998,-0.00544557,0
penetrazione,n = 5,5,AllineamentoVirtu,Equal Split,Cascading Tree,CER_2_3_0,CER_0_5_0,60,100,0.944701,-0.89935,0
penetrazione,n = 5,5,AllineamentoVirtu,Equal Split,Weighted Solidarity,CER_4_1_0,CER_3_2_0,20,40,-0.172873,0.322387,0
penetrazione,n = 5,5,AllineamentoVirtu,Equal Split,Weighted Solidarity,CER_2_3_0,CER_0_5_0,60,100,0.224147,-0.418382,0
penetrazione,n = 5,5,AllineamentoVirtu,Equal Split,Marginal Contribution,CER_4_1_0,CER_3_2_0,20,40,0.997142,-0.462684,0
penetrazione,n = 5,5,AllineamentoVirtu,Equal Split,Stratified Expected Value,CER_4_1_0,CER_3_2_0,20,40,0.996894,-0.688392,0
penetrazione,n = 5,5,AllineamentoVirtu,Equal Split,Adaptive Sampling Shapley,CER_3_2_0,CER_2_3_0,40,60,0.322325,-0.877504,0
penetrazione,n = 5,5,AllineamentoVirtu,Proportional to Consumption,Marginal Contribution,CER_3_2_0,CER_2_3_0,40,60,0.442834,-0.00937705,0
penetrazione,n = 5,5,AllineamentoVirtu,Proportional to Consumption,Stratified Expected Value,CER_3_2_0,CER_2_3_0,40,60,0.217126,-0.0251042,0
penetrazione,n = 5,5,AllineamentoVirtu,Proportional to Consumption,Adaptive Sampling Shapley,CER_2_3_0,CER_0_5_0,60,100,0.0279934,-0.00944999,0
penetrazione,n = 5,5,AllineamentoVirtu,Remuneration Model 1,Marginal Contribution,CER_4_1_0,CER_3_2_0,20,40,1.21476,-0.169123,0
penetrazione,n = 5,5,AllineamentoVirtu,Remuneration Model 1,Stratified Expected Value,CER_4_1_0,CER_3_2_0,20,40,1.21451,-0.394831,0
penetrazione,n = 5,5,AllineamentoVirtu,Remuneration Model 1,Adaptive Sampling Shapley,CER_3_2_0,CER_2_3_0,40,60,0.615885,-0.152953,0
penetrazione,n = 5,5,AllineamentoVirtu,Cascading Tree,Weighted Solidarity,CER_2_3_0,CER_0_5_0,60,100,-0.720555,0.480968,0
penetrazione,n = 5,5,AllineamentoVirtu,Cascading Tree,Marginal Contribution,CER_4_1_0,CER_3_2_0,20,40,0.000470877,-1.45975,0
penetrazione,n = 5,5,AllineamentoVirtu,Cascading Tree,Stratified Expected Value,CER_4_1_0,CER_3_2_0,20,40,0.000223372,-1.68546,0
penetrazione,n = 5,5,AllineamentoVirtu,Cascading Tree,Adaptive Sampling Shapley,CER_4_1_0,CER_3_2_0,20,40,0.00125863,-0.674743,0
penetrazione,n = 5,5,AllineamentoVirtu,Weighted Solidarity,Marginal Contribution,CER_4_1_0,CER_3_2_0,20,40,1.17001,-0.785071,0
penetrazione,n = 5,5,AllineamentoVirtu,Weighted Solidarity,Stratified Expected Value,CER_4_1_0,CER_3_2_0,20,40,1.16977,-1.01078,0
penetrazione,n = 5,5,AllineamentoVirtu,Weighted Solidarity,Adaptive Sampling Shapley,CER_4_1_0,CER_3_2_0,20,40,1.1708,-6.22305e-05,0
penetrazione,n = 5,5,AllineamentoVirtu,Pearson Key,Pearson-Sharing Rate,CER_4_1_0,CER_3_2_0,20,40,0.000716459,-0.000408441,0
penetrazione,n = 5,5,AllineamentoVirtu,Pearson Key,Pearson-Sharing Rate,CER_2_3_0,CER_0_5_0,60,100,-0.0004251,0.000130962,0
penetrazione,n = 5,5,AllineamentoVirtu,Pearson Key,Tri-level EP,CER_2_3_0,CER_0_5_0,60,100,0.00582438,-9.95073e-05,0
penetrazione,n = 5,5,AllineamentoVirtu,Pearson-Sharing Rate,Tri-level EP,CER_2_3_0,CER_0_5_0,60,100,0.00624948,-0.00023047,0
penetrazione,n = 5,5,AllineamentoVirtu,Marginal Contribution,Stratified Expected Value,CER_2_3_0,CER_0_5_0,60,100,-0.0157271,0.0032343,0
penetrazione,n = 5,5,AllineamentoVirtu,Marginal Contribution,Adaptive Sampling Shapley,CER_2_3_0,CER_0_5_0,60,100,0.0373704,-0.000616011,0
penetrazione,n = 5,5,AllineamentoVirtu,Stratified Expected Value,Adaptive Sampling Shapley,CER_2_3_0,CER_0_5_0,60,100,0.0530975,-0.00385031,0
penetrazione,n = 5,5,ForzaIncentivante_lordo,Variance Least Core,Equal Split,CER_4_1_0,CER_3_2_0,20,40,-9.60342,5.20524,0
penetrazione,n = 5,5,ForzaIncentivante_lordo,Variance Least Core,Equal Split,CER_2_3_0,CER_0_5_0,60,100,6.87461,-9.78108,0
penetrazione,n = 5,5,ForzaIncentivante_lordo,Variance Least Core,Proportional to Consumption,CER_3_2_0,CER_2_3_0,40,60,-1.99814,1.8651,0
penetrazione,n = 5,5,ForzaIncentivante_lordo,Variance Least Core,Remuneration Model 1,CER_4_1_0,CER_3_2_0,20,40,-9.84394,4.08611,0
penetrazione,n = 5,5,ForzaIncentivante_lordo,Variance Least Core,Remuneration Model 1,CER_2_3_0,CER_0_5_0,60,100,5.34451,-5.71608,0
penetrazione,n = 5,5,ForzaIncentivante_lordo,Variance Least Core,Cascading Tree,CER_4_1_0,CER_3_2_0,20,40,-2.02001,10.852,0
penetrazione,n = 5,5,ForzaIncentivante_lordo,Variance Least Core,Cascading Tree,CER_2_3_0,CER_0_5_0,60,100,9.96022,-8.1637,0
penetrazione,n = 5,5,ForzaIncentivante_lordo,Variance Least Core,Weighted Solidarity,CER_4_1_0,CER_3_2_0,20,40,-10.1327,5.82313,0
penetrazione,n = 5,5,ForzaIncentivante_lordo,Variance Least Core,Weighted Solidarity,CER_2_3_0,CER_0_5_0,60,100,8.44445,-10.5863,0
penetrazione,n = 5,5,ForzaIncentivante_lordo,Variance Least Core,Pearson Key,CER_2_3_0,CER_0_5_0,60,100,-2.00665,3.0105,0
penetrazione,n = 5,5,ForzaIncentivante_lordo,Variance Least Core,Pearson-Sharing Rate,CER_2_3_0,CER_0_5_0,60,100,-1.98848,2.85404,0
penetrazione,n = 5,5,ForzaIncentivante_lordo,Variance Least Core,Similarity-Utilization,CER_2_3_0,CER_0_5_0,60,100,-4.87327,1.53522,0
penetrazione,n = 5,5,ForzaIncentivante_lordo,Variance Least Core,Marginal Contribution,CER_4_1_0,CER_3_2_0,20,40,-0.199992,1.48438,0
penetrazione,n = 5,5,ForzaIncentivante_lordo,Variance Least Core,Marginal Contribution,CER_2_3_0,CER_0_5_0,60,100,0.714297,-1.83417,0
penetrazione,n = 5,5,ForzaIncentivante_lordo,Variance Least Core,Stratified Expected Value,CER_4_1_0,CER_3_2_0,20,40,-1.98239,0.182217,0
penetrazione,n = 5,5,ForzaIncentivante_lordo,Variance Least Core,Stratified Expected Value,CER_3_2_0,CER_2_3_0,40,60,0.182217,-0.11114,0
penetrazione,n = 5,5,ForzaIncentivante_lordo,Variance Least Core,Adaptive Sampling Shapley,CER_4_1_0,CER_3_2_0,20,40,-0.739628,5.69386,0
penetrazione,n = 5,5,ForzaIncentivante_lordo,Variance Least Core,Adaptive Sampling Shapley,CER_2_3_0,CER_0_5_0,60,100,3.19991,-3.22689,0
penetrazione,n = 5,5,ForzaIncentivante_lordo,Variance Least Core,Tri-level EP,CER_2_3_0,CER_0_5_0,60,100,-1.49538,3.2433,0
penetrazione,n = 5,5,ForzaIncentivante_lordo,Equal Split,Proportional to Consumption,CER_2_3_0,CER_0_5_0,60,100,-5.00951,10.4806,0
penetrazione,n = 5,5,ForzaIncentivante_lordo,Equal Split,Remuneration Model 1,CER_2_3_0,CER_0_5_0,60,100,-1.5301,4.065,0
penetrazione,n = 5,5,ForzaIncentivante_lordo,Equal Split,Weighted Solidarity,CER_4_1_0,CER_3_2_0,20,40,-0.529231,0.61789,0
penetrazione,n = 5,5,ForzaIncentivante_lordo,Equal Split,Weighted Solidarity,CER_2_3_0,CER_0_5_0,60,100,1.56984,-0.805176,0
penetrazione,n = 5,5,ForzaIncentivante_lordo,Equal Split,Pearson Key,CER_2_3_0,CER_0_5_0,60,100,-8.88127,12.7916,0
penetrazione,n = 5,5,ForzaIncentivante_lordo,Equal Split,Pearson-Sharing Rate,CER_2_3_0,CER_0_5_0,60,100,-8.8631,12.6351,0
penetrazione,n = 5,5,ForzaIncentivante_lordo,Equal Split,Similarity-Utilization,CER_2_3_0,CER_0_5_0,60,100,-11.7479,11.3163,0
penetrazione,n = 5,5,ForzaIncentivante_lordo,Equal Split,Marginal Contribution,CER_4_1_0,CER_3_2_0,20,40,9.40343,-3.72086,0
penetrazione,n = 5,5,ForzaIncentivante_lordo,Equal Split,Marginal Contribution,CER_2_3_0,CER_0_5_0,60,100,-6.16031,7.9469,0
penetrazione,n = 5,5,ForzaIncentivante_lordo,Equal Split,Stratified Expected Value,CER_4_1_0,CER_3_2_0,20,40,7.62103,-5.02302,0
penetrazione,n = 5,5,ForzaIncentivante_lordo,Equal Split,Stratified Expected Value,CER_2_3_0,CER_0_5_0,60,100,-6.98575,7.64637,0
penetrazione,n = 5,5,ForzaIncentivante_lordo,Equal Split,Adaptive Sampling Shapley,CER_3_2_0,CER_2_3_0,40,60,0.48862,-3.67471,0
penetrazione,n = 5,5,ForzaIncentivante_lordo,Equal Split,Adaptive Sampling Shapley,CER_2_3_0,CER_0_5_0,60,100,-3.67471,6.55418,0
penetrazione,n = 5,5,ForzaIncentivante_lordo,Equal Split,Tri-level EP,CER_2_3_0,CER_0_5_0,60,100,-8.36999,13.0244,0
penetrazione,n = 5,5,ForzaIncentivante_lordo,Proportional to Consumption,Remuneration Model 1,CER_2_3_0,CER_0_5_0,60,100,3.47941,-6.41556,0
penetrazione,n = 5,5,ForzaIncentivante_lordo,Proportional to Consumption,Cascading Tree,CER_2_3_0,CER_0_5_0,60,100,8.09512,-8.86318,0
penetrazione,n = 5,5,ForzaIncentivante_lordo,Proportional to Consumption,Weighted Solidarity,CER_2_3_0,CER_0_5_0,60,100,6.57935,-11.2857,0
penetrazione,n = 5,5,ForzaIncentivante_lordo,Proportional to Consumption,Pearson Key,CER_2_3_0,CER_0_5_0,60,100,-3.87176,2.31102,0
penetrazione,n = 5,5,ForzaIncentivante_lordo,Proportional to Consumption,Pearson-Sharing Rate,CER_2_3_0,CER_0_5_0,60,100,-3.85358,2.15456,0
penetrazione,n = 5,5,ForzaIncentivante_lordo,Proportional to Consumption,Similarity-Utilization,CER_2_3_0,CER_0_5_0,60,100,-6.73838,0.835737,0
penetrazione,n = 5,5,ForzaIncentivante_lordo,Proportional to Consumption,Marginal Contribution,CER_3_2_0,CER_2_3_0,40,60,3.48252,-1.1508,0
penetrazione,n = 5,5,ForzaIncentivante_lordo,Proportional to Consumption,Stratified Expected Value,CER_3_2_0,CER_2_3_0,40,60,2.18035,-1.97624,0
penetrazione,n = 5,5,ForzaIncentivante_lordo,Proportional to Consumption,Adaptive Sampling Shapley,CER_2_3_0,CER_0_5_0,60,100,1.3348,-3.92637,0
penetrazione,n = 5,5,ForzaIncentivante_lordo,Proportional to Consumption,Tri-level EP,CER_2_3_0,CER_0_5_0,60,100,-3.36048,2.54382,0
penetrazione,n = 5,5,ForzaIncentivante_lordo,Remuneration Model 1,Cascading Tree,CER_2_3_0,CER_0_5_0,60,100,4.61571,-2.44762,0
penetrazione,n = 5,5,ForzaIncentivante_lordo,Remuneration Model 1,Weighted Solidarity,CER_4_1_0,CER_3_2_0,20,40,-0.288708,1.73702,0
penetrazione,n = 5,5,ForzaIncentivante_lordo,Remuneration Model 1,Weighted Solidarity,CER_2_3_0,CER_0_5_0,60,100,3.09994,-4.87017,0
penetrazione,n = 5,5,ForzaIncentivante_lordo,Remuneration Model 1,Pearson Key,CER_2_3_0,CER_0_5_0,60,100,-7.35116,8.72657,0
penetrazione,n = 5,5,ForzaIncentivante_lordo,Remuneration Model 1,Pearson-Sharing Rate,CER_2_3_0,CER_0_5_0,60,100,-7.33299,8.57011,0
penetrazione,n = 5,5,ForzaIncentivante_lordo,Remuneration Model 1,Similarity-Utilization,CER_2_3_0,CER_0_5_0,60,100,-10.2178,7.25129,0
penetrazione,n = 5,5,ForzaIncentivante_lordo,Remuneration Model 1,Marginal Contribution,CER_4_1_0,CER_3_2_0,20,40,9.64395,-2.60173,0
penetrazione,n = 5,5,ForzaIncentivante_lordo,Remuneration Model 1,Marginal Contribution,CER_2_3_0,CER_0_5_0,60,100,-4.63021,3.8819,0
penetrazione,n = 5,5,ForzaIncentivante_lordo,Remuneration Model 1,Stratified Expected Value,CER_4_1_0,CER_3_2_0,20,40,7.86155,-3.90389,0
penetrazione,n = 5,5,ForzaIncentivante_lordo,Remuneration Model 1,Stratified Expected Value,CER_2_3_0,CER_0_5_0,60,100,-5.45565,3.58137,0
penetrazione,n = 5,5,ForzaIncentivante_lordo,Remuneration Model 1,Adaptive Sampling Shapley,CER_3_2_0,CER_2_3_0,40,60,1.60775,-2.14461,0
penetrazione,n = 5,5,ForzaIncentivante_lordo,Remuneration Model 1,Adaptive Sampling Shapley,CER_2_3_0,CER_0_5_0,60,100,-2.14461,2.48919,0
penetrazione,n = 5,5,ForzaIncentivante_lordo,Remuneration Model 1,Tri-level EP,CER_2_3_0,CER_0_5_0,60,100,-6.83989,8.95938,0
penetrazione,n = 5,5,ForzaIncentivante_lordo,Cascading Tree,Pearson Key,CER_2_3_0,CER_0_5_0,60,100,-11.9669,11.1742,0
penetrazione,n = 5,5,ForzaIncentivante_lordo,Cascading Tree,Pearson-Sharing Rate,CER_2_3_0,CER_0_5_0,60,100,-11.9487,11.0177,0
penetrazione,n = 5,5,ForzaIncentivante_lordo,Cascading Tree,Similarity-Utilization,CER_2_3_0,CER_0_5_0,60,100,-14.8335,9.69892,0
penetrazione,n = 5,5,ForzaIncentivante_lordo,Cascading Tree,Marginal Contribution,CER_4_1_0,CER_3_2_0,20,40,1.82002,-9.36766,0
penetrazione,n = 5,5,ForzaIncentivante_lordo,Cascading Tree,Marginal Contribution,CER_2_3_0,CER_0_5_0,60,100,-9.24592,6.32953,0
penetrazione,n = 5,5,ForzaIncentivante_lordo,Cascading Tree,Stratified Expected Value,CER_4_1_0,CER_3_2_0,20,40,0.0376193,-10.6698,0
penetrazione,n = 5,5,ForzaIncentivante_lordo,Cascading Tree,Stratified Expected Value,CER_2_3_0,CER_0_5_0,60,100,-10.0714,6.02899,0
penetrazione,n = 5,5,ForzaIncentivante_lordo,Cascading Tree,Adaptive Sampling Shapley,CER_4_1_0,CER_3_2_0,20,40,1.28038,-5.15818,0
penetrazione,n = 5,5,ForzaIncentivante_lordo,Cascading Tree,Adaptive Sampling Shapley,CER_2_3_0,CER_0_5_0,60,100,-6.76032,4.93681,0
penetrazione,n = 5,5,ForzaIncentivante_lordo,Cascading Tree,Tri-level EP,CER_2_3_0,CER_0_5_0,60,100,-11.4556,11.407,0
penetrazione,n = 5,5,ForzaIncentivante_lordo,Weighted Solidarity,Pearson Key,CER_2_3_0,CER_0_5_0,60,100,-10.4511,13.5967,0
penetrazione,n = 5,5,ForzaIncentivante_lordo,Weighted Solidarity,Pearson-Sharing Rate,CER_2_3_0,CER_0_5_0,60,100,-10.4329,13.4403,0
penetrazione,n = 5,5,ForzaIncentivante_lordo,Weighted Solidarity,Similarity-Utilization,CER_2_3_0,CER_0_5_0,60,100,-13.3177,12.1215,0
penetrazione,n = 5,5,ForzaIncentivante_lordo,Weighted Solidarity,Marginal Contribution,CER_4_1_0,CER_3_2_0,20,40,9.93266,-4.33875,0
penetrazione,n = 5,5,ForzaIncentivante_lordo,Weighted Solidarity,Marginal Contribution,CER_2_3_0,CER_0_5_0,60,100,-7.73015,8.75208,0
penetrazione,n = 5,5,ForzaIncentivante_lordo,Weighted Solidarity,Stratified Expected Value,CER_4_1_0,CER_3_2_0,20,40,8.15026,-5.64091,0
penetrazione,n = 5,5,ForzaIncentivante_lordo,Weighted Solidarity,Stratified Expected Value,CER_2_3_0,CER_0_5_0,60,100,-8.55559,8.45154,0
penetrazione,n = 5,5,ForzaIncentivante_lordo,Weighted Solidarity,Adaptive Sampling Shapley,CER_4_1_0,CER_3_2_0,20,40,9.39302,-0.12927,0
penetrazione,n = 5,5,ForzaIncentivante_lordo,Weighted Solidarity,Adaptive Sampling Shapley,CER_2_3_0,CER_0_5_0,60,100,-5.24454,7.35936,0
penetrazione,n = 5,5,ForzaIncentivante_lordo,Weighted Solidarity,Tri-level EP,CER_2_3_0,CER_0_5_0,60,100,-9.93982,13.8295,0
penetrazione,n = 5,5,ForzaIncentivante_lordo,Pearson Key,Pearson-Sharing Rate,CER_4_1_0,CER_3_2_0,20,40,-0.00338895,0.029645,0
penetrazione,n = 5,5,ForzaIncentivante_lordo,Pearson Key,Pearson-Sharing Rate,CER_2_3_0,CER_0_5_0,60,100,0.0181703,-0.156459,0
penetrazione,n = 5,5,ForzaIncentivante_lordo,Pearson Key,Marginal Contribution,CER_2_3_0,CER_0_5_0,60,100,2.72095,-4.84467,0
penetrazione,n = 5,5,ForzaIncentivante_lordo,Pearson Key,Stratified Expected Value,CER_2_3_0,CER_0_5_0,60,100,1.89551,-5.1452,0
penetrazione,n = 5,5,ForzaIncentivante_lordo,Pearson Key,Adaptive Sampling Shapley,CER_2_3_0,CER_0_5_0,60,100,5.20656,-6.23739,0
penetrazione,n = 5,5,ForzaIncentivante_lordo,Pearson-Sharing Rate,Marginal Contribution,CER_2_3_0,CER_0_5_0,60,100,2.70278,-4.68821,0
penetrazione,n = 5,5,ForzaIncentivante_lordo,Pearson-Sharing Rate,Stratified Expected Value,CER_2_3_0,CER_0_5_0,60,100,1.87734,-4.98875,0
penetrazione,n = 5,5,ForzaIncentivante_lordo,Pearson-Sharing Rate,Adaptive Sampling Shapley,CER_2_3_0,CER_0_5_0,60,100,5.18839,-6.08093,0
penetrazione,n = 5,5,ForzaIncentivante_lordo,Similarity-Utilization,Marginal Contribution,CER_2_3_0,CER_0_5_0,60,100,5.58757,-3.36939,0
penetrazione,n = 5,5,ForzaIncentivante_lordo,Similarity-Utilization,Stratified Expected Value,CER_2_3_0,CER_0_5_0,60,100,4.76213,-3.66992,0
penetrazione,n = 5,5,ForzaIncentivante_lordo,Similarity-Utilization,Adaptive Sampling Shapley,CER_2_3_0,CER_0_5_0,60,100,8.07318,-4.76211,0
penetrazione,n = 5,5,ForzaIncentivante_lordo,Marginal Contribution,Adaptive Sampling Shapley,CER_4_1_0,CER_3_2_0,20,40,-0.539636,4.20948,0
penetrazione,n = 5,5,ForzaIncentivante_lordo,Marginal Contribution,Adaptive Sampling Shapley,CER_2_3_0,CER_0_5_0,60,100,2.48561,-1.39272,0
penetrazione,n = 5,5,ForzaIncentivante_lordo,Marginal Contribution,Tri-level EP,CER_2_3_0,CER_0_5_0,60,100,-2.20967,5.07747,0
penetrazione,n = 5,5,ForzaIncentivante_lordo,Stratified Expected Value,Adaptive Sampling Shapley,CER_2_3_0,CER_0_5_0,60,100,3.31105,-1.09218,0
penetrazione,n = 5,5,ForzaIncentivante_lordo,Stratified Expected Value,Tri-level EP,CER_2_3_0,CER_0_5_0,60,100,-1.38423,5.37801,0
penetrazione,n = 5,5,ForzaIncentivante_lordo,Adaptive Sampling Shapley,Tri-level EP,CER_2_3_0,CER_0_5_0,60,100,-4.69528,6.47019,0
penetrazione,n = 5,5,AllineamentoVirtu_lordo,Variance Least Core,Equal Split,CER_4_1_0,CER_3_2_0,20,40,-0.931406,0.786375,0
penetrazione,n = 5,5,AllineamentoVirtu_lordo,Variance Least Core,Equal Split,CER_2_3_0,CER_0_5_0,60,100,0.538516,-0.727646,0
penetrazione,n = 5,5,AllineamentoVirtu_lordo,Variance Least Core,Proportional to Consumption,CER_4_1_0,CER_3_2_0,20,40,-1.74522,0.0673525,0
penetrazione,n = 5,5,AllineamentoVirtu_lordo,Variance Least Core,Remuneration Model 1,CER_4_1_0,CER_3_2_0,20,40,-1.10475,0.421341,0
penetrazione,n = 5,5,AllineamentoVirtu_lordo,Variance Least Core,Cascading Tree,CER_4_1_0,CER_3_2_0,20,40,-0.00737653,1.73738,0
penetrazione,n = 5,5,AllineamentoVirtu_lordo,Variance Least Core,Weighted Solidarity,CER_4_1_0,CER_3_2_0,20,40,-1.12847,0.946807,0
penetrazione,n = 5,5,AllineamentoVirtu_lordo,Variance Least Core,Weighted Solidarity,CER_2_3_0,CER_0_5_0,60,100,0.820915,-0.846806,0
penetrazione,n = 5,5,AllineamentoVirtu_lordo,Variance Least Core,Pearson Key,CER_3_2_0,CER_2_3_0,40,60,-0.0555363,0.00760718,0
penetrazione,n = 5,5,AllineamentoVirtu_lordo,Variance Least Core,Pearson Key,CER_2_3_0,CER_0_5_0,60,100,0.00760718,-0.0140324,0
penetrazione,n = 5,5,AllineamentoVirtu_lordo,Variance Least Core,Pearson-Sharing Rate,CER_3_2_0,CER_2_3_0,40,60,-0.0556822,0.00654657,0
penetrazione,n = 5,5,AllineamentoVirtu_lordo,Variance Least Core,Pearson-Sharing Rate,CER_2_3_0,CER_0_5_0,60,100,0.00654657,-0.0166772,0
penetrazione,n = 5,5,AllineamentoVirtu_lordo,Variance Least Core,Marginal Contribution,CER_4_1_0,CER_3_2_0,20,40,-0.00163536,0.172309,0
penetrazione,n = 5,5,AllineamentoVirtu_lordo,Variance Least Core,Marginal Contribution,CER_2_3_0,CER_0_5_0,60,100,0.0209777,-0.000481587,0
penetrazione,n = 5,5,AllineamentoVirtu_lordo,Variance Least Core,Stratified Expected Value,CER_4_1_0,CER_3_2_0,20,40,-0.00570015,0.00829947,0
penetrazione,n = 5,5,AllineamentoVirtu_lordo,Variance Least Core,Stratified Expected Value,CER_3_2_0,CER_2_3_0,40,60,0.00829947,-0.00512384,0
penetrazione,n = 5,5,AllineamentoVirtu_lordo,Variance Least Core,Tri-level EP,CER_3_2_0,CER_2_3_0,40,60,-0.0371283,0.0274194,0
penetrazione,n = 5,5,AllineamentoVirtu_lordo,Variance Least Core,Tri-level EP,CER_2_3_0,CER_0_5_0,60,100,0.0274194,-0.0157523,0
penetrazione,n = 5,5,AllineamentoVirtu_lordo,Equal Split,Proportional to Consumption,CER_2_3_0,CER_0_5_0,60,100,-0.392818,0.742676,0
penetrazione,n = 5,5,AllineamentoVirtu_lordo,Equal Split,Remuneration Model 1,CER_2_3_0,CER_0_5_0,60,100,-0.319181,0.765896,0
penetrazione,n = 5,5,AllineamentoVirtu_lordo,Equal Split,Weighted Solidarity,CER_4_1_0,CER_3_2_0,20,40,-0.197064,0.160432,0
penetrazione,n = 5,5,AllineamentoVirtu_lordo,Equal Split,Weighted Solidarity,CER_2_3_0,CER_0_5_0,60,100,0.282399,-0.11916,0
penetrazione,n = 5,5,AllineamentoVirtu_lordo,Equal Split,Pearson Key,CER_2_3_0,CER_0_5_0,60,100,-0.530909,0.713614,0
penetrazione,n = 5,5,AllineamentoVirtu_lordo,Equal Split,Pearson-Sharing Rate,CER_2_3_0,CER_0_5_0,60,100,-0.53197,0.710969,0
penetrazione,n = 5,5,AllineamentoVirtu_lordo,Equal Split,Similarity-Utilization,CER_2_3_0,CER_0_5_0,60,100,-0.67532,0.723875,0
penetrazione,n = 5,5,AllineamentoVirtu_lordo,Equal Split,Marginal Contribution,CER_4_1_0,CER_3_2_0,20,40,0.929771,-0.614066,0
penetrazione,n = 5,5,AllineamentoVirtu_lordo,Equal Split,Marginal Contribution,CER_2_3_0,CER_0_5_0,60,100,-0.517539,0.727164,0
penetrazione,n = 5,5,AllineamentoVirtu_lordo,Equal Split,Stratified Expected Value,CER_4_1_0,CER_3_2_0,20,40,0.925706,-0.778076,0
penetrazione,n = 5,5,AllineamentoVirtu_lordo,Equal Split,Stratified Expected Value,CER_2_3_0,CER_0_5_0,60,100,-0.54364,0.720987,0
penetrazione,n = 5,5,AllineamentoVirtu_lordo,Equal Split,Adaptive Sampling Shapley,CER_3_2_0,CER_2_3_0,40,60,0.148674,-0.479351,0
penetrazione,n = 5,5,AllineamentoVirtu_lordo,Equal Split,Adaptive Sampling Shapley,CER_2_3_0,CER_0_5_0,60,100,-0.479351,0.733635,0
penetrazione,n = 5,5,AllineamentoVirtu_lordo,Equal Split,Tri-level EP,CER_2_3_0,CER_0_5_0,60,100,-0.511097,0.711894,0
penetrazione,n = 5,5,AllineamentoVirtu_lordo,Proportional to Consumption,Weighted Solidarity,CER_2_3_0,CER_0_5_0,60,100,0.675217,-0.861836,0
penetrazione,n = 5,5,AllineamentoVirtu_lordo,Proportional to Consumption,Marginal Contribution,CER_3_2_0,CER_2_3_0,40,60,0.104956,-0.124721,0
penetrazione,n = 5,5,AllineamentoVirtu_lordo,Proportional to Consumption,Stratified Expected Value,CER_4_1_0,CER_3_2_0,20,40,1.73952,-0.059053,0
penetrazione,n = 5,5,AllineamentoVirtu_lordo,Proportional to Consumption,Adaptive Sampling Shapley,CER_3_2_0,CER_2_3_0,40,60,0.867697,-0.0865325,0
penetrazione,n = 5,5,AllineamentoVirtu_lordo,Remuneration Model 1,Weighted Solidarity,CER_4_1_0,CER_3_2_0,20,40,-0.0237177,0.525466,0
penetrazione,n = 5,5,AllineamentoVirtu_lordo,Remuneration Model 1,Weighted Solidarity,CER_2_3_0,CER_0_5_0,60,100,0.60158,-0.885056,0
penetrazione,n = 5,5,AllineamentoVirtu_lordo,Remuneration Model 1,Marginal Contribution,CER_4_1_0,CER_3_2_0,20,40,1.10312,-0.249032,0
penetrazione,n = 5,5,AllineamentoVirtu_lordo,Remuneration Model 1,Stratified Expected Value,CER_4_1_0,CER_3_2_0,20,40,1.09905,-0.413041,0
penetrazione,n = 5,5,AllineamentoVirtu_lordo,Remuneration Model 1,Adaptive Sampling Shapley,CER_3_2_0,CER_2_3_0,40,60,0.513709,-0.160169,0
penetrazione,n = 5,5,AllineamentoVirtu_lordo,Cascading Tree,Marginal Contribution,CER_4_1_0,CER_3_2_0,20,40,0.00574117,-1.56507,0
penetrazione,n = 5,5,AllineamentoVirtu_lordo,Cascading Tree,Stratified Expected Value,CER_4_1_0,CER_3_2_0,20,40,0.00167637,-1.72908,0
penetrazione,n = 5,5,AllineamentoVirtu_lordo,Cascading Tree,Adaptive Sampling Shapley,CER_4_1_0,CER_3_2_0,20,40,0.00753236,-0.80233,0
penetrazione,n = 5,5,AllineamentoVirtu_lordo,Weighted Solidarity,Pearson Key,CER_2_3_0,CER_0_5_0,60,100,-0.813308,0.832773,0
penetrazione,n = 5,5,AllineamentoVirtu_lordo,Weighted Solidarity,Pearson-Sharing Rate,CER_2_3_0,CER_0_5_0,60,100,-0.814369,0.830129,0
penetrazione,n = 5,5,AllineamentoVirtu_lordo,Weighted Solidarity,Similarity-Utilization,CER_2_3_0,CER_0_5_0,60,100,-0.957719,0.843035,0
penetrazione,n = 5,5,AllineamentoVirtu_lordo,Weighted Solidarity,Marginal Contribution,CER_4_1_0,CER_3_2_0,20,40,1.12683,-0.774498,0
penetrazione,n = 5,5,AllineamentoVirtu_lordo,Weighted Solidarity,Marginal Contribution,CER_2_3_0,CER_0_5_0,60,100,-0.799938,0.846324,0
penetrazione,n = 5,5,AllineamentoVirtu_lordo,Weighted Solidarity,Stratified Expected Value,CER_4_1_0,CER_3_2_0,20,40,1.12277,-0.938508,0
penetrazione,n = 5,5,AllineamentoVirtu_lordo,Weighted Solidarity,Stratified Expected Value,CER_2_3_0,CER_0_5_0,60,100,-0.826039,0.840147,0
penetrazione,n = 5,5,AllineamentoVirtu_lordo,Weighted Solidarity,Adaptive Sampling Shapley,CER_4_1_0,CER_3_2_0,20,40,1.12863,-0.0117577,0
penetrazione,n = 5,5,AllineamentoVirtu_lordo,Weighted Solidarity,Adaptive Sampling Shapley,CER_2_3_0,CER_0_5_0,60,100,-0.76175,0.852795,0
penetrazione,n = 5,5,AllineamentoVirtu_lordo,Weighted Solidarity,Tri-level EP,CER_2_3_0,CER_0_5_0,60,100,-0.793496,0.831053,0
penetrazione,n = 5,5,AllineamentoVirtu_lordo,Pearson Key,Similarity-Utilization,CER_2_3_0,CER_0_5_0,60,100,-0.144411,0.0102612,0
penetrazione,n = 5,5,AllineamentoVirtu_lordo,Pearson Key,Stratified Expected Value,CER_3_2_0,CER_2_3_0,40,60,0.0638358,-0.012731,0
penetrazione,n = 5,5,AllineamentoVirtu_lordo,Pearson Key,Stratified Expected Value,CER_2_3_0,CER_0_5_0,60,100,-0.012731,0.00737323,0
penetrazione,n = 5,5,AllineamentoVirtu_lordo,Pearson Key,Tri-level EP,CER_2_3_0,CER_0_5_0,60,100,0.0198122,-0.00171989,0
penetrazione,n = 5,5,AllineamentoVirtu_lordo,Pearson-Sharing Rate,Similarity-Utilization,CER_2_3_0,CER_0_5_0,60,100,-0.14335,0.012906,0
penetrazione,n = 5,5,AllineamentoVirtu_lordo,Pearson-Sharing Rate,Stratified Expected Value,CER_3_2_0,CER_2_3_0,40,60,0.0639817,-0.0116704,0
penetrazione,n = 5,5,AllineamentoVirtu_lordo,Pearson-Sharing Rate,Stratified Expected Value,CER_2_3_0,CER_0_5_0,60,100,-0.0116704,0.010018,0
penetrazione,n = 5,5,AllineamentoVirtu_lordo,Similarity-Utilization,Stratified Expected Value,CER_2_3_0,CER_0_5_0,60,100,0.13168,-0.00288797,0
penetrazione,n = 5,5,AllineamentoVirtu_lordo,Similarity-Utilization,Tri-level EP,CER_2_3_0,CER_0_5_0,60,100,0.164223,-0.0119811,0
penetrazione,n = 5,5,AllineamentoVirtu_lordo,Marginal Contribution,Tri-level EP,CER_3_2_0,CER_2_3_0,40,60,-0.209437,0.0064417,0
penetrazione,n = 5,5,AllineamentoVirtu_lordo,Marginal Contribution,Tri-level EP,CER_2_3_0,CER_0_5_0,60,100,0.0064417,-0.0152707,0
penetrazione,n = 5,5,AllineamentoVirtu_lordo,Stratified Expected Value,Tri-level EP,CER_3_2_0,CER_2_3_0,40,60,-0.0454278,0.0325432,0
penetrazione,n = 5,5,AllineamentoVirtu_lordo,Stratified Expected Value,Tri-level EP,CER_2_3_0,CER_0_5_0,60,100,0.0325432,-0.00909312,0
penetrazione,n = 8,8,MinMax_con,Variance Least Core,Equal Split,CER_4_4_0,CER_2_6_0,50,75,-0.014693,0.000760292,0
penetrazione,n = 8,8,MinMax_con,Variance Least Core,Remuneration Model 1,CER_6_2_0,CER_4_4_0,25,50,0.0064327,-0.000554099,0
penetrazione,n = 8,8,MinMax_con,Variance Least Core,Remuneration Model 1,CER_4_4_0,CER_2_6_0,50,75,-0.000554099,0.000389708,0
penetrazione,n = 8,8,MinMax_con,Variance Least Core,Cascading Tree,CER_4_4_0,CER_2_6_0,50,75,-0.00787066,0.00114741,0
penetrazione,n = 8,8,MinMax_con,Variance Least Core,Weighted Solidarity,CER_4_4_0,CER_2_6_0,50,75,-0.0352324,0.00044513,0
penetrazione,n = 8,8,MinMax_con,Variance Least Core,Pearson-Sharing Rate,CER_6_2_0,CER_4_4_0,25,50,0.000399971,-0.000354872,0
penetrazione,n = 8,8,MinMax_con,Variance Least Core,Marginal Contribution,CER_4_4_0,CER_2_6_0,50,75,4.82167e-05,-6.46029e-05,0
penetrazione,n = 8,8,MinMax_con,Variance Least Core,Stratified Expected Value,CER_4_4_0,CER_2_6_0,50,75,-0.00073296,1.92567e-05,0
penetrazione,n = 8,8,MinMax_con,Variance Least Core,Adaptive Sampling Shapley,CER_6_2_0,CER_4_4_0,25,50,0.00332012,-0.00127788,0
penetrazione,n = 8,8,MinMax_con,Variance Least Core,Adaptive Sampling Shapley,CER_4_4_0,CER_2_6_0,50,75,-0.00127788,5.30031e-05,0
penetrazione,n = 8,8,MinMax_con,Variance Least Core,Tri-level EP,CER_6_2_0,CER_4_4_0,25,50,0.00605882,-2.89492e-05,0
penetrazione,n = 8,8,MinMax_con,Variance Least Core,Tri-level EP,CER_4_4_0,CER_2_6_0,50,75,-2.89492e-05,1.9674e-05,0
penetrazione,n = 8,8,MinMax_con,Equal Split,Proportional to Consumption,CER_4_4_0,CER_2_6_0,50,75,0.0159167,-0.000219319,0
penetrazione,n = 8,8,MinMax_con,Equal Split,Remuneration Model 1,CER_4_4_0,CER_2_6_0,50,75,0.0141389,-0.000370585,0
penetrazione,n = 8,8,MinMax_con,Equal Split,Weighted Solidarity,CER_6_2_0,CER_4_4_0,25,50,0.0102732,-0.0205394,0
penetrazione,n = 8,8,MinMax_con,Equal Split,Pearson Key,CER_4_4_0,CER_2_6_0,50,75,0.0143793,-0.000771405,0
penetrazione,n = 8,8,MinMax_con,Equal Split,Pearson-Sharing Rate,CER_4_4_0,CER_2_6_0,50,75,0.0143381,-0.000832607,0
penetrazione,n = 8,8,MinMax_con,Equal Split,Marginal Contribution,CER_4_4_0,CER_2_6_0,50,75,0.0147412,-0.000824895,0
penetrazione,n = 8,8,MinMax_con,Equal Split,Stratified Expected Value,CER_4_4_0,CER_2_6_0,50,75,0.01396,-0.000741035,0
penetrazione,n = 8,8,MinMax_con,Equal Split,Adaptive Sampling Shapley,CER_4_4_0,CER_2_6_0,50,75,0.0134151,-0.000707289,0
penetrazione,n = 8,8,MinMax_con,Equal Split,Tri-level EP,CER_4_4_0,CER_2_6_0,50,75,0.014664,-0.000740618,0
penetrazione,n = 8,8,MinMax_con,Proportional to Consumption,Cascading Tree,CER_4_4_0,CER_2_6_0,50,75,-0.0090944,0.000606437,0
penetrazione,n = 8,8,MinMax_con,Remuneration Model 1,Cascading Tree,CER_4_4_0,CER_2_6_0,50,75,-0.00731656,0.000757703,0
penetrazione,n = 8,8,MinMax_con,Remuneration Model 1,Weighted Solidarity,CER_4_4_0,CER_2_6_0,50,75,-0.0346783,5.5422e-05,0
penetrazione,n = 8,8,MinMax_con,Remuneration Model 1,Pearson Key,CER_6_2_0,CER_4_4_0,25,50,-0.00644314,0.000240454,0
penetrazione,n = 8,8,MinMax_con,Remuneration Model 1,Pearson Key,CER_4_4_0,CER_2_6_0,50,75,0.000240454,-0.000400821,0
penetrazione,n = 8,8,MinMax_con,Remuneration Model 1,Pearson-Sharing Rate,CER_6_2_0,CER_4_4_0,25,50,-0.00603272,0.000199227,0
penetrazione,n = 8,8,MinMax_con,Remuneration Model 1,Pearson-Sharing Rate,CER_4_4_0,CER_2_6_0,50,75,0.000199227,-0.000462022,0
penetrazione,n = 8,8,MinMax_con,Remuneration Model 1,Marginal Contribution,CER_6_2_0,CER_4_4_0,25,50,-0.0007196,0.000602315,0
penetrazione,n = 8,8,MinMax_con,Remuneration Model 1,Marginal Contribution,CER_4_4_0,CER_2_6_0,50,75,0.000602315,-0.00045431,0
penetrazione,n = 8,8,MinMax_con,Remuneration Model 1,Tri-level EP,CER_6_2_0,CER_4_4_0,25,50,-0.000373879,0.00052515,0
penetrazione,n = 8,8,MinMax_con,Remuneration Model 1,Tri-level EP,CER_4_4_0,CER_2_6_0,50,75,0.00052515,-0.000370034,0
penetrazione,n = 8,8,MinMax_con,Cascading Tree,Pearson Key,CER_4_4_0,CER_2_6_0,50,75,0.00755702,-0.00115852,0
penetrazione,n = 8,8,MinMax_con,Cascading Tree,Pearson-Sharing Rate,CER_4_4_0,CER_2_6_0,50,75,0.00751579,-0.00121973,0
penetrazione,n = 8,8,MinMax_con,Cascading Tree,Marginal Contribution,CER_4_4_0,CER_2_6_0,50,75,0.00791888,-0.00121201,0
penetrazione,n = 8,8,MinMax_con,Cascading Tree,Stratified Expected Value,CER_4_4_0,CER_2_6_0,50,75,0.0071377,-0.00112815,0
penetrazione,n = 8,8,MinMax_con,Cascading Tree,Adaptive Sampling Shapley,CER_4_4_0,CER_2_6_0,50,75,0.00659279,-0.00109441,0
penetrazione,n = 8,8,MinMax_con,Cascading Tree,Tri-level EP,CER_4_4_0,CER_2_6_0,50,75,0.00784171,-0.00112774,0
penetrazione,n = 8,8,MinMax_con,Weighted Solidarity,Pearson Key,CER_4_4_0,CER_2_6_0,50,75,0.0349188,-0.000456243,0
penetrazione,n = 8,8,MinMax_con,Weighted Solidarity,Pearson-Sharing Rate,CER_4_4_0,CER_2_6_0,50,75,0.0348775,-0.000517444,0
penetrazione,n = 8,8,MinMax_con,Weighted Solidarity,Similarity-Utilization,CER_6_2_0,CER_4_4_0,25,50,-0.0247597,0.0168316,0
penetrazione,n = 8,8,MinMax_con,Weighted Solidarity,Similarity-Utilization,CER_4_4_0,CER_2_6_0,50,75,0.0168316,-0.000577425,0
penetrazione,n = 8,8,MinMax_con,Weighted Solidarity,Marginal Contribution,CER_4_4_0,CER_2_6_0,50,75,0.0352806,-0.000509732,0
penetrazione,n = 8,8,MinMax_con,Weighted Solidarity,Stratified Expected Value,CER_4_4_0,CER_2_6_0,50,75,0.0344994,-0.000425873,0
penetrazione,n = 8,8,MinMax_con,Weighted Solidarity,Adaptive Sampling Shapley,CER_4_4_0,CER_2_6_0,50,75,0.0339545,-0.000392126,0
penetrazione,n = 8,8,MinMax_con,Weighted Solidarity,Tri-level EP,CER_4_4_0,CER_2_6_0,50,75,0.0352035,-0.000425456,0
penetrazione,n = 8,8,MinMax_con,Pearson Key,Pearson-Sharing Rate,CER_6_2_0,CER_4_4_0,25,50,0.000410416,-4.12273e-05,0
penetrazione,n = 8,8,MinMax_con,Pearson Key,Marginal Contribution,CER_4_4_0,CER_2_6_0,50,75,0.000361861,-5.34899e-05,0
penetrazione,n = 8,8,MinMax_con,Pearson Key,Stratified Expected Value,CER_4_4_0,CER_2_6_0,50,75,-0.000419316,3.03697e-05,0
penetrazione,n = 8,8,MinMax_con,Pearson Key,Adaptive Sampling Shapley,CER_6_2_0,CER_4_4_0,25,50,0.00333057,-0.000964231,0
penetrazione,n = 8,8,MinMax_con,Pearson Key,Adaptive Sampling Shapley,CER_4_4_0,CER_2_6_0,50,75,-0.000964231,6.41161e-05,0
penetrazione,n = 8,8,MinMax_con,Pearson-Sharing Rate,Stratified Expected Value,CER_4_4_0,CER_2_6_0,50,75,-0.000378088,9.15716e-05,0
penetrazione,n = 8,8,MinMax_con,Pearson-Sharing Rate,Adaptive Sampling Shapley,CER_6_2_0,CER_4_4_0,25,50,0.00292015,-0.000923004,0
penetrazione,n = 8,8,MinMax_con,Pearson-Sharing Rate,Adaptive Sampling Shapley,CER_4_4_0,CER_2_6_0,50,75,-0.000923004,0.000125318,0
penetrazione,n = 8,8,MinMax_con,Marginal Contribution,Stratified Expected Value,CER_4_4_0,CER_2_6_0,50,75,-0.000781177,8.38596e-05,0
penetrazione,n = 8,8,MinMax_con,Marginal Contribution,Adaptive Sampling Shapley,CER_4_4_0,CER_2_6_0,50,75,-0.00132609,0.000117606,0
penetrazione,n = 8,8,MinMax_con,Marginal Contribution,Tri-level EP,CER_6_2_0,CER_4_4_0,25,50,0.00034572,-7.71659e-05,0
penetrazione,n = 8,8,MinMax_con,Marginal Contribution,Tri-level EP,CER_4_4_0,CER_2_6_0,50,75,-7.71659e-05,8.42769e-05,0
penetrazione,n = 8,8,MinMax_con,Stratified Expected Value,Adaptive Sampling Shapley,CER_6_2_0,CER_4_4_0,25,50,0.00442558,-0.000544915,0
penetrazione,n = 8,8,MinMax_con,Stratified Expected Value,Adaptive Sampling Shapley,CER_4_4_0,CER_2_6_0,50,75,-0.000544915,3.37464e-05,0
penetrazione,n = 8,8,MinMax_con,Adaptive Sampling Shapley,Tri-level EP,CER_4_4_0,CER_2_6_0,50,75,0.00124893,-3.33291e-05,0
penetrazione,n = 8,8,QoS_orig,Variance Least Core,Cascading Tree,CER_6_2_0,CER_4_4_0,25,50,0.000363522,-0.000386757,0
penetrazione,n = 8,8,QoS_orig,Variance Least Core,Pearson Key,CER_4_4_0,CER_2_6_0,50,75,-0.000235067,0.000942307,0
penetrazione,n = 8,8,QoS_orig,Variance Least Core,Pearson Key,CER_2_6_0,CER_0_8_0,75,100,0.000942307,-0.00124007,0
penetrazione,n = 8,8,QoS_orig,Variance Least Core,Pearson-Sharing Rate,CER_4_4_0,CER_2_6_0,50,75,-0.000241203,0.000882529,0
penetrazione,n = 8,8,QoS_orig,Variance Least Core,Pearson-Sharing Rate,CER_2_6_0,CER_0_8_0,75,100,0.000882529,-0.00130479,0
penetrazione,n = 8,8,QoS_orig,Variance Least Core,Similarity-Utilization,CER_4_4_0,CER_2_6_0,50,75,-0.000676192,0.00205607,0
penetrazione,n = 8,8,QoS_orig,Variance Least Core,Similarity-Utilization,CER_2_6_0,CER_0_8_0,75,100,0.00205607,-0.00588146,0
penetrazione,n = 8,8,QoS_orig,Variance Least Core,Marginal Contribution,CER_4_4_0,CER_2_6_0,50,75,2.50989e-05,-0.00073256,0
penetrazione,n = 8,8,QoS_orig,Variance Least Core,Stratified Expected Value,CER_4_4_0,CER_2_6_0,50,75,2.89947e-06,-9.57677e-05,0
penetrazione,n = 8,8,QoS_orig,Variance Least Core,Adaptive Sampling Shapley,CER_6_2_0,CER_4_4_0,25,50,0.00112794,-7.06496e-05,0
penetrazione,n = 8,8,QoS_orig,Variance Least Core,Tri-level EP,CER_4_4_0,CER_2_6_0,50,75,-0.00024195,0.000733295,0
penetrazione,n = 8,8,QoS_orig,Variance Least Core,Tri-level EP,CER_2_6_0,CER_0_8_0,75,100,0.000733295,-0.000500977,0
penetrazione,n = 8,8,QoS_orig,Equal Split,Cascading Tree,CER_4_4_0,CER_2_6_0,50,75,0.000247194,-0.00214085,0
penetrazione,n = 8,8,QoS_orig,Equal Split,Cascading Tree,CER_2_6_0,CER_0_8_0,75,100,-0.00214085,0.00592159,0
penetrazione,n = 8,8,QoS_orig,Equal Split,Weighted Solidarity,CER_6_2_0,CER_4_4_0,25,50,0.00231761,-0.000678479,0
penetrazione,n = 8,8,QoS_orig,Equal Split,Weighted Solidarity,CER_2_6_0,CER_0_8_0,75,100,-0.00415737,0.0346435,0
penetrazione,n = 8,8,QoS_orig,Equal Split,Similarity-Utilization,CER_4_4_0,CER_2_6_0,50,75,-4.22411e-05,0.020239,0
penetrazione,n = 8,8,QoS_orig,Proportional to Consumption,Remuneration Model 1,CER_4_4_0,CER_2_6_0,50,75,0.000374915,-0.00712706,0
penetrazione,n = 8,8,QoS_orig,Proportional to Consumption,Cascading Tree,CER_4_4_0,CER_2_6_0,50,75,4.1337e-05,-0.0177889,0
penetrazione,n = 8,8,QoS_orig,Proportional to Consumption,Weighted Solidarity,CER_6_2_0,CER_4_4_0,25,50,0.000228224,-0.000884336,0
penetrazione,n = 8,8,QoS_orig,Proportional to Consumption,Pearson Key,CER_6_2_0,CER_4_4_0,25,50,-0.000946481,0.000193027,0
penetrazione,n = 8,8,QoS_orig,Proportional to Consumption,Pearson-Sharing Rate,CER_6_2_0,CER_4_4_0,25,50,-0.00090647,0.000186891,0
penetrazione,n = 8,8,QoS_orig,Proportional to Consumption,Similarity-Utilization,CER_4_4_0,CER_2_6_0,50,75,-0.000248098,0.00459088,0
penetrazione,n = 8,8,QoS_orig,Proportional to Consumption,Adaptive Sampling Shapley,CER_4_4_0,CER_2_6_0,50,75,0.000357445,-0.000371134,0
penetrazione,n = 8,8,QoS_orig,Proportional to Consumption,Adaptive Sampling Shapley,CER_2_6_0,CER_0_8_0,75,100,-0.000371134,0.00536046,0
penetrazione,n = 8,8,QoS_orig,Proportional to Consumption,Tri-level EP,CER_6_2_0,CER_4_4_0,25,50,-0.000529198,0.000186144,0
penetrazione,n = 8,8,QoS_orig,Remuneration Model 1,Cascading Tree,CER_6_2_0,CER_4_4_0,25,50,0.000382959,-0.000333578,0
penetrazione,n = 8,8,QoS_orig,Remuneration Model 1,Weighted Solidarity,CER_2_6_0,CER_0_8_0,75,100,-0.0126784,0.00863067,0
penetrazione,n = 8,8,QoS_orig,Remuneration Model 1,Pearson Key,CER_4_4_0,CER_2_6_0,50,75,-0.000181887,0.0106042,0
penetrazione,n = 8,8,QoS_orig,Remuneration Model 1,Pearson-Sharing Rate,CER_4_4_0,CER_2_6_0,50,75,-0.000188023,0.0105444,0
penetrazione,n = 8,8,QoS_orig,Remuneration Model 1,Similarity-Utilization,CER_4_4_0,CER_2_6_0,50,75,-0.000623013,0.0117179,0
penetrazione,n = 8,8,QoS_orig,Remuneration Model 1,Adaptive Sampling Shapley,CER_6_2_0,CER_4_4_0,25,50,0.00114738,-1.74703e-05,0
penetrazione,n = 8,8,QoS_orig,Remuneration Model 1,Adaptive Sampling Shapley,CER_4_4_0,CER_2_6_0,50,75,-1.74703e-05,0.00675593,0
penetrazione,n = 8,8,QoS_orig,Remuneration Model 1,Tri-level EP,CER_4_4_0,CER_2_6_0,50,75,-0.000188771,0.0103952,0
penetrazione,n = 8,8,QoS_orig,Cascading Tree,Weighted Solidarity,CER_2_6_0,CER_0_8_0,75,100,-0.00201652,0.0287219,0
penetrazione,n = 8,8,QoS_orig,Cascading Tree,Pearson Key,CER_6_2_0,CER_4_4_0,25,50,-0.00240083,0.00015169,0
penetrazione,n = 8,8,QoS_orig,Cascading Tree,Pearson-Sharing Rate,CER_6_2_0,CER_4_4_0,25,50,-0.00236082,0.000145554,0
penetrazione,n = 8,8,QoS_orig,Cascading Tree,Similarity-Utilization,CER_4_4_0,CER_2_6_0,50,75,-0.000289435,0.0223798,0
penetrazione,n = 8,8,QoS_orig,Cascading Tree,Stratified Expected Value,CER_6_2_0,CER_4_4_0,25,50,-0.000321669,0.000389657,0
penetrazione,n = 8,8,QoS_orig,Cascading Tree,Tri-level EP,CER_6_2_0,CER_4_4_0,25,50,-0.00198355,0.000144807,0
penetrazione,n = 8,8,QoS_orig,Weighted Solidarity,Pearson Key,CER_6_2_0,CER_4_4_0,25,50,-0.00117471,0.00107736,0
penetrazione,n = 8,8,QoS_orig,Weighted Solidarity,Pearson-Sharing Rate,CER_6_2_0,CER_4_4_0,25,50,-0.00113469,0.00107123,0
penetrazione,n = 8,8,QoS_orig,Weighted Solidarity,Similarity-Utilization,CER_6_2_0,CER_4_4_0,25,50,-0.00459097,0.000636238,0
penetrazione,n = 8,8,QoS_orig,Weighted Solidarity,Tri-level EP,CER_6_2_0,CER_4_4_0,25,50,-0.000757422,0.00107048,0
penetrazione,n = 8,8,QoS_orig,Pearson Key,Pearson-Sharing Rate,CER_6_2_0,CER_4_4_0,25,50,4.00117e-05,-6.13597e-06,0
penetrazione,n = 8,8,QoS_orig,Pearson Key,Similarity-Utilization,CER_4_4_0,CER_2_6_0,50,75,-0.000441125,0.00111376,0
penetrazione,n = 8,8,QoS_orig,Pearson Key,Similarity-Utilization,CER_2_6_0,CER_0_8_0,75,100,0.00111376,-0.00464139,0
penetrazione,n = 8,8,QoS_orig,Pearson Key,Marginal Contribution,CER_4_4_0,CER_2_6_0,50,75,0.000260166,-0.00167487,0
penetrazione,n = 8,8,QoS_orig,Pearson Key,Stratified Expected Value,CER_4_4_0,CER_2_6_0,50,75,0.000237966,-0.00103807,0
penetrazione,n = 8,8,QoS_orig,Pearson Key,Adaptive Sampling Shapley,CER_4_4_0,CER_2_6_0,50,75,0.000164417,-0.00384825,0
penetrazione,n = 8,8,QoS_orig,Pearson Key,Tri-level EP,CER_6_2_0,CER_4_4_0,25,50,0.000417284,-6.88317e-06,0
penetrazione,n = 8,8,QoS_orig,Pearson Key,Tri-level EP,CER_2_6_0,CER_0_8_0,75,100,-0.000209012,0.000739089,0
penetrazione,n = 8,8,QoS_orig,Pearson-Sharing Rate,Similarity-Utilization,CER_4_4_0,CER_2_6_0,50,75,-0.000434989,0.00117354,0
penetrazione,n = 8,8,QoS_orig,Pearson-Sharing Rate,Similarity-Utilization,CER_2_6_0,CER_0_8_0,75,100,0.00117354,-0.00457667,0
penetrazione,n = 8,8,QoS_orig,Pearson-Sharing Rate,Marginal Contribution,CER_4_4_0,CER_2_6_0,50,75,0.000266302,-0.00161509,0
penetrazione,n = 8,8,QoS_orig,Pearson-Sharing Rate,Stratified Expected Value,CER_4_4_0,CER_2_6_0,50,75,0.000244102,-0.000978297,0
penetrazione,n = 8,8,QoS_orig,Pearson-Sharing Rate,Adaptive Sampling Shapley,CER_4_4_0,CER_2_6_0,50,75,0.000170553,-0.00378847,0
penetrazione,n = 8,8,QoS_orig,Pearson-Sharing Rate,Tri-level EP,CER_6_2_0,CER_4_4_0,25,50,0.000377272,-7.47198e-07,0
penetrazione,n = 8,8,QoS_orig,Pearson-Sharing Rate,Tri-level EP,CER_2_6_0,CER_0_8_0,75,100,-0.000149234,0.000803814,0
penetrazione,n = 8,8,QoS_orig,Similarity-Utilization,Marginal Contribution,CER_4_4_0,CER_2_6_0,50,75,0.000701291,-0.00278863,0
penetrazione,n = 8,8,QoS_orig,Similarity-Utilization,Marginal Contribution,CER_2_6_0,CER_0_8_0,75,100,-0.00278863,0.000927159,0
penetrazione,n = 8,8,QoS_orig,Similarity-Utilization,Stratified Expected Value,CER_4_4_0,CER_2_6_0,50,75,0.000679092,-0.00215184,0
penetrazione,n = 8,8,QoS_orig,Similarity-Utilization,Stratified Expected Value,CER_2_6_0,CER_0_8_0,75,100,-0.00215184,1.63011e-05,0
penetrazione,n = 8,8,QoS_orig,Similarity-Utilization,Adaptive Sampling Shapley,CER_4_4_0,CER_2_6_0,50,75,0.000605543,-0.00496201,0
penetrazione,n = 8,8,QoS_orig,Similarity-Utilization,Tri-level EP,CER_4_4_0,CER_2_6_0,50,75,0.000434242,-0.00132277,0
penetrazione,n = 8,8,QoS_orig,Similarity-Utilization,Tri-level EP,CER_2_6_0,CER_0_8_0,75,100,-0.00132277,0.00538048,0
penetrazione,n = 8,8,QoS_orig,Marginal Contribution,Stratified Expected Value,CER_4_4_0,CER_2_6_0,50,75,-2.21994e-05,0.000636793,0
penetrazione,n = 8,8,QoS_orig,Marginal Contribution,Stratified Expected Value,CER_2_6_0,CER_0_8_0,75,100,0.000636793,-0.000910858,0
penetrazione,n = 8,8,QoS_orig,Marginal Contribution,Adaptive Sampling Shapley,CER_6_2_0,CER_4_4_0,25,50,0.000235501,-9.57485e-05,0
penetrazione,n = 8,8,QoS_orig,Marginal Contribution,Tri-level EP,CER_4_4_0,CER_2_6_0,50,75,-0.000267049,0.00146586,0
penetrazione,n = 8,8,QoS_orig,Stratified Expected Value,Adaptive Sampling Shapley,CER_6_2_0,CER_4_4_0,25,50,0.00108609,-7.3549e-05,0
penetrazione,n = 8,8,QoS_orig,Stratified Expected Value,Tri-level EP,CER_4_4_0,CER_2_6_0,50,75,-0.000244849,0.000829062,0
penetrazione,n = 8,8,QoS_orig,Adaptive Sampling Shapley,Tri-level EP,CER_4_4_0,CER_2_6_0,50,75,-0.0001713,0.00363924,0
penetrazione,n = 8,8,QoS_new,Variance Least Core,Proportional to Consumption,CER_4_4_0,CER_2_6_0,50,75,3.06794e-05,-2.47616e-06,0
penetrazione,n = 8,8,QoS_new,Variance Least Core,Remuneration Model 1,CER_6_2_0,CER_4_4_0,25,50,0.00168268,-9.92413e-06,0
penetrazione,n = 8,8,QoS_new,Variance Least Core,Similarity-Utilization,CER_4_4_0,CER_2_6_0,50,75,-0.000628505,8.49913e-07,0
penetrazione,n = 8,8,QoS_new,Variance Least Core,Marginal Contribution,CER_4_4_0,CER_2_6_0,50,75,6.35446e-06,-3.64053e-07,0
penetrazione,n = 8,8,QoS_new,Variance Least Core,Stratified Expected Value,CER_6_2_0,CER_4_4_0,25,50,0.000143807,-2.84281e-05,0
penetrazione,n = 8,8,QoS_new,Variance Least Core,Stratified Expected Value,CER_4_4_0,CER_2_6_0,50,75,-2.84281e-05,5.49435e-08,0
penetrazione,n = 8,8,QoS_new,Variance Least Core,Adaptive Sampling Shapley,CER_6_2_0,CER_4_4_0,25,50,0.000787509,-4.99875e-05,0
penetrazione,n = 8,8,QoS_new,Variance Least Core,Tri-level EP,CER_4_4_0,CER_2_6_0,50,75,2.51444e-05,-3.26553e-07,0
penetrazione,n = 8,8,QoS_new,Equal Split,Weighted Solidarity,CER_6_2_0,CER_4_4_0,25,50,0.00747574,-0.000526685,0
penetrazione,n = 8,8,QoS_new,Equal Split,Weighted Solidarity,CER_4_4_0,CER_2_6_0,50,75,-0.000526685,2.43005e-06,0
penetrazione,n = 8,8,QoS_new,Equal Split,Similarity-Utilization,CER_4_4_0,CER_2_6_0,50,75,-0.000115061,5.33365e-06,0
penetrazione,n = 8,8,QoS_new,Proportional to Consumption,Cascading Tree,CER_4_4_0,CER_2_6_0,50,75,-0.00029053,7.44611e-07,0
penetrazione,n = 8,8,QoS_new,Proportional to Consumption,Weighted Solidarity,CER_4_4_0,CER_2_6_0,50,75,-0.00107081,4.2248e-07,0
penetrazione,n = 8,8,QoS_new,Proportional to Consumption,Pearson Key,CER_4_4_0,CER_2_6_0,50,75,-5.09758e-05,2.309e-06,0
penetrazione,n = 8,8,QoS_new,Proportional to Consumption,Pearson-Sharing Rate,CER_4_4_0,CER_2_6_0,50,75,-5.15519e-05,2.26183e-06,0
penetrazione,n = 8,8,QoS_new,Proportional to Consumption,Similarity-Utilization,CER_4_4_0,CER_2_6_0,50,75,-0.000659185,3.32608e-06,0
penetrazione,n = 8,8,QoS_new,Proportional to Consumption,Marginal Contribution,CER_4_4_0,CER_2_6_0,50,75,-2.43249e-05,2.11211e-06,0
penetrazione,n = 8,8,QoS_new,Proportional to Consumption,Stratified Expected Value,CER_4_4_0,CER_2_6_0,50,75,-5.91075e-05,2.53111e-06,0
penetrazione,n = 8,8,QoS_new,Proportional to Consumption,Adaptive Sampling Shapley,CER_4_4_0,CER_2_6_0,50,75,-8.06669e-05,1.40116e-06,0
penetrazione,n = 8,8,QoS_new,Proportional to Consumption,Tri-level EP,CER_4_4_0,CER_2_6_0,50,75,-5.53497e-06,2.14961e-06,0
penetrazione,n = 8,8,QoS_new,Remuneration Model 1,Cascading Tree,CER_4_4_0,CER_2_6_0,50,75,-0.000249927,2.01023e-06,0
penetrazione,n = 8,8,QoS_new,Remuneration Model 1,Weighted Solidarity,CER_4_4_0,CER_2_6_0,50,75,-0.0010302,1.6881e-06,0
penetrazione,n = 8,8,QoS_new,Remuneration Model 1,Pearson Key,CER_4_4_0,CER_2_6_0,50,75,-1.03723e-05,3.57461e-06,0
penetrazione,n = 8,8,QoS_new,Remuneration Model 1,Pearson-Sharing Rate,CER_4_4_0,CER_2_6_0,50,75,-1.09484e-05,3.52745e-06,0
penetrazione,n = 8,8,QoS_new,Remuneration Model 1,Similarity-Utilization,CER_4_4_0,CER_2_6_0,50,75,-0.000618581,4.59169e-06,0
penetrazione,n = 8,8,QoS_new,Remuneration Model 1,Stratified Expected Value,CER_4_4_0,CER_2_6_0,50,75,-1.8504e-05,3.79672e-06,0
penetrazione,n = 8,8,QoS_new,Remuneration Model 1,Adaptive Sampling Shapley,CER_4_4_0,CER_2_6_0,50,75,-4.00634e-05,2.66677e-06,0
penetrazione,n = 8,8,QoS_new,Remuneration Model 1,Tri-level EP,CER_6_2_0,CER_4_4_0,25,50,-0.000369971,3.50686e-05,0
penetrazione,n = 8,8,QoS_new,Cascading Tree,Similarity-Utilization,CER_4_4_0,CER_2_6_0,50,75,-0.000368655,2.58147e-06,0
penetrazione,n = 8,8,QoS_new,Weighted Solidarity,Similarity-Utilization,CER_6_2_0,CER_4_4_0,25,50,-0.0100961,0.000411624,0
penetrazione,n = 8,8,QoS_new,Pearson Key,Pearson-Sharing Rate,CER_6_2_0,CER_4_4_0,25,50,0.000130396,-5.76073e-07,0
penetrazione,n = 8,8,QoS_new,Pearson Key,Similarity-Utilization,CER_4_4_0,CER_2_6_0,50,75,-0.000608209,1.01708e-06,0
penetrazione,n = 8,8,QoS_new,Pearson Key,Marginal Contribution,CER_4_4_0,CER_2_6_0,50,75,2.66509e-05,-1.96884e-07,0
penetrazione,n = 8,8,QoS_new,Pearson Key,Stratified Expected Value,CER_6_2_0,CER_4_4_0,25,50,0.0003044,-8.13167e-06,0
penetrazione,n = 8,8,QoS_new,Pearson Key,Stratified Expected Value,CER_4_4_0,CER_2_6_0,50,75,-8.13167e-06,2.22112e-07,0
penetrazione,n = 8,8,QoS_new,Pearson Key,Adaptive Sampling Shapley,CER_6_2_0,CER_4_4_0,25,50,0.000948102,-2.96911e-05,0
penetrazione,n = 8,8,QoS_new,Pearson Key,Tri-level EP,CER_4_4_0,CER_2_6_0,50,75,4.54408e-05,-1.59385e-07,0
penetrazione,n = 8,8,QoS_new,Pearson-Sharing Rate,Similarity-Utilization,CER_4_4_0,CER_2_6_0,50,75,-0.000607633,1.06425e-06,0
penetrazione,n = 8,8,QoS_new,Pearson-Sharing Rate,Marginal Contribution,CER_4_4_0,CER_2_6_0,50,75,2.72269e-05,-1.49719e-07,0
penetrazione,n = 8,8,QoS_new,Pearson-Sharing Rate,Stratified Expected Value,CER_6_2_0,CER_4_4_0,25,50,0.000174004,-7.5556e-06,0
penetrazione,n = 8,8,QoS_new,Pearson-Sharing Rate,Stratified Expected Value,CER_4_4_0,CER_2_6_0,50,75,-7.5556e-06,2.69277e-07,0
penetrazione,n = 8,8,QoS_new,Pearson-Sharing Rate,Adaptive Sampling Shapley,CER_6_2_0,CER_4_4_0,25,50,0.000817706,-2.91151e-05,0
penetrazione,n = 8,8,QoS_new,Pearson-Sharing Rate,Tri-level EP,CER_4_4_0,CER_2_6_0,50,75,4.60169e-05,-1.1222e-07,0
penetrazione,n = 8,8,QoS_new,Similarity-Utilization,Marginal Contribution,CER_4_4_0,CER_2_6_0,50,75,0.00063486,-1.21397e-06,0
penetrazione,n = 8,8,QoS_new,Similarity-Utilization,Stratified Expected Value,CER_4_4_0,CER_2_6_0,50,75,0.000600077,-7.94969e-07,0
penetrazione,n = 8,8,QoS_new,Similarity-Utilization,Adaptive Sampling Shapley,CER_4_4_0,CER_2_6_0,50,75,0.000578518,-1.92492e-06,0
penetrazione,n = 8,8,QoS_new,Similarity-Utilization,Tri-level EP,CER_4_4_0,CER_2_6_0,50,75,0.00065365,-1.17647e-06,0
penetrazione,n = 8,8,QoS_new,Marginal Contribution,Stratified Expected Value,CER_4_4_0,CER_2_6_0,50,75,-3.47825e-05,4.18996e-07,0
penetrazione,n = 8,8,QoS_new,Marginal Contribution,Tri-level EP,CER_6_2_0,CER_4_4_0,25,50,-0.000753783,1.879e-05,0
penetrazione,n = 8,8,QoS_new,Stratified Expected Value,Adaptive Sampling Shapley,CER_6_2_0,CER_4_4_0,25,50,0.000643701,-2.15595e-05,0
penetrazione,n = 8,8,QoS_new,Stratified Expected Value,Tri-level EP,CER_4_4_0,CER_2_6_0,50,75,5.35725e-05,-3.81497e-07,0
penetrazione,n = 8,8,EI_orig,Variance Least Core,Proportional to Consumption,CER_4_4_0,CER_2_6_0,50,75,0.0687223,-0.0298894,0
penetrazione,n = 8,8,EI_orig,Variance Least Core,Cascading Tree,CER_6_2_0,CER_4_4_0,25,50,0.125286,-0.214096,0
penetrazione,n = 8,8,EI_orig,Variance Least Core,Weighted Solidarity,CER_6_2_0,CER_4_4_0,25,50,0.0331194,-0.19978,0
penetrazione,n = 8,8,EI_orig,Variance Least Core,Similarity-Utilization,CER_2_6_0,CER_0_8_0,75,100,0.088766,-0.0212656,0
penetrazione,n = 8,8,EI_orig,Variance Least Core,Marginal Contribution,CER_6_2_0,CER_4_4_0,25,50,0.0514219,-0.0243442,0
penetrazione,n = 8,8,EI_orig,Variance Least Core,Stratified Expected Value,CER_6_2_0,CER_4_4_0,25,50,-0.00105395,0.00164173,0
penetrazione,n = 8,8,EI_orig,Variance Least Core,Stratified Expected Value,CER_4_4_0,CER_2_6_0,50,75,0.00164173,-0.0131509,0
penetrazione,n = 8,8,EI_orig,Variance Least Core,Adaptive Sampling Shapley,CER_6_2_0,CER_4_4_0,25,50,0.129767,-0.161072,0
penetrazione,n = 8,8,EI_orig,Proportional to Consumption,Pearson Key,CER_6_2_0,CER_4_4_0,25,50,-0.00885589,0.0673399,0
penetrazione,n = 8,8,EI_orig,Proportional to Consumption,Pearson-Sharing Rate,CER_6_2_0,CER_4_4_0,25,50,-0.00862857,0.065727,0
penetrazione,n = 8,8,EI_orig,Proportional to Consumption,Similarity-Utilization,CER_6_2_0,CER_4_4_0,25,50,-0.0629961,0.0594616,0
penetrazione,n = 8,8,EI_orig,Proportional to Consumption,Marginal Contribution,CER_2_6_0,CER_0_8_0,75,100,-0.00307249,0.0260704,0
penetrazione,n = 8,8,EI_orig,Proportional to Consumption,Stratified Expected Value,CER_4_4_0,CER_2_6_0,50,75,-0.0670805,0.0167384,0
penetrazione,n = 8,8,EI_orig,Remuneration Model 1,Cascading Tree,CER_4_4_0,CER_2_6_0,50,75,0.0347565,-0.156408,0
penetrazione,n = 8,8,EI_orig,Remuneration Model 1,Weighted Solidarity,CER_4_4_0,CER_2_6_0,50,75,0.0490726,-0.0768921,0
penetrazione,n = 8,8,EI_orig,Remuneration Model 1,Weighted Solidarity,CER_2_6_0,CER_0_8_0,75,100,-0.0768921,0.116642,0
penetrazione,n = 8,8,EI_orig,Cascading Tree,Weighted Solidarity,CER_6_2_0,CER_4_4_0,25,50,-0.0921666,0.0143161,0
penetrazione,n = 8,8,EI_orig,Cascading Tree,Marginal Contribution,CER_6_2_0,CER_4_4_0,25,50,-0.0738641,0.189752,0
penetrazione,n = 8,8,EI_orig,Cascading Tree,Stratified Expected Value,CER_6_2_0,CER_4_4_0,25,50,-0.12634,0.215738,0
penetrazione,n = 8,8,EI_orig,Weighted Solidarity,Stratified Expected Value,CER_6_2_0,CER_4_4_0,25,50,-0.0341734,0.201422,0
penetrazione,n = 8,8,EI_orig,Pearson Key,Pearson-Sharing Rate,CER_6_2_0,CER_4_4_0,25,50,0.000227319,-0.00161296,0
penetrazione,n = 8,8,EI_orig,Pearson Key,Similarity-Utilization,CER_4_4_0,CER_2_6_0,50,75,-0.00787827,0.017823,0
penetrazione,n = 8,8,EI_orig,Pearson Key,Similarity-Utilization,CER_2_6_0,CER_0_8_0,75,100,0.017823,-0.0390884,0
penetrazione,n = 8,8,EI_orig,Pearson Key,Tri-level EP,CER_6_2_0,CER_4_4_0,25,50,0.0157097,-0.00332305,0
penetrazione,n = 8,8,EI_orig,Pearson Key,Tri-level EP,CER_2_6_0,CER_0_8_0,75,100,-0.00423145,0.00787745,0
penetrazione,n = 8,8,EI_orig,Pearson-Sharing Rate,Similarity-Utilization,CER_4_4_0,CER_2_6_0,50,75,-0.0062653,0.0200431,0
penetrazione,n = 8,8,EI_orig,Pearson-Sharing Rate,Similarity-Utilization,CER_2_6_0,CER_0_8_0,75,100,0.0200431,-0.0368718,0
penetrazione,n = 8,8,EI_orig,Pearson-Sharing Rate,Tri-level EP,CER_6_2_0,CER_4_4_0,25,50,0.0154824,-0.00171009,0
penetrazione,n = 8,8,EI_orig,Pearson-Sharing Rate,Tri-level EP,CER_2_6_0,CER_0_8_0,75,100,-0.00201138,0.010094,0
penetrazione,n = 8,8,EI_orig,Similarity-Utilization,Tri-level EP,CER_4_4_0,CER_2_6_0,50,75,0.00455522,-0.0220545,0
penetrazione,n = 8,8,EI_orig,Similarity-Utilization,Tri-level EP,CER_2_6_0,CER_0_8_0,75,100,-0.0220545,0.0469658,0
penetrazione,n = 8,8,EI_orig,Marginal Contribution,Stratified Expected Value,CER_6_2_0,CER_4_4_0,25,50,-0.0524758,0.0259859,0
penetrazione,n = 8,8,EI_orig,Marginal Contribution,Stratified Expected Value,CER_2_6_0,CER_0_8_0,75,100,0.0198109,-0.00594047,0
penetrazione,n = 8,8,EI_orig,Marginal Contribution,Adaptive Sampling Shapley,CER_6_2_0,CER_4_4_0,25,50,0.0783449,-0.136728,0
penetrazione,n = 8,8,EI_orig,Stratified Expected Value,Adaptive Sampling Shapley,CER_6_2_0,CER_4_4_0,25,50,0.130821,-0.162714,0
penetrazione,n = 8,8,EI_new,Variance Least Core,Proportional to Consumption,CER_4_4_0,CER_2_6_0,50,75,0.010412,-0.0221866,0
penetrazione,n = 8,8,EI_new,Variance Least Core,Remuneration Model 1,CER_6_2_0,CER_4_4_0,25,50,0.0137381,-0.0186193,0
penetrazione,n = 8,8,EI_new,Variance Least Core,Weighted Solidarity,CER_4_4_0,CER_2_6_0,50,75,0.0560986,-0.0364464,0
penetrazione,n = 8,8,EI_new,Variance Least Core,Pearson Key,CER_2_6_0,CER_0_8_0,75,100,0.0855461,-0.0321125,0
penetrazione,n = 8,8,EI_new,Variance Least Core,Pearson-Sharing Rate,CER_2_6_0,CER_0_8_0,75,100,0.0796702,-0.0344026,0
penetrazione,n = 8,8,EI_new,Variance Least Core,Similarity-Utilization,CER_6_2_0,CER_4_4_0,25,50,-0.0267039,0.00384538,0
penetrazione,n = 8,8,EI_new,Variance Least Core,Similarity-Utilization,CER_2_6_0,CER_0_8_0,75,100,0.000274236,-0.0508129,0
penetrazione,n = 8,8,EI_new,Variance Least Core,Marginal Contribution,CER_4_4_0,CER_2_6_0,50,75,0.0048906,-0.0234212,0
penetrazione,n = 8,8,EI_new,Variance Least Core,Stratified Expected Value,CER_6_2_0,CER_4_4_0,25,50,-0.0072445,0.00457548,0
penetrazione,n = 8,8,EI_new,Variance Least Core,Stratified Expected Value,CER_4_4_0,CER_2_6_0,50,75,0.00457548,-0.0213781,0
penetrazione,n = 8,8,EI_new,Variance Least Core,Adaptive Sampling Shapley,CER_6_2_0,CER_4_4_0,25,50,0.0100758,-0.00500473,0
penetrazione,n = 8,8,EI_new,Variance Least Core,Tri-level EP,CER_2_6_0,CER_0_8_0,75,100,0.0939912,-0.0245253,0
penetrazione,n = 8,8,EI_new,Equal Split,Cascading Tree,CER_6_2_0,CER_4_4_0,25,50,0.0535026,-0.0039712,0
penetrazione,n = 8,8,EI_new,Proportional to Consumption,Remuneration Model 1,CER_6_2_0,CER_4_4_0,25,50,0.0101979,-0.0290313,0
penetrazione,n = 8,8,EI_new,Proportional to Consumption,Weighted Solidarity,CER_4_4_0,CER_2_6_0,50,75,0.0456866,-0.0142598,0
penetrazione,n = 8,8,EI_new,Proportional to Consumption,Weighted Solidarity,CER_2_6_0,CER_0_8_0,75,100,-0.0142598,0.102806,0
penetrazione,n = 8,8,EI_new,Proportional to Consumption,Similarity-Utilization,CER_4_4_0,CER_2_6_0,50,75,-0.00656664,0.0224608,0
penetrazione,n = 8,8,EI_new,Proportional to Consumption,Marginal Contribution,CER_6_2_0,CER_4_4_0,25,50,0.00174513,-0.00552142,0
penetrazione,n = 8,8,EI_new,Proportional to Consumption,Marginal Contribution,CER_2_6_0,CER_0_8_0,75,100,-0.00123459,0.113177,0
penetrazione,n = 8,8,EI_new,Proportional to Consumption,Stratified Expected Value,CER_4_4_0,CER_2_6_0,50,75,-0.00583654,0.000808491,0
penetrazione,n = 8,8,EI_new,Proportional to Consumption,Adaptive Sampling Shapley,CER_6_2_0,CER_4_4_0,25,50,0.00653568,-0.0154168,0
penetrazione,n = 8,8,EI_new,Proportional to Consumption,Adaptive Sampling Shapley,CER_2_6_0,CER_0_8_0,75,100,-0.0293277,0.0539915,0
penetrazione,n = 8,8,EI_new,Remuneration Model 1,Pearson-Sharing Rate,CER_6_2_0,CER_4_4_0,25,50,-0.00325527,0.108647,0
penetrazione,n = 8,8,EI_new,Remuneration Model 1,Similarity-Utilization,CER_6_2_0,CER_4_4_0,25,50,-0.040442,0.0224647,0
penetrazione,n = 8,8,EI_new,Remuneration Model 1,Marginal Contribution,CER_6_2_0,CER_4_4_0,25,50,-0.00845282,0.0235099,0
penetrazione,n = 8,8,EI_new,Remuneration Model 1,Stratified Expected Value,CER_6_2_0,CER_4_4_0,25,50,-0.0209826,0.0231948,0
penetrazione,n = 8,8,EI_new,Remuneration Model 1,Adaptive Sampling Shapley,CER_6_2_0,CER_4_4_0,25,50,-0.00366226,0.0136146,0
penetrazione,n = 8,8,EI_new,Cascading Tree,Similarity-Utilization,CER_6_2_0,CER_4_4_0,25,50,-0.00150819,0.0642476,0
penetrazione,n = 8,8,EI_new,Weighted Solidarity,Pearson Key,CER_6_2_0,CER_4_4_0,25,50,-0.0494578,0.0406025,0
penetrazione,n = 8,8,EI_new,Weighted Solidarity,Pearson-Sharing Rate,CER_6_2_0,CER_4_4_0,25,50,-0.0565758,0.0339293,0
penetrazione,n = 8,8,EI_new,Weighted Solidarity,Similarity-Utilization,CER_4_4_0,CER_2_6_0,50,75,-0.0522533,0.0367206,0
penetrazione,n = 8,8,EI_new,Weighted Solidarity,Marginal Contribution,CER_4_4_0,CER_2_6_0,50,75,-0.0512081,0.0130252,0
penetrazione,n = 8,8,EI_new,Weighted Solidarity,Stratified Expected Value,CER_4_4_0,CER_2_6_0,50,75,-0.0515232,0.0150683,0
penetrazione,n = 8,8,EI_new,Weighted Solidarity,Tri-level EP,CER_6_2_0,CER_4_4_0,25,50,-0.013713,0.0449814,0
penetrazione,n = 8,8,EI_new,Similarity-Utilization,Marginal Contribution,CER_4_4_0,CER_2_6_0,50,75,0.00104522,-0.0236954,0
penetrazione,n = 8,8,EI_new,Similarity-Utilization,Stratified Expected Value,CER_4_4_0,CER_2_6_0,50,75,0.000730102,-0.0216523,0
penetrazione,n = 8,8,EI_new,Similarity-Utilization,Adaptive Sampling Shapley,CER_6_2_0,CER_4_4_0,25,50,0.0367797,-0.00885011,0
penetrazione,n = 8,8,EI_new,Marginal Contribution,Stratified Expected Value,CER_4_4_0,CER_2_6_0,50,75,-0.000315116,0.00204308,0
penetrazione,n = 8,8,EI_new,Marginal Contribution,Stratified Expected Value,CER_2_6_0,CER_0_8_0,75,100,0.00204308,-0.00261673,0
penetrazione,n = 8,8,EI_new,Marginal Contribution,Adaptive Sampling Shapley,CER_6_2_0,CER_4_4_0,25,50,0.00479056,-0.00989533,0
penetrazione,n = 8,8,EI_new,Stratified Expected Value,Adaptive Sampling Shapley,CER_6_2_0,CER_4_4_0,25,50,0.0173203,-0.00958021,0
penetrazione,n = 8,8,Jain,Variance Least Core,Remuneration Model 1,CER_6_2_0,CER_4_4_0,25,50,4.7075e-06,-0.000133726,0
penetrazione,n = 8,8,Jain,Variance Least Core,Cascading Tree,CER_6_2_0,CER_4_4_0,25,50,0.000331384,-0.000815982,0
penetrazione,n = 8,8,Jain,Variance Least Core,Pearson Key,CER_4_4_0,CER_2_6_0,50,75,-0.000287608,0.000736033,0
penetrazione,n = 8,8,Jain,Variance Least Core,Pearson Key,CER_2_6_0,CER_0_8_0,75,100,0.000736033,-0.00196595,0
penetrazione,n = 8,8,Jain,Variance Least Core,Pearson-Sharing Rate,CER_4_4_0,CER_2_6_0,50,75,-0.000294668,0.000674812,0
penetrazione,n = 8,8,Jain,Variance Least Core,Pearson-Sharing Rate,CER_2_6_0,CER_0_8_0,75,100,0.000674812,-0.00202983,0
penetrazione,n = 8,8,Jain,Variance Least Core,Similarity-Utilization,CER_4_4_0,CER_2_6_0,50,75,-0.001208,0.0020895,0
penetrazione,n = 8,8,Jain,Variance Least Core,Similarity-Utilization,CER_2_6_0,CER_0_8_0,75,100,0.0020895,-0.00691211,0
penetrazione,n = 8,8,Jain,Variance Least Core,Marginal Contribution,CER_4_4_0,CER_2_6_0,50,75,3.00885e-05,-0.00076111,0
penetrazione,n = 8,8,Jain,Variance Least Core,Stratified Expected Value,CER_6_2_0,CER_4_4_0,25,50,5.09741e-05,-1.06935e-05,0
penetrazione,n = 8,8,Jain,Variance Least Core,Adaptive Sampling Shapley,CER_6_2_0,CER_4_4_0,25,50,0.00119355,-0.000141826,0
penetrazione,n = 8,8,Jain,Variance Least Core,Tri-level EP,CER_4_4_0,CER_2_6_0,50,75,-0.000280124,0.000492938,0
penetrazione,n = 8,8,Jain,Variance Least Core,Tri-level EP,CER_2_6_0,CER_0_8_0,75,100,0.000492938,-0.00118051,0
penetrazione,n = 8,8,Jain,Equal Split,Cascading Tree,CER_4_4_0,CER_2_6_0,50,75,0.000317903,-0.00253519,0
penetrazione,n = 8,8,Jain,Equal Split,Cascading Tree,CER_2_6_0,CER_0_8_0,75,100,-0.00253519,0.006525,0
penetrazione,n = 8,8,Jain,Equal Split,Weighted Solidarity,CER_6_2_0,CER_4_4_0,25,50,0.00260579,-0.00152152,0
penetrazione,n = 8,8,Jain,Equal Split,Weighted Solidarity,CER_2_6_0,CER_0_8_0,75,100,-0.00444468,0.0386367,0
penetrazione,n = 8,8,Jain,Equal Split,Similarity-Utilization,CER_4_4_0,CER_2_6_0,50,75,-7.41148e-05,0.0216383,0
penetrazione,n = 8,8,Jain,Proportional to Consumption,Remuneration Model 1,CER_4_4_0,CER_2_6_0,50,75,0.000366536,-0.00708808,0
penetrazione,n = 8,8,Jain,Proportional to Consumption,Cascading Tree,CER_6_2_0,CER_4_4_0,25,50,0.00142384,-0.00031572,0
penetrazione,n = 8,8,Jain,Proportional to Consumption,Weighted Solidarity,CER_6_2_0,CER_4_4_0,25,50,7.39877e-05,-0.00215514,0
penetrazione,n = 8,8,Jain,Proportional to Consumption,Pearson Key,CER_6_2_0,CER_4_4_0,25,50,-0.00103489,0.000212654,0
penetrazione,n = 8,8,Jain,Proportional to Consumption,Pearson-Sharing Rate,CER_6_2_0,CER_4_4_0,25,50,-0.000990447,0.000205594,0
penetrazione,n = 8,8,Jain,Proportional to Consumption,Similarity-Utilization,CER_4_4_0,CER_2_6_0,50,75,-0.000707737,0.00527052,0
penetrazione,n = 8,8,Jain,Proportional to Consumption,Tri-level EP,CER_6_2_0,CER_4_4_0,25,50,-0.00056914,0.000220138,0
penetrazione,n = 8,8,Jain,Remuneration Model 1,Cascading Tree,CER_6_2_0,CER_4_4_0,25,50,0.000326677,-0.000682256,0
penetrazione,n = 8,8,Jain,Remuneration Model 1,Weighted Solidarity,CER_2_6_0,CER_0_8_0,75,100,-0.0137244,0.00979657,0
penetrazione,n = 8,8,Jain,Remuneration Model 1,Pearson Key,CER_4_4_0,CER_2_6_0,50,75,-0.000153882,0.0110051,0
penetrazione,n = 8,8,Jain,Remuneration Model 1,Pearson-Sharing Rate,CER_4_4_0,CER_2_6_0,50,75,-0.000160942,0.0109439,0
penetrazione,n = 8,8,Jain,Remuneration Model 1,Similarity-Utilization,CER_4_4_0,CER_2_6_0,50,75,-0.00107427,0.0123586,0
penetrazione,n = 8,8,Jain,Remuneration Model 1,Adaptive Sampling Shapley,CER_6_2_0,CER_4_4_0,25,50,0.00118884,-8.09998e-06,0
penetrazione,n = 8,8,Jain,Remuneration Model 1,Adaptive Sampling Shapley,CER_4_4_0,CER_2_6_0,50,75,-8.09998e-06,0.00728443,0
penetrazione,n = 8,8,Jain,Remuneration Model 1,Tri-level EP,CER_4_4_0,CER_2_6_0,50,75,-0.000146398,0.010762,0
penetrazione,n = 8,8,Jain,Cascading Tree,Weighted Solidarity,CER_2_6_0,CER_0_8_0,75,100,-0.00190949,0.0321117,0
penetrazione,n = 8,8,Jain,Cascading Tree,Pearson Key,CER_6_2_0,CER_4_4_0,25,50,-0.00245873,0.000528374,0
penetrazione,n = 8,8,Jain,Cascading Tree,Pearson-Sharing Rate,CER_6_2_0,CER_4_4_0,25,50,-0.00241429,0.000521314,0
penetrazione,n = 8,8,Jain,Cascading Tree,Similarity-Utilization,CER_4_4_0,CER_2_6_0,50,75,-0.000392017,0.0241735,0
penetrazione,n = 8,8,Jain,Cascading Tree,Stratified Expected Value,CER_6_2_0,CER_4_4_0,25,50,-0.00028041,0.000805288,0
penetrazione,n = 8,8,Jain,Cascading Tree,Tri-level EP,CER_6_2_0,CER_4_4_0,25,50,-0.00199298,0.000535857,0
penetrazione,n = 8,8,Jain,Weighted Solidarity,Pearson Key,CER_6_2_0,CER_4_4_0,25,50,-0.00110888,0.00236779,0
penetrazione,n = 8,8,Jain,Weighted Solidarity,Pearson-Sharing Rate,CER_6_2_0,CER_4_4_0,25,50,-0.00106443,0.00236073,0
penetrazione,n = 8,8,Jain,Weighted Solidarity,Similarity-Utilization,CER_6_2_0,CER_4_4_0,25,50,-0.00507951,0.0014474,0
penetrazione,n = 8,8,Jain,Weighted Solidarity,Tri-level EP,CER_6_2_0,CER_4_4_0,25,50,-0.000643128,0.00237528,0
penetrazione,n = 8,8,Jain,Pearson Key,Pearson-Sharing Rate,CER_6_2_0,CER_4_4_0,25,50,4.44461e-05,-7.05987e-06,0
penetrazione,n = 8,8,Jain,Pearson Key,Similarity-Utilization,CER_4_4_0,CER_2_6_0,50,75,-0.000920391,0.00135347,0
penetrazione,n = 8,8,Jain,Pearson Key,Similarity-Utilization,CER_2_6_0,CER_0_8_0,75,100,0.00135347,-0.00494616,0
penetrazione,n = 8,8,Jain,Pearson Key,Marginal Contribution,CER_4_4_0,CER_2_6_0,50,75,0.000317697,-0.00149714,0
penetrazione,n = 8,8,Jain,Pearson Key,Stratified Expected Value,CER_4_4_0,CER_2_6_0,50,75,0.000276915,-0.0007816,0
penetrazione,n = 8,8,Jain,Pearson Key,Adaptive Sampling Shapley,CER_4_4_0,CER_2_6_0,50,75,0.000145782,-0.00372071,0
penetrazione,n = 8,8,Jain,Pearson Key,Tri-level EP,CER_4_4_0,CER_2_6_0,50,75,7.48385e-06,-0.000243095,0
penetrazione,n = 8,8,Jain,Pearson Key,Tri-level EP,CER_2_6_0,CER_0_8_0,75,100,-0.000243095,0.000785437,0
penetrazione,n = 8,8,Jain,Pearson-Sharing Rate,Similarity-Utilization,CER_4_4_0,CER_2_6_0,50,75,-0.000913331,0.00141469,0
penetrazione,n = 8,8,Jain,Pearson-Sharing Rate,Similarity-Utilization,CER_2_6_0,CER_0_8_0,75,100,0.00141469,-0.00488228,0
penetrazione,n = 8,8,Jain,Pearson-Sharing Rate,Marginal Contribution,CER_4_4_0,CER_2_6_0,50,75,0.000324757,-0.00143592,0
penetrazione,n = 8,8,Jain,Pearson-Sharing Rate,Stratified Expected Value,CER_4_4_0,CER_2_6_0,50,75,0.000283975,-0.000720379,0
penetrazione,n = 8,8,Jain,Pearson-Sharing Rate,Adaptive Sampling Shapley,CER_4_4_0,CER_2_6_0,50,75,0.000152842,-0.00365949,0
penetrazione,n = 8,8,Jain,Pearson-Sharing Rate,Tri-level EP,CER_4_4_0,CER_2_6_0,50,75,1.45437e-05,-0.000181874,0
penetrazione,n = 8,8,Jain,Pearson-Sharing Rate,Tri-level EP,CER_2_6_0,CER_0_8_0,75,100,-0.000181874,0.000849316,0
penetrazione,n = 8,8,Jain,Similarity-Utilization,Marginal Contribution,CER_4_4_0,CER_2_6_0,50,75,0.00123809,-0.00285061,0
penetrazione,n = 8,8,Jain,Similarity-Utilization,Marginal Contribution,CER_2_6_0,CER_0_8_0,75,100,-0.00285061,0.00161588,0
penetrazione,n = 8,8,Jain,Similarity-Utilization,Stratified Expected Value,CER_4_4_0,CER_2_6_0,50,75,0.00119731,-0.00213507,0
penetrazione,n = 8,8,Jain,Similarity-Utilization,Stratified Expected Value,CER_2_6_0,CER_0_8_0,75,100,-0.00213507,0.000649704,0
penetrazione,n = 8,8,Jain,Similarity-Utilization,Adaptive Sampling Shapley,CER_4_4_0,CER_2_6_0,50,75,0.00106617,-0.00507417,0
penetrazione,n = 8,8,Jain,Similarity-Utilization,Tri-level EP,CER_4_4_0,CER_2_6_0,50,75,0.000927875,-0.00159656,0
penetrazione,n = 8,8,Jain,Similarity-Utilization,Tri-level EP,CER_2_6_0,CER_0_8_0,75,100,-0.00159656,0.00573159,0
penetrazione,n = 8,8,Jain,Marginal Contribution,Stratified Expected Value,CER_4_4_0,CER_2_6_0,50,75,-4.0782e-05,0.000715543,0
penetrazione,n = 8,8,Jain,Marginal Contribution,Stratified Expected Value,CER_2_6_0,CER_0_8_0,75,100,0.000715543,-0.000966177,0
penetrazione,n = 8,8,Jain,Marginal Contribution,Adaptive Sampling Shapley,CER_6_2_0,CER_4_4_0,25,50,0.000216578,-0.000171915,0
penetrazione,n = 8,8,Jain,Marginal Contribution,Tri-level EP,CER_4_4_0,CER_2_6_0,50,75,-0.000310213,0.00125405,0
penetrazione,n = 8,8,Jain,Stratified Expected Value,Adaptive Sampling Shapley,CER_6_2_0,CER_4_4_0,25,50,0.00114257,-0.000131133,0
penetrazione,n = 8,8,Jain,Stratified Expected Value,Tri-level EP,CER_4_4_0,CER_2_6_0,50,75,-0.000269431,0.000538505,0
penetrazione,n = 8,8,Jain,Adaptive Sampling Shapley,Tri-level EP,CER_4_4_0,CER_2_6_0,50,75,-0.000138298,0.00347761,0
penetrazione,n = 8,8,Gini,Variance Least Core,Proportional to Consumption,CER_4_4_0,CER_2_6_0,50,75,0.0687223,-0.0298894,0
penetrazione,n = 8,8,Gini,Variance Least Core,Cascading Tree,CER_6_2_0,CER_4_4_0,25,50,0.125286,-0.214096,0
penetrazione,n = 8,8,Gini,Variance Least Core,Weighted Solidarity,CER_6_2_0,CER_4_4_0,25,50,0.0331194,-0.19978,0
penetrazione,n = 8,8,Gini,Variance Least Core,Similarity-Utilization,CER_2_6_0,CER_0_8_0,75,100,0.088766,-0.0212656,0
penetrazione,n = 8,8,Gini,Variance Least Core,Marginal Contribution,CER_6_2_0,CER_4_4_0,25,50,0.0514219,-0.0243442,0
penetrazione,n = 8,8,Gini,Variance Least Core,Stratified Expected Value,CER_6_2_0,CER_4_4_0,25,50,-0.00105395,0.00164173,0
penetrazione,n = 8,8,Gini,Variance Least Core,Stratified Expected Value,CER_4_4_0,CER_2_6_0,50,75,0.00164173,-0.0131509,0
penetrazione,n = 8,8,Gini,Variance Least Core,Adaptive Sampling Shapley,CER_6_2_0,CER_4_4_0,25,50,0.129767,-0.161072,0
penetrazione,n = 8,8,Gini,Proportional to Consumption,Pearson Key,CER_6_2_0,CER_4_4_0,25,50,-0.00885589,0.0673399,0
penetrazione,n = 8,8,Gini,Proportional to Consumption,Pearson-Sharing Rate,CER_6_2_0,CER_4_4_0,25,50,-0.00862857,0.065727,0
penetrazione,n = 8,8,Gini,Proportional to Consumption,Similarity-Utilization,CER_6_2_0,CER_4_4_0,25,50,-0.0629961,0.0594616,0
penetrazione,n = 8,8,Gini,Proportional to Consumption,Marginal Contribution,CER_2_6_0,CER_0_8_0,75,100,-0.00307249,0.0260704,0
penetrazione,n = 8,8,Gini,Proportional to Consumption,Stratified Expected Value,CER_4_4_0,CER_2_6_0,50,75,-0.0670805,0.0167384,0
penetrazione,n = 8,8,Gini,Remuneration Model 1,Cascading Tree,CER_4_4_0,CER_2_6_0,50,75,0.0347565,-0.156408,0
penetrazione,n = 8,8,Gini,Remuneration Model 1,Weighted Solidarity,CER_4_4_0,CER_2_6_0,50,75,0.0490726,-0.0768921,0
penetrazione,n = 8,8,Gini,Remuneration Model 1,Weighted Solidarity,CER_2_6_0,CER_0_8_0,75,100,-0.0768921,0.116642,0
penetrazione,n = 8,8,Gini,Cascading Tree,Weighted Solidarity,CER_6_2_0,CER_4_4_0,25,50,-0.0921666,0.0143161,0
penetrazione,n = 8,8,Gini,Cascading Tree,Marginal Contribution,CER_6_2_0,CER_4_4_0,25,50,-0.0738641,0.189752,0
penetrazione,n = 8,8,Gini,Cascading Tree,Stratified Expected Value,CER_6_2_0,CER_4_4_0,25,50,-0.12634,0.215738,0
penetrazione,n = 8,8,Gini,Weighted Solidarity,Stratified Expected Value,CER_6_2_0,CER_4_4_0,25,50,-0.0341734,0.201422,0
penetrazione,n = 8,8,Gini,Pearson Key,Pearson-Sharing Rate,CER_6_2_0,CER_4_4_0,25,50,0.000227319,-0.00161296,0
penetrazione,n = 8,8,Gini,Pearson Key,Similarity-Utilization,CER_4_4_0,CER_2_6_0,50,75,-0.00787827,0.017823,0
penetrazione,n = 8,8,Gini,Pearson Key,Similarity-Utilization,CER_2_6_0,CER_0_8_0,75,100,0.017823,-0.0390884,0
penetrazione,n = 8,8,Gini,Pearson Key,Tri-level EP,CER_6_2_0,CER_4_4_0,25,50,0.0157097,-0.00332305,0
penetrazione,n = 8,8,Gini,Pearson Key,Tri-level EP,CER_2_6_0,CER_0_8_0,75,100,-0.00423145,0.00787745,0
penetrazione,n = 8,8,Gini,Pearson-Sharing Rate,Similarity-Utilization,CER_4_4_0,CER_2_6_0,50,75,-0.0062653,0.0200431,0
penetrazione,n = 8,8,Gini,Pearson-Sharing Rate,Similarity-Utilization,CER_2_6_0,CER_0_8_0,75,100,0.0200431,-0.0368718,0
penetrazione,n = 8,8,Gini,Pearson-Sharing Rate,Tri-level EP,CER_6_2_0,CER_4_4_0,25,50,0.0154824,-0.00171009,0
penetrazione,n = 8,8,Gini,Pearson-Sharing Rate,Tri-level EP,CER_2_6_0,CER_0_8_0,75,100,-0.00201138,0.010094,0
penetrazione,n = 8,8,Gini,Similarity-Utilization,Tri-level EP,CER_4_4_0,CER_2_6_0,50,75,0.00455522,-0.0220545,0
penetrazione,n = 8,8,Gini,Similarity-Utilization,Tri-level EP,CER_2_6_0,CER_0_8_0,75,100,-0.0220545,0.0469658,0
penetrazione,n = 8,8,Gini,Marginal Contribution,Stratified Expected Value,CER_6_2_0,CER_4_4_0,25,50,-0.0524758,0.0259859,0
penetrazione,n = 8,8,Gini,Marginal Contribution,Stratified Expected Value,CER_2_6_0,CER_0_8_0,75,100,0.0198109,-0.00594047,0
penetrazione,n = 8,8,Gini,Marginal Contribution,Adaptive Sampling Shapley,CER_6_2_0,CER_4_4_0,25,50,0.0783449,-0.136728,0
penetrazione,n = 8,8,Gini,Stratified Expected Value,Adaptive Sampling Shapley,CER_6_2_0,CER_4_4_0,25,50,0.130821,-0.162714,0
penetrazione,n = 8,8,FairnessIndex,Variance Least Core,Stratified Expected Value,CER_4_4_0,CER_2_6_0,50,75,0.00169294,-0.00403701,0
penetrazione,n = 8,8,FairnessIndex,Equal Split,Proportional to Consumption,CER_6_2_0,CER_4_4_0,25,50,0.204038,-0.190219,0
penetrazione,n = 8,8,FairnessIndex,Equal Split,Cascading Tree,CER_6_2_0,CER_4_4_0,25,50,-0.0722033,0.130336,0
penetrazione,n = 8,8,FairnessIndex,Equal Split,Cascading Tree,CER_2_6_0,CER_0_8_0,75,100,0.0363109,-0.0107136,0
penetrazione,n = 8,8,FairnessIndex,Equal Split,Weighted Solidarity,CER_2_6_0,CER_0_8_0,75,100,0.0794416,-0.120937,0
penetrazione,n = 8,8,FairnessIndex,Equal Split,Pearson Key,CER_6_2_0,CER_4_4_0,25,50,0.225086,-0.148345,0
penetrazione,n = 8,8,FairnessIndex,Equal Split,Pearson-Sharing Rate,CER_6_2_0,CER_4_4_0,25,50,0.224497,-0.150133,0
penetrazione,n = 8,8,FairnessIndex,Equal Split,Similarity-Utilization,CER_6_2_0,CER_4_4_0,25,50,0.244455,-0.13227,0
penetrazione,n = 8,8,FairnessIndex,Equal Split,Tri-level EP,CER_6_2_0,CER_4_4_0,25,50,0.223872,-0.154125,0
penetrazione,n = 8,8,FairnessIndex,Proportional to Consumption,Remuneration Model 1,CER_6_2_0,CER_4_4_0,25,50,-0.240961,0.111367,0
penetrazione,n = 8,8,FairnessIndex,Proportional to Consumption,Remuneration Model 1,CER_2_6_0,CER_0_8_0,75,100,0.234618,-0.0307408,0
penetrazione,n = 8,8,FairnessIndex,Proportional to Consumption,Cascading Tree,CER_6_2_0,CER_4_4_0,25,50,-0.276241,0.320555,0
penetrazione,n = 8,8,FairnessIndex,Proportional to Consumption,Weighted Solidarity,CER_6_2_0,CER_4_4_0,25,50,-0.185224,0.258806,0
penetrazione,n = 8,8,FairnessIndex,Proportional to Consumption,Weighted Solidarity,CER_2_6_0,CER_0_8_0,75,100,0.512883,-0.00206794,0
penetrazione,n = 8,8,FairnessIndex,Proportional to Consumption,Pearson Key,CER_2_6_0,CER_0_8_0,75,100,0.0151552,-0.056186,0
penetrazione,n = 8,8,FairnessIndex,Proportional to Consumption,Pearson-Sharing Rate,CER_2_6_0,CER_0_8_0,75,100,0.013505,-0.0575373,0
penetrazione,n = 8,8,FairnessIndex,Proportional to Consumption,Similarity-Utilization,CER_2_6_0,CER_0_8_0,75,100,0.0508549,-0.0970258,0
penetrazione,n = 8,8,FairnessIndex,Proportional to Consumption,Adaptive Sampling Shapley,CER_6_2_0,CER_4_4_0,25,50,-0.280172,0.0173559,0
penetrazione,n = 8,8,FairnessIndex,Proportional to Consumption,Adaptive Sampling Shapley,CER_2_6_0,CER_0_8_0,75,100,0.0024205,-0.148759,0
penetrazione,n = 8,8,FairnessIndex,Proportional to Consumption,Tri-level EP,CER_2_6_0,CER_0_8_0,75,100,0.0135015,-0.0531386,0
penetrazione,n = 8,8,FairnessIndex,Remuneration Model 1,Cascading Tree,CER_6_2_0,CER_4_4_0,25,50,-0.0352797,0.209188,0
penetrazione,n = 8,8,FairnessIndex,Remuneration Model 1,Pearson Key,CER_6_2_0,CER_4_4_0,25,50,0.262009,-0.0694933,0
penetrazione,n = 8,8,FairnessIndex,Remuneration Model 1,Pearson-Sharing Rate,CER_6_2_0,CER_4_4_0,25,50,0.261421,-0.0712805,0
penetrazione,n = 8,8,FairnessIndex,Remuneration Model 1,Similarity-Utilization,CER_6_2_0,CER_4_4_0,25,50,0.281379,-0.0534181,0
penetrazione,n = 8,8,FairnessIndex,Remuneration Model 1,Tri-level EP,CER_6_2_0,CER_4_4_0,25,50,0.260796,-0.0752727,0
penetrazione,n = 8,8,FairnessIndex,Cascading Tree,Weighted Solidarity,CER_6_2_0,CER_4_4_0,25,50,0.091017,-0.0617495,0
penetrazione,n = 8,8,FairnessIndex,Cascading Tree,Weighted Solidarity,CER_4_4_0,CER_2_6_0,50,75,-0.0617495,0.0431307,0
penetrazione,n = 8,8,FairnessIndex,Cascading Tree,Weighted Solidarity,CER_2_6_0,CER_0_8_0,75,100,0.0431307,-0.110224,0
penetrazione,n = 8,8,FairnessIndex,Cascading Tree,Pearson Key,CER_6_2_0,CER_4_4_0,25,50,0.297289,-0.278681,0
penetrazione,n = 8,8,FairnessIndex,Cascading Tree,Pearson-Sharing Rate,CER_6_2_0,CER_4_4_0,25,50,0.296701,-0.280468,0
penetrazione,n = 8,8,FairnessIndex,Cascading Tree,Similarity-Utilization,CER_6_2_0,CER_4_4_0,25,50,0.316658,-0.262606,0
penetrazione,n = 8,8,FairnessIndex,Cascading Tree,Tri-level EP,CER_6_2_0,CER_4_4_0,25,50,0.296076,-0.284461,0
penetrazione,n = 8,8,FairnessIndex,Weighted Solidarity,Pearson Key,CER_6_2_0,CER_4_4_0,25,50,0.206272,-0.216932,0
penetrazione,n = 8,8,FairnessIndex,Weighted Solidarity,Pearson-Sharing Rate,CER_6_2_0,CER_4_4_0,25,50,0.205684,-0.218719,0
penetrazione,n = 8,8,FairnessIndex,Weighted Solidarity,Similarity-Utilization,CER_6_2_0,CER_4_4_0,25,50,0.225641,-0.200857,0
penetrazione,n = 8,8,FairnessIndex,Weighted Solidarity,Tri-level EP,CER_6_2_0,CER_4_4_0,25,50,0.205059,-0.222711,0
penetrazione,n = 8,8,FairnessIndex,Pearson Key,Similarity-Utilization,CER_2_6_0,CER_0_8_0,75,100,0.0356997,-0.0408398,0
penetrazione,n = 8,8,FairnessIndex,Pearson Key,Tri-level EP,CER_2_6_0,CER_0_8_0,75,100,-0.00165373,0.00304738,0
penetrazione,n = 8,8,FairnessIndex,Pearson-Sharing Rate,Similarity-Utilization,CER_2_6_0,CER_0_8_0,75,100,0.0373499,-0.0394886,0
penetrazione,n = 8,8,FairnessIndex,Pearson-Sharing Rate,Tri-level EP,CER_2_6_0,CER_0_8_0,75,100,-3.54363e-06,0.00439865,0
penetrazione,n = 8,8,FairnessIndex,Similarity-Utilization,Tri-level EP,CER_2_6_0,CER_0_8_0,75,100,-0.0373534,0.0438872,0
penetrazione,n = 8,8,Sigma,Variance Least Core,Stratified Expected Value,CER_6_2_0,CER_4_4_0,25,50,-0.000746364,0.000138401,0
penetrazione,n = 8,8,Sigma,Variance Least Core,Stratified Expected Value,CER_4_4_0,CER_2_6_0,50,75,0.000138401,-0.000741518,0
penetrazione,n = 8,8,Sigma,Equal Split,Proportional to Consumption,CER_6_2_0,CER_4_4_0,25,50,0.0641931,-0.0479859,0
penetrazione,n = 8,8,Sigma,Equal Split,Cascading Tree,CER_6_2_0,CER_4_4_0,25,50,-0.0133576,0.032342,0
penetrazione,n = 8,8,Sigma,Equal Split,Cascading Tree,CER_2_6_0,CER_0_8_0,75,100,0.010565,-0.0107809,0
penetrazione,n = 8,8,Sigma,Equal Split,Weighted Solidarity,CER_2_6_0,CER_0_8_0,75,100,0.023981,-0.0560985,0
penetrazione,n = 8,8,Sigma,Equal Split,Pearson Key,CER_6_2_0,CER_4_4_0,25,50,0.068608,-0.0378596,0
penetrazione,n = 8,8,Sigma,Equal Split,Pearson-Sharing Rate,CER_6_2_0,CER_4_4_0,25,50,0.0684675,-0.0382019,0
penetrazione,n = 8,8,Sigma,Equal Split,Similarity-Utilization,CER_6_2_0,CER_4_4_0,25,50,0.073213,-0.0259186,0
penetrazione,n = 8,8,Sigma,Equal Split,Tri-level EP,CER_6_2_0,CER_4_4_0,25,50,0.0690013,-0.0388485,0
penetrazione,n = 8,8,Sigma,Proportional to Consumption,Remuneration Model 1,CER_6_2_0,CER_4_4_0,25,50,-0.069862,0.0250475,0
penetrazione,n = 8,8,Sigma,Proportional to Consumption,Cascading Tree,CER_6_2_0,CER_4_4_0,25,50,-0.0775507,0.0803279,0
penetrazione,n = 8,8,Sigma,Proportional to Consumption,Weighted Solidarity,CER_6_2_0,CER_4_4_0,25,50,-0.0567711,0.0711021,0
penetrazione,n = 8,8,Sigma,Proportional to Consumption,Pearson Key,CER_2_6_0,CER_0_8_0,75,100,0.00519964,-0.00351124,0
penetrazione,n = 8,8,Sigma,Proportional to Consumption,Pearson-Sharing Rate,CER_2_6_0,CER_0_8_0,75,100,0.00459428,-0.00384271,0
penetrazione,n = 8,8,Sigma,Proportional to Consumption,Similarity-Utilization,CER_2_6_0,CER_0_8_0,75,100,0.0165281,-0.0203224,0
penetrazione,n = 8,8,Sigma,Proportional to Consumption,Adaptive Sampling Shapley,CER_6_2_0,CER_4_4_0,25,50,-0.0801359,0.000926084,0
penetrazione,n = 8,8,Sigma,Proportional to Consumption,Adaptive Sampling Shapley,CER_2_6_0,CER_0_8_0,75,100,0.00101693,-0.0305286,0
penetrazione,n = 8,8,Sigma,Proportional to Consumption,Tri-level EP,CER_2_6_0,CER_0_8_0,75,100,0.00359144,-0.00118496,0
penetrazione,n = 8,8,Sigma,Remuneration Model 1,Cascading Tree,CER_6_2_0,CER_4_4_0,25,50,-0.00768871,0.0552804,0
penetrazione,n = 8,8,Sigma,Remuneration Model 1,Weighted Solidarity,CER_2_6_0,CER_0_8_0,75,100,0.0842334,-0.00132928,0
penetrazione,n = 8,8,Sigma,Remuneration Model 1,Pearson Key,CER_6_2_0,CER_4_4_0,25,50,0.0742769,-0.0149212,0
penetrazione,n = 8,8,Sigma,Remuneration Model 1,Pearson-Sharing Rate,CER_6_2_0,CER_4_4_0,25,50,0.0741365,-0.0152636,0
penetrazione,n = 8,8,Sigma,Remuneration Model 1,Similarity-Utilization,CER_6_2_0,CER_4_4_0,25,50,0.078882,-0.00298025,0
penetrazione,n = 8,8,Sigma,Remuneration Model 1,Tri-level EP,CER_6_2_0,CER_4_4_0,25,50,0.0746702,-0.0159101,0
penetrazione,n = 8,8,Sigma,Cascading Tree,Weighted Solidarity,CER_6_2_0,CER_4_4_0,25,50,0.0207796,-0.00922581,0
penetrazione,n = 8,8,Sigma,Cascading Tree,Weighted Solidarity,CER_4_4_0,CER_2_6_0,50,75,-0.00922581,0.0134159,0
penetrazione,n = 8,8,Sigma,Cascading Tree,Weighted Solidarity,CER_2_6_0,CER_0_8_0,75,100,0.0134159,-0.0453175,0
penetrazione,n = 8,8,Sigma,Cascading Tree,Pearson Key,CER_6_2_0,CER_4_4_0,25,50,0.0819656,-0.0702016,0
penetrazione,n = 8,8,Sigma,Cascading Tree,Pearson-Sharing Rate,CER_6_2_0,CER_4_4_0,25,50,0.0818252,-0.070544,0
penetrazione,n = 8,8,Sigma,Cascading Tree,Similarity-Utilization,CER_6_2_0,CER_4_4_0,25,50,0.0865707,-0.0582607,0
penetrazione,n = 8,8,Sigma,Cascading Tree,Tri-level EP,CER_6_2_0,CER_4_4_0,25,50,0.0823589,-0.0711905,0
penetrazione,n = 8,8,Sigma,Weighted Solidarity,Pearson Key,CER_6_2_0,CER_4_4_0,25,50,0.061186,-0.0609758,0
penetrazione,n = 8,8,Sigma,Weighted Solidarity,Pearson-Sharing Rate,CER_6_2_0,CER_4_4_0,25,50,0.0610456,-0.0613182,0
penetrazione,n = 8,8,Sigma,Weighted Solidarity,Similarity-Utilization,CER_6_2_0,CER_4_4_0,25,50,0.0657911,-0.0490348,0
penetrazione,n = 8,8,Sigma,Weighted Solidarity,Tri-level EP,CER_6_2_0,CER_4_4_0,25,50,0.0615793,-0.0619647,0
penetrazione,n = 8,8,Sigma,Pearson Key,Similarity-Utilization,CER_2_6_0,CER_0_8_0,75,100,0.0113284,-0.0168112,0
penetrazione,n = 8,8,Sigma,Pearson Key,Tri-level EP,CER_6_2_0,CER_4_4_0,25,50,0.000393339,-0.000988889,0
penetrazione,n = 8,8,Sigma,Pearson Key,Tri-level EP,CER_2_6_0,CER_0_8_0,75,100,-0.0016082,0.00232628,0
penetrazione,n = 8,8,Sigma,Pearson-Sharing Rate,Similarity-Utilization,CER_2_6_0,CER_0_8_0,75,100,0.0119338,-0.0164797,0
penetrazione,n = 8,8,Sigma,Pearson-Sharing Rate,Tri-level EP,CER_6_2_0,CER_4_4_0,25,50,0.000533766,-0.00064652,0
penetrazione,n = 8,8,Sigma,Pearson-Sharing Rate,Tri-level EP,CER_2_6_0,CER_0_8_0,75,100,-0.00100284,0.00265776,0
penetrazione,n = 8,8,Sigma,Similarity-Utilization,Tri-level EP,CER_2_6_0,CER_0_8_0,75,100,-0.0129366,0.0191374,0
penetrazione,n = 8,8,EccessoMax_EUR,Equal Split,Proportional to Consumption,CER_6_2_0,CER_4_4_0,25,50,15.9261,-46.2215,0
penetrazione,n = 8,8,EccessoMax_EUR,Equal Split,Cascading Tree,CER_6_2_0,CER_4_4_0,25,50,-5.3438,33.2258,0
penetrazione,n = 8,8,EccessoMax_EUR,Equal Split,Cascading Tree,CER_2_6_0,CER_0_8_0,75,100,7.31005,-0.0915943,0
penetrazione,n = 8,8,EccessoMax_EUR,Equal Split,Weighted Solidarity,CER_2_6_0,CER_0_8_0,75,100,12.0973,-3.67855,0
penetrazione,n = 8,8,EccessoMax_EUR,Equal Split,Pearson Key,CER_6_2_0,CER_4_4_0,25,50,22.3103,-47.4533,0
penetrazione,n = 8,8,EccessoMax_EUR,Equal Split,Pearson-Sharing Rate,CER_6_2_0,CER_4_4_0,25,50,21.5036,-47.9848,0
penetrazione,n = 8,8,EccessoMax_EUR,Equal Split,Similarity-Utilization,CER_6_2_0,CER_4_4_0,25,50,73.5684,-22.622,0
penetrazione,n = 8,8,EccessoMax_EUR,Equal Split,Tri-level EP,CER_6_2_0,CER_4_4_0,25,50,17.776,-48.9692,0
penetrazione,n = 8,8,EccessoMax_EUR,Proportional to Consumption,Remuneration Model 1,CER_6_2_0,CER_4_4_0,25,50,-37.521,25.5829,0
penetrazione,n = 8,8,EccessoMax_EUR,Proportional to Consumption,Remuneration Model 1,CER_2_6_0,CER_0_8_0,75,100,28.0544,-1.97232,0
penetrazione,n = 8,8,EccessoMax_EUR,Proportional to Consumption,Cascading Tree,CER_6_2_0,CER_4_4_0,25,50,-21.2699,79.4473,0
penetrazione,n = 8,8,EccessoMax_EUR,Proportional to Consumption,Weighted Solidarity,CER_2_6_0,CER_0_8_0,75,100,86.496,-0.236057,0
penetrazione,n = 8,8,EccessoMax_EUR,Proportional to Consumption,Pearson Key,CER_6_2_0,CER_4_4_0,25,50,6.38422,-1.23173,0
penetrazione,n = 8,8,EccessoMax_EUR,Proportional to Consumption,Pearson-Sharing Rate,CER_6_2_0,CER_4_4_0,25,50,5.57749,-1.76327,0
penetrazione,n = 8,8,EccessoMax_EUR,Proportional to Consumption,Similarity-Utilization,CER_4_4_0,CER_2_6_0,50,75,23.5995,-1.77516,0
penetrazione,n = 8,8,EccessoMax_EUR,Proportional to Consumption,Adaptive Sampling Shapley,CER_6_2_0,CER_4_4_0,25,50,-26.3765,5.045,0
penetrazione,n = 8,8,EccessoMax_EUR,Proportional to Consumption,Adaptive Sampling Shapley,CER_4_4_0,CER_2_6_0,50,75,5.045,-10.6022,0
penetrazione,n = 8,8,EccessoMax_EUR,Proportional to Consumption,Tri-level EP,CER_6_2_0,CER_4_4_0,25,50,1.84987,-2.74762,0
penetrazione,n = 8,8,EccessoMax_EUR,Remuneration Model 1,Pearson Key,CER_6_2_0,CER_4_4_0,25,50,43.9052,-26.8147,0
penetrazione,n = 8,8,EccessoMax_EUR,Remuneration Model 1,Pearson-Sharing Rate,CER_6_2_0,CER_4_4_0,25,50,43.0984,-27.3462,0
penetrazione,n = 8,8,EccessoMax_EUR,Remuneration Model 1,Similarity-Utilization,CER_6_2_0,CER_4_4_0,25,50,95.1633,-1.98344,0
penetrazione,n = 8,8,EccessoMax_EUR,Remuneration Model 1,Marginal Contribution,CER_6_2_0,CER_4_4_0,25,50,5.35895,-44.131,0
penetrazione,n = 8,8,EccessoMax_EUR,Remuneration Model 1,Adaptive Sampling Shapley,CER_6_2_0,CER_4_4_0,25,50,11.1445,-20.5379,0
penetrazione,n = 8,8,EccessoMax_EUR,Remuneration Model 1,Tri-level EP,CER_6_2_0,CER_4_4_0,25,50,39.3708,-28.3306,0
penetrazione,n = 8,8,EccessoMax_EUR,Cascading Tree,Weighted Solidarity,CER_6_2_0,CER_4_4_0,25,50,40.9483,-10.2087,0
penetrazione,n = 8,8,EccessoMax_EUR,Cascading Tree,Weighted Solidarity,CER_4_4_0,CER_2_6_0,50,75,-10.2087,4.7873,0
penetrazione,n = 8,8,EccessoMax_EUR,Cascading Tree,Weighted Solidarity,CER_2_6_0,CER_0_8_0,75,100,4.7873,-3.58696,0
penetrazione,n = 8,8,EccessoMax_EUR,Cascading Tree,Pearson Key,CER_6_2_0,CER_4_4_0,25,50,27.6541,-80.679,0
penetrazione,n = 8,8,EccessoMax_EUR,Cascading Tree,Pearson-Sharing Rate,CER_6_2_0,CER_4_4_0,25,50,26.8474,-81.2106,0
penetrazione,n = 8,8,EccessoMax_EUR,Cascading Tree,Similarity-Utilization,CER_6_2_0,CER_4_4_0,25,50,78.9122,-55.8478,0
penetrazione,n = 8,8,EccessoMax_EUR,Cascading Tree,Tri-level EP,CER_6_2_0,CER_4_4_0,25,50,23.1198,-82.1949,0
penetrazione,n = 8,8,EccessoMax_EUR,Weighted Solidarity,Similarity-Utilization,CER_6_2_0,CER_4_4_0,25,50,37.9639,-45.6391,0
penetrazione,n = 8,8,EccessoMax_EUR,Pearson Key,Similarity-Utilization,CER_2_6_0,CER_0_8_0,75,100,11.079,-0.844435,0
penetrazione,n = 8,8,EccessoMax_EUR,Pearson Key,Adaptive Sampling Shapley,CER_6_2_0,CER_4_4_0,25,50,-32.7607,6.27673,0
penetrazione,n = 8,8,EccessoMax_EUR,Pearson Key,Adaptive Sampling Shapley,CER_2_6_0,CER_0_8_0,75,100,2.25189,-2.16277,0
penetrazione,n = 8,8,EccessoMax_EUR,Pearson Key,Tri-level EP,CER_2_6_0,CER_0_8_0,75,100,-2.22852,0.250253,0
penetrazione,n = 8,8,EccessoMax_EUR,Pearson-Sharing Rate,Similarity-Utilization,CER_2_6_0,CER_0_8_0,75,100,11.6936,-0.783888,0
penetrazione,n = 8,8,EccessoMax_EUR,Pearson-Sharing Rate,Adaptive Sampling Shapley,CER_6_2_0,CER_4_4_0,25,50,-31.954,6.80828,0
penetrazione,n = 8,8,EccessoMax_EUR,Pearson-Sharing Rate,Adaptive Sampling Shapley,CER_2_6_0,CER_0_8_0,75,100,2.8665,-2.10222,0
penetrazione,n = 8,8,EccessoMax_EUR,Pearson-Sharing Rate,Tri-level EP,CER_2_6_0,CER_0_8_0,75,100,-1.61391,0.3108,0
penetrazione,n = 8,8,EccessoMax_EUR,Similarity-Utilization,Tri-level EP,CER_2_6_0,CER_0_8_0,75,100,-13.3075,1.09469,0
penetrazione,n = 8,8,EccessoMax_EUR,Adaptive Sampling Shapley,Tri-level EP,CER_6_2_0,CER_4_4_0,25,50,28.2263,-7.79262,0
penetrazione,n = 8,8,EccessoMax_EUR,Adaptive Sampling Shapley,Tri-level EP,CER_2_6_0,CER_0_8_0,75,100,-4.48041,2.41302,0
penetrazione,n = 8,8,CoalizioniInstabili,Equal Split,Proportional to Consumption,CER_6_2_0,CER_4_4_0,25,50,57,-21,0
penetrazione,n = 8,8,CoalizioniInstabili,Equal Split,Cascading Tree,CER_6_2_0,CER_4_4_0,25,50,-11,5,0
penetrazione,n = 8,8,CoalizioniInstabili,Equal Split,Cascading Tree,CER_4_4_0,CER_2_6_0,50,75,5,-7,0
penetrazione,n = 8,8,CoalizioniInstabili,Equal Split,Weighted Solidarity,CER_4_4_0,CER_2_6_0,50,75,5,-2,0
penetrazione,n = 8,8,CoalizioniInstabili,Equal Split,Pearson Key,CER_6_2_0,CER_2_6_0,25,75,62,-40,1
penetrazione,n = 8,8,CoalizioniInstabili,Equal Split,Pearson-Sharing Rate,CER_6_2_0,CER_2_6_0,25,75,62,-42,1
penetrazione,n = 8,8,CoalizioniInstabili,Equal Split,Similarity-Utilization,CER_4_4_0,CER_2_6_0,50,75,3,-31,0
penetrazione,n = 8,8,CoalizioniInstabili,Equal Split,Tri-level EP,CER_6_2_0,CER_4_4_0,25,50,61,-3,0
penetrazione,n = 8,8,CoalizioniInstabili,Proportional to Consumption,Remuneration Model 1,CER_6_2_0,CER_2_6_0,25,75,-92,37,1
penetrazione,n = 8,8,CoalizioniInstabili,Proportional to Consumption,Cascading Tree,CER_6_2_0,CER_4_4_0,25,50,-68,26,0
penetrazione,n = 8,8,CoalizioniInstabili,Proportional to Consumption,Weighted Solidarity,CER_6_2_0,CER_4_4_0,25,50,-50,26,0
penetrazione,n = 8,8,CoalizioniInstabili,Proportional to Consumption,Similarity-Utilization,CER_6_2_0,CER_4_4_0,25,50,-13,24,0
penetrazione,n = 8,8,CoalizioniInstabili,Proportional to Consumption,Similarity-Utilization,CER_2_6_0,CER_0_8_0,75,100,13,-23,0
penetrazione,n = 8,8,CoalizioniInstabili,Proportional to Consumption,Tri-level EP,CER_4_4_0,CER_2_6_0,50,75,18,-1,0
penetrazione,n = 8,8,CoalizioniInstabili,Proportional to Consumption,Tri-level EP,CER_2_6_0,CER_0_8_0,75,100,-1,8,0
penetrazione,n = 8,8,CoalizioniInstabili,Remuneration Model 1,Weighted Solidarity,CER_2_6_0,CER_0_8_0,75,100,5,-11,0
penetrazione,n = 8,8,CoalizioniInstabili,Remuneration Model 1,Pearson Key,CER_4_4_0,CER_2_6_0,50,75,21,-33,0
penetrazione,n = 8,8,CoalizioniInstabili,Remuneration Model 1,Pearson-Sharing Rate,CER_4_4_0,CER_2_6_0,50,75,21,-35,0
penetrazione,n = 8,8,CoalizioniInstabili,Remuneration Model 1,Similarity-Utilization,CER_4_4_0,CER_2_6_0,50,75,24,-24,0
penetrazione,n = 8,8,CoalizioniInstabili,Remuneration Model 1,Adaptive Sampling Shapley,CER_6_2_0,CER_4_4_0,25,50,17,-12,0
penetrazione,n = 8,8,CoalizioniInstabili,Remuneration Model 1,Tri-level EP,CER_4_4_0,CER_2_6_0,50,75,18,-38,0
penetrazione,n = 8,8,CoalizioniInstabili,Cascading Tree,Weighted Solidarity,CER_2_6_0,CER_0_8_0,75,100,5,-42,0
penetrazione,n = 8,8,CoalizioniInstabili,Cascading Tree,Pearson Key,CER_6_2_0,CER_4_4_0,25,50,73,-5,0
penetrazione,n = 8,8,CoalizioniInstabili,Cascading Tree,Pearson-Sharing Rate,CER_6_2_0,CER_4_4_0,25,50,73,-5,0
penetrazione,n = 8,8,CoalizioniInstabili,Cascading Tree,Similarity-Utilization,CER_6_2_0,CER_4_4_0,25,50,55,-2,0
penetrazione,n = 8,8,CoalizioniInstabili,Cascading Tree,Tri-level EP,CER_6_2_0,CER_4_4_0,25,50,72,-8,0
penetrazione,n = 8,8,CoalizioniInstabili,Weighted Solidarity,Pearson Key,CER_6_2_0,CER_4_4_0,25,50,55,-5,0
penetrazione,n = 8,8,CoalizioniInstabili,Weighted Solidarity,Pearson-Sharing Rate,CER_6_2_0,CER_4_4_0,25,50,55,-5,0
penetrazione,n = 8,8,CoalizioniInstabili,Weighted Solidarity,Similarity-Utilization,CER_6_2_0,CER_4_4_0,25,50,37,-2,0
penetrazione,n = 8,8,CoalizioniInstabili,Weighted Solidarity,Tri-level EP,CER_6_2_0,CER_4_4_0,25,50,54,-8,0
penetrazione,n = 8,8,CoalizioniInstabili,Pearson Key,Similarity-Utilization,CER_6_2_0,CER_4_4_0,25,50,-18,3,0
penetrazione,n = 8,8,CoalizioniInstabili,Pearson Key,Similarity-Utilization,CER_2_6_0,CER_0_8_0,75,100,9,-25,0
penetrazione,n = 8,8,CoalizioniInstabili,Pearson Key,Tri-level EP,CER_2_6_0,CER_0_8_0,75,100,-5,6,0
penetrazione,n = 8,8,CoalizioniInstabili,Pearson-Sharing Rate,Similarity-Utilization,CER_6_2_0,CER_4_4_0,25,50,-18,3,0
penetrazione,n = 8,8,CoalizioniInstabili,Pearson-Sharing Rate,Similarity-Utilization,CER_2_6_0,CER_0_8_0,75,100,11,-24,0
penetrazione,n = 8,8,CoalizioniInstabili,Pearson-Sharing Rate,Tri-level EP,CER_2_6_0,CER_0_8_0,75,100,-3,7,0
penetrazione,n = 8,8,CoalizioniInstabili,Similarity-Utilization,Tri-level EP,CER_6_2_0,CER_4_4_0,25,50,17,-6,0
penetrazione,n = 8,8,CoalizioniInstabili,Similarity-Utilization,Tri-level EP,CER_2_6_0,CER_0_8_0,75,100,-14,31,0
penetrazione,n = 8,8,ForzaIncentivante,Variance Least Core,Equal Split,CER_6_2_0,CER_4_4_0,25,50,-0.319319,0.682635,0
penetrazione,n = 8,8,ForzaIncentivante,Variance Least Core,Proportional to Consumption,CER_4_4_0,CER_2_6_0,50,75,-0.102028,0.0928204,0
penetrazione,n = 8,8,ForzaIncentivante,Variance Least Core,Remuneration Model 1,CER_6_2_0,CER_4_4_0,25,50,-0.303891,0.52811,0
penetrazione,n = 8,8,ForzaIncentivante,Variance Least Core,Weighted Solidarity,CER_6_2_0,CER_4_4_0,25,50,-0.19794,0.767124,0
penetrazione,n = 8,8,ForzaIncentivante,Variance Least Core,Similarity-Utilization,CER_2_6_0,CER_0_8_0,75,100,-0.164508,0.0178202,0
penetrazione,n = 8,8,ForzaIncentivante,Variance Least Core,Stratified Expected Value,CER_4_4_0,CER_2_6_0,50,75,-0.00334709,0.00745077,0
penetrazione,n = 8,8,ForzaIncentivante,Equal Split,Remuneration Model 1,CER_6_2_0,CER_4_4_0,25,50,0.0154282,-0.154524,0
penetrazione,n = 8,8,ForzaIncentivante,Equal Split,Cascading Tree,CER_2_6_0,CER_0_8_0,75,100,0.0510849,-0.0879943,0
penetrazione,n = 8,8,ForzaIncentivante,Equal Split,Weighted Solidarity,CER_2_6_0,CER_0_8_0,75,100,0.113737,-0.424351,0
penetrazione,n = 8,8,ForzaIncentivante,Equal Split,Marginal Contribution,CER_6_2_0,CER_4_4_0,25,50,0.510654,-0.624605,0
penetrazione,n = 8,8,ForzaIncentivante,Equal Split,Stratified Expected Value,CER_6_2_0,CER_4_4_0,25,50,0.313178,-0.685982,0
penetrazione,n = 8,8,ForzaIncentivante,Equal Split,Adaptive Sampling Shapley,CER_6_2_0,CER_4_4_0,25,50,0.864638,-0.347441,0
penetrazione,n = 8,8,ForzaIncentivante,Proportional to Consumption,Marginal Contribution,CER_4_4_0,CER_2_6_0,50,75,0.160057,-0.0463216,0
penetrazione,n = 8,8,ForzaIncentivante,Proportional to Consumption,Stratified Expected Value,CER_4_4_0,CER_2_6_0,50,75,0.0986806,-0.0853697,0
penetrazione,n = 8,8,ForzaIncentivante,Remuneration Model 1,Weighted Solidarity,CER_2_6_0,CER_0_8_0,75,100,0.411491,-0.0338943,0
penetrazione,n = 8,8,ForzaIncentivante,Remuneration Model 1,Marginal Contribution,CER_6_2_0,CER_4_4_0,25,50,0.495226,-0.470081,0
penetrazione,n = 8,8,ForzaIncentivante,Remuneration Model 1,Stratified Expected Value,CER_6_2_0,CER_4_4_0,25,50,0.29775,-0.531457,0
penetrazione,n = 8,8,ForzaIncentivante,Remuneration Model 1,Adaptive Sampling Shapley,CER_6_2_0,CER_4_4_0,25,50,0.84921,-0.192917,0
penetrazione,n = 8,8,ForzaIncentivante,Cascading Tree,Weighted Solidarity,CER_4_4_0,CER_2_6_0,50,75,-0.183462,0.062652,0
penetrazione,n = 8,8,ForzaIncentivante,Cascading Tree,Weighted Solidarity,CER_2_6_0,CER_0_8_0,75,100,0.062652,-0.336356,0
penetrazione,n = 8,8,ForzaIncentivante,Weighted Solidarity,Marginal Contribution,CER_6_2_0,CER_4_4_0,25,50,0.389275,-0.709095,0
penetrazione,n = 8,8,ForzaIncentivante,Weighted Solidarity,Stratified Expected Value,CER_6_2_0,CER_4_4_0,25,50,0.191799,-0.770471,0
penetrazione,n = 8,8,ForzaIncentivante,Weighted Solidarity,Adaptive Sampling Shapley,CER_6_2_0,CER_4_4_0,25,50,0.743259,-0.431931,0
penetrazione,n = 8,8,ForzaIncentivante,Pearson Key,Similarity-Utilization,CER_2_6_0,CER_0_8_0,75,100,-0.0607626,0.16219,0
penetrazione,n = 8,8,ForzaIncentivante,Pearson Key,Tri-level EP,CER_2_6_0,CER_0_8_0,75,100,0.0123589,-0.0233506,0
penetrazione,n = 8,8,ForzaIncentivante,Pearson-Sharing Rate,Similarity-Utilization,CER_2_6_0,CER_0_8_0,75,100,-0.0643519,0.158876,0
penetrazione,n = 8,8,ForzaIncentivante,Pearson-Sharing Rate,Tri-level EP,CER_2_6_0,CER_0_8_0,75,100,0.00876963,-0.0266648,0
penetrazione,n = 8,8,ForzaIncentivante,Similarity-Utilization,Tri-level EP,CER_2_6_0,CER_0_8_0,75,100,0.0731215,-0.185541,0
penetrazione,n = 8,8,ForzaIncentivante,Marginal Contribution,Stratified Expected Value,CER_2_6_0,CER_0_8_0,75,100,-0.0390481,0.0317606,0
penetrazione,n = 8,8,AllineamentoVirtu,Variance Least Core,Equal Split,CER_6_2_0,CER_4_4_0,25,50,-0.76523,0.954941,0
penetrazione,n = 8,8,AllineamentoVirtu,Variance Least Core,Proportional to Consumption,CER_6_2_0,CER_4_4_0,25,50,-1.54045,0.012164,0
penetrazione,n = 8,8,AllineamentoVirtu,Variance Least Core,Remuneration Model 1,CER_6_2_0,CER_4_4_0,25,50,-0.727574,0.232412,0
penetrazione,n = 8,8,AllineamentoVirtu,Variance Least Core,Weighted Solidarity,CER_6_2_0,CER_4_4_0,25,50,-0.536201,1.22874,0
penetrazione,n = 8,8,AllineamentoVirtu,Variance Least Core,Pearson Key,CER_4_4_0,CER_2_6_0,50,75,-0.0149236,0.000995845,0
penetrazione,n = 8,8,AllineamentoVirtu,Variance Least Core,Pearson Key,CER_2_6_0,CER_0_8_0,75,100,0.000995845,-0.00839522,0
penetrazione,n = 8,8,AllineamentoVirtu,Variance Least Core,Pearson-Sharing Rate,CER_4_4_0,CER_2_6_0,50,75,-0.0147135,0.0011027,0
penetrazione,n = 8,8,AllineamentoVirtu,Variance Least Core,Pearson-Sharing Rate,CER_2_6_0,CER_0_8_0,75,100,0.0011027,-0.00788617,0
penetrazione,n = 8,8,AllineamentoVirtu,Variance Least Core,Marginal Contribution,CER_2_6_0,CER_0_8_0,75,100,9.23015e-05,-0.000251139,0
penetrazione,n = 8,8,AllineamentoVirtu,Variance Least Core,Stratified Expected Value,CER_2_6_0,CER_0_8_0,75,100,-0.000824891,0.00207547,0
penetrazione,n = 8,8,AllineamentoVirtu,Variance Least Core,Adaptive Sampling Shapley,CER_4_4_0,CER_2_6_0,50,75,0.0494196,-8.3671e-05,0
penetrazione,n = 8,8,AllineamentoVirtu,Variance Least Core,Tri-level EP,CER_4_4_0,CER_2_6_0,50,75,-0.00927435,0.00214369,0
penetrazione,n = 8,8,AllineamentoVirtu,Variance Least Core,Tri-level EP,CER_2_6_0,CER_0_8_0,75,100,0.00214369,-0.00835833,0
penetrazione,n = 8,8,AllineamentoVirtu,Equal Split,Remuneration Model 1,CER_6_2_0,CER_4_4_0,25,50,0.0376565,-0.722529,0
penetrazione,n = 8,8,AllineamentoVirtu,Equal Split,Cascading Tree,CER_2_6_0,CER_0_8_0,75,100,0.623307,-0.732818,0
penetrazione,n = 8,8,AllineamentoVirtu,Equal Split,Weighted Solidarity,CER_2_6_0,CER_0_8_0,75,100,0.612227,-0.775093,0
penetrazione,n = 8,8,AllineamentoVirtu,Equal Split,Marginal Contribution,CER_6_2_0,CER_4_4_0,25,50,0.864075,-0.946712,0
penetrazione,n = 8,8,AllineamentoVirtu,Equal Split,Stratified Expected Value,CER_6_2_0,CER_4_4_0,25,50,0.753508,-0.957233,0
penetrazione,n = 8,8,AllineamentoVirtu,Equal Split,Adaptive Sampling Shapley,CER_6_2_0,CER_4_4_0,25,50,0.980489,-0.905522,0
penetrazione,n = 8,8,AllineamentoVirtu,Proportional to Consumption,Remuneration Model 1,CER_4_4_0,CER_2_6_0,50,75,0.220248,-0.00112152,0
penetrazione,n = 8,8,AllineamentoVirtu,Proportional to Consumption,Marginal Contribution,CER_6_2_0,CER_4_4_0,25,50,1.63929,-0.0039351,0
penetrazione,n = 8,8,AllineamentoVirtu,Proportional to Consumption,Stratified Expected Value,CER_6_2_0,CER_4_4_0,25,50,1.52873,-0.0144557,0
penetrazione,n = 8,8,AllineamentoVirtu,Proportional to Consumption,Adaptive Sampling Shapley,CER_4_4_0,CER_2_6_0,50,75,0.0372556,-0.0151539,0
penetrazione,n = 8,8,AllineamentoVirtu,Remuneration Model 1,Marginal Contribution,CER_6_2_0,CER_4_4_0,25,50,0.826419,-0.224183,0
penetrazione,n = 8,8,AllineamentoVirtu,Remuneration Model 1,Stratified Expected Value,CER_6_2_0,CER_4_4_0,25,50,0.715851,-0.234703,0
penetrazione,n = 8,8,AllineamentoVirtu,Remuneration Model 1,Adaptive Sampling Shapley,CER_6_2_0,CER_4_4_0,25,50,0.942832,-0.182992,0
penetrazione,n = 8,8,AllineamentoVirtu,Weighted Solidarity,Marginal Contribution,CER_6_2_0,CER_4_4_0,25,50,0.635046,-1.22051,0
penetrazione,n = 8,8,AllineamentoVirtu,Weighted Solidarity,Stratified Expected Value,CER_6_2_0,CER_4_4_0,25,50,0.524479,-1.23103,0
penetrazione,n = 8,8,AllineamentoVirtu,Weighted Solidarity,Adaptive Sampling Shapley,CER_6_2_0,CER_4_4_0,25,50,0.75146,-1.17932,0
penetrazione,n = 8,8,AllineamentoVirtu,Pearson Key,Marginal Contribution,CER_4_4_0,CER_2_6_0,50,75,0.0231525,-0.000903544,0
penetrazione,n = 8,8,AllineamentoVirtu,Pearson Key,Marginal Contribution,CER_2_6_0,CER_0_8_0,75,100,-0.000903544,0.00814409,0
penetrazione,n = 8,8,AllineamentoVirtu,Pearson Key,Stratified Expected Value,CER_4_4_0,CER_2_6_0,50,75,0.0126318,-0.00182074,0
penetrazione,n = 8,8,AllineamentoVirtu,Pearson Key,Stratified Expected Value,CER_2_6_0,CER_0_8_0,75,100,-0.00182074,0.0104707,0
penetrazione,n = 8,8,AllineamentoVirtu,Pearson Key,Adaptive Sampling Shapley,CER_4_4_0,CER_2_6_0,50,75,0.0643432,-0.00107952,0
penetrazione,n = 8,8,AllineamentoVirtu,Pearson Key,Adaptive Sampling Shapley,CER_2_6_0,CER_0_8_0,75,100,-0.00107952,0.00750797,0
penetrazione,n = 8,8,AllineamentoVirtu,Pearson-Sharing Rate,Marginal Contribution,CER_4_4_0,CER_2_6_0,50,75,0.0229424,-0.0010104,0
penetrazione,n = 8,8,AllineamentoVirtu,Pearson-Sharing Rate,Marginal Contribution,CER_2_6_0,CER_0_8_0,75,100,-0.0010104,0.00763503,0
penetrazione,n = 8,8,AllineamentoVirtu,Pearson-Sharing Rate,Stratified Expected Value,CER_4_4_0,CER_2_6_0,50,75,0.0124217,-0.00192759,0
penetrazione,n = 8,8,AllineamentoVirtu,Pearson-Sharing Rate,Stratified Expected Value,CER_2_6_0,CER_0_8_0,75,100,-0.00192759,0.00996164,0
penetrazione,n = 8,8,AllineamentoVirtu,Pearson-Sharing Rate,Adaptive Sampling Shapley,CER_4_4_0,CER_2_6_0,50,75,0.0641331,-0.00118637,0
penetrazione,n = 8,8,AllineamentoVirtu,Pearson-Sharing Rate,Adaptive Sampling Shapley,CER_2_6_0,CER_0_8_0,75,100,-0.00118637,0.00699892,0
penetrazione,n = 8,8,AllineamentoVirtu,Pearson-Sharing Rate,Tri-level EP,CER_2_6_0,CER_0_8_0,75,100,0.001041,-0.000472154,0
penetrazione,n = 8,8,AllineamentoVirtu,Marginal Contribution,Stratified Expected Value,CER_2_6_0,CER_0_8_0,75,100,-0.000917192,0.00232661,0
penetrazione,n = 8,8,AllineamentoVirtu,Marginal Contribution,Adaptive Sampling Shapley,CER_4_4_0,CER_2_6_0,50,75,0.0411907,-0.000175973,0
penetrazione,n = 8,8,AllineamentoVirtu,Marginal Contribution,Tri-level EP,CER_4_4_0,CER_2_6_0,50,75,-0.0175033,0.00205139,0
penetrazione,n = 8,8,AllineamentoVirtu,Marginal Contribution,Tri-level EP,CER_2_6_0,CER_0_8_0,75,100,0.00205139,-0.00810719,0
penetrazione,n = 8,8,AllineamentoVirtu,Stratified Expected Value,Adaptive Sampling Shapley,CER_2_6_0,CER_0_8_0,75,100,0.00074122,-0.00296273,0
penetrazione,n = 8,8,AllineamentoVirtu,Stratified Expected Value,Tri-level EP,CER_4_4_0,CER_2_6_0,50,75,-0.00698262,0.00296858,0
penetrazione,n = 8,8,AllineamentoVirtu,Stratified Expected Value,Tri-level EP,CER_2_6_0,CER_0_8_0,75,100,0.00296858,-0.0104338,0
penetrazione,n = 8,8,AllineamentoVirtu,Adaptive Sampling Shapley,Tri-level EP,CER_4_4_0,CER_2_6_0,50,75,-0.058694,0.00222736,0
penetrazione,n = 8,8,AllineamentoVirtu,Adaptive Sampling Shapley,Tri-level EP,CER_2_6_0,CER_0_8_0,75,100,0.00222736,-0.00747107,0
penetrazione,n = 8,8,ForzaIncentivante_lordo,Variance Least Core,Equal Split,CER_6_2_0,CER_4_4_0,25,50,-4.163,8.73646,0
penetrazione,n = 8,8,ForzaIncentivante_lordo,Variance Least Core,Equal Split,CER_2_6_0,CER_0_8_0,75,100,5.93631,-12.2866,0
penetrazione,n = 8,8,ForzaIncentivante_lordo,Variance Least Core,Proportional to Consumption,CER_6_2_0,CER_4_4_0,25,50,-1.22239,1.17785,0
penetrazione,n = 8,8,ForzaIncentivante_lordo,Variance Least Core,Proportional to Consumption,CER_2_6_0,CER_0_8_0,75,100,2.83508,-0.686103,0
penetrazione,n = 8,8,ForzaIncentivante_lordo,Variance Least Core,Remuneration Model 1,CER_6_2_0,CER_4_4_0,25,50,-0.0897195,6.19326,0
penetrazione,n = 8,8,ForzaIncentivante_lordo,Variance Least Core,Remuneration Model 1,CER_2_6_0,CER_0_8_0,75,100,3.51913,-7.36782,0
penetrazione,n = 8,8,ForzaIncentivante_lordo,Variance Least Core,Cascading Tree,CER_2_6_0,CER_0_8_0,75,100,7.1764,-10.7549,0
penetrazione,n = 8,8,ForzaIncentivante_lordo,Variance Least Core,Weighted Solidarity,CER_6_2_0,CER_4_4_0,25,50,-4.18611,10.4123,0
penetrazione,n = 8,8,ForzaIncentivante_lordo,Variance Least Core,Weighted Solidarity,CER_2_6_0,CER_0_8_0,75,100,9.23004,-9.65053,0
penetrazione,n = 8,8,ForzaIncentivante_lordo,Variance Least Core,Pearson Key,CER_2_6_0,CER_0_8_0,75,100,-0.275965,3.54065,0
penetrazione,n = 8,8,ForzaIncentivante_lordo,Variance Least Core,Pearson-Sharing Rate,CER_2_6_0,CER_0_8_0,75,100,-0.229316,3.43868,0
penetrazione,n = 8,8,ForzaIncentivante_lordo,Variance Least Core,Similarity-Utilization,CER_2_6_0,CER_0_8_0,75,100,-2.52426,1.48983,0
penetrazione,n = 8,8,ForzaIncentivante_lordo,Variance Least Core,Marginal Contribution,CER_2_6_0,CER_0_8_0,75,100,0.307596,-1.56733,0
penetrazione,n = 8,8,ForzaIncentivante_lordo,Variance Least Core,Adaptive Sampling Shapley,CER_2_6_0,CER_0_8_0,75,100,0.796191,-3.50085,0
penetrazione,n = 8,8,ForzaIncentivante_lordo,Variance Least Core,Tri-level EP,CER_4_4_0,CER_2_6_0,50,75,-1.70928,0.152945,0
penetrazione,n = 8,8,ForzaIncentivante_lordo,Equal Split,Proportional to Consumption,CER_6_2_0,CER_4_4_0,25,50,2.94061,-7.55861,0
penetrazione,n = 8,8,ForzaIncentivante_lordo,Equal Split,Proportional to Consumption,CER_2_6_0,CER_0_8_0,75,100,-3.10124,11.6005,0
penetrazione,n = 8,8,ForzaIncentivante_lordo,Equal Split,Remuneration Model 1,CER_6_2_0,CER_4_4_0,25,50,4.07328,-2.5432,0
penetrazione,n = 8,8,ForzaIncentivante_lordo,Equal Split,Remuneration Model 1,CER_2_6_0,CER_0_8_0,75,100,-2.41718,4.91875,0
penetrazione,n = 8,8,ForzaIncentivante_lordo,Equal Split,Weighted Solidarity,CER_6_2_0,CER_4_4_0,25,50,-0.0231154,1.67581,0
penetrazione,n = 8,8,ForzaIncentivante_lordo,Equal Split,Pearson Key,CER_6_2_0,CER_4_4_0,25,50,1.22632,-10.9113,0
penetrazione,n = 8,8,ForzaIncentivante_lordo,Equal Split,Pearson Key,CER_2_6_0,CER_0_8_0,75,100,-6.21228,15.8272,0
penetrazione,n = 8,8,ForzaIncentivante_lordo,Equal Split,Pearson-Sharing Rate,CER_6_2_0,CER_4_4_0,25,50,1.29229,-10.8459,0
penetrazione,n = 8,8,ForzaIncentivante_lordo,Equal Split,Pearson-Sharing Rate,CER_2_6_0,CER_0_8_0,75,100,-6.16563,15.7253,0
penetrazione,n = 8,8,ForzaIncentivante_lordo,Equal Split,Similarity-Utilization,CER_2_6_0,CER_0_8_0,75,100,-8.46058,13.7764,0
penetrazione,n = 8,8,ForzaIncentivante_lordo,Equal Split,Marginal Contribution,CER_6_2_0,CER_4_4_0,25,50,5.02568,-8.19551,0
penetrazione,n = 8,8,ForzaIncentivante_lordo,Equal Split,Marginal Contribution,CER_2_6_0,CER_0_8_0,75,100,-5.62872,10.7192,0
penetrazione,n = 8,8,ForzaIncentivante_lordo,Equal Split,Stratified Expected Value,CER_6_2_0,CER_4_4_0,25,50,4.0371,-8.93929,0
penetrazione,n = 8,8,ForzaIncentivante_lordo,Equal Split,Stratified Expected Value,CER_2_6_0,CER_0_8_0,75,100,-6.42228,10.2088,0
penetrazione,n = 8,8,ForzaIncentivante_lordo,Equal Split,Adaptive Sampling Shapley,CER_6_2_0,CER_4_4_0,25,50,5.72065,-4.78187,0
penetrazione,n = 8,8,ForzaIncentivante_lordo,Equal Split,Adaptive Sampling Shapley,CER_2_6_0,CER_0_8_0,75,100,-5.14012,8.78572,0
penetrazione,n = 8,8,ForzaIncentivante_lordo,Equal Split,Tri-level EP,CER_6_2_0,CER_4_4_0,25,50,2.04523,-10.4457,0
penetrazione,n = 8,8,ForzaIncentivante_lordo,Equal Split,Tri-level EP,CER_2_6_0,CER_0_8_0,75,100,-5.78337,16.09,0
penetrazione,n = 8,8,ForzaIncentivante_lordo,Proportional to Consumption,Remuneration Model 1,CER_2_6_0,CER_0_8_0,75,100,0.684051,-6.68171,0
penetrazione,n = 8,8,ForzaIncentivante_lordo,Proportional to Consumption,Cascading Tree,CER_2_6_0,CER_0_8_0,75,100,4.34133,-10.0688,0
penetrazione,n = 8,8,ForzaIncentivante_lordo,Proportional to Consumption,Weighted Solidarity,CER_6_2_0,CER_4_4_0,25,50,-2.96373,9.23442,0
penetrazione,n = 8,8,ForzaIncentivante_lordo,Proportional to Consumption,Weighted Solidarity,CER_2_6_0,CER_0_8_0,75,100,6.39497,-8.96443,0
penetrazione,n = 8,8,ForzaIncentivante_lordo,Proportional to Consumption,Pearson Key,CER_2_6_0,CER_0_8_0,75,100,-3.11104,4.22675,0
penetrazione,n = 8,8,ForzaIncentivante_lordo,Proportional to Consumption,Pearson-Sharing Rate,CER_2_6_0,CER_0_8_0,75,100,-3.06439,4.12479,0
penetrazione,n = 8,8,ForzaIncentivante_lordo,Proportional to Consumption,Similarity-Utilization,CER_2_6_0,CER_0_8_0,75,100,-5.35934,2.17593,0
penetrazione,n = 8,8,ForzaIncentivante_lordo,Proportional to Consumption,Marginal Contribution,CER_6_2_0,CER_4_4_0,25,50,2.08507,-0.636892,0
penetrazione,n = 8,8,ForzaIncentivante_lordo,Proportional to Consumption,Stratified Expected Value,CER_6_2_0,CER_4_4_0,25,50,1.09649,-1.38067,0
penetrazione,n = 8,8,ForzaIncentivante_lordo,Proportional to Consumption,Adaptive Sampling Shapley,CER_4_4_0,CER_2_6_0,50,75,2.77674,-2.03889,0
penetrazione,n = 8,8,ForzaIncentivante_lordo,Proportional to Consumption,Tri-level EP,CER_2_6_0,CER_0_8_0,75,100,-2.68213,4.48954,0
penetrazione,n = 8,8,ForzaIncentivante_lordo,Remuneration Model 1,Cascading Tree,CER_2_6_0,CER_0_8_0,75,100,3.65728,-3.3871,0
penetrazione,n = 8,8,ForzaIncentivante_lordo,Remuneration Model 1,Weighted Solidarity,CER_6_2_0,CER_4_4_0,25,50,-4.09639,4.21901,0
penetrazione,n = 8,8,ForzaIncentivante_lordo,Remuneration Model 1,Weighted Solidarity,CER_2_6_0,CER_0_8_0,75,100,5.71091,-2.28271,0
penetrazione,n = 8,8,ForzaIncentivante_lordo,Remuneration Model 1,Pearson Key,CER_2_6_0,CER_0_8_0,75,100,-3.79509,10.9085,0
penetrazione,n = 8,8,ForzaIncentivante_lordo,Remuneration Model 1,Pearson-Sharing Rate,CER_2_6_0,CER_0_8_0,75,100,-3.74845,10.8065,0
penetrazione,n = 8,8,ForzaIncentivante_lordo,Remuneration Model 1,Similarity-Utilization,CER_2_6_0,CER_0_8_0,75,100,-6.04339,8.85764,0
penetrazione,n = 8,8,ForzaIncentivante_lordo,Remuneration Model 1,Marginal Contribution,CER_6_2_0,CER_4_4_0,25,50,0.952402,-5.65231,0
penetrazione,n = 8,8,ForzaIncentivante_lordo,Remuneration Model 1,Marginal Contribution,CER_2_6_0,CER_0_8_0,75,100,-3.21153,5.80049,0
penetrazione,n = 8,8,ForzaIncentivante_lordo,Remuneration Model 1,Stratified Expected Value,CER_2_6_0,CER_0_8_0,75,100,-4.00509,5.29004,0
penetrazione,n = 8,8,ForzaIncentivante_lordo,Remuneration Model 1,Adaptive Sampling Shapley,CER_6_2_0,CER_4_4_0,25,50,1.64737,-2.23867,0
penetrazione,n = 8,8,ForzaIncentivante_lordo,Remuneration Model 1,Adaptive Sampling Shapley,CER_2_6_0,CER_0_8_0,75,100,-2.72294,3.86697,0
penetrazione,n = 8,8,ForzaIncentivante_lordo,Remuneration Model 1,Tri-level EP,CER_2_6_0,CER_0_8_0,75,100,-3.36618,11.1713,0
penetrazione,n = 8,8,ForzaIncentivante_lordo,Cascading Tree,Weighted Solidarity,CER_4_4_0,CER_2_6_0,50,75,-1.78967,2.05364,0
penetrazione,n = 8,8,ForzaIncentivante_lordo,Cascading Tree,Pearson Key,CER_2_6_0,CER_0_8_0,75,100,-7.45237,14.2956,0
penetrazione,n = 8,8,ForzaIncentivante_lordo,Cascading Tree,Pearson-Sharing Rate,CER_2_6_0,CER_0_8_0,75,100,-7.40572,14.1936,0
penetrazione,n = 8,8,ForzaIncentivante_lordo,Cascading Tree,Similarity-Utilization,CER_2_6_0,CER_0_8_0,75,100,-9.70067,12.2447,0
penetrazione,n = 8,8,ForzaIncentivante_lordo,Cascading Tree,Marginal Contribution,CER_6_2_0,CER_4_4_0,25,50,0.358691,-11.661,0
penetrazione,n = 8,8,ForzaIncentivante_lordo,Cascading Tree,Marginal Contribution,CER_2_6_0,CER_0_8_0,75,100,-6.86881,9.18758,0
penetrazione,n = 8,8,ForzaIncentivante_lordo,Cascading Tree,Stratified Expected Value,CER_2_6_0,CER_0_8_0,75,100,-7.66237,8.67714,0
penetrazione,n = 8,8,ForzaIncentivante_lordo,Cascading Tree,Adaptive Sampling Shapley,CER_6_2_0,CER_4_4_0,25,50,1.05366,-8.24735,0
penetrazione,n = 8,8,ForzaIncentivante_lordo,Cascading Tree,Adaptive Sampling Shapley,CER_2_6_0,CER_0_8_0,75,100,-6.38021,7.25407,0
penetrazione,n = 8,8,ForzaIncentivante_lordo,Cascading Tree,Tri-level EP,CER_2_6_0,CER_0_8_0,75,100,-7.02346,14.5584,0
penetrazione,n = 8,8,ForzaIncentivante_lordo,Weighted Solidarity,Pearson Key,CER_6_2_0,CER_4_4_0,25,50,1.24944,-12.5871,0
penetrazione,n = 8,8,ForzaIncentivante_lordo,Weighted Solidarity,Pearson Key,CER_2_6_0,CER_0_8_0,75,100,-9.50601,13.1912,0
penetrazione,n = 8,8,ForzaIncentivante_lordo,Weighted Solidarity,Pearson-Sharing Rate,CER_6_2_0,CER_4_4_0,25,50,1.31541,-12.5217,0
penetrazione,n = 8,8,ForzaIncentivante_lordo,Weighted Solidarity,Pearson-Sharing Rate,CER_2_6_0,CER_0_8_0,75,100,-9.45936,13.0892,0
penetrazione,n = 8,8,ForzaIncentivante_lordo,Weighted Solidarity,Similarity-Utilization,CER_2_6_0,CER_0_8_0,75,100,-11.7543,11.1404,0
penetrazione,n = 8,8,ForzaIncentivante_lordo,Weighted Solidarity,Marginal Contribution,CER_6_2_0,CER_4_4_0,25,50,5.04879,-9.87131,0
penetrazione,n = 8,8,ForzaIncentivante_lordo,Weighted Solidarity,Marginal Contribution,CER_2_6_0,CER_0_8_0,75,100,-8.92245,8.0832,0
penetrazione,n = 8,8,ForzaIncentivante_lordo,Weighted Solidarity,Stratified Expected Value,CER_6_2_0,CER_4_4_0,25,50,4.06022,-10.6151,0
penetrazione,n = 8,8,ForzaIncentivante_lordo,Weighted Solidarity,Stratified Expected Value,CER_2_6_0,CER_0_8_0,75,100,-9.71601,7.57275,0
penetrazione,n = 8,8,ForzaIncentivante_lordo,Weighted Solidarity,Adaptive Sampling Shapley,CER_6_2_0,CER_4_4_0,25,50,5.74376,-6.45768,0
penetrazione,n = 8,8,ForzaIncentivante_lordo,Weighted Solidarity,Adaptive Sampling Shapley,CER_2_6_0,CER_0_8_0,75,100,-8.43385,6.14968,0
penetrazione,n = 8,8,ForzaIncentivante_lordo,Weighted Solidarity,Tri-level EP,CER_6_2_0,CER_4_4_0,25,50,2.06835,-12.1215,0
penetrazione,n = 8,8,ForzaIncentivante_lordo,Weighted Solidarity,Tri-level EP,CER_2_6_0,CER_0_8_0,75,100,-9.0771,13.454,0
penetrazione,n = 8,8,ForzaIncentivante_lordo,Pearson Key,Pearson-Sharing Rate,CER_2_6_0,CER_0_8_0,75,100,0.0466498,-0.101965,0
penetrazione,n = 8,8,ForzaIncentivante_lordo,Pearson Key,Marginal Contribution,CER_2_6_0,CER_0_8_0,75,100,0.583561,-5.10798,0
penetrazione,n = 8,8,ForzaIncentivante_lordo,Pearson Key,Stratified Expected Value,CER_4_4_0,CER_2_6_0,50,75,1.97197,-0.209999,0
penetrazione,n = 8,8,ForzaIncentivante_lordo,Pearson Key,Adaptive Sampling Shapley,CER_2_6_0,CER_0_8_0,75,100,1.07216,-7.04149,0
penetrazione,n = 8,8,ForzaIncentivante_lordo,Pearson-Sharing Rate,Marginal Contribution,CER_2_6_0,CER_0_8_0,75,100,0.536911,-5.00601,0
penetrazione,n = 8,8,ForzaIncentivante_lordo,Pearson-Sharing Rate,Stratified Expected Value,CER_4_4_0,CER_2_6_0,50,75,1.90665,-0.256649,0
penetrazione,n = 8,8,ForzaIncentivante_lordo,Pearson-Sharing Rate,Adaptive Sampling Shapley,CER_2_6_0,CER_0_8_0,75,100,1.02551,-6.93953,0
penetrazione,n = 8,8,ForzaIncentivante_lordo,Similarity-Utilization,Marginal Contribution,CER_2_6_0,CER_0_8_0,75,100,2.83186,-3.05716,0
penetrazione,n = 8,8,ForzaIncentivante_lordo,Similarity-Utilization,Stratified Expected Value,CER_2_6_0,CER_0_8_0,75,100,2.0383,-3.5676,0
penetrazione,n = 8,8,ForzaIncentivante_lordo,Similarity-Utilization,Adaptive Sampling Shapley,CER_2_6_0,CER_0_8_0,75,100,3.32046,-4.99067,0
penetrazione,n = 8,8,ForzaIncentivante_lordo,Marginal Contribution,Adaptive Sampling Shapley,CER_2_6_0,CER_0_8_0,75,100,0.488596,-1.93351,0
penetrazione,n = 8,8,ForzaIncentivante_lordo,Marginal Contribution,Tri-level EP,CER_2_6_0,CER_0_8_0,75,100,-0.15465,5.37077,0
penetrazione,n = 8,8,ForzaIncentivante_lordo,Stratified Expected Value,Adaptive Sampling Shapley,CER_2_6_0,CER_0_8_0,75,100,1.28216,-1.42307,0
penetrazione,n = 8,8,ForzaIncentivante_lordo,Stratified Expected Value,Tri-level EP,CER_4_4_0,CER_2_6_0,50,75,-1.50645,0.63891,0
penetrazione,n = 8,8,ForzaIncentivante_lordo,Adaptive Sampling Shapley,Tri-level EP,CER_2_6_0,CER_0_8_0,75,100,-0.643246,7.30428,0
penetrazione,n = 8,8,AllineamentoVirtu_lordo,Variance Least Core,Equal Split,CER_6_2_0,CER_4_4_0,25,50,-0.884996,0.614357,0
penetrazione,n = 8,8,AllineamentoVirtu_lordo,Variance Least Core,Equal Split,CER_2_6_0,CER_0_8_0,75,100,0.21032,-0.623243,0
penetrazione,n = 8,8,AllineamentoVirtu_lordo,Variance Least Core,Proportional to Consumption,CER_6_2_0,CER_4_4_0,25,50,-0.646511,0.157831,0
penetrazione,n = 8,8,AllineamentoVirtu_lordo,Variance Least Core,Remuneration Model 1,CER_6_2_0,CER_4_4_0,25,50,-0.00305931,0.0165836,0
penetrazione,n = 8,8,AllineamentoVirtu_lordo,Variance Least Core,Remuneration Model 1,CER_4_4_0,CER_2_6_0,50,75,0.0165836,-0.0266249,0
penetrazione,n = 8,8,AllineamentoVirtu_lordo,Variance Least Core,Remuneration Model 1,CER_2_6_0,CER_0_8_0,75,100,-0.0266249,0.0152729,0
penetrazione,n = 8,8,AllineamentoVirtu_lordo,Variance Least Core,Cascading Tree,CER_6_2_0,CER_4_4_0,25,50,-0.419276,1.23222,0
penetrazione,n = 8,8,AllineamentoVirtu_lordo,Variance Least Core,Weighted Solidarity,CER_6_2_0,CER_4_4_0,25,50,-0.888865,0.887344,0
penetrazione,n = 8,8,AllineamentoVirtu_lordo,Variance Least Core,Weighted Solidarity,CER_2_6_0,CER_0_8_0,75,100,0.736064,-0.369043,0
penetrazione,n = 8,8,AllineamentoVirtu_lordo,Variance Least Core,Pearson Key,CER_6_2_0,CER_4_4_0,25,50,-0.785581,0.0590198,0
penetrazione,n = 8,8,AllineamentoVirtu_lordo,Variance Least Core,Pearson-Sharing Rate,CER_6_2_0,CER_4_4_0,25,50,-0.780256,0.0603988,0
penetrazione,n = 8,8,AllineamentoVirtu_lordo,Variance Least Core,Similarity-Utilization,CER_2_6_0,CER_0_8_0,75,100,-0.0405632,0.0987639,0
penetrazione,n = 8,8,AllineamentoVirtu_lordo,Variance Least Core,Marginal Contribution,CER_2_6_0,CER_0_8_0,75,100,-0.000835364,0.000808043,0
penetrazione,n = 8,8,AllineamentoVirtu_lordo,Variance Least Core,Adaptive Sampling Shapley,CER_2_6_0,CER_0_8_0,75,100,-0.0234959,0.00638147,0
penetrazione,n = 8,8,AllineamentoVirtu_lordo,Variance Least Core,Tri-level EP,CER_6_2_0,CER_4_4_0,25,50,-0.723692,0.0756051,0
penetrazione,n = 8,8,AllineamentoVirtu_lordo,Equal Split,Proportional to Consumption,CER_6_2_0,CER_4_4_0,25,50,0.238485,-0.456526,0
penetrazione,n = 8,8,AllineamentoVirtu_lordo,Equal Split,Proportional to Consumption,CER_2_6_0,CER_0_8_0,75,100,-0.121741,0.772359,0
penetrazione,n = 8,8,AllineamentoVirtu_lordo,Equal Split,Remuneration Model 1,CER_6_2_0,CER_4_4_0,25,50,0.881937,-0.597773,0
penetrazione,n = 8,8,AllineamentoVirtu_lordo,Equal Split,Remuneration Model 1,CER_2_6_0,CER_0_8_0,75,100,-0.236945,0.638516,0
penetrazione,n = 8,8,AllineamentoVirtu_lordo,Equal Split,Weighted Solidarity,CER_6_2_0,CER_4_4_0,25,50,-0.00386917,0.272987,0
penetrazione,n = 8,8,AllineamentoVirtu_lordo,Equal Split,Pearson Key,CER_6_2_0,CER_4_4_0,25,50,0.0994151,-0.555337,0
penetrazione,n = 8,8,AllineamentoVirtu_lordo,Equal Split,Pearson Key,CER_2_6_0,CER_0_8_0,75,100,-0.195591,0.709149,0
penetrazione,n = 8,8,AllineamentoVirtu_lordo,Equal Split,Pearson-Sharing Rate,CER_6_2_0,CER_4_4_0,25,50,0.10474,-0.553958,0
penetrazione,n = 8,8,AllineamentoVirtu_lordo,Equal Split,Pearson-Sharing Rate,CER_2_6_0,CER_0_8_0,75,100,-0.194846,0.70623,0
penetrazione,n = 8,8,AllineamentoVirtu_lordo,Equal Split,Similarity-Utilization,CER_2_6_0,CER_0_8_0,75,100,-0.250883,0.722007,0
penetrazione,n = 8,8,AllineamentoVirtu_lordo,Equal Split,Marginal Contribution,CER_6_2_0,CER_4_4_0,25,50,0.754376,-0.624432,0
penetrazione,n = 8,8,AllineamentoVirtu_lordo,Equal Split,Marginal Contribution,CER_2_6_0,CER_0_8_0,75,100,-0.211155,0.624051,0
penetrazione,n = 8,8,AllineamentoVirtu_lordo,Equal Split,Stratified Expected Value,CER_6_2_0,CER_4_4_0,25,50,0.861657,-0.627054,0
penetrazione,n = 8,8,AllineamentoVirtu_lordo,Equal Split,Stratified Expected Value,CER_2_6_0,CER_0_8_0,75,100,-0.229774,0.614937,0
penetrazione,n = 8,8,AllineamentoVirtu_lordo,Equal Split,Adaptive Sampling Shapley,CER_6_2_0,CER_4_4_0,25,50,0.575469,-0.626488,0
penetrazione,n = 8,8,AllineamentoVirtu_lordo,Equal Split,Adaptive Sampling Shapley,CER_2_6_0,CER_0_8_0,75,100,-0.233816,0.629624,0
penetrazione,n = 8,8,AllineamentoVirtu_lordo,Equal Split,Tri-level EP,CER_6_2_0,CER_4_4_0,25,50,0.161304,-0.538752,0
penetrazione,n = 8,8,AllineamentoVirtu_lordo,Equal Split,Tri-level EP,CER_2_6_0,CER_0_8_0,75,100,-0.184302,0.706697,0
penetrazione,n = 8,8,AllineamentoVirtu_lordo,Proportional to Consumption,Remuneration Model 1,CER_6_2_0,CER_4_4_0,25,50,0.643452,-0.141247,0
penetrazione,n = 8,8,AllineamentoVirtu_lordo,Proportional to Consumption,Cascading Tree,CER_2_6_0,CER_0_8_0,75,100,0.570422,-0.0989218,0
penetrazione,n = 8,8,AllineamentoVirtu_lordo,Proportional to Consumption,Weighted Solidarity,CER_6_2_0,CER_4_4_0,25,50,-0.242354,0.729513,0
penetrazione,n = 8,8,AllineamentoVirtu_lordo,Proportional to Consumption,Weighted Solidarity,CER_2_6_0,CER_0_8_0,75,100,0.647485,-0.518159,0
penetrazione,n = 8,8,AllineamentoVirtu_lordo,Proportional to Consumption,Marginal Contribution,CER_6_2_0,CER_4_4_0,25,50,0.515891,-0.167906,0
penetrazione,n = 8,8,AllineamentoVirtu_lordo,Proportional to Consumption,Stratified Expected Value,CER_6_2_0,CER_4_4_0,25,50,0.623172,-0.170528,0
penetrazione,n = 8,8,AllineamentoVirtu_lordo,Proportional to Consumption,Adaptive Sampling Shapley,CER_6_2_0,CER_4_4_0,25,50,0.336984,-0.169962,0
penetrazione,n = 8,8,AllineamentoVirtu_lordo,Remuneration Model 1,Cascading Tree,CER_6_2_0,CER_4_4_0,25,50,-0.416217,1.21563,0
penetrazione,n = 8,8,AllineamentoVirtu_lordo,Remuneration Model 1,Weighted Solidarity,CER_6_2_0,CER_4_4_0,25,50,-0.885806,0.87076,0
penetrazione,n = 8,8,AllineamentoVirtu_lordo,Remuneration Model 1,Weighted Solidarity,CER_2_6_0,CER_0_8_0,75,100,0.762689,-0.384316,0
penetrazione,n = 8,8,AllineamentoVirtu_lordo,Remuneration Model 1,Pearson Key,CER_6_2_0,CER_4_4_0,25,50,-0.782522,0.0424362,0
penetrazione,n = 8,8,AllineamentoVirtu_lordo,Remuneration Model 1,Pearson-Sharing Rate,CER_6_2_0,CER_4_4_0,25,50,-0.777197,0.0438152,0
penetrazione,n = 8,8,AllineamentoVirtu_lordo,Remuneration Model 1,Similarity-Utilization,CER_2_6_0,CER_0_8_0,75,100,-0.0139383,0.083491,0
penetrazione,n = 8,8,AllineamentoVirtu_lordo,Remuneration Model 1,Marginal Contribution,CER_4_4_0,CER_2_6_0,50,75,-0.0266585,0.0257895,0
penetrazione,n = 8,8,AllineamentoVirtu_lordo,Remuneration Model 1,Marginal Contribution,CER_2_6_0,CER_0_8_0,75,100,0.0257895,-0.0144649,0
penetrazione,n = 8,8,AllineamentoVirtu_lordo,Remuneration Model 1,Stratified Expected Value,CER_4_4_0,CER_2_6_0,50,75,-0.0292808,0.00717036,0
penetrazione,n = 8,8,AllineamentoVirtu_lordo,Remuneration Model 1,Stratified Expected Value,CER_2_6_0,CER_0_8_0,75,100,0.00717036,-0.0235782,0
penetrazione,n = 8,8,AllineamentoVirtu_lordo,Remuneration Model 1,Adaptive Sampling Shapley,CER_4_4_0,CER_2_6_0,50,75,-0.0287144,0.003129,0
penetrazione,n = 8,8,AllineamentoVirtu_lordo,Remuneration Model 1,Adaptive Sampling Shapley,CER_2_6_0,CER_0_8_0,75,100,0.003129,-0.00889143,0
penetrazione,n = 8,8,AllineamentoVirtu_lordo,Remuneration Model 1,Tri-level EP,CER_6_2_0,CER_4_4_0,25,50,-0.720633,0.0590215,0
penetrazione,n = 8,8,AllineamentoVirtu_lordo,Cascading Tree,Weighted Solidarity,CER_4_4_0,CER_2_6_0,50,75,-0.344873,0.0770627,0
penetrazione,n = 8,8,AllineamentoVirtu_lordo,Cascading Tree,Weighted Solidarity,CER_2_6_0,CER_0_8_0,75,100,0.0770627,-0.419237,0
penetrazione,n = 8,8,AllineamentoVirtu_lordo,Cascading Tree,Pearson Key,CER_2_6_0,CER_0_8_0,75,100,-0.644272,0.0357118,0
penetrazione,n = 8,8,AllineamentoVirtu_lordo,Cascading Tree,Pearson-Sharing Rate,CER_2_6_0,CER_0_8_0,75,100,-0.643527,0.0327935,0
penetrazione,n = 8,8,AllineamentoVirtu_lordo,Cascading Tree,Similarity-Utilization,CER_2_6_0,CER_0_8_0,75,100,-0.699564,0.0485697,0
penetrazione,n = 8,8,AllineamentoVirtu_lordo,Cascading Tree,Marginal Contribution,CER_6_2_0,CER_4_4_0,25,50,0.288656,-1.24229,0
penetrazione,n = 8,8,AllineamentoVirtu_lordo,Cascading Tree,Stratified Expected Value,CER_6_2_0,CER_4_4_0,25,50,0.395937,-1.24491,0
penetrazione,n = 8,8,AllineamentoVirtu_lordo,Cascading Tree,Adaptive Sampling Shapley,CER_6_2_0,CER_4_4_0,25,50,0.109749,-1.24435,0
penetrazione,n = 8,8,AllineamentoVirtu_lordo,Cascading Tree,Tri-level EP,CER_2_6_0,CER_0_8_0,75,100,-0.632983,0.0332602,0
penetrazione,n = 8,8,AllineamentoVirtu_lordo,Weighted Solidarity,Pearson Key,CER_6_2_0,CER_4_4_0,25,50,0.103284,-0.828324,0
penetrazione,n = 8,8,AllineamentoVirtu_lordo,Weighted Solidarity,Pearson Key,CER_2_6_0,CER_0_8_0,75,100,-0.721335,0.454949,0
penetrazione,n = 8,8,AllineamentoVirtu_lordo,Weighted Solidarity,Pearson-Sharing Rate,CER_6_2_0,CER_4_4_0,25,50,0.108609,-0.826945,0
penetrazione,n = 8,8,AllineamentoVirtu_lordo,Weighted Solidarity,Pearson-Sharing Rate,CER_2_6_0,CER_0_8_0,75,100,-0.72059,0.452031,0
penetrazione,n = 8,8,AllineamentoVirtu_lordo,Weighted Solidarity,Similarity-Utilization,CER_2_6_0,CER_0_8_0,75,100,-0.776627,0.467807,0
penetrazione,n = 8,8,AllineamentoVirtu_lordo,Weighted Solidarity,Marginal Contribution,CER_6_2_0,CER_4_4_0,25,50,0.758245,-0.897419,0
penetrazione,n = 8,8,AllineamentoVirtu_lordo,Weighted Solidarity,Marginal Contribution,CER_2_6_0,CER_0_8_0,75,100,-0.736899,0.369851,0
penetrazione,n = 8,8,AllineamentoVirtu_lordo,Weighted Solidarity,Stratified Expected Value,CER_6_2_0,CER_4_4_0,25,50,0.865526,-0.900041,0
penetrazione,n = 8,8,AllineamentoVirtu_lordo,Weighted Solidarity,Stratified Expected Value,CER_2_6_0,CER_0_8_0,75,100,-0.755518,0.360738,0
penetrazione,n = 8,8,AllineamentoVirtu_lordo,Weighted Solidarity,Adaptive Sampling Shapley,CER_6_2_0,CER_4_4_0,25,50,0.579338,-0.899475,0
penetrazione,n = 8,8,AllineamentoVirtu_lordo,Weighted Solidarity,Adaptive Sampling Shapley,CER_2_6_0,CER_0_8_0,75,100,-0.75956,0.375424,0
penetrazione,n = 8,8,AllineamentoVirtu_lordo,Weighted Solidarity,Tri-level EP,CER_6_2_0,CER_4_4_0,25,50,0.165173,-0.811739,0
penetrazione,n = 8,8,AllineamentoVirtu_lordo,Weighted Solidarity,Tri-level EP,CER_2_6_0,CER_0_8_0,75,100,-0.710046,0.452497,0
penetrazione,n = 8,8,AllineamentoVirtu_lordo,Pearson Key,Pearson-Sharing Rate,CER_2_6_0,CER_0_8_0,75,100,0.000744949,-0.0029183,0
penetrazione,n = 8,8,AllineamentoVirtu_lordo,Pearson Key,Similarity-Utilization,CER_2_6_0,CER_0_8_0,75,100,-0.0552925,0.0128579,0
penetrazione,n = 8,8,AllineamentoVirtu_lordo,Pearson Key,Marginal Contribution,CER_6_2_0,CER_4_4_0,25,50,0.654961,-0.0690948,0
penetrazione,n = 8,8,AllineamentoVirtu_lordo,Pearson Key,Stratified Expected Value,CER_6_2_0,CER_4_4_0,25,50,0.762242,-0.071717,0
penetrazione,n = 8,8,AllineamentoVirtu_lordo,Pearson Key,Adaptive Sampling Shapley,CER_6_2_0,CER_4_4_0,25,50,0.476054,-0.0711506,0
penetrazione,n = 8,8,AllineamentoVirtu_lordo,Pearson Key,Tri-level EP,CER_2_6_0,CER_0_8_0,75,100,0.0112885,-0.00245151,0
penetrazione,n = 8,8,AllineamentoVirtu_lordo,Pearson-Sharing Rate,Similarity-Utilization,CER_2_6_0,CER_0_8_0,75,100,-0.0560374,0.0157762,0
penetrazione,n = 8,8,AllineamentoVirtu_lordo,Pearson-Sharing Rate,Marginal Contribution,CER_6_2_0,CER_4_4_0,25,50,0.649636,-0.0704738,0
penetrazione,n = 8,8,AllineamentoVirtu_lordo,Pearson-Sharing Rate,Stratified Expected Value,CER_6_2_0,CER_4_4_0,25,50,0.756917,-0.073096,0
penetrazione,n = 8,8,AllineamentoVirtu_lordo,Pearson-Sharing Rate,Adaptive Sampling Shapley,CER_6_2_0,CER_4_4_0,25,50,0.470729,-0.0725296,0
penetrazione,n = 8,8,AllineamentoVirtu_lordo,Similarity-Utilization,Marginal Contribution,CER_2_6_0,CER_0_8_0,75,100,0.0397278,-0.0979559,0
penetrazione,n = 8,8,AllineamentoVirtu_lordo,Similarity-Utilization,Stratified Expected Value,CER_2_6_0,CER_0_8_0,75,100,0.0211087,-0.107069,0
penetrazione,n = 8,8,AllineamentoVirtu_lordo,Similarity-Utilization,Adaptive Sampling Shapley,CER_2_6_0,CER_0_8_0,75,100,0.0170673,-0.0923824,0
penetrazione,n = 8,8,AllineamentoVirtu_lordo,Similarity-Utilization,Tri-level EP,CER_2_6_0,CER_0_8_0,75,100,0.066581,-0.0153094,0
penetrazione,n = 8,8,AllineamentoVirtu_lordo,Marginal Contribution,Stratified Expected Value,CER_6_2_0,CER_4_4_0,25,50,0.107281,-0.00262226,0
penetrazione,n = 8,8,AllineamentoVirtu_lordo,Marginal Contribution,Adaptive Sampling Shapley,CER_2_6_0,CER_0_8_0,75,100,-0.0226605,0.00557343,0
penetrazione,n = 8,8,AllineamentoVirtu_lordo,Marginal Contribution,Tri-level EP,CER_6_2_0,CER_4_4_0,25,50,-0.593072,0.0856801,0
penetrazione,n = 8,8,AllineamentoVirtu_lordo,Stratified Expected Value,Adaptive Sampling Shapley,CER_6_2_0,CER_4_4_0,25,50,-0.286188,0.000566438,0
penetrazione,n = 8,8,AllineamentoVirtu_lordo,Stratified Expected Value,Adaptive Sampling Shapley,CER_4_4_0,CER_2_6_0,50,75,0.000566438,-0.00404135,0
penetrazione,n = 8,8,AllineamentoVirtu_lordo,Stratified Expected Value,Adaptive Sampling Shapley,CER_2_6_0,CER_0_8_0,75,100,-0.00404135,0.0146868,0
penetrazione,n = 8,8,AllineamentoVirtu_lordo,Stratified Expected Value,Tri-level EP,CER_6_2_0,CER_4_4_0,25,50,-0.700353,0.0883023,0
penetrazione,n = 8,8,AllineamentoVirtu_lordo,Adaptive Sampling Shapley,Tri-level EP,CER_6_2_0,CER_4_4_0,25,50,-0.414165,0.0877359,0
penetrazione,n = 10,10,MinMax_con,Variance Least Core,Proportional to Consumption,CER_5_5_0,CER_2_8_0,50,80,0.000620893,-0.00430697,0
penetrazione,n = 10,10,MinMax_con,Variance Least Core,Remuneration Model 1,CER_7_3_0,CER_5_5_0,30,50,0.00560507,-0.000912171,0
penetrazione,n = 10,10,MinMax_con,Variance Least Core,Pearson Key,CER_7_3_0,CER_5_5_0,30,50,0.00200547,-0.000901241,0
penetrazione,n = 10,10,MinMax_con,Variance Least Core,Pearson Key,CER_5_5_0,CER_2_8_0,50,80,-0.000901241,5.47799e-05,0
penetrazione,n = 10,10,MinMax_con,Variance Least Core,Pearson-Sharing Rate,CER_7_3_0,CER_5_5_0,30,50,0.00252338,-0.00089365,0
penetrazione,n = 10,10,MinMax_con,Variance Least Core,Pearson-Sharing Rate,CER_5_5_0,CER_2_8_0,50,80,-0.00089365,2.81881e-05,0
penetrazione,n = 10,10,MinMax_con,Variance Least Core,Marginal Contribution,CER_5_5_0,CER_2_8_0,50,80,0.000123311,-0.000802409,0
penetrazione,n = 10,10,MinMax_con,Variance Least Core,Stratified Expected Value,CER_7_3_0,CER_5_5_0,30,50,0.000365494,-0.00128485,0
penetrazione,n = 10,10,MinMax_con,Variance Least Core,Stratified Expected Value,CER_5_5_0,CER_2_8_0,50,80,-0.00128485,5.51662e-05,0
penetrazione,n = 10,10,MinMax_con,Variance Least Core,Adaptive Sampling Shapley,CER_7_3_0,CER_5_5_0,30,50,0.00262186,-0.00185264,0
penetrazione,n = 10,10,MinMax_con,Variance Least Core,Tri-level EP,CER_7_3_0,CER_5_5_0,30,50,0.00516659,-9.14446e-05,0
penetrazione,n = 10,10,MinMax_con,Equal Split,Similarity-Utilization,CER_5_5_0,CER_2_8_0,50,80,-0.00142976,0.0144301,0
penetrazione,n = 10,10,MinMax_con,Proportional to Consumption,Pearson Key,CER_5_5_0,CER_2_8_0,50,80,-0.00152213,0.00436175,0
penetrazione,n = 10,10,MinMax_con,Proportional to Consumption,Pearson-Sharing Rate,CER_5_5_0,CER_2_8_0,50,80,-0.00151454,0.00433516,0
penetrazione,n = 10,10,MinMax_con,Proportional to Consumption,Similarity-Utilization,CER_5_5_0,CER_2_8_0,50,80,-0.0221268,0.000341586,0
penetrazione,n = 10,10,MinMax_con,Proportional to Consumption,Marginal Contribution,CER_5_5_0,CER_2_8_0,50,80,-0.000497583,0.00350456,0
penetrazione,n = 10,10,MinMax_con,Proportional to Consumption,Stratified Expected Value,CER_5_5_0,CER_2_8_0,50,80,-0.00190575,0.00436213,0
penetrazione,n = 10,10,MinMax_con,Proportional to Consumption,Adaptive Sampling Shapley,CER_5_5_0,CER_2_8_0,50,80,-0.00247354,0.00190624,0
penetrazione,n = 10,10,MinMax_con,Proportional to Consumption,Tri-level EP,CER_5_5_0,CER_2_8_0,50,80,-0.000712338,0.00426906,0
penetrazione,n = 10,10,MinMax_con,Remuneration Model 1,Pearson Key,CER_7_3_0,CER_5_5_0,30,50,-0.0035996,1.09303e-05,0
penetrazione,n = 10,10,MinMax_con,Remuneration Model 1,Pearson-Sharing Rate,CER_7_3_0,CER_5_5_0,30,50,-0.00308169,1.85215e-05,0
penetrazione,n = 10,10,MinMax_con,Remuneration Model 1,Similarity-Utilization,CER_5_5_0,CER_2_8_0,50,80,-0.0205938,0.00497088,0
penetrazione,n = 10,10,MinMax_con,Remuneration Model 1,Marginal Contribution,CER_7_3_0,CER_5_5_0,30,50,-0.00234786,0.00103548,0
penetrazione,n = 10,10,MinMax_con,Remuneration Model 1,Stratified Expected Value,CER_5_5_0,CER_2_8_0,50,80,-0.000372683,0.00899143,0
penetrazione,n = 10,10,MinMax_con,Remuneration Model 1,Adaptive Sampling Shapley,CER_5_5_0,CER_2_8_0,50,80,-0.000940471,0.00653553,0
penetrazione,n = 10,10,MinMax_con,Remuneration Model 1,Tri-level EP,CER_7_3_0,CER_5_5_0,30,50,-0.00043848,0.000820727,0
penetrazione,n = 10,10,MinMax_con,Cascading Tree,Similarity-Utilization,CER_5_5_0,CER_2_8_0,50,80,-0.0089592,0.0103,0
penetrazione,n = 10,10,MinMax_con,Pearson Key,Pearson-Sharing Rate,CER_5_5_0,CER_2_8_0,50,80,7.59121e-06,-2.65918e-05,0
penetrazione,n = 10,10,MinMax_con,Pearson Key,Marginal Contribution,CER_5_5_0,CER_2_8_0,50,80,0.00102455,-0.000857189,0
penetrazione,n = 10,10,MinMax_con,Pearson Key,Stratified Expected Value,CER_5_5_0,CER_2_8_0,50,80,-0.000383613,3.86277e-07,0
penetrazione,n = 10,10,MinMax_con,Pearson Key,Adaptive Sampling Shapley,CER_7_3_0,CER_5_5_0,30,50,0.000616388,-0.000951401,0
penetrazione,n = 10,10,MinMax_con,Pearson Key,Tri-level EP,CER_5_5_0,CER_2_8_0,50,80,0.000809796,-9.26895e-05,0
penetrazione,n = 10,10,MinMax_con,Pearson-Sharing Rate,Marginal Contribution,CER_5_5_0,CER_2_8_0,50,80,0.00101696,-0.000830597,0
penetrazione,n = 10,10,MinMax_con,Pearson-Sharing Rate,Stratified Expected Value,CER_5_5_0,CER_2_8_0,50,80,-0.000391204,2.6978e-05,0
penetrazione,n = 10,10,MinMax_con,Pearson-Sharing Rate,Adaptive Sampling Shapley,CER_7_3_0,CER_5_5_0,30,50,9.84739e-05,-0.000958992,0
penetrazione,n = 10,10,MinMax_con,Pearson-Sharing Rate,Tri-level EP,CER_5_5_0,CER_2_8_0,50,80,0.000802205,-6.60977e-05,0
penetrazione,n = 10,10,MinMax_con,Marginal Contribution,Stratified Expected Value,CER_5_5_0,CER_2_8_0,50,80,-0.00140816,0.000857575,0
penetrazione,n = 10,10,MinMax_con,Marginal Contribution,Tri-level EP,CER_7_3_0,CER_5_5_0,30,50,0.00190938,-0.000214755,0
penetrazione,n = 10,10,MinMax_con,Marginal Contribution,Tri-level EP,CER_5_5_0,CER_2_8_0,50,80,-0.000214755,0.000764499,0
penetrazione,n = 10,10,MinMax_con,Stratified Expected Value,Adaptive Sampling Shapley,CER_7_3_0,CER_5_5_0,30,50,0.00225636,-0.000567788,0
penetrazione,n = 10,10,MinMax_con,Stratified Expected Value,Tri-level EP,CER_5_5_0,CER_2_8_0,50,80,0.00119341,-9.30758e-05,0
penetrazione,n = 10,10,QoS_orig,Variance Least Core,Equal Split,CER_7_3_0,CER_5_5_0,30,50,0.000108812,-0.00183943,0
penetrazione,n = 10,10,QoS_orig,Variance Least Core,Remuneration Model 1,CER_7_3_0,CER_5_5_0,30,50,0.00072911,-0.000315518,0
penetrazione,n = 10,10,QoS_orig,Variance Least Core,Cascading Tree,CER_7_3_0,CER_5_5_0,30,50,0.00380297,-0.001251,0
penetrazione,n = 10,10,QoS_orig,Variance Least Core,Weighted Solidarity,CER_7_3_0,CER_5_5_0,30,50,3.03502e-05,-0.00341905,0
penetrazione,n = 10,10,QoS_orig,Variance Least Core,Pearson Key,CER_5_5_0,CER_2_8_0,50,80,-8.16196e-05,0.000899531,0
penetrazione,n = 10,10,QoS_orig,Variance Least Core,Pearson Key,CER_2_8_0,CER_0_10_0,80,100,0.000899531,-0.00256463,0
penetrazione,n = 10,10,QoS_orig,Variance Least Core,Pearson-Sharing Rate,CER_5_5_0,CER_2_8_0,50,80,-8.74485e-05,0.00081489,0
penetrazione,n = 10,10,QoS_orig,Variance Least Core,Pearson-Sharing Rate,CER_2_8_0,CER_0_10_0,80,100,0.00081489,-0.00269224,0
penetrazione,n = 10,10,QoS_orig,Variance Least Core,Similarity-Utilization,CER_5_5_0,CER_2_8_0,50,80,-0.00148911,0.00252575,0
penetrazione,n = 10,10,QoS_orig,Variance Least Core,Similarity-Utilization,CER_2_8_0,CER_0_10_0,80,100,0.00252575,-0.00814454,0
penetrazione,n = 10,10,QoS_orig,Variance Least Core,Marginal Contribution,CER_5_5_0,CER_2_8_0,50,80,2.84984e-05,-0.00101195,0
penetrazione,n = 10,10,QoS_orig,Variance Least Core,Adaptive Sampling Shapley,CER_7_3_0,CER_5_5_0,30,50,0.00199301,-0.000302107,0
penetrazione,n = 10,10,QoS_orig,Variance Least Core,Tri-level EP,CER_5_5_0,CER_2_8_0,50,80,-6.11692e-05,0.000608393,0
penetrazione,n = 10,10,QoS_orig,Variance Least Core,Tri-level EP,CER_2_8_0,CER_0_10_0,80,100,0.000608393,-0.00198449,0
penetrazione,n = 10,10,QoS_orig,Equal Split,Proportional to Consumption,CER_7_3_0,CER_5_5_0,30,50,-0.00150925,0.00161122,0
penetrazione,n = 10,10,QoS_orig,Equal Split,Cascading Tree,CER_5_5_0,CER_2_8_0,50,80,0.000588431,-0.00236269,0
penetrazione,n = 10,10,QoS_orig,Equal Split,Cascading Tree,CER_2_8_0,CER_0_10_0,80,100,-0.00236269,0.00607578,0
penetrazione,n = 10,10,QoS_orig,Equal Split,Weighted Solidarity,CER_2_8_0,CER_0_10_0,80,100,-0.0030886,0.0161861,0
penetrazione,n = 10,10,QoS_orig,Equal Split,Pearson Key,CER_7_3_0,CER_5_5_0,30,50,-0.00277232,0.00175781,0
penetrazione,n = 10,10,QoS_orig,Equal Split,Pearson-Sharing Rate,CER_7_3_0,CER_5_5_0,30,50,-0.00273811,0.00175198,0
penetrazione,n = 10,10,QoS_orig,Equal Split,Similarity-Utilization,CER_7_3_0,CER_5_5_0,30,50,-0.00387931,0.000350324,0
penetrazione,n = 10,10,QoS_orig,Equal Split,Stratified Expected Value,CER_7_3_0,CER_5_5_0,30,50,-0.000425422,0.00175823,0
penetrazione,n = 10,10,QoS_orig,Equal Split,Tri-level EP,CER_7_3_0,CER_5_5_0,30,50,-0.0025009,0.00177826,0
penetrazione,n = 10,10,QoS_orig,Proportional to Consumption,Remuneration Model 1,CER_7_3_0,CER_5_5_0,30,50,0.00212955,-8.7306e-05,0
penetrazione,n = 10,10,QoS_orig,Proportional to Consumption,Cascading Tree,CER_7_3_0,CER_5_5_0,30,50,0.00520341,-0.00102279,0
penetrazione,n = 10,10,QoS_orig,Proportional to Consumption,Weighted Solidarity,CER_7_3_0,CER_5_5_0,30,50,0.00143079,-0.00319084,0
penetrazione,n = 10,10,QoS_orig,Proportional to Consumption,Pearson Key,CER_7_3_0,CER_5_5_0,30,50,-0.00126307,0.000146592,0
penetrazione,n = 10,10,QoS_orig,Proportional to Consumption,Pearson-Sharing Rate,CER_7_3_0,CER_5_5_0,30,50,-0.00122886,0.000140763,0
penetrazione,n = 10,10,QoS_orig,Proportional to Consumption,Similarity-Utilization,CER_5_5_0,CER_2_8_0,50,80,-0.0012609,0.00771008,0
penetrazione,n = 10,10,QoS_orig,Proportional to Consumption,Adaptive Sampling Shapley,CER_7_3_0,CER_5_5_0,30,50,0.00339345,-7.38954e-05,0
penetrazione,n = 10,10,QoS_orig,Proportional to Consumption,Adaptive Sampling Shapley,CER_5_5_0,CER_2_8_0,50,80,-7.38954e-05,0.0019648,0
penetrazione,n = 10,10,QoS_orig,Proportional to Consumption,Tri-level EP,CER_7_3_0,CER_5_5_0,30,50,-0.000991654,0.000167042,0
penetrazione,n = 10,10,QoS_orig,Remuneration Model 1,Cascading Tree,CER_7_3_0,CER_5_5_0,30,50,0.00307386,-0.000935484,0
penetrazione,n = 10,10,QoS_orig,Remuneration Model 1,Pearson Key,CER_7_3_0,CER_5_5_0,30,50,-0.00339261,0.000233898,0
penetrazione,n = 10,10,QoS_orig,Remuneration Model 1,Pearson-Sharing Rate,CER_7_3_0,CER_5_5_0,30,50,-0.00335841,0.000228069,0
penetrazione,n = 10,10,QoS_orig,Remuneration Model 1,Similarity-Utilization,CER_5_5_0,CER_2_8_0,50,80,-0.00117359,0.0155942,0
penetrazione,n = 10,10,QoS_orig,Remuneration Model 1,Marginal Contribution,CER_7_3_0,CER_5_5_0,30,50,-0.000437219,0.000344016,0
penetrazione,n = 10,10,QoS_orig,Remuneration Model 1,Stratified Expected Value,CER_7_3_0,CER_5_5_0,30,50,-0.00104572,0.000234317,0
penetrazione,n = 10,10,QoS_orig,Remuneration Model 1,Tri-level EP,CER_7_3_0,CER_5_5_0,30,50,-0.0031212,0.000254349,0
penetrazione,n = 10,10,QoS_orig,Cascading Tree,Weighted Solidarity,CER_2_8_0,CER_0_10_0,80,100,-0.000725905,0.0101103,0
penetrazione,n = 10,10,QoS_orig,Cascading Tree,Pearson Key,CER_7_3_0,CER_5_5_0,30,50,-0.00646647,0.00116938,0
penetrazione,n = 10,10,QoS_orig,Cascading Tree,Pearson-Sharing Rate,CER_7_3_0,CER_5_5_0,30,50,-0.00643226,0.00116355,0
penetrazione,n = 10,10,QoS_orig,Cascading Tree,Similarity-Utilization,CER_5_5_0,CER_2_8_0,50,80,-0.000238107,0.0301055,0
penetrazione,n = 10,10,QoS_orig,Cascading Tree,Marginal Contribution,CER_7_3_0,CER_5_5_0,30,50,-0.00351108,0.0012795,0
penetrazione,n = 10,10,QoS_orig,Cascading Tree,Stratified Expected Value,CER_7_3_0,CER_5_5_0,30,50,-0.00411958,0.0011698,0
penetrazione,n = 10,10,QoS_orig,Cascading Tree,Adaptive Sampling Shapley,CER_7_3_0,CER_5_5_0,30,50,-0.00180996,0.000948894,0
penetrazione,n = 10,10,QoS_orig,Cascading Tree,Tri-level EP,CER_7_3_0,CER_5_5_0,30,50,-0.00619506,0.00118983,0
penetrazione,n = 10,10,QoS_orig,Weighted Solidarity,Pearson Key,CER_7_3_0,CER_5_5_0,30,50,-0.00269385,0.00333743,0
penetrazione,n = 10,10,QoS_orig,Weighted Solidarity,Pearson-Sharing Rate,CER_7_3_0,CER_5_5_0,30,50,-0.00265965,0.0033316,0
penetrazione,n = 10,10,QoS_orig,Weighted Solidarity,Similarity-Utilization,CER_7_3_0,CER_5_5_0,30,50,-0.00380085,0.00192994,0
penetrazione,n = 10,10,QoS_orig,Weighted Solidarity,Stratified Expected Value,CER_7_3_0,CER_5_5_0,30,50,-0.00034696,0.00333785,0
penetrazione,n = 10,10,QoS_orig,Weighted Solidarity,Tri-level EP,CER_7_3_0,CER_5_5_0,30,50,-0.00242244,0.00335788,0
penetrazione,n = 10,10,QoS_orig,Pearson Key,Pearson-Sharing Rate,CER_7_3_0,CER_5_5_0,30,50,3.42091e-05,-5.82886e-06,0
penetrazione,n = 10,10,QoS_orig,Pearson Key,Similarity-Utilization,CER_5_5_0,CER_2_8_0,50,80,-0.00140749,0.00162622,0
penetrazione,n = 10,10,QoS_orig,Pearson Key,Similarity-Utilization,CER_2_8_0,CER_0_10_0,80,100,0.00162622,-0.00557991,0
penetrazione,n = 10,10,QoS_orig,Pearson Key,Marginal Contribution,CER_5_5_0,CER_2_8_0,50,80,0.000110118,-0.00191148,0
penetrazione,n = 10,10,QoS_orig,Pearson Key,Stratified Expected Value,CER_5_5_0,CER_2_8_0,50,80,4.18552e-07,-0.00102941,0
penetrazione,n = 10,10,QoS_orig,Pearson Key,Adaptive Sampling Shapley,CER_7_3_0,CER_5_5_0,30,50,0.00465651,-0.000220488,0
penetrazione,n = 10,10,QoS_orig,Pearson Key,Tri-level EP,CER_5_5_0,CER_2_8_0,50,80,2.04504e-05,-0.000291138,0
penetrazione,n = 10,10,QoS_orig,Pearson Key,Tri-level EP,CER_2_8_0,CER_0_10_0,80,100,-0.000291138,0.000580137,0
penetrazione,n = 10,10,QoS_orig,Pearson-Sharing Rate,Similarity-Utilization,CER_5_5_0,CER_2_8_0,50,80,-0.00140166,0.00171086,0
penetrazione,n = 10,10,QoS_orig,Pearson-Sharing Rate,Similarity-Utilization,CER_2_8_0,CER_0_10_0,80,100,0.00171086,-0.0054523,0
penetrazione,n = 10,10,QoS_orig,Pearson-Sharing Rate,Marginal Contribution,CER_5_5_0,CER_2_8_0,50,80,0.000115947,-0.00182684,0
penetrazione,n = 10,10,QoS_orig,Pearson-Sharing Rate,Stratified Expected Value,CER_5_5_0,CER_2_8_0,50,80,6.24741e-06,-0.000944768,0
penetrazione,n = 10,10,QoS_orig,Pearson-Sharing Rate,Adaptive Sampling Shapley,CER_7_3_0,CER_5_5_0,30,50,0.0046223,-0.000214659,0
penetrazione,n = 10,10,QoS_orig,Pearson-Sharing Rate,Tri-level EP,CER_5_5_0,CER_2_8_0,50,80,2.62792e-05,-0.000206497,0
penetrazione,n = 10,10,QoS_orig,Pearson-Sharing Rate,Tri-level EP,CER_2_8_0,CER_0_10_0,80,100,-0.000206497,0.000707749,0
penetrazione,n = 10,10,QoS_orig,Similarity-Utilization,Marginal Contribution,CER_5_5_0,CER_2_8_0,50,80,0.00151761,-0.0035377,0
penetrazione,n = 10,10,QoS_orig,Similarity-Utilization,Marginal Contribution,CER_2_8_0,CER_0_10_0,80,100,-0.0035377,0.00440896,0
penetrazione,n = 10,10,QoS_orig,Similarity-Utilization,Stratified Expected Value,CER_5_5_0,CER_2_8_0,50,80,0.00140791,-0.00265563,0
penetrazione,n = 10,10,QoS_orig,Similarity-Utilization,Stratified Expected Value,CER_2_8_0,CER_0_10_0,80,100,-0.00265563,0.00362219,0
penetrazione,n = 10,10,QoS_orig,Similarity-Utilization,Adaptive Sampling Shapley,CER_5_5_0,CER_2_8_0,50,80,0.001187,-0.00574528,0
penetrazione,n = 10,10,QoS_orig,Similarity-Utilization,Tri-level EP,CER_5_5_0,CER_2_8_0,50,80,0.00142794,-0.00191736,0
penetrazione,n = 10,10,QoS_orig,Similarity-Utilization,Tri-level EP,CER_2_8_0,CER_0_10_0,80,100,-0.00191736,0.00616005,0
penetrazione,n = 10,10,QoS_orig,Marginal Contribution,Stratified Expected Value,CER_5_5_0,CER_2_8_0,50,80,-0.000109699,0.000882068,0
penetrazione,n = 10,10,QoS_orig,Marginal Contribution,Stratified Expected Value,CER_2_8_0,CER_0_10_0,80,100,0.000882068,-0.000786769,0
penetrazione,n = 10,10,QoS_orig,Marginal Contribution,Adaptive Sampling Shapley,CER_7_3_0,CER_5_5_0,30,50,0.00170112,-0.000330606,0
penetrazione,n = 10,10,QoS_orig,Marginal Contribution,Tri-level EP,CER_5_5_0,CER_2_8_0,50,80,-8.96676e-05,0.00162034,0
penetrazione,n = 10,10,QoS_orig,Stratified Expected Value,Adaptive Sampling Shapley,CER_7_3_0,CER_5_5_0,30,50,0.00230962,-0.000220906,0
penetrazione,n = 10,10,QoS_orig,Stratified Expected Value,Tri-level EP,CER_7_3_0,CER_5_5_0,30,50,-0.00207548,2.00318e-05,0
penetrazione,n = 10,10,QoS_orig,Adaptive Sampling Shapley,Tri-level EP,CER_7_3_0,CER_5_5_0,30,50,-0.0043851,0.000240938,0
penetrazione,n = 10,10,QoS_new,Variance Least Core,Proportional to Consumption,CER_5_5_0,CER_2_8_0,50,80,0.00010663,-0.000154599,0
penetrazione,n = 10,10,QoS_new,Variance Least Core,Remuneration Model 1,CER_7_3_0,CER_5_5_0,30,50,0.000746584,-7.49188e-05,0
penetrazione,n = 10,10,QoS_new,Variance Least Core,Pearson Key,CER_7_3_0,CER_5_5_0,30,50,0.000340393,-4.27987e-05,0
penetrazione,n = 10,10,QoS_new,Variance Least Core,Pearson Key,CER_5_5_0,CER_2_8_0,50,80,-4.27987e-05,3.02706e-06,0
penetrazione,n = 10,10,QoS_new,Variance Least Core,Pearson-Sharing Rate,CER_7_3_0,CER_5_5_0,30,50,0.000390109,-4.18444e-05,0
penetrazione,n = 10,10,QoS_new,Variance Least Core,Pearson-Sharing Rate,CER_5_5_0,CER_2_8_0,50,80,-4.18444e-05,1.42437e-06,0
penetrazione,n = 10,10,QoS_new,Variance Least Core,Similarity-Utilization,CER_5_5_0,CER_2_8_0,50,80,-0.00159399,4.77208e-06,0
penetrazione,n = 10,10,QoS_new,Variance Least Core,Marginal Contribution,CER_5_5_0,CER_2_8_0,50,80,1.68979e-05,-2.51001e-05,0
penetrazione,n = 10,10,QoS_new,Variance Least Core,Stratified Expected Value,CER_7_3_0,CER_5_5_0,30,50,2.36013e-05,-0.000104299,0
penetrazione,n = 10,10,QoS_new,Variance Least Core,Stratified Expected Value,CER_5_5_0,CER_2_8_0,50,80,-0.000104299,3.19747e-06,0
penetrazione,n = 10,10,QoS_new,Variance Least Core,Adaptive Sampling Shapley,CER_7_3_0,CER_5_5_0,30,50,0.000346089,-0.000153188,0
penetrazione,n = 10,10,QoS_new,Variance Least Core,Tri-level EP,CER_5_5_0,CER_2_8_0,50,80,1.51113e-05,-4.71151e-06,0
penetrazione,n = 10,10,QoS_new,Equal Split,Similarity-Utilization,CER_5_5_0,CER_2_8_0,50,80,-4.95412e-05,0.000490215,0
penetrazione,n = 10,10,QoS_new,Proportional to Consumption,Pearson Key,CER_5_5_0,CER_2_8_0,50,80,-0.000149429,0.000157626,0
penetrazione,n = 10,10,QoS_new,Proportional to Consumption,Pearson-Sharing Rate,CER_5_5_0,CER_2_8_0,50,80,-0.000148475,0.000156023,0
penetrazione,n = 10,10,QoS_new,Proportional to Consumption,Similarity-Utilization,CER_5_5_0,CER_2_8_0,50,80,-0.00170062,0.000159371,0
penetrazione,n = 10,10,QoS_new,Proportional to Consumption,Marginal Contribution,CER_5_5_0,CER_2_8_0,50,80,-8.97323e-05,0.000129499,0
penetrazione,n = 10,10,QoS_new,Proportional to Consumption,Stratified Expected Value,CER_5_5_0,CER_2_8_0,50,80,-0.00021093,0.000157796,0
penetrazione,n = 10,10,QoS_new,Proportional to Consumption,Adaptive Sampling Shapley,CER_5_5_0,CER_2_8_0,50,80,-0.000259818,8.07485e-05,0
penetrazione,n = 10,10,QoS_new,Proportional to Consumption,Tri-level EP,CER_5_5_0,CER_2_8_0,50,80,-9.15189e-05,0.000149887,0
penetrazione,n = 10,10,QoS_new,Remuneration Model 1,Pearson Key,CER_7_3_0,CER_5_5_0,30,50,-0.000406192,3.212e-05,0
penetrazione,n = 10,10,QoS_new,Remuneration Model 1,Pearson-Sharing Rate,CER_7_3_0,CER_5_5_0,30,50,-0.000356476,3.30744e-05,0
penetrazione,n = 10,10,QoS_new,Remuneration Model 1,Similarity-Utilization,CER_5_5_0,CER_2_8_0,50,80,-0.00151907,0.000287062,0
penetrazione,n = 10,10,QoS_new,Remuneration Model 1,Marginal Contribution,CER_7_3_0,CER_5_5_0,30,50,-0.00035229,9.18166e-05,0
penetrazione,n = 10,10,QoS_new,Remuneration Model 1,Stratified Expected Value,CER_5_5_0,CER_2_8_0,50,80,-2.93807e-05,0.000285487,0
penetrazione,n = 10,10,QoS_new,Remuneration Model 1,Adaptive Sampling Shapley,CER_5_5_0,CER_2_8_0,50,80,-7.8269e-05,0.000208439,0
penetrazione,n = 10,10,QoS_new,Remuneration Model 1,Tri-level EP,CER_7_3_0,CER_5_5_0,30,50,-1.35509e-05,9.003e-05,0
penetrazione,n = 10,10,QoS_new,Cascading Tree,Similarity-Utilization,CER_5_5_0,CER_2_8_0,50,80,-0.00064205,0.000456387,0
penetrazione,n = 10,10,QoS_new,Pearson Key,Pearson-Sharing Rate,CER_5_5_0,CER_2_8_0,50,80,9.54385e-07,-1.60269e-06,0
penetrazione,n = 10,10,QoS_new,Pearson Key,Similarity-Utilization,CER_5_5_0,CER_2_8_0,50,80,-0.00155119,1.74502e-06,0
penetrazione,n = 10,10,QoS_new,Pearson Key,Marginal Contribution,CER_5_5_0,CER_2_8_0,50,80,5.96966e-05,-2.81272e-05,0
penetrazione,n = 10,10,QoS_new,Pearson Key,Stratified Expected Value,CER_5_5_0,CER_2_8_0,50,80,-6.15007e-05,1.70413e-07,0
penetrazione,n = 10,10,QoS_new,Pearson Key,Adaptive Sampling Shapley,CER_7_3_0,CER_5_5_0,30,50,5.69612e-06,-0.000110389,0
penetrazione,n = 10,10,QoS_new,Pearson Key,Tri-level EP,CER_5_5_0,CER_2_8_0,50,80,5.791e-05,-7.73857e-06,0
penetrazione,n = 10,10,QoS_new,Pearson-Sharing Rate,Similarity-Utilization,CER_5_5_0,CER_2_8_0,50,80,-0.00155214,3.34771e-06,0
penetrazione,n = 10,10,QoS_new,Pearson-Sharing Rate,Marginal Contribution,CER_5_5_0,CER_2_8_0,50,80,5.87422e-05,-2.65245e-05,0
penetrazione,n = 10,10,QoS_new,Pearson-Sharing Rate,Stratified Expected Value,CER_5_5_0,CER_2_8_0,50,80,-6.24551e-05,1.7731e-06,0
penetrazione,n = 10,10,QoS_new,Pearson-Sharing Rate,Tri-level EP,CER_5_5_0,CER_2_8_0,50,80,5.69556e-05,-6.13588e-06,0
penetrazione,n = 10,10,QoS_new,Similarity-Utilization,Marginal Contribution,CER_5_5_0,CER_2_8_0,50,80,0.00161089,-2.98722e-05,0
penetrazione,n = 10,10,QoS_new,Similarity-Utilization,Stratified Expected Value,CER_5_5_0,CER_2_8_0,50,80,0.00148969,-1.57461e-06,0
penetrazione,n = 10,10,QoS_new,Similarity-Utilization,Adaptive Sampling Shapley,CER_5_5_0,CER_2_8_0,50,80,0.0014408,-7.86225e-05,0
penetrazione,n = 10,10,QoS_new,Similarity-Utilization,Tri-level EP,CER_5_5_0,CER_2_8_0,50,80,0.0016091,-9.48359e-06,0
penetrazione,n = 10,10,QoS_new,Marginal Contribution,Stratified Expected Value,CER_5_5_0,CER_2_8_0,50,80,-0.000121197,2.82976e-05,0
penetrazione,n = 10,10,QoS_new,Marginal Contribution,Tri-level EP,CER_7_3_0,CER_5_5_0,30,50,0.000338739,-1.78659e-06,0
penetrazione,n = 10,10,QoS_new,Marginal Contribution,Tri-level EP,CER_5_5_0,CER_2_8_0,50,80,-1.78659e-06,2.03886e-05,0
penetrazione,n = 10,10,QoS_new,Stratified Expected Value,Adaptive Sampling Shapley,CER_7_3_0,CER_5_5_0,30,50,0.000322487,-4.88884e-05,0
penetrazione,n = 10,10,QoS_new,Stratified Expected Value,Tri-level EP,CER_5_5_0,CER_2_8_0,50,80,0.000119411,-7.90898e-06,0
penetrazione,n = 10,10,EI_orig,Variance Least Core,Proportional to Consumption,CER_5_5_0,CER_2_8_0,50,80,0.0535529,-0.0850546,0
penetrazione,n = 10,10,EI_orig,Variance Least Core,Cascading Tree,CER_7_3_0,CER_5_5_0,30,50,0.115774,-0.244516,0
penetrazione,n = 10,10,EI_orig,Variance Least Core,Similarity-Utilization,CER_2_8_0,CER_0_10_0,80,100,0.088876,-0.0104584,0
penetrazione,n = 10,10,EI_orig,Variance Least Core,Marginal Contribution,CER_7_3_0,CER_5_5_0,30,50,0.0123942,-0.021879,0
penetrazione,n = 10,10,EI_orig,Variance Least Core,Stratified Expected Value,CER_7_3_0,CER_5_5_0,30,50,0.0055003,-0.00356205,0
penetrazione,n = 10,10,EI_orig,Variance Least Core,Adaptive Sampling Shapley,CER_7_3_0,CER_5_5_0,30,50,0.0168968,-0.144601,0
penetrazione,n = 10,10,EI_orig,Proportional to Consumption,Similarity-Utilization,CER_7_3_0,CER_5_5_0,30,50,-0.0102728,0.0399349,0
penetrazione,n = 10,10,EI_orig,Proportional to Consumption,Marginal Contribution,CER_5_5_0,CER_2_8_0,50,80,-0.0754319,0.052264,0
penetrazione,n = 10,10,EI_orig,Proportional to Consumption,Marginal Contribution,CER_2_8_0,CER_0_10_0,80,100,0.052264,-0.00559255,0
penetrazione,n = 10,10,EI_orig,Proportional to Consumption,Stratified Expected Value,CER_5_5_0,CER_2_8_0,50,80,-0.0571149,0.0734953,0
penetrazione,n = 10,10,EI_orig,Proportional to Consumption,Stratified Expected Value,CER_2_8_0,CER_0_10_0,80,100,0.0734953,-0.0122976,0
penetrazione,n = 10,10,EI_orig,Remuneration Model 1,Cascading Tree,CER_5_5_0,CER_2_8_0,50,80,0.000608388,-0.18404,0
penetrazione,n = 10,10,EI_orig,Remuneration Model 1,Weighted Solidarity,CER_5_5_0,CER_2_8_0,50,80,0.0335279,-0.06265,0
penetrazione,n = 10,10,EI_orig,Remuneration Model 1,Weighted Solidarity,CER_2_8_0,CER_0_10_0,80,100,-0.06265,0.0461559,0
penetrazione,n = 10,10,EI_orig,Cascading Tree,Weighted Solidarity,CER_7_3_0,CER_5_5_0,30,50,-0.122844,0.0329195,0
penetrazione,n = 10,10,EI_orig,Cascading Tree,Marginal Contribution,CER_7_3_0,CER_5_5_0,30,50,-0.10338,0.222637,0
penetrazione,n = 10,10,EI_orig,Cascading Tree,Stratified Expected Value,CER_7_3_0,CER_5_5_0,30,50,-0.110274,0.240954,0
penetrazione,n = 10,10,EI_orig,Cascading Tree,Adaptive Sampling Shapley,CER_7_3_0,CER_5_5_0,30,50,-0.0988771,0.0999145,0
penetrazione,n = 10,10,EI_orig,Pearson Key,Similarity-Utilization,CER_5_5_0,CER_2_8_0,50,80,-0.0299088,0.0301724,0
penetrazione,n = 10,10,EI_orig,Pearson Key,Similarity-Utilization,CER_2_8_0,CER_0_10_0,80,100,0.0301724,-0.0486607,0
penetrazione,n = 10,10,EI_orig,Pearson Key,Tri-level EP,CER_7_3_0,CER_5_5_0,30,50,0.00514399,-0.00239446,0
penetrazione,n = 10,10,EI_orig,Pearson Key,Tri-level EP,CER_2_8_0,CER_0_10_0,80,100,-0.00522695,0.00868865,0
penetrazione,n = 10,10,EI_orig,Pearson-Sharing Rate,Similarity-Utilization,CER_5_5_0,CER_2_8_0,50,80,-0.0283205,0.0328444,0
penetrazione,n = 10,10,EI_orig,Pearson-Sharing Rate,Similarity-Utilization,CER_2_8_0,CER_0_10_0,80,100,0.0328444,-0.0464728,0
penetrazione,n = 10,10,EI_orig,Pearson-Sharing Rate,Tri-level EP,CER_7_3_0,CER_5_5_0,30,50,0.0053742,-0.000806097,0
penetrazione,n = 10,10,EI_orig,Pearson-Sharing Rate,Tri-level EP,CER_2_8_0,CER_0_10_0,80,100,-0.00255493,0.0108765,0
penetrazione,n = 10,10,EI_orig,Similarity-Utilization,Tri-level EP,CER_5_5_0,CER_2_8_0,50,80,0.0275144,-0.0353994,0
penetrazione,n = 10,10,EI_orig,Similarity-Utilization,Tri-level EP,CER_2_8_0,CER_0_10_0,80,100,-0.0353994,0.0573494,0
penetrazione,n = 10,10,EI_orig,Marginal Contribution,Stratified Expected Value,CER_7_3_0,CER_5_5_0,30,50,-0.00689388,0.0183169,0
penetrazione,n = 10,10,EI_orig,Marginal Contribution,Stratified Expected Value,CER_2_8_0,CER_0_10_0,80,100,0.0212313,-0.00670506,0
penetrazione,n = 10,10,EI_orig,Marginal Contribution,Adaptive Sampling Shapley,CER_7_3_0,CER_5_5_0,30,50,0.00450262,-0.122722,0
penetrazione,n = 10,10,EI_orig,Stratified Expected Value,Adaptive Sampling Shapley,CER_7_3_0,CER_5_5_0,30,50,0.0113965,-0.141039,0
penetrazione,n = 10,10,EI_new,Variance Least Core,Proportional to Consumption,CER_7_3_0,CER_5_5_0,30,50,0.0319724,-0.0395604,0
penetrazione,n = 10,10,EI_new,Variance Least Core,Weighted Solidarity,CER_5_5_0,CER_2_8_0,50,80,0.0238164,-0.0156137,0
penetrazione,n = 10,10,EI_new,Variance Least Core,Weighted Solidarity,CER_2_8_0,CER_0_10_0,80,100,-0.0156137,0.00620885,0
penetrazione,n = 10,10,EI_new,Variance Least Core,Pearson Key,CER_2_8_0,CER_0_10_0,80,100,0.0132738,-0.0212868,0
penetrazione,n = 10,10,EI_new,Variance Least Core,Pearson-Sharing Rate,CER_2_8_0,CER_0_10_0,80,100,0.00639939,-0.0248189,0
penetrazione,n = 10,10,EI_new,Variance Least Core,Marginal Contribution,CER_5_5_0,CER_2_8_0,50,80,0.00612034,-0.0313777,0
penetrazione,n = 10,10,EI_new,Variance Least Core,Stratified Expected Value,CER_5_5_0,CER_2_8_0,50,80,0.000274037,-0.0321123,0
penetrazione,n = 10,10,EI_new,Variance Least Core,Tri-level EP,CER_2_8_0,CER_0_10_0,80,100,0.018481,-0.0127534,0
penetrazione,n = 10,10,EI_new,Equal Split,Cascading Tree,CER_5_5_0,CER_2_8_0,50,80,0.01668,-0.0240733,0
penetrazione,n = 10,10,EI_new,Proportional to Consumption,Remuneration Model 1,CER_7_3_0,CER_5_5_0,30,50,-0.0404517,0.0019625,0
penetrazione,n = 10,10,EI_new,Proportional to Consumption,Remuneration Model 1,CER_5_5_0,CER_2_8_0,50,80,0.0019625,-0.0164637,0
penetrazione,n = 10,10,EI_new,Proportional to Consumption,Weighted Solidarity,CER_7_3_0,CER_5_5_0,30,50,-0.0306637,0.0633768,0
penetrazione,n = 10,10,EI_new,Proportional to Consumption,Similarity-Utilization,CER_5_5_0,CER_2_8_0,50,80,-0.0259034,0.0221257,0
penetrazione,n = 10,10,EI_new,Proportional to Consumption,Marginal Contribution,CER_7_3_0,CER_5_5_0,30,50,-0.0189181,0.0456808,0
penetrazione,n = 10,10,EI_new,Proportional to Consumption,Stratified Expected Value,CER_7_3_0,CER_5_5_0,30,50,-0.0283269,0.0398345,0
penetrazione,n = 10,10,EI_new,Proportional to Consumption,Adaptive Sampling Shapley,CER_7_3_0,CER_5_5_0,30,50,-0.0430625,0.0106796,0
penetrazione,n = 10,10,EI_new,Proportional to Consumption,Adaptive Sampling Shapley,CER_5_5_0,CER_2_8_0,50,80,0.0106796,-0.00513333,0
penetrazione,n = 10,10,EI_new,Proportional to Consumption,Adaptive Sampling Shapley,CER_2_8_0,CER_0_10_0,80,100,-0.00513333,0.0307017,0
penetrazione,n = 10,10,EI_new,Remuneration Model 1,Similarity-Utilization,CER_5_5_0,CER_2_8_0,50,80,-0.0278659,0.0385894,0
penetrazione,n = 10,10,EI_new,Remuneration Model 1,Adaptive Sampling Shapley,CER_7_3_0,CER_5_5_0,30,50,-0.00261073,0.00871709,0
penetrazione,n = 10,10,EI_new,Weighted Solidarity,Pearson Key,CER_2_8_0,CER_0_10_0,80,100,0.0288875,-0.0274956,0
penetrazione,n = 10,10,EI_new,Weighted Solidarity,Pearson-Sharing Rate,CER_2_8_0,CER_0_10_0,80,100,0.0220131,-0.0310278,0
penetrazione,n = 10,10,EI_new,Weighted Solidarity,Marginal Contribution,CER_7_3_0,CER_5_5_0,30,50,0.0117456,-0.0176961,0
penetrazione,n = 10,10,EI_new,Weighted Solidarity,Stratified Expected Value,CER_7_3_0,CER_5_5_0,30,50,0.00233682,-0.0235424,0
penetrazione,n = 10,10,EI_new,Weighted Solidarity,Tri-level EP,CER_2_8_0,CER_0_10_0,80,100,0.0340947,-0.0189622,0
penetrazione,n = 10,10,EI_new,Similarity-Utilization,Adaptive Sampling Shapley,CER_5_5_0,CER_2_8_0,50,80,0.036583,-0.027259,0
penetrazione,n = 10,10,Jain,Variance Least Core,Remuneration Model 1,CER_7_3_0,CER_5_5_0,30,50,0.000767595,-0.000413226,0
penetrazione,n = 10,10,Jain,Variance Least Core,Cascading Tree,CER_7_3_0,CER_5_5_0,30,50,0.00356225,-0.00177627,0
penetrazione,n = 10,10,Jain,Variance Least Core,Pearson Key,CER_5_5_0,CER_2_8_0,50,80,-0.000135995,0.000761919,0
penetrazione,n = 10,10,Jain,Variance Least Core,Pearson Key,CER_2_8_0,CER_0_10_0,80,100,0.000761919,-0.00363319,0
penetrazione,n = 10,10,Jain,Variance Least Core,Pearson-Sharing Rate,CER_5_5_0,CER_2_8_0,50,80,-0.000141812,0.000675323,0
penetrazione,n = 10,10,Jain,Variance Least Core,Pearson-Sharing Rate,CER_2_8_0,CER_0_10_0,80,100,0.000675323,-0.00377497,0
penetrazione,n = 10,10,Jain,Variance Least Core,Similarity-Utilization,CER_5_5_0,CER_2_8_0,50,80,-0.00202712,0.00232758,0
penetrazione,n = 10,10,Jain,Variance Least Core,Similarity-Utilization,CER_2_8_0,CER_0_10_0,80,100,0.00232758,-0.00967038,0
penetrazione,n = 10,10,Jain,Variance Least Core,Marginal Contribution,CER_5_5_0,CER_2_8_0,50,80,3.53686e-05,-0.00109298,0
penetrazione,n = 10,10,Jain,Variance Least Core,Adaptive Sampling Shapley,CER_7_3_0,CER_5_5_0,30,50,0.00195437,-0.00037531,0
penetrazione,n = 10,10,Jain,Variance Least Core,Tri-level EP,CER_5_5_0,CER_2_8_0,50,80,-9.39376e-05,0.000447342,0
penetrazione,n = 10,10,Jain,Variance Least Core,Tri-level EP,CER_2_8_0,CER_0_10_0,80,100,0.000447342,-0.00300376,0
penetrazione,n = 10,10,Jain,Equal Split,Proportional to Consumption,CER_7_3_0,CER_5_5_0,30,50,-0.00122486,0.00216997,0
penetrazione,n = 10,10,Jain,Equal Split,Cascading Tree,CER_5_5_0,CER_2_8_0,50,80,0.000671519,-0.00234192,0
penetrazione,n = 10,10,Jain,Equal Split,Cascading Tree,CER_2_8_0,CER_0_10_0,80,100,-0.00234192,0.00691899,0
penetrazione,n = 10,10,Jain,Equal Split,Weighted Solidarity,CER_2_8_0,CER_0_10_0,80,100,-0.00358197,0.0194064,0
penetrazione,n = 10,10,Jain,Equal Split,Pearson Key,CER_7_3_0,CER_5_5_0,30,50,-0.00258534,0.0023118,0
penetrazione,n = 10,10,Jain,Equal Split,Pearson-Sharing Rate,CER_7_3_0,CER_5_5_0,30,50,-0.00254661,0.00230598,0
penetrazione,n = 10,10,Jain,Equal Split,Similarity-Utilization,CER_7_3_0,CER_5_5_0,30,50,-0.00398164,0.000420666,0
penetrazione,n = 10,10,Jain,Equal Split,Stratified Expected Value,CER_7_3_0,CER_5_5_0,30,50,-0.000191688,0.0023419,0
penetrazione,n = 10,10,Jain,Equal Split,Tri-level EP,CER_7_3_0,CER_5_5_0,30,50,-0.00227834,0.00235385,0
penetrazione,n = 10,10,Jain,Proportional to Consumption,Remuneration Model 1,CER_7_3_0,CER_5_5_0,30,50,0.00210991,-0.000135408,0
penetrazione,n = 10,10,Jain,Proportional to Consumption,Cascading Tree,CER_7_3_0,CER_5_5_0,30,50,0.00490457,-0.00149845,0
penetrazione,n = 10,10,Jain,Proportional to Consumption,Weighted Solidarity,CER_7_3_0,CER_5_5_0,30,50,0.000841584,-0.00471246,0
penetrazione,n = 10,10,Jain,Proportional to Consumption,Pearson Key,CER_7_3_0,CER_5_5_0,30,50,-0.00136048,0.000141823,0
penetrazione,n = 10,10,Jain,Proportional to Consumption,Pearson-Sharing Rate,CER_7_3_0,CER_5_5_0,30,50,-0.00132174,0.000136006,0
penetrazione,n = 10,10,Jain,Proportional to Consumption,Similarity-Utilization,CER_5_5_0,CER_2_8_0,50,80,-0.00174931,0.00824127,0
penetrazione,n = 10,10,Jain,Proportional to Consumption,Adaptive Sampling Shapley,CER_7_3_0,CER_5_5_0,30,50,0.00329668,-9.74924e-05,0
penetrazione,n = 10,10,Jain,Proportional to Consumption,Adaptive Sampling Shapley,CER_5_5_0,CER_2_8_0,50,80,-9.74924e-05,0.00245853,0
penetrazione,n = 10,10,Jain,Proportional to Consumption,Tri-level EP,CER_7_3_0,CER_5_5_0,30,50,-0.00105347,0.00018388,0
penetrazione,n = 10,10,Jain,Remuneration Model 1,Cascading Tree,CER_7_3_0,CER_5_5_0,30,50,0.00279466,-0.00136305,0
penetrazione,n = 10,10,Jain,Remuneration Model 1,Pearson Key,CER_7_3_0,CER_5_5_0,30,50,-0.00347039,0.000277231,0
penetrazione,n = 10,10,Jain,Remuneration Model 1,Pearson-Sharing Rate,CER_7_3_0,CER_5_5_0,30,50,-0.00343165,0.000271414,0
penetrazione,n = 10,10,Jain,Remuneration Model 1,Similarity-Utilization,CER_5_5_0,CER_2_8_0,50,80,-0.0016139,0.016378,0
penetrazione,n = 10,10,Jain,Remuneration Model 1,Marginal Contribution,CER_7_3_0,CER_5_5_0,30,50,-0.000444321,0.000448594,0
penetrazione,n = 10,10,Jain,Remuneration Model 1,Stratified Expected Value,CER_7_3_0,CER_5_5_0,30,50,-0.00107673,0.000307332,0
penetrazione,n = 10,10,Jain,Remuneration Model 1,Tri-level EP,CER_7_3_0,CER_5_5_0,30,50,-0.00316338,0.000319288,0
penetrazione,n = 10,10,Jain,Cascading Tree,Weighted Solidarity,CER_2_8_0,CER_0_10_0,80,100,-0.00124005,0.0124874,0
penetrazione,n = 10,10,Jain,Cascading Tree,Pearson Key,CER_7_3_0,CER_5_5_0,30,50,-0.00626505,0.00164028,0
penetrazione,n = 10,10,Jain,Cascading Tree,Pearson-Sharing Rate,CER_7_3_0,CER_5_5_0,30,50,-0.00622631,0.00163446,0
penetrazione,n = 10,10,Jain,Cascading Tree,Similarity-Utilization,CER_5_5_0,CER_2_8_0,50,80,-0.000250852,0.0317009,0
penetrazione,n = 10,10,Jain,Cascading Tree,Marginal Contribution,CER_7_3_0,CER_5_5_0,30,50,-0.00323898,0.00181164,0
penetrazione,n = 10,10,Jain,Cascading Tree,Stratified Expected Value,CER_7_3_0,CER_5_5_0,30,50,-0.00387139,0.00167038,0
penetrazione,n = 10,10,Jain,Cascading Tree,Adaptive Sampling Shapley,CER_7_3_0,CER_5_5_0,30,50,-0.00160788,0.00140096,0
penetrazione,n = 10,10,Jain,Cascading Tree,Tri-level EP,CER_7_3_0,CER_5_5_0,30,50,-0.00595804,0.00168233,0
penetrazione,n = 10,10,Jain,Weighted Solidarity,Pearson Key,CER_7_3_0,CER_5_5_0,30,50,-0.00220206,0.00485428,0
penetrazione,n = 10,10,Jain,Weighted Solidarity,Pearson-Sharing Rate,CER_7_3_0,CER_5_5_0,30,50,-0.00216333,0.00484846,0
penetrazione,n = 10,10,Jain,Weighted Solidarity,Similarity-Utilization,CER_7_3_0,CER_5_5_0,30,50,-0.00359836,0.00296315,0
penetrazione,n = 10,10,Jain,Weighted Solidarity,Tri-level EP,CER_7_3_0,CER_5_5_0,30,50,-0.00189506,0.00489634,0
penetrazione,n = 10,10,Jain,Pearson Key,Pearson-Sharing Rate,CER_7_3_0,CER_5_5_0,30,50,3.87366e-05,-5.81726e-06,0
penetrazione,n = 10,10,Jain,Pearson Key,Similarity-Utilization,CER_5_5_0,CER_2_8_0,50,80,-0.00189113,0.00156566,0
penetrazione,n = 10,10,Jain,Pearson Key,Similarity-Utilization,CER_2_8_0,CER_0_10_0,80,100,0.00156566,-0.00603719,0
penetrazione,n = 10,10,Jain,Pearson Key,Marginal Contribution,CER_5_5_0,CER_2_8_0,50,80,0.000171363,-0.0018549,0
penetrazione,n = 10,10,Jain,Pearson Key,Stratified Expected Value,CER_5_5_0,CER_2_8_0,50,80,3.01014e-05,-0.000874871,0
penetrazione,n = 10,10,Jain,Pearson Key,Adaptive Sampling Shapley,CER_7_3_0,CER_5_5_0,30,50,0.00465716,-0.000239315,0
penetrazione,n = 10,10,Jain,Pearson Key,Tri-level EP,CER_5_5_0,CER_2_8_0,50,80,4.2057e-05,-0.000314577,0
penetrazione,n = 10,10,Jain,Pearson Key,Tri-level EP,CER_2_8_0,CER_0_10_0,80,100,-0.000314577,0.000629438,0
penetrazione,n = 10,10,Jain,Pearson-Sharing Rate,Similarity-Utilization,CER_5_5_0,CER_2_8_0,50,80,-0.00188531,0.00165226,0
penetrazione,n = 10,10,Jain,Pearson-Sharing Rate,Similarity-Utilization,CER_2_8_0,CER_0_10_0,80,100,0.00165226,-0.00589541,0
penetrazione,n = 10,10,Jain,Pearson-Sharing Rate,Marginal Contribution,CER_5_5_0,CER_2_8_0,50,80,0.000177181,-0.0017683,0
penetrazione,n = 10,10,Jain,Pearson-Sharing Rate,Stratified Expected Value,CER_5_5_0,CER_2_8_0,50,80,3.59186e-05,-0.000788275,0
penetrazione,n = 10,10,Jain,Pearson-Sharing Rate,Adaptive Sampling Shapley,CER_7_3_0,CER_5_5_0,30,50,0.00461843,-0.000233498,0
penetrazione,n = 10,10,Jain,Pearson-Sharing Rate,Tri-level EP,CER_5_5_0,CER_2_8_0,50,80,4.78743e-05,-0.000227981,0
penetrazione,n = 10,10,Jain,Pearson-Sharing Rate,Tri-level EP,CER_2_8_0,CER_0_10_0,80,100,-0.000227981,0.000771209,0
penetrazione,n = 10,10,Jain,Similarity-Utilization,Marginal Contribution,CER_5_5_0,CER_2_8_0,50,80,0.00206249,-0.00342056,0
penetrazione,n = 10,10,Jain,Similarity-Utilization,Marginal Contribution,CER_2_8_0,CER_0_10_0,80,100,-0.00342056,0.00552751,0
penetrazione,n = 10,10,Jain,Similarity-Utilization,Stratified Expected Value,CER_5_5_0,CER_2_8_0,50,80,0.00192123,-0.00244053,0
penetrazione,n = 10,10,Jain,Similarity-Utilization,Stratified Expected Value,CER_2_8_0,CER_0_10_0,80,100,-0.00244053,0.00470172,0
penetrazione,n = 10,10,Jain,Similarity-Utilization,Adaptive Sampling Shapley,CER_5_5_0,CER_2_8_0,50,80,0.00165181,-0.00578274,0
penetrazione,n = 10,10,Jain,Similarity-Utilization,Tri-level EP,CER_5_5_0,CER_2_8_0,50,80,0.00193319,-0.00188024,0
penetrazione,n = 10,10,Jain,Similarity-Utilization,Tri-level EP,CER_2_8_0,CER_0_10_0,80,100,-0.00188024,0.00666662,0
penetrazione,n = 10,10,Jain,Marginal Contribution,Stratified Expected Value,CER_5_5_0,CER_2_8_0,50,80,-0.000141262,0.000980028,0
penetrazione,n = 10,10,Jain,Marginal Contribution,Stratified Expected Value,CER_2_8_0,CER_0_10_0,80,100,0.000980028,-0.000825794,0
penetrazione,n = 10,10,Jain,Marginal Contribution,Adaptive Sampling Shapley,CER_7_3_0,CER_5_5_0,30,50,0.0016311,-0.000410679,0
penetrazione,n = 10,10,Jain,Marginal Contribution,Tri-level EP,CER_5_5_0,CER_2_8_0,50,80,-0.000129306,0.00154032,0
penetrazione,n = 10,10,Jain,Stratified Expected Value,Adaptive Sampling Shapley,CER_7_3_0,CER_5_5_0,30,50,0.00226351,-0.000269417,0
penetrazione,n = 10,10,Jain,Stratified Expected Value,Tri-level EP,CER_7_3_0,CER_5_5_0,30,50,-0.00208665,1.19557e-05,0
penetrazione,n = 10,10,Jain,Adaptive Sampling Shapley,Tri-level EP,CER_7_3_0,CER_5_5_0,30,50,-0.00435016,0.000281372,0
penetrazione,n = 10,10,Gini,Variance Least Core,Proportional to Consumption,CER_5_5_0,CER_2_8_0,50,80,0.0535529,-0.0850546,0
penetrazione,n = 10,10,Gini,Variance Least Core,Cascading Tree,CER_7_3_0,CER_5_5_0,30,50,0.115774,-0.244516,0
penetrazione,n = 10,10,Gini,Variance Least Core,Similarity-Utilization,CER_2_8_0,CER_0_10_0,80,100,0.088876,-0.0104584,0
penetrazione,n = 10,10,Gini,Variance Least Core,Marginal Contribution,CER_7_3_0,CER_5_5_0,30,50,0.0123942,-0.021879,0
penetrazione,n = 10,10,Gini,Variance Least Core,Stratified Expected Value,CER_7_3_0,CER_5_5_0,30,50,0.0055003,-0.00356205,0
penetrazione,n = 10,10,Gini,Variance Least Core,Adaptive Sampling Shapley,CER_7_3_0,CER_5_5_0,30,50,0.0168968,-0.144601,0
penetrazione,n = 10,10,Gini,Proportional to Consumption,Similarity-Utilization,CER_7_3_0,CER_5_5_0,30,50,-0.0102728,0.0399349,0
penetrazione,n = 10,10,Gini,Proportional to Consumption,Marginal Contribution,CER_5_5_0,CER_2_8_0,50,80,-0.0754319,0.052264,0
penetrazione,n = 10,10,Gini,Proportional to Consumption,Marginal Contribution,CER_2_8_0,CER_0_10_0,80,100,0.052264,-0.00559255,0
penetrazione,n = 10,10,Gini,Proportional to Consumption,Stratified Expected Value,CER_5_5_0,CER_2_8_0,50,80,-0.0571149,0.0734953,0
penetrazione,n = 10,10,Gini,Proportional to Consumption,Stratified Expected Value,CER_2_8_0,CER_0_10_0,80,100,0.0734953,-0.0122976,0
penetrazione,n = 10,10,Gini,Remuneration Model 1,Cascading Tree,CER_5_5_0,CER_2_8_0,50,80,0.000608388,-0.18404,0
penetrazione,n = 10,10,Gini,Remuneration Model 1,Weighted Solidarity,CER_5_5_0,CER_2_8_0,50,80,0.0335279,-0.06265,0
penetrazione,n = 10,10,Gini,Remuneration Model 1,Weighted Solidarity,CER_2_8_0,CER_0_10_0,80,100,-0.06265,0.0461559,0
penetrazione,n = 10,10,Gini,Cascading Tree,Weighted Solidarity,CER_7_3_0,CER_5_5_0,30,50,-0.122844,0.0329195,0
penetrazione,n = 10,10,Gini,Cascading Tree,Marginal Contribution,CER_7_3_0,CER_5_5_0,30,50,-0.10338,0.222637,0
penetrazione,n = 10,10,Gini,Cascading Tree,Stratified Expected Value,CER_7_3_0,CER_5_5_0,30,50,-0.110274,0.240954,0
penetrazione,n = 10,10,Gini,Cascading Tree,Adaptive Sampling Shapley,CER_7_3_0,CER_5_5_0,30,50,-0.0988771,0.0999145,0
penetrazione,n = 10,10,Gini,Pearson Key,Similarity-Utilization,CER_5_5_0,CER_2_8_0,50,80,-0.0299088,0.0301724,0
penetrazione,n = 10,10,Gini,Pearson Key,Similarity-Utilization,CER_2_8_0,CER_0_10_0,80,100,0.0301724,-0.0486607,0
penetrazione,n = 10,10,Gini,Pearson Key,Tri-level EP,CER_7_3_0,CER_5_5_0,30,50,0.00514399,-0.00239446,0
penetrazione,n = 10,10,Gini,Pearson Key,Tri-level EP,CER_2_8_0,CER_0_10_0,80,100,-0.00522695,0.00868865,0
penetrazione,n = 10,10,Gini,Pearson-Sharing Rate,Similarity-Utilization,CER_5_5_0,CER_2_8_0,50,80,-0.0283205,0.0328444,0
penetrazione,n = 10,10,Gini,Pearson-Sharing Rate,Similarity-Utilization,CER_2_8_0,CER_0_10_0,80,100,0.0328444,-0.0464728,0
penetrazione,n = 10,10,Gini,Pearson-Sharing Rate,Tri-level EP,CER_7_3_0,CER_5_5_0,30,50,0.0053742,-0.000806097,0
penetrazione,n = 10,10,Gini,Pearson-Sharing Rate,Tri-level EP,CER_2_8_0,CER_0_10_0,80,100,-0.00255493,0.0108765,0
penetrazione,n = 10,10,Gini,Similarity-Utilization,Tri-level EP,CER_5_5_0,CER_2_8_0,50,80,0.0275144,-0.0353994,0
penetrazione,n = 10,10,Gini,Similarity-Utilization,Tri-level EP,CER_2_8_0,CER_0_10_0,80,100,-0.0353994,0.0573494,0
penetrazione,n = 10,10,Gini,Marginal Contribution,Stratified Expected Value,CER_7_3_0,CER_5_5_0,30,50,-0.00689388,0.0183169,0
penetrazione,n = 10,10,Gini,Marginal Contribution,Stratified Expected Value,CER_2_8_0,CER_0_10_0,80,100,0.0212313,-0.00670506,0
penetrazione,n = 10,10,Gini,Marginal Contribution,Adaptive Sampling Shapley,CER_7_3_0,CER_5_5_0,30,50,0.00450262,-0.122722,0
penetrazione,n = 10,10,Gini,Stratified Expected Value,Adaptive Sampling Shapley,CER_7_3_0,CER_5_5_0,30,50,0.0113965,-0.141039,0
penetrazione,n = 10,10,FairnessIndex,Variance Least Core,Stratified Expected Value,CER_7_3_0,CER_5_5_0,30,50,0.024519,-0.00078953,0
penetrazione,n = 10,10,FairnessIndex,Variance Least Core,Stratified Expected Value,CER_5_5_0,CER_2_8_0,50,80,-0.00078953,0.00132031,0
penetrazione,n = 10,10,FairnessIndex,Variance Least Core,Stratified Expected Value,CER_2_8_0,CER_0_10_0,80,100,0.00132031,-0.0245292,0
penetrazione,n = 10,10,FairnessIndex,Equal Split,Proportional to Consumption,CER_7_3_0,CER_5_5_0,30,50,0.134366,-0.21836,0
penetrazione,n = 10,10,FairnessIndex,Equal Split,Cascading Tree,CER_2_8_0,CER_0_10_0,80,100,0.0355965,-0.0194132,0
penetrazione,n = 10,10,FairnessIndex,Equal Split,Pearson Key,CER_7_3_0,CER_5_5_0,30,50,0.189067,-0.162334,0
penetrazione,n = 10,10,FairnessIndex,Equal Split,Pearson-Sharing Rate,CER_7_3_0,CER_5_5_0,30,50,0.187976,-0.16423,0
penetrazione,n = 10,10,FairnessIndex,Equal Split,Similarity-Utilization,CER_7_3_0,CER_5_5_0,30,50,0.191421,-0.125377,0
penetrazione,n = 10,10,FairnessIndex,Equal Split,Tri-level EP,CER_7_3_0,CER_5_5_0,30,50,0.182077,-0.170827,0
penetrazione,n = 10,10,FairnessIndex,Proportional to Consumption,Remuneration Model 1,CER_7_3_0,CER_5_5_0,30,50,-0.193311,0.121713,0
penetrazione,n = 10,10,FairnessIndex,Proportional to Consumption,Remuneration Model 1,CER_2_8_0,CER_0_10_0,80,100,0.175857,-0.0736714,0
penetrazione,n = 10,10,FairnessIndex,Proportional to Consumption,Cascading Tree,CER_7_3_0,CER_5_5_0,30,50,-0.00499136,0.347639,0
penetrazione,n = 10,10,FairnessIndex,Proportional to Consumption,Weighted Solidarity,CER_7_3_0,CER_5_5_0,30,50,-0.0622201,0.263776,0
penetrazione,n = 10,10,FairnessIndex,Proportional to Consumption,Pearson Key,CER_5_5_0,CER_2_8_0,50,80,0.0560257,-0.0455407,0
penetrazione,n = 10,10,FairnessIndex,Proportional to Consumption,Pearson-Sharing Rate,CER_5_5_0,CER_2_8_0,50,80,0.0541301,-0.04765,0
penetrazione,n = 10,10,FairnessIndex,Proportional to Consumption,Similarity-Utilization,CER_2_8_0,CER_0_10_0,80,100,0.0221304,-0.0897397,0
penetrazione,n = 10,10,FairnessIndex,Proportional to Consumption,Adaptive Sampling Shapley,CER_7_3_0,CER_5_5_0,30,50,-0.135531,0.016291,0
penetrazione,n = 10,10,FairnessIndex,Proportional to Consumption,Adaptive Sampling Shapley,CER_5_5_0,CER_2_8_0,50,80,0.016291,-0.0713744,0
penetrazione,n = 10,10,FairnessIndex,Proportional to Consumption,Tri-level EP,CER_5_5_0,CER_2_8_0,50,80,0.0475334,-0.04976,0
penetrazione,n = 10,10,FairnessIndex,Remuneration Model 1,Pearson Key,CER_7_3_0,CER_5_5_0,30,50,0.248011,-0.0656869,0
penetrazione,n = 10,10,FairnessIndex,Remuneration Model 1,Pearson Key,CER_2_8_0,CER_0_10_0,80,100,-0.221398,0.0207959,0
penetrazione,n = 10,10,FairnessIndex,Remuneration Model 1,Pearson-Sharing Rate,CER_7_3_0,CER_5_5_0,30,50,0.24692,-0.0675825,0
penetrazione,n = 10,10,FairnessIndex,Remuneration Model 1,Pearson-Sharing Rate,CER_2_8_0,CER_0_10_0,80,100,-0.223507,0.0201656,0
penetrazione,n = 10,10,FairnessIndex,Remuneration Model 1,Similarity-Utilization,CER_7_3_0,CER_5_5_0,30,50,0.250365,-0.0287291,0
penetrazione,n = 10,10,FairnessIndex,Remuneration Model 1,Adaptive Sampling Shapley,CER_7_3_0,CER_5_5_0,30,50,0.0577798,-0.105421,0
penetrazione,n = 10,10,FairnessIndex,Remuneration Model 1,Tri-level EP,CER_7_3_0,CER_5_5_0,30,50,0.241022,-0.0741792,0
penetrazione,n = 10,10,FairnessIndex,Remuneration Model 1,Tri-level EP,CER_2_8_0,CER_0_10_0,80,100,-0.225617,0.0257264,0
penetrazione,n = 10,10,FairnessIndex,Cascading Tree,Weighted Solidarity,CER_5_5_0,CER_2_8_0,50,80,-0.0838632,0.0144289,0
penetrazione,n = 10,10,FairnessIndex,Cascading Tree,Pearson Key,CER_7_3_0,CER_5_5_0,30,50,0.0596916,-0.291613,0
penetrazione,n = 10,10,FairnessIndex,Cascading Tree,Pearson-Sharing Rate,CER_7_3_0,CER_5_5_0,30,50,0.0586009,-0.293509,0
penetrazione,n = 10,10,FairnessIndex,Cascading Tree,Similarity-Utilization,CER_7_3_0,CER_5_5_0,30,50,0.0620459,-0.254656,0
penetrazione,n = 10,10,FairnessIndex,Cascading Tree,Tri-level EP,CER_7_3_0,CER_5_5_0,30,50,0.0527022,-0.300106,0
penetrazione,n = 10,10,FairnessIndex,Weighted Solidarity,Pearson Key,CER_7_3_0,CER_5_5_0,30,50,0.11692,-0.20775,0
penetrazione,n = 10,10,FairnessIndex,Weighted Solidarity,Pearson-Sharing Rate,CER_7_3_0,CER_5_5_0,30,50,0.11583,-0.209646,0
penetrazione,n = 10,10,FairnessIndex,Weighted Solidarity,Similarity-Utilization,CER_7_3_0,CER_5_5_0,30,50,0.119275,-0.170792,0
penetrazione,n = 10,10,FairnessIndex,Weighted Solidarity,Tri-level EP,CER_7_3_0,CER_5_5_0,30,50,0.109931,-0.216242,0
penetrazione,n = 10,10,FairnessIndex,Pearson Key,Similarity-Utilization,CER_2_8_0,CER_0_10_0,80,100,0.0676711,-0.0368642,0
penetrazione,n = 10,10,FairnessIndex,Pearson Key,Tri-level EP,CER_2_8_0,CER_0_10_0,80,100,-0.00421928,0.00493045,0
penetrazione,n = 10,10,FairnessIndex,Pearson-Sharing Rate,Similarity-Utilization,CER_2_8_0,CER_0_10_0,80,100,0.0697805,-0.0362339,0
penetrazione,n = 10,10,FairnessIndex,Pearson-Sharing Rate,Tri-level EP,CER_2_8_0,CER_0_10_0,80,100,-0.00210992,0.00556074,0
penetrazione,n = 10,10,FairnessIndex,Similarity-Utilization,Tri-level EP,CER_2_8_0,CER_0_10_0,80,100,-0.0718904,0.0417947,0
penetrazione,n = 10,10,Sigma,Variance Least Core,Stratified Expected Value,CER_7_3_0,CER_5_5_0,30,50,0.00493421,-0.000255492,0
penetrazione,n = 10,10,Sigma,Variance Least Core,Stratified Expected Value,CER_5_5_0,CER_2_8_0,50,80,-0.000255492,0.000793968,0
penetrazione,n = 10,10,Sigma,Variance Least Core,Stratified Expected Value,CER_2_8_0,CER_0_10_0,80,100,0.000793968,-0.00768959,0
penetrazione,n = 10,10,Sigma,Equal Split,Proportional to Consumption,CER_7_3_0,CER_5_5_0,30,50,0.0356591,-0.0435916,0
penetrazione,n = 10,10,Sigma,Equal Split,Cascading Tree,CER_2_8_0,CER_0_10_0,80,100,0.00787115,-0.00929072,0
penetrazione,n = 10,10,Sigma,Equal Split,Weighted Solidarity,CER_2_8_0,CER_0_10_0,80,100,0.0145456,-0.00449767,0
penetrazione,n = 10,10,Sigma,Equal Split,Pearson Key,CER_7_3_0,CER_5_5_0,30,50,0.0421173,-0.0352072,0
penetrazione,n = 10,10,Sigma,Equal Split,Pearson-Sharing Rate,CER_7_3_0,CER_5_5_0,30,50,0.0419631,-0.0354929,0
penetrazione,n = 10,10,Sigma,Equal Split,Similarity-Utilization,CER_7_3_0,CER_5_5_0,30,50,0.0445648,-0.0225525,0
penetrazione,n = 10,10,Sigma,Equal Split,Tri-level EP,CER_7_3_0,CER_5_5_0,30,50,0.0416068,-0.0358785,0
penetrazione,n = 10,10,Sigma,Proportional to Consumption,Remuneration Model 1,CER_7_3_0,CER_5_5_0,30,50,-0.0480449,0.0191584,0
penetrazione,n = 10,10,Sigma,Proportional to Consumption,Cascading Tree,CER_7_3_0,CER_5_5_0,30,50,-0.0081946,0.0677315,0
penetrazione,n = 10,10,Sigma,Proportional to Consumption,Weighted Solidarity,CER_7_3_0,CER_5_5_0,30,50,-0.0213329,0.0610963,0
penetrazione,n = 10,10,Sigma,Proportional to Consumption,Pearson Key,CER_5_5_0,CER_2_8_0,50,80,0.00838439,-0.00637835,0
penetrazione,n = 10,10,Sigma,Proportional to Consumption,Pearson-Sharing Rate,CER_5_5_0,CER_2_8_0,50,80,0.0080987,-0.0069325,0
penetrazione,n = 10,10,Sigma,Proportional to Consumption,Similarity-Utilization,CER_2_8_0,CER_0_10_0,80,100,0.0237507,-0.0158216,0
penetrazione,n = 10,10,Sigma,Proportional to Consumption,Tri-level EP,CER_5_5_0,CER_2_8_0,50,80,0.00771316,-0.00806849,0
penetrazione,n = 10,10,Sigma,Remuneration Model 1,Pearson Key,CER_7_3_0,CER_5_5_0,30,50,0.0545031,-0.010774,0
penetrazione,n = 10,10,Sigma,Remuneration Model 1,Pearson-Sharing Rate,CER_7_3_0,CER_5_5_0,30,50,0.0543489,-0.0110597,0
penetrazione,n = 10,10,Sigma,Remuneration Model 1,Similarity-Utilization,CER_5_5_0,CER_2_8_0,50,80,0.00188068,-0.0278758,0
penetrazione,n = 10,10,Sigma,Remuneration Model 1,Adaptive Sampling Shapley,CER_7_3_0,CER_5_5_0,30,50,0.00910721,-0.021612,0
penetrazione,n = 10,10,Sigma,Remuneration Model 1,Tri-level EP,CER_7_3_0,CER_5_5_0,30,50,0.0539927,-0.0114453,0
penetrazione,n = 10,10,Sigma,Cascading Tree,Weighted Solidarity,CER_5_5_0,CER_2_8_0,50,80,-0.00663517,0.00667447,0
penetrazione,n = 10,10,Sigma,Cascading Tree,Pearson Key,CER_7_3_0,CER_5_5_0,30,50,0.0146528,-0.0593471,0
penetrazione,n = 10,10,Sigma,Cascading Tree,Pearson-Sharing Rate,CER_7_3_0,CER_5_5_0,30,50,0.0144986,-0.0596328,0
penetrazione,n = 10,10,Sigma,Cascading Tree,Similarity-Utilization,CER_7_3_0,CER_5_5_0,30,50,0.0171003,-0.0466924,0
penetrazione,n = 10,10,Sigma,Cascading Tree,Tri-level EP,CER_7_3_0,CER_5_5_0,30,50,0.0141424,-0.0600183,0
penetrazione,n = 10,10,Sigma,Weighted Solidarity,Pearson Key,CER_7_3_0,CER_5_5_0,30,50,0.0277911,-0.0527119,0
penetrazione,n = 10,10,Sigma,Weighted Solidarity,Pearson-Sharing Rate,CER_7_3_0,CER_5_5_0,30,50,0.0276369,-0.0529976,0
penetrazione,n = 10,10,Sigma,Weighted Solidarity,Similarity-Utilization,CER_7_3_0,CER_5_5_0,30,50,0.0302386,-0.0400572,0
penetrazione,n = 10,10,Sigma,Weighted Solidarity,Tri-level EP,CER_7_3_0,CER_5_5_0,30,50,0.0272806,-0.0533832,0
penetrazione,n = 10,10,Sigma,Pearson Key,Similarity-Utilization,CER_2_8_0,CER_0_10_0,80,100,0.0301291,-0.00931085,0
penetrazione,n = 10,10,Sigma,Pearson Key,Tri-level EP,CER_2_8_0,CER_0_10_0,80,100,-0.00169015,0.00174099,0
penetrazione,n = 10,10,Sigma,Pearson-Sharing Rate,Similarity-Utilization,CER_2_8_0,CER_0_10_0,80,100,0.0306832,-0.00915439,0
penetrazione,n = 10,10,Sigma,Pearson-Sharing Rate,Tri-level EP,CER_2_8_0,CER_0_10_0,80,100,-0.001136,0.00189746,0
penetrazione,n = 10,10,Sigma,Similarity-Utilization,Tri-level EP,CER_2_8_0,CER_0_10_0,80,100,-0.0318192,0.0110518,0
penetrazione,n = 10,10,EccessoMax_EUR,Equal Split,Cascading Tree,CER_2_8_0,CER_0_10_0,80,100,7.37428,-0.962833,0
penetrazione,n = 10,10,EccessoMax_EUR,Equal Split,Similarity-Utilization,CER_7_3_0,CER_5_5_0,30,50,44.3403,-30.029,0
penetrazione,n = 10,10,EccessoMax_EUR,Proportional to Consumption,Remuneration Model 1,CER_7_3_0,CER_5_5_0,30,50,-23.5759,35.0291,0
penetrazione,n = 10,10,EccessoMax_EUR,Proportional to Consumption,Remuneration Model 1,CER_2_8_0,CER_0_10_0,80,100,24.0281,-5.34196,0
penetrazione,n = 10,10,EccessoMax_EUR,Proportional to Consumption,Pearson Key,CER_5_5_0,CER_2_8_0,50,80,0.909629,-22.8219,0
penetrazione,n = 10,10,EccessoMax_EUR,Proportional to Consumption,Pearson-Sharing Rate,CER_5_5_0,CER_2_8_0,50,80,0.182037,-23.4672,0
penetrazione,n = 10,10,EccessoMax_EUR,Proportional to Consumption,Similarity-Utilization,CER_2_8_0,CER_0_10_0,80,100,0.857481,-5.36692,0
penetrazione,n = 10,10,EccessoMax_EUR,Proportional to Consumption,Adaptive Sampling Shapley,CER_7_3_0,CER_5_5_0,30,50,-15.9561,3.56024,0
penetrazione,n = 10,10,EccessoMax_EUR,Proportional to Consumption,Adaptive Sampling Shapley,CER_5_5_0,CER_2_8_0,50,80,3.56024,-24.1047,0
penetrazione,n = 10,10,EccessoMax_EUR,Proportional to Consumption,Tri-level EP,CER_7_3_0,CER_5_5_0,30,50,1.5724,-1.32039,0
penetrazione,n = 10,10,EccessoMax_EUR,Remuneration Model 1,Pearson Key,CER_7_3_0,CER_5_5_0,30,50,29.0663,-34.1195,0
penetrazione,n = 10,10,EccessoMax_EUR,Remuneration Model 1,Pearson Key,CER_2_8_0,CER_0_10_0,80,100,-46.8499,0.511282,0
penetrazione,n = 10,10,EccessoMax_EUR,Remuneration Model 1,Pearson-Sharing Rate,CER_7_3_0,CER_5_5_0,30,50,27.9906,-34.8471,0
penetrazione,n = 10,10,EccessoMax_EUR,Remuneration Model 1,Pearson-Sharing Rate,CER_2_8_0,CER_0_10_0,80,100,-47.4953,0.550417,0
penetrazione,n = 10,10,EccessoMax_EUR,Remuneration Model 1,Similarity-Utilization,CER_5_5_0,CER_2_8_0,50,80,12.3686,-23.1706,0
penetrazione,n = 10,10,EccessoMax_EUR,Remuneration Model 1,Adaptive Sampling Shapley,CER_7_3_0,CER_5_5_0,30,50,7.61976,-31.4689,0
penetrazione,n = 10,10,EccessoMax_EUR,Remuneration Model 1,Tri-level EP,CER_7_3_0,CER_5_5_0,30,50,25.1483,-36.3495,0
penetrazione,n = 10,10,EccessoMax_EUR,Remuneration Model 1,Tri-level EP,CER_2_8_0,CER_0_10_0,80,100,-49.5071,0.916837,0
penetrazione,n = 10,10,EccessoMax_EUR,Cascading Tree,Weighted Solidarity,CER_7_3_0,CER_5_5_0,30,50,13.4826,-25.0486,0
penetrazione,n = 10,10,EccessoMax_EUR,Cascading Tree,Weighted Solidarity,CER_5_5_0,CER_2_8_0,50,80,-25.0486,6.94757,0
penetrazione,n = 10,10,EccessoMax_EUR,Cascading Tree,Similarity-Utilization,CER_7_3_0,CER_5_5_0,30,50,17.7661,-69.7245,0
penetrazione,n = 10,10,EccessoMax_EUR,Weighted Solidarity,Similarity-Utilization,CER_7_3_0,CER_5_5_0,30,50,4.28346,-44.6759,0
penetrazione,n = 10,10,EccessoMax_EUR,Pearson Key,Pearson-Sharing Rate,CER_2_8_0,CER_0_10_0,80,100,-0.645369,0.0391351,0
penetrazione,n = 10,10,EccessoMax_EUR,Pearson Key,Similarity-Utilization,CER_2_8_0,CER_0_10_0,80,100,23.6794,-0.536242,0
penetrazione,n = 10,10,EccessoMax_EUR,Pearson Key,Adaptive Sampling Shapley,CER_7_3_0,CER_5_5_0,30,50,-21.4466,2.65061,0
penetrazione,n = 10,10,EccessoMax_EUR,Pearson Key,Adaptive Sampling Shapley,CER_5_5_0,CER_2_8_0,50,80,2.65061,-1.28284,0
penetrazione,n = 10,10,EccessoMax_EUR,Pearson Key,Tri-level EP,CER_2_8_0,CER_0_10_0,80,100,-2.6572,0.405556,0
penetrazione,n = 10,10,EccessoMax_EUR,Pearson-Sharing Rate,Similarity-Utilization,CER_2_8_0,CER_0_10_0,80,100,24.3247,-0.575377,0
penetrazione,n = 10,10,EccessoMax_EUR,Pearson-Sharing Rate,Adaptive Sampling Shapley,CER_7_3_0,CER_5_5_0,30,50,-20.3709,3.3782,0
penetrazione,n = 10,10,EccessoMax_EUR,Pearson-Sharing Rate,Adaptive Sampling Shapley,CER_5_5_0,CER_2_8_0,50,80,3.3782,-0.637475,0
penetrazione,n = 10,10,EccessoMax_EUR,Pearson-Sharing Rate,Tri-level EP,CER_2_8_0,CER_0_10_0,80,100,-2.01183,0.366421,0
penetrazione,n = 10,10,EccessoMax_EUR,Similarity-Utilization,Tri-level EP,CER_2_8_0,CER_0_10_0,80,100,-26.3366,0.941797,0
penetrazione,n = 10,10,EccessoMax_EUR,Marginal Contribution,Stratified Expected Value,CER_2_8_0,CER_0_10_0,80,100,-1.16154,0.0128596,0
penetrazione,n = 10,10,EccessoMax_EUR,Adaptive Sampling Shapley,Tri-level EP,CER_7_3_0,CER_5_5_0,30,50,17.5285,-4.88063,0
penetrazione,n = 10,10,EccessoMax_EUR,Adaptive Sampling Shapley,Tri-level EP,CER_2_8_0,CER_0_10_0,80,100,-1.37436,3.80425,0
penetrazione,n = 10,10,CoalizioniInstabili,Equal Split,Proportional to Consumption,CER_7_3_0,CER_5_5_0,30,50,226,-121,0
penetrazione,n = 10,10,CoalizioniInstabili,Equal Split,Cascading Tree,CER_2_8_0,CER_0_10_0,80,100,7,-43,0
penetrazione,n = 10,10,CoalizioniInstabili,Equal Split,Weighted Solidarity,CER_2_8_0,CER_0_10_0,80,100,15,-111,0
penetrazione,n = 10,10,CoalizioniInstabili,Equal Split,Pearson Key,CER_7_3_0,CER_5_5_0,30,50,237,-14,0
penetrazione,n = 10,10,CoalizioniInstabili,Equal Split,Pearson-Sharing Rate,CER_7_3_0,CER_5_5_0,30,50,237,-17,0
penetrazione,n = 10,10,CoalizioniInstabili,Equal Split,Similarity-Utilization,CER_7_3_0,CER_5_5_0,30,50,185,-39,0
penetrazione,n = 10,10,CoalizioniInstabili,Equal Split,Similarity-Utilization,CER_5_5_0,CER_2_8_0,50,80,-39,3,0
penetrazione,n = 10,10,CoalizioniInstabili,Equal Split,Similarity-Utilization,CER_2_8_0,CER_0_10_0,80,100,3,-383,0
penetrazione,n = 10,10,CoalizioniInstabili,Equal Split,Tri-level EP,CER_7_3_0,CER_5_5_0,30,50,247,-23,0
penetrazione,n = 10,10,CoalizioniInstabili,Proportional to Consumption,Remuneration Model 1,CER_7_3_0,CER_5_5_0,30,50,-304,39,0
penetrazione,n = 10,10,CoalizioniInstabili,Proportional to Consumption,Cascading Tree,CER_7_3_0,CER_5_5_0,30,50,-197,146,0
penetrazione,n = 10,10,CoalizioniInstabili,Proportional to Consumption,Weighted Solidarity,CER_7_3_0,CER_5_5_0,30,50,-187,131,0
penetrazione,n = 10,10,CoalizioniInstabili,Proportional to Consumption,Pearson Key,CER_5_5_0,CER_2_8_0,50,80,107,-87,0
penetrazione,n = 10,10,CoalizioniInstabili,Proportional to Consumption,Pearson-Sharing Rate,CER_5_5_0,CER_2_8_0,50,80,104,-93,0
penetrazione,n = 10,10,CoalizioniInstabili,Proportional to Consumption,Similarity-Utilization,CER_7_3_0,CER_5_5_0,30,50,-41,82,0
penetrazione,n = 10,10,CoalizioniInstabili,Proportional to Consumption,Similarity-Utilization,CER_2_8_0,CER_0_10_0,80,100,128,-99,0
penetrazione,n = 10,10,CoalizioniInstabili,Proportional to Consumption,Tri-level EP,CER_5_5_0,CER_2_8_0,50,80,98,-90,0
penetrazione,n = 10,10,CoalizioniInstabili,Proportional to Consumption,Tri-level EP,CER_2_8_0,CER_0_10_0,80,100,-90,13,0
penetrazione,n = 10,10,CoalizioniInstabili,Remuneration Model 1,Pearson Key,CER_5_5_0,CER_2_8_0,50,80,68,-191,0
penetrazione,n = 10,10,CoalizioniInstabili,Remuneration Model 1,Pearson-Sharing Rate,CER_5_5_0,CER_2_8_0,50,80,65,-197,0
penetrazione,n = 10,10,CoalizioniInstabili,Remuneration Model 1,Similarity-Utilization,CER_2_8_0,CER_0_10_0,80,100,24,-215,0
penetrazione,n = 10,10,CoalizioniInstabili,Remuneration Model 1,Tri-level EP,CER_5_5_0,CER_2_8_0,50,80,59,-194,0
penetrazione,n = 10,10,CoalizioniInstabili,Cascading Tree,Weighted Solidarity,CER_7_3_0,CER_5_5_0,30,50,10,-15,0
penetrazione,n = 10,10,CoalizioniInstabili,Cascading Tree,Weighted Solidarity,CER_5_5_0,CER_2_8_0,50,80,-15,8,0
penetrazione,n = 10,10,CoalizioniInstabili,Cascading Tree,Weighted Solidarity,CER_2_8_0,CER_0_10_0,80,100,8,-68,0
penetrazione,n = 10,10,CoalizioniInstabili,Cascading Tree,Pearson Key,CER_7_3_0,CER_5_5_0,30,50,208,-39,0
penetrazione,n = 10,10,CoalizioniInstabili,Cascading Tree,Pearson-Sharing Rate,CER_7_3_0,CER_5_5_0,30,50,208,-42,0
penetrazione,n = 10,10,CoalizioniInstabili,Cascading Tree,Similarity-Utilization,CER_7_3_0,CER_5_5_0,30,50,156,-64,0
penetrazione,n = 10,10,CoalizioniInstabili,Cascading Tree,Tri-level EP,CER_7_3_0,CER_5_5_0,30,50,218,-48,0
penetrazione,n = 10,10,CoalizioniInstabili,Weighted Solidarity,Pearson Key,CER_7_3_0,CER_5_5_0,30,50,198,-24,0
penetrazione,n = 10,10,CoalizioniInstabili,Weighted Solidarity,Pearson-Sharing Rate,CER_7_3_0,CER_5_5_0,30,50,198,-27,0
penetrazione,n = 10,10,CoalizioniInstabili,Weighted Solidarity,Similarity-Utilization,CER_7_3_0,CER_5_5_0,30,50,146,-49,0
penetrazione,n = 10,10,CoalizioniInstabili,Weighted Solidarity,Tri-level EP,CER_7_3_0,CER_5_5_0,30,50,208,-33,0
penetrazione,n = 10,10,CoalizioniInstabili,Pearson Key,Similarity-Utilization,CER_5_5_0,CER_2_8_0,50,80,-25,215,0
penetrazione,n = 10,10,CoalizioniInstabili,Pearson Key,Similarity-Utilization,CER_2_8_0,CER_0_10_0,80,100,215,-91,0
penetrazione,n = 10,10,CoalizioniInstabili,Pearson Key,Tri-level EP,CER_7_3_0,CER_5_5_0,30,50,10,-9,0
penetrazione,n = 10,10,CoalizioniInstabili,Pearson Key,Tri-level EP,CER_2_8_0,CER_0_10_0,80,100,-3,21,0
penetrazione,n = 10,10,CoalizioniInstabili,Pearson-Sharing Rate,Similarity-Utilization,CER_5_5_0,CER_2_8_0,50,80,-22,221,0
penetrazione,n = 10,10,CoalizioniInstabili,Pearson-Sharing Rate,Similarity-Utilization,CER_2_8_0,CER_0_10_0,80,100,221,-88,0
penetrazione,n = 10,10,CoalizioniInstabili,Pearson-Sharing Rate,Tri-level EP,CER_7_3_0,CER_5_5_0,30,50,10,-6,0
penetrazione,n = 10,10,CoalizioniInstabili,Pearson-Sharing Rate,Tri-level EP,CER_5_5_0,CER_2_8_0,50,80,-6,3,0
penetrazione,n = 10,10,CoalizioniInstabili,Similarity-Utilization,Tri-level EP,CER_5_5_0,CER_2_8_0,50,80,16,-218,0
penetrazione,n = 10,10,CoalizioniInstabili,Similarity-Utilization,Tri-level EP,CER_2_8_0,CER_0_10_0,80,100,-218,112,0
penetrazione,n = 10,10,ForzaIncentivante,Variance Least Core,Proportional to Consumption,CER_5_5_0,CER_2_8_0,50,80,-0.0837688,0.172089,0
penetrazione,n = 10,10,ForzaIncentivante,Variance Least Core,Similarity-Utilization,CER_2_8_0,CER_0_10_0,80,100,-0.200872,0.0179735,0
penetrazione,n = 10,10,ForzaIncentivante,Variance Least Core,Stratified Expected Value,CER_7_3_0,CER_5_5_0,30,50,-0.0800217,0.00125684,0
penetrazione,n = 10,10,ForzaIncentivante,Variance Least Core,Stratified Expected Value,CER_5_5_0,CER_2_8_0,50,80,0.00125684,-0.000544963,0
penetrazione,n = 10,10,ForzaIncentivante,Variance Least Core,Stratified Expected Value,CER_2_8_0,CER_0_10_0,80,100,-0.000544963,0.143884,0
penetrazione,n = 10,10,ForzaIncentivante,Equal Split,Cascading Tree,CER_2_8_0,CER_0_10_0,80,100,0.0496684,-0.107736,0
penetrazione,n = 10,10,ForzaIncentivante,Equal Split,Marginal Contribution,CER_7_3_0,CER_5_5_0,30,50,0.00441823,-0.642888,0
penetrazione,n = 10,10,ForzaIncentivante,Equal Split,Adaptive Sampling Shapley,CER_7_3_0,CER_5_5_0,30,50,0.355328,-0.411013,0
penetrazione,n = 10,10,ForzaIncentivante,Proportional to Consumption,Marginal Contribution,CER_5_5_0,CER_2_8_0,50,80,0.13728,-0.12954,0
penetrazione,n = 10,10,ForzaIncentivante,Proportional to Consumption,Stratified Expected Value,CER_5_5_0,CER_2_8_0,50,80,0.0850256,-0.172633,0
penetrazione,n = 10,10,ForzaIncentivante,Proportional to Consumption,Adaptive Sampling Shapley,CER_5_5_0,CER_2_8_0,50,80,0.369155,-0.0415951,0
penetrazione,n = 10,10,ForzaIncentivante,Proportional to Consumption,Adaptive Sampling Shapley,CER_2_8_0,CER_0_10_0,80,100,-0.0415951,0.0709653,0
penetrazione,n = 10,10,ForzaIncentivante,Remuneration Model 1,Marginal Contribution,CER_7_3_0,CER_5_5_0,30,50,0.0419337,-0.450707,0
penetrazione,n = 10,10,ForzaIncentivante,Remuneration Model 1,Adaptive Sampling Shapley,CER_7_3_0,CER_5_5_0,30,50,0.392844,-0.218832,0
penetrazione,n = 10,10,ForzaIncentivante,Cascading Tree,Weighted Solidarity,CER_5_5_0,CER_2_8_0,50,80,-0.230963,0.00806872,0
penetrazione,n = 10,10,ForzaIncentivante,Weighted Solidarity,Adaptive Sampling Shapley,CER_7_3_0,CER_5_5_0,30,50,0.283591,-0.450549,0
penetrazione,n = 10,10,ForzaIncentivante,Pearson Key,Similarity-Utilization,CER_2_8_0,CER_0_10_0,80,100,-0.115393,0.201467,0
penetrazione,n = 10,10,ForzaIncentivante,Pearson Key,Tri-level EP,CER_2_8_0,CER_0_10_0,80,100,0.0153385,-0.0249241,0
penetrazione,n = 10,10,ForzaIncentivante,Pearson-Sharing Rate,Similarity-Utilization,CER_2_8_0,CER_0_10_0,80,100,-0.119237,0.196066,0
penetrazione,n = 10,10,ForzaIncentivante,Pearson-Sharing Rate,Tri-level EP,CER_2_8_0,CER_0_10_0,80,100,0.0114942,-0.0303256,0
penetrazione,n = 10,10,ForzaIncentivante,Similarity-Utilization,Tri-level EP,CER_2_8_0,CER_0_10_0,80,100,0.130731,-0.226391,0
penetrazione,n = 10,10,ForzaIncentivante,Marginal Contribution,Stratified Expected Value,CER_2_8_0,CER_0_10_0,80,100,-0.043093,0.0321316,0
penetrazione,n = 10,10,AllineamentoVirtu,Variance Least Core,Proportional to Consumption,CER_7_3_0,CER_5_5_0,30,50,-0.70503,0.00801421,0
penetrazione,n = 10,10,AllineamentoVirtu,Variance Least Core,Proportional to Consumption,CER_2_8_0,CER_0_10_0,80,100,0.0283804,-0.0276128,0
penetrazione,n = 10,10,AllineamentoVirtu,Variance Least Core,Stratified Expected Value,CER_2_8_0,CER_0_10_0,80,100,-0.00281719,0.00252837,0
penetrazione,n = 10,10,AllineamentoVirtu,Variance Least Core,Adaptive Sampling Shapley,CER_5_5_0,CER_2_8_0,50,80,0.0493871,-0.00087181,0
penetrazione,n = 10,10,AllineamentoVirtu,Variance Least Core,Adaptive Sampling Shapley,CER_2_8_0,CER_0_10_0,80,100,-0.00087181,8.26001e-05,0
penetrazione,n = 10,10,AllineamentoVirtu,Variance Least Core,Tri-level EP,CER_5_5_0,CER_2_8_0,50,80,-0.0197592,0.00188616,0
penetrazione,n = 10,10,AllineamentoVirtu,Variance Least Core,Tri-level EP,CER_2_8_0,CER_0_10_0,80,100,0.00188616,-0.0364816,0
penetrazione,n = 10,10,AllineamentoVirtu,Equal Split,Cascading Tree,CER_2_8_0,CER_0_10_0,80,100,0.637015,-0.818382,0
penetrazione,n = 10,10,AllineamentoVirtu,Equal Split,Marginal Contribution,CER_7_3_0,CER_5_5_0,30,50,0.0104683,-0.909668,0
penetrazione,n = 10,10,AllineamentoVirtu,Equal Split,Adaptive Sampling Shapley,CER_7_3_0,CER_5_5_0,30,50,0.760626,-0.872898,0
penetrazione,n = 10,10,AllineamentoVirtu,Proportional to Consumption,Marginal Contribution,CER_5_5_0,CER_2_8_0,50,80,0.00460314,-0.0281303,0
penetrazione,n = 10,10,AllineamentoVirtu,Proportional to Consumption,Marginal Contribution,CER_2_8_0,CER_0_10_0,80,100,-0.0281303,0.0277309,0
penetrazione,n = 10,10,AllineamentoVirtu,Proportional to Consumption,Stratified Expected Value,CER_7_3_0,CER_5_5_0,30,50,0.505934,-0.0147235,0
penetrazione,n = 10,10,AllineamentoVirtu,Proportional to Consumption,Stratified Expected Value,CER_2_8_0,CER_0_10_0,80,100,-0.0311976,0.0301411,0
penetrazione,n = 10,10,AllineamentoVirtu,Proportional to Consumption,Adaptive Sampling Shapley,CER_5_5_0,CER_2_8_0,50,80,0.0413729,-0.0292522,0
penetrazione,n = 10,10,AllineamentoVirtu,Proportional to Consumption,Adaptive Sampling Shapley,CER_2_8_0,CER_0_10_0,80,100,-0.0292522,0.0276954,0
penetrazione,n = 10,10,AllineamentoVirtu,Remuneration Model 1,Marginal Contribution,CER_7_3_0,CER_5_5_0,30,50,0.138608,-0.236334,0
penetrazione,n = 10,10,AllineamentoVirtu,Remuneration Model 1,Adaptive Sampling Shapley,CER_7_3_0,CER_5_5_0,30,50,0.888765,-0.199564,0
penetrazione,n = 10,10,AllineamentoVirtu,Cascading Tree,Weighted Solidarity,CER_2_8_0,CER_0_10_0,80,100,-0.363232,0.826885,0
penetrazione,n = 10,10,AllineamentoVirtu,Weighted Solidarity,Adaptive Sampling Shapley,CER_7_3_0,CER_5_5_0,30,50,0.560156,-0.986187,0
penetrazione,n = 10,10,AllineamentoVirtu,Pearson Key,Stratified Expected Value,CER_5_5_0,CER_2_8_0,50,80,0.0211711,-0.00136968,0
penetrazione,n = 10,10,AllineamentoVirtu,Pearson Key,Stratified Expected Value,CER_2_8_0,CER_0_10_0,80,100,-0.00136968,0.0388029,0
penetrazione,n = 10,10,AllineamentoVirtu,Pearson Key,Tri-level EP,CER_2_8_0,CER_0_10_0,80,100,0.00333367,-0.000207048,0
penetrazione,n = 10,10,AllineamentoVirtu,Pearson-Sharing Rate,Stratified Expected Value,CER_5_5_0,CER_2_8_0,50,80,0.020728,-0.0017409,0
penetrazione,n = 10,10,AllineamentoVirtu,Pearson-Sharing Rate,Stratified Expected Value,CER_2_8_0,CER_0_10_0,80,100,-0.0017409,0.037284,0
penetrazione,n = 10,10,AllineamentoVirtu,Pearson-Sharing Rate,Tri-level EP,CER_2_8_0,CER_0_10_0,80,100,0.00296245,-0.00172597,0
penetrazione,n = 10,10,AllineamentoVirtu,Marginal Contribution,Stratified Expected Value,CER_2_8_0,CER_0_10_0,80,100,-0.00306724,0.00241026,0
penetrazione,n = 10,10,AllineamentoVirtu,Marginal Contribution,Adaptive Sampling Shapley,CER_5_5_0,CER_2_8_0,50,80,0.0367698,-0.00112186,0
penetrazione,n = 10,10,AllineamentoVirtu,Marginal Contribution,Tri-level EP,CER_5_5_0,CER_2_8_0,50,80,-0.0323765,0.00163611,0
penetrazione,n = 10,10,AllineamentoVirtu,Marginal Contribution,Tri-level EP,CER_2_8_0,CER_0_10_0,80,100,0.00163611,-0.0365997,0
penetrazione,n = 10,10,AllineamentoVirtu,Stratified Expected Value,Adaptive Sampling Shapley,CER_2_8_0,CER_0_10_0,80,100,0.00194538,-0.00244577,0
penetrazione,n = 10,10,AllineamentoVirtu,Stratified Expected Value,Tri-level EP,CER_5_5_0,CER_2_8_0,50,80,-0.0130499,0.00470335,0
penetrazione,n = 10,10,AllineamentoVirtu,Stratified Expected Value,Tri-level EP,CER_2_8_0,CER_0_10_0,80,100,0.00470335,-0.03901,0
penetrazione,n = 10,10,AllineamentoVirtu,Adaptive Sampling Shapley,Tri-level EP,CER_5_5_0,CER_2_8_0,50,80,-0.0691463,0.00275797,0
penetrazione,n = 10,10,AllineamentoVirtu,Adaptive Sampling Shapley,Tri-level EP,CER_2_8_0,CER_0_10_0,80,100,0.00275797,-0.0365642,0
penetrazione,n = 10,10,ForzaIncentivante_lordo,Variance Least Core,Equal Split,CER_2_8_0,CER_0_10_0,80,100,7.33138,-10.6621,0
penetrazione,n = 10,10,ForzaIncentivante_lordo,Variance Least Core,Proportional to Consumption,CER_2_8_0,CER_0_10_0,80,100,3.88753,-0.00405056,0
penetrazione,n = 10,10,ForzaIncentivante_lordo,Variance Least Core,Remuneration Model 1,CER_2_8_0,CER_0_10_0,80,100,4.67806,-6.76919,0
penetrazione,n = 10,10,ForzaIncentivante_lordo,Variance Least Core,Cascading Tree,CER_2_8_0,CER_0_10_0,80,100,9.00026,-9.53353,0
penetrazione,n = 10,10,ForzaIncentivante_lordo,Variance Least Core,Weighted Solidarity,CER_2_8_0,CER_0_10_0,80,100,8.75345,-11.6644,0
penetrazione,n = 10,10,ForzaIncentivante_lordo,Variance Least Core,Pearson Key,CER_2_8_0,CER_0_10_0,80,100,-0.41831,3.83911,0
penetrazione,n = 10,10,ForzaIncentivante_lordo,Variance Least Core,Pearson-Sharing Rate,CER_2_8_0,CER_0_10_0,80,100,-0.36306,3.79676,0
penetrazione,n = 10,10,ForzaIncentivante_lordo,Variance Least Core,Similarity-Utilization,CER_2_8_0,CER_0_10_0,80,100,-5.51401,1.48315,0
penetrazione,n = 10,10,ForzaIncentivante_lordo,Variance Least Core,Marginal Contribution,CER_2_8_0,CER_0_10_0,80,100,0.391554,-1.15892,0
penetrazione,n = 10,10,ForzaIncentivante_lordo,Variance Least Core,Adaptive Sampling Shapley,CER_2_8_0,CER_0_10_0,80,100,0.657408,-2.79353,0
penetrazione,n = 10,10,ForzaIncentivante_lordo,Variance Least Core,Tri-level EP,CER_5_5_0,CER_2_8_0,50,80,-1.70103,0.0951775,0
penetrazione,n = 10,10,ForzaIncentivante_lordo,Equal Split,Proportional to Consumption,CER_2_8_0,CER_0_10_0,80,100,-3.44385,10.6581,0
penetrazione,n = 10,10,ForzaIncentivante_lordo,Equal Split,Remuneration Model 1,CER_2_8_0,CER_0_10_0,80,100,-2.65332,3.89296,0
penetrazione,n = 10,10,ForzaIncentivante_lordo,Equal Split,Weighted Solidarity,CER_7_3_0,CER_5_5_0,30,50,-0.79298,0.648946,0
penetrazione,n = 10,10,ForzaIncentivante_lordo,Equal Split,Weighted Solidarity,CER_2_8_0,CER_0_10_0,80,100,1.42206,-1.00224,0
penetrazione,n = 10,10,ForzaIncentivante_lordo,Equal Split,Pearson Key,CER_2_8_0,CER_0_10_0,80,100,-7.74969,14.5013,0
penetrazione,n = 10,10,ForzaIncentivante_lordo,Equal Split,Pearson-Sharing Rate,CER_2_8_0,CER_0_10_0,80,100,-7.69445,14.4589,0
penetrazione,n = 10,10,ForzaIncentivante_lordo,Equal Split,Similarity-Utilization,CER_2_8_0,CER_0_10_0,80,100,-12.8454,12.1453,0
penetrazione,n = 10,10,ForzaIncentivante_lordo,Equal Split,Marginal Contribution,CER_2_8_0,CER_0_10_0,80,100,-6.93983,9.50322,0
penetrazione,n = 10,10,ForzaIncentivante_lordo,Equal Split,Stratified Expected Value,CER_2_8_0,CER_0_10_0,80,100,-7.94464,9.10945,0
penetrazione,n = 10,10,ForzaIncentivante_lordo,Equal Split,Adaptive Sampling Shapley,CER_7_3_0,CER_5_5_0,30,50,0.0286356,-4.26065,0
penetrazione,n = 10,10,ForzaIncentivante_lordo,Equal Split,Adaptive Sampling Shapley,CER_2_8_0,CER_0_10_0,80,100,-6.67398,7.86862,0
penetrazione,n = 10,10,ForzaIncentivante_lordo,Equal Split,Tri-level EP,CER_2_8_0,CER_0_10_0,80,100,-7.23621,14.7817,0
penetrazione,n = 10,10,ForzaIncentivante_lordo,Proportional to Consumption,Remuneration Model 1,CER_2_8_0,CER_0_10_0,80,100,0.790534,-6.76514,0
penetrazione,n = 10,10,ForzaIncentivante_lordo,Proportional to Consumption,Cascading Tree,CER_2_8_0,CER_0_10_0,80,100,5.11273,-9.52948,0
penetrazione,n = 10,10,ForzaIncentivante_lordo,Proportional to Consumption,Weighted Solidarity,CER_2_8_0,CER_0_10_0,80,100,4.86592,-11.6603,0
penetrazione,n = 10,10,ForzaIncentivante_lordo,Proportional to Consumption,Pearson Key,CER_2_8_0,CER_0_10_0,80,100,-4.30584,3.84316,0
penetrazione,n = 10,10,ForzaIncentivante_lordo,Proportional to Consumption,Pearson-Sharing Rate,CER_2_8_0,CER_0_10_0,80,100,-4.25059,3.80081,0
penetrazione,n = 10,10,ForzaIncentivante_lordo,Proportional to Consumption,Similarity-Utilization,CER_2_8_0,CER_0_10_0,80,100,-9.40154,1.4872,0
penetrazione,n = 10,10,ForzaIncentivante_lordo,Proportional to Consumption,Adaptive Sampling Shapley,CER_5_5_0,CER_2_8_0,50,80,2.01041,-3.23012,0
penetrazione,n = 10,10,ForzaIncentivante_lordo,Proportional to Consumption,Tri-level EP,CER_2_8_0,CER_0_10_0,80,100,-3.79235,4.1236,0
penetrazione,n = 10,10,ForzaIncentivante_lordo,Remuneration Model 1,Cascading Tree,CER_2_8_0,CER_0_10_0,80,100,4.32219,-2.76435,0
penetrazione,n = 10,10,ForzaIncentivante_lordo,Remuneration Model 1,Weighted Solidarity,CER_7_3_0,CER_5_5_0,30,50,-0.0567076,2.3872,0
penetrazione,n = 10,10,ForzaIncentivante_lordo,Remuneration Model 1,Weighted Solidarity,CER_2_8_0,CER_0_10_0,80,100,4.07538,-4.8952,0
penetrazione,n = 10,10,ForzaIncentivante_lordo,Remuneration Model 1,Pearson Key,CER_2_8_0,CER_0_10_0,80,100,-5.09637,10.6083,0
penetrazione,n = 10,10,ForzaIncentivante_lordo,Remuneration Model 1,Pearson-Sharing Rate,CER_2_8_0,CER_0_10_0,80,100,-5.04112,10.5659,0
penetrazione,n = 10,10,ForzaIncentivante_lordo,Remuneration Model 1,Similarity-Utilization,CER_2_8_0,CER_0_10_0,80,100,-10.1921,8.25233,0
penetrazione,n = 10,10,ForzaIncentivante_lordo,Remuneration Model 1,Marginal Contribution,CER_2_8_0,CER_0_10_0,80,100,-4.28651,5.61027,0
penetrazione,n = 10,10,ForzaIncentivante_lordo,Remuneration Model 1,Stratified Expected Value,CER_2_8_0,CER_0_10_0,80,100,-5.29132,5.2165,0
penetrazione,n = 10,10,ForzaIncentivante_lordo,Remuneration Model 1,Adaptive Sampling Shapley,CER_7_3_0,CER_5_5_0,30,50,0.764909,-2.52239,0
penetrazione,n = 10,10,ForzaIncentivante_lordo,Remuneration Model 1,Adaptive Sampling Shapley,CER_2_8_0,CER_0_10_0,80,100,-4.02066,3.97566,0
penetrazione,n = 10,10,ForzaIncentivante_lordo,Remuneration Model 1,Tri-level EP,CER_2_8_0,CER_0_10_0,80,100,-4.58289,10.8887,0
penetrazione,n = 10,10,ForzaIncentivante_lordo,Cascading Tree,Pearson Key,CER_2_8_0,CER_0_10_0,80,100,-9.41857,13.3726,0
penetrazione,n = 10,10,ForzaIncentivante_lordo,Cascading Tree,Pearson-Sharing Rate,CER_2_8_0,CER_0_10_0,80,100,-9.36332,13.3303,0
penetrazione,n = 10,10,ForzaIncentivante_lordo,Cascading Tree,Similarity-Utilization,CER_2_8_0,CER_0_10_0,80,100,-14.5143,11.0167,0
penetrazione,n = 10,10,ForzaIncentivante_lordo,Cascading Tree,Marginal Contribution,CER_2_8_0,CER_0_10_0,80,100,-8.6087,8.37461,0
penetrazione,n = 10,10,ForzaIncentivante_lordo,Cascading Tree,Stratified Expected Value,CER_2_8_0,CER_0_10_0,80,100,-9.61352,7.98084,0
penetrazione,n = 10,10,ForzaIncentivante_lordo,Cascading Tree,Adaptive Sampling Shapley,CER_2_8_0,CER_0_10_0,80,100,-8.34285,6.74001,0
penetrazione,n = 10,10,ForzaIncentivante_lordo,Cascading Tree,Tri-level EP,CER_2_8_0,CER_0_10_0,80,100,-8.90508,13.6531,0
penetrazione,n = 10,10,ForzaIncentivante_lordo,Weighted Solidarity,Pearson Key,CER_2_8_0,CER_0_10_0,80,100,-9.17176,15.5035,0
penetrazione,n = 10,10,ForzaIncentivante_lordo,Weighted Solidarity,Pearson-Sharing Rate,CER_2_8_0,CER_0_10_0,80,100,-9.11651,15.4611,0
penetrazione,n = 10,10,ForzaIncentivante_lordo,Weighted Solidarity,Similarity-Utilization,CER_2_8_0,CER_0_10_0,80,100,-14.2675,13.1475,0
penetrazione,n = 10,10,ForzaIncentivante_lordo,Weighted Solidarity,Marginal Contribution,CER_2_8_0,CER_0_10_0,80,100,-8.36189,10.5055,0
penetrazione,n = 10,10,ForzaIncentivante_lordo,Weighted Solidarity,Stratified Expected Value,CER_2_8_0,CER_0_10_0,80,100,-9.36671,10.1117,0
penetrazione,n = 10,10,ForzaIncentivante_lordo,Weighted Solidarity,Adaptive Sampling Shapley,CER_7_3_0,CER_5_5_0,30,50,0.821616,-4.90959,0
penetrazione,n = 10,10,ForzaIncentivante_lordo,Weighted Solidarity,Adaptive Sampling Shapley,CER_2_8_0,CER_0_10_0,80,100,-8.09604,8.87086,0
penetrazione,n = 10,10,ForzaIncentivante_lordo,Weighted Solidarity,Tri-level EP,CER_2_8_0,CER_0_10_0,80,100,-8.65827,15.7839,0
penetrazione,n = 10,10,ForzaIncentivante_lordo,Pearson Key,Pearson-Sharing Rate,CER_2_8_0,CER_0_10_0,80,100,0.0552493,-0.0423532,0
penetrazione,n = 10,10,ForzaIncentivante_lordo,Pearson Key,Marginal Contribution,CER_2_8_0,CER_0_10_0,80,100,0.809864,-4.99803,0
penetrazione,n = 10,10,ForzaIncentivante_lordo,Pearson Key,Stratified Expected Value,CER_5_5_0,CER_2_8_0,50,80,2.02496,-0.194949,0
penetrazione,n = 10,10,ForzaIncentivante_lordo,Pearson Key,Adaptive Sampling Shapley,CER_2_8_0,CER_0_10_0,80,100,1.07572,-6.63264,0
penetrazione,n = 10,10,ForzaIncentivante_lordo,Pearson-Sharing Rate,Marginal Contribution,CER_2_8_0,CER_0_10_0,80,100,0.754615,-4.95568,0
penetrazione,n = 10,10,ForzaIncentivante_lordo,Pearson-Sharing Rate,Stratified Expected Value,CER_5_5_0,CER_2_8_0,50,80,1.9569,-0.250199,0
penetrazione,n = 10,10,ForzaIncentivante_lordo,Pearson-Sharing Rate,Adaptive Sampling Shapley,CER_2_8_0,CER_0_10_0,80,100,1.02047,-6.59029,0
penetrazione,n = 10,10,ForzaIncentivante_lordo,Similarity-Utilization,Marginal Contribution,CER_2_8_0,CER_0_10_0,80,100,5.90557,-2.64207,0
penetrazione,n = 10,10,ForzaIncentivante_lordo,Similarity-Utilization,Stratified Expected Value,CER_2_8_0,CER_0_10_0,80,100,4.90075,-3.03584,0
penetrazione,n = 10,10,ForzaIncentivante_lordo,Similarity-Utilization,Adaptive Sampling Shapley,CER_2_8_0,CER_0_10_0,80,100,6.17142,-4.27667,0
penetrazione,n = 10,10,ForzaIncentivante_lordo,Marginal Contribution,Adaptive Sampling Shapley,CER_2_8_0,CER_0_10_0,80,100,0.265854,-1.6346,0
penetrazione,n = 10,10,ForzaIncentivante_lordo,Marginal Contribution,Tri-level EP,CER_2_8_0,CER_0_10_0,80,100,-0.296377,5.27847,0
penetrazione,n = 10,10,ForzaIncentivante_lordo,Stratified Expected Value,Adaptive Sampling Shapley,CER_2_8_0,CER_0_10_0,80,100,1.27067,-1.24084,0
penetrazione,n = 10,10,ForzaIncentivante_lordo,Stratified Expected Value,Tri-level EP,CER_5_5_0,CER_2_8_0,50,80,-1.49715,0.708436,0
penetrazione,n = 10,10,ForzaIncentivante_lordo,Adaptive Sampling Shapley,Tri-level EP,CER_2_8_0,CER_0_10_0,80,100,-0.562231,6.91307,0
penetrazione,n = 10,10,AllineamentoVirtu_lordo,Variance Least Core,Equal Split,CER_2_8_0,CER_0_10_0,80,100,0.277684,-0.622969,0
penetrazione,n = 10,10,AllineamentoVirtu_lordo,Variance Least Core,Remuneration Model 1,CER_2_8_0,CER_0_10_0,80,100,0.0157513,-0.0775638,0
penetrazione,n = 10,10,AllineamentoVirtu_lordo,Variance Least Core,Cascading Tree,CER_2_8_0,CER_0_10_0,80,100,0.94289,-0.0634168,0
penetrazione,n = 10,10,AllineamentoVirtu_lordo,Variance Least Core,Weighted Solidarity,CER_2_8_0,CER_0_10_0,80,100,0.487256,-0.753262,0
penetrazione,n = 10,10,AllineamentoVirtu_lordo,Variance Least Core,Similarity-Utilization,CER_7_3_0,CER_5_5_0,30,50,0.104339,-0.122888,0
penetrazione,n = 10,10,AllineamentoVirtu_lordo,Variance Least Core,Similarity-Utilization,CER_2_8_0,CER_0_10_0,80,100,-0.121458,0.144667,0
penetrazione,n = 10,10,AllineamentoVirtu_lordo,Variance Least Core,Marginal Contribution,CER_7_3_0,CER_5_5_0,30,50,0.060365,-0.000354133,0
penetrazione,n = 10,10,AllineamentoVirtu_lordo,Variance Least Core,Marginal Contribution,CER_5_5_0,CER_2_8_0,50,80,-0.000354133,0.000119638,0
penetrazione,n = 10,10,AllineamentoVirtu_lordo,Variance Least Core,Adaptive Sampling Shapley,CER_5_5_0,CER_2_8_0,50,80,0.0245422,-0.0247047,0
penetrazione,n = 10,10,AllineamentoVirtu_lordo,Variance Least Core,Adaptive Sampling Shapley,CER_2_8_0,CER_0_10_0,80,100,-0.0247047,0.000175472,0
penetrazione,n = 10,10,AllineamentoVirtu_lordo,Equal Split,Proportional to Consumption,CER_2_8_0,CER_0_10_0,80,100,-0.161394,0.794618,0
penetrazione,n = 10,10,AllineamentoVirtu_lordo,Equal Split,Remuneration Model 1,CER_2_8_0,CER_0_10_0,80,100,-0.261933,0.545405,0
penetrazione,n = 10,10,AllineamentoVirtu_lordo,Equal Split,Weighted Solidarity,CER_7_3_0,CER_5_5_0,30,50,-0.188563,0.0994901,0
penetrazione,n = 10,10,AllineamentoVirtu_lordo,Equal Split,Weighted Solidarity,CER_2_8_0,CER_0_10_0,80,100,0.209572,-0.130293,0
penetrazione,n = 10,10,AllineamentoVirtu_lordo,Equal Split,Pearson Key,CER_2_8_0,CER_0_10_0,80,100,-0.265559,0.746456,0
penetrazione,n = 10,10,AllineamentoVirtu_lordo,Equal Split,Pearson-Sharing Rate,CER_2_8_0,CER_0_10_0,80,100,-0.264715,0.746439,0
penetrazione,n = 10,10,AllineamentoVirtu_lordo,Equal Split,Similarity-Utilization,CER_2_8_0,CER_0_10_0,80,100,-0.399142,0.767636,0
penetrazione,n = 10,10,AllineamentoVirtu_lordo,Equal Split,Marginal Contribution,CER_2_8_0,CER_0_10_0,80,100,-0.277564,0.623647,0
penetrazione,n = 10,10,AllineamentoVirtu_lordo,Equal Split,Stratified Expected Value,CER_2_8_0,CER_0_10_0,80,100,-0.301577,0.618142,0
penetrazione,n = 10,10,AllineamentoVirtu_lordo,Equal Split,Adaptive Sampling Shapley,CER_7_3_0,CER_5_5_0,30,50,0.005216,-0.484139,0
penetrazione,n = 10,10,AllineamentoVirtu_lordo,Equal Split,Adaptive Sampling Shapley,CER_2_8_0,CER_0_10_0,80,100,-0.302389,0.623144,0
penetrazione,n = 10,10,AllineamentoVirtu_lordo,Equal Split,Tri-level EP,CER_2_8_0,CER_0_10_0,80,100,-0.251476,0.745591,0
penetrazione,n = 10,10,AllineamentoVirtu_lordo,Proportional to Consumption,Remuneration Model 1,CER_7_3_0,CER_5_5_0,30,50,-0.0528619,0.0673485,0
penetrazione,n = 10,10,AllineamentoVirtu_lordo,Proportional to Consumption,Remuneration Model 1,CER_5_5_0,CER_2_8_0,50,80,0.0673485,-0.100539,0
penetrazione,n = 10,10,AllineamentoVirtu_lordo,Proportional to Consumption,Cascading Tree,CER_2_8_0,CER_0_10_0,80,100,0.8266,-0.235066,0
penetrazione,n = 10,10,AllineamentoVirtu_lordo,Proportional to Consumption,Weighted Solidarity,CER_7_3_0,CER_5_5_0,30,50,-0.0274316,0.492691,0
penetrazione,n = 10,10,AllineamentoVirtu_lordo,Proportional to Consumption,Weighted Solidarity,CER_2_8_0,CER_0_10_0,80,100,0.370966,-0.924912,0
penetrazione,n = 10,10,AllineamentoVirtu_lordo,Proportional to Consumption,Adaptive Sampling Shapley,CER_7_3_0,CER_5_5_0,30,50,0.166347,-0.0909384,0
penetrazione,n = 10,10,AllineamentoVirtu_lordo,Remuneration Model 1,Weighted Solidarity,CER_2_8_0,CER_0_10_0,80,100,0.471505,-0.675698,0
penetrazione,n = 10,10,AllineamentoVirtu_lordo,Remuneration Model 1,Pearson Key,CER_2_8_0,CER_0_10_0,80,100,-0.00362581,0.201051,0
penetrazione,n = 10,10,AllineamentoVirtu_lordo,Remuneration Model 1,Pearson-Sharing Rate,CER_2_8_0,CER_0_10_0,80,100,-0.00278262,0.201034,0
penetrazione,n = 10,10,AllineamentoVirtu_lordo,Remuneration Model 1,Similarity-Utilization,CER_2_8_0,CER_0_10_0,80,100,-0.137209,0.222231,0
penetrazione,n = 10,10,AllineamentoVirtu_lordo,Remuneration Model 1,Marginal Contribution,CER_2_8_0,CER_0_10_0,80,100,-0.0156316,0.0782421,0
penetrazione,n = 10,10,AllineamentoVirtu_lordo,Remuneration Model 1,Stratified Expected Value,CER_2_8_0,CER_0_10_0,80,100,-0.0396439,0.072737,0
penetrazione,n = 10,10,AllineamentoVirtu_lordo,Remuneration Model 1,Adaptive Sampling Shapley,CER_7_3_0,CER_5_5_0,30,50,0.219209,-0.158287,0
penetrazione,n = 10,10,AllineamentoVirtu_lordo,Remuneration Model 1,Adaptive Sampling Shapley,CER_2_8_0,CER_0_10_0,80,100,-0.040456,0.0777393,0
penetrazione,n = 10,10,AllineamentoVirtu_lordo,Remuneration Model 1,Tri-level EP,CER_5_5_0,CER_2_8_0,50,80,-0.148191,0.0104569,0
penetrazione,n = 10,10,AllineamentoVirtu_lordo,Cascading Tree,Pearson Key,CER_2_8_0,CER_0_10_0,80,100,-0.930764,0.186904,0
penetrazione,n = 10,10,AllineamentoVirtu_lordo,Cascading Tree,Pearson-Sharing Rate,CER_2_8_0,CER_0_10_0,80,100,-0.929921,0.186887,0
penetrazione,n = 10,10,AllineamentoVirtu_lordo,Cascading Tree,Similarity-Utilization,CER_2_8_0,CER_0_10_0,80,100,-1.06435,0.208084,0
penetrazione,n = 10,10,AllineamentoVirtu_lordo,Cascading Tree,Marginal Contribution,CER_2_8_0,CER_0_10_0,80,100,-0.94277,0.0640951,0
penetrazione,n = 10,10,AllineamentoVirtu_lordo,Cascading Tree,Stratified Expected Value,CER_2_8_0,CER_0_10_0,80,100,-0.966782,0.05859,0
penetrazione,n = 10,10,AllineamentoVirtu_lordo,Cascading Tree,Adaptive Sampling Shapley,CER_2_8_0,CER_0_10_0,80,100,-0.967595,0.0635923,0
penetrazione,n = 10,10,AllineamentoVirtu_lordo,Cascading Tree,Tri-level EP,CER_2_8_0,CER_0_10_0,80,100,-0.916682,0.186039,0
penetrazione,n = 10,10,AllineamentoVirtu_lordo,Weighted Solidarity,Pearson Key,CER_2_8_0,CER_0_10_0,80,100,-0.47513,0.876749,0
penetrazione,n = 10,10,AllineamentoVirtu_lordo,Weighted Solidarity,Pearson-Sharing Rate,CER_2_8_0,CER_0_10_0,80,100,-0.474287,0.876732,0
penetrazione,n = 10,10,AllineamentoVirtu_lordo,Weighted Solidarity,Similarity-Utilization,CER_2_8_0,CER_0_10_0,80,100,-0.608714,0.897929,0
penetrazione,n = 10,10,AllineamentoVirtu_lordo,Weighted Solidarity,Marginal Contribution,CER_2_8_0,CER_0_10_0,80,100,-0.487136,0.753941,0
penetrazione,n = 10,10,AllineamentoVirtu_lordo,Weighted Solidarity,Stratified Expected Value,CER_2_8_0,CER_0_10_0,80,100,-0.511148,0.748435,0
penetrazione,n = 10,10,AllineamentoVirtu_lordo,Weighted Solidarity,Adaptive Sampling Shapley,CER_7_3_0,CER_5_5_0,30,50,0.193779,-0.583629,0
penetrazione,n = 10,10,AllineamentoVirtu_lordo,Weighted Solidarity,Adaptive Sampling Shapley,CER_2_8_0,CER_0_10_0,80,100,-0.511961,0.753438,0
penetrazione,n = 10,10,AllineamentoVirtu_lordo,Weighted Solidarity,Tri-level EP,CER_2_8_0,CER_0_10_0,80,100,-0.461048,0.875884,0
penetrazione,n = 10,10,AllineamentoVirtu_lordo,Pearson Key,Pearson-Sharing Rate,CER_2_8_0,CER_0_10_0,80,100,0.000843181,-1.7371e-05,0
penetrazione,n = 10,10,AllineamentoVirtu_lordo,Pearson Key,Similarity-Utilization,CER_2_8_0,CER_0_10_0,80,100,-0.133583,0.0211798,0
penetrazione,n = 10,10,AllineamentoVirtu_lordo,Pearson Key,Adaptive Sampling Shapley,CER_5_5_0,CER_2_8_0,50,80,0.0128552,-0.0368302,0
penetrazione,n = 10,10,AllineamentoVirtu_lordo,Pearson Key,Tri-level EP,CER_2_8_0,CER_0_10_0,80,100,0.0140827,-0.000865371,0
penetrazione,n = 10,10,AllineamentoVirtu_lordo,Pearson-Sharing Rate,Similarity-Utilization,CER_2_8_0,CER_0_10_0,80,100,-0.134426,0.0211972,0
penetrazione,n = 10,10,AllineamentoVirtu_lordo,Pearson-Sharing Rate,Adaptive Sampling Shapley,CER_5_5_0,CER_2_8_0,50,80,0.0110288,-0.0376734,0
penetrazione,n = 10,10,AllineamentoVirtu_lordo,Pearson-Sharing Rate,Tri-level EP,CER_2_8_0,CER_0_10_0,80,100,0.0132396,-0.000848,0
penetrazione,n = 10,10,AllineamentoVirtu_lordo,Similarity-Utilization,Marginal Contribution,CER_7_3_0,CER_5_5_0,30,50,-0.043974,0.122534,0
penetrazione,n = 10,10,AllineamentoVirtu_lordo,Similarity-Utilization,Marginal Contribution,CER_2_8_0,CER_0_10_0,80,100,0.121577,-0.143989,0
penetrazione,n = 10,10,AllineamentoVirtu_lordo,Similarity-Utilization,Stratified Expected Value,CER_7_3_0,CER_5_5_0,30,50,-0.155764,0.103683,0
penetrazione,n = 10,10,AllineamentoVirtu_lordo,Similarity-Utilization,Stratified Expected Value,CER_2_8_0,CER_0_10_0,80,100,0.0975651,-0.149494,0
penetrazione,n = 10,10,AllineamentoVirtu_lordo,Similarity-Utilization,Adaptive Sampling Shapley,CER_2_8_0,CER_0_10_0,80,100,0.0967529,-0.144491,0
penetrazione,n = 10,10,AllineamentoVirtu_lordo,Similarity-Utilization,Tri-level EP,CER_2_8_0,CER_0_10_0,80,100,0.147666,-0.0220452,0
penetrazione,n = 10,10,AllineamentoVirtu_lordo,Marginal Contribution,Adaptive Sampling Shapley,CER_5_5_0,CER_2_8_0,50,80,0.0248963,-0.0248244,0
penetrazione,n = 10,10,AllineamentoVirtu_lordo,Stratified Expected Value,Adaptive Sampling Shapley,CER_5_5_0,CER_2_8_0,50,80,0.0437475,-0.000812138,0
penetrazione,n = 10,10,AllineamentoVirtu_lordo,Stratified Expected Value,Adaptive Sampling Shapley,CER_2_8_0,CER_0_10_0,80,100,-0.000812138,0.00500229,0
penetrazione,n = 10,10,AllineamentoVirtu_lordo,Adaptive Sampling Shapley,Tri-level EP,CER_7_3_0,CER_5_5_0,30,50,-0.282971,0.0100962,0
penetrazione,n = 15,15,MinMax_con,Variance Least Core,Proportional to Consumption,CER_7_8_0,CER_4_11_0,53.33,73.33,0.000499459,-0.000527583,0
penetrazione,n = 15,15,MinMax_con,Variance Least Core,Remuneration Model 1,CER_7_8_0,CER_4_11_0,53.33,73.33,0.000152825,-0.00286069,0
penetrazione,n = 15,15,MinMax_con,Variance Least Core,Pearson Key,CER_11_4_0,CER_7_8_0,26.67,53.33,0.00205449,-0.00115681,0
penetrazione,n = 15,15,MinMax_con,Variance Least Core,Pearson-Sharing Rate,CER_11_4_0,CER_7_8_0,26.67,53.33,0.00254656,-0.000971266,0
penetrazione,n = 15,15,MinMax_con,Variance Least Core,Adaptive Sampling Shapley,CER_11_4_0,CER_7_8_0,26.67,53.33,0.00223843,-0.00105219,0
penetrazione,n = 15,15,MinMax_con,Variance Least Core,Tri-level EP,CER_11_4_0,CER_7_8_0,26.67,53.33,0.00491121,-0.000386259,0
penetrazione,n = 15,15,MinMax_con,Variance Least Core,Tri-level EP,CER_7_8_0,CER_4_11_0,53.33,73.33,-0.000386259,0.000186662,0
penetrazione,n = 15,15,MinMax_con,Equal Split,Weighted Solidarity,CER_11_4_0,CER_7_8_0,26.67,53.33,0.00604467,-0.0229682,0
penetrazione,n = 15,15,MinMax_con,Equal Split,Similarity-Utilization,CER_7_8_0,CER_4_11_0,53.33,73.33,-0.00366358,0.00495566,0
penetrazione,n = 15,15,MinMax_con,Proportional to Consumption,Pearson Key,CER_7_8_0,CER_4_11_0,53.33,73.33,-0.00165626,0.000447863,0
penetrazione,n = 15,15,MinMax_con,Proportional to Consumption,Pearson-Sharing Rate,CER_7_8_0,CER_4_11_0,53.33,73.33,-0.00147073,0.000478794,0
penetrazione,n = 15,15,MinMax_con,Proportional to Consumption,Marginal Contribution,CER_7_8_0,CER_4_11_0,53.33,73.33,-0.00053151,0.000340095,0
penetrazione,n = 15,15,MinMax_con,Proportional to Consumption,Stratified Expected Value,CER_7_8_0,CER_4_11_0,53.33,73.33,-0.00135216,0.000303647,0
penetrazione,n = 15,15,MinMax_con,Proportional to Consumption,Tri-level EP,CER_7_8_0,CER_4_11_0,53.33,73.33,-0.000885718,0.000714245,0
penetrazione,n = 15,15,MinMax_con,Remuneration Model 1,Pearson Key,CER_7_8_0,CER_4_11_0,53.33,73.33,-0.00130963,0.00278097,0
penetrazione,n = 15,15,MinMax_con,Remuneration Model 1,Pearson-Sharing Rate,CER_7_8_0,CER_4_11_0,53.33,73.33,-0.00112409,0.0028119,0
penetrazione,n = 15,15,MinMax_con,Remuneration Model 1,Marginal Contribution,CER_7_8_0,CER_4_11_0,53.33,73.33,-0.000184877,0.0026732,0
penetrazione,n = 15,15,MinMax_con,Remuneration Model 1,Stratified Expected Value,CER_7_8_0,CER_4_11_0,53.33,73.33,-0.00100553,0.00263675,0
penetrazione,n = 15,15,MinMax_con,Remuneration Model 1,Adaptive Sampling Shapley,CER_7_8_0,CER_4_11_0,53.33,73.33,-0.00120501,0.00166903,0
penetrazione,n = 15,15,MinMax_con,Remuneration Model 1,Tri-level EP,CER_7_8_0,CER_4_11_0,53.33,73.33,-0.000539084,0.00304735,0
penetrazione,n = 15,15,MinMax_con,Weighted Solidarity,Similarity-Utilization,CER_11_4_0,CER_7_8_0,26.67,53.33,-0.00878928,0.0193046,0
penetrazione,n = 15,15,MinMax_con,Pearson Key,Marginal Contribution,CER_11_4_0,CER_7_8_0,26.67,53.33,-0.00229615,0.00112475,0
penetrazione,n = 15,15,MinMax_con,Pearson Key,Marginal Contribution,CER_7_8_0,CER_4_11_0,53.33,73.33,0.00112475,-0.000107768,0
penetrazione,n = 15,15,MinMax_con,Pearson Key,Stratified Expected Value,CER_11_4_0,CER_7_8_0,26.67,53.33,-0.00412367,0.000304101,0
penetrazione,n = 15,15,MinMax_con,Pearson Key,Stratified Expected Value,CER_7_8_0,CER_4_11_0,53.33,73.33,0.000304101,-0.000144216,0
penetrazione,n = 15,15,MinMax_con,Pearson Key,Adaptive Sampling Shapley,CER_7_8_0,CER_4_11_0,53.33,73.33,0.000104617,-0.00111194,0
penetrazione,n = 15,15,MinMax_con,Pearson-Sharing Rate,Marginal Contribution,CER_11_4_0,CER_7_8_0,26.67,53.33,-0.00278823,0.000939215,0
penetrazione,n = 15,15,MinMax_con,Pearson-Sharing Rate,Marginal Contribution,CER_7_8_0,CER_4_11_0,53.33,73.33,0.000939215,-0.000138699,0
penetrazione,n = 15,15,MinMax_con,Pearson-Sharing Rate,Stratified Expected Value,CER_11_4_0,CER_7_8_0,26.67,53.33,-0.00461575,0.000118561,0
penetrazione,n = 15,15,MinMax_con,Pearson-Sharing Rate,Stratified Expected Value,CER_7_8_0,CER_4_11_0,53.33,73.33,0.000118561,-0.000175147,0
penetrazione,n = 15,15,MinMax_con,Marginal Contribution,Adaptive Sampling Shapley,CER_11_4_0,CER_7_8_0,26.67,53.33,0.00248009,-0.00102014,0
penetrazione,n = 15,15,MinMax_con,Marginal Contribution,Tri-level EP,CER_11_4_0,CER_7_8_0,26.67,53.33,0.00515288,-0.000354208,0
penetrazione,n = 15,15,MinMax_con,Marginal Contribution,Tri-level EP,CER_7_8_0,CER_4_11_0,53.33,73.33,-0.000354208,0.00037415,0
penetrazione,n = 15,15,MinMax_con,Stratified Expected Value,Adaptive Sampling Shapley,CER_11_4_0,CER_7_8_0,26.67,53.33,0.00430761,-0.000199484,0
penetrazione,n = 15,15,QoS_orig,Variance Least Core,Cascading Tree,CER_11_4_0,CER_7_8_0,26.67,53.33,0.0032982,-0.00216518,0
penetrazione,n = 15,15,QoS_orig,Variance Least Core,Pearson Key,CER_11_4_0,CER_7_8_0,26.67,53.33,-0.00429612,6.24964e-05,0
penetrazione,n = 15,15,QoS_orig,Variance Least Core,Pearson Key,CER_4_11_0,CER_0_15_0,73.33,100,0.00124534,-0.000855064,0
penetrazione,n = 15,15,QoS_orig,Variance Least Core,Pearson-Sharing Rate,CER_11_4_0,CER_7_8_0,26.67,53.33,-0.00425393,5.89507e-05,0
penetrazione,n = 15,15,QoS_orig,Variance Least Core,Pearson-Sharing Rate,CER_4_11_0,CER_0_15_0,73.33,100,0.00118131,-0.00101153,0
penetrazione,n = 15,15,QoS_orig,Variance Least Core,Similarity-Utilization,CER_7_8_0,CER_4_11_0,53.33,73.33,-0.000897317,0.00144332,0
penetrazione,n = 15,15,QoS_orig,Variance Least Core,Similarity-Utilization,CER_4_11_0,CER_0_15_0,73.33,100,0.00144332,-0.00617609,0
penetrazione,n = 15,15,QoS_orig,Variance Least Core,Marginal Contribution,CER_11_4_0,CER_7_8_0,26.67,53.33,0.000273129,-3.48411e-05,0
penetrazione,n = 15,15,QoS_orig,Variance Least Core,Adaptive Sampling Shapley,CER_11_4_0,CER_7_8_0,26.67,53.33,0.00169497,-0.00044574,0
penetrazione,n = 15,15,QoS_orig,Variance Least Core,Tri-level EP,CER_11_4_0,CER_7_8_0,26.67,53.33,-0.00410543,2.42393e-05,0
penetrazione,n = 15,15,QoS_orig,Variance Least Core,Tri-level EP,CER_4_11_0,CER_0_15_0,73.33,100,0.00102181,-0.000328198,0
penetrazione,n = 15,15,QoS_orig,Equal Split,Proportional to Consumption,CER_11_4_0,CER_7_8_0,26.67,53.33,-0.00223439,0.00195746,0
penetrazione,n = 15,15,QoS_orig,Equal Split,Cascading Tree,CER_7_8_0,CER_4_11_0,53.33,73.33,0.000219493,-0.00212113,0
penetrazione,n = 15,15,QoS_orig,Equal Split,Cascading Tree,CER_4_11_0,CER_0_15_0,73.33,100,-0.00212113,0.0052011,0
penetrazione,n = 15,15,QoS_orig,Equal Split,Weighted Solidarity,CER_4_11_0,CER_0_15_0,73.33,100,-0.00226504,0.00931799,0
penetrazione,n = 15,15,QoS_orig,Equal Split,Pearson Key,CER_11_4_0,CER_7_8_0,26.67,53.33,-0.00342663,0.00244717,0
penetrazione,n = 15,15,QoS_orig,Equal Split,Pearson-Sharing Rate,CER_11_4_0,CER_7_8_0,26.67,53.33,-0.00338444,0.00244362,0
penetrazione,n = 15,15,QoS_orig,Equal Split,Similarity-Utilization,CER_11_4_0,CER_7_8_0,26.67,53.33,-0.00428803,0.00148735,0
penetrazione,n = 15,15,QoS_orig,Equal Split,Tri-level EP,CER_11_4_0,CER_7_8_0,26.67,53.33,-0.00323595,0.00240891,0
penetrazione,n = 15,15,QoS_orig,Proportional to Consumption,Remuneration Model 1,CER_11_4_0,CER_7_8_0,26.67,53.33,0.00286134,-0.000488498,0
penetrazione,n = 15,15,QoS_orig,Proportional to Consumption,Cascading Tree,CER_11_4_0,CER_7_8_0,26.67,53.33,0.00640208,-0.00173797,0
penetrazione,n = 15,15,QoS_orig,Proportional to Consumption,Weighted Solidarity,CER_11_4_0,CER_7_8_0,26.67,53.33,0.00222391,-0.00318208,0
penetrazione,n = 15,15,QoS_orig,Proportional to Consumption,Pearson Key,CER_11_4_0,CER_7_8_0,26.67,53.33,-0.00119224,0.000489704,0
penetrazione,n = 15,15,QoS_orig,Proportional to Consumption,Pearson-Sharing Rate,CER_11_4_0,CER_7_8_0,26.67,53.33,-0.00115005,0.000486158,0
penetrazione,n = 15,15,QoS_orig,Proportional to Consumption,Similarity-Utilization,CER_7_8_0,CER_4_11_0,53.33,73.33,-0.00047011,0.00467621,0
penetrazione,n = 15,15,QoS_orig,Proportional to Consumption,Adaptive Sampling Shapley,CER_11_4_0,CER_7_8_0,26.67,53.33,0.00479885,-1.85323e-05,0
penetrazione,n = 15,15,QoS_orig,Proportional to Consumption,Adaptive Sampling Shapley,CER_7_8_0,CER_4_11_0,53.33,73.33,-1.85323e-05,0.00105158,0
penetrazione,n = 15,15,QoS_orig,Proportional to Consumption,Tri-level EP,CER_11_4_0,CER_7_8_0,26.67,53.33,-0.00100155,0.000451447,0
penetrazione,n = 15,15,QoS_orig,Remuneration Model 1,Cascading Tree,CER_11_4_0,CER_7_8_0,26.67,53.33,0.00354074,-0.00124947,0
penetrazione,n = 15,15,QoS_orig,Remuneration Model 1,Pearson Key,CER_11_4_0,CER_7_8_0,26.67,53.33,-0.00405358,0.000978202,0
penetrazione,n = 15,15,QoS_orig,Remuneration Model 1,Pearson-Sharing Rate,CER_11_4_0,CER_7_8_0,26.67,53.33,-0.00401139,0.000974657,0
penetrazione,n = 15,15,QoS_orig,Remuneration Model 1,Similarity-Utilization,CER_11_4_0,CER_7_8_0,26.67,53.33,-0.00491498,1.83888e-05,0
penetrazione,n = 15,15,QoS_orig,Remuneration Model 1,Stratified Expected Value,CER_11_4_0,CER_7_8_0,26.67,53.33,-0.000101494,0.000878446,0
penetrazione,n = 15,15,QoS_orig,Remuneration Model 1,Tri-level EP,CER_11_4_0,CER_7_8_0,26.67,53.33,-0.0038629,0.000939945,0
penetrazione,n = 15,15,QoS_orig,Cascading Tree,Weighted Solidarity,CER_4_11_0,CER_0_15_0,73.33,100,-0.000143912,0.00411689,0
penetrazione,n = 15,15,QoS_orig,Cascading Tree,Pearson Key,CER_11_4_0,CER_7_8_0,26.67,53.33,-0.00759432,0.00222767,0
penetrazione,n = 15,15,QoS_orig,Cascading Tree,Pearson-Sharing Rate,CER_11_4_0,CER_7_8_0,26.67,53.33,-0.00755213,0.00222413,0
penetrazione,n = 15,15,QoS_orig,Cascading Tree,Similarity-Utilization,CER_11_4_0,CER_7_8_0,26.67,53.33,-0.00845571,0.00126786,0
penetrazione,n = 15,15,QoS_orig,Cascading Tree,Marginal Contribution,CER_11_4_0,CER_7_8_0,26.67,53.33,-0.00302507,0.00213034,0
penetrazione,n = 15,15,QoS_orig,Cascading Tree,Stratified Expected Value,CER_11_4_0,CER_7_8_0,26.67,53.33,-0.00364223,0.00212792,0
penetrazione,n = 15,15,QoS_orig,Cascading Tree,Adaptive Sampling Shapley,CER_11_4_0,CER_7_8_0,26.67,53.33,-0.00160323,0.00171944,0
penetrazione,n = 15,15,QoS_orig,Cascading Tree,Tri-level EP,CER_11_4_0,CER_7_8_0,26.67,53.33,-0.00740363,0.00218942,0
penetrazione,n = 15,15,QoS_orig,Weighted Solidarity,Pearson Key,CER_11_4_0,CER_7_8_0,26.67,53.33,-0.00341615,0.00367178,0
penetrazione,n = 15,15,QoS_orig,Weighted Solidarity,Pearson-Sharing Rate,CER_11_4_0,CER_7_8_0,26.67,53.33,-0.00337396,0.00366824,0
penetrazione,n = 15,15,QoS_orig,Weighted Solidarity,Similarity-Utilization,CER_11_4_0,CER_7_8_0,26.67,53.33,-0.00427754,0.00271197,0
penetrazione,n = 15,15,QoS_orig,Weighted Solidarity,Tri-level EP,CER_11_4_0,CER_7_8_0,26.67,53.33,-0.00322546,0.00363352,0
penetrazione,n = 15,15,QoS_orig,Pearson Key,Pearson-Sharing Rate,CER_11_4_0,CER_7_8_0,26.67,53.33,4.21911e-05,-3.54567e-06,0
penetrazione,n = 15,15,QoS_orig,Pearson Key,Similarity-Utilization,CER_7_8_0,CER_4_11_0,53.33,73.33,-0.000959814,0.000197985,0
penetrazione,n = 15,15,QoS_orig,Pearson Key,Similarity-Utilization,CER_4_11_0,CER_0_15_0,73.33,100,0.000197985,-0.00532103,0
penetrazione,n = 15,15,QoS_orig,Pearson Key,Marginal Contribution,CER_11_4_0,CER_7_8_0,26.67,53.33,0.00456925,-9.73375e-05,0
penetrazione,n = 15,15,QoS_orig,Pearson Key,Stratified Expected Value,CER_11_4_0,CER_7_8_0,26.67,53.33,0.00395209,-9.97566e-05,0
penetrazione,n = 15,15,QoS_orig,Pearson Key,Adaptive Sampling Shapley,CER_11_4_0,CER_7_8_0,26.67,53.33,0.00599109,-0.000508236,0
penetrazione,n = 15,15,QoS_orig,Pearson Key,Tri-level EP,CER_11_4_0,CER_7_8_0,26.67,53.33,0.000190688,-3.82571e-05,0
penetrazione,n = 15,15,QoS_orig,Pearson Key,Tri-level EP,CER_4_11_0,CER_0_15_0,73.33,100,-0.000223521,0.000526866,0
penetrazione,n = 15,15,QoS_orig,Pearson-Sharing Rate,Similarity-Utilization,CER_7_8_0,CER_4_11_0,53.33,73.33,-0.000956268,0.000262013,0
penetrazione,n = 15,15,QoS_orig,Pearson-Sharing Rate,Similarity-Utilization,CER_4_11_0,CER_0_15_0,73.33,100,0.000262013,-0.00516456,0
penetrazione,n = 15,15,QoS_orig,Pearson-Sharing Rate,Marginal Contribution,CER_11_4_0,CER_7_8_0,26.67,53.33,0.00452706,-9.37918e-05,0
penetrazione,n = 15,15,QoS_orig,Pearson-Sharing Rate,Stratified Expected Value,CER_11_4_0,CER_7_8_0,26.67,53.33,0.0039099,-9.6211e-05,0
penetrazione,n = 15,15,QoS_orig,Pearson-Sharing Rate,Adaptive Sampling Shapley,CER_11_4_0,CER_7_8_0,26.67,53.33,0.0059489,-0.000504691,0
penetrazione,n = 15,15,QoS_orig,Pearson-Sharing Rate,Tri-level EP,CER_11_4_0,CER_7_8_0,26.67,53.33,0.000148497,-3.47114e-05,0
penetrazione,n = 15,15,QoS_orig,Pearson-Sharing Rate,Tri-level EP,CER_4_11_0,CER_0_15_0,73.33,100,-0.000159494,0.000683334,0
penetrazione,n = 15,15,QoS_orig,Similarity-Utilization,Marginal Contribution,CER_7_8_0,CER_4_11_0,53.33,73.33,0.000862476,-0.00190281,0
penetrazione,n = 15,15,QoS_orig,Similarity-Utilization,Marginal Contribution,CER_4_11_0,CER_0_15_0,73.33,100,-0.00190281,0.00378782,0
penetrazione,n = 15,15,QoS_orig,Similarity-Utilization,Stratified Expected Value,CER_7_8_0,CER_4_11_0,53.33,73.33,0.000860057,-0.00144872,0
penetrazione,n = 15,15,QoS_orig,Similarity-Utilization,Stratified Expected Value,CER_4_11_0,CER_0_15_0,73.33,100,-0.00144872,0.00337516,0
penetrazione,n = 15,15,QoS_orig,Similarity-Utilization,Adaptive Sampling Shapley,CER_7_8_0,CER_4_11_0,53.33,73.33,0.000451577,-0.00362463,0
penetrazione,n = 15,15,QoS_orig,Similarity-Utilization,Adaptive Sampling Shapley,CER_4_11_0,CER_0_15_0,73.33,100,-0.00362463,0.000129784,0
penetrazione,n = 15,15,QoS_orig,Similarity-Utilization,Tri-level EP,CER_7_8_0,CER_4_11_0,53.33,73.33,0.000921557,-0.000421507,0
penetrazione,n = 15,15,QoS_orig,Similarity-Utilization,Tri-level EP,CER_4_11_0,CER_0_15_0,73.33,100,-0.000421507,0.00584789,0
penetrazione,n = 15,15,QoS_orig,Marginal Contribution,Stratified Expected Value,CER_7_8_0,CER_4_11_0,53.33,73.33,-2.41916e-06,0.000454094,0
penetrazione,n = 15,15,QoS_orig,Marginal Contribution,Stratified Expected Value,CER_4_11_0,CER_0_15_0,73.33,100,0.000454094,-0.000412661,0
penetrazione,n = 15,15,QoS_orig,Marginal Contribution,Adaptive Sampling Shapley,CER_11_4_0,CER_7_8_0,26.67,53.33,0.00142184,-0.000410899,0
penetrazione,n = 15,15,QoS_orig,Marginal Contribution,Tri-level EP,CER_11_4_0,CER_7_8_0,26.67,53.33,-0.00437856,5.90804e-05,0
penetrazione,n = 15,15,QoS_orig,Stratified Expected Value,Adaptive Sampling Shapley,CER_11_4_0,CER_7_8_0,26.67,53.33,0.002039,-0.00040848,0
penetrazione,n = 15,15,QoS_orig,Stratified Expected Value,Tri-level EP,CER_11_4_0,CER_7_8_0,26.67,53.33,-0.0037614,6.14995e-05,0
penetrazione,n = 15,15,QoS_orig,Adaptive Sampling Shapley,Tri-level EP,CER_11_4_0,CER_7_8_0,26.67,53.33,-0.0058004,0.000469979,0
penetrazione,n = 15,15,QoS_new,Variance Least Core,Proportional to Consumption,CER_11_4_0,CER_7_8_0,26.67,53.33,0.000877431,-8.77132e-06,0
penetrazione,n = 15,15,QoS_new,Variance Least Core,Remuneration Model 1,CER_11_4_0,CER_7_8_0,26.67,53.33,0.000484213,-1.49365e-05,0
penetrazione,n = 15,15,QoS_new,Variance Least Core,Pearson Key,CER_11_4_0,CER_7_8_0,26.67,53.33,2.35861e-05,-6.12414e-05,0
penetrazione,n = 15,15,QoS_new,Variance Least Core,Pearson Key,CER_7_8_0,CER_4_11_0,53.33,73.33,-6.12414e-05,7.19049e-06,0
penetrazione,n = 15,15,QoS_new,Variance Least Core,Pearson-Sharing Rate,CER_11_4_0,CER_7_8_0,26.67,53.33,7.73225e-05,-5.38636e-05,0
penetrazione,n = 15,15,QoS_new,Variance Least Core,Pearson-Sharing Rate,CER_7_8_0,CER_4_11_0,53.33,73.33,-5.38636e-05,7.24016e-06,0
penetrazione,n = 15,15,QoS_new,Variance Least Core,Adaptive Sampling Shapley,CER_11_4_0,CER_7_8_0,26.67,53.33,3.39526e-05,-6.17977e-05,0
penetrazione,n = 15,15,QoS_new,Variance Least Core,Tri-level EP,CER_11_4_0,CER_7_8_0,26.67,53.33,0.000223134,-5.3948e-05,0
penetrazione,n = 15,15,QoS_new,Variance Least Core,Tri-level EP,CER_7_8_0,CER_4_11_0,53.33,73.33,-5.3948e-05,1.06351e-05,0
penetrazione,n = 15,15,QoS_new,Equal Split,Similarity-Utilization,CER_7_8_0,CER_4_11_0,53.33,73.33,-0.000125297,0.000288718,0
penetrazione,n = 15,15,QoS_new,Proportional to Consumption,Pearson Key,CER_7_8_0,CER_4_11_0,53.33,73.33,-5.247e-05,6.74193e-05,0
penetrazione,n = 15,15,QoS_new,Proportional to Consumption,Pearson-Sharing Rate,CER_7_8_0,CER_4_11_0,53.33,73.33,-4.50923e-05,6.74689e-05,0
penetrazione,n = 15,15,QoS_new,Proportional to Consumption,Marginal Contribution,CER_11_4_0,CER_7_8_0,26.67,53.33,-0.000881811,6.364e-06,0
penetrazione,n = 15,15,QoS_new,Proportional to Consumption,Stratified Expected Value,CER_7_8_0,CER_4_11_0,53.33,73.33,-4.20963e-05,5.46385e-05,0
penetrazione,n = 15,15,QoS_new,Proportional to Consumption,Adaptive Sampling Shapley,CER_7_8_0,CER_4_11_0,53.33,73.33,-5.30264e-05,7.81139e-06,0
penetrazione,n = 15,15,QoS_new,Proportional to Consumption,Tri-level EP,CER_7_8_0,CER_4_11_0,53.33,73.33,-4.51767e-05,7.08639e-05,0
penetrazione,n = 15,15,QoS_new,Remuneration Model 1,Pearson Key,CER_7_8_0,CER_4_11_0,53.33,73.33,-4.63049e-05,0.000174557,0
penetrazione,n = 15,15,QoS_new,Remuneration Model 1,Pearson-Sharing Rate,CER_7_8_0,CER_4_11_0,53.33,73.33,-3.89272e-05,0.000174607,0
penetrazione,n = 15,15,QoS_new,Remuneration Model 1,Marginal Contribution,CER_11_4_0,CER_7_8_0,26.67,53.33,-0.000488593,1.25291e-05,0
penetrazione,n = 15,15,QoS_new,Remuneration Model 1,Stratified Expected Value,CER_7_8_0,CER_4_11_0,53.33,73.33,-3.59312e-05,0.000161776,0
penetrazione,n = 15,15,QoS_new,Remuneration Model 1,Adaptive Sampling Shapley,CER_7_8_0,CER_4_11_0,53.33,73.33,-4.68613e-05,0.000114949,0
penetrazione,n = 15,15,QoS_new,Remuneration Model 1,Tri-level EP,CER_7_8_0,CER_4_11_0,53.33,73.33,-3.90115e-05,0.000178002,0
penetrazione,n = 15,15,QoS_new,Cascading Tree,Similarity-Utilization,CER_7_8_0,CER_4_11_0,53.33,73.33,-0.000547293,0.000145379,0
penetrazione,n = 15,15,QoS_new,Pearson Key,Marginal Contribution,CER_11_4_0,CER_7_8_0,26.67,53.33,-2.79662e-05,5.8834e-05,0
penetrazione,n = 15,15,QoS_new,Pearson Key,Marginal Contribution,CER_7_8_0,CER_4_11_0,53.33,73.33,5.8834e-05,-1.73456e-05,0
penetrazione,n = 15,15,QoS_new,Pearson Key,Stratified Expected Value,CER_11_4_0,CER_7_8_0,26.67,53.33,-0.000349532,1.03737e-05,0
penetrazione,n = 15,15,QoS_new,Pearson Key,Stratified Expected Value,CER_7_8_0,CER_4_11_0,53.33,73.33,1.03737e-05,-1.27808e-05,0
penetrazione,n = 15,15,QoS_new,Pearson Key,Adaptive Sampling Shapley,CER_11_4_0,CER_7_8_0,26.67,53.33,1.03665e-05,-5.56361e-07,0
penetrazione,n = 15,15,QoS_new,Pearson-Sharing Rate,Marginal Contribution,CER_11_4_0,CER_7_8_0,26.67,53.33,-8.17027e-05,5.14563e-05,0
penetrazione,n = 15,15,QoS_new,Pearson-Sharing Rate,Marginal Contribution,CER_7_8_0,CER_4_11_0,53.33,73.33,5.14563e-05,-1.73953e-05,0
penetrazione,n = 15,15,QoS_new,Pearson-Sharing Rate,Stratified Expected Value,CER_11_4_0,CER_7_8_0,26.67,53.33,-0.000403269,2.99595e-06,0
penetrazione,n = 15,15,QoS_new,Pearson-Sharing Rate,Stratified Expected Value,CER_7_8_0,CER_4_11_0,53.33,73.33,2.99595e-06,-1.28305e-05,0
penetrazione,n = 15,15,QoS_new,Pearson-Sharing Rate,Tri-level EP,CER_11_4_0,CER_7_8_0,26.67,53.33,0.000145811,-8.43726e-08,0
penetrazione,n = 15,15,QoS_new,Pearson-Sharing Rate,Tri-level EP,CER_7_8_0,CER_4_11_0,53.33,73.33,-8.43726e-08,3.39494e-06,0
penetrazione,n = 15,15,QoS_new,Marginal Contribution,Stratified Expected Value,CER_7_8_0,CER_4_11_0,53.33,73.33,-4.84603e-05,4.56486e-06,0
penetrazione,n = 15,15,QoS_new,Marginal Contribution,Adaptive Sampling Shapley,CER_11_4_0,CER_7_8_0,26.67,53.33,3.83328e-05,-5.93904e-05,0
penetrazione,n = 15,15,QoS_new,Marginal Contribution,Tri-level EP,CER_11_4_0,CER_7_8_0,26.67,53.33,0.000227514,-5.15407e-05,0
penetrazione,n = 15,15,QoS_new,Marginal Contribution,Tri-level EP,CER_7_8_0,CER_4_11_0,53.33,73.33,-5.15407e-05,2.07903e-05,0
penetrazione,n = 15,15,QoS_new,Stratified Expected Value,Adaptive Sampling Shapley,CER_11_4_0,CER_7_8_0,26.67,53.33,0.000359899,-1.09301e-05,0
penetrazione,n = 15,15,QoS_new,Stratified Expected Value,Tri-level EP,CER_11_4_0,CER_7_8_0,26.67,53.33,0.00054908,-3.08032e-06,0
penetrazione,n = 15,15,QoS_new,Stratified Expected Value,Tri-level EP,CER_7_8_0,CER_4_11_0,53.33,73.33,-3.08032e-06,1.62254e-05,0
penetrazione,n = 15,15,EI_orig,Variance Least Core,Proportional to Consumption,CER_7_8_0,CER_4_11_0,53.33,73.33,0.018208,-0.0629105,0
penetrazione,n = 15,15,EI_orig,Variance Least Core,Cascading Tree,CER_11_4_0,CER_7_8_0,26.67,53.33,0.142296,-0.295315,0
penetrazione,n = 15,15,EI_orig,Variance Least Core,Weighted Solidarity,CER_11_4_0,CER_7_8_0,26.67,53.33,0.0189319,-0.271862,0
penetrazione,n = 15,15,EI_orig,Variance Least Core,Similarity-Utilization,CER_4_11_0,CER_0_15_0,73.33,100,0.0705383,-0.0137328,0
penetrazione,n = 15,15,EI_orig,Variance Least Core,Marginal Contribution,CER_11_4_0,CER_7_8_0,26.67,53.33,0.00886603,-0.0152967,0
penetrazione,n = 15,15,EI_orig,Variance Least Core,Stratified Expected Value,CER_11_4_0,CER_7_8_0,26.67,53.33,-0.00813272,3.73581e-05,0
penetrazione,n = 15,15,EI_orig,Variance Least Core,Stratified Expected Value,CER_7_8_0,CER_4_11_0,53.33,73.33,3.73581e-05,-0.00331193,0
penetrazione,n = 15,15,EI_orig,Variance Least Core,Adaptive Sampling Shapley,CER_11_4_0,CER_7_8_0,26.67,53.33,0.0682164,-0.114354,0
penetrazione,n = 15,15,EI_orig,Proportional to Consumption,Similarity-Utilization,CER_11_4_0,CER_7_8_0,26.67,53.33,-0.0193359,0.0644989,0
penetrazione,n = 15,15,EI_orig,Proportional to Consumption,Marginal Contribution,CER_7_8_0,CER_4_11_0,53.33,73.33,-0.0335047,0.0454026,0
penetrazione,n = 15,15,EI_orig,Proportional to Consumption,Stratified Expected Value,CER_7_8_0,CER_4_11_0,53.33,73.33,-0.0181706,0.0595986,0
penetrazione,n = 15,15,EI_orig,Remuneration Model 1,Cascading Tree,CER_11_4_0,CER_7_8_0,26.67,53.33,0.159867,-0.0163484,0
penetrazione,n = 15,15,EI_orig,Remuneration Model 1,Weighted Solidarity,CER_7_8_0,CER_4_11_0,53.33,73.33,0.0071049,-0.0537683,0
penetrazione,n = 15,15,EI_orig,Remuneration Model 1,Weighted Solidarity,CER_4_11_0,CER_0_15_0,73.33,100,-0.0537683,0.0516375,0
penetrazione,n = 15,15,EI_orig,Cascading Tree,Weighted Solidarity,CER_11_4_0,CER_7_8_0,26.67,53.33,-0.123364,0.0234533,0
penetrazione,n = 15,15,EI_orig,Cascading Tree,Marginal Contribution,CER_11_4_0,CER_7_8_0,26.67,53.33,-0.13343,0.280018,0
penetrazione,n = 15,15,EI_orig,Cascading Tree,Stratified Expected Value,CER_11_4_0,CER_7_8_0,26.67,53.33,-0.150428,0.295352,0
penetrazione,n = 15,15,EI_orig,Cascading Tree,Adaptive Sampling Shapley,CER_11_4_0,CER_7_8_0,26.67,53.33,-0.0740792,0.180961,0
penetrazione,n = 15,15,EI_orig,Weighted Solidarity,Marginal Contribution,CER_11_4_0,CER_7_8_0,26.67,53.33,-0.0100659,0.256565,0
penetrazione,n = 15,15,EI_orig,Weighted Solidarity,Stratified Expected Value,CER_11_4_0,CER_7_8_0,26.67,53.33,-0.0270647,0.271899,0
penetrazione,n = 15,15,EI_orig,Pearson Key,Similarity-Utilization,CER_7_8_0,CER_4_11_0,53.33,73.33,-0.0221249,0.00422127,0
penetrazione,n = 15,15,EI_orig,Pearson Key,Similarity-Utilization,CER_4_11_0,CER_0_15_0,73.33,100,0.00422127,-0.0413324,0
penetrazione,n = 15,15,EI_orig,Pearson Key,Tri-level EP,CER_11_4_0,CER_7_8_0,26.67,53.33,0.00346451,-0.00394152,0
penetrazione,n = 15,15,EI_orig,Pearson Key,Tri-level EP,CER_4_11_0,CER_0_15_0,73.33,100,-0.00490252,0.0105197,0
penetrazione,n = 15,15,EI_orig,Pearson-Sharing Rate,Similarity-Utilization,CER_7_8_0,CER_4_11_0,53.33,73.33,-0.0206908,0.00604799,0
penetrazione,n = 15,15,EI_orig,Pearson-Sharing Rate,Similarity-Utilization,CER_4_11_0,CER_0_15_0,73.33,100,0.00604799,-0.0406146,0
penetrazione,n = 15,15,EI_orig,Pearson-Sharing Rate,Tri-level EP,CER_11_4_0,CER_7_8_0,26.67,53.33,0.00352509,-0.00250752,0
penetrazione,n = 15,15,EI_orig,Pearson-Sharing Rate,Tri-level EP,CER_4_11_0,CER_0_15_0,73.33,100,-0.0030758,0.0112374,0
penetrazione,n = 15,15,EI_orig,Similarity-Utilization,Tri-level EP,CER_7_8_0,CER_4_11_0,53.33,73.33,0.0181833,-0.00912379,0
penetrazione,n = 15,15,EI_orig,Similarity-Utilization,Tri-level EP,CER_4_11_0,CER_0_15_0,73.33,100,-0.00912379,0.0518521,0
penetrazione,n = 15,15,EI_orig,Marginal Contribution,Stratified Expected Value,CER_11_4_0,CER_7_8_0,26.67,53.33,-0.0169988,0.0153341,0
penetrazione,n = 15,15,EI_orig,Marginal Contribution,Stratified Expected Value,CER_4_11_0,CER_0_15_0,73.33,100,0.014196,-0.00340762,0
penetrazione,n = 15,15,EI_orig,Marginal Contribution,Adaptive Sampling Shapley,CER_11_4_0,CER_7_8_0,26.67,53.33,0.0593504,-0.0990572,0
penetrazione,n = 15,15,EI_orig,Stratified Expected Value,Adaptive Sampling Shapley,CER_11_4_0,CER_7_8_0,26.67,53.33,0.0763491,-0.114391,0
penetrazione,n = 15,15,EI_new,Variance Least Core,Proportional to Consumption,CER_11_4_0,CER_7_8_0,26.67,53.33,0.0233473,-0.0549327,0
penetrazione,n = 15,15,EI_new,Variance Least Core,Pearson Key,CER_4_11_0,CER_0_15_0,73.33,100,0.0105234,-0.0182668,0
penetrazione,n = 15,15,EI_new,Variance Least Core,Pearson-Sharing Rate,CER_4_11_0,CER_0_15_0,73.33,100,0.00751964,-0.0187183,0
penetrazione,n = 15,15,EI_new,Variance Least Core,Marginal Contribution,CER_7_8_0,CER_4_11_0,53.33,73.33,0.00245104,-0.0176337,0
penetrazione,n = 15,15,EI_new,Variance Least Core,Tri-level EP,CER_4_11_0,CER_0_15_0,73.33,100,0.017153,-0.00761975,0
penetrazione,n = 15,15,EI_new,Equal Split,Cascading Tree,CER_7_8_0,CER_4_11_0,53.33,73.33,0.011067,-0.0074767,0
penetrazione,n = 15,15,EI_new,Proportional to Consumption,Remuneration Model 1,CER_11_4_0,CER_7_8_0,26.67,53.33,-0.029069,0.0145218,0
penetrazione,n = 15,15,EI_new,Proportional to Consumption,Remuneration Model 1,CER_4_11_0,CER_0_15_0,73.33,100,0.000835045,-0.0140382,0
penetrazione,n = 15,15,EI_new,Proportional to Consumption,Similarity-Utilization,CER_7_8_0,CER_4_11_0,53.33,73.33,-0.0145323,0.0336468,0
penetrazione,n = 15,15,EI_new,Proportional to Consumption,Marginal Contribution,CER_11_4_0,CER_7_8_0,26.67,53.33,-0.02218,0.0573837,0
penetrazione,n = 15,15,EI_new,Proportional to Consumption,Stratified Expected Value,CER_11_4_0,CER_7_8_0,26.67,53.33,-0.028957,0.0520831,0
penetrazione,n = 15,15,EI_new,Proportional to Consumption,Adaptive Sampling Shapley,CER_11_4_0,CER_7_8_0,26.67,53.33,-0.0308242,0.0273139,0
penetrazione,n = 15,15,EI_new,Remuneration Model 1,Similarity-Utilization,CER_7_8_0,CER_4_11_0,53.33,73.33,-0.0290541,0.0328118,0
penetrazione,n = 15,15,EI_new,Remuneration Model 1,Adaptive Sampling Shapley,CER_11_4_0,CER_7_8_0,26.67,53.33,-0.00175521,0.0127921,0
penetrazione,n = 15,15,EI_new,Weighted Solidarity,Pearson Key,CER_7_8_0,CER_4_11_0,53.33,73.33,0.00259778,-0.00501016,0
penetrazione,n = 15,15,EI_new,Weighted Solidarity,Pearson-Sharing Rate,CER_7_8_0,CER_4_11_0,53.33,73.33,0.000191782,-0.00801397,0
penetrazione,n = 15,15,EI_new,Weighted Solidarity,Tri-level EP,CER_4_11_0,CER_0_15_0,73.33,100,0.00161942,-0.0473266,0
penetrazione,n = 15,15,EI_new,Similarity-Utilization,Adaptive Sampling Shapley,CER_7_8_0,CER_4_11_0,53.33,73.33,0.0418462,-0.0103913,0
penetrazione,n = 15,15,EI_new,Marginal Contribution,Stratified Expected Value,CER_4_11_0,CER_0_15_0,73.33,100,-0.00197171,0.000451532,0
penetrazione,n = 15,15,Jain,Variance Least Core,Cascading Tree,CER_11_4_0,CER_7_8_0,26.67,53.33,0.00311557,-0.0025055,0
penetrazione,n = 15,15,Jain,Variance Least Core,Pearson Key,CER_7_8_0,CER_4_11_0,53.33,73.33,-4.43284e-05,0.00109213,0
penetrazione,n = 15,15,Jain,Variance Least Core,Pearson Key,CER_4_11_0,CER_0_15_0,73.33,100,0.00109213,-0.00169838,0
penetrazione,n = 15,15,Jain,Variance Least Core,Pearson-Sharing Rate,CER_7_8_0,CER_4_11_0,53.33,73.33,-4.40001e-05,0.0010279,0
penetrazione,n = 15,15,Jain,Variance Least Core,Pearson-Sharing Rate,CER_4_11_0,CER_0_15_0,73.33,100,0.0010279,-0.00188013,0
penetrazione,n = 15,15,Jain,Variance Least Core,Similarity-Utilization,CER_7_8_0,CER_4_11_0,53.33,73.33,-0.00143662,0.00108527,0
penetrazione,n = 15,15,Jain,Variance Least Core,Similarity-Utilization,CER_4_11_0,CER_0_15_0,73.33,100,0.00108527,-0.00721744,0
penetrazione,n = 15,15,Jain,Variance Least Core,Marginal Contribution,CER_11_4_0,CER_7_8_0,26.67,53.33,0.000264036,-2.58181e-05,0
penetrazione,n = 15,15,Jain,Variance Least Core,Adaptive Sampling Shapley,CER_11_4_0,CER_7_8_0,26.67,53.33,0.00165042,-0.000471444,0
penetrazione,n = 15,15,Jain,Variance Least Core,Tri-level EP,CER_7_8_0,CER_4_11_0,53.33,73.33,-6.20661e-05,0.000861891,0
penetrazione,n = 15,15,Jain,Variance Least Core,Tri-level EP,CER_4_11_0,CER_0_15_0,73.33,100,0.000861891,-0.00120474,0
penetrazione,n = 15,15,Jain,Equal Split,Proportional to Consumption,CER_11_4_0,CER_7_8_0,26.67,53.33,-0.00194304,0.00233375,0
penetrazione,n = 15,15,Jain,Equal Split,Cascading Tree,CER_7_8_0,CER_4_11_0,53.33,73.33,0.000325679,-0.00199768,0
penetrazione,n = 15,15,Jain,Equal Split,Cascading Tree,CER_4_11_0,CER_0_15_0,73.33,100,-0.00199768,0.00566686,0
penetrazione,n = 15,15,Jain,Equal Split,Weighted Solidarity,CER_4_11_0,CER_0_15_0,73.33,100,-0.00304038,0.00913193,0
penetrazione,n = 15,15,Jain,Equal Split,Pearson Key,CER_11_4_0,CER_7_8_0,26.67,53.33,-0.00318424,0.00278685,0
penetrazione,n = 15,15,Jain,Equal Split,Pearson-Sharing Rate,CER_11_4_0,CER_7_8_0,26.67,53.33,-0.00313845,0.00278718,0
penetrazione,n = 15,15,Jain,Equal Split,Similarity-Utilization,CER_11_4_0,CER_7_8_0,26.67,53.33,-0.0042614,0.00139456,0
penetrazione,n = 15,15,Jain,Equal Split,Tri-level EP,CER_11_4_0,CER_7_8_0,26.67,53.33,-0.00297773,0.00276912,0
penetrazione,n = 15,15,Jain,Proportional to Consumption,Remuneration Model 1,CER_11_4_0,CER_7_8_0,26.67,53.33,0.00275347,-0.000449359,0
penetrazione,n = 15,15,Jain,Proportional to Consumption,Cascading Tree,CER_11_4_0,CER_7_8_0,26.67,53.33,0.00605021,-0.00200808,0
penetrazione,n = 15,15,Jain,Proportional to Consumption,Weighted Solidarity,CER_11_4_0,CER_7_8_0,26.67,53.33,0.00165563,-0.00436189,0
penetrazione,n = 15,15,Jain,Proportional to Consumption,Pearson Key,CER_11_4_0,CER_7_8_0,26.67,53.33,-0.0012412,0.000453101,0
penetrazione,n = 15,15,Jain,Proportional to Consumption,Pearson-Sharing Rate,CER_11_4_0,CER_7_8_0,26.67,53.33,-0.00119541,0.000453429,0
penetrazione,n = 15,15,Jain,Proportional to Consumption,Similarity-Utilization,CER_7_8_0,CER_4_11_0,53.33,73.33,-0.000939194,0.0046828,0
penetrazione,n = 15,15,Jain,Proportional to Consumption,Tri-level EP,CER_11_4_0,CER_7_8_0,26.67,53.33,-0.00103469,0.000435363,0
penetrazione,n = 15,15,Jain,Remuneration Model 1,Cascading Tree,CER_11_4_0,CER_7_8_0,26.67,53.33,0.00329674,-0.00155872,0
penetrazione,n = 15,15,Jain,Remuneration Model 1,Pearson Key,CER_11_4_0,CER_7_8_0,26.67,53.33,-0.00399466,0.00090246,0
penetrazione,n = 15,15,Jain,Remuneration Model 1,Pearson-Sharing Rate,CER_11_4_0,CER_7_8_0,26.67,53.33,-0.00394887,0.000902788,0
penetrazione,n = 15,15,Jain,Remuneration Model 1,Similarity-Utilization,CER_7_8_0,CER_4_11_0,53.33,73.33,-0.000489835,0.0121952,0
penetrazione,n = 15,15,Jain,Remuneration Model 1,Stratified Expected Value,CER_11_4_0,CER_7_8_0,26.67,53.33,-0.000173269,0.000892724,0
penetrazione,n = 15,15,Jain,Remuneration Model 1,Tri-level EP,CER_11_4_0,CER_7_8_0,26.67,53.33,-0.00378815,0.000884722,0
penetrazione,n = 15,15,Jain,Cascading Tree,Weighted Solidarity,CER_4_11_0,CER_0_15_0,73.33,100,-0.0010427,0.00346507,0
penetrazione,n = 15,15,Jain,Cascading Tree,Pearson Key,CER_11_4_0,CER_7_8_0,26.67,53.33,-0.0072914,0.00246118,0
penetrazione,n = 15,15,Jain,Cascading Tree,Pearson-Sharing Rate,CER_11_4_0,CER_7_8_0,26.67,53.33,-0.00724561,0.0024615,0
penetrazione,n = 15,15,Jain,Cascading Tree,Similarity-Utilization,CER_11_4_0,CER_7_8_0,26.67,53.33,-0.00836856,0.00106888,0
penetrazione,n = 15,15,Jain,Cascading Tree,Marginal Contribution,CER_11_4_0,CER_7_8_0,26.67,53.33,-0.00285153,0.00247969,0
penetrazione,n = 15,15,Jain,Cascading Tree,Stratified Expected Value,CER_11_4_0,CER_7_8_0,26.67,53.33,-0.00347001,0.00245144,0
penetrazione,n = 15,15,Jain,Cascading Tree,Adaptive Sampling Shapley,CER_11_4_0,CER_7_8_0,26.67,53.33,-0.00146515,0.00203406,0
penetrazione,n = 15,15,Jain,Cascading Tree,Tri-level EP,CER_11_4_0,CER_7_8_0,26.67,53.33,-0.00708489,0.00244344,0
penetrazione,n = 15,15,Jain,Weighted Solidarity,Pearson Key,CER_11_4_0,CER_7_8_0,26.67,53.33,-0.00289683,0.00481499,0
penetrazione,n = 15,15,Jain,Weighted Solidarity,Pearson-Sharing Rate,CER_11_4_0,CER_7_8_0,26.67,53.33,-0.00285104,0.00481531,0
penetrazione,n = 15,15,Jain,Weighted Solidarity,Similarity-Utilization,CER_11_4_0,CER_7_8_0,26.67,53.33,-0.00397399,0.00342269,0
penetrazione,n = 15,15,Jain,Weighted Solidarity,Tri-level EP,CER_11_4_0,CER_7_8_0,26.67,53.33,-0.00269032,0.00479725,0
penetrazione,n = 15,15,Jain,Pearson Key,Pearson-Sharing Rate,CER_7_8_0,CER_4_11_0,53.33,73.33,3.28255e-07,-6.42296e-05,0
penetrazione,n = 15,15,Jain,Pearson Key,Marginal Contribution,CER_7_8_0,CER_4_11_0,53.33,73.33,1.85103e-05,-0.00156613,0
penetrazione,n = 15,15,Jain,Pearson Key,Stratified Expected Value,CER_11_4_0,CER_7_8_0,26.67,53.33,0.00382139,-9.7359e-06,0
penetrazione,n = 15,15,Jain,Pearson Key,Adaptive Sampling Shapley,CER_11_4_0,CER_7_8_0,26.67,53.33,0.00582625,-0.000427116,0
penetrazione,n = 15,15,Jain,Pearson Key,Tri-level EP,CER_11_4_0,CER_7_8_0,26.67,53.33,0.000206511,-1.77377e-05,0
penetrazione,n = 15,15,Jain,Pearson Key,Tri-level EP,CER_4_11_0,CER_0_15_0,73.33,100,-0.000230243,0.00049364,0
penetrazione,n = 15,15,Jain,Pearson-Sharing Rate,Similarity-Utilization,CER_7_8_0,CER_4_11_0,53.33,73.33,-0.00139262,5.73663e-05,0
penetrazione,n = 15,15,Jain,Pearson-Sharing Rate,Similarity-Utilization,CER_4_11_0,CER_0_15_0,73.33,100,5.73663e-05,-0.00533731,0
penetrazione,n = 15,15,Jain,Pearson-Sharing Rate,Marginal Contribution,CER_7_8_0,CER_4_11_0,53.33,73.33,1.8182e-05,-0.0015019,0
penetrazione,n = 15,15,Jain,Pearson-Sharing Rate,Stratified Expected Value,CER_11_4_0,CER_7_8_0,26.67,53.33,0.0037756,-1.00642e-05,0
penetrazione,n = 15,15,Jain,Pearson-Sharing Rate,Adaptive Sampling Shapley,CER_11_4_0,CER_7_8_0,26.67,53.33,0.00578046,-0.000427444,0
penetrazione,n = 15,15,Jain,Pearson-Sharing Rate,Tri-level EP,CER_11_4_0,CER_7_8_0,26.67,53.33,0.000160719,-1.8066e-05,0
penetrazione,n = 15,15,Jain,Pearson-Sharing Rate,Tri-level EP,CER_4_11_0,CER_0_15_0,73.33,100,-0.000166013,0.000675391,0
penetrazione,n = 15,15,Jain,Similarity-Utilization,Marginal Contribution,CER_7_8_0,CER_4_11_0,53.33,73.33,0.00141081,-0.00155927,0
penetrazione,n = 15,15,Jain,Similarity-Utilization,Marginal Contribution,CER_4_11_0,CER_0_15_0,73.33,100,-0.00155927,0.00469195,0
penetrazione,n = 15,15,Jain,Similarity-Utilization,Stratified Expected Value,CER_7_8_0,CER_4_11_0,53.33,73.33,0.00138256,-0.00109036,0
penetrazione,n = 15,15,Jain,Similarity-Utilization,Stratified Expected Value,CER_4_11_0,CER_0_15_0,73.33,100,-0.00109036,0.00425778,0
penetrazione,n = 15,15,Jain,Similarity-Utilization,Adaptive Sampling Shapley,CER_7_8_0,CER_4_11_0,53.33,73.33,0.000965179,-0.00334099,0
penetrazione,n = 15,15,Jain,Similarity-Utilization,Adaptive Sampling Shapley,CER_4_11_0,CER_0_15_0,73.33,100,-0.00334099,0.000849637,0
penetrazione,n = 15,15,Jain,Similarity-Utilization,Tri-level EP,CER_7_8_0,CER_4_11_0,53.33,73.33,0.00137456,-0.000223379,0
penetrazione,n = 15,15,Jain,Similarity-Utilization,Tri-level EP,CER_4_11_0,CER_0_15_0,73.33,100,-0.000223379,0.0060127,0
penetrazione,n = 15,15,Jain,Marginal Contribution,Stratified Expected Value,CER_7_8_0,CER_4_11_0,53.33,73.33,-2.82462e-05,0.000468906,0
penetrazione,n = 15,15,Jain,Marginal Contribution,Stratified Expected Value,CER_4_11_0,CER_0_15_0,73.33,100,0.000468906,-0.00043417,0
penetrazione,n = 15,15,Jain,Marginal Contribution,Adaptive Sampling Shapley,CER_11_4_0,CER_7_8_0,26.67,53.33,0.00138638,-0.000445626,0
penetrazione,n = 15,15,Jain,Marginal Contribution,Tri-level EP,CER_7_8_0,CER_4_11_0,53.33,73.33,-3.6248e-05,0.00133589,0
penetrazione,n = 15,15,Jain,Stratified Expected Value,Adaptive Sampling Shapley,CER_11_4_0,CER_7_8_0,26.67,53.33,0.00200486,-0.00041738,0
penetrazione,n = 15,15,Jain,Stratified Expected Value,Tri-level EP,CER_7_8_0,CER_4_11_0,53.33,73.33,-8.00183e-06,0.000866984,0
penetrazione,n = 15,15,Jain,Adaptive Sampling Shapley,Tri-level EP,CER_11_4_0,CER_7_8_0,26.67,53.33,-0.00561974,0.000409378,0
penetrazione,n = 15,15,Gini,Variance Least Core,Proportional to Consumption,CER_7_8_0,CER_4_11_0,53.33,73.33,0.018208,-0.0629105,0
penetrazione,n = 15,15,Gini,Variance Least Core,Cascading Tree,CER_11_4_0,CER_7_8_0,26.67,53.33,0.142296,-0.295315,0
penetrazione,n = 15,15,Gini,Variance Least Core,Weighted Solidarity,CER_11_4_0,CER_7_8_0,26.67,53.33,0.0189319,-0.271862,0
penetrazione,n = 15,15,Gini,Variance Least Core,Similarity-Utilization,CER_4_11_0,CER_0_15_0,73.33,100,0.0705383,-0.0137328,0
penetrazione,n = 15,15,Gini,Variance Least Core,Marginal Contribution,CER_11_4_0,CER_7_8_0,26.67,53.33,0.00886603,-0.0152967,0
penetrazione,n = 15,15,Gini,Variance Least Core,Stratified Expected Value,CER_11_4_0,CER_7_8_0,26.67,53.33,-0.00813272,3.73581e-05,0
penetrazione,n = 15,15,Gini,Variance Least Core,Stratified Expected Value,CER_7_8_0,CER_4_11_0,53.33,73.33,3.73581e-05,-0.00331193,0
penetrazione,n = 15,15,Gini,Variance Least Core,Adaptive Sampling Shapley,CER_11_4_0,CER_7_8_0,26.67,53.33,0.0682164,-0.114354,0
penetrazione,n = 15,15,Gini,Proportional to Consumption,Similarity-Utilization,CER_11_4_0,CER_7_8_0,26.67,53.33,-0.0193359,0.0644989,0
penetrazione,n = 15,15,Gini,Proportional to Consumption,Marginal Contribution,CER_7_8_0,CER_4_11_0,53.33,73.33,-0.0335047,0.0454026,0
penetrazione,n = 15,15,Gini,Proportional to Consumption,Stratified Expected Value,CER_7_8_0,CER_4_11_0,53.33,73.33,-0.0181706,0.0595986,0
penetrazione,n = 15,15,Gini,Remuneration Model 1,Cascading Tree,CER_11_4_0,CER_7_8_0,26.67,53.33,0.159867,-0.0163484,0
penetrazione,n = 15,15,Gini,Remuneration Model 1,Weighted Solidarity,CER_7_8_0,CER_4_11_0,53.33,73.33,0.0071049,-0.0537683,0
penetrazione,n = 15,15,Gini,Remuneration Model 1,Weighted Solidarity,CER_4_11_0,CER_0_15_0,73.33,100,-0.0537683,0.0516375,0
penetrazione,n = 15,15,Gini,Cascading Tree,Weighted Solidarity,CER_11_4_0,CER_7_8_0,26.67,53.33,-0.123364,0.0234533,0
penetrazione,n = 15,15,Gini,Cascading Tree,Marginal Contribution,CER_11_4_0,CER_7_8_0,26.67,53.33,-0.13343,0.280018,0
penetrazione,n = 15,15,Gini,Cascading Tree,Stratified Expected Value,CER_11_4_0,CER_7_8_0,26.67,53.33,-0.150428,0.295352,0
penetrazione,n = 15,15,Gini,Cascading Tree,Adaptive Sampling Shapley,CER_11_4_0,CER_7_8_0,26.67,53.33,-0.0740792,0.180961,0
penetrazione,n = 15,15,Gini,Weighted Solidarity,Marginal Contribution,CER_11_4_0,CER_7_8_0,26.67,53.33,-0.0100659,0.256565,0
penetrazione,n = 15,15,Gini,Weighted Solidarity,Stratified Expected Value,CER_11_4_0,CER_7_8_0,26.67,53.33,-0.0270647,0.271899,0
penetrazione,n = 15,15,Gini,Pearson Key,Similarity-Utilization,CER_7_8_0,CER_4_11_0,53.33,73.33,-0.0221249,0.00422127,0
penetrazione,n = 15,15,Gini,Pearson Key,Similarity-Utilization,CER_4_11_0,CER_0_15_0,73.33,100,0.00422127,-0.0413324,0
penetrazione,n = 15,15,Gini,Pearson Key,Tri-level EP,CER_11_4_0,CER_7_8_0,26.67,53.33,0.00346451,-0.00394152,0
penetrazione,n = 15,15,Gini,Pearson Key,Tri-level EP,CER_4_11_0,CER_0_15_0,73.33,100,-0.00490252,0.0105197,0
penetrazione,n = 15,15,Gini,Pearson-Sharing Rate,Similarity-Utilization,CER_7_8_0,CER_4_11_0,53.33,73.33,-0.0206908,0.00604799,0
penetrazione,n = 15,15,Gini,Pearson-Sharing Rate,Similarity-Utilization,CER_4_11_0,CER_0_15_0,73.33,100,0.00604799,-0.0406146,0
penetrazione,n = 15,15,Gini,Pearson-Sharing Rate,Tri-level EP,CER_11_4_0,CER_7_8_0,26.67,53.33,0.00352509,-0.00250752,0
penetrazione,n = 15,15,Gini,Pearson-Sharing Rate,Tri-level EP,CER_4_11_0,CER_0_15_0,73.33,100,-0.0030758,0.0112374,0
penetrazione,n = 15,15,Gini,Similarity-Utilization,Tri-level EP,CER_7_8_0,CER_4_11_0,53.33,73.33,0.0181833,-0.00912379,0
penetrazione,n = 15,15,Gini,Similarity-Utilization,Tri-level EP,CER_4_11_0,CER_0_15_0,73.33,100,-0.00912379,0.0518521,0
penetrazione,n = 15,15,Gini,Marginal Contribution,Stratified Expected Value,CER_11_4_0,CER_7_8_0,26.67,53.33,-0.0169988,0.0153341,0
penetrazione,n = 15,15,Gini,Marginal Contribution,Stratified Expected Value,CER_4_11_0,CER_0_15_0,73.33,100,0.014196,-0.00340762,0
penetrazione,n = 15,15,Gini,Marginal Contribution,Adaptive Sampling Shapley,CER_11_4_0,CER_7_8_0,26.67,53.33,0.0593504,-0.0990572,0
penetrazione,n = 15,15,Gini,Stratified Expected Value,Adaptive Sampling Shapley,CER_11_4_0,CER_7_8_0,26.67,53.33,0.0763491,-0.114391,0
penetrazione,n = 15,15,FairnessIndex,Variance Least Core,Stratified Expected Value,CER_4_11_0,CER_0_15_0,73.33,100,0.00300502,-0.0081155,0
penetrazione,n = 15,15,FairnessIndex,Equal Split,Proportional to Consumption,CER_11_4_0,CER_7_8_0,26.67,53.33,0.184232,-0.303009,0
penetrazione,n = 15,15,FairnessIndex,Equal Split,Cascading Tree,CER_4_11_0,CER_0_15_0,73.33,100,0.0451845,-0.00379787,0
penetrazione,n = 15,15,FairnessIndex,Equal Split,Pearson Key,CER_11_4_0,CER_7_8_0,26.67,53.33,0.228719,-0.243651,0
penetrazione,n = 15,15,FairnessIndex,Equal Split,Pearson-Sharing Rate,CER_11_4_0,CER_7_8_0,26.67,53.33,0.227543,-0.245766,0
penetrazione,n = 15,15,FairnessIndex,Equal Split,Similarity-Utilization,CER_11_4_0,CER_7_8_0,26.67,53.33,0.228187,-0.208661,0
penetrazione,n = 15,15,FairnessIndex,Equal Split,Tri-level EP,CER_11_4_0,CER_7_8_0,26.67,53.33,0.223384,-0.251133,0
penetrazione,n = 15,15,FairnessIndex,Proportional to Consumption,Remuneration Model 1,CER_11_4_0,CER_7_8_0,26.67,53.33,-0.205554,0.196058,0
penetrazione,n = 15,15,FairnessIndex,Proportional to Consumption,Remuneration Model 1,CER_4_11_0,CER_0_15_0,73.33,100,0.230701,-0.0574935,0
penetrazione,n = 15,15,FairnessIndex,Proportional to Consumption,Cascading Tree,CER_11_4_0,CER_7_8_0,26.67,53.33,-0.0860891,0.415636,0
penetrazione,n = 15,15,FairnessIndex,Proportional to Consumption,Weighted Solidarity,CER_11_4_0,CER_7_8_0,26.67,53.33,-0.113667,0.352961,0
penetrazione,n = 15,15,FairnessIndex,Proportional to Consumption,Pearson Key,CER_7_8_0,CER_4_11_0,53.33,73.33,0.0593584,-0.0153498,0
penetrazione,n = 15,15,FairnessIndex,Proportional to Consumption,Pearson-Sharing Rate,CER_7_8_0,CER_4_11_0,53.33,73.33,0.0572433,-0.0169713,0
penetrazione,n = 15,15,FairnessIndex,Proportional to Consumption,Similarity-Utilization,CER_4_11_0,CER_0_15_0,73.33,100,0.0363101,-0.0676506,0
penetrazione,n = 15,15,FairnessIndex,Proportional to Consumption,Adaptive Sampling Shapley,CER_11_4_0,CER_7_8_0,26.67,53.33,-0.185711,0.0305696,0
penetrazione,n = 15,15,FairnessIndex,Proportional to Consumption,Adaptive Sampling Shapley,CER_7_8_0,CER_4_11_0,53.33,73.33,0.0305696,-0.0414469,0
penetrazione,n = 15,15,FairnessIndex,Proportional to Consumption,Tri-level EP,CER_7_8_0,CER_4_11_0,53.33,73.33,0.0518766,-0.0196498,0
penetrazione,n = 15,15,FairnessIndex,Remuneration Model 1,Pearson Key,CER_11_4_0,CER_7_8_0,26.67,53.33,0.25004,-0.136699,0
penetrazione,n = 15,15,FairnessIndex,Remuneration Model 1,Pearson Key,CER_4_11_0,CER_0_15_0,73.33,100,-0.246051,0.0119021,0
penetrazione,n = 15,15,FairnessIndex,Remuneration Model 1,Pearson-Sharing Rate,CER_11_4_0,CER_7_8_0,26.67,53.33,0.248864,-0.138814,0
penetrazione,n = 15,15,FairnessIndex,Remuneration Model 1,Pearson-Sharing Rate,CER_4_11_0,CER_0_15_0,73.33,100,-0.247673,0.0128317,0
penetrazione,n = 15,15,FairnessIndex,Remuneration Model 1,Similarity-Utilization,CER_11_4_0,CER_7_8_0,26.67,53.33,0.249509,-0.101709,0
penetrazione,n = 15,15,FairnessIndex,Remuneration Model 1,Adaptive Sampling Shapley,CER_11_4_0,CER_7_8_0,26.67,53.33,0.0198422,-0.165488,0
penetrazione,n = 15,15,FairnessIndex,Remuneration Model 1,Tri-level EP,CER_11_4_0,CER_7_8_0,26.67,53.33,0.244705,-0.144181,0
penetrazione,n = 15,15,FairnessIndex,Remuneration Model 1,Tri-level EP,CER_4_11_0,CER_0_15_0,73.33,100,-0.250351,0.0201579,0
penetrazione,n = 15,15,FairnessIndex,Cascading Tree,Weighted Solidarity,CER_4_11_0,CER_0_15_0,73.33,100,-0.00861419,0.0973986,0
penetrazione,n = 15,15,FairnessIndex,Cascading Tree,Pearson Key,CER_11_4_0,CER_7_8_0,26.67,53.33,0.130576,-0.356278,0
penetrazione,n = 15,15,FairnessIndex,Cascading Tree,Pearson-Sharing Rate,CER_11_4_0,CER_7_8_0,26.67,53.33,0.1294,-0.358393,0
penetrazione,n = 15,15,FairnessIndex,Cascading Tree,Similarity-Utilization,CER_11_4_0,CER_7_8_0,26.67,53.33,0.130044,-0.321288,0
penetrazione,n = 15,15,FairnessIndex,Cascading Tree,Tri-level EP,CER_11_4_0,CER_7_8_0,26.67,53.33,0.125241,-0.363759,0
penetrazione,n = 15,15,FairnessIndex,Weighted Solidarity,Pearson Key,CER_11_4_0,CER_7_8_0,26.67,53.33,0.158154,-0.293603,0
penetrazione,n = 15,15,FairnessIndex,Weighted Solidarity,Pearson-Sharing Rate,CER_11_4_0,CER_7_8_0,26.67,53.33,0.156978,-0.295718,0
penetrazione,n = 15,15,FairnessIndex,Weighted Solidarity,Similarity-Utilization,CER_11_4_0,CER_7_8_0,26.67,53.33,0.157622,-0.258613,0
penetrazione,n = 15,15,FairnessIndex,Weighted Solidarity,Tri-level EP,CER_11_4_0,CER_7_8_0,26.67,53.33,0.152819,-0.301085,0
penetrazione,n = 15,15,FairnessIndex,Pearson Key,Pearson-Sharing Rate,CER_4_11_0,CER_0_15_0,73.33,100,-0.00162159,0.000929624,0
penetrazione,n = 15,15,FairnessIndex,Pearson Key,Similarity-Utilization,CER_11_4_0,CER_7_8_0,26.67,53.33,-0.000531688,0.03499,0
penetrazione,n = 15,15,FairnessIndex,Pearson Key,Similarity-Utilization,CER_4_11_0,CER_0_15_0,73.33,100,0.0516599,-0.0220592,0
penetrazione,n = 15,15,FairnessIndex,Pearson Key,Tri-level EP,CER_4_11_0,CER_0_15_0,73.33,100,-0.00430001,0.00825587,0
penetrazione,n = 15,15,FairnessIndex,Pearson-Sharing Rate,Similarity-Utilization,CER_4_11_0,CER_0_15_0,73.33,100,0.0532815,-0.0229888,0
penetrazione,n = 15,15,FairnessIndex,Pearson-Sharing Rate,Tri-level EP,CER_4_11_0,CER_0_15_0,73.33,100,-0.00267843,0.00732625,0
penetrazione,n = 15,15,FairnessIndex,Similarity-Utilization,Tri-level EP,CER_4_11_0,CER_0_15_0,73.33,100,-0.0559599,0.030315,0
penetrazione,n = 15,15,Sigma,Variance Least Core,Stratified Expected Value,CER_4_11_0,CER_0_15_0,73.33,100,0.000619969,-0.00253433,0
penetrazione,n = 15,15,Sigma,Equal Split,Proportional to Consumption,CER_11_4_0,CER_7_8_0,26.67,53.33,0.0289098,-0.0410019,0
penetrazione,n = 15,15,Sigma,Equal Split,Cascading Tree,CER_4_11_0,CER_0_15_0,73.33,100,0.00618764,-0.00501613,0
penetrazione,n = 15,15,Sigma,Equal Split,Pearson Key,CER_11_4_0,CER_7_8_0,26.67,53.33,0.0334314,-0.0343468,0
penetrazione,n = 15,15,Sigma,Equal Split,Pearson-Sharing Rate,CER_11_4_0,CER_7_8_0,26.67,53.33,0.0333051,-0.0345726,0
penetrazione,n = 15,15,Sigma,Equal Split,Similarity-Utilization,CER_11_4_0,CER_7_8_0,26.67,53.33,0.0339842,-0.0254096,0
penetrazione,n = 15,15,Sigma,Equal Split,Tri-level EP,CER_11_4_0,CER_7_8_0,26.67,53.33,0.0331464,-0.0348336,0
penetrazione,n = 15,15,Sigma,Proportional to Consumption,Remuneration Model 1,CER_11_4_0,CER_7_8_0,26.67,53.33,-0.0319292,0.0245006,0
penetrazione,n = 15,15,Sigma,Proportional to Consumption,Cascading Tree,CER_11_4_0,CER_7_8_0,26.67,53.33,-0.0149262,0.0553576,0
penetrazione,n = 15,15,Sigma,Proportional to Consumption,Weighted Solidarity,CER_11_4_0,CER_7_8_0,26.67,53.33,-0.0202918,0.0528032,0
penetrazione,n = 15,15,Sigma,Proportional to Consumption,Pearson Key,CER_7_8_0,CER_4_11_0,53.33,73.33,0.00665517,-0.00108379,0
penetrazione,n = 15,15,Sigma,Proportional to Consumption,Pearson-Sharing Rate,CER_7_8_0,CER_4_11_0,53.33,73.33,0.0064293,-0.00137077,0
penetrazione,n = 15,15,Sigma,Proportional to Consumption,Similarity-Utilization,CER_4_11_0,CER_0_15_0,73.33,100,0.0146558,-0.0082688,0
penetrazione,n = 15,15,Sigma,Proportional to Consumption,Adaptive Sampling Shapley,CER_11_4_0,CER_7_8_0,26.67,53.33,-0.0314396,0.00177788,0
penetrazione,n = 15,15,Sigma,Proportional to Consumption,Adaptive Sampling Shapley,CER_7_8_0,CER_4_11_0,53.33,73.33,0.00177788,-0.00567302,0
penetrazione,n = 15,15,Sigma,Proportional to Consumption,Tri-level EP,CER_7_8_0,CER_4_11_0,53.33,73.33,0.00616836,-0.00206176,0
penetrazione,n = 15,15,Sigma,Remuneration Model 1,Pearson Key,CER_11_4_0,CER_7_8_0,26.67,53.33,0.0364508,-0.0178454,0
penetrazione,n = 15,15,Sigma,Remuneration Model 1,Pearson-Sharing Rate,CER_11_4_0,CER_7_8_0,26.67,53.33,0.0363245,-0.0180713,0
penetrazione,n = 15,15,Sigma,Remuneration Model 1,Similarity-Utilization,CER_11_4_0,CER_7_8_0,26.67,53.33,0.0370036,-0.00890827,0
penetrazione,n = 15,15,Sigma,Remuneration Model 1,Adaptive Sampling Shapley,CER_11_4_0,CER_7_8_0,26.67,53.33,0.000489566,-0.0227227,0
penetrazione,n = 15,15,Sigma,Remuneration Model 1,Tri-level EP,CER_11_4_0,CER_7_8_0,26.67,53.33,0.0361658,-0.0183322,0
penetrazione,n = 15,15,Sigma,Cascading Tree,Weighted Solidarity,CER_7_8_0,CER_4_11_0,53.33,73.33,-0.00255438,0.00409054,0
penetrazione,n = 15,15,Sigma,Cascading Tree,Pearson Key,CER_11_4_0,CER_7_8_0,26.67,53.33,0.0194479,-0.0487024,0
penetrazione,n = 15,15,Sigma,Cascading Tree,Pearson-Sharing Rate,CER_11_4_0,CER_7_8_0,26.67,53.33,0.0193216,-0.0489283,0
penetrazione,n = 15,15,Sigma,Cascading Tree,Similarity-Utilization,CER_11_4_0,CER_7_8_0,26.67,53.33,0.0200006,-0.0397653,0
penetrazione,n = 15,15,Sigma,Cascading Tree,Tri-level EP,CER_11_4_0,CER_7_8_0,26.67,53.33,0.0191629,-0.0491892,0
penetrazione,n = 15,15,Sigma,Weighted Solidarity,Pearson Key,CER_11_4_0,CER_7_8_0,26.67,53.33,0.0248135,-0.046148,0
penetrazione,n = 15,15,Sigma,Weighted Solidarity,Pearson-Sharing Rate,CER_11_4_0,CER_7_8_0,26.67,53.33,0.0246871,-0.0463739,0
penetrazione,n = 15,15,Sigma,Weighted Solidarity,Similarity-Utilization,CER_11_4_0,CER_7_8_0,26.67,53.33,0.0253662,-0.0372109,0
penetrazione,n = 15,15,Sigma,Weighted Solidarity,Tri-level EP,CER_11_4_0,CER_7_8_0,26.67,53.33,0.0245284,-0.0466348,0
penetrazione,n = 15,15,Sigma,Pearson Key,Pearson-Sharing Rate,CER_4_11_0,CER_0_15_0,73.33,100,-0.000286978,0.000134193,0
penetrazione,n = 15,15,Sigma,Pearson Key,Similarity-Utilization,CER_4_11_0,CER_0_15_0,73.33,100,0.0157396,-0.00306905,0
penetrazione,n = 15,15,Sigma,Pearson Key,Tri-level EP,CER_4_11_0,CER_0_15_0,73.33,100,-0.000977965,0.00161266,0
penetrazione,n = 15,15,Sigma,Pearson-Sharing Rate,Similarity-Utilization,CER_4_11_0,CER_0_15_0,73.33,100,0.0160266,-0.00320324,0
penetrazione,n = 15,15,Sigma,Pearson-Sharing Rate,Tri-level EP,CER_4_11_0,CER_0_15_0,73.33,100,-0.000690987,0.00147847,0
penetrazione,n = 15,15,Sigma,Similarity-Utilization,Tri-level EP,CER_4_11_0,CER_0_15_0,73.33,100,-0.0167176,0.00468171,0
penetrazione,n = 15,15,EccessoMax_EUR,Equal Split,Proportional to Consumption,CER_11_4_0,CER_7_8_0,26.67,53.33,9.44093,-128.591,0
penetrazione,n = 15,15,EccessoMax_EUR,Equal Split,Cascading Tree,CER_4_11_0,CER_0_15_0,73.33,100,21.7953,-2.23862,0
penetrazione,n = 15,15,EccessoMax_EUR,Equal Split,Pearson Key,CER_11_4_0,CER_7_8_0,26.67,53.33,18.4798,-127.059,0
penetrazione,n = 15,15,EccessoMax_EUR,Equal Split,Pearson-Sharing Rate,CER_11_4_0,CER_7_8_0,26.67,53.33,16.7728,-128.705,0
penetrazione,n = 15,15,EccessoMax_EUR,Equal Split,Similarity-Utilization,CER_11_4_0,CER_7_8_0,26.67,53.33,77.3533,-69.4568,0
penetrazione,n = 15,15,EccessoMax_EUR,Equal Split,Tri-level EP,CER_11_4_0,CER_7_8_0,26.67,53.33,13.319,-131.081,0
penetrazione,n = 15,15,EccessoMax_EUR,Proportional to Consumption,Remuneration Model 1,CER_11_4_0,CER_7_8_0,26.67,53.33,-50.6731,66.7522,0
penetrazione,n = 15,15,EccessoMax_EUR,Proportional to Consumption,Remuneration Model 1,CER_4_11_0,CER_0_15_0,73.33,100,63.571,-7.00889,0
penetrazione,n = 15,15,EccessoMax_EUR,Proportional to Consumption,Pearson Key,CER_7_8_0,CER_4_11_0,53.33,73.33,1.53211,-24.6126,0
penetrazione,n = 15,15,EccessoMax_EUR,Proportional to Consumption,Pearson-Sharing Rate,CER_11_4_0,CER_7_8_0,26.67,53.33,7.33185,-0.113477,0
penetrazione,n = 15,15,EccessoMax_EUR,Proportional to Consumption,Similarity-Utilization,CER_4_11_0,CER_0_15_0,73.33,100,18.2962,-5.5268,0
penetrazione,n = 15,15,EccessoMax_EUR,Proportional to Consumption,Tri-level EP,CER_11_4_0,CER_7_8_0,26.67,53.33,3.87803,-2.4902,0
penetrazione,n = 15,15,EccessoMax_EUR,Remuneration Model 1,Pearson Key,CER_11_4_0,CER_7_8_0,26.67,53.33,59.712,-65.2201,0
penetrazione,n = 15,15,EccessoMax_EUR,Remuneration Model 1,Pearson Key,CER_4_11_0,CER_0_15_0,73.33,100,-88.1835,0.093831,0
penetrazione,n = 15,15,EccessoMax_EUR,Remuneration Model 1,Pearson-Sharing Rate,CER_11_4_0,CER_7_8_0,26.67,53.33,58.005,-66.8657,0
penetrazione,n = 15,15,EccessoMax_EUR,Remuneration Model 1,Pearson-Sharing Rate,CER_4_11_0,CER_0_15_0,73.33,100,-89.399,0.121934,0
penetrazione,n = 15,15,EccessoMax_EUR,Remuneration Model 1,Similarity-Utilization,CER_11_4_0,CER_7_8_0,26.67,53.33,118.586,-7.61793,0
penetrazione,n = 15,15,EccessoMax_EUR,Remuneration Model 1,Similarity-Utilization,CER_4_11_0,CER_0_15_0,73.33,100,-45.2748,1.48209,0
penetrazione,n = 15,15,EccessoMax_EUR,Remuneration Model 1,Tri-level EP,CER_11_4_0,CER_7_8_0,26.67,53.33,54.5512,-69.2424,0
penetrazione,n = 15,15,EccessoMax_EUR,Remuneration Model 1,Tri-level EP,CER_4_11_0,CER_0_15_0,73.33,100,-93.034,1.0106,0
penetrazione,n = 15,15,EccessoMax_EUR,Cascading Tree,Weighted Solidarity,CER_11_4_0,CER_7_8_0,26.67,53.33,45.6998,-14.4018,0
penetrazione,n = 15,15,EccessoMax_EUR,Cascading Tree,Weighted Solidarity,CER_4_11_0,CER_0_15_0,73.33,100,-0.813957,9.31212,0
penetrazione,n = 15,15,EccessoMax_EUR,Cascading Tree,Pearson Key,CER_11_4_0,CER_7_8_0,26.67,53.33,1.89556,-185.544,0
penetrazione,n = 15,15,EccessoMax_EUR,Cascading Tree,Pearson-Sharing Rate,CER_11_4_0,CER_7_8_0,26.67,53.33,0.188507,-187.19,0
penetrazione,n = 15,15,EccessoMax_EUR,Cascading Tree,Similarity-Utilization,CER_11_4_0,CER_7_8_0,26.67,53.33,60.7691,-127.942,0
penetrazione,n = 15,15,EccessoMax_EUR,Weighted Solidarity,Similarity-Utilization,CER_11_4_0,CER_7_8_0,26.67,53.33,15.0693,-113.54,0
penetrazione,n = 15,15,EccessoMax_EUR,Pearson Key,Pearson-Sharing Rate,CER_4_11_0,CER_0_15_0,73.33,100,-1.21545,0.0281028,0
penetrazione,n = 15,15,EccessoMax_EUR,Pearson Key,Tri-level EP,CER_4_11_0,CER_0_15_0,73.33,100,-4.85048,0.916771,0
penetrazione,n = 15,15,EccessoMax_EUR,Pearson-Sharing Rate,Tri-level EP,CER_4_11_0,CER_0_15_0,73.33,100,-3.63503,0.888668,0
penetrazione,n = 15,15,EccessoMax_EUR,Marginal Contribution,Stratified Expected Value,CER_11_4_0,CER_7_8_0,26.67,53.33,-0.428564,0.343205,0
penetrazione,n = 15,15,CoalizioniInstabili,Equal Split,Proportional to Consumption,CER_11_4_0,CER_7_8_0,26.67,53.33,8632,-7037,0
penetrazione,n = 15,15,CoalizioniInstabili,Equal Split,Cascading Tree,CER_4_11_0,CER_0_15_0,73.33,100,55,-895,0
penetrazione,n = 15,15,CoalizioniInstabili,Equal Split,Weighted Solidarity,CER_4_11_0,CER_0_15_0,73.33,100,119,-3012,0
penetrazione,n = 15,15,CoalizioniInstabili,Equal Split,Pearson Key,CER_11_4_0,CER_7_8_0,26.67,53.33,9253,-2559,0
penetrazione,n = 15,15,CoalizioniInstabili,Equal Split,Pearson-Sharing Rate,CER_11_4_0,CER_7_8_0,26.67,53.33,9261,-2573,0
penetrazione,n = 15,15,CoalizioniInstabili,Equal Split,Similarity-Utilization,CER_11_4_0,CER_7_8_0,26.67,53.33,8194,-2447,0
penetrazione,n = 15,15,CoalizioniInstabili,Equal Split,Tri-level EP,CER_11_4_0,CER_7_8_0,26.67,53.33,9133,-2821,0
penetrazione,n = 15,15,CoalizioniInstabili,Proportional to Consumption,Remuneration Model 1,CER_11_4_0,CER_7_8_0,26.67,53.33,-11520,6293,0
penetrazione,n = 15,15,CoalizioniInstabili,Proportional to Consumption,Cascading Tree,CER_11_4_0,CER_7_8_0,26.67,53.33,-6051,7401,0
penetrazione,n = 15,15,CoalizioniInstabili,Proportional to Consumption,Weighted Solidarity,CER_11_4_0,CER_7_8_0,26.67,53.33,-6037,7263,0
penetrazione,n = 15,15,CoalizioniInstabili,Proportional to Consumption,Pearson Key,CER_7_8_0,CER_4_11_0,53.33,73.33,4478,-328,0
penetrazione,n = 15,15,CoalizioniInstabili,Proportional to Consumption,Pearson-Sharing Rate,CER_7_8_0,CER_4_11_0,53.33,73.33,4464,-483,0
penetrazione,n = 15,15,CoalizioniInstabili,Proportional to Consumption,Similarity-Utilization,CER_11_4_0,CER_7_8_0,26.67,53.33,-438,4590,0
penetrazione,n = 15,15,CoalizioniInstabili,Proportional to Consumption,Similarity-Utilization,CER_4_11_0,CER_0_15_0,73.33,100,3536,-3060,0
penetrazione,n = 15,15,CoalizioniInstabili,Proportional to Consumption,Tri-level EP,CER_7_8_0,CER_4_11_0,53.33,73.33,4216,-807,0
penetrazione,n = 15,15,CoalizioniInstabili,Remuneration Model 1,Pearson Key,CER_11_4_0,CER_7_8_0,26.67,53.33,12141,-1815,0
penetrazione,n = 15,15,CoalizioniInstabili,Remuneration Model 1,Pearson-Sharing Rate,CER_11_4_0,CER_7_8_0,26.67,53.33,12149,-1829,0
penetrazione,n = 15,15,CoalizioniInstabili,Remuneration Model 1,Similarity-Utilization,CER_11_4_0,CER_7_8_0,26.67,53.33,11082,-1703,0
penetrazione,n = 15,15,CoalizioniInstabili,Remuneration Model 1,Tri-level EP,CER_11_4_0,CER_7_8_0,26.67,53.33,12021,-2077,0
penetrazione,n = 15,15,CoalizioniInstabili,Cascading Tree,Weighted Solidarity,CER_11_4_0,CER_7_8_0,26.67,53.33,14,-138,0
penetrazione,n = 15,15,CoalizioniInstabili,Cascading Tree,Weighted Solidarity,CER_7_8_0,CER_4_11_0,53.33,73.33,-138,64,0
penetrazione,n = 15,15,CoalizioniInstabili,Cascading Tree,Weighted Solidarity,CER_4_11_0,CER_0_15_0,73.33,100,64,-2117,0
penetrazione,n = 15,15,CoalizioniInstabili,Cascading Tree,Pearson Key,CER_11_4_0,CER_7_8_0,26.67,53.33,6672,-2923,0
penetrazione,n = 15,15,CoalizioniInstabili,Cascading Tree,Pearson-Sharing Rate,CER_11_4_0,CER_7_8_0,26.67,53.33,6680,-2937,0
penetrazione,n = 15,15,CoalizioniInstabili,Cascading Tree,Similarity-Utilization,CER_11_4_0,CER_7_8_0,26.67,53.33,5613,-2811,0
penetrazione,n = 15,15,CoalizioniInstabili,Cascading Tree,Tri-level EP,CER_11_4_0,CER_7_8_0,26.67,53.33,6552,-3185,0
penetrazione,n = 15,15,CoalizioniInstabili,Weighted Solidarity,Pearson Key,CER_11_4_0,CER_7_8_0,26.67,53.33,6658,-2785,0
penetrazione,n = 15,15,CoalizioniInstabili,Weighted Solidarity,Pearson-Sharing Rate,CER_11_4_0,CER_7_8_0,26.67,53.33,6666,-2799,0
penetrazione,n = 15,15,CoalizioniInstabili,Weighted Solidarity,Similarity-Utilization,CER_11_4_0,CER_7_8_0,26.67,53.33,5599,-2673,0
penetrazione,n = 15,15,CoalizioniInstabili,Weighted Solidarity,Tri-level EP,CER_11_4_0,CER_7_8_0,26.67,53.33,6538,-3047,0
penetrazione,n = 15,15,CoalizioniInstabili,Pearson Key,Pearson-Sharing Rate,CER_11_4_0,CER_7_8_0,26.67,53.33,8,-14,0
penetrazione,n = 15,15,CoalizioniInstabili,Pearson Key,Pearson-Sharing Rate,CER_4_11_0,CER_0_15_0,73.33,100,-155,90,0
penetrazione,n = 15,15,CoalizioniInstabili,Pearson Key,Similarity-Utilization,CER_11_4_0,CER_7_8_0,26.67,53.33,-1059,112,0
penetrazione,n = 15,15,CoalizioniInstabili,Pearson Key,Similarity-Utilization,CER_4_11_0,CER_0_15_0,73.33,100,3864,-1229,0
penetrazione,n = 15,15,CoalizioniInstabili,Pearson Key,Tri-level EP,CER_4_11_0,CER_0_15_0,73.33,100,-479,761,0
penetrazione,n = 15,15,CoalizioniInstabili,Pearson-Sharing Rate,Similarity-Utilization,CER_11_4_0,CER_7_8_0,26.67,53.33,-1067,126,0
penetrazione,n = 15,15,CoalizioniInstabili,Pearson-Sharing Rate,Similarity-Utilization,CER_4_11_0,CER_0_15_0,73.33,100,4019,-1319,0
penetrazione,n = 15,15,CoalizioniInstabili,Pearson-Sharing Rate,Tri-level EP,CER_4_11_0,CER_0_15_0,73.33,100,-324,671,0
penetrazione,n = 15,15,CoalizioniInstabili,Similarity-Utilization,Tri-level EP,CER_11_4_0,CER_7_8_0,26.67,53.33,939,-374,0
penetrazione,n = 15,15,CoalizioniInstabili,Similarity-Utilization,Tri-level EP,CER_4_11_0,CER_0_15_0,73.33,100,-4343,1990,0
penetrazione,n = 15,15,CoalizioniInstabili,Marginal Contribution,Stratified Expected Value,CER_11_4_0,CER_7_8_0,26.67,53.33,-3,2,0
penetrazione,n = 15,15,ForzaIncentivante,Variance Least Core,Equal Split,CER_11_4_0,CER_7_8_0,26.67,53.33,-0.118637,0.753582,0
penetrazione,n = 15,15,ForzaIncentivante,Variance Least Core,Proportional to Consumption,CER_7_8_0,CER_4_11_0,53.33,73.33,-0.00906945,0.1279,0
penetrazione,n = 15,15,ForzaIncentivante,Variance Least Core,Remuneration Model 1,CER_11_4_0,CER_7_8_0,26.67,53.33,-0.155748,0.546841,0
penetrazione,n = 15,15,ForzaIncentivante,Variance Least Core,Weighted Solidarity,CER_11_4_0,CER_7_8_0,26.67,53.33,-0.0708352,0.834012,0
penetrazione,n = 15,15,ForzaIncentivante,Variance Least Core,Stratified Expected Value,CER_4_11_0,CER_0_15_0,73.33,100,-0.00424162,0.0915799,0
penetrazione,n = 15,15,ForzaIncentivante,Equal Split,Cascading Tree,CER_4_11_0,CER_0_15_0,73.33,100,0.0685099,-0.0814386,0
penetrazione,n = 15,15,ForzaIncentivante,Equal Split,Marginal Contribution,CER_11_4_0,CER_7_8_0,26.67,53.33,0.194299,-0.721014,0
penetrazione,n = 15,15,ForzaIncentivante,Equal Split,Stratified Expected Value,CER_11_4_0,CER_7_8_0,26.67,53.33,0.0588532,-0.759695,0
penetrazione,n = 15,15,ForzaIncentivante,Equal Split,Adaptive Sampling Shapley,CER_11_4_0,CER_7_8_0,26.67,53.33,0.521834,-0.536026,0
penetrazione,n = 15,15,ForzaIncentivante,Proportional to Consumption,Marginal Contribution,CER_7_8_0,CER_4_11_0,53.33,73.33,0.0416378,-0.10334,0
penetrazione,n = 15,15,ForzaIncentivante,Proportional to Consumption,Stratified Expected Value,CER_7_8_0,CER_4_11_0,53.33,73.33,0.00295711,-0.132142,0
penetrazione,n = 15,15,ForzaIncentivante,Proportional to Consumption,Adaptive Sampling Shapley,CER_7_8_0,CER_4_11_0,53.33,73.33,0.226626,-0.0134396,0
penetrazione,n = 15,15,ForzaIncentivante,Proportional to Consumption,Adaptive Sampling Shapley,CER_4_11_0,CER_0_15_0,73.33,100,-0.0134396,0.0229007,0
penetrazione,n = 15,15,ForzaIncentivante,Remuneration Model 1,Marginal Contribution,CER_11_4_0,CER_7_8_0,26.67,53.33,0.23141,-0.514273,0
penetrazione,n = 15,15,ForzaIncentivante,Remuneration Model 1,Stratified Expected Value,CER_11_4_0,CER_7_8_0,26.67,53.33,0.095964,-0.552954,0
penetrazione,n = 15,15,ForzaIncentivante,Remuneration Model 1,Adaptive Sampling Shapley,CER_11_4_0,CER_7_8_0,26.67,53.33,0.558945,-0.329285,0
penetrazione,n = 15,15,ForzaIncentivante,Cascading Tree,Weighted Solidarity,CER_4_11_0,CER_0_15_0,73.33,100,-0.0155449,0.139025,0
penetrazione,n = 15,15,ForzaIncentivante,Weighted Solidarity,Marginal Contribution,CER_11_4_0,CER_7_8_0,26.67,53.33,0.146497,-0.801443,0
penetrazione,n = 15,15,ForzaIncentivante,Weighted Solidarity,Stratified Expected Value,CER_11_4_0,CER_7_8_0,26.67,53.33,0.011051,-0.840124,0
penetrazione,n = 15,15,ForzaIncentivante,Weighted Solidarity,Adaptive Sampling Shapley,CER_11_4_0,CER_7_8_0,26.67,53.33,0.474032,-0.616455,0
penetrazione,n = 15,15,ForzaIncentivante,Pearson Key,Similarity-Utilization,CER_4_11_0,CER_0_15_0,73.33,100,-0.0595269,0.156853,0
penetrazione,n = 15,15,ForzaIncentivante,Pearson Key,Tri-level EP,CER_4_11_0,CER_0_15_0,73.33,100,0.0144126,-0.0364745,0
penetrazione,n = 15,15,ForzaIncentivante,Pearson-Sharing Rate,Similarity-Utilization,CER_4_11_0,CER_0_15_0,73.33,100,-0.0631755,0.155842,0
penetrazione,n = 15,15,ForzaIncentivante,Pearson-Sharing Rate,Tri-level EP,CER_4_11_0,CER_0_15_0,73.33,100,0.010764,-0.0374857,0
penetrazione,n = 15,15,ForzaIncentivante,Similarity-Utilization,Tri-level EP,CER_4_11_0,CER_0_15_0,73.33,100,0.0739395,-0.193328,0
penetrazione,n = 15,15,ForzaIncentivante,Marginal Contribution,Stratified Expected Value,CER_4_11_0,CER_0_15_0,73.33,100,-0.0288024,0.0153977,0
penetrazione,n = 15,15,AllineamentoVirtu,Variance Least Core,Equal Split,CER_11_4_0,CER_7_8_0,26.67,53.33,-0.337987,0.94639,0
penetrazione,n = 15,15,AllineamentoVirtu,Variance Least Core,Proportional to Consumption,CER_11_4_0,CER_7_8_0,26.67,53.33,-1.22593,0.0120857,0
penetrazione,n = 15,15,AllineamentoVirtu,Variance Least Core,Proportional to Consumption,CER_4_11_0,CER_0_15_0,73.33,100,0.0172101,-0.0338431,0
penetrazione,n = 15,15,AllineamentoVirtu,Variance Least Core,Remuneration Model 1,CER_11_4_0,CER_7_8_0,26.67,53.33,-0.472596,0.185141,0
penetrazione,n = 15,15,AllineamentoVirtu,Variance Least Core,Weighted Solidarity,CER_11_4_0,CER_7_8_0,26.67,53.33,-0.219481,1.22601,0
penetrazione,n = 15,15,AllineamentoVirtu,Variance Least Core,Adaptive Sampling Shapley,CER_7_8_0,CER_4_11_0,53.33,73.33,0.017505,-0.000155652,0
penetrazione,n = 15,15,AllineamentoVirtu,Equal Split,Cascading Tree,CER_4_11_0,CER_0_15_0,73.33,100,0.755196,-0.423622,0
penetrazione,n = 15,15,AllineamentoVirtu,Equal Split,Marginal Contribution,CER_11_4_0,CER_7_8_0,26.67,53.33,0.487633,-0.943139,0
penetrazione,n = 15,15,AllineamentoVirtu,Equal Split,Stratified Expected Value,CER_11_4_0,CER_7_8_0,26.67,53.33,0.185737,-0.951245,0
penetrazione,n = 15,15,AllineamentoVirtu,Equal Split,Adaptive Sampling Shapley,CER_11_4_0,CER_7_8_0,26.67,53.33,0.873593,-0.928885,0
penetrazione,n = 15,15,AllineamentoVirtu,Proportional to Consumption,Marginal Contribution,CER_11_4_0,CER_7_8_0,26.67,53.33,1.37557,-0.00883538,0
penetrazione,n = 15,15,AllineamentoVirtu,Proportional to Consumption,Marginal Contribution,CER_4_11_0,CER_0_15_0,73.33,100,-0.0167291,0.0345202,0
penetrazione,n = 15,15,AllineamentoVirtu,Proportional to Consumption,Stratified Expected Value,CER_11_4_0,CER_7_8_0,26.67,53.33,1.07368,-0.0169413,0
penetrazione,n = 15,15,AllineamentoVirtu,Proportional to Consumption,Stratified Expected Value,CER_4_11_0,CER_0_15_0,73.33,100,-0.0195161,0.033676,0
penetrazione,n = 15,15,AllineamentoVirtu,Proportional to Consumption,Adaptive Sampling Shapley,CER_7_8_0,CER_4_11_0,53.33,73.33,0.00541925,-0.0173658,0
penetrazione,n = 15,15,AllineamentoVirtu,Proportional to Consumption,Adaptive Sampling Shapley,CER_4_11_0,CER_0_15_0,73.33,100,-0.0173658,0.0310926,0
penetrazione,n = 15,15,AllineamentoVirtu,Remuneration Model 1,Marginal Contribution,CER_11_4_0,CER_7_8_0,26.67,53.33,0.622242,-0.181891,0
penetrazione,n = 15,15,AllineamentoVirtu,Remuneration Model 1,Stratified Expected Value,CER_11_4_0,CER_7_8_0,26.67,53.33,0.320347,-0.189997,0
penetrazione,n = 15,15,AllineamentoVirtu,Remuneration Model 1,Adaptive Sampling Shapley,CER_11_4_0,CER_7_8_0,26.67,53.33,1.0082,-0.167636,0
penetrazione,n = 15,15,AllineamentoVirtu,Cascading Tree,Weighted Solidarity,CER_4_11_0,CER_0_15_0,73.33,100,-0.533435,0.510863,0
penetrazione,n = 15,15,AllineamentoVirtu,Weighted Solidarity,Marginal Contribution,CER_11_4_0,CER_7_8_0,26.67,53.33,0.369127,-1.22276,0
penetrazione,n = 15,15,AllineamentoVirtu,Weighted Solidarity,Stratified Expected Value,CER_11_4_0,CER_7_8_0,26.67,53.33,0.0672313,-1.23087,0
penetrazione,n = 15,15,AllineamentoVirtu,Weighted Solidarity,Adaptive Sampling Shapley,CER_11_4_0,CER_7_8_0,26.67,53.33,0.755087,-1.20851,0
penetrazione,n = 15,15,AllineamentoVirtu,Pearson Key,Pearson-Sharing Rate,CER_4_11_0,CER_0_15_0,73.33,100,0.000533964,-0.000891526,0
penetrazione,n = 15,15,AllineamentoVirtu,Pearson Key,Tri-level EP,CER_4_11_0,CER_0_15_0,73.33,100,0.00302668,-0.0033104,0
penetrazione,n = 15,15,AllineamentoVirtu,Pearson-Sharing Rate,Tri-level EP,CER_4_11_0,CER_0_15_0,73.33,100,0.00249271,-0.00241887,0
penetrazione,n = 15,15,AllineamentoVirtu,Marginal Contribution,Adaptive Sampling Shapley,CER_7_8_0,CER_4_11_0,53.33,73.33,0.0142546,-0.000636656,0
penetrazione,n = 15,15,AllineamentoVirtu,Stratified Expected Value,Adaptive Sampling Shapley,CER_4_11_0,CER_0_15_0,73.33,100,0.00215035,-0.00258341,0
penetrazione,n = 15,15,AllineamentoVirtu,Stratified Expected Value,Tri-level EP,CER_7_8_0,CER_4_11_0,53.33,73.33,-0.00421224,0.00164012,0
penetrazione,n = 15,15,AllineamentoVirtu,Stratified Expected Value,Tri-level EP,CER_4_11_0,CER_0_15_0,73.33,100,0.00164012,-0.0456337,0
penetrazione,n = 15,15,ForzaIncentivante_lordo,Variance Least Core,Equal Split,CER_4_11_0,CER_0_15_0,73.33,100,7.72643,-10.4803,0
penetrazione,n = 15,15,ForzaIncentivante_lordo,Variance Least Core,Proportional to Consumption,CER_11_4_0,CER_7_8_0,26.67,53.33,-1.08468,1.14447,0
penetrazione,n = 15,15,ForzaIncentivante_lordo,Variance Least Core,Proportional to Consumption,CER_4_11_0,CER_0_15_0,73.33,100,2.83725,-1.14051,0
penetrazione,n = 15,15,ForzaIncentivante_lordo,Variance Least Core,Remuneration Model 1,CER_4_11_0,CER_0_15_0,73.33,100,5.38611,-6.06533,0
penetrazione,n = 15,15,ForzaIncentivante_lordo,Variance Least Core,Cascading Tree,CER_4_11_0,CER_0_15_0,73.33,100,9.67743,-8.97072,0
penetrazione,n = 15,15,ForzaIncentivante_lordo,Variance Least Core,Weighted Solidarity,CER_4_11_0,CER_0_15_0,73.33,100,9.17924,-11.1337,0
penetrazione,n = 15,15,ForzaIncentivante_lordo,Variance Least Core,Pearson Key,CER_4_11_0,CER_0_15_0,73.33,100,-0.920274,2.34465,0
penetrazione,n = 15,15,ForzaIncentivante_lordo,Variance Least Core,Pearson-Sharing Rate,CER_4_11_0,CER_0_15_0,73.33,100,-0.830702,2.29705,0
penetrazione,n = 15,15,ForzaIncentivante_lordo,Variance Least Core,Marginal Contribution,CER_4_11_0,CER_0_15_0,73.33,100,0.231516,-0.811052,0
penetrazione,n = 15,15,ForzaIncentivante_lordo,Variance Least Core,Adaptive Sampling Shapley,CER_4_11_0,CER_0_15_0,73.33,100,0.798503,-1.99028,0
penetrazione,n = 15,15,ForzaIncentivante_lordo,Variance Least Core,Tri-level EP,CER_4_11_0,CER_0_15_0,73.33,100,-0.40518,2.66676,0
penetrazione,n = 15,15,ForzaIncentivante_lordo,Equal Split,Proportional to Consumption,CER_4_11_0,CER_0_15_0,73.33,100,-4.88918,9.33979,0
penetrazione,n = 15,15,ForzaIncentivante_lordo,Equal Split,Remuneration Model 1,CER_4_11_0,CER_0_15_0,73.33,100,-2.34032,4.41498,0
penetrazione,n = 15,15,ForzaIncentivante_lordo,Equal Split,Weighted Solidarity,CER_4_11_0,CER_0_15_0,73.33,100,1.45281,-0.653397,0
penetrazione,n = 15,15,ForzaIncentivante_lordo,Equal Split,Pearson Key,CER_4_11_0,CER_0_15_0,73.33,100,-8.64671,12.825,0
penetrazione,n = 15,15,ForzaIncentivante_lordo,Equal Split,Pearson-Sharing Rate,CER_4_11_0,CER_0_15_0,73.33,100,-8.55713,12.7774,0
penetrazione,n = 15,15,ForzaIncentivante_lordo,Equal Split,Similarity-Utilization,CER_4_11_0,CER_0_15_0,73.33,100,-12.4858,10.0827,0
penetrazione,n = 15,15,ForzaIncentivante_lordo,Equal Split,Marginal Contribution,CER_4_11_0,CER_0_15_0,73.33,100,-7.49492,9.66925,0
penetrazione,n = 15,15,ForzaIncentivante_lordo,Equal Split,Stratified Expected Value,CER_4_11_0,CER_0_15_0,73.33,100,-8.14632,9.41391,0
penetrazione,n = 15,15,ForzaIncentivante_lordo,Equal Split,Adaptive Sampling Shapley,CER_11_4_0,CER_7_8_0,26.67,53.33,1.00783,-5.58681,0
penetrazione,n = 15,15,ForzaIncentivante_lordo,Equal Split,Adaptive Sampling Shapley,CER_4_11_0,CER_0_15_0,73.33,100,-6.92793,8.49003,0
penetrazione,n = 15,15,ForzaIncentivante_lordo,Equal Split,Tri-level EP,CER_4_11_0,CER_0_15_0,73.33,100,-8.13161,13.1471,0
penetrazione,n = 15,15,ForzaIncentivante_lordo,Proportional to Consumption,Remuneration Model 1,CER_4_11_0,CER_0_15_0,73.33,100,2.54886,-4.92481,0
penetrazione,n = 15,15,ForzaIncentivante_lordo,Proportional to Consumption,Cascading Tree,CER_4_11_0,CER_0_15_0,73.33,100,6.84017,-7.83021,0
penetrazione,n = 15,15,ForzaIncentivante_lordo,Proportional to Consumption,Weighted Solidarity,CER_4_11_0,CER_0_15_0,73.33,100,6.34199,-9.99319,0
penetrazione,n = 15,15,ForzaIncentivante_lordo,Proportional to Consumption,Pearson Key,CER_4_11_0,CER_0_15_0,73.33,100,-3.75753,3.48516,0
penetrazione,n = 15,15,ForzaIncentivante_lordo,Proportional to Consumption,Pearson-Sharing Rate,CER_4_11_0,CER_0_15_0,73.33,100,-3.66795,3.43756,0
penetrazione,n = 15,15,ForzaIncentivante_lordo,Proportional to Consumption,Similarity-Utilization,CER_4_11_0,CER_0_15_0,73.33,100,-7.5966,0.742881,0
penetrazione,n = 15,15,ForzaIncentivante_lordo,Proportional to Consumption,Marginal Contribution,CER_11_4_0,CER_7_8_0,26.67,53.33,1.2883,-0.794034,0
penetrazione,n = 15,15,ForzaIncentivante_lordo,Proportional to Consumption,Marginal Contribution,CER_4_11_0,CER_0_15_0,73.33,100,-2.60573,0.329459,0
penetrazione,n = 15,15,ForzaIncentivante_lordo,Proportional to Consumption,Stratified Expected Value,CER_11_4_0,CER_7_8_0,26.67,53.33,0.735827,-1.45314,0
penetrazione,n = 15,15,ForzaIncentivante_lordo,Proportional to Consumption,Stratified Expected Value,CER_4_11_0,CER_0_15_0,73.33,100,-3.25714,0.0741154,0
penetrazione,n = 15,15,ForzaIncentivante_lordo,Proportional to Consumption,Adaptive Sampling Shapley,CER_7_8_0,CER_4_11_0,53.33,73.33,1.36256,-2.03875,0
penetrazione,n = 15,15,ForzaIncentivante_lordo,Proportional to Consumption,Tri-level EP,CER_4_11_0,CER_0_15_0,73.33,100,-3.24243,3.80727,0
penetrazione,n = 15,15,ForzaIncentivante_lordo,Remuneration Model 1,Cascading Tree,CER_4_11_0,CER_0_15_0,73.33,100,4.29131,-2.90539,0
penetrazione,n = 15,15,ForzaIncentivante_lordo,Remuneration Model 1,Weighted Solidarity,CER_4_11_0,CER_0_15_0,73.33,100,3.79313,-5.06838,0
penetrazione,n = 15,15,ForzaIncentivante_lordo,Remuneration Model 1,Pearson Key,CER_4_11_0,CER_0_15_0,73.33,100,-6.30638,8.40997,0
penetrazione,n = 15,15,ForzaIncentivante_lordo,Remuneration Model 1,Pearson-Sharing Rate,CER_4_11_0,CER_0_15_0,73.33,100,-6.21681,8.36237,0
penetrazione,n = 15,15,ForzaIncentivante_lordo,Remuneration Model 1,Similarity-Utilization,CER_4_11_0,CER_0_15_0,73.33,100,-10.1455,5.6677,0
penetrazione,n = 15,15,ForzaIncentivante_lordo,Remuneration Model 1,Marginal Contribution,CER_4_11_0,CER_0_15_0,73.33,100,-5.15459,5.25427,0
penetrazione,n = 15,15,ForzaIncentivante_lordo,Remuneration Model 1,Stratified Expected Value,CER_4_11_0,CER_0_15_0,73.33,100,-5.806,4.99893,0
penetrazione,n = 15,15,ForzaIncentivante_lordo,Remuneration Model 1,Adaptive Sampling Shapley,CER_11_4_0,CER_7_8_0,26.67,53.33,1.07245,-4.02218,0
penetrazione,n = 15,15,ForzaIncentivante_lordo,Remuneration Model 1,Adaptive Sampling Shapley,CER_4_11_0,CER_0_15_0,73.33,100,-4.58761,4.07505,0
penetrazione,n = 15,15,ForzaIncentivante_lordo,Remuneration Model 1,Tri-level EP,CER_4_11_0,CER_0_15_0,73.33,100,-5.79129,8.73209,0
penetrazione,n = 15,15,ForzaIncentivante_lordo,Cascading Tree,Pearson Key,CER_4_11_0,CER_0_15_0,73.33,100,-10.5977,11.3154,0
penetrazione,n = 15,15,ForzaIncentivante_lordo,Cascading Tree,Pearson-Sharing Rate,CER_4_11_0,CER_0_15_0,73.33,100,-10.5081,11.2678,0
penetrazione,n = 15,15,ForzaIncentivante_lordo,Cascading Tree,Similarity-Utilization,CER_4_11_0,CER_0_15_0,73.33,100,-14.4368,8.57309,0
penetrazione,n = 15,15,ForzaIncentivante_lordo,Cascading Tree,Marginal Contribution,CER_4_11_0,CER_0_15_0,73.33,100,-9.44591,8.15967,0
penetrazione,n = 15,15,ForzaIncentivante_lordo,Cascading Tree,Stratified Expected Value,CER_4_11_0,CER_0_15_0,73.33,100,-10.0973,7.90432,0
penetrazione,n = 15,15,ForzaIncentivante_lordo,Cascading Tree,Adaptive Sampling Shapley,CER_4_11_0,CER_0_15_0,73.33,100,-8.87892,6.98044,0
penetrazione,n = 15,15,ForzaIncentivante_lordo,Cascading Tree,Tri-level EP,CER_4_11_0,CER_0_15_0,73.33,100,-10.0826,11.6375,0
penetrazione,n = 15,15,ForzaIncentivante_lordo,Weighted Solidarity,Pearson Key,CER_4_11_0,CER_0_15_0,73.33,100,-10.0995,13.4783,0
penetrazione,n = 15,15,ForzaIncentivante_lordo,Weighted Solidarity,Pearson-Sharing Rate,CER_4_11_0,CER_0_15_0,73.33,100,-10.0099,13.4307,0
penetrazione,n = 15,15,ForzaIncentivante_lordo,Weighted Solidarity,Similarity-Utilization,CER_4_11_0,CER_0_15_0,73.33,100,-13.9386,10.7361,0
penetrazione,n = 15,15,ForzaIncentivante_lordo,Weighted Solidarity,Marginal Contribution,CER_4_11_0,CER_0_15_0,73.33,100,-8.94773,10.3227,0
penetrazione,n = 15,15,ForzaIncentivante_lordo,Weighted Solidarity,Stratified Expected Value,CER_4_11_0,CER_0_15_0,73.33,100,-9.59913,10.0673,0
penetrazione,n = 15,15,ForzaIncentivante_lordo,Weighted Solidarity,Adaptive Sampling Shapley,CER_11_4_0,CER_7_8_0,26.67,53.33,0.983466,-6.56216,0
penetrazione,n = 15,15,ForzaIncentivante_lordo,Weighted Solidarity,Adaptive Sampling Shapley,CER_4_11_0,CER_0_15_0,73.33,100,-8.38074,9.14343,0
penetrazione,n = 15,15,ForzaIncentivante_lordo,Weighted Solidarity,Tri-level EP,CER_4_11_0,CER_0_15_0,73.33,100,-9.58442,13.8005,0
penetrazione,n = 15,15,ForzaIncentivante_lordo,Pearson Key,Pearson-Sharing Rate,CER_4_11_0,CER_0_15_0,73.33,100,0.0895721,-0.0475998,0
penetrazione,n = 15,15,ForzaIncentivante_lordo,Pearson Key,Marginal Contribution,CER_4_11_0,CER_0_15_0,73.33,100,1.15179,-3.1557,0
penetrazione,n = 15,15,ForzaIncentivante_lordo,Pearson Key,Stratified Expected Value,CER_4_11_0,CER_0_15_0,73.33,100,0.500389,-3.41104,0
penetrazione,n = 15,15,ForzaIncentivante_lordo,Pearson Key,Adaptive Sampling Shapley,CER_4_11_0,CER_0_15_0,73.33,100,1.71878,-4.33492,0
penetrazione,n = 15,15,ForzaIncentivante_lordo,Pearson-Sharing Rate,Marginal Contribution,CER_4_11_0,CER_0_15_0,73.33,100,1.06222,-3.1081,0
penetrazione,n = 15,15,ForzaIncentivante_lordo,Pearson-Sharing Rate,Stratified Expected Value,CER_4_11_0,CER_0_15_0,73.33,100,0.410817,-3.36344,0
penetrazione,n = 15,15,ForzaIncentivante_lordo,Pearson-Sharing Rate,Adaptive Sampling Shapley,CER_4_11_0,CER_0_15_0,73.33,100,1.6292,-4.28732,0
penetrazione,n = 15,15,ForzaIncentivante_lordo,Similarity-Utilization,Marginal Contribution,CER_4_11_0,CER_0_15_0,73.33,100,4.99087,-0.413422,0
penetrazione,n = 15,15,ForzaIncentivante_lordo,Similarity-Utilization,Stratified Expected Value,CER_4_11_0,CER_0_15_0,73.33,100,4.33946,-0.668765,0
penetrazione,n = 15,15,ForzaIncentivante_lordo,Similarity-Utilization,Adaptive Sampling Shapley,CER_4_11_0,CER_0_15_0,73.33,100,5.55785,-1.59265,0
penetrazione,n = 15,15,ForzaIncentivante_lordo,Marginal Contribution,Adaptive Sampling Shapley,CER_4_11_0,CER_0_15_0,73.33,100,0.566987,-1.17922,0
penetrazione,n = 15,15,ForzaIncentivante_lordo,Marginal Contribution,Tri-level EP,CER_4_11_0,CER_0_15_0,73.33,100,-0.636696,3.47781,0
penetrazione,n = 15,15,ForzaIncentivante_lordo,Stratified Expected Value,Adaptive Sampling Shapley,CER_4_11_0,CER_0_15_0,73.33,100,1.21839,-0.923881,0
penetrazione,n = 15,15,ForzaIncentivante_lordo,Stratified Expected Value,Tri-level EP,CER_7_8_0,CER_4_11_0,53.33,73.33,-1.47331,0.0147053,0
penetrazione,n = 15,15,ForzaIncentivante_lordo,Adaptive Sampling Shapley,Tri-level EP,CER_4_11_0,CER_0_15_0,73.33,100,-1.20368,4.65704,0
penetrazione,n = 15,15,AllineamentoVirtu_lordo,Variance Least Core,Equal Split,CER_4_11_0,CER_0_15_0,73.33,100,0.263611,-0.674084,0
penetrazione,n = 15,15,AllineamentoVirtu_lordo,Variance Least Core,Remuneration Model 1,CER_4_11_0,CER_0_15_0,73.33,100,0.0542285,-0.035801,0
penetrazione,n = 15,15,AllineamentoVirtu_lordo,Variance Least Core,Cascading Tree,CER_4_11_0,CER_0_15_0,73.33,100,0.896151,-0.0492725,0
penetrazione,n = 15,15,AllineamentoVirtu_lordo,Variance Least Core,Weighted Solidarity,CER_4_11_0,CER_0_15_0,73.33,100,0.44252,-0.752846,0
penetrazione,n = 15,15,AllineamentoVirtu_lordo,Variance Least Core,Pearson Key,CER_7_8_0,CER_4_11_0,53.33,73.33,-0.00865594,0.000571343,0
penetrazione,n = 15,15,AllineamentoVirtu_lordo,Variance Least Core,Pearson-Sharing Rate,CER_7_8_0,CER_4_11_0,53.33,73.33,-0.00600396,0.00242582,0
penetrazione,n = 15,15,AllineamentoVirtu_lordo,Variance Least Core,Similarity-Utilization,CER_4_11_0,CER_0_15_0,73.33,100,-0.10354,0.0344793,0
penetrazione,n = 15,15,AllineamentoVirtu_lordo,Variance Least Core,Adaptive Sampling Shapley,CER_7_8_0,CER_4_11_0,53.33,73.33,0.0195766,-0.0103293,0
penetrazione,n = 15,15,AllineamentoVirtu_lordo,Variance Least Core,Adaptive Sampling Shapley,CER_4_11_0,CER_0_15_0,73.33,100,-0.0103293,0.00336288,0
penetrazione,n = 15,15,AllineamentoVirtu_lordo,Variance Least Core,Tri-level EP,CER_11_4_0,CER_7_8_0,26.67,53.33,-0.0923511,0.00833577,0
penetrazione,n = 15,15,AllineamentoVirtu_lordo,Equal Split,Proportional to Consumption,CER_4_11_0,CER_0_15_0,73.33,100,-0.193468,0.752772,0
penetrazione,n = 15,15,AllineamentoVirtu_lordo,Equal Split,Remuneration Model 1,CER_4_11_0,CER_0_15_0,73.33,100,-0.209383,0.638283,0
penetrazione,n = 15,15,AllineamentoVirtu_lordo,Equal Split,Weighted Solidarity,CER_4_11_0,CER_0_15_0,73.33,100,0.178908,-0.0787618,0
penetrazione,n = 15,15,AllineamentoVirtu_lordo,Equal Split,Pearson Key,CER_4_11_0,CER_0_15_0,73.33,100,-0.26304,0.725257,0
penetrazione,n = 15,15,AllineamentoVirtu_lordo,Equal Split,Pearson-Sharing Rate,CER_4_11_0,CER_0_15_0,73.33,100,-0.261186,0.723981,0
penetrazione,n = 15,15,AllineamentoVirtu_lordo,Equal Split,Similarity-Utilization,CER_4_11_0,CER_0_15_0,73.33,100,-0.367152,0.708563,0
penetrazione,n = 15,15,AllineamentoVirtu_lordo,Equal Split,Marginal Contribution,CER_4_11_0,CER_0_15_0,73.33,100,-0.263328,0.674663,0
penetrazione,n = 15,15,AllineamentoVirtu_lordo,Equal Split,Stratified Expected Value,CER_4_11_0,CER_0_15_0,73.33,100,-0.277191,0.669157,0
penetrazione,n = 15,15,AllineamentoVirtu_lordo,Equal Split,Adaptive Sampling Shapley,CER_11_4_0,CER_7_8_0,26.67,53.33,0.128449,-0.392198,0
penetrazione,n = 15,15,AllineamentoVirtu_lordo,Equal Split,Adaptive Sampling Shapley,CER_4_11_0,CER_0_15_0,73.33,100,-0.273941,0.677447,0
penetrazione,n = 15,15,AllineamentoVirtu_lordo,Equal Split,Tri-level EP,CER_4_11_0,CER_0_15_0,73.33,100,-0.250439,0.72365,0
penetrazione,n = 15,15,AllineamentoVirtu_lordo,Proportional to Consumption,Remuneration Model 1,CER_7_8_0,CER_4_11_0,53.33,73.33,0.111497,-0.0159147,0
penetrazione,n = 15,15,AllineamentoVirtu_lordo,Proportional to Consumption,Cascading Tree,CER_4_11_0,CER_0_15_0,73.33,100,0.826008,-0.127961,0
penetrazione,n = 15,15,AllineamentoVirtu_lordo,Proportional to Consumption,Weighted Solidarity,CER_4_11_0,CER_0_15_0,73.33,100,0.372377,-0.831534,0
penetrazione,n = 15,15,AllineamentoVirtu_lordo,Proportional to Consumption,Marginal Contribution,CER_11_4_0,CER_7_8_0,26.67,53.33,0.0494677,-0.0654428,0
penetrazione,n = 15,15,AllineamentoVirtu_lordo,Proportional to Consumption,Adaptive Sampling Shapley,CER_11_4_0,CER_7_8_0,26.67,53.33,0.277363,-0.0473144,0
penetrazione,n = 15,15,AllineamentoVirtu_lordo,Remuneration Model 1,Cascading Tree,CER_4_11_0,CER_0_15_0,73.33,100,0.841923,-0.0134716,0
penetrazione,n = 15,15,AllineamentoVirtu_lordo,Remuneration Model 1,Weighted Solidarity,CER_4_11_0,CER_0_15_0,73.33,100,0.388291,-0.717045,0
penetrazione,n = 15,15,AllineamentoVirtu_lordo,Remuneration Model 1,Pearson Key,CER_4_11_0,CER_0_15_0,73.33,100,-0.0536571,0.0869742,0
penetrazione,n = 15,15,AllineamentoVirtu_lordo,Remuneration Model 1,Pearson-Sharing Rate,CER_4_11_0,CER_0_15_0,73.33,100,-0.0518026,0.0856987,0
penetrazione,n = 15,15,AllineamentoVirtu_lordo,Remuneration Model 1,Similarity-Utilization,CER_4_11_0,CER_0_15_0,73.33,100,-0.157769,0.0702803,0
penetrazione,n = 15,15,AllineamentoVirtu_lordo,Remuneration Model 1,Marginal Contribution,CER_4_11_0,CER_0_15_0,73.33,100,-0.0539447,0.0363804,0
penetrazione,n = 15,15,AllineamentoVirtu_lordo,Remuneration Model 1,Stratified Expected Value,CER_4_11_0,CER_0_15_0,73.33,100,-0.0678081,0.0308739,0
penetrazione,n = 15,15,AllineamentoVirtu_lordo,Remuneration Model 1,Adaptive Sampling Shapley,CER_11_4_0,CER_7_8_0,26.67,53.33,0.146293,-0.158811,0
penetrazione,n = 15,15,AllineamentoVirtu_lordo,Remuneration Model 1,Adaptive Sampling Shapley,CER_4_11_0,CER_0_15_0,73.33,100,-0.0645577,0.0391638,0
penetrazione,n = 15,15,AllineamentoVirtu_lordo,Remuneration Model 1,Tri-level EP,CER_4_11_0,CER_0_15_0,73.33,100,-0.0410558,0.0853673,0
penetrazione,n = 15,15,AllineamentoVirtu_lordo,Cascading Tree,Pearson Key,CER_4_11_0,CER_0_15_0,73.33,100,-0.89558,0.100446,0
penetrazione,n = 15,15,AllineamentoVirtu_lordo,Cascading Tree,Pearson-Sharing Rate,CER_4_11_0,CER_0_15_0,73.33,100,-0.893726,0.0991703,0
penetrazione,n = 15,15,AllineamentoVirtu_lordo,Cascading Tree,Similarity-Utilization,CER_4_11_0,CER_0_15_0,73.33,100,-0.999692,0.0837518,0
penetrazione,n = 15,15,AllineamentoVirtu_lordo,Cascading Tree,Marginal Contribution,CER_4_11_0,CER_0_15_0,73.33,100,-0.895868,0.0498519,0
penetrazione,n = 15,15,AllineamentoVirtu_lordo,Cascading Tree,Stratified Expected Value,CER_4_11_0,CER_0_15_0,73.33,100,-0.909731,0.0443455,0
penetrazione,n = 15,15,AllineamentoVirtu_lordo,Cascading Tree,Adaptive Sampling Shapley,CER_4_11_0,CER_0_15_0,73.33,100,-0.906481,0.0526354,0
penetrazione,n = 15,15,AllineamentoVirtu_lordo,Cascading Tree,Tri-level EP,CER_4_11_0,CER_0_15_0,73.33,100,-0.882979,0.0988389,0
penetrazione,n = 15,15,AllineamentoVirtu_lordo,Weighted Solidarity,Pearson Key,CER_4_11_0,CER_0_15_0,73.33,100,-0.441949,0.804019,0
penetrazione,n = 15,15,AllineamentoVirtu_lordo,Weighted Solidarity,Pearson-Sharing Rate,CER_4_11_0,CER_0_15_0,73.33,100,-0.440094,0.802743,0
penetrazione,n = 15,15,AllineamentoVirtu_lordo,Weighted Solidarity,Similarity-Utilization,CER_4_11_0,CER_0_15_0,73.33,100,-0.54606,0.787325,0
penetrazione,n = 15,15,AllineamentoVirtu_lordo,Weighted Solidarity,Marginal Contribution,CER_4_11_0,CER_0_15_0,73.33,100,-0.442236,0.753425,0
penetrazione,n = 15,15,AllineamentoVirtu_lordo,Weighted Solidarity,Stratified Expected Value,CER_4_11_0,CER_0_15_0,73.33,100,-0.4561,0.747918,0
penetrazione,n = 15,15,AllineamentoVirtu_lordo,Weighted Solidarity,Adaptive Sampling Shapley,CER_11_4_0,CER_7_8_0,26.67,53.33,0.123851,-0.529567,0
penetrazione,n = 15,15,AllineamentoVirtu_lordo,Weighted Solidarity,Adaptive Sampling Shapley,CER_4_11_0,CER_0_15_0,73.33,100,-0.452849,0.756208,0
penetrazione,n = 15,15,AllineamentoVirtu_lordo,Weighted Solidarity,Tri-level EP,CER_4_11_0,CER_0_15_0,73.33,100,-0.429347,0.802412,0
penetrazione,n = 15,15,AllineamentoVirtu_lordo,Pearson Key,Pearson-Sharing Rate,CER_4_11_0,CER_0_15_0,73.33,100,0.00185447,-0.00127548,0
penetrazione,n = 15,15,AllineamentoVirtu_lordo,Pearson Key,Marginal Contribution,CER_7_8_0,CER_4_11_0,53.33,73.33,0.0101041,-0.000287592,0
penetrazione,n = 15,15,AllineamentoVirtu_lordo,Pearson Key,Stratified Expected Value,CER_11_4_0,CER_7_8_0,26.67,53.33,0.021017,-0.0057836,0
penetrazione,n = 15,15,AllineamentoVirtu_lordo,Pearson Key,Adaptive Sampling Shapley,CER_7_8_0,CER_4_11_0,53.33,73.33,0.0282325,-0.0109006,0
penetrazione,n = 15,15,AllineamentoVirtu_lordo,Pearson Key,Tri-level EP,CER_4_11_0,CER_0_15_0,73.33,100,0.0126014,-0.0016069,0
penetrazione,n = 15,15,AllineamentoVirtu_lordo,Pearson-Sharing Rate,Marginal Contribution,CER_7_8_0,CER_4_11_0,53.33,73.33,0.00745211,-0.00214207,0
penetrazione,n = 15,15,AllineamentoVirtu_lordo,Pearson-Sharing Rate,Stratified Expected Value,CER_11_4_0,CER_7_8_0,26.67,53.33,0.0170448,-0.00843558,0
penetrazione,n = 15,15,AllineamentoVirtu_lordo,Pearson-Sharing Rate,Adaptive Sampling Shapley,CER_7_8_0,CER_4_11_0,53.33,73.33,0.0255805,-0.0127551,0
penetrazione,n = 15,15,AllineamentoVirtu_lordo,Pearson-Sharing Rate,Tri-level EP,CER_4_11_0,CER_0_15_0,73.33,100,0.0107469,-0.000331426,0
penetrazione,n = 15,15,AllineamentoVirtu_lordo,Similarity-Utilization,Marginal Contribution,CER_4_11_0,CER_0_15_0,73.33,100,0.103824,-0.0338999,0
penetrazione,n = 15,15,AllineamentoVirtu_lordo,Similarity-Utilization,Stratified Expected Value,CER_4_11_0,CER_0_15_0,73.33,100,0.0899606,-0.0394064,0
penetrazione,n = 15,15,AllineamentoVirtu_lordo,Similarity-Utilization,Adaptive Sampling Shapley,CER_4_11_0,CER_0_15_0,73.33,100,0.093211,-0.0311164,0
penetrazione,n = 15,15,AllineamentoVirtu_lordo,Marginal Contribution,Adaptive Sampling Shapley,CER_7_8_0,CER_4_11_0,53.33,73.33,0.0181284,-0.010613,0
penetrazione,n = 15,15,AllineamentoVirtu_lordo,Marginal Contribution,Adaptive Sampling Shapley,CER_4_11_0,CER_0_15_0,73.33,100,-0.010613,0.00278345,0
penetrazione,n = 15,15,AllineamentoVirtu_lordo,Marginal Contribution,Tri-level EP,CER_11_4_0,CER_7_8_0,26.67,53.33,-0.149956,0.00688762,0
penetrazione,n = 15,15,AllineamentoVirtu_lordo,Adaptive Sampling Shapley,Tri-level EP,CER_7_8_0,CER_4_11_0,53.33,73.33,-0.0112408,0.023502,0
penetrazione,n = 18,18,MinMax_con,Variance Least Core,Proportional to Consumption,CER_9_9_0,CER_4_14_0,50,77.78,0.00128427,-0.00105295,0
penetrazione,n = 18,18,MinMax_con,Variance Least Core,Remuneration Model 1,CER_9_9_0,CER_4_14_0,50,77.78,0.000193942,-0.003362,0
penetrazione,n = 18,18,MinMax_con,Variance Least Core,Pearson Key,CER_13_5_0,CER_9_9_0,27.78,50,0.00174383,-0.000611148,0
penetrazione,n = 18,18,MinMax_con,Variance Least Core,Pearson-Sharing Rate,CER_13_5_0,CER_9_9_0,27.78,50,0.00272132,-0.000458133,0
penetrazione,n = 18,18,MinMax_con,Variance Least Core,Marginal Contribution,CER_9_9_0,CER_4_14_0,50,77.78,6.42054e-05,-0.00013751,0
penetrazione,n = 18,18,MinMax_con,Variance Least Core,Adaptive Sampling Shapley,CER_13_5_0,CER_9_9_0,27.78,50,0.00309864,-0.0010021,0
penetrazione,n = 18,18,MinMax_con,Variance Least Core,Tri-level EP,CER_9_9_0,CER_4_14_0,50,77.78,0.000270632,-1.13505e-05,0
penetrazione,n = 18,18,MinMax_con,Equal Split,Similarity-Utilization,CER_9_9_0,CER_4_14_0,50,77.78,-0.00172319,0.00657583,0
penetrazione,n = 18,18,MinMax_con,Proportional to Consumption,Pearson Key,CER_9_9_0,CER_4_14_0,50,77.78,-0.00189542,0.000913799,0
penetrazione,n = 18,18,MinMax_con,Proportional to Consumption,Pearson-Sharing Rate,CER_9_9_0,CER_4_14_0,50,77.78,-0.00174241,0.000927844,0
penetrazione,n = 18,18,MinMax_con,Proportional to Consumption,Marginal Contribution,CER_9_9_0,CER_4_14_0,50,77.78,-0.00122007,0.000915441,0
penetrazione,n = 18,18,MinMax_con,Proportional to Consumption,Stratified Expected Value,CER_9_9_0,CER_4_14_0,50,77.78,-0.00230188,0.000884573,0
penetrazione,n = 18,18,MinMax_con,Proportional to Consumption,Adaptive Sampling Shapley,CER_9_9_0,CER_4_14_0,50,77.78,-0.00228638,0.000331446,0
penetrazione,n = 18,18,MinMax_con,Proportional to Consumption,Tri-level EP,CER_9_9_0,CER_4_14_0,50,77.78,-0.00101364,0.0010416,0
penetrazione,n = 18,18,MinMax_con,Remuneration Model 1,Pearson Key,CER_9_9_0,CER_4_14_0,50,77.78,-0.00080509,0.00322285,0
penetrazione,n = 18,18,MinMax_con,Remuneration Model 1,Pearson-Sharing Rate,CER_9_9_0,CER_4_14_0,50,77.78,-0.000652075,0.00323689,0
penetrazione,n = 18,18,MinMax_con,Remuneration Model 1,Marginal Contribution,CER_9_9_0,CER_4_14_0,50,77.78,-0.000129737,0.00322449,0
penetrazione,n = 18,18,MinMax_con,Remuneration Model 1,Stratified Expected Value,CER_9_9_0,CER_4_14_0,50,77.78,-0.00121155,0.00319362,0
penetrazione,n = 18,18,MinMax_con,Remuneration Model 1,Adaptive Sampling Shapley,CER_9_9_0,CER_4_14_0,50,77.78,-0.00119605,0.00264049,0
penetrazione,n = 18,18,MinMax_con,Remuneration Model 1,Tri-level EP,CER_13_5_0,CER_9_9_0,27.78,50,-0.00156626,7.66899e-05,0
penetrazione,n = 18,18,MinMax_con,Cascading Tree,Similarity-Utilization,CER_9_9_0,CER_4_14_0,50,77.78,-0.0104977,0.00271454,0
penetrazione,n = 18,18,MinMax_con,Pearson Key,Marginal Contribution,CER_13_5_0,CER_9_9_0,27.78,50,-0.00115419,0.000675354,0
penetrazione,n = 18,18,MinMax_con,Pearson Key,Adaptive Sampling Shapley,CER_13_5_0,CER_9_9_0,27.78,50,0.00135481,-0.000390955,0
penetrazione,n = 18,18,MinMax_con,Pearson-Sharing Rate,Marginal Contribution,CER_13_5_0,CER_9_9_0,27.78,50,-0.00213168,0.000522339,0
penetrazione,n = 18,18,MinMax_con,Pearson-Sharing Rate,Marginal Contribution,CER_9_9_0,CER_4_14_0,50,77.78,0.000522339,-1.24035e-05,0
penetrazione,n = 18,18,MinMax_con,Pearson-Sharing Rate,Adaptive Sampling Shapley,CER_13_5_0,CER_9_9_0,27.78,50,0.000377317,-0.00054397,0
penetrazione,n = 18,18,MinMax_con,Marginal Contribution,Adaptive Sampling Shapley,CER_13_5_0,CER_9_9_0,27.78,50,0.002509,-0.00106631,0
penetrazione,n = 18,18,MinMax_con,Stratified Expected Value,Adaptive Sampling Shapley,CER_9_9_0,CER_4_14_0,50,77.78,1.55047e-05,-0.000553127,0
penetrazione,n = 18,18,QoS_orig,Variance Least Core,Remuneration Model 1,CER_9_9_0,CER_4_14_0,50,77.78,0.000198562,-0.0124331,0
penetrazione,n = 18,18,QoS_orig,Variance Least Core,Cascading Tree,CER_9_9_0,CER_4_14_0,50,77.78,1.28613e-05,-0.0249919,0
penetrazione,n = 18,18,QoS_orig,Variance Least Core,Pearson Key,CER_9_9_0,CER_4_14_0,50,77.78,-0.000229658,0.00089226,0
penetrazione,n = 18,18,QoS_orig,Variance Least Core,Pearson Key,CER_4_14_0,CER_0_18_0,77.78,100,0.00089226,-0.000627471,0
penetrazione,n = 18,18,QoS_orig,Variance Least Core,Pearson-Sharing Rate,CER_9_9_0,CER_4_14_0,50,77.78,-0.000230073,0.000831898,0
penetrazione,n = 18,18,QoS_orig,Variance Least Core,Pearson-Sharing Rate,CER_4_14_0,CER_0_18_0,77.78,100,0.000831898,-0.000696266,0
penetrazione,n = 18,18,QoS_orig,Variance Least Core,Similarity-Utilization,CER_9_9_0,CER_4_14_0,50,77.78,-0.00106477,0.00157156,0
penetrazione,n = 18,18,QoS_orig,Variance Least Core,Similarity-Utilization,CER_4_14_0,CER_0_18_0,77.78,100,0.00157156,-0.00485431,0
penetrazione,n = 18,18,QoS_orig,Variance Least Core,Marginal Contribution,CER_9_9_0,CER_4_14_0,50,77.78,1.41356e-05,-0.000470509,0
penetrazione,n = 18,18,QoS_orig,Variance Least Core,Stratified Expected Value,CER_9_9_0,CER_4_14_0,50,77.78,-5.40571e-05,3.2956e-05,0
penetrazione,n = 18,18,QoS_orig,Variance Least Core,Stratified Expected Value,CER_4_14_0,CER_0_18_0,77.78,100,3.2956e-05,-0.00202916,0
penetrazione,n = 18,18,QoS_orig,Variance Least Core,Adaptive Sampling Shapley,CER_13_5_0,CER_9_9_0,27.78,50,0.00176651,-1.83417e-05,0
penetrazione,n = 18,18,QoS_orig,Variance Least Core,Tri-level EP,CER_9_9_0,CER_4_14_0,50,77.78,-0.000226456,0.000661159,0
penetrazione,n = 18,18,QoS_orig,Variance Least Core,Tri-level EP,CER_4_14_0,CER_0_18_0,77.78,100,0.000661159,-0.00010731,0
penetrazione,n = 18,18,QoS_orig,Equal Split,Proportional to Consumption,CER_13_5_0,CER_9_9_0,27.78,50,-0.00287007,0.000442199,0
penetrazione,n = 18,18,QoS_orig,Equal Split,Cascading Tree,CER_9_9_0,CER_4_14_0,50,77.78,0.000770728,-0.00140081,0
penetrazione,n = 18,18,QoS_orig,Equal Split,Cascading Tree,CER_4_14_0,CER_0_18_0,77.78,100,-0.00140081,0.00471345,0
penetrazione,n = 18,18,QoS_orig,Equal Split,Weighted Solidarity,CER_4_14_0,CER_0_18_0,77.78,100,-0.0026669,0.0128575,0
penetrazione,n = 18,18,QoS_orig,Equal Split,Pearson Key,CER_13_5_0,CER_9_9_0,27.78,50,-0.00411246,0.000528208,0
penetrazione,n = 18,18,QoS_orig,Equal Split,Pearson-Sharing Rate,CER_13_5_0,CER_9_9_0,27.78,50,-0.00407121,0.000527793,0
penetrazione,n = 18,18,QoS_orig,Equal Split,Similarity-Utilization,CER_9_9_0,CER_4_14_0,50,77.78,-0.000306904,0.0251626,0
penetrazione,n = 18,18,QoS_orig,Equal Split,Stratified Expected Value,CER_13_5_0,CER_9_9_0,27.78,50,-5.80413e-05,0.000703809,0
penetrazione,n = 18,18,QoS_orig,Equal Split,Tri-level EP,CER_13_5_0,CER_9_9_0,27.78,50,-0.00390004,0.00053141,0
penetrazione,n = 18,18,QoS_orig,Proportional to Consumption,Remuneration Model 1,CER_9_9_0,CER_4_14_0,50,77.78,0.000514229,-0.0082839,0
penetrazione,n = 18,18,QoS_orig,Proportional to Consumption,Cascading Tree,CER_9_9_0,CER_4_14_0,50,77.78,0.000328529,-0.0208427,0
penetrazione,n = 18,18,QoS_orig,Proportional to Consumption,Weighted Solidarity,CER_13_5_0,CER_9_9_0,27.78,50,0.00257412,-0.00122081,0
penetrazione,n = 18,18,QoS_orig,Proportional to Consumption,Pearson Key,CER_13_5_0,CER_9_9_0,27.78,50,-0.00124239,8.60095e-05,0
penetrazione,n = 18,18,QoS_orig,Proportional to Consumption,Pearson-Sharing Rate,CER_13_5_0,CER_9_9_0,27.78,50,-0.00120114,8.55943e-05,0
penetrazione,n = 18,18,QoS_orig,Proportional to Consumption,Similarity-Utilization,CER_9_9_0,CER_4_14_0,50,77.78,-0.000749103,0.00572072,0
penetrazione,n = 18,18,QoS_orig,Proportional to Consumption,Tri-level EP,CER_13_5_0,CER_9_9_0,27.78,50,-0.00102997,8.92112e-05,0
penetrazione,n = 18,18,QoS_orig,Remuneration Model 1,Cascading Tree,CER_13_5_0,CER_9_9_0,27.78,50,0.00406295,-0.0001857,0
penetrazione,n = 18,18,QoS_orig,Remuneration Model 1,Pearson Key,CER_9_9_0,CER_4_14_0,50,77.78,-0.00042822,0.0133253,0
penetrazione,n = 18,18,QoS_orig,Remuneration Model 1,Pearson-Sharing Rate,CER_9_9_0,CER_4_14_0,50,77.78,-0.000428635,0.013265,0
penetrazione,n = 18,18,QoS_orig,Remuneration Model 1,Similarity-Utilization,CER_9_9_0,CER_4_14_0,50,77.78,-0.00126333,0.0140046,0
penetrazione,n = 18,18,QoS_orig,Remuneration Model 1,Marginal Contribution,CER_13_5_0,CER_9_9_0,27.78,50,0.000201895,-0.000184426,0
penetrazione,n = 18,18,QoS_orig,Remuneration Model 1,Marginal Contribution,CER_9_9_0,CER_4_14_0,50,77.78,-0.000184426,0.0119626,0
penetrazione,n = 18,18,QoS_orig,Remuneration Model 1,Stratified Expected Value,CER_9_9_0,CER_4_14_0,50,77.78,-0.000252619,0.012466,0
penetrazione,n = 18,18,QoS_orig,Remuneration Model 1,Adaptive Sampling Shapley,CER_13_5_0,CER_9_9_0,27.78,50,0.00169764,-0.000216903,0
penetrazione,n = 18,18,QoS_orig,Remuneration Model 1,Adaptive Sampling Shapley,CER_9_9_0,CER_4_14_0,50,77.78,-0.000216903,0.0104497,0
penetrazione,n = 18,18,QoS_orig,Remuneration Model 1,Tri-level EP,CER_9_9_0,CER_4_14_0,50,77.78,-0.000425018,0.0130942,0
penetrazione,n = 18,18,QoS_orig,Cascading Tree,Weighted Solidarity,CER_4_14_0,CER_0_18_0,77.78,100,-0.0012661,0.00814404,0
penetrazione,n = 18,18,QoS_orig,Cascading Tree,Pearson Key,CER_9_9_0,CER_4_14_0,50,77.78,-0.000242519,0.0258841,0
penetrazione,n = 18,18,QoS_orig,Cascading Tree,Pearson-Sharing Rate,CER_9_9_0,CER_4_14_0,50,77.78,-0.000242935,0.0258238,0
penetrazione,n = 18,18,QoS_orig,Cascading Tree,Similarity-Utilization,CER_9_9_0,CER_4_14_0,50,77.78,-0.00107763,0.0265634,0
penetrazione,n = 18,18,QoS_orig,Cascading Tree,Marginal Contribution,CER_13_5_0,CER_9_9_0,27.78,50,-0.00386106,1.27428e-06,0
penetrazione,n = 18,18,QoS_orig,Cascading Tree,Stratified Expected Value,CER_9_9_0,CER_4_14_0,50,77.78,-6.69184e-05,0.0250248,0
penetrazione,n = 18,18,QoS_orig,Cascading Tree,Adaptive Sampling Shapley,CER_9_9_0,CER_4_14_0,50,77.78,-3.1203e-05,0.0230085,0
penetrazione,n = 18,18,QoS_orig,Cascading Tree,Tri-level EP,CER_9_9_0,CER_4_14_0,50,77.78,-0.000239318,0.025653,0
penetrazione,n = 18,18,QoS_orig,Weighted Solidarity,Pearson Key,CER_13_5_0,CER_9_9_0,27.78,50,-0.00381651,0.00130682,0
penetrazione,n = 18,18,QoS_orig,Weighted Solidarity,Pearson-Sharing Rate,CER_13_5_0,CER_9_9_0,27.78,50,-0.00377526,0.00130641,0
penetrazione,n = 18,18,QoS_orig,Weighted Solidarity,Similarity-Utilization,CER_13_5_0,CER_9_9_0,27.78,50,-0.00435929,0.000471709,0
penetrazione,n = 18,18,QoS_orig,Weighted Solidarity,Tri-level EP,CER_13_5_0,CER_9_9_0,27.78,50,-0.00360409,0.00131002,0
penetrazione,n = 18,18,QoS_orig,Pearson Key,Pearson-Sharing Rate,CER_13_5_0,CER_9_9_0,27.78,50,4.12454e-05,-4.15161e-07,0
penetrazione,n = 18,18,QoS_orig,Pearson Key,Similarity-Utilization,CER_9_9_0,CER_4_14_0,50,77.78,-0.000835112,0.000679298,0
penetrazione,n = 18,18,QoS_orig,Pearson Key,Similarity-Utilization,CER_4_14_0,CER_0_18_0,77.78,100,0.000679298,-0.00422684,0
penetrazione,n = 18,18,QoS_orig,Pearson Key,Marginal Contribution,CER_9_9_0,CER_4_14_0,50,77.78,0.000243794,-0.00136277,0
penetrazione,n = 18,18,QoS_orig,Pearson Key,Stratified Expected Value,CER_9_9_0,CER_4_14_0,50,77.78,0.000175601,-0.000859304,0
penetrazione,n = 18,18,QoS_orig,Pearson Key,Adaptive Sampling Shapley,CER_9_9_0,CER_4_14_0,50,77.78,0.000211316,-0.00287566,0
penetrazione,n = 18,18,QoS_orig,Pearson Key,Tri-level EP,CER_9_9_0,CER_4_14_0,50,77.78,3.20175e-06,-0.000231102,0
penetrazione,n = 18,18,QoS_orig,Pearson Key,Tri-level EP,CER_4_14_0,CER_0_18_0,77.78,100,-0.000231102,0.000520161,0
penetrazione,n = 18,18,QoS_orig,Pearson-Sharing Rate,Similarity-Utilization,CER_9_9_0,CER_4_14_0,50,77.78,-0.000834697,0.000739661,0
penetrazione,n = 18,18,QoS_orig,Pearson-Sharing Rate,Similarity-Utilization,CER_4_14_0,CER_0_18_0,77.78,100,0.000739661,-0.00415805,0
penetrazione,n = 18,18,QoS_orig,Pearson-Sharing Rate,Marginal Contribution,CER_9_9_0,CER_4_14_0,50,77.78,0.000244209,-0.00130241,0
penetrazione,n = 18,18,QoS_orig,Pearson-Sharing Rate,Stratified Expected Value,CER_9_9_0,CER_4_14_0,50,77.78,0.000176016,-0.000798942,0
penetrazione,n = 18,18,QoS_orig,Pearson-Sharing Rate,Adaptive Sampling Shapley,CER_9_9_0,CER_4_14_0,50,77.78,0.000211732,-0.0028153,0
penetrazione,n = 18,18,QoS_orig,Pearson-Sharing Rate,Tri-level EP,CER_9_9_0,CER_4_14_0,50,77.78,3.61691e-06,-0.000170739,0
penetrazione,n = 18,18,QoS_orig,Pearson-Sharing Rate,Tri-level EP,CER_4_14_0,CER_0_18_0,77.78,100,-0.000170739,0.000588956,0
penetrazione,n = 18,18,QoS_orig,Similarity-Utilization,Marginal Contribution,CER_9_9_0,CER_4_14_0,50,77.78,0.00107891,-0.00204207,0
penetrazione,n = 18,18,QoS_orig,Similarity-Utilization,Marginal Contribution,CER_4_14_0,CER_0_18_0,77.78,100,-0.00204207,0.00315724,0
penetrazione,n = 18,18,QoS_orig,Similarity-Utilization,Stratified Expected Value,CER_9_9_0,CER_4_14_0,50,77.78,0.00101071,-0.0015386,0
penetrazione,n = 18,18,QoS_orig,Similarity-Utilization,Stratified Expected Value,CER_4_14_0,CER_0_18_0,77.78,100,-0.0015386,0.00282515,0
penetrazione,n = 18,18,QoS_orig,Similarity-Utilization,Adaptive Sampling Shapley,CER_9_9_0,CER_4_14_0,50,77.78,0.00104643,-0.00355496,0
penetrazione,n = 18,18,QoS_orig,Similarity-Utilization,Adaptive Sampling Shapley,CER_4_14_0,CER_0_18_0,77.78,100,-0.00355496,0.000435829,0
penetrazione,n = 18,18,QoS_orig,Similarity-Utilization,Tri-level EP,CER_9_9_0,CER_4_14_0,50,77.78,0.000838314,-0.0009104,0
penetrazione,n = 18,18,QoS_orig,Similarity-Utilization,Tri-level EP,CER_4_14_0,CER_0_18_0,77.78,100,-0.0009104,0.004747,0
penetrazione,n = 18,18,QoS_orig,Marginal Contribution,Stratified Expected Value,CER_9_9_0,CER_4_14_0,50,77.78,-6.81927e-05,0.000503465,0
penetrazione,n = 18,18,QoS_orig,Marginal Contribution,Stratified Expected Value,CER_4_14_0,CER_0_18_0,77.78,100,0.000503465,-0.000332088,0
penetrazione,n = 18,18,QoS_orig,Marginal Contribution,Adaptive Sampling Shapley,CER_13_5_0,CER_9_9_0,27.78,50,0.00149574,-3.24773e-05,0
penetrazione,n = 18,18,QoS_orig,Marginal Contribution,Tri-level EP,CER_9_9_0,CER_4_14_0,50,77.78,-0.000240592,0.00113167,0
penetrazione,n = 18,18,QoS_orig,Stratified Expected Value,Adaptive Sampling Shapley,CER_9_9_0,CER_4_14_0,50,77.78,3.57154e-05,-0.00201636,0
penetrazione,n = 18,18,QoS_orig,Stratified Expected Value,Tri-level EP,CER_9_9_0,CER_4_14_0,50,77.78,-0.000172399,0.000628203,0
penetrazione,n = 18,18,QoS_orig,Adaptive Sampling Shapley,Tri-level EP,CER_9_9_0,CER_4_14_0,50,77.78,-0.000208115,0.00264456,0
penetrazione,n = 18,18,QoS_new,Variance Least Core,Proportional to Consumption,CER_13_5_0,CER_9_9_0,27.78,50,0.000221241,-2.08195e-05,0
penetrazione,n = 18,18,QoS_new,Variance Least Core,Remuneration Model 1,CER_13_5_0,CER_9_9_0,27.78,50,0.0001357,-1.78155e-05,0
penetrazione,n = 18,18,QoS_new,Variance Least Core,Pearson Key,CER_9_9_0,CER_4_14_0,50,77.78,-4.84591e-05,7.82717e-06,0
penetrazione,n = 18,18,QoS_new,Variance Least Core,Pearson-Sharing Rate,CER_9_9_0,CER_4_14_0,50,77.78,-4.38923e-05,7.34196e-06,0
penetrazione,n = 18,18,QoS_new,Variance Least Core,Marginal Contribution,CER_13_5_0,CER_9_9_0,27.78,50,4.75734e-05,-7.64982e-07,0
penetrazione,n = 18,18,QoS_new,Variance Least Core,Tri-level EP,CER_13_5_0,CER_9_9_0,27.78,50,2.50145e-05,-3.19121e-05,0
penetrazione,n = 18,18,QoS_new,Variance Least Core,Tri-level EP,CER_9_9_0,CER_4_14_0,50,77.78,-3.19121e-05,6.78832e-06,0
penetrazione,n = 18,18,QoS_new,Proportional to Consumption,Remuneration Model 1,CER_13_5_0,CER_9_9_0,27.78,50,-8.5541e-05,3.00404e-06,0
penetrazione,n = 18,18,QoS_new,Proportional to Consumption,Remuneration Model 1,CER_9_9_0,CER_4_14_0,50,77.78,3.00404e-06,-0.000112244,0
penetrazione,n = 18,18,QoS_new,Proportional to Consumption,Pearson Key,CER_9_9_0,CER_4_14_0,50,77.78,-2.76396e-05,7.94799e-05,0
penetrazione,n = 18,18,QoS_new,Proportional to Consumption,Pearson-Sharing Rate,CER_9_9_0,CER_4_14_0,50,77.78,-2.30728e-05,7.89947e-05,0
penetrazione,n = 18,18,QoS_new,Proportional to Consumption,Marginal Contribution,CER_13_5_0,CER_9_9_0,27.78,50,-0.000173667,2.00545e-05,0
penetrazione,n = 18,18,QoS_new,Proportional to Consumption,Stratified Expected Value,CER_9_9_0,CER_4_14_0,50,77.78,-3.27968e-05,6.99359e-05,0
penetrazione,n = 18,18,QoS_new,Proportional to Consumption,Adaptive Sampling Shapley,CER_9_9_0,CER_4_14_0,50,77.78,-2.54455e-05,3.88774e-05,0
penetrazione,n = 18,18,QoS_new,Proportional to Consumption,Tri-level EP,CER_9_9_0,CER_4_14_0,50,77.78,-1.10926e-05,7.8441e-05,0
penetrazione,n = 18,18,QoS_new,Remuneration Model 1,Pearson Key,CER_9_9_0,CER_4_14_0,50,77.78,-3.06437e-05,0.000191724,0
penetrazione,n = 18,18,QoS_new,Remuneration Model 1,Pearson-Sharing Rate,CER_9_9_0,CER_4_14_0,50,77.78,-2.60768e-05,0.000191239,0
penetrazione,n = 18,18,QoS_new,Remuneration Model 1,Similarity-Utilization,CER_9_9_0,CER_4_14_0,50,77.78,-0.000919557,0.000110003,0
penetrazione,n = 18,18,QoS_new,Remuneration Model 1,Marginal Contribution,CER_13_5_0,CER_9_9_0,27.78,50,-8.81264e-05,1.70505e-05,0
penetrazione,n = 18,18,QoS_new,Remuneration Model 1,Stratified Expected Value,CER_9_9_0,CER_4_14_0,50,77.78,-3.58009e-05,0.00018218,0
penetrazione,n = 18,18,QoS_new,Remuneration Model 1,Adaptive Sampling Shapley,CER_9_9_0,CER_4_14_0,50,77.78,-2.84496e-05,0.000151122,0
penetrazione,n = 18,18,QoS_new,Remuneration Model 1,Tri-level EP,CER_9_9_0,CER_4_14_0,50,77.78,-1.40966e-05,0.000190685,0
penetrazione,n = 18,18,QoS_new,Cascading Tree,Similarity-Utilization,CER_9_9_0,CER_4_14_0,50,77.78,-0.000283847,0.000251289,0
penetrazione,n = 18,18,QoS_new,Pearson Key,Pearson-Sharing Rate,CER_9_9_0,CER_4_14_0,50,77.78,4.56682e-06,-4.85213e-07,0
penetrazione,n = 18,18,QoS_new,Pearson Key,Marginal Contribution,CER_9_9_0,CER_4_14_0,50,77.78,4.76941e-05,-1.53866e-05,0
penetrazione,n = 18,18,QoS_new,Pearson Key,Adaptive Sampling Shapley,CER_9_9_0,CER_4_14_0,50,77.78,2.19408e-06,-4.06025e-05,0
penetrazione,n = 18,18,QoS_new,Pearson Key,Tri-level EP,CER_9_9_0,CER_4_14_0,50,77.78,1.6547e-05,-1.03885e-06,0
penetrazione,n = 18,18,QoS_new,Pearson-Sharing Rate,Marginal Contribution,CER_9_9_0,CER_4_14_0,50,77.78,4.31273e-05,-1.49014e-05,0
penetrazione,n = 18,18,QoS_new,Pearson-Sharing Rate,Adaptive Sampling Shapley,CER_13_5_0,CER_9_9_0,27.78,50,0.000126303,-2.37274e-06,0
penetrazione,n = 18,18,QoS_new,Pearson-Sharing Rate,Tri-level EP,CER_9_9_0,CER_4_14_0,50,77.78,1.19802e-05,-5.53638e-07,0
penetrazione,n = 18,18,QoS_new,Marginal Contribution,Stratified Expected Value,CER_9_9_0,CER_4_14_0,50,77.78,-5.28513e-05,5.84261e-06,0
penetrazione,n = 18,18,QoS_new,Marginal Contribution,Tri-level EP,CER_9_9_0,CER_4_14_0,50,77.78,-3.11471e-05,1.43477e-05,0
penetrazione,n = 18,18,QoS_new,Stratified Expected Value,Adaptive Sampling Shapley,CER_9_9_0,CER_4_14_0,50,77.78,7.3513e-06,-3.10585e-05,0
penetrazione,n = 18,18,EI_orig,Variance Least Core,Proportional to Consumption,CER_9_9_0,CER_4_14_0,50,77.78,0.036998,-0.0751654,0
penetrazione,n = 18,18,EI_orig,Variance Least Core,Cascading Tree,CER_13_5_0,CER_9_9_0,27.78,50,0.132544,-0.247854,0
penetrazione,n = 18,18,EI_orig,Variance Least Core,Weighted Solidarity,CER_13_5_0,CER_9_9_0,27.78,50,0.0418924,-0.240451,0
penetrazione,n = 18,18,EI_orig,Variance Least Core,Marginal Contribution,CER_13_5_0,CER_9_9_0,27.78,50,0.00238595,-0.0120117,0
penetrazione,n = 18,18,EI_orig,Variance Least Core,Stratified Expected Value,CER_13_5_0,CER_9_9_0,27.78,50,-0.00383013,0.00268713,0
penetrazione,n = 18,18,EI_orig,Variance Least Core,Stratified Expected Value,CER_9_9_0,CER_4_14_0,50,77.78,0.00268713,-0.00254186,0
penetrazione,n = 18,18,EI_orig,Variance Least Core,Adaptive Sampling Shapley,CER_13_5_0,CER_9_9_0,27.78,50,0.0250302,-0.0958598,0
penetrazione,n = 18,18,EI_orig,Proportional to Consumption,Marginal Contribution,CER_9_9_0,CER_4_14_0,50,77.78,-0.0490097,0.0586625,0
penetrazione,n = 18,18,EI_orig,Proportional to Consumption,Stratified Expected Value,CER_9_9_0,CER_4_14_0,50,77.78,-0.0343109,0.0726235,0
penetrazione,n = 18,18,EI_orig,Proportional to Consumption,Stratified Expected Value,CER_4_14_0,CER_0_18_0,77.78,100,0.0726235,-0.00182597,0
penetrazione,n = 18,18,EI_orig,Proportional to Consumption,Adaptive Sampling Shapley,CER_9_9_0,CER_4_14_0,50,77.78,-0.132858,0.00437227,0
penetrazione,n = 18,18,EI_orig,Proportional to Consumption,Adaptive Sampling Shapley,CER_4_14_0,CER_0_18_0,77.78,100,0.00437227,-0.0310599,0
penetrazione,n = 18,18,EI_orig,Remuneration Model 1,Cascading Tree,CER_9_9_0,CER_4_14_0,50,77.78,0.00664292,-0.190697,0
penetrazione,n = 18,18,EI_orig,Remuneration Model 1,Weighted Solidarity,CER_9_9_0,CER_4_14_0,50,77.78,0.0140453,-0.0919657,0
penetrazione,n = 18,18,EI_orig,Remuneration Model 1,Weighted Solidarity,CER_4_14_0,CER_0_18_0,77.78,100,-0.0919657,0.060922,0
penetrazione,n = 18,18,EI_orig,Cascading Tree,Weighted Solidarity,CER_13_5_0,CER_9_9_0,27.78,50,-0.0906518,0.00740238,0
penetrazione,n = 18,18,EI_orig,Cascading Tree,Marginal Contribution,CER_13_5_0,CER_9_9_0,27.78,50,-0.130158,0.235842,0
penetrazione,n = 18,18,EI_orig,Cascading Tree,Stratified Expected Value,CER_13_5_0,CER_9_9_0,27.78,50,-0.136374,0.250541,0
penetrazione,n = 18,18,EI_orig,Cascading Tree,Adaptive Sampling Shapley,CER_13_5_0,CER_9_9_0,27.78,50,-0.107514,0.151994,0
penetrazione,n = 18,18,EI_orig,Weighted Solidarity,Marginal Contribution,CER_13_5_0,CER_9_9_0,27.78,50,-0.0395064,0.22844,0
penetrazione,n = 18,18,EI_orig,Weighted Solidarity,Stratified Expected Value,CER_13_5_0,CER_9_9_0,27.78,50,-0.0457225,0.243138,0
penetrazione,n = 18,18,EI_orig,Weighted Solidarity,Adaptive Sampling Shapley,CER_13_5_0,CER_9_9_0,27.78,50,-0.0168622,0.144591,0
penetrazione,n = 18,18,EI_orig,Pearson Key,Pearson-Sharing Rate,CER_4_14_0,CER_0_18_0,77.78,100,-0.00136624,0.000375565,0
penetrazione,n = 18,18,EI_orig,Pearson Key,Similarity-Utilization,CER_9_9_0,CER_4_14_0,50,77.78,-0.0184004,0.0123301,0
penetrazione,n = 18,18,EI_orig,Pearson Key,Similarity-Utilization,CER_4_14_0,CER_0_18_0,77.78,100,0.0123301,-0.0248918,0
penetrazione,n = 18,18,EI_orig,Pearson Key,Tri-level EP,CER_13_5_0,CER_9_9_0,27.78,50,0.00480882,-0.00247863,0
penetrazione,n = 18,18,EI_orig,Pearson Key,Tri-level EP,CER_4_14_0,CER_0_18_0,77.78,100,-0.00413903,0.00946683,0
penetrazione,n = 18,18,EI_orig,Pearson-Sharing Rate,Similarity-Utilization,CER_9_9_0,CER_4_14_0,50,77.78,-0.0171229,0.0136963,0
penetrazione,n = 18,18,EI_orig,Pearson-Sharing Rate,Similarity-Utilization,CER_4_14_0,CER_0_18_0,77.78,100,0.0136963,-0.0252674,0
penetrazione,n = 18,18,EI_orig,Pearson-Sharing Rate,Tri-level EP,CER_13_5_0,CER_9_9_0,27.78,50,0.00499256,-0.00120107,0
penetrazione,n = 18,18,EI_orig,Pearson-Sharing Rate,Tri-level EP,CER_4_14_0,CER_0_18_0,77.78,100,-0.00277279,0.00909127,0
penetrazione,n = 18,18,EI_orig,Similarity-Utilization,Tri-level EP,CER_9_9_0,CER_4_14_0,50,77.78,0.0159218,-0.0164691,0
penetrazione,n = 18,18,EI_orig,Similarity-Utilization,Tri-level EP,CER_4_14_0,CER_0_18_0,77.78,100,-0.0164691,0.0343587,0
penetrazione,n = 18,18,EI_orig,Marginal Contribution,Stratified Expected Value,CER_13_5_0,CER_9_9_0,27.78,50,-0.00621608,0.0146989,0
penetrazione,n = 18,18,EI_orig,Marginal Contribution,Stratified Expected Value,CER_4_14_0,CER_0_18_0,77.78,100,0.013961,-0.00291201,0
penetrazione,n = 18,18,EI_orig,Marginal Contribution,Adaptive Sampling Shapley,CER_13_5_0,CER_9_9_0,27.78,50,0.0226443,-0.0838481,0
penetrazione,n = 18,18,EI_orig,Stratified Expected Value,Adaptive Sampling Shapley,CER_13_5_0,CER_9_9_0,27.78,50,0.0288603,-0.0985469,0
penetrazione,n = 18,18,EI_new,Variance Least Core,Weighted Solidarity,CER_9_9_0,CER_4_14_0,50,77.78,0.0180831,-0.00446292,0
penetrazione,n = 18,18,EI_new,Variance Least Core,Weighted Solidarity,CER_4_14_0,CER_0_18_0,77.78,100,-0.00446292,0.0205223,0
penetrazione,n = 18,18,EI_new,Variance Least Core,Pearson Key,CER_4_14_0,CER_0_18_0,77.78,100,0.027222,-0.00610768,0
penetrazione,n = 18,18,EI_new,Variance Least Core,Pearson-Sharing Rate,CER_4_14_0,CER_0_18_0,77.78,100,0.0267406,-0.00565018,0
penetrazione,n = 18,18,EI_new,Variance Least Core,Marginal Contribution,CER_9_9_0,CER_4_14_0,50,77.78,0.00209651,-0.0150374,0
penetrazione,n = 18,18,EI_new,Equal Split,Cascading Tree,CER_9_9_0,CER_4_14_0,50,77.78,0.0162551,-0.00979308,0
penetrazione,n = 18,18,EI_new,Proportional to Consumption,Remuneration Model 1,CER_9_9_0,CER_4_14_0,50,77.78,0.0085691,-0.0144336,0
penetrazione,n = 18,18,EI_new,Proportional to Consumption,Similarity-Utilization,CER_9_9_0,CER_4_14_0,50,77.78,-0.00625817,0.048813,0
penetrazione,n = 18,18,EI_new,Remuneration Model 1,Similarity-Utilization,CER_9_9_0,CER_4_14_0,50,77.78,-0.0148273,0.0632466,0
penetrazione,n = 18,18,EI_new,Weighted Solidarity,Pearson Key,CER_13_5_0,CER_9_9_0,27.78,50,-0.0328343,0.00383212,0
penetrazione,n = 18,18,EI_new,Weighted Solidarity,Pearson Key,CER_4_14_0,CER_0_18_0,77.78,100,0.0316849,-0.0266299,0
penetrazione,n = 18,18,EI_new,Weighted Solidarity,Pearson-Sharing Rate,CER_13_5_0,CER_9_9_0,27.78,50,-0.0358327,0.00249266,0
penetrazione,n = 18,18,EI_new,Weighted Solidarity,Pearson-Sharing Rate,CER_4_14_0,CER_0_18_0,77.78,100,0.0312035,-0.0261724,0
penetrazione,n = 18,18,EI_new,Weighted Solidarity,Tri-level EP,CER_13_5_0,CER_9_9_0,27.78,50,-0.0252112,0.0113042,0
penetrazione,n = 18,18,EI_new,Weighted Solidarity,Tri-level EP,CER_4_14_0,CER_0_18_0,77.78,100,0.0391346,-0.0170664,0
penetrazione,n = 18,18,EI_new,Pearson Key,Pearson-Sharing Rate,CER_4_14_0,CER_0_18_0,77.78,100,-0.000481382,0.000457495,0
penetrazione,n = 18,18,EI_new,Similarity-Utilization,Marginal Contribution,CER_9_9_0,CER_4_14_0,50,77.78,0.0503852,-0.0058723,0
penetrazione,n = 18,18,EI_new,Similarity-Utilization,Stratified Expected Value,CER_9_9_0,CER_4_14_0,50,77.78,0.0461299,-0.00622799,0
penetrazione,n = 18,18,EI_new,Similarity-Utilization,Adaptive Sampling Shapley,CER_9_9_0,CER_4_14_0,50,77.78,0.0272427,-0.0475275,0
penetrazione,n = 18,18,Jain,Variance Least Core,Remuneration Model 1,CER_9_9_0,CER_4_14_0,50,77.78,0.000193713,-0.0126725,0
penetrazione,n = 18,18,Jain,Variance Least Core,Cascading Tree,CER_13_5_0,CER_9_9_0,27.78,50,0.00394314,-0.000249432,0
penetrazione,n = 18,18,Jain,Variance Least Core,Pearson Key,CER_9_9_0,CER_4_14_0,50,77.78,-0.000312674,0.000768126,0
penetrazione,n = 18,18,Jain,Variance Least Core,Pearson Key,CER_4_14_0,CER_0_18_0,77.78,100,0.000768126,-0.00133763,0
penetrazione,n = 18,18,Jain,Variance Least Core,Pearson-Sharing Rate,CER_9_9_0,CER_4_14_0,50,77.78,-0.000309636,0.000705904,0
penetrazione,n = 18,18,Jain,Variance Least Core,Pearson-Sharing Rate,CER_4_14_0,CER_0_18_0,77.78,100,0.000705904,-0.00143002,0
penetrazione,n = 18,18,Jain,Variance Least Core,Similarity-Utilization,CER_9_9_0,CER_4_14_0,50,77.78,-0.00155174,0.00132728,0
penetrazione,n = 18,18,Jain,Variance Least Core,Similarity-Utilization,CER_4_14_0,CER_0_18_0,77.78,100,0.00132728,-0.00606393,0
penetrazione,n = 18,18,Jain,Variance Least Core,Marginal Contribution,CER_9_9_0,CER_4_14_0,50,77.78,2.32616e-05,-0.000481688,0
penetrazione,n = 18,18,Jain,Variance Least Core,Stratified Expected Value,CER_9_9_0,CER_4_14_0,50,77.78,-7.19688e-05,4.10824e-05,0
penetrazione,n = 18,18,Jain,Variance Least Core,Stratified Expected Value,CER_4_14_0,CER_0_18_0,77.78,100,4.10824e-05,-0.00218719,0
penetrazione,n = 18,18,Jain,Variance Least Core,Adaptive Sampling Shapley,CER_13_5_0,CER_9_9_0,27.78,50,0.00175379,-2.83382e-05,0
penetrazione,n = 18,18,Jain,Variance Least Core,Tri-level EP,CER_9_9_0,CER_4_14_0,50,77.78,-0.000280836,0.000523083,0
penetrazione,n = 18,18,Jain,Variance Least Core,Tri-level EP,CER_4_14_0,CER_0_18_0,77.78,100,0.000523083,-0.000823347,0
penetrazione,n = 18,18,Jain,Equal Split,Proportional to Consumption,CER_13_5_0,CER_9_9_0,27.78,50,-0.00262859,0.000784816,0
penetrazione,n = 18,18,Jain,Equal Split,Cascading Tree,CER_9_9_0,CER_4_14_0,50,77.78,0.000869032,-0.00132724,0
penetrazione,n = 18,18,Jain,Equal Split,Cascading Tree,CER_4_14_0,CER_0_18_0,77.78,100,-0.00132724,0.00519923,0
penetrazione,n = 18,18,Jain,Equal Split,Weighted Solidarity,CER_4_14_0,CER_0_18_0,77.78,100,-0.00258826,0.0139524,0
penetrazione,n = 18,18,Jain,Equal Split,Pearson Key,CER_13_5_0,CER_9_9_0,27.78,50,-0.00394794,0.000805789,0
penetrazione,n = 18,18,Jain,Equal Split,Pearson-Sharing Rate,CER_13_5_0,CER_9_9_0,27.78,50,-0.00390313,0.000808827,0
penetrazione,n = 18,18,Jain,Equal Split,Similarity-Utilization,CER_9_9_0,CER_4_14_0,50,77.78,-0.000433274,0.0257005,0
penetrazione,n = 18,18,Jain,Equal Split,Tri-level EP,CER_13_5_0,CER_9_9_0,27.78,50,-0.00370785,0.000837628,0
penetrazione,n = 18,18,Jain,Proportional to Consumption,Remuneration Model 1,CER_9_9_0,CER_4_14_0,50,77.78,0.00052736,-0.00818086,0
penetrazione,n = 18,18,Jain,Proportional to Consumption,Cascading Tree,CER_9_9_0,CER_4_14_0,50,77.78,8.42153e-05,-0.0212089,0
penetrazione,n = 18,18,Jain,Proportional to Consumption,Weighted Solidarity,CER_13_5_0,CER_9_9_0,27.78,50,0.00196598,-0.00221628,0
penetrazione,n = 18,18,Jain,Proportional to Consumption,Pearson Key,CER_13_5_0,CER_9_9_0,27.78,50,-0.00131934,2.0973e-05,0
penetrazione,n = 18,18,Jain,Proportional to Consumption,Pearson-Sharing Rate,CER_13_5_0,CER_9_9_0,27.78,50,-0.00127454,2.4011e-05,0
penetrazione,n = 18,18,Jain,Proportional to Consumption,Similarity-Utilization,CER_9_9_0,CER_4_14_0,50,77.78,-0.00121809,0.00581891,0
penetrazione,n = 18,18,Jain,Proportional to Consumption,Tri-level EP,CER_13_5_0,CER_9_9_0,27.78,50,-0.00107926,5.28114e-05,0
penetrazione,n = 18,18,Jain,Remuneration Model 1,Cascading Tree,CER_13_5_0,CER_9_9_0,27.78,50,0.00380467,-0.000443145,0
penetrazione,n = 18,18,Jain,Remuneration Model 1,Pearson Key,CER_9_9_0,CER_4_14_0,50,77.78,-0.000506387,0.0134406,0
penetrazione,n = 18,18,Jain,Remuneration Model 1,Pearson-Sharing Rate,CER_9_9_0,CER_4_14_0,50,77.78,-0.000503349,0.0133784,0
penetrazione,n = 18,18,Jain,Remuneration Model 1,Similarity-Utilization,CER_9_9_0,CER_4_14_0,50,77.78,-0.00174545,0.0139998,0
penetrazione,n = 18,18,Jain,Remuneration Model 1,Marginal Contribution,CER_13_5_0,CER_9_9_0,27.78,50,0.000130299,-0.000170451,0
penetrazione,n = 18,18,Jain,Remuneration Model 1,Marginal Contribution,CER_9_9_0,CER_4_14_0,50,77.78,-0.000170451,0.0121908,0
penetrazione,n = 18,18,Jain,Remuneration Model 1,Stratified Expected Value,CER_9_9_0,CER_4_14_0,50,77.78,-0.000265682,0.0127136,0
penetrazione,n = 18,18,Jain,Remuneration Model 1,Adaptive Sampling Shapley,CER_13_5_0,CER_9_9_0,27.78,50,0.00161532,-0.000222051,0
penetrazione,n = 18,18,Jain,Remuneration Model 1,Adaptive Sampling Shapley,CER_9_9_0,CER_4_14_0,50,77.78,-0.000222051,0.0106645,0
penetrazione,n = 18,18,Jain,Remuneration Model 1,Tri-level EP,CER_9_9_0,CER_4_14_0,50,77.78,-0.000474549,0.0131956,0
penetrazione,n = 18,18,Jain,Cascading Tree,Weighted Solidarity,CER_4_14_0,CER_0_18_0,77.78,100,-0.00126102,0.00875314,0
penetrazione,n = 18,18,Jain,Cascading Tree,Pearson Key,CER_9_9_0,CER_4_14_0,50,77.78,-6.32422e-05,0.0264686,0
penetrazione,n = 18,18,Jain,Cascading Tree,Pearson-Sharing Rate,CER_9_9_0,CER_4_14_0,50,77.78,-6.02043e-05,0.0264064,0
penetrazione,n = 18,18,Jain,Cascading Tree,Similarity-Utilization,CER_9_9_0,CER_4_14_0,50,77.78,-0.00130231,0.0270278,0
penetrazione,n = 18,18,Jain,Cascading Tree,Marginal Contribution,CER_13_5_0,CER_9_9_0,27.78,50,-0.00367437,0.000272693,0
penetrazione,n = 18,18,Jain,Cascading Tree,Stratified Expected Value,CER_13_5_0,CER_9_9_0,27.78,50,-0.0042727,0.000177463,0
penetrazione,n = 18,18,Jain,Cascading Tree,Adaptive Sampling Shapley,CER_13_5_0,CER_9_9_0,27.78,50,-0.00218935,0.000221094,0
penetrazione,n = 18,18,Jain,Cascading Tree,Tri-level EP,CER_9_9_0,CER_4_14_0,50,77.78,-3.14039e-05,0.0262236,0
penetrazione,n = 18,18,Jain,Weighted Solidarity,Pearson Key,CER_13_5_0,CER_9_9_0,27.78,50,-0.00328532,0.00223726,0
penetrazione,n = 18,18,Jain,Weighted Solidarity,Pearson-Sharing Rate,CER_13_5_0,CER_9_9_0,27.78,50,-0.00324052,0.00224029,0
penetrazione,n = 18,18,Jain,Weighted Solidarity,Similarity-Utilization,CER_13_5_0,CER_9_9_0,27.78,50,-0.0039939,0.000998193,0
penetrazione,n = 18,18,Jain,Weighted Solidarity,Tri-level EP,CER_13_5_0,CER_9_9_0,27.78,50,-0.00304524,0.00226909,0
penetrazione,n = 18,18,Jain,Pearson Key,Pearson-Sharing Rate,CER_9_9_0,CER_4_14_0,50,77.78,3.03796e-06,-6.22227e-05,0
penetrazione,n = 18,18,Jain,Pearson Key,Similarity-Utilization,CER_9_9_0,CER_4_14_0,50,77.78,-0.00123906,0.000559151,0
penetrazione,n = 18,18,Jain,Pearson Key,Similarity-Utilization,CER_4_14_0,CER_0_18_0,77.78,100,0.000559151,-0.0047263,0
penetrazione,n = 18,18,Jain,Pearson Key,Marginal Contribution,CER_9_9_0,CER_4_14_0,50,77.78,0.000335936,-0.00124981,0
penetrazione,n = 18,18,Jain,Pearson Key,Stratified Expected Value,CER_9_9_0,CER_4_14_0,50,77.78,0.000240705,-0.000727044,0
penetrazione,n = 18,18,Jain,Pearson Key,Adaptive Sampling Shapley,CER_9_9_0,CER_4_14_0,50,77.78,0.000284336,-0.00277614,0
penetrazione,n = 18,18,Jain,Pearson Key,Tri-level EP,CER_9_9_0,CER_4_14_0,50,77.78,3.18383e-05,-0.000245043,0
penetrazione,n = 18,18,Jain,Pearson Key,Tri-level EP,CER_4_14_0,CER_0_18_0,77.78,100,-0.000245043,0.000514286,0
penetrazione,n = 18,18,Jain,Pearson-Sharing Rate,Similarity-Utilization,CER_9_9_0,CER_4_14_0,50,77.78,-0.0012421,0.000621373,0
penetrazione,n = 18,18,Jain,Pearson-Sharing Rate,Similarity-Utilization,CER_4_14_0,CER_0_18_0,77.78,100,0.000621373,-0.00463391,0
penetrazione,n = 18,18,Jain,Pearson-Sharing Rate,Marginal Contribution,CER_9_9_0,CER_4_14_0,50,77.78,0.000332898,-0.00118759,0
penetrazione,n = 18,18,Jain,Pearson-Sharing Rate,Stratified Expected Value,CER_9_9_0,CER_4_14_0,50,77.78,0.000237667,-0.000664821,0
penetrazione,n = 18,18,Jain,Pearson-Sharing Rate,Adaptive Sampling Shapley,CER_9_9_0,CER_4_14_0,50,77.78,0.000281298,-0.00271391,0
penetrazione,n = 18,18,Jain,Pearson-Sharing Rate,Tri-level EP,CER_9_9_0,CER_4_14_0,50,77.78,2.88004e-05,-0.00018282,0
penetrazione,n = 18,18,Jain,Pearson-Sharing Rate,Tri-level EP,CER_4_14_0,CER_0_18_0,77.78,100,-0.00018282,0.000606671,0
penetrazione,n = 18,18,Jain,Similarity-Utilization,Marginal Contribution,CER_9_9_0,CER_4_14_0,50,77.78,0.001575,-0.00180896,0
penetrazione,n = 18,18,Jain,Similarity-Utilization,Marginal Contribution,CER_4_14_0,CER_0_18_0,77.78,100,-0.00180896,0.00422896,0
penetrazione,n = 18,18,Jain,Similarity-Utilization,Stratified Expected Value,CER_9_9_0,CER_4_14_0,50,77.78,0.00147977,-0.00128619,0
penetrazione,n = 18,18,Jain,Similarity-Utilization,Stratified Expected Value,CER_4_14_0,CER_0_18_0,77.78,100,-0.00128619,0.00387674,0
penetrazione,n = 18,18,Jain,Similarity-Utilization,Adaptive Sampling Shapley,CER_9_9_0,CER_4_14_0,50,77.78,0.0015234,-0.00333529,0
penetrazione,n = 18,18,Jain,Similarity-Utilization,Adaptive Sampling Shapley,CER_4_14_0,CER_0_18_0,77.78,100,-0.00333529,0.0013317,0
penetrazione,n = 18,18,Jain,Similarity-Utilization,Tri-level EP,CER_9_9_0,CER_4_14_0,50,77.78,0.0012709,-0.000804194,0
penetrazione,n = 18,18,Jain,Similarity-Utilization,Tri-level EP,CER_4_14_0,CER_0_18_0,77.78,100,-0.000804194,0.00524059,0
penetrazione,n = 18,18,Jain,Marginal Contribution,Stratified Expected Value,CER_9_9_0,CER_4_14_0,50,77.78,-9.52304e-05,0.00052277,0
penetrazione,n = 18,18,Jain,Marginal Contribution,Stratified Expected Value,CER_4_14_0,CER_0_18_0,77.78,100,0.00052277,-0.000352218,0
penetrazione,n = 18,18,Jain,Marginal Contribution,Adaptive Sampling Shapley,CER_13_5_0,CER_9_9_0,27.78,50,0.00148502,-5.15998e-05,0
penetrazione,n = 18,18,Jain,Marginal Contribution,Tri-level EP,CER_9_9_0,CER_4_14_0,50,77.78,-0.000304097,0.00100477,0
penetrazione,n = 18,18,Jain,Stratified Expected Value,Adaptive Sampling Shapley,CER_9_9_0,CER_4_14_0,50,77.78,4.36306e-05,-0.00204909,0
penetrazione,n = 18,18,Jain,Stratified Expected Value,Tri-level EP,CER_9_9_0,CER_4_14_0,50,77.78,-0.000208867,0.000482001,0
penetrazione,n = 18,18,Jain,Adaptive Sampling Shapley,Tri-level EP,CER_9_9_0,CER_4_14_0,50,77.78,-0.000252497,0.00253109,0
penetrazione,n = 18,18,Gini,Variance Least Core,Proportional to Consumption,CER_9_9_0,CER_4_14_0,50,77.78,0.036998,-0.0751654,0
penetrazione,n = 18,18,Gini,Variance Least Core,Cascading Tree,CER_13_5_0,CER_9_9_0,27.78,50,0.132544,-0.247854,0
penetrazione,n = 18,18,Gini,Variance Least Core,Weighted Solidarity,CER_13_5_0,CER_9_9_0,27.78,50,0.0418924,-0.240451,0
penetrazione,n = 18,18,Gini,Variance Least Core,Marginal Contribution,CER_13_5_0,CER_9_9_0,27.78,50,0.00238595,-0.0120117,0
penetrazione,n = 18,18,Gini,Variance Least Core,Stratified Expected Value,CER_13_5_0,CER_9_9_0,27.78,50,-0.00383013,0.00268713,0
penetrazione,n = 18,18,Gini,Variance Least Core,Stratified Expected Value,CER_9_9_0,CER_4_14_0,50,77.78,0.00268713,-0.00254186,0
penetrazione,n = 18,18,Gini,Variance Least Core,Adaptive Sampling Shapley,CER_13_5_0,CER_9_9_0,27.78,50,0.0250302,-0.0958598,0
penetrazione,n = 18,18,Gini,Proportional to Consumption,Marginal Contribution,CER_9_9_0,CER_4_14_0,50,77.78,-0.0490097,0.0586625,0
penetrazione,n = 18,18,Gini,Proportional to Consumption,Stratified Expected Value,CER_9_9_0,CER_4_14_0,50,77.78,-0.0343109,0.0726235,0
penetrazione,n = 18,18,Gini,Proportional to Consumption,Stratified Expected Value,CER_4_14_0,CER_0_18_0,77.78,100,0.0726235,-0.00182597,0
penetrazione,n = 18,18,Gini,Proportional to Consumption,Adaptive Sampling Shapley,CER_9_9_0,CER_4_14_0,50,77.78,-0.132858,0.00437227,0
penetrazione,n = 18,18,Gini,Proportional to Consumption,Adaptive Sampling Shapley,CER_4_14_0,CER_0_18_0,77.78,100,0.00437227,-0.0310599,0
penetrazione,n = 18,18,Gini,Remuneration Model 1,Cascading Tree,CER_9_9_0,CER_4_14_0,50,77.78,0.00664292,-0.190697,0
penetrazione,n = 18,18,Gini,Remuneration Model 1,Weighted Solidarity,CER_9_9_0,CER_4_14_0,50,77.78,0.0140453,-0.0919657,0
penetrazione,n = 18,18,Gini,Remuneration Model 1,Weighted Solidarity,CER_4_14_0,CER_0_18_0,77.78,100,-0.0919657,0.060922,0
penetrazione,n = 18,18,Gini,Cascading Tree,Weighted Solidarity,CER_13_5_0,CER_9_9_0,27.78,50,-0.0906518,0.00740238,0
penetrazione,n = 18,18,Gini,Cascading Tree,Marginal Contribution,CER_13_5_0,CER_9_9_0,27.78,50,-0.130158,0.235842,0
penetrazione,n = 18,18,Gini,Cascading Tree,Stratified Expected Value,CER_13_5_0,CER_9_9_0,27.78,50,-0.136374,0.250541,0
penetrazione,n = 18,18,Gini,Cascading Tree,Adaptive Sampling Shapley,CER_13_5_0,CER_9_9_0,27.78,50,-0.107514,0.151994,0
penetrazione,n = 18,18,Gini,Weighted Solidarity,Marginal Contribution,CER_13_5_0,CER_9_9_0,27.78,50,-0.0395064,0.22844,0
penetrazione,n = 18,18,Gini,Weighted Solidarity,Stratified Expected Value,CER_13_5_0,CER_9_9_0,27.78,50,-0.0457225,0.243138,0
penetrazione,n = 18,18,Gini,Weighted Solidarity,Adaptive Sampling Shapley,CER_13_5_0,CER_9_9_0,27.78,50,-0.0168622,0.144591,0
penetrazione,n = 18,18,Gini,Pearson Key,Pearson-Sharing Rate,CER_4_14_0,CER_0_18_0,77.78,100,-0.00136624,0.000375565,0
penetrazione,n = 18,18,Gini,Pearson Key,Similarity-Utilization,CER_9_9_0,CER_4_14_0,50,77.78,-0.0184004,0.0123301,0
penetrazione,n = 18,18,Gini,Pearson Key,Similarity-Utilization,CER_4_14_0,CER_0_18_0,77.78,100,0.0123301,-0.0248918,0
penetrazione,n = 18,18,Gini,Pearson Key,Tri-level EP,CER_13_5_0,CER_9_9_0,27.78,50,0.00480882,-0.00247863,0
penetrazione,n = 18,18,Gini,Pearson Key,Tri-level EP,CER_4_14_0,CER_0_18_0,77.78,100,-0.00413903,0.00946683,0
penetrazione,n = 18,18,Gini,Pearson-Sharing Rate,Similarity-Utilization,CER_9_9_0,CER_4_14_0,50,77.78,-0.0171229,0.0136963,0
penetrazione,n = 18,18,Gini,Pearson-Sharing Rate,Similarity-Utilization,CER_4_14_0,CER_0_18_0,77.78,100,0.0136963,-0.0252674,0
penetrazione,n = 18,18,Gini,Pearson-Sharing Rate,Tri-level EP,CER_13_5_0,CER_9_9_0,27.78,50,0.00499256,-0.00120107,0
penetrazione,n = 18,18,Gini,Pearson-Sharing Rate,Tri-level EP,CER_4_14_0,CER_0_18_0,77.78,100,-0.00277279,0.00909127,0
penetrazione,n = 18,18,Gini,Similarity-Utilization,Tri-level EP,CER_9_9_0,CER_4_14_0,50,77.78,0.0159218,-0.0164691,0
penetrazione,n = 18,18,Gini,Similarity-Utilization,Tri-level EP,CER_4_14_0,CER_0_18_0,77.78,100,-0.0164691,0.0343587,0
penetrazione,n = 18,18,Gini,Marginal Contribution,Stratified Expected Value,CER_13_5_0,CER_9_9_0,27.78,50,-0.00621608,0.0146989,0
penetrazione,n = 18,18,Gini,Marginal Contribution,Stratified Expected Value,CER_4_14_0,CER_0_18_0,77.78,100,0.013961,-0.00291201,0
penetrazione,n = 18,18,Gini,Marginal Contribution,Adaptive Sampling Shapley,CER_13_5_0,CER_9_9_0,27.78,50,0.0226443,-0.0838481,0
penetrazione,n = 18,18,Gini,Stratified Expected Value,Adaptive Sampling Shapley,CER_13_5_0,CER_9_9_0,27.78,50,0.0288603,-0.0985469,0
penetrazione,n = 18,18,FairnessIndex,Variance Least Core,Stratified Expected Value,CER_4_14_0,CER_0_18_0,77.78,100,0.00299882,-0.00748407,0
penetrazione,n = 18,18,FairnessIndex,Equal Split,Proportional to Consumption,CER_13_5_0,CER_9_9_0,27.78,50,0.150475,-0.268072,0
penetrazione,n = 18,18,FairnessIndex,Equal Split,Pearson Key,CER_13_5_0,CER_9_9_0,27.78,50,0.203317,-0.203681,0
penetrazione,n = 18,18,FairnessIndex,Equal Split,Pearson-Sharing Rate,CER_13_5_0,CER_9_9_0,27.78,50,0.202077,-0.205567,0
penetrazione,n = 18,18,FairnessIndex,Equal Split,Similarity-Utilization,CER_13_5_0,CER_9_9_0,27.78,50,0.202081,-0.17946,0
penetrazione,n = 18,18,FairnessIndex,Equal Split,Tri-level EP,CER_13_5_0,CER_9_9_0,27.78,50,0.19727,-0.211688,0
penetrazione,n = 18,18,FairnessIndex,Proportional to Consumption,Remuneration Model 1,CER_13_5_0,CER_9_9_0,27.78,50,-0.182058,0.173604,0
penetrazione,n = 18,18,FairnessIndex,Proportional to Consumption,Remuneration Model 1,CER_4_14_0,CER_0_18_0,77.78,100,0.243892,-0.0399268,0
penetrazione,n = 18,18,FairnessIndex,Proportional to Consumption,Cascading Tree,CER_13_5_0,CER_9_9_0,27.78,50,-0.0196455,0.391445,0
penetrazione,n = 18,18,FairnessIndex,Proportional to Consumption,Weighted Solidarity,CER_13_5_0,CER_9_9_0,27.78,50,-0.0732483,0.325882,0
penetrazione,n = 18,18,FairnessIndex,Proportional to Consumption,Pearson Key,CER_9_9_0,CER_4_14_0,50,77.78,0.0643908,-0.0334858,0
penetrazione,n = 18,18,FairnessIndex,Proportional to Consumption,Pearson-Sharing Rate,CER_9_9_0,CER_4_14_0,50,77.78,0.0625048,-0.0346562,0
penetrazione,n = 18,18,FairnessIndex,Proportional to Consumption,Similarity-Utilization,CER_4_14_0,CER_0_18_0,77.78,100,0.0155002,-0.043757,0
penetrazione,n = 18,18,FairnessIndex,Proportional to Consumption,Adaptive Sampling Shapley,CER_13_5_0,CER_9_9_0,27.78,50,-0.1539,0.0143364,0
penetrazione,n = 18,18,FairnessIndex,Proportional to Consumption,Adaptive Sampling Shapley,CER_9_9_0,CER_4_14_0,50,77.78,0.0143364,-0.0579674,0
penetrazione,n = 18,18,FairnessIndex,Proportional to Consumption,Tri-level EP,CER_9_9_0,CER_4_14_0,50,77.78,0.0563841,-0.036881,0
penetrazione,n = 18,18,FairnessIndex,Remuneration Model 1,Pearson Key,CER_13_5_0,CER_9_9_0,27.78,50,0.2349,-0.109213,0
penetrazione,n = 18,18,FairnessIndex,Remuneration Model 1,Pearson Key,CER_4_14_0,CER_0_18_0,77.78,100,-0.277378,5.75475e-05,0
penetrazione,n = 18,18,FairnessIndex,Remuneration Model 1,Pearson-Sharing Rate,CER_13_5_0,CER_9_9_0,27.78,50,0.23366,-0.111099,0
penetrazione,n = 18,18,FairnessIndex,Remuneration Model 1,Pearson-Sharing Rate,CER_4_14_0,CER_0_18_0,77.78,100,-0.278549,0.000489943,0
penetrazione,n = 18,18,FairnessIndex,Remuneration Model 1,Similarity-Utilization,CER_13_5_0,CER_9_9_0,27.78,50,0.233664,-0.0849919,0
penetrazione,n = 18,18,FairnessIndex,Remuneration Model 1,Adaptive Sampling Shapley,CER_13_5_0,CER_9_9_0,27.78,50,0.0281583,-0.159267,0
penetrazione,n = 18,18,FairnessIndex,Remuneration Model 1,Tri-level EP,CER_13_5_0,CER_9_9_0,27.78,50,0.228853,-0.11722,0
penetrazione,n = 18,18,FairnessIndex,Remuneration Model 1,Tri-level EP,CER_4_14_0,CER_0_18_0,77.78,100,-0.280773,0.00535871,0
penetrazione,n = 18,18,FairnessIndex,Cascading Tree,Weighted Solidarity,CER_9_9_0,CER_4_14_0,50,77.78,-0.0655633,0.0254891,0
penetrazione,n = 18,18,FairnessIndex,Cascading Tree,Pearson Key,CER_13_5_0,CER_9_9_0,27.78,50,0.0724873,-0.327055,0
penetrazione,n = 18,18,FairnessIndex,Cascading Tree,Pearson-Sharing Rate,CER_13_5_0,CER_9_9_0,27.78,50,0.0712475,-0.328941,0
penetrazione,n = 18,18,FairnessIndex,Cascading Tree,Similarity-Utilization,CER_13_5_0,CER_9_9_0,27.78,50,0.0712517,-0.302834,0
penetrazione,n = 18,18,FairnessIndex,Cascading Tree,Tri-level EP,CER_13_5_0,CER_9_9_0,27.78,50,0.0664408,-0.335061,0
penetrazione,n = 18,18,FairnessIndex,Weighted Solidarity,Pearson Key,CER_13_5_0,CER_9_9_0,27.78,50,0.12609,-0.261491,0
penetrazione,n = 18,18,FairnessIndex,Weighted Solidarity,Pearson-Sharing Rate,CER_13_5_0,CER_9_9_0,27.78,50,0.12485,-0.263377,0
penetrazione,n = 18,18,FairnessIndex,Weighted Solidarity,Similarity-Utilization,CER_13_5_0,CER_9_9_0,27.78,50,0.124854,-0.23727,0
penetrazione,n = 18,18,FairnessIndex,Weighted Solidarity,Tri-level EP,CER_13_5_0,CER_9_9_0,27.78,50,0.120044,-0.269498,0
penetrazione,n = 18,18,FairnessIndex,Pearson Key,Pearson-Sharing Rate,CER_4_14_0,CER_0_18_0,77.78,100,-0.00117046,0.000432395,0
penetrazione,n = 18,18,FairnessIndex,Pearson Key,Similarity-Utilization,CER_13_5_0,CER_9_9_0,27.78,50,-0.00123566,0.024221,0
penetrazione,n = 18,18,FairnessIndex,Pearson Key,Similarity-Utilization,CER_4_14_0,CER_0_18_0,77.78,100,0.048986,-0.00388765,0
penetrazione,n = 18,18,FairnessIndex,Pearson Key,Tri-level EP,CER_4_14_0,CER_0_18_0,77.78,100,-0.00339526,0.00530116,0
penetrazione,n = 18,18,FairnessIndex,Pearson-Sharing Rate,Similarity-Utilization,CER_4_14_0,CER_0_18_0,77.78,100,0.0501564,-0.00432005,0
penetrazione,n = 18,18,FairnessIndex,Pearson-Sharing Rate,Tri-level EP,CER_4_14_0,CER_0_18_0,77.78,100,-0.0022248,0.00486877,0
penetrazione,n = 18,18,FairnessIndex,Similarity-Utilization,Tri-level EP,CER_4_14_0,CER_0_18_0,77.78,100,-0.0523812,0.00918881,0
penetrazione,n = 18,18,Sigma,Variance Least Core,Stratified Expected Value,CER_4_14_0,CER_0_18_0,77.78,100,0.000518921,-0.00178781,0
penetrazione,n = 18,18,Sigma,Equal Split,Proportional to Consumption,CER_13_5_0,CER_9_9_0,27.78,50,0.0211083,-0.029625,0
penetrazione,n = 18,18,Sigma,Equal Split,Cascading Tree,CER_4_14_0,CER_0_18_0,77.78,100,0.00367207,-0.00327448,0
penetrazione,n = 18,18,Sigma,Equal Split,Weighted Solidarity,CER_4_14_0,CER_0_18_0,77.78,100,0.00881633,-0.00346409,0
penetrazione,n = 18,18,Sigma,Equal Split,Pearson Key,CER_13_5_0,CER_9_9_0,27.78,50,0.0253607,-0.0238491,0
penetrazione,n = 18,18,Sigma,Equal Split,Pearson-Sharing Rate,CER_13_5_0,CER_9_9_0,27.78,50,0.0252527,-0.0240108,0
penetrazione,n = 18,18,Sigma,Equal Split,Similarity-Utilization,CER_13_5_0,CER_9_9_0,27.78,50,0.0257552,-0.0179775,0
penetrazione,n = 18,18,Sigma,Equal Split,Tri-level EP,CER_13_5_0,CER_9_9_0,27.78,50,0.0251099,-0.0241634,0
penetrazione,n = 18,18,Sigma,Proportional to Consumption,Remuneration Model 1,CER_13_5_0,CER_9_9_0,27.78,50,-0.0247637,0.0174708,0
penetrazione,n = 18,18,Sigma,Proportional to Consumption,Cascading Tree,CER_13_5_0,CER_9_9_0,27.78,50,-0.00472731,0.0427628,0
penetrazione,n = 18,18,Sigma,Proportional to Consumption,Weighted Solidarity,CER_13_5_0,CER_9_9_0,27.78,50,-0.0130894,0.0392317,0
penetrazione,n = 18,18,Sigma,Proportional to Consumption,Pearson Key,CER_9_9_0,CER_4_14_0,50,77.78,0.00577595,-0.0036003,0
penetrazione,n = 18,18,Sigma,Proportional to Consumption,Pearson-Sharing Rate,CER_9_9_0,CER_4_14_0,50,77.78,0.00561416,-0.00378984,0
penetrazione,n = 18,18,Sigma,Proportional to Consumption,Similarity-Utilization,CER_4_14_0,CER_0_18_0,77.78,100,0.00772835,-0.00451093,0
penetrazione,n = 18,18,Sigma,Proportional to Consumption,Tri-level EP,CER_9_9_0,CER_4_14_0,50,77.78,0.00546159,-0.00429964,0
penetrazione,n = 18,18,Sigma,Remuneration Model 1,Pearson Key,CER_13_5_0,CER_9_9_0,27.78,50,0.0290161,-0.0116949,0
penetrazione,n = 18,18,Sigma,Remuneration Model 1,Pearson-Sharing Rate,CER_13_5_0,CER_9_9_0,27.78,50,0.0289081,-0.0118567,0
penetrazione,n = 18,18,Sigma,Remuneration Model 1,Similarity-Utilization,CER_13_5_0,CER_9_9_0,27.78,50,0.0294106,-0.00582336,0
penetrazione,n = 18,18,Sigma,Remuneration Model 1,Adaptive Sampling Shapley,CER_13_5_0,CER_9_9_0,27.78,50,0.00206386,-0.0180703,0
penetrazione,n = 18,18,Sigma,Remuneration Model 1,Tri-level EP,CER_13_5_0,CER_9_9_0,27.78,50,0.0287653,-0.0120093,0
penetrazione,n = 18,18,Sigma,Cascading Tree,Weighted Solidarity,CER_9_9_0,CER_4_14_0,50,77.78,-0.00353109,0.00514427,0
penetrazione,n = 18,18,Sigma,Cascading Tree,Weighted Solidarity,CER_4_14_0,CER_0_18_0,77.78,100,0.00514427,-0.00018961,0
penetrazione,n = 18,18,Sigma,Cascading Tree,Pearson Key,CER_13_5_0,CER_9_9_0,27.78,50,0.00897968,-0.0369868,0
penetrazione,n = 18,18,Sigma,Cascading Tree,Pearson-Sharing Rate,CER_13_5_0,CER_9_9_0,27.78,50,0.00887169,-0.0371486,0
penetrazione,n = 18,18,Sigma,Cascading Tree,Similarity-Utilization,CER_13_5_0,CER_9_9_0,27.78,50,0.00937417,-0.0311153,0
penetrazione,n = 18,18,Sigma,Cascading Tree,Tri-level EP,CER_13_5_0,CER_9_9_0,27.78,50,0.00872892,-0.0373012,0
penetrazione,n = 18,18,Sigma,Weighted Solidarity,Pearson Key,CER_13_5_0,CER_9_9_0,27.78,50,0.0173418,-0.0334557,0
penetrazione,n = 18,18,Sigma,Weighted Solidarity,Pearson-Sharing Rate,CER_13_5_0,CER_9_9_0,27.78,50,0.0172338,-0.0336175,0
penetrazione,n = 18,18,Sigma,Weighted Solidarity,Similarity-Utilization,CER_13_5_0,CER_9_9_0,27.78,50,0.0177363,-0.0275842,0
penetrazione,n = 18,18,Sigma,Weighted Solidarity,Tri-level EP,CER_13_5_0,CER_9_9_0,27.78,50,0.017091,-0.0337701,0
penetrazione,n = 18,18,Sigma,Pearson Key,Pearson-Sharing Rate,CER_4_14_0,CER_0_18_0,77.78,100,-0.000189544,7.0689e-05,0
penetrazione,n = 18,18,Sigma,Pearson Key,Similarity-Utilization,CER_4_14_0,CER_0_18_0,77.78,100,0.0113286,-0.000136161,0
penetrazione,n = 18,18,Sigma,Pearson Key,Tri-level EP,CER_4_14_0,CER_0_18_0,77.78,100,-0.000699339,0.000986678,0
penetrazione,n = 18,18,Sigma,Pearson-Sharing Rate,Similarity-Utilization,CER_4_14_0,CER_0_18_0,77.78,100,0.0115182,-0.00020685,0
penetrazione,n = 18,18,Sigma,Pearson-Sharing Rate,Tri-level EP,CER_4_14_0,CER_0_18_0,77.78,100,-0.000509795,0.000915989,0
penetrazione,n = 18,18,Sigma,Similarity-Utilization,Tri-level EP,CER_4_14_0,CER_0_18_0,77.78,100,-0.012028,0.00112284,0
penetrazione,n = 18,18,EccessoMax_EUR,Equal Split,Proportional to Consumption,CER_13_5_0,CER_9_9_0,27.78,50,7.77822,-130.584,0
penetrazione,n = 18,18,EccessoMax_EUR,Equal Split,Cascading Tree,CER_4_14_0,CER_0_18_0,77.78,100,5.09757,-0.113629,0
penetrazione,n = 18,18,EccessoMax_EUR,Equal Split,Pearson Key,CER_13_5_0,CER_9_9_0,27.78,50,16.5052,-125.364,0
penetrazione,n = 18,18,EccessoMax_EUR,Equal Split,Pearson-Sharing Rate,CER_13_5_0,CER_9_9_0,27.78,50,14.397,-127.096,0
penetrazione,n = 18,18,EccessoMax_EUR,Equal Split,Similarity-Utilization,CER_13_5_0,CER_9_9_0,27.78,50,74.0473,-58.1367,0
penetrazione,n = 18,18,EccessoMax_EUR,Equal Split,Tri-level EP,CER_13_5_0,CER_9_9_0,27.78,50,11.9861,-129.217,0
penetrazione,n = 18,18,EccessoMax_EUR,Proportional to Consumption,Remuneration Model 1,CER_13_5_0,CER_9_9_0,27.78,50,-53.6372,64.5891,0
penetrazione,n = 18,18,EccessoMax_EUR,Proportional to Consumption,Remuneration Model 1,CER_4_14_0,CER_0_18_0,77.78,100,73.8341,-5.51302,0
penetrazione,n = 18,18,EccessoMax_EUR,Proportional to Consumption,Pearson Key,CER_9_9_0,CER_4_14_0,50,77.78,5.22019,-36.0409,0
penetrazione,n = 18,18,EccessoMax_EUR,Proportional to Consumption,Pearson-Sharing Rate,CER_9_9_0,CER_4_14_0,50,77.78,3.48818,-37.0877,0
penetrazione,n = 18,18,EccessoMax_EUR,Proportional to Consumption,Similarity-Utilization,CER_4_14_0,CER_0_18_0,77.78,100,1.05435,-3.72373,0
penetrazione,n = 18,18,EccessoMax_EUR,Proportional to Consumption,Tri-level EP,CER_9_9_0,CER_4_14_0,50,77.78,1.36707,-40.5182,0
penetrazione,n = 18,18,EccessoMax_EUR,Remuneration Model 1,Pearson Key,CER_13_5_0,CER_9_9_0,27.78,50,62.3642,-59.3689,0
penetrazione,n = 18,18,EccessoMax_EUR,Remuneration Model 1,Pearson-Sharing Rate,CER_13_5_0,CER_9_9_0,27.78,50,60.256,-61.1009,0
penetrazione,n = 18,18,EccessoMax_EUR,Remuneration Model 1,Similarity-Utilization,CER_9_9_0,CER_4_14_0,50,77.78,7.85808,-72.7797,0
penetrazione,n = 18,18,EccessoMax_EUR,Remuneration Model 1,Similarity-Utilization,CER_4_14_0,CER_0_18_0,77.78,100,-72.7797,1.78929,0
penetrazione,n = 18,18,EccessoMax_EUR,Remuneration Model 1,Tri-level EP,CER_13_5_0,CER_9_9_0,27.78,50,57.8451,-63.222,0
penetrazione,n = 18,18,EccessoMax_EUR,Cascading Tree,Weighted Solidarity,CER_13_5_0,CER_9_9_0,27.78,50,37.8978,-17.2915,0
penetrazione,n = 18,18,EccessoMax_EUR,Cascading Tree,Weighted Solidarity,CER_9_9_0,CER_4_14_0,50,77.78,-17.2915,19.2164,0
penetrazione,n = 18,18,EccessoMax_EUR,Cascading Tree,Similarity-Utilization,CER_13_5_0,CER_9_9_0,27.78,50,32.2719,-138.329,0
penetrazione,n = 18,18,EccessoMax_EUR,Pearson Key,Pearson-Sharing Rate,CER_4_14_0,CER_0_18_0,77.78,100,-1.04683,0.0904231,0
penetrazione,n = 18,18,EccessoMax_EUR,Pearson Key,Tri-level EP,CER_4_14_0,CER_0_18_0,77.78,100,-4.47732,0.994853,0
penetrazione,n = 18,18,EccessoMax_EUR,Pearson-Sharing Rate,Tri-level EP,CER_4_14_0,CER_0_18_0,77.78,100,-3.43049,0.90443,0
penetrazione,n = 18,18,EccessoMax_EUR,Marginal Contribution,Stratified Expected Value,CER_13_5_0,CER_9_9_0,27.78,50,-1.45985,0.149891,0
penetrazione,n = 18,18,EccessoMax_EUR,Marginal Contribution,Stratified Expected Value,CER_9_9_0,CER_4_14_0,50,77.78,0.149891,-0.038258,0
penetrazione,n = 18,18,EccessoMax_EUR,Marginal Contribution,Stratified Expected Value,CER_4_14_0,CER_0_18_0,77.78,100,-0.038258,0.116484,0
penetrazione,n = 18,18,CoalizioniInstabili,Equal Split,Proportional to Consumption,CER_13_5_0,CER_9_9_0,27.78,50,66212,-52364,0
penetrazione,n = 18,18,CoalizioniInstabili,Equal Split,Cascading Tree,CER_9_9_0,CER_4_14_0,50,77.78,4005,-203,0
penetrazione,n = 18,18,CoalizioniInstabili,Equal Split,Weighted Solidarity,CER_4_14_0,CER_0_18_0,77.78,100,557,-25495,0
penetrazione,n = 18,18,CoalizioniInstabili,Equal Split,Pearson Key,CER_13_5_0,CER_9_9_0,27.78,50,71536,-15662,0
penetrazione,n = 18,18,CoalizioniInstabili,Equal Split,Pearson-Sharing Rate,CER_13_5_0,CER_9_9_0,27.78,50,71579,-16010,0
penetrazione,n = 18,18,CoalizioniInstabili,Equal Split,Similarity-Utilization,CER_13_5_0,CER_9_9_0,27.78,50,65131,-18479,0
penetrazione,n = 18,18,CoalizioniInstabili,Equal Split,Tri-level EP,CER_13_5_0,CER_9_9_0,27.78,50,71177,-17672,0
penetrazione,n = 18,18,CoalizioniInstabili,Proportional to Consumption,Remuneration Model 1,CER_13_5_0,CER_9_9_0,27.78,50,-88153,42317,0
penetrazione,n = 18,18,CoalizioniInstabili,Proportional to Consumption,Cascading Tree,CER_13_5_0,CER_9_9_0,27.78,50,-37703,56369,0
penetrazione,n = 18,18,CoalizioniInstabili,Proportional to Consumption,Weighted Solidarity,CER_13_5_0,CER_9_9_0,27.78,50,-43876,54459,0
penetrazione,n = 18,18,CoalizioniInstabili,Proportional to Consumption,Pearson Key,CER_9_9_0,CER_4_14_0,50,77.78,36702,-9031,0
penetrazione,n = 18,18,CoalizioniInstabili,Proportional to Consumption,Pearson-Sharing Rate,CER_9_9_0,CER_4_14_0,50,77.78,36354,-9905,0
penetrazione,n = 18,18,CoalizioniInstabili,Proportional to Consumption,Similarity-Utilization,CER_13_5_0,CER_9_9_0,27.78,50,-1081,33885,0
penetrazione,n = 18,18,CoalizioniInstabili,Proportional to Consumption,Similarity-Utilization,CER_4_14_0,CER_0_18_0,77.78,100,13605,-15651,0
penetrazione,n = 18,18,CoalizioniInstabili,Proportional to Consumption,Tri-level EP,CER_9_9_0,CER_4_14_0,50,77.78,34692,-12537,0
penetrazione,n = 18,18,CoalizioniInstabili,Remuneration Model 1,Pearson Key,CER_13_5_0,CER_9_9_0,27.78,50,93477,-5615,0
penetrazione,n = 18,18,CoalizioniInstabili,Remuneration Model 1,Pearson-Sharing Rate,CER_13_5_0,CER_9_9_0,27.78,50,93520,-5963,0
penetrazione,n = 18,18,CoalizioniInstabili,Remuneration Model 1,Similarity-Utilization,CER_13_5_0,CER_9_9_0,27.78,50,87072,-8432,0
penetrazione,n = 18,18,CoalizioniInstabili,Remuneration Model 1,Tri-level EP,CER_13_5_0,CER_9_9_0,27.78,50,93118,-7625,0
penetrazione,n = 18,18,CoalizioniInstabili,Cascading Tree,Weighted Solidarity,CER_9_9_0,CER_4_14_0,50,77.78,-1910,760,0
penetrazione,n = 18,18,CoalizioniInstabili,Cascading Tree,Weighted Solidarity,CER_4_14_0,CER_0_18_0,77.78,100,760,-15947,0
penetrazione,n = 18,18,CoalizioniInstabili,Cascading Tree,Pearson Key,CER_13_5_0,CER_9_9_0,27.78,50,43027,-19667,0
penetrazione,n = 18,18,CoalizioniInstabili,Cascading Tree,Pearson-Sharing Rate,CER_13_5_0,CER_9_9_0,27.78,50,43070,-20015,0
penetrazione,n = 18,18,CoalizioniInstabili,Cascading Tree,Similarity-Utilization,CER_13_5_0,CER_9_9_0,27.78,50,36622,-22484,0
penetrazione,n = 18,18,CoalizioniInstabili,Cascading Tree,Tri-level EP,CER_13_5_0,CER_9_9_0,27.78,50,42668,-21677,0
penetrazione,n = 18,18,CoalizioniInstabili,Weighted Solidarity,Pearson Key,CER_13_5_0,CER_9_9_0,27.78,50,49200,-17757,0
penetrazione,n = 18,18,CoalizioniInstabili,Weighted Solidarity,Pearson-Sharing Rate,CER_13_5_0,CER_9_9_0,27.78,50,49243,-18105,0
penetrazione,n = 18,18,CoalizioniInstabili,Weighted Solidarity,Similarity-Utilization,CER_13_5_0,CER_9_9_0,27.78,50,42795,-20574,0
penetrazione,n = 18,18,CoalizioniInstabili,Weighted Solidarity,Tri-level EP,CER_13_5_0,CER_9_9_0,27.78,50,48841,-19767,0
penetrazione,n = 18,18,CoalizioniInstabili,Pearson Key,Pearson-Sharing Rate,CER_13_5_0,CER_9_9_0,27.78,50,43,-348,0
penetrazione,n = 18,18,CoalizioniInstabili,Pearson Key,Pearson-Sharing Rate,CER_4_14_0,CER_0_18_0,77.78,100,-874,335,0
penetrazione,n = 18,18,CoalizioniInstabili,Pearson Key,Similarity-Utilization,CER_9_9_0,CER_4_14_0,50,77.78,-2817,22636,0
penetrazione,n = 18,18,CoalizioniInstabili,Pearson Key,Similarity-Utilization,CER_4_14_0,CER_0_18_0,77.78,100,22636,-1660,0
penetrazione,n = 18,18,CoalizioniInstabili,Pearson Key,Tri-level EP,CER_4_14_0,CER_0_18_0,77.78,100,-3506,4889,0
penetrazione,n = 18,18,CoalizioniInstabili,Pearson-Sharing Rate,Similarity-Utilization,CER_9_9_0,CER_4_14_0,50,77.78,-2469,23510,0
penetrazione,n = 18,18,CoalizioniInstabili,Pearson-Sharing Rate,Similarity-Utilization,CER_4_14_0,CER_0_18_0,77.78,100,23510,-1995,0
penetrazione,n = 18,18,CoalizioniInstabili,Pearson-Sharing Rate,Tri-level EP,CER_4_14_0,CER_0_18_0,77.78,100,-2632,4554,0
penetrazione,n = 18,18,CoalizioniInstabili,Similarity-Utilization,Tri-level EP,CER_9_9_0,CER_4_14_0,50,77.78,807,-26142,0
penetrazione,n = 18,18,CoalizioniInstabili,Similarity-Utilization,Tri-level EP,CER_4_14_0,CER_0_18_0,77.78,100,-26142,6549,0
penetrazione,n = 18,18,CoalizioniInstabili,Marginal Contribution,Stratified Expected Value,CER_13_5_0,CER_9_9_0,27.78,50,-75,6,0
penetrazione,n = 18,18,CoalizioniInstabili,Marginal Contribution,Stratified Expected Value,CER_9_9_0,CER_4_14_0,50,77.78,6,-2,0
penetrazione,n = 18,18,ForzaIncentivante,Variance Least Core,Proportional to Consumption,CER_9_9_0,CER_4_14_0,50,77.78,-0.0510291,0.145845,0
penetrazione,n = 18,18,ForzaIncentivante,Variance Least Core,Remuneration Model 1,CER_13_5_0,CER_9_9_0,27.78,50,-0.0400299,0.528858,0
penetrazione,n = 18,18,ForzaIncentivante,Variance Least Core,Weighted Solidarity,CER_13_5_0,CER_9_9_0,27.78,50,-0.016244,0.820106,0
penetrazione,n = 18,18,ForzaIncentivante,Variance Least Core,Stratified Expected Value,CER_4_14_0,CER_0_18_0,77.78,100,-0.00393748,0.070625,0
penetrazione,n = 18,18,ForzaIncentivante,Equal Split,Cascading Tree,CER_4_14_0,CER_0_18_0,77.78,100,0.0444785,-0.0264731,0
penetrazione,n = 18,18,ForzaIncentivante,Equal Split,Weighted Solidarity,CER_13_5_0,CER_9_9_0,27.78,50,-0.0271001,0.0958799,0
penetrazione,n = 18,18,ForzaIncentivante,Equal Split,Weighted Solidarity,CER_4_14_0,CER_0_18_0,77.78,100,0.0834341,-0.021542,0
penetrazione,n = 18,18,ForzaIncentivante,Equal Split,Marginal Contribution,CER_13_5_0,CER_9_9_0,27.78,50,0.0482845,-0.697208,0
penetrazione,n = 18,18,ForzaIncentivante,Equal Split,Adaptive Sampling Shapley,CER_13_5_0,CER_9_9_0,27.78,50,0.343701,-0.531399,0
penetrazione,n = 18,18,ForzaIncentivante,Proportional to Consumption,Marginal Contribution,CER_9_9_0,CER_4_14_0,50,77.78,0.0780471,-0.122397,0
penetrazione,n = 18,18,ForzaIncentivante,Proportional to Consumption,Stratified Expected Value,CER_9_9_0,CER_4_14_0,50,77.78,0.0394638,-0.149783,0
penetrazione,n = 18,18,ForzaIncentivante,Proportional to Consumption,Adaptive Sampling Shapley,CER_9_9_0,CER_4_14_0,50,77.78,0.243856,-0.0524804,0
penetrazione,n = 18,18,ForzaIncentivante,Proportional to Consumption,Adaptive Sampling Shapley,CER_4_14_0,CER_0_18_0,77.78,100,-0.0524804,0.0597308,0
penetrazione,n = 18,18,ForzaIncentivante,Remuneration Model 1,Marginal Contribution,CER_13_5_0,CER_9_9_0,27.78,50,0.0991705,-0.501839,0
penetrazione,n = 18,18,ForzaIncentivante,Remuneration Model 1,Adaptive Sampling Shapley,CER_13_5_0,CER_9_9_0,27.78,50,0.394587,-0.33603,0
penetrazione,n = 18,18,ForzaIncentivante,Cascading Tree,Weighted Solidarity,CER_9_9_0,CER_4_14_0,50,77.78,-0.16573,0.0389556,0
penetrazione,n = 18,18,ForzaIncentivante,Weighted Solidarity,Marginal Contribution,CER_13_5_0,CER_9_9_0,27.78,50,0.0753846,-0.793088,0
penetrazione,n = 18,18,ForzaIncentivante,Weighted Solidarity,Adaptive Sampling Shapley,CER_13_5_0,CER_9_9_0,27.78,50,0.370801,-0.627278,0
penetrazione,n = 18,18,ForzaIncentivante,Pearson Key,Pearson-Sharing Rate,CER_4_14_0,CER_0_18_0,77.78,100,0.00277728,-0.00209738,0
penetrazione,n = 18,18,ForzaIncentivante,Pearson Key,Similarity-Utilization,CER_4_14_0,CER_0_18_0,77.78,100,-0.0598674,0.0978594,0
penetrazione,n = 18,18,ForzaIncentivante,Pearson Key,Tri-level EP,CER_4_14_0,CER_0_18_0,77.78,100,0.0117521,-0.0341095,0
penetrazione,n = 18,18,ForzaIncentivante,Pearson-Sharing Rate,Similarity-Utilization,CER_4_14_0,CER_0_18_0,77.78,100,-0.0626446,0.0999568,0
penetrazione,n = 18,18,ForzaIncentivante,Pearson-Sharing Rate,Tri-level EP,CER_4_14_0,CER_0_18_0,77.78,100,0.00897481,-0.0320121,0
penetrazione,n = 18,18,ForzaIncentivante,Similarity-Utilization,Tri-level EP,CER_4_14_0,CER_0_18_0,77.78,100,0.0716195,-0.131969,0
penetrazione,n = 18,18,ForzaIncentivante,Marginal Contribution,Stratified Expected Value,CER_4_14_0,CER_0_18_0,77.78,100,-0.0273852,0.00923368,0
penetrazione,n = 18,18,AllineamentoVirtu,Variance Least Core,Proportional to Consumption,CER_13_5_0,CER_9_9_0,27.78,50,-0.867865,0.0114524,0
penetrazione,n = 18,18,AllineamentoVirtu,Variance Least Core,Proportional to Consumption,CER_4_14_0,CER_0_18_0,77.78,100,0.0127084,-0.0484989,0
penetrazione,n = 18,18,AllineamentoVirtu,Variance Least Core,Remuneration Model 1,CER_13_5_0,CER_9_9_0,27.78,50,-0.181735,0.202062,0
penetrazione,n = 18,18,AllineamentoVirtu,Variance Least Core,Weighted Solidarity,CER_13_5_0,CER_9_9_0,27.78,50,-0.0273032,1.28016,0
penetrazione,n = 18,18,AllineamentoVirtu,Variance Least Core,Adaptive Sampling Shapley,CER_9_9_0,CER_4_14_0,50,77.78,0.0166862,-0.000394502,0
penetrazione,n = 18,18,AllineamentoVirtu,Variance Least Core,Adaptive Sampling Shapley,CER_4_14_0,CER_0_18_0,77.78,100,-0.000394502,0.00166314,0
penetrazione,n = 18,18,AllineamentoVirtu,Equal Split,Cascading Tree,CER_4_14_0,CER_0_18_0,77.78,100,0.508282,-0.129118,0
penetrazione,n = 18,18,AllineamentoVirtu,Equal Split,Weighted Solidarity,CER_13_5_0,CER_9_9_0,27.78,50,-0.06053,0.329692,0
penetrazione,n = 18,18,AllineamentoVirtu,Equal Split,Weighted Solidarity,CER_4_14_0,CER_0_18_0,77.78,100,0.421077,-0.0328576,0
penetrazione,n = 18,18,AllineamentoVirtu,Equal Split,Marginal Contribution,CER_13_5_0,CER_9_9_0,27.78,50,0.138544,-0.947184,0
penetrazione,n = 18,18,AllineamentoVirtu,Equal Split,Adaptive Sampling Shapley,CER_13_5_0,CER_9_9_0,27.78,50,0.757057,-0.933778,0
penetrazione,n = 18,18,AllineamentoVirtu,Proportional to Consumption,Marginal Contribution,CER_13_5_0,CER_9_9_0,27.78,50,1.03964,-0.00817176,0
penetrazione,n = 18,18,AllineamentoVirtu,Proportional to Consumption,Marginal Contribution,CER_4_14_0,CER_0_18_0,77.78,100,-0.0124589,0.0485153,0
penetrazione,n = 18,18,AllineamentoVirtu,Proportional to Consumption,Stratified Expected Value,CER_13_5_0,CER_9_9_0,27.78,50,0.687966,-0.0166153,0
penetrazione,n = 18,18,AllineamentoVirtu,Proportional to Consumption,Stratified Expected Value,CER_4_14_0,CER_0_18_0,77.78,100,-0.0141788,0.0439531,0
penetrazione,n = 18,18,AllineamentoVirtu,Proportional to Consumption,Adaptive Sampling Shapley,CER_9_9_0,CER_4_14_0,50,77.78,0.00523383,-0.0131029,0
penetrazione,n = 18,18,AllineamentoVirtu,Proportional to Consumption,Adaptive Sampling Shapley,CER_4_14_0,CER_0_18_0,77.78,100,-0.0131029,0.050162,0
penetrazione,n = 18,18,AllineamentoVirtu,Remuneration Model 1,Marginal Contribution,CER_13_5_0,CER_9_9_0,27.78,50,0.353506,-0.198781,0
penetrazione,n = 18,18,AllineamentoVirtu,Remuneration Model 1,Stratified Expected Value,CER_13_5_0,CER_9_9_0,27.78,50,0.00183524,-0.207225,0
penetrazione,n = 18,18,AllineamentoVirtu,Remuneration Model 1,Adaptive Sampling Shapley,CER_13_5_0,CER_9_9_0,27.78,50,0.972018,-0.185376,0
penetrazione,n = 18,18,AllineamentoVirtu,Cascading Tree,Weighted Solidarity,CER_4_14_0,CER_0_18_0,77.78,100,-0.0872056,0.0962606,0
penetrazione,n = 18,18,AllineamentoVirtu,Weighted Solidarity,Marginal Contribution,CER_13_5_0,CER_9_9_0,27.78,50,0.199074,-1.27688,0
penetrazione,n = 18,18,AllineamentoVirtu,Weighted Solidarity,Adaptive Sampling Shapley,CER_13_5_0,CER_9_9_0,27.78,50,0.817587,-1.26347,0
penetrazione,n = 18,18,AllineamentoVirtu,Pearson Key,Pearson-Sharing Rate,CER_4_14_0,CER_0_18_0,77.78,100,0.000239407,-0.00241023,0
penetrazione,n = 18,18,AllineamentoVirtu,Pearson Key,Tri-level EP,CER_4_14_0,CER_0_18_0,77.78,100,0.00166765,-0.00299735,0
penetrazione,n = 18,18,AllineamentoVirtu,Pearson-Sharing Rate,Tri-level EP,CER_4_14_0,CER_0_18_0,77.78,100,0.00142824,-0.000587116,0
penetrazione,n = 18,18,AllineamentoVirtu,Marginal Contribution,Adaptive Sampling Shapley,CER_9_9_0,CER_4_14_0,50,77.78,0.0134056,-0.000643979,0
penetrazione,n = 18,18,AllineamentoVirtu,Marginal Contribution,Adaptive Sampling Shapley,CER_4_14_0,CER_0_18_0,77.78,100,-0.000643979,0.00164671,0
penetrazione,n = 18,18,AllineamentoVirtu,Stratified Expected Value,Tri-level EP,CER_9_9_0,CER_4_14_0,50,77.78,-0.00376042,0.00118074,0
penetrazione,n = 18,18,AllineamentoVirtu,Stratified Expected Value,Tri-level EP,CER_4_14_0,CER_0_18_0,77.78,100,0.00118074,-0.0689033,0
penetrazione,n = 18,18,AllineamentoVirtu,Adaptive Sampling Shapley,Tri-level EP,CER_9_9_0,CER_4_14_0,50,77.78,-0.0256095,0.000104862,0
penetrazione,n = 18,18,AllineamentoVirtu,Adaptive Sampling Shapley,Tri-level EP,CER_4_14_0,CER_0_18_0,77.78,100,0.000104862,-0.0751122,0
penetrazione,n = 18,18,ForzaIncentivante_lordo,Variance Least Core,Equal Split,CER_4_14_0,CER_0_18_0,77.78,100,5.09717,-5.96114,0
penetrazione,n = 18,18,ForzaIncentivante_lordo,Variance Least Core,Proportional to Consumption,CER_13_5_0,CER_9_9_0,27.78,50,-0.0178595,1.19349,0
penetrazione,n = 18,18,ForzaIncentivante_lordo,Variance Least Core,Proportional to Consumption,CER_4_14_0,CER_0_18_0,77.78,100,1.61325,-0.736701,0
penetrazione,n = 18,18,ForzaIncentivante_lordo,Variance Least Core,Remuneration Model 1,CER_4_14_0,CER_0_18_0,77.78,100,4.36989,-2.56826,0
penetrazione,n = 18,18,ForzaIncentivante_lordo,Variance Least Core,Cascading Tree,CER_4_14_0,CER_0_18_0,77.78,100,6.96414,-4.30999,0
penetrazione,n = 18,18,ForzaIncentivante_lordo,Variance Least Core,Weighted Solidarity,CER_4_14_0,CER_0_18_0,77.78,100,6.67117,-5.73017,0
penetrazione,n = 18,18,ForzaIncentivante_lordo,Variance Least Core,Pearson Key,CER_4_14_0,CER_0_18_0,77.78,100,-0.756615,0.437997,0
penetrazione,n = 18,18,ForzaIncentivante_lordo,Variance Least Core,Pearson-Sharing Rate,CER_13_5_0,CER_9_9_0,27.78,50,-1.48098,0.0263373,0
penetrazione,n = 18,18,ForzaIncentivante_lordo,Variance Least Core,Pearson-Sharing Rate,CER_9_9_0,CER_4_14_0,50,77.78,0.0263373,-0.723148,0
penetrazione,n = 18,18,ForzaIncentivante_lordo,Variance Least Core,Pearson-Sharing Rate,CER_4_14_0,CER_0_18_0,77.78,100,-0.723148,0.378439,0
penetrazione,n = 18,18,ForzaIncentivante_lordo,Variance Least Core,Marginal Contribution,CER_4_14_0,CER_0_18_0,77.78,100,0.178956,-0.418263,0
penetrazione,n = 18,18,ForzaIncentivante_lordo,Variance Least Core,Adaptive Sampling Shapley,CER_4_14_0,CER_0_18_0,77.78,100,0.456793,-1.04475,0
penetrazione,n = 18,18,ForzaIncentivante_lordo,Variance Least Core,Tri-level EP,CER_13_5_0,CER_9_9_0,27.78,50,-1.26264,0.115681,0
penetrazione,n = 18,18,ForzaIncentivante_lordo,Variance Least Core,Tri-level EP,CER_9_9_0,CER_4_14_0,50,77.78,0.115681,-0.54124,0
penetrazione,n = 18,18,ForzaIncentivante_lordo,Variance Least Core,Tri-level EP,CER_4_14_0,CER_0_18_0,77.78,100,-0.54124,0.566109,0
penetrazione,n = 18,18,ForzaIncentivante_lordo,Equal Split,Proportional to Consumption,CER_13_5_0,CER_9_9_0,27.78,50,-0.801724,0.0922928,0
penetrazione,n = 18,18,ForzaIncentivante_lordo,Equal Split,Proportional to Consumption,CER_9_9_0,CER_4_14_0,50,77.78,0.0922928,-3.48392,0
penetrazione,n = 18,18,ForzaIncentivante_lordo,Equal Split,Proportional to Consumption,CER_4_14_0,CER_0_18_0,77.78,100,-3.48392,5.22444,0
penetrazione,n = 18,18,ForzaIncentivante_lordo,Equal Split,Remuneration Model 1,CER_4_14_0,CER_0_18_0,77.78,100,-0.727284,3.39288,0
penetrazione,n = 18,18,ForzaIncentivante_lordo,Equal Split,Weighted Solidarity,CER_13_5_0,CER_9_9_0,27.78,50,-0.624746,0.557443,0
penetrazione,n = 18,18,ForzaIncentivante_lordo,Equal Split,Pearson Key,CER_4_14_0,CER_0_18_0,77.78,100,-5.85379,6.39913,0
penetrazione,n = 18,18,ForzaIncentivante_lordo,Equal Split,Pearson-Sharing Rate,CER_4_14_0,CER_0_18_0,77.78,100,-5.82032,6.33958,0
penetrazione,n = 18,18,ForzaIncentivante_lordo,Equal Split,Similarity-Utilization,CER_4_14_0,CER_0_18_0,77.78,100,-6.73473,4.3167,0
penetrazione,n = 18,18,ForzaIncentivante_lordo,Equal Split,Marginal Contribution,CER_4_14_0,CER_0_18_0,77.78,100,-4.91821,5.54287,0
penetrazione,n = 18,18,ForzaIncentivante_lordo,Equal Split,Stratified Expected Value,CER_4_14_0,CER_0_18_0,77.78,100,-5.31287,5.34642,0
penetrazione,n = 18,18,ForzaIncentivante_lordo,Equal Split,Adaptive Sampling Shapley,CER_13_5_0,CER_9_9_0,27.78,50,0.317125,-0.892754,0
penetrazione,n = 18,18,ForzaIncentivante_lordo,Equal Split,Adaptive Sampling Shapley,CER_4_14_0,CER_0_18_0,77.78,100,-4.64038,4.91639,0
penetrazione,n = 18,18,ForzaIncentivante_lordo,Equal Split,Tri-level EP,CER_4_14_0,CER_0_18_0,77.78,100,-5.63841,6.52725,0
penetrazione,n = 18,18,ForzaIncentivante_lordo,Proportional to Consumption,Remuneration Model 1,CER_13_5_0,CER_9_9_0,27.78,50,0.718983,-0.338418,0
penetrazione,n = 18,18,ForzaIncentivante_lordo,Proportional to Consumption,Remuneration Model 1,CER_9_9_0,CER_4_14_0,50,77.78,-0.338418,2.75664,0
penetrazione,n = 18,18,ForzaIncentivante_lordo,Proportional to Consumption,Remuneration Model 1,CER_4_14_0,CER_0_18_0,77.78,100,2.75664,-1.83156,0
penetrazione,n = 18,18,ForzaIncentivante_lordo,Proportional to Consumption,Cascading Tree,CER_4_14_0,CER_0_18_0,77.78,100,5.35089,-3.57329,0
penetrazione,n = 18,18,ForzaIncentivante_lordo,Proportional to Consumption,Weighted Solidarity,CER_4_14_0,CER_0_18_0,77.78,100,5.05792,-4.99347,0
penetrazione,n = 18,18,ForzaIncentivante_lordo,Proportional to Consumption,Pearson Key,CER_4_14_0,CER_0_18_0,77.78,100,-2.36986,1.1747,0
penetrazione,n = 18,18,ForzaIncentivante_lordo,Proportional to Consumption,Pearson-Sharing Rate,CER_4_14_0,CER_0_18_0,77.78,100,-2.3364,1.11514,0
penetrazione,n = 18,18,ForzaIncentivante_lordo,Proportional to Consumption,Marginal Contribution,CER_13_5_0,CER_9_9_0,27.78,50,0.0922878,-1.15667,0
penetrazione,n = 18,18,ForzaIncentivante_lordo,Proportional to Consumption,Marginal Contribution,CER_4_14_0,CER_0_18_0,77.78,100,-1.43429,0.318438,0
penetrazione,n = 18,18,ForzaIncentivante_lordo,Proportional to Consumption,Stratified Expected Value,CER_4_14_0,CER_0_18_0,77.78,100,-1.82894,0.121983,0
penetrazione,n = 18,18,ForzaIncentivante_lordo,Proportional to Consumption,Adaptive Sampling Shapley,CER_13_5_0,CER_9_9_0,27.78,50,1.11885,-0.985046,0
penetrazione,n = 18,18,ForzaIncentivante_lordo,Proportional to Consumption,Tri-level EP,CER_4_14_0,CER_0_18_0,77.78,100,-2.15449,1.30281,0
penetrazione,n = 18,18,ForzaIncentivante_lordo,Remuneration Model 1,Cascading Tree,CER_4_14_0,CER_0_18_0,77.78,100,2.59426,-1.74173,0
penetrazione,n = 18,18,ForzaIncentivante_lordo,Remuneration Model 1,Weighted Solidarity,CER_13_5_0,CER_9_9_0,27.78,50,-0.542005,0.803568,0
penetrazione,n = 18,18,ForzaIncentivante_lordo,Remuneration Model 1,Weighted Solidarity,CER_4_14_0,CER_0_18_0,77.78,100,2.30128,-3.16191,0
penetrazione,n = 18,18,ForzaIncentivante_lordo,Remuneration Model 1,Pearson Key,CER_4_14_0,CER_0_18_0,77.78,100,-5.1265,3.00625,0
penetrazione,n = 18,18,ForzaIncentivante_lordo,Remuneration Model 1,Pearson-Sharing Rate,CER_4_14_0,CER_0_18_0,77.78,100,-5.09303,2.9467,0
penetrazione,n = 18,18,ForzaIncentivante_lordo,Remuneration Model 1,Similarity-Utilization,CER_4_14_0,CER_0_18_0,77.78,100,-6.00745,0.923823,0
penetrazione,n = 18,18,ForzaIncentivante_lordo,Remuneration Model 1,Marginal Contribution,CER_4_14_0,CER_0_18_0,77.78,100,-4.19093,2.14999,0
penetrazione,n = 18,18,ForzaIncentivante_lordo,Remuneration Model 1,Stratified Expected Value,CER_4_14_0,CER_0_18_0,77.78,100,-4.58558,1.95354,0
penetrazione,n = 18,18,ForzaIncentivante_lordo,Remuneration Model 1,Adaptive Sampling Shapley,CER_13_5_0,CER_9_9_0,27.78,50,0.399866,-0.646628,0
penetrazione,n = 18,18,ForzaIncentivante_lordo,Remuneration Model 1,Adaptive Sampling Shapley,CER_4_14_0,CER_0_18_0,77.78,100,-3.91309,1.52351,0
penetrazione,n = 18,18,ForzaIncentivante_lordo,Remuneration Model 1,Tri-level EP,CER_4_14_0,CER_0_18_0,77.78,100,-4.91113,3.13437,0
penetrazione,n = 18,18,ForzaIncentivante_lordo,Cascading Tree,Pearson Key,CER_4_14_0,CER_0_18_0,77.78,100,-7.72076,4.74799,0
penetrazione,n = 18,18,ForzaIncentivante_lordo,Cascading Tree,Pearson-Sharing Rate,CER_4_14_0,CER_0_18_0,77.78,100,-7.68729,4.68843,0
penetrazione,n = 18,18,ForzaIncentivante_lordo,Cascading Tree,Similarity-Utilization,CER_4_14_0,CER_0_18_0,77.78,100,-8.6017,2.66556,0
penetrazione,n = 18,18,ForzaIncentivante_lordo,Cascading Tree,Marginal Contribution,CER_4_14_0,CER_0_18_0,77.78,100,-6.78519,3.89173,0
penetrazione,n = 18,18,ForzaIncentivante_lordo,Cascading Tree,Stratified Expected Value,CER_4_14_0,CER_0_18_0,77.78,100,-7.17984,3.69527,0
penetrazione,n = 18,18,ForzaIncentivante_lordo,Cascading Tree,Adaptive Sampling Shapley,CER_4_14_0,CER_0_18_0,77.78,100,-6.50735,3.26524,0
penetrazione,n = 18,18,ForzaIncentivante_lordo,Cascading Tree,Tri-level EP,CER_4_14_0,CER_0_18_0,77.78,100,-7.50538,4.8761,0
penetrazione,n = 18,18,ForzaIncentivante_lordo,Weighted Solidarity,Pearson Key,CER_4_14_0,CER_0_18_0,77.78,100,-7.42779,6.16817,0
penetrazione,n = 18,18,ForzaIncentivante_lordo,Weighted Solidarity,Pearson-Sharing Rate,CER_4_14_0,CER_0_18_0,77.78,100,-7.39432,6.10861,0
penetrazione,n = 18,18,ForzaIncentivante_lordo,Weighted Solidarity,Similarity-Utilization,CER_4_14_0,CER_0_18_0,77.78,100,-8.30873,4.08574,0
penetrazione,n = 18,18,ForzaIncentivante_lordo,Weighted Solidarity,Marginal Contribution,CER_4_14_0,CER_0_18_0,77.78,100,-6.49221,5.31191,0
penetrazione,n = 18,18,ForzaIncentivante_lordo,Weighted Solidarity,Stratified Expected Value,CER_4_14_0,CER_0_18_0,77.78,100,-6.88687,5.11545,0
penetrazione,n = 18,18,ForzaIncentivante_lordo,Weighted Solidarity,Adaptive Sampling Shapley,CER_13_5_0,CER_9_9_0,27.78,50,0.941871,-1.4502,0
penetrazione,n = 18,18,ForzaIncentivante_lordo,Weighted Solidarity,Adaptive Sampling Shapley,CER_4_14_0,CER_0_18_0,77.78,100,-6.21438,4.68542,0
penetrazione,n = 18,18,ForzaIncentivante_lordo,Weighted Solidarity,Tri-level EP,CER_4_14_0,CER_0_18_0,77.78,100,-7.21241,6.29628,0
penetrazione,n = 18,18,ForzaIncentivante_lordo,Pearson Key,Pearson-Sharing Rate,CER_4_14_0,CER_0_18_0,77.78,100,0.0334674,-0.0595571,0
penetrazione,n = 18,18,ForzaIncentivante_lordo,Pearson Key,Marginal Contribution,CER_4_14_0,CER_0_18_0,77.78,100,0.935571,-0.856259,0
penetrazione,n = 18,18,ForzaIncentivante_lordo,Pearson Key,Stratified Expected Value,CER_13_5_0,CER_9_9_0,27.78,50,1.33274,-0.0982501,0
penetrazione,n = 18,18,ForzaIncentivante_lordo,Pearson Key,Stratified Expected Value,CER_9_9_0,CER_4_14_0,50,77.78,-0.0982501,0.54092,0
penetrazione,n = 18,18,ForzaIncentivante_lordo,Pearson Key,Stratified Expected Value,CER_4_14_0,CER_0_18_0,77.78,100,0.54092,-1.05271,0
penetrazione,n = 18,18,ForzaIncentivante_lordo,Pearson Key,Adaptive Sampling Shapley,CER_4_14_0,CER_0_18_0,77.78,100,1.21341,-1.48275,0
penetrazione,n = 18,18,ForzaIncentivante_lordo,Pearson-Sharing Rate,Marginal Contribution,CER_4_14_0,CER_0_18_0,77.78,100,0.902103,-0.796702,0
penetrazione,n = 18,18,ForzaIncentivante_lordo,Pearson-Sharing Rate,Stratified Expected Value,CER_13_5_0,CER_9_9_0,27.78,50,1.28296,-0.148235,0
penetrazione,n = 18,18,ForzaIncentivante_lordo,Pearson-Sharing Rate,Stratified Expected Value,CER_9_9_0,CER_4_14_0,50,77.78,-0.148235,0.507452,0
penetrazione,n = 18,18,ForzaIncentivante_lordo,Pearson-Sharing Rate,Stratified Expected Value,CER_4_14_0,CER_0_18_0,77.78,100,0.507452,-0.993157,0
penetrazione,n = 18,18,ForzaIncentivante_lordo,Pearson-Sharing Rate,Adaptive Sampling Shapley,CER_4_14_0,CER_0_18_0,77.78,100,1.17994,-1.42319,0
penetrazione,n = 18,18,ForzaIncentivante_lordo,Marginal Contribution,Adaptive Sampling Shapley,CER_4_14_0,CER_0_18_0,77.78,100,0.277837,-0.626486,0
penetrazione,n = 18,18,ForzaIncentivante_lordo,Marginal Contribution,Tri-level EP,CER_13_5_0,CER_9_9_0,27.78,50,-1.33707,0.0788679,0
penetrazione,n = 18,18,ForzaIncentivante_lordo,Marginal Contribution,Tri-level EP,CER_9_9_0,CER_4_14_0,50,77.78,0.0788679,-0.720196,0
penetrazione,n = 18,18,ForzaIncentivante_lordo,Marginal Contribution,Tri-level EP,CER_4_14_0,CER_0_18_0,77.78,100,-0.720196,0.984372,0
penetrazione,n = 18,18,ForzaIncentivante_lordo,Stratified Expected Value,Adaptive Sampling Shapley,CER_4_14_0,CER_0_18_0,77.78,100,0.672488,-0.430031,0
penetrazione,n = 18,18,ForzaIncentivante_lordo,Stratified Expected Value,Tri-level EP,CER_13_5_0,CER_9_9_0,27.78,50,-1.06462,0.237579,0
penetrazione,n = 18,18,ForzaIncentivante_lordo,Stratified Expected Value,Tri-level EP,CER_9_9_0,CER_4_14_0,50,77.78,0.237579,-0.325544,0
penetrazione,n = 18,18,ForzaIncentivante_lordo,Stratified Expected Value,Tri-level EP,CER_4_14_0,CER_0_18_0,77.78,100,-0.325544,1.18083,0
penetrazione,n = 18,18,ForzaIncentivante_lordo,Adaptive Sampling Shapley,Tri-level EP,CER_4_14_0,CER_0_18_0,77.78,100,-0.998032,1.61086,0
penetrazione,n = 18,18,AllineamentoVirtu_lordo,Variance Least Core,Equal Split,CER_4_14_0,CER_0_18_0,77.78,100,0.195787,-0.482,0
penetrazione,n = 18,18,AllineamentoVirtu_lordo,Variance Least Core,Weighted Solidarity,CER_4_14_0,CER_0_18_0,77.78,100,0.461828,-0.447239,0
penetrazione,n = 18,18,AllineamentoVirtu_lordo,Variance Least Core,Pearson Key,CER_9_9_0,CER_4_14_0,50,77.78,0.0177492,-0.00959093,0
penetrazione,n = 18,18,AllineamentoVirtu_lordo,Variance Least Core,Pearson-Sharing Rate,CER_9_9_0,CER_4_14_0,50,77.78,0.0202576,-0.00897199,0
penetrazione,n = 18,18,AllineamentoVirtu_lordo,Variance Least Core,Marginal Contribution,CER_13_5_0,CER_9_9_0,27.78,50,0.0346701,-4.40899e-05,0
penetrazione,n = 18,18,AllineamentoVirtu_lordo,Variance Least Core,Marginal Contribution,CER_9_9_0,CER_4_14_0,50,77.78,-4.40899e-05,0.00160913,0
penetrazione,n = 18,18,AllineamentoVirtu_lordo,Variance Least Core,Adaptive Sampling Shapley,CER_13_5_0,CER_9_9_0,27.78,50,0.295415,-0.00672303,0
penetrazione,n = 18,18,AllineamentoVirtu_lordo,Variance Least Core,Adaptive Sampling Shapley,CER_4_14_0,CER_0_18_0,77.78,100,-0.00432649,0.00556079,0
penetrazione,n = 18,18,AllineamentoVirtu_lordo,Variance Least Core,Tri-level EP,CER_9_9_0,CER_4_14_0,50,77.78,0.0246351,-0.00419952,0
penetrazione,n = 18,18,AllineamentoVirtu_lordo,Equal Split,Proportional to Consumption,CER_13_5_0,CER_9_9_0,27.78,50,-0.0877603,0.00608245,0
penetrazione,n = 18,18,AllineamentoVirtu_lordo,Equal Split,Proportional to Consumption,CER_9_9_0,CER_4_14_0,50,77.78,0.00608245,-0.15918,0
penetrazione,n = 18,18,AllineamentoVirtu_lordo,Equal Split,Proportional to Consumption,CER_4_14_0,CER_0_18_0,77.78,100,-0.15918,0.511512,0
penetrazione,n = 18,18,AllineamentoVirtu_lordo,Equal Split,Remuneration Model 1,CER_4_14_0,CER_0_18_0,77.78,100,-0.0737172,0.624516,0
penetrazione,n = 18,18,AllineamentoVirtu_lordo,Equal Split,Weighted Solidarity,CER_13_5_0,CER_9_9_0,27.78,50,-0.133076,0.104296,0
penetrazione,n = 18,18,AllineamentoVirtu_lordo,Equal Split,Pearson Key,CER_4_14_0,CER_0_18_0,77.78,100,-0.205378,0.452639,0
penetrazione,n = 18,18,AllineamentoVirtu_lordo,Equal Split,Pearson-Sharing Rate,CER_4_14_0,CER_0_18_0,77.78,100,-0.204759,0.448941,0
penetrazione,n = 18,18,AllineamentoVirtu_lordo,Equal Split,Similarity-Utilization,CER_4_14_0,CER_0_18_0,77.78,100,-0.225506,0.375077,0
penetrazione,n = 18,18,AllineamentoVirtu_lordo,Equal Split,Marginal Contribution,CER_4_14_0,CER_0_18_0,77.78,100,-0.194178,0.482011,0
penetrazione,n = 18,18,AllineamentoVirtu_lordo,Equal Split,Stratified Expected Value,CER_4_14_0,CER_0_18_0,77.78,100,-0.203443,0.473262,0
penetrazione,n = 18,18,AllineamentoVirtu_lordo,Equal Split,Adaptive Sampling Shapley,CER_13_5_0,CER_9_9_0,27.78,50,0.0666153,-0.085357,0
penetrazione,n = 18,18,AllineamentoVirtu_lordo,Equal Split,Adaptive Sampling Shapley,CER_4_14_0,CER_0_18_0,77.78,100,-0.200114,0.487561,0
penetrazione,n = 18,18,AllineamentoVirtu_lordo,Equal Split,Tri-level EP,CER_4_14_0,CER_0_18_0,77.78,100,-0.199987,0.449494,0
penetrazione,n = 18,18,AllineamentoVirtu_lordo,Proportional to Consumption,Remuneration Model 1,CER_13_5_0,CER_9_9_0,27.78,50,0.0544269,-0.0573829,0
penetrazione,n = 18,18,AllineamentoVirtu_lordo,Proportional to Consumption,Remuneration Model 1,CER_9_9_0,CER_4_14_0,50,77.78,-0.0573829,0.0854624,0
penetrazione,n = 18,18,AllineamentoVirtu_lordo,Proportional to Consumption,Weighted Solidarity,CER_13_5_0,CER_9_9_0,27.78,50,-0.0453159,0.0982131,0
penetrazione,n = 18,18,AllineamentoVirtu_lordo,Proportional to Consumption,Weighted Solidarity,CER_4_14_0,CER_0_18_0,77.78,100,0.42522,-0.47675,0
penetrazione,n = 18,18,AllineamentoVirtu_lordo,Proportional to Consumption,Adaptive Sampling Shapley,CER_13_5_0,CER_9_9_0,27.78,50,0.154376,-0.0914395,0
penetrazione,n = 18,18,AllineamentoVirtu_lordo,Remuneration Model 1,Weighted Solidarity,CER_13_5_0,CER_9_9_0,27.78,50,-0.0997428,0.155596,0
penetrazione,n = 18,18,AllineamentoVirtu_lordo,Remuneration Model 1,Weighted Solidarity,CER_4_14_0,CER_0_18_0,77.78,100,0.339758,-0.589755,0
penetrazione,n = 18,18,AllineamentoVirtu_lordo,Remuneration Model 1,Adaptive Sampling Shapley,CER_13_5_0,CER_9_9_0,27.78,50,0.0999487,-0.0340565,0
penetrazione,n = 18,18,AllineamentoVirtu_lordo,Weighted Solidarity,Pearson Key,CER_4_14_0,CER_0_18_0,77.78,100,-0.471419,0.417877,0
penetrazione,n = 18,18,AllineamentoVirtu_lordo,Weighted Solidarity,Pearson-Sharing Rate,CER_4_14_0,CER_0_18_0,77.78,100,-0.4708,0.41418,0
penetrazione,n = 18,18,AllineamentoVirtu_lordo,Weighted Solidarity,Similarity-Utilization,CER_4_14_0,CER_0_18_0,77.78,100,-0.491546,0.340316,0
penetrazione,n = 18,18,AllineamentoVirtu_lordo,Weighted Solidarity,Marginal Contribution,CER_4_14_0,CER_0_18_0,77.78,100,-0.460219,0.44725,0
penetrazione,n = 18,18,AllineamentoVirtu_lordo,Weighted Solidarity,Stratified Expected Value,CER_4_14_0,CER_0_18_0,77.78,100,-0.469483,0.438501,0
penetrazione,n = 18,18,AllineamentoVirtu_lordo,Weighted Solidarity,Adaptive Sampling Shapley,CER_13_5_0,CER_9_9_0,27.78,50,0.199692,-0.189653,0
penetrazione,n = 18,18,AllineamentoVirtu_lordo,Weighted Solidarity,Adaptive Sampling Shapley,CER_4_14_0,CER_0_18_0,77.78,100,-0.466154,0.4528,0
penetrazione,n = 18,18,AllineamentoVirtu_lordo,Weighted Solidarity,Tri-level EP,CER_4_14_0,CER_0_18_0,77.78,100,-0.466027,0.414732,0
penetrazione,n = 18,18,AllineamentoVirtu_lordo,Pearson Key,Pearson-Sharing Rate,CER_4_14_0,CER_0_18_0,77.78,100,0.000618945,-0.00369708,0
penetrazione,n = 18,18,AllineamentoVirtu_lordo,Pearson Key,Marginal Contribution,CER_13_5_0,CER_9_9_0,27.78,50,0.0220949,-0.0177933,0
penetrazione,n = 18,18,AllineamentoVirtu_lordo,Pearson Key,Marginal Contribution,CER_9_9_0,CER_4_14_0,50,77.78,-0.0177933,0.0112001,0
penetrazione,n = 18,18,AllineamentoVirtu_lordo,Pearson Key,Stratified Expected Value,CER_9_9_0,CER_4_14_0,50,77.78,-0.0255478,0.00193528,0
penetrazione,n = 18,18,AllineamentoVirtu_lordo,Pearson Key,Adaptive Sampling Shapley,CER_13_5_0,CER_9_9_0,27.78,50,0.282839,-0.0244722,0
penetrazione,n = 18,18,AllineamentoVirtu_lordo,Pearson Key,Adaptive Sampling Shapley,CER_9_9_0,CER_4_14_0,50,77.78,-0.0244722,0.00526444,0
penetrazione,n = 18,18,AllineamentoVirtu_lordo,Pearson Key,Tri-level EP,CER_4_14_0,CER_0_18_0,77.78,100,0.00539141,-0.00314501,0
penetrazione,n = 18,18,AllineamentoVirtu_lordo,Pearson-Sharing Rate,Marginal Contribution,CER_13_5_0,CER_9_9_0,27.78,50,0.0181189,-0.0203017,0
penetrazione,n = 18,18,AllineamentoVirtu_lordo,Pearson-Sharing Rate,Marginal Contribution,CER_9_9_0,CER_4_14_0,50,77.78,-0.0203017,0.0105811,0
penetrazione,n = 18,18,AllineamentoVirtu_lordo,Pearson-Sharing Rate,Stratified Expected Value,CER_9_9_0,CER_4_14_0,50,77.78,-0.0280562,0.00131634,0
penetrazione,n = 18,18,AllineamentoVirtu_lordo,Pearson-Sharing Rate,Adaptive Sampling Shapley,CER_13_5_0,CER_9_9_0,27.78,50,0.278863,-0.0269806,0
penetrazione,n = 18,18,AllineamentoVirtu_lordo,Pearson-Sharing Rate,Adaptive Sampling Shapley,CER_9_9_0,CER_4_14_0,50,77.78,-0.0269806,0.0046455,0
penetrazione,n = 18,18,AllineamentoVirtu_lordo,Marginal Contribution,Adaptive Sampling Shapley,CER_13_5_0,CER_9_9_0,27.78,50,0.260745,-0.00667894,0
penetrazione,n = 18,18,AllineamentoVirtu_lordo,Marginal Contribution,Adaptive Sampling Shapley,CER_4_14_0,CER_0_18_0,77.78,100,-0.00593562,0.0055503,0
penetrazione,n = 18,18,AllineamentoVirtu_lordo,Marginal Contribution,Tri-level EP,CER_9_9_0,CER_4_14_0,50,77.78,0.0246791,-0.00580865,0
penetrazione,n = 18,18,AllineamentoVirtu_lordo,Stratified Expected Value,Tri-level EP,CER_4_14_0,CER_0_18_0,77.78,100,0.00345613,-0.0237686,0
penetrazione,n = 18,18,AllineamentoVirtu_lordo,Adaptive Sampling Shapley,Tri-level EP,CER_13_5_0,CER_9_9_0,27.78,50,-0.259376,0.0313581,0
penetrazione,n = 18,18,AllineamentoVirtu_lordo,Adaptive Sampling Shapley,Tri-level EP,CER_4_14_0,CER_0_18_0,77.78,100,0.000126964,-0.0380678,0
penetrazione,n = 20,20,MinMax_con,Variance Least Core,Proportional to Consumption,CER_15_5_0,CER_10_10_0,25,50,0.00567635,-0.000503699,0
penetrazione,n = 20,20,MinMax_con,Variance Least Core,Remuneration Model 1,CER_15_5_0,CER_10_10_0,25,50,0.00408816,-0.000176818,0
penetrazione,n = 20,20,MinMax_con,Variance Least Core,Pearson Key,CER_15_5_0,CER_10_10_0,25,50,0.000277743,-0.0012425,0
penetrazione,n = 20,20,MinMax_con,Variance Least Core,Pearson-Sharing Rate,CER_15_5_0,CER_10_10_0,25,50,0.000672924,-0.00112388,0
penetrazione,n = 20,20,MinMax_con,Variance Least Core,Adaptive Sampling Shapley,CER_15_5_0,CER_10_10_0,25,50,0.00207658,-0.00045288,0
penetrazione,n = 20,20,MinMax_con,Variance Least Core,Tri-level EP,CER_15_5_0,CER_10_10_0,25,50,0.00252146,-0.000796116,0
penetrazione,n = 20,20,MinMax_con,Variance Least Core,Tri-level EP,CER_10_10_0,CER_5_15_0,50,75,-0.000796116,3.91095e-05,0
penetrazione,n = 20,20,MinMax_con,Proportional to Consumption,Remuneration Model 1,CER_15_5_0,CER_10_10_0,25,50,-0.00158819,0.000326881,0
penetrazione,n = 20,20,MinMax_con,Proportional to Consumption,Remuneration Model 1,CER_10_10_0,CER_5_15_0,50,75,0.000326881,-0.00301111,0
penetrazione,n = 20,20,MinMax_con,Proportional to Consumption,Pearson Key,CER_10_10_0,CER_5_15_0,50,75,-0.000738798,0.00166395,0
penetrazione,n = 20,20,MinMax_con,Proportional to Consumption,Pearson-Sharing Rate,CER_10_10_0,CER_5_15_0,50,75,-0.000620177,0.0016705,0
penetrazione,n = 20,20,MinMax_con,Proportional to Consumption,Marginal Contribution,CER_15_5_0,CER_10_10_0,25,50,-0.00586191,0.000365613,0
penetrazione,n = 20,20,MinMax_con,Proportional to Consumption,Stratified Expected Value,CER_10_10_0,CER_5_15_0,50,75,-0.00010717,0.00170884,0
penetrazione,n = 20,20,MinMax_con,Proportional to Consumption,Adaptive Sampling Shapley,CER_15_5_0,CER_10_10_0,25,50,-0.00359977,5.08193e-05,0
penetrazione,n = 20,20,MinMax_con,Proportional to Consumption,Tri-level EP,CER_10_10_0,CER_5_15_0,50,75,-0.000292417,0.00183087,0
penetrazione,n = 20,20,MinMax_con,Remuneration Model 1,Pearson Key,CER_10_10_0,CER_5_15_0,50,75,-0.00106568,0.00467505,0
penetrazione,n = 20,20,MinMax_con,Remuneration Model 1,Pearson-Sharing Rate,CER_10_10_0,CER_5_15_0,50,75,-0.000947058,0.00468161,0
penetrazione,n = 20,20,MinMax_con,Remuneration Model 1,Marginal Contribution,CER_15_5_0,CER_10_10_0,25,50,-0.00427373,3.87325e-05,0
penetrazione,n = 20,20,MinMax_con,Remuneration Model 1,Stratified Expected Value,CER_10_10_0,CER_5_15_0,50,75,-0.000434051,0.00471995,0
penetrazione,n = 20,20,MinMax_con,Remuneration Model 1,Adaptive Sampling Shapley,CER_10_10_0,CER_5_15_0,50,75,-0.000276061,0.00395737,0
penetrazione,n = 20,20,MinMax_con,Remuneration Model 1,Tri-level EP,CER_10_10_0,CER_5_15_0,50,75,-0.000619298,0.00484197,0
penetrazione,n = 20,20,MinMax_con,Cascading Tree,Similarity-Utilization,CER_10_10_0,CER_5_15_0,50,75,-0.00462687,0.00335719,0
penetrazione,n = 20,20,MinMax_con,Pearson Key,Marginal Contribution,CER_15_5_0,CER_10_10_0,25,50,-0.00046331,0.00110441,0
penetrazione,n = 20,20,MinMax_con,Pearson Key,Stratified Expected Value,CER_15_5_0,CER_10_10_0,25,50,-0.00325986,0.000631628,0
penetrazione,n = 20,20,MinMax_con,Pearson Key,Adaptive Sampling Shapley,CER_10_10_0,CER_5_15_0,50,75,0.000789617,-0.000717684,0
penetrazione,n = 20,20,MinMax_con,Pearson-Sharing Rate,Marginal Contribution,CER_15_5_0,CER_10_10_0,25,50,-0.000858491,0.00098579,0
penetrazione,n = 20,20,MinMax_con,Pearson-Sharing Rate,Stratified Expected Value,CER_15_5_0,CER_10_10_0,25,50,-0.00365504,0.000513007,0
penetrazione,n = 20,20,MinMax_con,Pearson-Sharing Rate,Adaptive Sampling Shapley,CER_10_10_0,CER_5_15_0,50,75,0.000670996,-0.000724237,0
penetrazione,n = 20,20,MinMax_con,Marginal Contribution,Stratified Expected Value,CER_10_10_0,CER_5_15_0,50,75,-0.000472783,6.90408e-06,0
penetrazione,n = 20,20,MinMax_con,Marginal Contribution,Adaptive Sampling Shapley,CER_15_5_0,CER_10_10_0,25,50,0.00226215,-0.000314794,0
penetrazione,n = 20,20,MinMax_con,Marginal Contribution,Tri-level EP,CER_15_5_0,CER_10_10_0,25,50,0.00270703,-0.000658031,0
penetrazione,n = 20,20,MinMax_con,Marginal Contribution,Tri-level EP,CER_10_10_0,CER_5_15_0,50,75,-0.000658031,0.000128931,0
penetrazione,n = 20,20,MinMax_con,Stratified Expected Value,Adaptive Sampling Shapley,CER_10_10_0,CER_5_15_0,50,75,0.000157989,-0.000762578,0
penetrazione,n = 20,20,MinMax_con,Stratified Expected Value,Tri-level EP,CER_15_5_0,CER_10_10_0,25,50,0.00550358,-0.000185247,0
penetrazione,n = 20,20,MinMax_con,Stratified Expected Value,Tri-level EP,CER_10_10_0,CER_5_15_0,50,75,-0.000185247,0.000122027,0
penetrazione,n = 20,20,MinMax_con,Adaptive Sampling Shapley,Tri-level EP,CER_15_5_0,CER_10_10_0,25,50,0.000444885,-0.000343237,0
penetrazione,n = 20,20,MinMax_con,Adaptive Sampling Shapley,Tri-level EP,CER_10_10_0,CER_5_15_0,50,75,-0.000343237,0.000884604,0
penetrazione,n = 20,20,QoS_orig,Variance Least Core,Remuneration Model 1,CER_15_5_0,CER_10_10_0,25,50,-0.000441346,0.000172375,0
penetrazione,n = 20,20,QoS_orig,Variance Least Core,Remuneration Model 1,CER_10_10_0,CER_5_15_0,50,75,0.000172375,-0.0119147,0
penetrazione,n = 20,20,QoS_orig,Variance Least Core,Cascading Tree,CER_10_10_0,CER_5_15_0,50,75,0.000139028,-0.0238082,0
penetrazione,n = 20,20,QoS_orig,Variance Least Core,Pearson Key,CER_10_10_0,CER_5_15_0,50,75,-0.000189932,0.000851231,0
penetrazione,n = 20,20,QoS_orig,Variance Least Core,Pearson Key,CER_5_15_0,CER_0_20_0,75,100,0.000851231,-0.00159207,0
penetrazione,n = 20,20,QoS_orig,Variance Least Core,Pearson-Sharing Rate,CER_10_10_0,CER_5_15_0,50,75,-0.000185881,0.000785943,0
penetrazione,n = 20,20,QoS_orig,Variance Least Core,Pearson-Sharing Rate,CER_5_15_0,CER_0_20_0,75,100,0.000785943,-0.00163172,0
penetrazione,n = 20,20,QoS_orig,Variance Least Core,Similarity-Utilization,CER_10_10_0,CER_5_15_0,50,75,-0.00105856,0.00139758,0
penetrazione,n = 20,20,QoS_orig,Variance Least Core,Similarity-Utilization,CER_5_15_0,CER_0_20_0,75,100,0.00139758,-0.00521205,0
penetrazione,n = 20,20,QoS_orig,Variance Least Core,Marginal Contribution,CER_15_5_0,CER_10_10_0,25,50,0.000182609,-2.78916e-06,0
penetrazione,n = 20,20,QoS_orig,Variance Least Core,Stratified Expected Value,CER_10_10_0,CER_5_15_0,50,75,-4.53977e-05,0.000126647,0
penetrazione,n = 20,20,QoS_orig,Variance Least Core,Stratified Expected Value,CER_5_15_0,CER_0_20_0,75,100,0.000126647,-0.00158548,0
penetrazione,n = 20,20,QoS_orig,Variance Least Core,Adaptive Sampling Shapley,CER_15_5_0,CER_10_10_0,25,50,0.00147668,-4.05906e-05,0
penetrazione,n = 20,20,QoS_orig,Variance Least Core,Tri-level EP,CER_10_10_0,CER_5_15_0,50,75,-0.000154745,0.000592086,0
penetrazione,n = 20,20,QoS_orig,Variance Least Core,Tri-level EP,CER_5_15_0,CER_0_20_0,75,100,0.000592086,-0.00114056,0
penetrazione,n = 20,20,QoS_orig,Equal Split,Proportional to Consumption,CER_15_5_0,CER_10_10_0,25,50,-0.00194114,0.000493034,0
penetrazione,n = 20,20,QoS_orig,Equal Split,Cascading Tree,CER_10_10_0,CER_5_15_0,50,75,0.000848918,-0.00173306,0
penetrazione,n = 20,20,QoS_orig,Equal Split,Cascading Tree,CER_5_15_0,CER_0_20_0,75,100,-0.00173306,0.00404996,0
penetrazione,n = 20,20,QoS_orig,Equal Split,Weighted Solidarity,CER_5_15_0,CER_0_20_0,75,100,-0.00252866,0.0145727,0
penetrazione,n = 20,20,QoS_orig,Equal Split,Pearson Key,CER_15_5_0,CER_10_10_0,25,50,-0.00295826,0.000519958,0
penetrazione,n = 20,20,QoS_orig,Equal Split,Pearson-Sharing Rate,CER_15_5_0,CER_10_10_0,25,50,-0.00292271,0.000524009,0
penetrazione,n = 20,20,QoS_orig,Equal Split,Similarity-Utilization,CER_10_10_0,CER_5_15_0,50,75,-0.00034867,0.0234728,0
penetrazione,n = 20,20,QoS_orig,Equal Split,Tri-level EP,CER_15_5_0,CER_10_10_0,25,50,-0.00276465,0.000555145,0
penetrazione,n = 20,20,QoS_orig,Proportional to Consumption,Remuneration Model 1,CER_10_10_0,CER_5_15_0,50,75,0.000389231,-0.00769851,0
penetrazione,n = 20,20,QoS_orig,Proportional to Consumption,Cascading Tree,CER_10_10_0,CER_5_15_0,50,75,0.000355884,-0.019592,0
penetrazione,n = 20,20,QoS_orig,Proportional to Consumption,Weighted Solidarity,CER_15_5_0,CER_10_10_0,25,50,0.00151782,-0.0014722,0
penetrazione,n = 20,20,QoS_orig,Proportional to Consumption,Pearson Key,CER_15_5_0,CER_10_10_0,25,50,-0.00101712,2.6924e-05,0
penetrazione,n = 20,20,QoS_orig,Proportional to Consumption,Pearson-Sharing Rate,CER_15_5_0,CER_10_10_0,25,50,-0.00098157,3.09752e-05,0
penetrazione,n = 20,20,QoS_orig,Proportional to Consumption,Similarity-Utilization,CER_10_10_0,CER_5_15_0,50,75,-0.000841704,0.00561378,0
penetrazione,n = 20,20,QoS_orig,Proportional to Consumption,Tri-level EP,CER_15_5_0,CER_10_10_0,25,50,-0.000823515,6.21115e-05,0
penetrazione,n = 20,20,QoS_orig,Remuneration Model 1,Cascading Tree,CER_15_5_0,CER_10_10_0,25,50,0.00350552,-3.33468e-05,0
penetrazione,n = 20,20,QoS_orig,Remuneration Model 1,Pearson Key,CER_10_10_0,CER_5_15_0,50,75,-0.000362307,0.0127659,0
penetrazione,n = 20,20,QoS_orig,Remuneration Model 1,Pearson-Sharing Rate,CER_10_10_0,CER_5_15_0,50,75,-0.000358256,0.0127006,0
penetrazione,n = 20,20,QoS_orig,Remuneration Model 1,Similarity-Utilization,CER_10_10_0,CER_5_15_0,50,75,-0.00123093,0.0133123,0
penetrazione,n = 20,20,QoS_orig,Remuneration Model 1,Marginal Contribution,CER_15_5_0,CER_10_10_0,25,50,0.000623955,-0.000175164,0
penetrazione,n = 20,20,QoS_orig,Remuneration Model 1,Marginal Contribution,CER_10_10_0,CER_5_15_0,50,75,-0.000175164,0.0116116,0
penetrazione,n = 20,20,QoS_orig,Remuneration Model 1,Stratified Expected Value,CER_15_5_0,CER_10_10_0,25,50,0.000104054,-0.000217773,0
penetrazione,n = 20,20,QoS_orig,Remuneration Model 1,Stratified Expected Value,CER_10_10_0,CER_5_15_0,50,75,-0.000217773,0.0120414,0
penetrazione,n = 20,20,QoS_orig,Remuneration Model 1,Adaptive Sampling Shapley,CER_15_5_0,CER_10_10_0,25,50,0.00191803,-0.000212966,0
penetrazione,n = 20,20,QoS_orig,Remuneration Model 1,Adaptive Sampling Shapley,CER_10_10_0,CER_5_15_0,50,75,-0.000212966,0.0100989,0
penetrazione,n = 20,20,QoS_orig,Remuneration Model 1,Tri-level EP,CER_10_10_0,CER_5_15_0,50,75,-0.00032712,0.0125068,0
penetrazione,n = 20,20,QoS_orig,Cascading Tree,Weighted Solidarity,CER_5_15_0,CER_0_20_0,75,100,-0.000795593,0.0105228,0
penetrazione,n = 20,20,QoS_orig,Cascading Tree,Pearson Key,CER_10_10_0,CER_5_15_0,50,75,-0.00032896,0.0246595,0
penetrazione,n = 20,20,QoS_orig,Cascading Tree,Pearson-Sharing Rate,CER_10_10_0,CER_5_15_0,50,75,-0.000324909,0.0245942,0
penetrazione,n = 20,20,QoS_orig,Cascading Tree,Similarity-Utilization,CER_10_10_0,CER_5_15_0,50,75,-0.00119759,0.0252058,0
penetrazione,n = 20,20,QoS_orig,Cascading Tree,Marginal Contribution,CER_10_10_0,CER_5_15_0,50,75,-0.000141817,0.0235051,0
penetrazione,n = 20,20,QoS_orig,Cascading Tree,Stratified Expected Value,CER_10_10_0,CER_5_15_0,50,75,-0.000184426,0.0239349,0
penetrazione,n = 20,20,QoS_orig,Cascading Tree,Adaptive Sampling Shapley,CER_10_10_0,CER_5_15_0,50,75,-0.000179619,0.0219924,0
penetrazione,n = 20,20,QoS_orig,Cascading Tree,Tri-level EP,CER_10_10_0,CER_5_15_0,50,75,-0.000293773,0.0244003,0
penetrazione,n = 20,20,QoS_orig,Weighted Solidarity,Pearson Key,CER_15_5_0,CER_10_10_0,25,50,-0.00253495,0.00149912,0
penetrazione,n = 20,20,QoS_orig,Weighted Solidarity,Pearson-Sharing Rate,CER_15_5_0,CER_10_10_0,25,50,-0.00249939,0.00150317,0
penetrazione,n = 20,20,QoS_orig,Weighted Solidarity,Similarity-Utilization,CER_15_5_0,CER_10_10_0,25,50,-0.00324906,0.000630494,0
penetrazione,n = 20,20,QoS_orig,Weighted Solidarity,Tri-level EP,CER_15_5_0,CER_10_10_0,25,50,-0.00234134,0.00153431,0
penetrazione,n = 20,20,QoS_orig,Pearson Key,Pearson-Sharing Rate,CER_10_10_0,CER_5_15_0,50,75,4.05115e-06,-6.52872e-05,0
penetrazione,n = 20,20,QoS_orig,Pearson Key,Similarity-Utilization,CER_10_10_0,CER_5_15_0,50,75,-0.000868628,0.000546352,0
penetrazione,n = 20,20,QoS_orig,Pearson Key,Similarity-Utilization,CER_5_15_0,CER_0_20_0,75,100,0.000546352,-0.00361997,0
penetrazione,n = 20,20,QoS_orig,Pearson Key,Marginal Contribution,CER_10_10_0,CER_5_15_0,50,75,0.000187143,-0.00115435,0
penetrazione,n = 20,20,QoS_orig,Pearson Key,Marginal Contribution,CER_5_15_0,CER_0_20_0,75,100,-0.00115435,0.000353801,0
penetrazione,n = 20,20,QoS_orig,Pearson Key,Stratified Expected Value,CER_10_10_0,CER_5_15_0,50,75,0.000144534,-0.000724584,0
penetrazione,n = 20,20,QoS_orig,Pearson Key,Stratified Expected Value,CER_5_15_0,CER_0_20_0,75,100,-0.000724584,6.59276e-06,0
penetrazione,n = 20,20,QoS_orig,Pearson Key,Adaptive Sampling Shapley,CER_10_10_0,CER_5_15_0,50,75,0.000149341,-0.00266703,0
penetrazione,n = 20,20,QoS_orig,Pearson Key,Tri-level EP,CER_10_10_0,CER_5_15_0,50,75,3.51874e-05,-0.000259145,0
penetrazione,n = 20,20,QoS_orig,Pearson Key,Tri-level EP,CER_5_15_0,CER_0_20_0,75,100,-0.000259145,0.000451511,0
penetrazione,n = 20,20,QoS_orig,Pearson-Sharing Rate,Similarity-Utilization,CER_10_10_0,CER_5_15_0,50,75,-0.000872679,0.000611639,0
penetrazione,n = 20,20,QoS_orig,Pearson-Sharing Rate,Similarity-Utilization,CER_5_15_0,CER_0_20_0,75,100,0.000611639,-0.00358032,0
penetrazione,n = 20,20,QoS_orig,Pearson-Sharing Rate,Marginal Contribution,CER_10_10_0,CER_5_15_0,50,75,0.000183092,-0.00108907,0
penetrazione,n = 20,20,QoS_orig,Pearson-Sharing Rate,Marginal Contribution,CER_5_15_0,CER_0_20_0,75,100,-0.00108907,0.000393451,0
penetrazione,n = 20,20,QoS_orig,Pearson-Sharing Rate,Stratified Expected Value,CER_10_10_0,CER_5_15_0,50,75,0.000140483,-0.000659297,0
penetrazione,n = 20,20,QoS_orig,Pearson-Sharing Rate,Stratified Expected Value,CER_5_15_0,CER_0_20_0,75,100,-0.000659297,4.62429e-05,0
penetrazione,n = 20,20,QoS_orig,Pearson-Sharing Rate,Adaptive Sampling Shapley,CER_10_10_0,CER_5_15_0,50,75,0.00014529,-0.00260174,0
penetrazione,n = 20,20,QoS_orig,Pearson-Sharing Rate,Tri-level EP,CER_10_10_0,CER_5_15_0,50,75,3.11363e-05,-0.000193858,0
penetrazione,n = 20,20,QoS_orig,Pearson-Sharing Rate,Tri-level EP,CER_5_15_0,CER_0_20_0,75,100,-0.000193858,0.000491161,0
penetrazione,n = 20,20,QoS_orig,Similarity-Utilization,Marginal Contribution,CER_10_10_0,CER_5_15_0,50,75,0.00105577,-0.0017007,0
penetrazione,n = 20,20,QoS_orig,Similarity-Utilization,Marginal Contribution,CER_5_15_0,CER_0_20_0,75,100,-0.0017007,0.00397377,0
penetrazione,n = 20,20,QoS_orig,Similarity-Utilization,Stratified Expected Value,CER_10_10_0,CER_5_15_0,50,75,0.00101316,-0.00127094,0
penetrazione,n = 20,20,QoS_orig,Similarity-Utilization,Stratified Expected Value,CER_5_15_0,CER_0_20_0,75,100,-0.00127094,0.00362657,0
penetrazione,n = 20,20,QoS_orig,Similarity-Utilization,Adaptive Sampling Shapley,CER_10_10_0,CER_5_15_0,50,75,0.00101797,-0.00321338,0
penetrazione,n = 20,20,QoS_orig,Similarity-Utilization,Adaptive Sampling Shapley,CER_5_15_0,CER_0_20_0,75,100,-0.00321338,0.00129671,0
penetrazione,n = 20,20,QoS_orig,Similarity-Utilization,Tri-level EP,CER_10_10_0,CER_5_15_0,50,75,0.000903815,-0.000805496,0
penetrazione,n = 20,20,QoS_orig,Similarity-Utilization,Tri-level EP,CER_5_15_0,CER_0_20_0,75,100,-0.000805496,0.00407148,0
penetrazione,n = 20,20,QoS_orig,Marginal Contribution,Stratified Expected Value,CER_10_10_0,CER_5_15_0,50,75,-4.26086e-05,0.000429769,0
penetrazione,n = 20,20,QoS_orig,Marginal Contribution,Stratified Expected Value,CER_5_15_0,CER_0_20_0,75,100,0.000429769,-0.000347208,0
penetrazione,n = 20,20,QoS_orig,Marginal Contribution,Adaptive Sampling Shapley,CER_15_5_0,CER_10_10_0,25,50,0.00129407,-3.78015e-05,0
penetrazione,n = 20,20,QoS_orig,Marginal Contribution,Tri-level EP,CER_10_10_0,CER_5_15_0,50,75,-0.000151955,0.000895208,0
penetrazione,n = 20,20,QoS_orig,Stratified Expected Value,Adaptive Sampling Shapley,CER_10_10_0,CER_5_15_0,50,75,4.8071e-06,-0.00194244,0
penetrazione,n = 20,20,QoS_orig,Stratified Expected Value,Tri-level EP,CER_10_10_0,CER_5_15_0,50,75,-0.000109347,0.000465439,0
penetrazione,n = 20,20,QoS_orig,Adaptive Sampling Shapley,Tri-level EP,CER_10_10_0,CER_5_15_0,50,75,-0.000114154,0.00240788,0
penetrazione,n = 20,20,QoS_new,Variance Least Core,Proportional to Consumption,CER_15_5_0,CER_10_10_0,25,50,0.000612608,-2.97704e-05,0
penetrazione,n = 20,20,QoS_new,Variance Least Core,Remuneration Model 1,CER_15_5_0,CER_10_10_0,25,50,0.000400973,-3.87761e-05,0
penetrazione,n = 20,20,QoS_new,Variance Least Core,Pearson Key,CER_10_10_0,CER_5_15_0,50,75,-6.71262e-05,8.8726e-06,0
penetrazione,n = 20,20,QoS_new,Variance Least Core,Pearson-Sharing Rate,CER_10_10_0,CER_5_15_0,50,75,-6.06849e-05,7.70397e-06,0
penetrazione,n = 20,20,QoS_new,Variance Least Core,Marginal Contribution,CER_15_5_0,CER_10_10_0,25,50,2.29196e-05,-6.88411e-06,0
penetrazione,n = 20,20,QoS_new,Variance Least Core,Stratified Expected Value,CER_10_10_0,CER_5_15_0,50,75,-3.90454e-05,1.11162e-06,0
penetrazione,n = 20,20,QoS_new,Variance Least Core,Adaptive Sampling Shapley,CER_15_5_0,CER_10_10_0,25,50,7.72344e-05,-4.75038e-05,0
penetrazione,n = 20,20,QoS_new,Variance Least Core,Tri-level EP,CER_15_5_0,CER_10_10_0,25,50,0.000221068,-1.9694e-05,0
penetrazione,n = 20,20,QoS_new,Variance Least Core,Tri-level EP,CER_10_10_0,CER_5_15_0,50,75,-1.9694e-05,8.537e-06,0
penetrazione,n = 20,20,QoS_new,Proportional to Consumption,Pearson Key,CER_10_10_0,CER_5_15_0,50,75,-3.73558e-05,0.000132012,0
penetrazione,n = 20,20,QoS_new,Proportional to Consumption,Pearson-Sharing Rate,CER_10_10_0,CER_5_15_0,50,75,-3.09145e-05,0.000130844,0
penetrazione,n = 20,20,QoS_new,Proportional to Consumption,Marginal Contribution,CER_15_5_0,CER_10_10_0,25,50,-0.000589688,2.28863e-05,0
penetrazione,n = 20,20,QoS_new,Proportional to Consumption,Stratified Expected Value,CER_10_10_0,CER_5_15_0,50,75,-9.27499e-06,0.000124252,0
penetrazione,n = 20,20,QoS_new,Proportional to Consumption,Adaptive Sampling Shapley,CER_10_10_0,CER_5_15_0,50,75,-1.77334e-05,7.55312e-05,0
penetrazione,n = 20,20,QoS_new,Proportional to Consumption,Tri-level EP,CER_15_5_0,CER_10_10_0,25,50,-0.00039154,1.00764e-05,0
penetrazione,n = 20,20,QoS_new,Remuneration Model 1,Pearson Key,CER_10_10_0,CER_5_15_0,50,75,-2.83501e-05,0.000296405,0
penetrazione,n = 20,20,QoS_new,Remuneration Model 1,Pearson-Sharing Rate,CER_10_10_0,CER_5_15_0,50,75,-2.19088e-05,0.000295236,0
penetrazione,n = 20,20,QoS_new,Remuneration Model 1,Similarity-Utilization,CER_10_10_0,CER_5_15_0,50,75,-0.000932548,9.69404e-05,0
penetrazione,n = 20,20,QoS_new,Remuneration Model 1,Marginal Contribution,CER_15_5_0,CER_10_10_0,25,50,-0.000378054,3.1892e-05,0
penetrazione,n = 20,20,QoS_new,Remuneration Model 1,Stratified Expected Value,CER_10_10_0,CER_5_15_0,50,75,-2.69316e-07,0.000288644,0
penetrazione,n = 20,20,QoS_new,Remuneration Model 1,Adaptive Sampling Shapley,CER_10_10_0,CER_5_15_0,50,75,-8.72775e-06,0.000239923,0
penetrazione,n = 20,20,QoS_new,Remuneration Model 1,Tri-level EP,CER_15_5_0,CER_10_10_0,25,50,-0.000179906,1.9082e-05,0
penetrazione,n = 20,20,QoS_new,Cascading Tree,Similarity-Utilization,CER_10_10_0,CER_5_15_0,50,75,-0.000358213,0.000401938,0
penetrazione,n = 20,20,QoS_new,Pearson Key,Pearson-Sharing Rate,CER_10_10_0,CER_5_15_0,50,75,6.44124e-06,-1.16863e-06,0
penetrazione,n = 20,20,QoS_new,Pearson Key,Marginal Contribution,CER_10_10_0,CER_5_15_0,50,75,6.0242e-05,-1.54985e-05,0
penetrazione,n = 20,20,QoS_new,Pearson Key,Stratified Expected Value,CER_15_5_0,CER_10_10_0,25,50,-0.000217495,2.80808e-05,0
penetrazione,n = 20,20,QoS_new,Pearson Key,Stratified Expected Value,CER_10_10_0,CER_5_15_0,50,75,2.80808e-05,-7.76098e-06,0
penetrazione,n = 20,20,QoS_new,Pearson Key,Adaptive Sampling Shapley,CER_10_10_0,CER_5_15_0,50,75,1.96223e-05,-5.64813e-05,0
penetrazione,n = 20,20,QoS_new,Pearson Key,Tri-level EP,CER_10_10_0,CER_5_15_0,50,75,4.74321e-05,-3.35599e-07,0
penetrazione,n = 20,20,QoS_new,Pearson-Sharing Rate,Marginal Contribution,CER_10_10_0,CER_5_15_0,50,75,5.38008e-05,-1.43299e-05,0
penetrazione,n = 20,20,QoS_new,Pearson-Sharing Rate,Stratified Expected Value,CER_15_5_0,CER_10_10_0,25,50,-0.000263399,2.16395e-05,0
penetrazione,n = 20,20,QoS_new,Pearson-Sharing Rate,Stratified Expected Value,CER_10_10_0,CER_5_15_0,50,75,2.16395e-05,-6.59235e-06,0
penetrazione,n = 20,20,QoS_new,Pearson-Sharing Rate,Adaptive Sampling Shapley,CER_10_10_0,CER_5_15_0,50,75,1.31811e-05,-5.53126e-05,0
penetrazione,n = 20,20,QoS_new,Marginal Contribution,Stratified Expected Value,CER_10_10_0,CER_5_15_0,50,75,-3.21613e-05,7.73754e-06,0
penetrazione,n = 20,20,QoS_new,Marginal Contribution,Adaptive Sampling Shapley,CER_15_5_0,CER_10_10_0,25,50,5.43147e-05,-4.06197e-05,0
penetrazione,n = 20,20,QoS_new,Marginal Contribution,Tri-level EP,CER_15_5_0,CER_10_10_0,25,50,0.000198148,-1.28099e-05,0
penetrazione,n = 20,20,QoS_new,Marginal Contribution,Tri-level EP,CER_10_10_0,CER_5_15_0,50,75,-1.28099e-05,1.51629e-05,0
penetrazione,n = 20,20,QoS_new,Stratified Expected Value,Adaptive Sampling Shapley,CER_15_5_0,CER_10_10_0,25,50,0.000346656,-8.45844e-06,0
penetrazione,n = 20,20,EI_orig,Variance Least Core,Proportional to Consumption,CER_10_10_0,CER_5_15_0,50,75,0.0256109,-0.0747752,0
penetrazione,n = 20,20,EI_orig,Variance Least Core,Cascading Tree,CER_15_5_0,CER_10_10_0,25,50,0.160115,-0.240584,0
penetrazione,n = 20,20,EI_orig,Variance Least Core,Weighted Solidarity,CER_15_5_0,CER_10_10_0,25,50,0.0222982,-0.203096,0
penetrazione,n = 20,20,EI_orig,Variance Least Core,Marginal Contribution,CER_15_5_0,CER_10_10_0,25,50,0.00874339,-0.00984696,0
penetrazione,n = 20,20,EI_orig,Variance Least Core,Stratified Expected Value,CER_15_5_0,CER_10_10_0,25,50,-0.0115957,0.00456103,0
penetrazione,n = 20,20,EI_orig,Variance Least Core,Stratified Expected Value,CER_5_15_0,CER_0_20_0,75,100,0.000996456,-0.0191237,0
penetrazione,n = 20,20,EI_orig,Variance Least Core,Adaptive Sampling Shapley,CER_15_5_0,CER_10_10_0,25,50,0.0731568,-0.0872425,0
penetrazione,n = 20,20,EI_orig,Proportional to Consumption,Similarity-Utilization,CER_15_5_0,CER_10_10_0,25,50,-0.013574,0.072676,0
penetrazione,n = 20,20,EI_orig,Proportional to Consumption,Marginal Contribution,CER_10_10_0,CER_5_15_0,50,75,-0.0354579,0.064234,0
penetrazione,n = 20,20,EI_orig,Proportional to Consumption,Marginal Contribution,CER_5_15_0,CER_0_20_0,75,100,0.064234,-0.00138236,0
penetrazione,n = 20,20,EI_orig,Proportional to Consumption,Stratified Expected Value,CER_10_10_0,CER_5_15_0,50,75,-0.0210499,0.0757716,0
penetrazione,n = 20,20,EI_orig,Proportional to Consumption,Stratified Expected Value,CER_5_15_0,CER_0_20_0,75,100,0.0757716,-0.00469106,0
penetrazione,n = 20,20,EI_orig,Proportional to Consumption,Adaptive Sampling Shapley,CER_10_10_0,CER_5_15_0,50,75,-0.112853,0.0100049,0
penetrazione,n = 20,20,EI_orig,Proportional to Consumption,Adaptive Sampling Shapley,CER_5_15_0,CER_0_20_0,75,100,0.0100049,-0.0327414,0
penetrazione,n = 20,20,EI_orig,Remuneration Model 1,Cascading Tree,CER_10_10_0,CER_5_15_0,50,75,0.0187697,-0.165563,0
penetrazione,n = 20,20,EI_orig,Remuneration Model 1,Weighted Solidarity,CER_10_10_0,CER_5_15_0,50,75,0.0562581,-0.035163,0
penetrazione,n = 20,20,EI_orig,Remuneration Model 1,Weighted Solidarity,CER_5_15_0,CER_0_20_0,75,100,-0.035163,0.0535383,0
penetrazione,n = 20,20,EI_orig,Cascading Tree,Weighted Solidarity,CER_15_5_0,CER_10_10_0,25,50,-0.137817,0.0374884,0
penetrazione,n = 20,20,EI_orig,Cascading Tree,Marginal Contribution,CER_15_5_0,CER_10_10_0,25,50,-0.151371,0.230737,0
penetrazione,n = 20,20,EI_orig,Cascading Tree,Stratified Expected Value,CER_15_5_0,CER_10_10_0,25,50,-0.171711,0.245145,0
penetrazione,n = 20,20,EI_orig,Cascading Tree,Adaptive Sampling Shapley,CER_15_5_0,CER_10_10_0,25,50,-0.0869581,0.153341,0
penetrazione,n = 20,20,EI_orig,Weighted Solidarity,Marginal Contribution,CER_15_5_0,CER_10_10_0,25,50,-0.0135548,0.193249,0
penetrazione,n = 20,20,EI_orig,Weighted Solidarity,Stratified Expected Value,CER_15_5_0,CER_10_10_0,25,50,-0.0338939,0.207657,0
penetrazione,n = 20,20,EI_orig,Pearson Key,Similarity-Utilization,CER_10_10_0,CER_5_15_0,50,75,-0.014763,0.0200239,0
penetrazione,n = 20,20,EI_orig,Pearson Key,Similarity-Utilization,CER_5_15_0,CER_0_20_0,75,100,0.0200239,-0.0197408,0
penetrazione,n = 20,20,EI_orig,Pearson Key,Tri-level EP,CER_15_5_0,CER_10_10_0,25,50,0.00632229,-0.00117668,0
penetrazione,n = 20,20,EI_orig,Pearson Key,Tri-level EP,CER_5_15_0,CER_0_20_0,75,100,-0.00538482,0.00754403,0
penetrazione,n = 20,20,EI_orig,Pearson-Sharing Rate,Similarity-Utilization,CER_10_10_0,CER_5_15_0,50,75,-0.013393,0.0216715,0
penetrazione,n = 20,20,EI_orig,Pearson-Sharing Rate,Similarity-Utilization,CER_5_15_0,CER_0_20_0,75,100,0.0216715,-0.0194609,0
penetrazione,n = 20,20,EI_orig,Pearson-Sharing Rate,Tri-level EP,CER_10_10_0,CER_5_15_0,50,75,0.000193309,-0.00373714,0
penetrazione,n = 20,20,EI_orig,Pearson-Sharing Rate,Tri-level EP,CER_5_15_0,CER_0_20_0,75,100,-0.00373714,0.00782401,0
penetrazione,n = 20,20,EI_orig,Similarity-Utilization,Tri-level EP,CER_10_10_0,CER_5_15_0,50,75,0.0135863,-0.0254087,0
penetrazione,n = 20,20,EI_orig,Similarity-Utilization,Tri-level EP,CER_5_15_0,CER_0_20_0,75,100,-0.0254087,0.0272849,0
penetrazione,n = 20,20,EI_orig,Marginal Contribution,Stratified Expected Value,CER_15_5_0,CER_10_10_0,25,50,-0.0203391,0.014408,0
penetrazione,n = 20,20,EI_orig,Marginal Contribution,Stratified Expected Value,CER_5_15_0,CER_0_20_0,75,100,0.0115377,-0.0033087,0
penetrazione,n = 20,20,EI_orig,Marginal Contribution,Adaptive Sampling Shapley,CER_15_5_0,CER_10_10_0,25,50,0.0644134,-0.0773956,0
penetrazione,n = 20,20,EI_orig,Stratified Expected Value,Adaptive Sampling Shapley,CER_15_5_0,CER_10_10_0,25,50,0.0847525,-0.0918036,0
penetrazione,n = 20,20,EI_new,Variance Least Core,Proportional to Consumption,CER_15_5_0,CER_10_10_0,25,50,0.0277737,-0.0414597,0
penetrazione,n = 20,20,EI_new,Variance Least Core,Pearson Key,CER_5_15_0,CER_0_20_0,75,100,0.0167322,-0.00178636,0
penetrazione,n = 20,20,EI_new,Variance Least Core,Pearson-Sharing Rate,CER_5_15_0,CER_0_20_0,75,100,0.0153611,-0.00197178,0
penetrazione,n = 20,20,EI_new,Equal Split,Cascading Tree,CER_5_15_0,CER_0_20_0,75,100,0.00791883,-0.024138,0
penetrazione,n = 20,20,EI_new,Proportional to Consumption,Remuneration Model 1,CER_15_5_0,CER_10_10_0,25,50,-0.0336383,0.00448817,0
penetrazione,n = 20,20,EI_new,Proportional to Consumption,Remuneration Model 1,CER_5_15_0,CER_0_20_0,75,100,0.00681316,-0.00864281,0
penetrazione,n = 20,20,EI_new,Proportional to Consumption,Similarity-Utilization,CER_15_5_0,CER_10_10_0,25,50,-0.0316882,0.013836,0
penetrazione,n = 20,20,EI_new,Proportional to Consumption,Marginal Contribution,CER_15_5_0,CER_10_10_0,25,50,-0.0287706,0.0412905,0
penetrazione,n = 20,20,EI_new,Proportional to Consumption,Stratified Expected Value,CER_15_5_0,CER_10_10_0,25,50,-0.0330569,0.0390252,0
penetrazione,n = 20,20,EI_new,Proportional to Consumption,Adaptive Sampling Shapley,CER_15_5_0,CER_10_10_0,25,50,-0.0354608,0.0179515,0
penetrazione,n = 20,20,EI_new,Remuneration Model 1,Adaptive Sampling Shapley,CER_15_5_0,CER_10_10_0,25,50,-0.0018225,0.0134633,0
penetrazione,n = 20,20,EI_new,Weighted Solidarity,Pearson Key,CER_15_5_0,CER_10_10_0,25,50,0.0415691,-0.0285936,0
penetrazione,n = 20,20,EI_new,Weighted Solidarity,Pearson-Sharing Rate,CER_15_5_0,CER_10_10_0,25,50,0.0363661,-0.0304827,0
penetrazione,n = 20,20,EI_new,Weighted Solidarity,Tri-level EP,CER_15_5_0,CER_10_10_0,25,50,0.0476993,-0.0196847,0
penetrazione,n = 20,20,EI_new,Weighted Solidarity,Tri-level EP,CER_5_15_0,CER_0_20_0,75,100,-0.010653,0.000696995,0
penetrazione,n = 20,20,EI_new,Similarity-Utilization,Marginal Contribution,CER_5_15_0,CER_0_20_0,75,100,0.00988981,-0.0107412,0
penetrazione,n = 20,20,EI_new,Similarity-Utilization,Stratified Expected Value,CER_15_5_0,CER_10_10_0,25,50,-0.0013687,0.0251892,0
penetrazione,n = 20,20,EI_new,Similarity-Utilization,Stratified Expected Value,CER_5_15_0,CER_0_20_0,75,100,0.00677393,-0.0122867,0
penetrazione,n = 20,20,EI_new,Similarity-Utilization,Adaptive Sampling Shapley,CER_15_5_0,CER_10_10_0,25,50,-0.00377258,0.00411552,0
penetrazione,n = 20,20,EI_new,Similarity-Utilization,Adaptive Sampling Shapley,CER_10_10_0,CER_5_15_0,50,75,0.00411552,-0.0312727,0
penetrazione,n = 20,20,Jain,Variance Least Core,Remuneration Model 1,CER_15_5_0,CER_10_10_0,25,50,-0.000393218,0.000279866,0
penetrazione,n = 20,20,Jain,Variance Least Core,Remuneration Model 1,CER_10_10_0,CER_5_15_0,50,75,0.000279866,-0.0121979,0
penetrazione,n = 20,20,Jain,Variance Least Core,Cascading Tree,CER_10_10_0,CER_5_15_0,50,75,6.38966e-05,-0.0245286,0
penetrazione,n = 20,20,Jain,Variance Least Core,Pearson Key,CER_10_10_0,CER_5_15_0,50,75,-0.000303532,0.000734118,0
penetrazione,n = 20,20,Jain,Variance Least Core,Pearson Key,CER_5_15_0,CER_0_20_0,75,100,0.000734118,-0.00199642,0
penetrazione,n = 20,20,Jain,Variance Least Core,Pearson-Sharing Rate,CER_10_10_0,CER_5_15_0,50,75,-0.000295337,0.000667289,0
penetrazione,n = 20,20,Jain,Variance Least Core,Pearson-Sharing Rate,CER_5_15_0,CER_0_20_0,75,100,0.000667289,-0.00204072,0
penetrazione,n = 20,20,Jain,Variance Least Core,Similarity-Utilization,CER_10_10_0,CER_5_15_0,50,75,-0.00152049,0.00113486,0
penetrazione,n = 20,20,Jain,Variance Least Core,Similarity-Utilization,CER_5_15_0,CER_0_20_0,75,100,0.00113486,-0.00608372,0
penetrazione,n = 20,20,Jain,Variance Least Core,Marginal Contribution,CER_10_10_0,CER_5_15_0,50,75,6.22208e-06,-0.000308969,0
penetrazione,n = 20,20,Jain,Variance Least Core,Stratified Expected Value,CER_10_10_0,CER_5_15_0,50,75,-5.99643e-05,0.000131522,0
penetrazione,n = 20,20,Jain,Variance Least Core,Stratified Expected Value,CER_5_15_0,CER_0_20_0,75,100,0.000131522,-0.0016902,0
penetrazione,n = 20,20,Jain,Variance Least Core,Adaptive Sampling Shapley,CER_15_5_0,CER_10_10_0,25,50,0.00147423,-6.39329e-06,0
penetrazione,n = 20,20,Jain,Variance Least Core,Tri-level EP,CER_10_10_0,CER_5_15_0,50,75,-0.00023131,0.000470849,0
penetrazione,n = 20,20,Jain,Variance Least Core,Tri-level EP,CER_5_15_0,CER_0_20_0,75,100,0.000470849,-0.0015186,0
penetrazione,n = 20,20,Jain,Equal Split,Proportional to Consumption,CER_15_5_0,CER_10_10_0,25,50,-0.00171095,0.000667118,0
penetrazione,n = 20,20,Jain,Equal Split,Cascading Tree,CER_10_10_0,CER_5_15_0,50,75,0.000956535,-0.00167968,0
penetrazione,n = 20,20,Jain,Equal Split,Cascading Tree,CER_5_15_0,CER_0_20_0,75,100,-0.00167968,0.00449748,0
penetrazione,n = 20,20,Jain,Equal Split,Weighted Solidarity,CER_5_15_0,CER_0_20_0,75,100,-0.00275193,0.0163487,0
penetrazione,n = 20,20,Jain,Equal Split,Pearson Key,CER_15_5_0,CER_10_10_0,25,50,-0.00278292,0.000589106,0
penetrazione,n = 20,20,Jain,Equal Split,Pearson-Sharing Rate,CER_15_5_0,CER_10_10_0,25,50,-0.00274447,0.000597302,0
penetrazione,n = 20,20,Jain,Equal Split,Similarity-Utilization,CER_10_10_0,CER_5_15_0,50,75,-0.000627849,0.0239838,0
penetrazione,n = 20,20,Jain,Equal Split,Tri-level EP,CER_15_5_0,CER_10_10_0,25,50,-0.00257021,0.000661328,0
penetrazione,n = 20,20,Jain,Proportional to Consumption,Remuneration Model 1,CER_10_10_0,CER_5_15_0,50,75,0.000505386,-0.00768485,0
penetrazione,n = 20,20,Jain,Proportional to Consumption,Cascading Tree,CER_10_10_0,CER_5_15_0,50,75,0.000289417,-0.0200156,0
penetrazione,n = 20,20,Jain,Proportional to Consumption,Weighted Solidarity,CER_15_5_0,CER_10_10_0,25,50,0.000995754,-0.00231882,0
penetrazione,n = 20,20,Jain,Proportional to Consumption,Pearson Key,CER_10_10_0,CER_5_15_0,50,75,-7.80116e-05,0.00524718,0
penetrazione,n = 20,20,Jain,Proportional to Consumption,Pearson-Sharing Rate,CER_10_10_0,CER_5_15_0,50,75,-6.98161e-05,0.00518035,0
penetrazione,n = 20,20,Jain,Proportional to Consumption,Similarity-Utilization,CER_10_10_0,CER_5_15_0,50,75,-0.00129497,0.00564793,0
penetrazione,n = 20,20,Jain,Proportional to Consumption,Tri-level EP,CER_10_10_0,CER_5_15_0,50,75,-5.78988e-06,0.00498391,0
penetrazione,n = 20,20,Jain,Remuneration Model 1,Cascading Tree,CER_15_5_0,CER_10_10_0,25,50,0.00329513,-0.000215969,0
penetrazione,n = 20,20,Jain,Remuneration Model 1,Pearson Key,CER_10_10_0,CER_5_15_0,50,75,-0.000583398,0.012932,0
penetrazione,n = 20,20,Jain,Remuneration Model 1,Pearson-Sharing Rate,CER_10_10_0,CER_5_15_0,50,75,-0.000575202,0.0128652,0
penetrazione,n = 20,20,Jain,Remuneration Model 1,Similarity-Utilization,CER_10_10_0,CER_5_15_0,50,75,-0.00180035,0.0133328,0
penetrazione,n = 20,20,Jain,Remuneration Model 1,Marginal Contribution,CER_15_5_0,CER_10_10_0,25,50,0.000579865,-0.000273644,0
penetrazione,n = 20,20,Jain,Remuneration Model 1,Marginal Contribution,CER_10_10_0,CER_5_15_0,50,75,-0.000273644,0.0118889,0
penetrazione,n = 20,20,Jain,Remuneration Model 1,Stratified Expected Value,CER_15_5_0,CER_10_10_0,25,50,4.60141e-05,-0.00033983,0
penetrazione,n = 20,20,Jain,Remuneration Model 1,Stratified Expected Value,CER_10_10_0,CER_5_15_0,50,75,-0.00033983,0.0123294,0
penetrazione,n = 20,20,Jain,Remuneration Model 1,Adaptive Sampling Shapley,CER_15_5_0,CER_10_10_0,25,50,0.00186745,-0.000286259,0
penetrazione,n = 20,20,Jain,Remuneration Model 1,Adaptive Sampling Shapley,CER_10_10_0,CER_5_15_0,50,75,-0.000286259,0.0103444,0
penetrazione,n = 20,20,Jain,Remuneration Model 1,Tri-level EP,CER_10_10_0,CER_5_15_0,50,75,-0.000511176,0.0126688,0
penetrazione,n = 20,20,Jain,Cascading Tree,Weighted Solidarity,CER_5_15_0,CER_0_20_0,75,100,-0.00107225,0.0118512,0
penetrazione,n = 20,20,Jain,Cascading Tree,Pearson Key,CER_10_10_0,CER_5_15_0,50,75,-0.000367429,0.0252627,0
penetrazione,n = 20,20,Jain,Cascading Tree,Pearson-Sharing Rate,CER_10_10_0,CER_5_15_0,50,75,-0.000359233,0.0251959,0
penetrazione,n = 20,20,Jain,Cascading Tree,Similarity-Utilization,CER_10_10_0,CER_5_15_0,50,75,-0.00158438,0.0256635,0
penetrazione,n = 20,20,Jain,Cascading Tree,Marginal Contribution,CER_10_10_0,CER_5_15_0,50,75,-5.76745e-05,0.0242197,0
penetrazione,n = 20,20,Jain,Cascading Tree,Stratified Expected Value,CER_10_10_0,CER_5_15_0,50,75,-0.000123861,0.0246601,0
penetrazione,n = 20,20,Jain,Cascading Tree,Adaptive Sampling Shapley,CER_10_10_0,CER_5_15_0,50,75,-7.02899e-05,0.0226751,0
penetrazione,n = 20,20,Jain,Cascading Tree,Tri-level EP,CER_10_10_0,CER_5_15_0,50,75,-0.000295207,0.0249995,0
penetrazione,n = 20,20,Jain,Weighted Solidarity,Pearson Key,CER_15_5_0,CER_10_10_0,25,50,-0.00206772,0.00224081,0
penetrazione,n = 20,20,Jain,Weighted Solidarity,Pearson-Sharing Rate,CER_15_5_0,CER_10_10_0,25,50,-0.00202927,0.002249,0
penetrazione,n = 20,20,Jain,Weighted Solidarity,Similarity-Utilization,CER_15_5_0,CER_10_10_0,25,50,-0.00297612,0.00102385,0
penetrazione,n = 20,20,Jain,Weighted Solidarity,Tri-level EP,CER_15_5_0,CER_10_10_0,25,50,-0.00185501,0.00231303,0
penetrazione,n = 20,20,Jain,Pearson Key,Pearson-Sharing Rate,CER_10_10_0,CER_5_15_0,50,75,8.19551e-06,-6.68284e-05,0
penetrazione,n = 20,20,Jain,Pearson Key,Similarity-Utilization,CER_10_10_0,CER_5_15_0,50,75,-0.00121696,0.000400746,0
penetrazione,n = 20,20,Jain,Pearson Key,Similarity-Utilization,CER_5_15_0,CER_0_20_0,75,100,0.000400746,-0.0040873,0
penetrazione,n = 20,20,Jain,Pearson Key,Marginal Contribution,CER_10_10_0,CER_5_15_0,50,75,0.000309754,-0.00104309,0
penetrazione,n = 20,20,Jain,Pearson Key,Marginal Contribution,CER_5_15_0,CER_0_20_0,75,100,-0.00104309,0.000670432,0
penetrazione,n = 20,20,Jain,Pearson Key,Stratified Expected Value,CER_10_10_0,CER_5_15_0,50,75,0.000243568,-0.000602596,0
penetrazione,n = 20,20,Jain,Pearson Key,Stratified Expected Value,CER_5_15_0,CER_0_20_0,75,100,-0.000602596,0.000306222,0
penetrazione,n = 20,20,Jain,Pearson Key,Adaptive Sampling Shapley,CER_10_10_0,CER_5_15_0,50,75,0.000297139,-0.00258768,0
penetrazione,n = 20,20,Jain,Pearson Key,Tri-level EP,CER_10_10_0,CER_5_15_0,50,75,7.22217e-05,-0.000263269,0
penetrazione,n = 20,20,Jain,Pearson Key,Tri-level EP,CER_5_15_0,CER_0_20_0,75,100,-0.000263269,0.000477817,0
penetrazione,n = 20,20,Jain,Pearson-Sharing Rate,Similarity-Utilization,CER_10_10_0,CER_5_15_0,50,75,-0.00122515,0.000467575,0
penetrazione,n = 20,20,Jain,Pearson-Sharing Rate,Similarity-Utilization,CER_5_15_0,CER_0_20_0,75,100,0.000467575,-0.00404299,0
penetrazione,n = 20,20,Jain,Pearson-Sharing Rate,Marginal Contribution,CER_10_10_0,CER_5_15_0,50,75,0.000301559,-0.000976258,0
penetrazione,n = 20,20,Jain,Pearson-Sharing Rate,Marginal Contribution,CER_5_15_0,CER_0_20_0,75,100,-0.000976258,0.000714737,0
penetrazione,n = 20,20,Jain,Pearson-Sharing Rate,Stratified Expected Value,CER_10_10_0,CER_5_15_0,50,75,0.000235372,-0.000535767,0
penetrazione,n = 20,20,Jain,Pearson-Sharing Rate,Stratified Expected Value,CER_5_15_0,CER_0_20_0,75,100,-0.000535767,0.000350528,0
penetrazione,n = 20,20,Jain,Pearson-Sharing Rate,Adaptive Sampling Shapley,CER_10_10_0,CER_5_15_0,50,75,0.000288943,-0.00252086,0
penetrazione,n = 20,20,Jain,Pearson-Sharing Rate,Tri-level EP,CER_10_10_0,CER_5_15_0,50,75,6.40262e-05,-0.00019644,0
penetrazione,n = 20,20,Jain,Pearson-Sharing Rate,Tri-level EP,CER_5_15_0,CER_0_20_0,75,100,-0.00019644,0.000522123,0
penetrazione,n = 20,20,Jain,Similarity-Utilization,Marginal Contribution,CER_10_10_0,CER_5_15_0,50,75,0.00152671,-0.00144383,0
penetrazione,n = 20,20,Jain,Similarity-Utilization,Marginal Contribution,CER_5_15_0,CER_0_20_0,75,100,-0.00144383,0.00475773,0
penetrazione,n = 20,20,Jain,Similarity-Utilization,Stratified Expected Value,CER_10_10_0,CER_5_15_0,50,75,0.00146052,-0.00100334,0
penetrazione,n = 20,20,Jain,Similarity-Utilization,Stratified Expected Value,CER_5_15_0,CER_0_20_0,75,100,-0.00100334,0.00439352,0
penetrazione,n = 20,20,Jain,Similarity-Utilization,Adaptive Sampling Shapley,CER_10_10_0,CER_5_15_0,50,75,0.00151409,-0.00298843,0
penetrazione,n = 20,20,Jain,Similarity-Utilization,Adaptive Sampling Shapley,CER_5_15_0,CER_0_20_0,75,100,-0.00298843,0.00187485,0
penetrazione,n = 20,20,Jain,Similarity-Utilization,Tri-level EP,CER_10_10_0,CER_5_15_0,50,75,0.00128918,-0.000664015,0
penetrazione,n = 20,20,Jain,Similarity-Utilization,Tri-level EP,CER_5_15_0,CER_0_20_0,75,100,-0.000664015,0.00456512,0
penetrazione,n = 20,20,Jain,Marginal Contribution,Stratified Expected Value,CER_10_10_0,CER_5_15_0,50,75,-6.61864e-05,0.000440491,0
penetrazione,n = 20,20,Jain,Marginal Contribution,Stratified Expected Value,CER_5_15_0,CER_0_20_0,75,100,0.000440491,-0.000364209,0
penetrazione,n = 20,20,Jain,Marginal Contribution,Adaptive Sampling Shapley,CER_15_5_0,CER_10_10_0,25,50,0.00128759,-1.26154e-05,0
penetrazione,n = 20,20,Jain,Marginal Contribution,Tri-level EP,CER_10_10_0,CER_5_15_0,50,75,-0.000237533,0.000779818,0
penetrazione,n = 20,20,Jain,Marginal Contribution,Tri-level EP,CER_5_15_0,CER_0_20_0,75,100,0.000779818,-0.000192615,0
penetrazione,n = 20,20,Jain,Stratified Expected Value,Adaptive Sampling Shapley,CER_10_10_0,CER_5_15_0,50,75,5.3571e-05,-0.00198509,0
penetrazione,n = 20,20,Jain,Stratified Expected Value,Tri-level EP,CER_10_10_0,CER_5_15_0,50,75,-0.000171346,0.000339327,0
penetrazione,n = 20,20,Jain,Adaptive Sampling Shapley,Tri-level EP,CER_10_10_0,CER_5_15_0,50,75,-0.000224917,0.00232442,0
penetrazione,n = 20,20,Gini,Variance Least Core,Proportional to Consumption,CER_10_10_0,CER_5_15_0,50,75,0.0256109,-0.0747752,0
penetrazione,n = 20,20,Gini,Variance Least Core,Cascading Tree,CER_15_5_0,CER_10_10_0,25,50,0.160115,-0.240584,0
penetrazione,n = 20,20,Gini,Variance Least Core,Weighted Solidarity,CER_15_5_0,CER_10_10_0,25,50,0.0222982,-0.203096,0
penetrazione,n = 20,20,Gini,Variance Least Core,Marginal Contribution,CER_15_5_0,CER_10_10_0,25,50,0.00874339,-0.00984696,0
penetrazione,n = 20,20,Gini,Variance Least Core,Stratified Expected Value,CER_15_5_0,CER_10_10_0,25,50,-0.0115957,0.00456103,0
penetrazione,n = 20,20,Gini,Variance Least Core,Stratified Expected Value,CER_5_15_0,CER_0_20_0,75,100,0.000996456,-0.0191237,0
penetrazione,n = 20,20,Gini,Variance Least Core,Adaptive Sampling Shapley,CER_15_5_0,CER_10_10_0,25,50,0.0731568,-0.0872425,0
penetrazione,n = 20,20,Gini,Proportional to Consumption,Similarity-Utilization,CER_15_5_0,CER_10_10_0,25,50,-0.013574,0.072676,0
penetrazione,n = 20,20,Gini,Proportional to Consumption,Marginal Contribution,CER_10_10_0,CER_5_15_0,50,75,-0.0354579,0.064234,0
penetrazione,n = 20,20,Gini,Proportional to Consumption,Marginal Contribution,CER_5_15_0,CER_0_20_0,75,100,0.064234,-0.00138236,0
penetrazione,n = 20,20,Gini,Proportional to Consumption,Stratified Expected Value,CER_10_10_0,CER_5_15_0,50,75,-0.0210499,0.0757716,0
penetrazione,n = 20,20,Gini,Proportional to Consumption,Stratified Expected Value,CER_5_15_0,CER_0_20_0,75,100,0.0757716,-0.00469106,0
penetrazione,n = 20,20,Gini,Proportional to Consumption,Adaptive Sampling Shapley,CER_10_10_0,CER_5_15_0,50,75,-0.112853,0.0100049,0
penetrazione,n = 20,20,Gini,Proportional to Consumption,Adaptive Sampling Shapley,CER_5_15_0,CER_0_20_0,75,100,0.0100049,-0.0327414,0
penetrazione,n = 20,20,Gini,Remuneration Model 1,Cascading Tree,CER_10_10_0,CER_5_15_0,50,75,0.0187697,-0.165563,0
penetrazione,n = 20,20,Gini,Remuneration Model 1,Weighted Solidarity,CER_10_10_0,CER_5_15_0,50,75,0.0562581,-0.035163,0
penetrazione,n = 20,20,Gini,Remuneration Model 1,Weighted Solidarity,CER_5_15_0,CER_0_20_0,75,100,-0.035163,0.0535383,0
penetrazione,n = 20,20,Gini,Cascading Tree,Weighted Solidarity,CER_15_5_0,CER_10_10_0,25,50,-0.137817,0.0374884,0
penetrazione,n = 20,20,Gini,Cascading Tree,Marginal Contribution,CER_15_5_0,CER_10_10_0,25,50,-0.151371,0.230737,0
penetrazione,n = 20,20,Gini,Cascading Tree,Stratified Expected Value,CER_15_5_0,CER_10_10_0,25,50,-0.171711,0.245145,0
penetrazione,n = 20,20,Gini,Cascading Tree,Adaptive Sampling Shapley,CER_15_5_0,CER_10_10_0,25,50,-0.0869581,0.153341,0
penetrazione,n = 20,20,Gini,Weighted Solidarity,Marginal Contribution,CER_15_5_0,CER_10_10_0,25,50,-0.0135548,0.193249,0
penetrazione,n = 20,20,Gini,Weighted Solidarity,Stratified Expected Value,CER_15_5_0,CER_10_10_0,25,50,-0.0338939,0.207657,0
penetrazione,n = 20,20,Gini,Pearson Key,Similarity-Utilization,CER_10_10_0,CER_5_15_0,50,75,-0.014763,0.0200239,0
penetrazione,n = 20,20,Gini,Pearson Key,Similarity-Utilization,CER_5_15_0,CER_0_20_0,75,100,0.0200239,-0.0197408,0
penetrazione,n = 20,20,Gini,Pearson Key,Tri-level EP,CER_15_5_0,CER_10_10_0,25,50,0.00632229,-0.00117668,0
penetrazione,n = 20,20,Gini,Pearson Key,Tri-level EP,CER_5_15_0,CER_0_20_0,75,100,-0.00538482,0.00754403,0
penetrazione,n = 20,20,Gini,Pearson-Sharing Rate,Similarity-Utilization,CER_10_10_0,CER_5_15_0,50,75,-0.013393,0.0216715,0
penetrazione,n = 20,20,Gini,Pearson-Sharing Rate,Similarity-Utilization,CER_5_15_0,CER_0_20_0,75,100,0.0216715,-0.0194609,0
penetrazione,n = 20,20,Gini,Pearson-Sharing Rate,Tri-level EP,CER_10_10_0,CER_5_15_0,50,75,0.000193309,-0.00373714,0
penetrazione,n = 20,20,Gini,Pearson-Sharing Rate,Tri-level EP,CER_5_15_0,CER_0_20_0,75,100,-0.00373714,0.00782401,0
penetrazione,n = 20,20,Gini,Similarity-Utilization,Tri-level EP,CER_10_10_0,CER_5_15_0,50,75,0.0135863,-0.0254087,0
penetrazione,n = 20,20,Gini,Similarity-Utilization,Tri-level EP,CER_5_15_0,CER_0_20_0,75,100,-0.0254087,0.0272849,0
penetrazione,n = 20,20,Gini,Marginal Contribution,Stratified Expected Value,CER_15_5_0,CER_10_10_0,25,50,-0.0203391,0.014408,0
penetrazione,n = 20,20,Gini,Marginal Contribution,Stratified Expected Value,CER_5_15_0,CER_0_20_0,75,100,0.0115377,-0.0033087,0
penetrazione,n = 20,20,Gini,Marginal Contribution,Adaptive Sampling Shapley,CER_15_5_0,CER_10_10_0,25,50,0.0644134,-0.0773956,0
penetrazione,n = 20,20,Gini,Stratified Expected Value,Adaptive Sampling Shapley,CER_15_5_0,CER_10_10_0,25,50,0.0847525,-0.0918036,0
penetrazione,n = 20,20,FairnessIndex,Variance Least Core,Stratified Expected Value,CER_5_15_0,CER_0_20_0,75,100,0.00561376,-0.0047823,0
penetrazione,n = 20,20,FairnessIndex,Equal Split,Proportional to Consumption,CER_15_5_0,CER_10_10_0,25,50,0.178215,-0.281664,0
penetrazione,n = 20,20,FairnessIndex,Equal Split,Pearson Key,CER_15_5_0,CER_10_10_0,25,50,0.2202,-0.213682,0
penetrazione,n = 20,20,FairnessIndex,Equal Split,Pearson-Sharing Rate,CER_15_5_0,CER_10_10_0,25,50,0.219164,-0.215661,0
penetrazione,n = 20,20,FairnessIndex,Equal Split,Similarity-Utilization,CER_15_5_0,CER_10_10_0,25,50,0.219218,-0.182681,0
penetrazione,n = 20,20,FairnessIndex,Equal Split,Adaptive Sampling Shapley,CER_15_5_0,CER_10_10_0,25,50,0.00142597,-0.265036,0
penetrazione,n = 20,20,FairnessIndex,Equal Split,Tri-level EP,CER_15_5_0,CER_10_10_0,25,50,0.21535,-0.222242,0
penetrazione,n = 20,20,FairnessIndex,Proportional to Consumption,Remuneration Model 1,CER_15_5_0,CER_10_10_0,25,50,-0.194813,0.187673,0
penetrazione,n = 20,20,FairnessIndex,Proportional to Consumption,Remuneration Model 1,CER_5_15_0,CER_0_20_0,75,100,0.232196,-0.0632893,0
penetrazione,n = 20,20,FairnessIndex,Proportional to Consumption,Cascading Tree,CER_15_5_0,CER_10_10_0,25,50,-0.0676412,0.412215,0
penetrazione,n = 20,20,FairnessIndex,Proportional to Consumption,Weighted Solidarity,CER_15_5_0,CER_10_10_0,25,50,-0.10117,0.325535,0
penetrazione,n = 20,20,FairnessIndex,Proportional to Consumption,Pearson Key,CER_10_10_0,CER_5_15_0,50,75,0.0679817,-0.0449853,0
penetrazione,n = 20,20,FairnessIndex,Proportional to Consumption,Pearson-Sharing Rate,CER_10_10_0,CER_5_15_0,50,75,0.0660031,-0.0462053,0
penetrazione,n = 20,20,FairnessIndex,Proportional to Consumption,Similarity-Utilization,CER_5_15_0,CER_0_20_0,75,100,0.0232275,-0.0603905,0
penetrazione,n = 20,20,FairnessIndex,Proportional to Consumption,Adaptive Sampling Shapley,CER_15_5_0,CER_10_10_0,25,50,-0.176789,0.0166278,0
penetrazione,n = 20,20,FairnessIndex,Proportional to Consumption,Adaptive Sampling Shapley,CER_10_10_0,CER_5_15_0,50,75,0.0166278,-0.0690781,0
penetrazione,n = 20,20,FairnessIndex,Proportional to Consumption,Tri-level EP,CER_10_10_0,CER_5_15_0,50,75,0.0594217,-0.0495284,0
penetrazione,n = 20,20,FairnessIndex,Remuneration Model 1,Pearson Key,CER_15_5_0,CER_10_10_0,25,50,0.236798,-0.119691,0
penetrazione,n = 20,20,FairnessIndex,Remuneration Model 1,Pearson Key,CER_5_15_0,CER_0_20_0,75,100,-0.277181,0.0013249,0
penetrazione,n = 20,20,FairnessIndex,Remuneration Model 1,Pearson-Sharing Rate,CER_15_5_0,CER_10_10_0,25,50,0.235763,-0.12167,0
penetrazione,n = 20,20,FairnessIndex,Remuneration Model 1,Pearson-Sharing Rate,CER_5_15_0,CER_0_20_0,75,100,-0.278401,0.00127189,0
penetrazione,n = 20,20,FairnessIndex,Remuneration Model 1,Similarity-Utilization,CER_15_5_0,CER_10_10_0,25,50,0.235816,-0.0886897,0
penetrazione,n = 20,20,FairnessIndex,Remuneration Model 1,Similarity-Utilization,CER_5_15_0,CER_0_20_0,75,100,-0.208968,0.0028988,0
penetrazione,n = 20,20,FairnessIndex,Remuneration Model 1,Adaptive Sampling Shapley,CER_15_5_0,CER_10_10_0,25,50,0.0180242,-0.171045,0
penetrazione,n = 20,20,FairnessIndex,Remuneration Model 1,Tri-level EP,CER_15_5_0,CER_10_10_0,25,50,0.231949,-0.128251,0
penetrazione,n = 20,20,FairnessIndex,Remuneration Model 1,Tri-level EP,CER_5_15_0,CER_0_20_0,75,100,-0.281724,0.00483358,0
penetrazione,n = 20,20,FairnessIndex,Cascading Tree,Weighted Solidarity,CER_5_15_0,CER_0_20_0,75,100,-0.0024652,0.0134678,0
penetrazione,n = 20,20,FairnessIndex,Cascading Tree,Pearson Key,CER_15_5_0,CER_10_10_0,25,50,0.109626,-0.344233,0
penetrazione,n = 20,20,FairnessIndex,Cascading Tree,Pearson-Sharing Rate,CER_15_5_0,CER_10_10_0,25,50,0.108591,-0.346212,0
penetrazione,n = 20,20,FairnessIndex,Cascading Tree,Similarity-Utilization,CER_15_5_0,CER_10_10_0,25,50,0.108644,-0.313232,0
penetrazione,n = 20,20,FairnessIndex,Cascading Tree,Tri-level EP,CER_15_5_0,CER_10_10_0,25,50,0.104777,-0.352793,0
penetrazione,n = 20,20,FairnessIndex,Weighted Solidarity,Pearson Key,CER_15_5_0,CER_10_10_0,25,50,0.143155,-0.257553,0
penetrazione,n = 20,20,FairnessIndex,Weighted Solidarity,Pearson-Sharing Rate,CER_15_5_0,CER_10_10_0,25,50,0.14212,-0.259532,0
penetrazione,n = 20,20,FairnessIndex,Weighted Solidarity,Similarity-Utilization,CER_15_5_0,CER_10_10_0,25,50,0.142173,-0.226552,0
penetrazione,n = 20,20,FairnessIndex,Weighted Solidarity,Tri-level EP,CER_15_5_0,CER_10_10_0,25,50,0.138306,-0.266113,0
penetrazione,n = 20,20,FairnessIndex,Pearson Key,Similarity-Utilization,CER_15_5_0,CER_10_10_0,25,50,-0.000981914,0.0310013,0
penetrazione,n = 20,20,FairnessIndex,Pearson Key,Tri-level EP,CER_5_15_0,CER_0_20_0,75,100,-0.00454314,0.00350868,0
penetrazione,n = 20,20,FairnessIndex,Pearson-Sharing Rate,Tri-level EP,CER_5_15_0,CER_0_20_0,75,100,-0.00332313,0.00356169,0
penetrazione,n = 20,20,FairnessIndex,Similarity-Utilization,Tri-level EP,CER_5_15_0,CER_0_20_0,75,100,-0.0727559,0.00193478,0
penetrazione,n = 20,20,Sigma,Variance Least Core,Stratified Expected Value,CER_5_15_0,CER_0_20_0,75,100,0.000762669,-0.000823935,0
penetrazione,n = 20,20,Sigma,Equal Split,Proportional to Consumption,CER_15_5_0,CER_10_10_0,25,50,0.0216707,-0.0282502,0
penetrazione,n = 20,20,Sigma,Equal Split,Cascading Tree,CER_5_15_0,CER_0_20_0,75,100,0.00448085,-0.00270813,0
penetrazione,n = 20,20,Sigma,Equal Split,Weighted Solidarity,CER_5_15_0,CER_0_20_0,75,100,0.00769435,-0.00554394,0
penetrazione,n = 20,20,Sigma,Equal Split,Pearson Key,CER_15_5_0,CER_10_10_0,25,50,0.0250973,-0.0226539,0
penetrazione,n = 20,20,Sigma,Equal Split,Pearson-Sharing Rate,CER_15_5_0,CER_10_10_0,25,50,0.0250076,-0.0228161,0
penetrazione,n = 20,20,Sigma,Equal Split,Similarity-Utilization,CER_15_5_0,CER_10_10_0,25,50,0.025353,-0.0172791,0
penetrazione,n = 20,20,Sigma,Equal Split,Tri-level EP,CER_15_5_0,CER_10_10_0,25,50,0.0249632,-0.0228916,0
penetrazione,n = 20,20,Sigma,Proportional to Consumption,Remuneration Model 1,CER_15_5_0,CER_10_10_0,25,50,-0.0229186,0.0173904,0
penetrazione,n = 20,20,Sigma,Proportional to Consumption,Remuneration Model 1,CER_5_15_0,CER_0_20_0,75,100,0.0285995,-0.000446343,0
penetrazione,n = 20,20,Sigma,Proportional to Consumption,Cascading Tree,CER_15_5_0,CER_10_10_0,25,50,-0.00879683,0.0408185,0
penetrazione,n = 20,20,Sigma,Proportional to Consumption,Weighted Solidarity,CER_15_5_0,CER_10_10_0,25,50,-0.0142769,0.0365135,0
penetrazione,n = 20,20,Sigma,Proportional to Consumption,Pearson Key,CER_10_10_0,CER_5_15_0,50,75,0.00559627,-0.00376965,0
penetrazione,n = 20,20,Sigma,Proportional to Consumption,Pearson-Sharing Rate,CER_10_10_0,CER_5_15_0,50,75,0.00543406,-0.00394875,0
penetrazione,n = 20,20,Sigma,Proportional to Consumption,Similarity-Utilization,CER_5_15_0,CER_0_20_0,75,100,0.00885027,-0.00439561,0
penetrazione,n = 20,20,Sigma,Proportional to Consumption,Tri-level EP,CER_10_10_0,CER_5_15_0,50,75,0.0053586,-0.00439721,0
penetrazione,n = 20,20,Sigma,Remuneration Model 1,Pearson Key,CER_15_5_0,CER_10_10_0,25,50,0.0263451,-0.0117941,0
penetrazione,n = 20,20,Sigma,Remuneration Model 1,Pearson-Sharing Rate,CER_15_5_0,CER_10_10_0,25,50,0.0262554,-0.0119564,0
penetrazione,n = 20,20,Sigma,Remuneration Model 1,Similarity-Utilization,CER_15_5_0,CER_10_10_0,25,50,0.0266008,-0.00641929,0
penetrazione,n = 20,20,Sigma,Remuneration Model 1,Adaptive Sampling Shapley,CER_15_5_0,CER_10_10_0,25,50,0.000741765,-0.0174444,0
penetrazione,n = 20,20,Sigma,Remuneration Model 1,Tri-level EP,CER_15_5_0,CER_10_10_0,25,50,0.026211,-0.0120318,0
penetrazione,n = 20,20,Sigma,Cascading Tree,Weighted Solidarity,CER_10_10_0,CER_5_15_0,50,75,-0.00430504,0.00321351,0
penetrazione,n = 20,20,Sigma,Cascading Tree,Weighted Solidarity,CER_5_15_0,CER_0_20_0,75,100,0.00321351,-0.00283581,0
penetrazione,n = 20,20,Sigma,Cascading Tree,Pearson Key,CER_15_5_0,CER_10_10_0,25,50,0.0122234,-0.0352222,0
penetrazione,n = 20,20,Sigma,Cascading Tree,Pearson-Sharing Rate,CER_15_5_0,CER_10_10_0,25,50,0.0121337,-0.0353844,0
penetrazione,n = 20,20,Sigma,Cascading Tree,Similarity-Utilization,CER_15_5_0,CER_10_10_0,25,50,0.0124791,-0.0298474,0
penetrazione,n = 20,20,Sigma,Cascading Tree,Tri-level EP,CER_15_5_0,CER_10_10_0,25,50,0.0120892,-0.0354599,0
penetrazione,n = 20,20,Sigma,Weighted Solidarity,Pearson Key,CER_15_5_0,CER_10_10_0,25,50,0.0177034,-0.0309172,0
penetrazione,n = 20,20,Sigma,Weighted Solidarity,Pearson-Sharing Rate,CER_15_5_0,CER_10_10_0,25,50,0.0176137,-0.0310794,0
penetrazione,n = 20,20,Sigma,Weighted Solidarity,Similarity-Utilization,CER_15_5_0,CER_10_10_0,25,50,0.0179591,-0.0255423,0
penetrazione,n = 20,20,Sigma,Weighted Solidarity,Tri-level EP,CER_15_5_0,CER_10_10_0,25,50,0.0175693,-0.0311549,0
penetrazione,n = 20,20,Sigma,Pearson Key,Tri-level EP,CER_5_15_0,CER_0_20_0,75,100,-0.000627552,0.00058452,0
penetrazione,n = 20,20,Sigma,Pearson-Sharing Rate,Tri-level EP,CER_5_15_0,CER_0_20_0,75,100,-0.000448456,0.000591039,0
penetrazione,n = 20,20,Sigma,Similarity-Utilization,Tri-level EP,CER_5_15_0,CER_0_20_0,75,100,-0.0132475,0.000239427,0
penetrazione,n = 20,20,ForzaIncentivante,Variance Least Core,Equal Split,CER_15_5_0,CER_10_10_0,25,50,-0.146662,0.728588,0
penetrazione,n = 20,20,ForzaIncentivante,Variance Least Core,Proportional to Consumption,CER_10_10_0,CER_5_15_0,50,75,-0.0266005,0.144355,0
penetrazione,n = 20,20,ForzaIncentivante,Variance Least Core,Remuneration Model 1,CER_15_5_0,CER_10_10_0,25,50,-0.189065,0.53223,0
penetrazione,n = 20,20,ForzaIncentivante,Variance Least Core,Weighted Solidarity,CER_15_5_0,CER_10_10_0,25,50,-0.118324,0.767389,0
penetrazione,n = 20,20,ForzaIncentivante,Variance Least Core,Stratified Expected Value,CER_5_15_0,CER_0_20_0,75,100,-0.00814482,0.0526272,0
penetrazione,n = 20,20,ForzaIncentivante,Equal Split,Cascading Tree,CER_5_15_0,CER_0_20_0,75,100,0.0657118,-0.00246684,0
penetrazione,n = 20,20,ForzaIncentivante,Equal Split,Weighted Solidarity,CER_5_15_0,CER_0_20_0,75,100,0.0549597,-0.0523537,0
penetrazione,n = 20,20,ForzaIncentivante,Equal Split,Marginal Contribution,CER_15_5_0,CER_10_10_0,25,50,0.201884,-0.707744,0
penetrazione,n = 20,20,ForzaIncentivante,Equal Split,Stratified Expected Value,CER_15_5_0,CER_10_10_0,25,50,0.0785846,-0.743201,0
penetrazione,n = 20,20,ForzaIncentivante,Equal Split,Adaptive Sampling Shapley,CER_15_5_0,CER_10_10_0,25,50,0.531643,-0.557738,0
penetrazione,n = 20,20,ForzaIncentivante,Proportional to Consumption,Marginal Contribution,CER_10_10_0,CER_5_15_0,50,75,0.0474448,-0.128484,0
penetrazione,n = 20,20,ForzaIncentivante,Proportional to Consumption,Stratified Expected Value,CER_10_10_0,CER_5_15_0,50,75,0.0119878,-0.1525,0
penetrazione,n = 20,20,ForzaIncentivante,Proportional to Consumption,Adaptive Sampling Shapley,CER_10_10_0,CER_5_15_0,50,75,0.197451,-0.0570641,0
penetrazione,n = 20,20,ForzaIncentivante,Proportional to Consumption,Adaptive Sampling Shapley,CER_5_15_0,CER_0_20_0,75,100,-0.0570641,0.0596367,0
penetrazione,n = 20,20,ForzaIncentivante,Remuneration Model 1,Marginal Contribution,CER_15_5_0,CER_10_10_0,25,50,0.244287,-0.511386,0
penetrazione,n = 20,20,ForzaIncentivante,Remuneration Model 1,Stratified Expected Value,CER_15_5_0,CER_10_10_0,25,50,0.120987,-0.546843,0
penetrazione,n = 20,20,ForzaIncentivante,Remuneration Model 1,Adaptive Sampling Shapley,CER_15_5_0,CER_10_10_0,25,50,0.574046,-0.36138,0
penetrazione,n = 20,20,ForzaIncentivante,Weighted Solidarity,Marginal Contribution,CER_15_5_0,CER_10_10_0,25,50,0.173546,-0.746544,0
penetrazione,n = 20,20,ForzaIncentivante,Weighted Solidarity,Stratified Expected Value,CER_15_5_0,CER_10_10_0,25,50,0.0502464,-0.782001,0
penetrazione,n = 20,20,ForzaIncentivante,Weighted Solidarity,Adaptive Sampling Shapley,CER_15_5_0,CER_10_10_0,25,50,0.503305,-0.596538,0
penetrazione,n = 20,20,ForzaIncentivante,Pearson Key,Similarity-Utilization,CER_5_15_0,CER_0_20_0,75,100,-0.077943,0.0752426,0
penetrazione,n = 20,20,ForzaIncentivante,Pearson Key,Tri-level EP,CER_5_15_0,CER_0_20_0,75,100,0.0140063,-0.0253319,0
penetrazione,n = 20,20,ForzaIncentivante,Pearson-Sharing Rate,Similarity-Utilization,CER_5_15_0,CER_0_20_0,75,100,-0.0812298,0.0746814,0
penetrazione,n = 20,20,ForzaIncentivante,Pearson-Sharing Rate,Tri-level EP,CER_5_15_0,CER_0_20_0,75,100,0.0107195,-0.025893,0
penetrazione,n = 20,20,ForzaIncentivante,Similarity-Utilization,Tri-level EP,CER_5_15_0,CER_0_20_0,75,100,0.0919493,-0.100574,0
penetrazione,n = 20,20,ForzaIncentivante,Marginal Contribution,Stratified Expected Value,CER_5_15_0,CER_0_20_0,75,100,-0.0240163,0.00928839,0
penetrazione,n = 20,20,AllineamentoVirtu,Variance Least Core,Equal Split,CER_15_5_0,CER_10_10_0,25,50,-0.458687,0.951035,0
penetrazione,n = 20,20,AllineamentoVirtu,Variance Least Core,Proportional to Consumption,CER_15_5_0,CER_10_10_0,25,50,-1.34608,0.0140408,0
penetrazione,n = 20,20,AllineamentoVirtu,Variance Least Core,Proportional to Consumption,CER_5_15_0,CER_0_20_0,75,100,0.01781,-0.0513774,0
penetrazione,n = 20,20,AllineamentoVirtu,Variance Least Core,Remuneration Model 1,CER_15_5_0,CER_10_10_0,25,50,-0.612899,0.18678,0
penetrazione,n = 20,20,AllineamentoVirtu,Variance Least Core,Weighted Solidarity,CER_15_5_0,CER_10_10_0,25,50,-0.387558,1.0573,0
penetrazione,n = 20,20,AllineamentoVirtu,Equal Split,Cascading Tree,CER_5_15_0,CER_0_20_0,75,100,0.675201,-0.0127954,0
penetrazione,n = 20,20,AllineamentoVirtu,Equal Split,Weighted Solidarity,CER_5_15_0,CER_0_20_0,75,100,0.216313,-0.0796852,0
penetrazione,n = 20,20,AllineamentoVirtu,Equal Split,Marginal Contribution,CER_15_5_0,CER_10_10_0,25,50,0.565372,-0.949139,0
penetrazione,n = 20,20,AllineamentoVirtu,Equal Split,Stratified Expected Value,CER_15_5_0,CER_10_10_0,25,50,0.281406,-0.955512,0
penetrazione,n = 20,20,AllineamentoVirtu,Equal Split,Adaptive Sampling Shapley,CER_15_5_0,CER_10_10_0,25,50,0.899741,-0.940065,0
penetrazione,n = 20,20,AllineamentoVirtu,Proportional to Consumption,Marginal Contribution,CER_15_5_0,CER_10_10_0,25,50,1.45276,-0.0121446,0
penetrazione,n = 20,20,AllineamentoVirtu,Proportional to Consumption,Marginal Contribution,CER_5_15_0,CER_0_20_0,75,100,-0.0172038,0.0527207,0
penetrazione,n = 20,20,AllineamentoVirtu,Proportional to Consumption,Stratified Expected Value,CER_15_5_0,CER_10_10_0,25,50,1.1688,-0.0185177,0
penetrazione,n = 20,20,AllineamentoVirtu,Proportional to Consumption,Stratified Expected Value,CER_5_15_0,CER_0_20_0,75,100,-0.019406,0.0461456,0
penetrazione,n = 20,20,AllineamentoVirtu,Proportional to Consumption,Adaptive Sampling Shapley,CER_15_5_0,CER_10_10_0,25,50,1.78713,-0.00307056,0
penetrazione,n = 20,20,AllineamentoVirtu,Proportional to Consumption,Adaptive Sampling Shapley,CER_5_15_0,CER_0_20_0,75,100,-0.0175236,0.0543373,0
penetrazione,n = 20,20,AllineamentoVirtu,Remuneration Model 1,Marginal Contribution,CER_15_5_0,CER_10_10_0,25,50,0.719585,-0.184884,0
penetrazione,n = 20,20,AllineamentoVirtu,Remuneration Model 1,Stratified Expected Value,CER_15_5_0,CER_10_10_0,25,50,0.435619,-0.191257,0
penetrazione,n = 20,20,AllineamentoVirtu,Remuneration Model 1,Adaptive Sampling Shapley,CER_15_5_0,CER_10_10_0,25,50,1.05395,-0.17581,0
penetrazione,n = 20,20,AllineamentoVirtu,Weighted Solidarity,Marginal Contribution,CER_15_5_0,CER_10_10_0,25,50,0.494244,-1.0554,0
penetrazione,n = 20,20,AllineamentoVirtu,Weighted Solidarity,Stratified Expected Value,CER_15_5_0,CER_10_10_0,25,50,0.210277,-1.06177,0
penetrazione,n = 20,20,AllineamentoVirtu,Weighted Solidarity,Adaptive Sampling Shapley,CER_15_5_0,CER_10_10_0,25,50,0.828612,-1.04633,0
penetrazione,n = 20,20,AllineamentoVirtu,Pearson Key,Pearson-Sharing Rate,CER_5_15_0,CER_0_20_0,75,100,0.000400733,-0.0008088,0
penetrazione,n = 20,20,AllineamentoVirtu,Pearson Key,Tri-level EP,CER_5_15_0,CER_0_20_0,75,100,0.00282916,-0.000448147,0
penetrazione,n = 20,20,AllineamentoVirtu,Marginal Contribution,Adaptive Sampling Shapley,CER_10_10_0,CER_5_15_0,50,75,0.00907399,-0.000319784,0
penetrazione,n = 20,20,AllineamentoVirtu,Marginal Contribution,Adaptive Sampling Shapley,CER_5_15_0,CER_0_20_0,75,100,-0.000319784,0.00161654,0
penetrazione,n = 20,20,AllineamentoVirtu,Stratified Expected Value,Tri-level EP,CER_10_10_0,CER_5_15_0,50,75,-0.00260499,0.000972754,0
penetrazione,n = 20,20,AllineamentoVirtu,Stratified Expected Value,Tri-level EP,CER_5_15_0,CER_0_20_0,75,100,0.000972754,-0.0915255,0
penetrazione,n = 20,20,ForzaIncentivante_lordo,Variance Least Core,Equal Split,CER_5_15_0,CER_0_20_0,75,100,0.688008,-3.5622,0
penetrazione,n = 20,20,ForzaIncentivante_lordo,Variance Least Core,Proportional to Consumption,CER_15_5_0,CER_10_10_0,25,50,-1.56508,0.595755,0
penetrazione,n = 20,20,ForzaIncentivante_lordo,Variance Least Core,Proportional to Consumption,CER_5_15_0,CER_0_20_0,75,100,0.462299,-0.293615,0
penetrazione,n = 20,20,ForzaIncentivante_lordo,Variance Least Core,Remuneration Model 1,CER_5_15_0,CER_0_20_0,75,100,1.56567,-1.18092,0
penetrazione,n = 20,20,ForzaIncentivante_lordo,Variance Least Core,Cascading Tree,CER_5_15_0,CER_0_20_0,75,100,2.08208,-2.16943,0
penetrazione,n = 20,20,ForzaIncentivante_lordo,Variance Least Core,Weighted Solidarity,CER_5_15_0,CER_0_20_0,75,100,1.51247,-3.10155,0
penetrazione,n = 20,20,ForzaIncentivante_lordo,Variance Least Core,Marginal Contribution,CER_5_15_0,CER_0_20_0,75,100,0.0546663,-0.172188,0
penetrazione,n = 20,20,ForzaIncentivante_lordo,Variance Least Core,Adaptive Sampling Shapley,CER_5_15_0,CER_0_20_0,75,100,0.0406738,-0.545062,0
penetrazione,n = 20,20,ForzaIncentivante_lordo,Variance Least Core,Tri-level EP,CER_5_15_0,CER_0_20_0,75,100,-0.367402,0.0752947,0
penetrazione,n = 20,20,ForzaIncentivante_lordo,Equal Split,Proportional to Consumption,CER_5_15_0,CER_0_20_0,75,100,-0.225709,3.26859,0
penetrazione,n = 20,20,ForzaIncentivante_lordo,Equal Split,Remuneration Model 1,CER_10_10_0,CER_5_15_0,50,75,-0.321621,0.877665,0
penetrazione,n = 20,20,ForzaIncentivante_lordo,Equal Split,Pearson Key,CER_5_15_0,CER_0_20_0,75,100,-1.23061,3.51363,0
penetrazione,n = 20,20,ForzaIncentivante_lordo,Equal Split,Pearson-Sharing Rate,CER_5_15_0,CER_0_20_0,75,100,-1.19752,3.49876,0
penetrazione,n = 20,20,ForzaIncentivante_lordo,Equal Split,Similarity-Utilization,CER_5_15_0,CER_0_20_0,75,100,-3.43251,1.78944,0
penetrazione,n = 20,20,ForzaIncentivante_lordo,Equal Split,Marginal Contribution,CER_5_15_0,CER_0_20_0,75,100,-0.633342,3.39001,0
penetrazione,n = 20,20,ForzaIncentivante_lordo,Equal Split,Stratified Expected Value,CER_5_15_0,CER_0_20_0,75,100,-0.819999,3.22093,0
penetrazione,n = 20,20,ForzaIncentivante_lordo,Equal Split,Adaptive Sampling Shapley,CER_15_5_0,CER_10_10_0,25,50,0.716742,-1.40113,0
penetrazione,n = 20,20,ForzaIncentivante_lordo,Equal Split,Adaptive Sampling Shapley,CER_5_15_0,CER_0_20_0,75,100,-0.647334,3.01714,0
penetrazione,n = 20,20,ForzaIncentivante_lordo,Equal Split,Tri-level EP,CER_5_15_0,CER_0_20_0,75,100,-1.05541,3.6375,0
penetrazione,n = 20,20,ForzaIncentivante_lordo,Proportional to Consumption,Remuneration Model 1,CER_5_15_0,CER_0_20_0,75,100,1.10337,-0.8873,0
penetrazione,n = 20,20,ForzaIncentivante_lordo,Proportional to Consumption,Cascading Tree,CER_5_15_0,CER_0_20_0,75,100,1.61978,-1.87581,0
penetrazione,n = 20,20,ForzaIncentivante_lordo,Proportional to Consumption,Weighted Solidarity,CER_5_15_0,CER_0_20_0,75,100,1.05017,-2.80793,0
penetrazione,n = 20,20,ForzaIncentivante_lordo,Proportional to Consumption,Pearson Key,CER_5_15_0,CER_0_20_0,75,100,-1.0049,0.245041,0
penetrazione,n = 20,20,ForzaIncentivante_lordo,Proportional to Consumption,Pearson-Sharing Rate,CER_5_15_0,CER_0_20_0,75,100,-0.971815,0.230172,0
penetrazione,n = 20,20,ForzaIncentivante_lordo,Proportional to Consumption,Marginal Contribution,CER_15_5_0,CER_10_10_0,25,50,1.79154,-0.526166,0
penetrazione,n = 20,20,ForzaIncentivante_lordo,Proportional to Consumption,Marginal Contribution,CER_5_15_0,CER_0_20_0,75,100,-0.407633,0.121427,0
penetrazione,n = 20,20,ForzaIncentivante_lordo,Proportional to Consumption,Stratified Expected Value,CER_15_5_0,CER_10_10_0,25,50,1.4175,-0.701138,0
penetrazione,n = 20,20,ForzaIncentivante_lordo,Proportional to Consumption,Adaptive Sampling Shapley,CER_15_5_0,CER_10_10_0,25,50,2.55299,-0.208678,0
penetrazione,n = 20,20,ForzaIncentivante_lordo,Proportional to Consumption,Tri-level EP,CER_5_15_0,CER_0_20_0,75,100,-0.829701,0.36891,0
penetrazione,n = 20,20,ForzaIncentivante_lordo,Remuneration Model 1,Cascading Tree,CER_5_15_0,CER_0_20_0,75,100,0.516407,-0.988513,0
penetrazione,n = 20,20,ForzaIncentivante_lordo,Remuneration Model 1,Weighted Solidarity,CER_10_10_0,CER_5_15_0,50,75,1.08192,-0.0532038,0
penetrazione,n = 20,20,ForzaIncentivante_lordo,Remuneration Model 1,Pearson Key,CER_5_15_0,CER_0_20_0,75,100,-2.10827,1.13234,0
penetrazione,n = 20,20,ForzaIncentivante_lordo,Remuneration Model 1,Pearson-Sharing Rate,CER_5_15_0,CER_0_20_0,75,100,-2.07519,1.11747,0
penetrazione,n = 20,20,ForzaIncentivante_lordo,Remuneration Model 1,Marginal Contribution,CER_15_5_0,CER_10_10_0,25,50,0.204244,-1.39699,0
penetrazione,n = 20,20,ForzaIncentivante_lordo,Remuneration Model 1,Marginal Contribution,CER_5_15_0,CER_0_20_0,75,100,-1.51101,1.00873,0
penetrazione,n = 20,20,ForzaIncentivante_lordo,Remuneration Model 1,Stratified Expected Value,CER_5_15_0,CER_0_20_0,75,100,-1.69766,0.839643,0
penetrazione,n = 20,20,ForzaIncentivante_lordo,Remuneration Model 1,Adaptive Sampling Shapley,CER_15_5_0,CER_10_10_0,25,50,0.965691,-1.0795,0
penetrazione,n = 20,20,ForzaIncentivante_lordo,Remuneration Model 1,Adaptive Sampling Shapley,CER_5_15_0,CER_0_20_0,75,100,-1.525,0.635853,0
penetrazione,n = 20,20,ForzaIncentivante_lordo,Remuneration Model 1,Tri-level EP,CER_5_15_0,CER_0_20_0,75,100,-1.93307,1.25621,0
penetrazione,n = 20,20,ForzaIncentivante_lordo,Cascading Tree,Pearson Key,CER_5_15_0,CER_0_20_0,75,100,-2.62468,2.12085,0
penetrazione,n = 20,20,ForzaIncentivante_lordo,Cascading Tree,Pearson-Sharing Rate,CER_5_15_0,CER_0_20_0,75,100,-2.5916,2.10598,0
penetrazione,n = 20,20,ForzaIncentivante_lordo,Cascading Tree,Similarity-Utilization,CER_5_15_0,CER_0_20_0,75,100,-4.82658,0.39667,0
penetrazione,n = 20,20,ForzaIncentivante_lordo,Cascading Tree,Marginal Contribution,CER_5_15_0,CER_0_20_0,75,100,-2.02741,1.99724,0
penetrazione,n = 20,20,ForzaIncentivante_lordo,Cascading Tree,Stratified Expected Value,CER_5_15_0,CER_0_20_0,75,100,-2.21407,1.82816,0
penetrazione,n = 20,20,ForzaIncentivante_lordo,Cascading Tree,Adaptive Sampling Shapley,CER_5_15_0,CER_0_20_0,75,100,-2.04141,1.62437,0
penetrazione,n = 20,20,ForzaIncentivante_lordo,Cascading Tree,Tri-level EP,CER_5_15_0,CER_0_20_0,75,100,-2.44948,2.24472,0
penetrazione,n = 20,20,ForzaIncentivante_lordo,Weighted Solidarity,Pearson Key,CER_5_15_0,CER_0_20_0,75,100,-2.05507,3.05297,0
penetrazione,n = 20,20,ForzaIncentivante_lordo,Weighted Solidarity,Pearson-Sharing Rate,CER_5_15_0,CER_0_20_0,75,100,-2.02198,3.03811,0
penetrazione,n = 20,20,ForzaIncentivante_lordo,Weighted Solidarity,Similarity-Utilization,CER_5_15_0,CER_0_20_0,75,100,-4.25697,1.32879,0
penetrazione,n = 20,20,ForzaIncentivante_lordo,Weighted Solidarity,Marginal Contribution,CER_5_15_0,CER_0_20_0,75,100,-1.4578,2.92936,0
penetrazione,n = 20,20,ForzaIncentivante_lordo,Weighted Solidarity,Stratified Expected Value,CER_5_15_0,CER_0_20_0,75,100,-1.64446,2.76028,0
penetrazione,n = 20,20,ForzaIncentivante_lordo,Weighted Solidarity,Adaptive Sampling Shapley,CER_15_5_0,CER_10_10_0,25,50,0.369923,-2.16142,0
penetrazione,n = 20,20,ForzaIncentivante_lordo,Weighted Solidarity,Adaptive Sampling Shapley,CER_5_15_0,CER_0_20_0,75,100,-1.4718,2.55649,0
penetrazione,n = 20,20,ForzaIncentivante_lordo,Weighted Solidarity,Tri-level EP,CER_5_15_0,CER_0_20_0,75,100,-1.87987,3.17684,0
penetrazione,n = 20,20,ForzaIncentivante_lordo,Pearson Key,Pearson-Sharing Rate,CER_5_15_0,CER_0_20_0,75,100,0.0330844,-0.0148686,0
penetrazione,n = 20,20,ForzaIncentivante_lordo,Pearson Key,Marginal Contribution,CER_5_15_0,CER_0_20_0,75,100,0.597267,-0.123614,0
penetrazione,n = 20,20,ForzaIncentivante_lordo,Pearson Key,Stratified Expected Value,CER_5_15_0,CER_0_20_0,75,100,0.410609,-0.292698,0
penetrazione,n = 20,20,ForzaIncentivante_lordo,Pearson Key,Adaptive Sampling Shapley,CER_5_15_0,CER_0_20_0,75,100,0.583274,-0.496487,0
penetrazione,n = 20,20,ForzaIncentivante_lordo,Pearson-Sharing Rate,Marginal Contribution,CER_5_15_0,CER_0_20_0,75,100,0.564182,-0.108745,0
penetrazione,n = 20,20,ForzaIncentivante_lordo,Pearson-Sharing Rate,Stratified Expected Value,CER_5_15_0,CER_0_20_0,75,100,0.377524,-0.277829,0
penetrazione,n = 20,20,ForzaIncentivante_lordo,Pearson-Sharing Rate,Adaptive Sampling Shapley,CER_5_15_0,CER_0_20_0,75,100,0.55019,-0.481619,0
penetrazione,n = 20,20,ForzaIncentivante_lordo,Marginal Contribution,Adaptive Sampling Shapley,CER_10_10_0,CER_5_15_0,50,75,0.317488,-0.0139925,0
penetrazione,n = 20,20,ForzaIncentivante_lordo,Marginal Contribution,Tri-level EP,CER_5_15_0,CER_0_20_0,75,100,-0.422068,0.247483,0
penetrazione,n = 20,20,ForzaIncentivante_lordo,Stratified Expected Value,Adaptive Sampling Shapley,CER_5_15_0,CER_0_20_0,75,100,0.172665,-0.20379,0
penetrazione,n = 20,20,ForzaIncentivante_lordo,Stratified Expected Value,Tri-level EP,CER_5_15_0,CER_0_20_0,75,100,-0.235411,0.416567,0
penetrazione,n = 20,20,ForzaIncentivante_lordo,Adaptive Sampling Shapley,Tri-level EP,CER_5_15_0,CER_0_20_0,75,100,-0.408076,0.620357,0
penetrazione,n = 20,20,AllineamentoVirtu_lordo,Variance Least Core,Equal Split,CER_5_15_0,CER_0_20_0,75,100,0.0331089,-0.328495,0
penetrazione,n = 20,20,AllineamentoVirtu_lordo,Variance Least Core,Proportional to Consumption,CER_15_5_0,CER_10_10_0,25,50,-0.135746,0.0565421,0
penetrazione,n = 20,20,AllineamentoVirtu_lordo,Variance Least Core,Remuneration Model 1,CER_15_5_0,CER_10_10_0,25,50,-0.00677945,0.0716079,0
penetrazione,n = 20,20,AllineamentoVirtu_lordo,Variance Least Core,Weighted Solidarity,CER_5_15_0,CER_0_20_0,75,100,0.166762,-0.250949,0
penetrazione,n = 20,20,AllineamentoVirtu_lordo,Variance Least Core,Pearson Key,CER_15_5_0,CER_10_10_0,25,50,-0.221497,0.00575918,0
penetrazione,n = 20,20,AllineamentoVirtu_lordo,Variance Least Core,Pearson Key,CER_10_10_0,CER_5_15_0,50,75,0.00575918,-0.0204367,0
penetrazione,n = 20,20,AllineamentoVirtu_lordo,Variance Least Core,Pearson-Sharing Rate,CER_15_5_0,CER_10_10_0,25,50,-0.219149,0.00742539,0
penetrazione,n = 20,20,AllineamentoVirtu_lordo,Variance Least Core,Pearson-Sharing Rate,CER_10_10_0,CER_5_15_0,50,75,0.00742539,-0.019162,0
penetrazione,n = 20,20,AllineamentoVirtu_lordo,Variance Least Core,Adaptive Sampling Shapley,CER_15_5_0,CER_10_10_0,25,50,0.243798,-0.00181466,0
penetrazione,n = 20,20,AllineamentoVirtu_lordo,Variance Least Core,Adaptive Sampling Shapley,CER_5_15_0,CER_0_20_0,75,100,-0.00168998,0.00670539,0
penetrazione,n = 20,20,AllineamentoVirtu_lordo,Variance Least Core,Tri-level EP,CER_15_5_0,CER_10_10_0,25,50,-0.208837,0.00878684,0
penetrazione,n = 20,20,AllineamentoVirtu_lordo,Variance Least Core,Tri-level EP,CER_10_10_0,CER_5_15_0,50,75,0.00878684,-0.0133864,0
penetrazione,n = 20,20,AllineamentoVirtu_lordo,Equal Split,Proportional to Consumption,CER_5_15_0,CER_0_20_0,75,100,-0.0129049,0.360388,0
penetrazione,n = 20,20,AllineamentoVirtu_lordo,Equal Split,Remuneration Model 1,CER_10_10_0,CER_5_15_0,50,75,-0.0828172,0.113832,0
penetrazione,n = 20,20,AllineamentoVirtu_lordo,Equal Split,Pearson Key,CER_5_15_0,CER_0_20_0,75,100,-0.0535456,0.280191,0
penetrazione,n = 20,20,AllineamentoVirtu_lordo,Equal Split,Pearson-Sharing Rate,CER_5_15_0,CER_0_20_0,75,100,-0.052271,0.279442,0
penetrazione,n = 20,20,AllineamentoVirtu_lordo,Equal Split,Similarity-Utilization,CER_5_15_0,CER_0_20_0,75,100,-0.141349,0.174606,0
penetrazione,n = 20,20,AllineamentoVirtu_lordo,Equal Split,Marginal Contribution,CER_5_15_0,CER_0_20_0,75,100,-0.0310525,0.329537,0
penetrazione,n = 20,20,AllineamentoVirtu_lordo,Equal Split,Stratified Expected Value,CER_5_15_0,CER_0_20_0,75,100,-0.0391419,0.319994,0
penetrazione,n = 20,20,AllineamentoVirtu_lordo,Equal Split,Adaptive Sampling Shapley,CER_15_5_0,CER_10_10_0,25,50,0.143481,-0.15624,0
penetrazione,n = 20,20,AllineamentoVirtu_lordo,Equal Split,Adaptive Sampling Shapley,CER_5_15_0,CER_0_20_0,75,100,-0.0347989,0.335201,0
penetrazione,n = 20,20,AllineamentoVirtu_lordo,Equal Split,Tri-level EP,CER_5_15_0,CER_0_20_0,75,100,-0.0464954,0.283556,0
penetrazione,n = 20,20,AllineamentoVirtu_lordo,Proportional to Consumption,Weighted Solidarity,CER_5_15_0,CER_0_20_0,75,100,0.146558,-0.282842,0
penetrazione,n = 20,20,AllineamentoVirtu_lordo,Proportional to Consumption,Marginal Contribution,CER_15_5_0,CER_10_10_0,25,50,0.221254,-0.054599,0
penetrazione,n = 20,20,AllineamentoVirtu_lordo,Proportional to Consumption,Stratified Expected Value,CER_15_5_0,CER_10_10_0,25,50,0.058692,-0.0631821,0
penetrazione,n = 20,20,AllineamentoVirtu_lordo,Proportional to Consumption,Adaptive Sampling Shapley,CER_15_5_0,CER_10_10_0,25,50,0.379544,-0.0583567,0
penetrazione,n = 20,20,AllineamentoVirtu_lordo,Remuneration Model 1,Weighted Solidarity,CER_5_15_0,CER_0_20_0,75,100,0.0198212,-0.401458,0
penetrazione,n = 20,20,AllineamentoVirtu_lordo,Remuneration Model 1,Marginal Contribution,CER_15_5_0,CER_10_10_0,25,50,0.0922871,-0.0696648,0
penetrazione,n = 20,20,AllineamentoVirtu_lordo,Remuneration Model 1,Adaptive Sampling Shapley,CER_15_5_0,CER_10_10_0,25,50,0.250577,-0.0734225,0
penetrazione,n = 20,20,AllineamentoVirtu_lordo,Weighted Solidarity,Pearson Key,CER_5_15_0,CER_0_20_0,75,100,-0.187199,0.202645,0
penetrazione,n = 20,20,AllineamentoVirtu_lordo,Weighted Solidarity,Pearson-Sharing Rate,CER_5_15_0,CER_0_20_0,75,100,-0.185925,0.201896,0
penetrazione,n = 20,20,AllineamentoVirtu_lordo,Weighted Solidarity,Similarity-Utilization,CER_5_15_0,CER_0_20_0,75,100,-0.275002,0.0970598,0
penetrazione,n = 20,20,AllineamentoVirtu_lordo,Weighted Solidarity,Marginal Contribution,CER_5_15_0,CER_0_20_0,75,100,-0.164706,0.251991,0
penetrazione,n = 20,20,AllineamentoVirtu_lordo,Weighted Solidarity,Stratified Expected Value,CER_5_15_0,CER_0_20_0,75,100,-0.172795,0.242448,0
penetrazione,n = 20,20,AllineamentoVirtu_lordo,Weighted Solidarity,Adaptive Sampling Shapley,CER_15_5_0,CER_10_10_0,25,50,0.0405112,-0.293995,0
penetrazione,n = 20,20,AllineamentoVirtu_lordo,Weighted Solidarity,Adaptive Sampling Shapley,CER_5_15_0,CER_0_20_0,75,100,-0.168452,0.257655,0
penetrazione,n = 20,20,AllineamentoVirtu_lordo,Weighted Solidarity,Tri-level EP,CER_5_15_0,CER_0_20_0,75,100,-0.180149,0.20601,0
penetrazione,n = 20,20,AllineamentoVirtu_lordo,Pearson Key,Pearson-Sharing Rate,CER_5_15_0,CER_0_20_0,75,100,0.00127466,-0.000748772,0
penetrazione,n = 20,20,AllineamentoVirtu_lordo,Pearson Key,Marginal Contribution,CER_15_5_0,CER_10_10_0,25,50,0.307004,-0.00381608,0
penetrazione,n = 20,20,AllineamentoVirtu_lordo,Pearson Key,Marginal Contribution,CER_10_10_0,CER_5_15_0,50,75,-0.00381608,0.0224932,0
penetrazione,n = 20,20,AllineamentoVirtu_lordo,Pearson Key,Stratified Expected Value,CER_15_5_0,CER_10_10_0,25,50,0.144442,-0.0123992,0
penetrazione,n = 20,20,AllineamentoVirtu_lordo,Pearson Key,Stratified Expected Value,CER_10_10_0,CER_5_15_0,50,75,-0.0123992,0.0144037,0
penetrazione,n = 20,20,AllineamentoVirtu_lordo,Pearson Key,Adaptive Sampling Shapley,CER_15_5_0,CER_10_10_0,25,50,0.465295,-0.00757384,0
penetrazione,n = 20,20,AllineamentoVirtu_lordo,Pearson Key,Adaptive Sampling Shapley,CER_10_10_0,CER_5_15_0,50,75,-0.00757384,0.0187467,0
penetrazione,n = 20,20,AllineamentoVirtu_lordo,Pearson-Sharing Rate,Marginal Contribution,CER_15_5_0,CER_10_10_0,25,50,0.304656,-0.00548229,0
penetrazione,n = 20,20,AllineamentoVirtu_lordo,Pearson-Sharing Rate,Marginal Contribution,CER_10_10_0,CER_5_15_0,50,75,-0.00548229,0.0212185,0
penetrazione,n = 20,20,AllineamentoVirtu_lordo,Pearson-Sharing Rate,Stratified Expected Value,CER_15_5_0,CER_10_10_0,25,50,0.142094,-0.0140654,0
penetrazione,n = 20,20,AllineamentoVirtu_lordo,Pearson-Sharing Rate,Stratified Expected Value,CER_10_10_0,CER_5_15_0,50,75,-0.0140654,0.0131291,0
penetrazione,n = 20,20,AllineamentoVirtu_lordo,Pearson-Sharing Rate,Adaptive Sampling Shapley,CER_15_5_0,CER_10_10_0,25,50,0.462947,-0.00924004,0
penetrazione,n = 20,20,AllineamentoVirtu_lordo,Pearson-Sharing Rate,Adaptive Sampling Shapley,CER_10_10_0,CER_5_15_0,50,75,-0.00924004,0.017472,0
penetrazione,n = 20,20,AllineamentoVirtu_lordo,Marginal Contribution,Adaptive Sampling Shapley,CER_15_5_0,CER_10_10_0,25,50,0.15829,-0.00375776,0
penetrazione,n = 20,20,AllineamentoVirtu_lordo,Marginal Contribution,Adaptive Sampling Shapley,CER_5_15_0,CER_0_20_0,75,100,-0.00374646,0.00566396,0
penetrazione,n = 20,20,AllineamentoVirtu_lordo,Marginal Contribution,Tri-level EP,CER_15_5_0,CER_10_10_0,25,50,-0.294345,0.00684374,0
penetrazione,n = 20,20,AllineamentoVirtu_lordo,Marginal Contribution,Tri-level EP,CER_10_10_0,CER_5_15_0,50,75,0.00684374,-0.0154429,0
penetrazione,n = 20,20,AllineamentoVirtu_lordo,Stratified Expected Value,Tri-level EP,CER_15_5_0,CER_10_10_0,25,50,-0.131783,0.0154268,0
penetrazione,n = 20,20,AllineamentoVirtu_lordo,Stratified Expected Value,Tri-level EP,CER_10_10_0,CER_5_15_0,50,75,0.0154268,-0.0073535,0
penetrazione,n = 20,20,AllineamentoVirtu_lordo,Adaptive Sampling Shapley,Tri-level EP,CER_15_5_0,CER_10_10_0,25,50,-0.452635,0.0106015,0
penetrazione,n = 20,20,AllineamentoVirtu_lordo,Adaptive Sampling Shapley,Tri-level EP,CER_10_10_0,CER_5_15_0,50,75,0.0106015,-0.0116965,0
penetrazione,n = 25,25,MinMax_con,Variance Least Core,Proportional to Consumption,CER_18_7_0,CER_12_13_0,28,52,0.00294915,-0.000560148,0
penetrazione,n = 25,25,MinMax_con,Variance Least Core,Remuneration Model 1,CER_18_7_0,CER_12_13_0,28,52,0.0026388,-0.00170841,0
penetrazione,n = 25,25,MinMax_con,Variance Least Core,Marginal Contribution,CER_18_7_0,CER_12_13_0,28,52,0.000572994,-9.5814e-05,0
penetrazione,n = 25,25,MinMax_con,Variance Least Core,Tri-level EP,CER_18_7_0,CER_12_13_0,28,52,0.00152389,-0.00020521,0
penetrazione,n = 25,25,MinMax_con,Proportional to Consumption,Pearson Key,CER_12_13_0,CER_6_19_0,52,76,-0.000107768,0.00108617,0
penetrazione,n = 25,25,MinMax_con,Proportional to Consumption,Pearson-Sharing Rate,CER_12_13_0,CER_6_19_0,52,76,-1.48004e-05,0.00112713,0
penetrazione,n = 25,25,MinMax_con,Proportional to Consumption,Marginal Contribution,CER_18_7_0,CER_12_13_0,28,52,-0.00237616,0.000464334,0
penetrazione,n = 25,25,MinMax_con,Proportional to Consumption,Stratified Expected Value,CER_18_7_0,CER_12_13_0,28,52,-0.00456732,0.000141733,0
penetrazione,n = 25,25,MinMax_con,Proportional to Consumption,Adaptive Sampling Shapley,CER_12_13_0,CER_6_19_0,52,76,-0.000404656,0.00108761,0
penetrazione,n = 25,25,MinMax_con,Proportional to Consumption,Tri-level EP,CER_18_7_0,CER_12_13_0,28,52,-0.00142527,0.000354937,0
penetrazione,n = 25,25,MinMax_con,Remuneration Model 1,Pearson Key,CER_18_7_0,CER_12_13_0,28,52,-0.00358966,0.0010405,0
penetrazione,n = 25,25,MinMax_con,Remuneration Model 1,Pearson-Sharing Rate,CER_18_7_0,CER_12_13_0,28,52,-0.00316678,0.00113346,0
penetrazione,n = 25,25,MinMax_con,Remuneration Model 1,Marginal Contribution,CER_18_7_0,CER_12_13_0,28,52,-0.0020658,0.0016126,0
penetrazione,n = 25,25,MinMax_con,Remuneration Model 1,Stratified Expected Value,CER_18_7_0,CER_12_13_0,28,52,-0.00425697,0.00129,0
penetrazione,n = 25,25,MinMax_con,Remuneration Model 1,Adaptive Sampling Shapley,CER_18_7_0,CER_12_13_0,28,52,-0.00326987,0.000743608,0
penetrazione,n = 25,25,MinMax_con,Remuneration Model 1,Tri-level EP,CER_18_7_0,CER_12_13_0,28,52,-0.00111491,0.0015032,0
penetrazione,n = 25,25,MinMax_con,Cascading Tree,Similarity-Utilization,CER_18_7_0,CER_12_13_0,28,52,-0.00465069,0.00157494,0
penetrazione,n = 25,25,MinMax_con,Pearson Key,Stratified Expected Value,CER_18_7_0,CER_12_13_0,28,52,-0.000667303,0.000249501,0
penetrazione,n = 25,25,MinMax_con,Pearson Key,Adaptive Sampling Shapley,CER_18_7_0,CER_12_13_0,28,52,0.00031979,-0.000296888,0
penetrazione,n = 25,25,MinMax_con,Pearson Key,Adaptive Sampling Shapley,CER_12_13_0,CER_6_19_0,52,76,-0.000296888,1.4475e-06,0
penetrazione,n = 25,25,MinMax_con,Pearson-Sharing Rate,Stratified Expected Value,CER_18_7_0,CER_12_13_0,28,52,-0.00109019,0.000156533,0
penetrazione,n = 25,25,MinMax_con,Marginal Contribution,Tri-level EP,CER_18_7_0,CER_12_13_0,28,52,0.000950894,-0.000109396,0
penetrazione,n = 25,25,MinMax_con,Marginal Contribution,Tri-level EP,CER_12_13_0,CER_6_19_0,52,76,-0.000109396,3.5706e-05,0
penetrazione,n = 25,25,MinMax_con,Stratified Expected Value,Adaptive Sampling Shapley,CER_18_7_0,CER_12_13_0,28,52,0.000987093,-0.000546388,0
penetrazione,n = 25,25,QoS_orig,Variance Least Core,Remuneration Model 1,CER_18_7_0,CER_12_13_0,28,52,0.000770332,-0.000810397,0
penetrazione,n = 25,25,QoS_orig,Variance Least Core,Cascading Tree,CER_18_7_0,CER_12_13_0,28,52,0.00450647,-0.00219215,0
penetrazione,n = 25,25,QoS_orig,Variance Least Core,Pearson Key,CER_18_7_0,CER_12_13_0,28,52,-0.0036892,3.46596e-05,0
penetrazione,n = 25,25,QoS_orig,Variance Least Core,Pearson Key,CER_6_19_0,CER_0_25_0,76,100,0.00117882,-0.000440879,0
penetrazione,n = 25,25,QoS_orig,Variance Least Core,Pearson-Sharing Rate,CER_18_7_0,CER_12_13_0,28,52,-0.00365372,3.25763e-05,0
penetrazione,n = 25,25,QoS_orig,Variance Least Core,Pearson-Sharing Rate,CER_6_19_0,CER_0_25_0,76,100,0.00111947,-0.000449577,0
penetrazione,n = 25,25,QoS_orig,Variance Least Core,Similarity-Utilization,CER_12_13_0,CER_6_19_0,52,76,-0.000731038,0.00194103,0
penetrazione,n = 25,25,QoS_orig,Variance Least Core,Similarity-Utilization,CER_6_19_0,CER_0_25_0,76,100,0.00194103,-0.00290775,0
penetrazione,n = 25,25,QoS_orig,Variance Least Core,Marginal Contribution,CER_18_7_0,CER_12_13_0,28,52,0.00018356,-2.57207e-05,0
penetrazione,n = 25,25,QoS_orig,Variance Least Core,Stratified Expected Value,CER_12_13_0,CER_6_19_0,52,76,-4.3582e-06,0.000148759,0
penetrazione,n = 25,25,QoS_orig,Variance Least Core,Stratified Expected Value,CER_6_19_0,CER_0_25_0,76,100,0.000148759,-0.00132271,0
penetrazione,n = 25,25,QoS_orig,Variance Least Core,Adaptive Sampling Shapley,CER_18_7_0,CER_12_13_0,28,52,0.00157269,-0.000261952,0
penetrazione,n = 25,25,QoS_orig,Variance Least Core,Tri-level EP,CER_18_7_0,CER_12_13_0,28,52,-0.00341686,5.84473e-05,0
penetrazione,n = 25,25,QoS_orig,Equal Split,Proportional to Consumption,CER_18_7_0,CER_12_13_0,28,52,-0.00240857,0.00207498,0
penetrazione,n = 25,25,QoS_orig,Equal Split,Cascading Tree,CER_12_13_0,CER_6_19_0,52,76,0.000266909,-0.00216093,0
penetrazione,n = 25,25,QoS_orig,Equal Split,Cascading Tree,CER_6_19_0,CER_0_25_0,76,100,-0.00216093,0.00308415,0
penetrazione,n = 25,25,QoS_orig,Equal Split,Weighted Solidarity,CER_6_19_0,CER_0_25_0,76,100,-0.00139935,0.0133572,0
penetrazione,n = 25,25,QoS_orig,Equal Split,Pearson Key,CER_18_7_0,CER_12_13_0,28,52,-0.00358186,0.00249372,0
penetrazione,n = 25,25,QoS_orig,Equal Split,Pearson-Sharing Rate,CER_18_7_0,CER_12_13_0,28,52,-0.00354637,0.00249164,0
penetrazione,n = 25,25,QoS_orig,Equal Split,Similarity-Utilization,CER_18_7_0,CER_12_13_0,28,52,-0.0043026,0.00172802,0
penetrazione,n = 25,25,QoS_orig,Equal Split,Stratified Expected Value,CER_18_7_0,CER_12_13_0,28,52,-0.000200469,0.0024547,0
penetrazione,n = 25,25,QoS_orig,Equal Split,Tri-level EP,CER_18_7_0,CER_12_13_0,28,52,-0.00330951,0.00251751,0
penetrazione,n = 25,25,QoS_orig,Proportional to Consumption,Remuneration Model 1,CER_18_7_0,CER_12_13_0,28,52,0.00328625,-0.000426317,0
penetrazione,n = 25,25,QoS_orig,Proportional to Consumption,Cascading Tree,CER_18_7_0,CER_12_13_0,28,52,0.00702239,-0.00180807,0
penetrazione,n = 25,25,QoS_orig,Proportional to Consumption,Weighted Solidarity,CER_18_7_0,CER_12_13_0,28,52,0.00120753,-0.00278794,0
penetrazione,n = 25,25,QoS_orig,Proportional to Consumption,Pearson Key,CER_18_7_0,CER_12_13_0,28,52,-0.00117329,0.000418739,0
penetrazione,n = 25,25,QoS_orig,Proportional to Consumption,Pearson-Sharing Rate,CER_18_7_0,CER_12_13_0,28,52,-0.0011378,0.000416656,0
penetrazione,n = 25,25,QoS_orig,Proportional to Consumption,Similarity-Utilization,CER_12_13_0,CER_6_19_0,52,76,-0.000346958,0.00639421,0
penetrazione,n = 25,25,QoS_orig,Proportional to Consumption,Tri-level EP,CER_18_7_0,CER_12_13_0,28,52,-0.00090094,0.000442527,0
penetrazione,n = 25,25,QoS_orig,Remuneration Model 1,Cascading Tree,CER_18_7_0,CER_12_13_0,28,52,0.00373614,-0.00138176,0
penetrazione,n = 25,25,QoS_orig,Remuneration Model 1,Pearson Key,CER_18_7_0,CER_12_13_0,28,52,-0.00445954,0.000845056,0
penetrazione,n = 25,25,QoS_orig,Remuneration Model 1,Pearson-Sharing Rate,CER_18_7_0,CER_12_13_0,28,52,-0.00442405,0.000842973,0
penetrazione,n = 25,25,QoS_orig,Remuneration Model 1,Similarity-Utilization,CER_18_7_0,CER_12_13_0,28,52,-0.00518028,7.93586e-05,0
penetrazione,n = 25,25,QoS_orig,Remuneration Model 1,Marginal Contribution,CER_18_7_0,CER_12_13_0,28,52,-0.000586771,0.000784676,0
penetrazione,n = 25,25,QoS_orig,Remuneration Model 1,Stratified Expected Value,CER_18_7_0,CER_12_13_0,28,52,-0.00107815,0.000806038,0
penetrazione,n = 25,25,QoS_orig,Remuneration Model 1,Tri-level EP,CER_18_7_0,CER_12_13_0,28,52,-0.00418719,0.000868844,0
penetrazione,n = 25,25,QoS_orig,Cascading Tree,Weighted Solidarity,CER_12_13_0,CER_6_19_0,52,76,-0.000979868,0.000761582,0
penetrazione,n = 25,25,QoS_orig,Cascading Tree,Pearson Key,CER_18_7_0,CER_12_13_0,28,52,-0.00819568,0.00222681,0
penetrazione,n = 25,25,QoS_orig,Cascading Tree,Pearson-Sharing Rate,CER_18_7_0,CER_12_13_0,28,52,-0.00816019,0.00222473,0
penetrazione,n = 25,25,QoS_orig,Cascading Tree,Similarity-Utilization,CER_18_7_0,CER_12_13_0,28,52,-0.00891642,0.00146111,0
penetrazione,n = 25,25,QoS_orig,Cascading Tree,Marginal Contribution,CER_18_7_0,CER_12_13_0,28,52,-0.00432291,0.00216643,0
penetrazione,n = 25,25,QoS_orig,Cascading Tree,Stratified Expected Value,CER_18_7_0,CER_12_13_0,28,52,-0.00481429,0.00218779,0
penetrazione,n = 25,25,QoS_orig,Cascading Tree,Adaptive Sampling Shapley,CER_18_7_0,CER_12_13_0,28,52,-0.00293378,0.0019302,0
penetrazione,n = 25,25,QoS_orig,Cascading Tree,Tri-level EP,CER_18_7_0,CER_12_13_0,28,52,-0.00792333,0.0022506,0
penetrazione,n = 25,25,QoS_orig,Weighted Solidarity,Pearson Key,CER_18_7_0,CER_12_13_0,28,52,-0.00238081,0.00320668,0
penetrazione,n = 25,25,QoS_orig,Weighted Solidarity,Pearson-Sharing Rate,CER_18_7_0,CER_12_13_0,28,52,-0.00234533,0.0032046,0
penetrazione,n = 25,25,QoS_orig,Weighted Solidarity,Similarity-Utilization,CER_18_7_0,CER_12_13_0,28,52,-0.00310155,0.00244098,0
penetrazione,n = 25,25,QoS_orig,Weighted Solidarity,Tri-level EP,CER_18_7_0,CER_12_13_0,28,52,-0.00210847,0.00323047,0
penetrazione,n = 25,25,QoS_orig,Pearson Key,Pearson-Sharing Rate,CER_18_7_0,CER_12_13_0,28,52,3.54863e-05,-2.08325e-06,0
penetrazione,n = 25,25,QoS_orig,Pearson Key,Similarity-Utilization,CER_12_13_0,CER_6_19_0,52,76,-0.000765698,0.000762209,0
penetrazione,n = 25,25,QoS_orig,Pearson Key,Similarity-Utilization,CER_6_19_0,CER_0_25_0,76,100,0.000762209,-0.00246687,0
penetrazione,n = 25,25,QoS_orig,Pearson Key,Marginal Contribution,CER_18_7_0,CER_12_13_0,28,52,0.00387276,-6.03802e-05,0
penetrazione,n = 25,25,QoS_orig,Pearson Key,Stratified Expected Value,CER_18_7_0,CER_12_13_0,28,52,0.00338139,-3.90178e-05,0
penetrazione,n = 25,25,QoS_orig,Pearson Key,Adaptive Sampling Shapley,CER_18_7_0,CER_12_13_0,28,52,0.0052619,-0.000296612,0
penetrazione,n = 25,25,QoS_orig,Pearson Key,Tri-level EP,CER_12_13_0,CER_6_19_0,52,76,2.37877e-05,-0.000268109,0
penetrazione,n = 25,25,QoS_orig,Pearson Key,Tri-level EP,CER_6_19_0,CER_0_25_0,76,100,-0.000268109,0.000519853,0
penetrazione,n = 25,25,QoS_orig,Pearson-Sharing Rate,Similarity-Utilization,CER_12_13_0,CER_6_19_0,52,76,-0.000763614,0.000821563,0
penetrazione,n = 25,25,QoS_orig,Pearson-Sharing Rate,Similarity-Utilization,CER_6_19_0,CER_0_25_0,76,100,0.000821563,-0.00245817,0
penetrazione,n = 25,25,QoS_orig,Pearson-Sharing Rate,Marginal Contribution,CER_18_7_0,CER_12_13_0,28,52,0.00383728,-5.8297e-05,0
penetrazione,n = 25,25,QoS_orig,Pearson-Sharing Rate,Stratified Expected Value,CER_18_7_0,CER_12_13_0,28,52,0.0033459,-3.69345e-05,0
penetrazione,n = 25,25,QoS_orig,Pearson-Sharing Rate,Adaptive Sampling Shapley,CER_18_7_0,CER_12_13_0,28,52,0.00522641,-0.000294528,0
penetrazione,n = 25,25,QoS_orig,Pearson-Sharing Rate,Tri-level EP,CER_12_13_0,CER_6_19_0,52,76,2.5871e-05,-0.000208755,0
penetrazione,n = 25,25,QoS_orig,Pearson-Sharing Rate,Tri-level EP,CER_6_19_0,CER_0_25_0,76,100,-0.000208755,0.00052855,0
penetrazione,n = 25,25,QoS_orig,Similarity-Utilization,Marginal Contribution,CER_12_13_0,CER_6_19_0,52,76,0.000705317,-0.00224467,0
penetrazione,n = 25,25,QoS_orig,Similarity-Utilization,Marginal Contribution,CER_6_19_0,CER_0_25_0,76,100,-0.00224467,0.00183569,0
penetrazione,n = 25,25,QoS_orig,Similarity-Utilization,Stratified Expected Value,CER_12_13_0,CER_6_19_0,52,76,0.00072668,-0.00179227,0
penetrazione,n = 25,25,QoS_orig,Similarity-Utilization,Stratified Expected Value,CER_6_19_0,CER_0_25_0,76,100,-0.00179227,0.00158504,0
penetrazione,n = 25,25,QoS_orig,Similarity-Utilization,Adaptive Sampling Shapley,CER_12_13_0,CER_6_19_0,52,76,0.000469086,-0.00347929,0
penetrazione,n = 25,25,QoS_orig,Similarity-Utilization,Tri-level EP,CER_12_13_0,CER_6_19_0,52,76,0.000789485,-0.00103032,0
penetrazione,n = 25,25,QoS_orig,Similarity-Utilization,Tri-level EP,CER_6_19_0,CER_0_25_0,76,100,-0.00103032,0.00298672,0
penetrazione,n = 25,25,QoS_orig,Marginal Contribution,Stratified Expected Value,CER_18_7_0,CER_12_13_0,28,52,-0.000491377,2.13625e-05,0
penetrazione,n = 25,25,QoS_orig,Marginal Contribution,Stratified Expected Value,CER_6_19_0,CER_0_25_0,76,100,0.000452394,-0.000250653,0
penetrazione,n = 25,25,QoS_orig,Marginal Contribution,Adaptive Sampling Shapley,CER_18_7_0,CER_12_13_0,28,52,0.00138913,-0.000236231,0
penetrazione,n = 25,25,QoS_orig,Marginal Contribution,Tri-level EP,CER_18_7_0,CER_12_13_0,28,52,-0.00360042,8.4168e-05,0
penetrazione,n = 25,25,QoS_orig,Stratified Expected Value,Adaptive Sampling Shapley,CER_18_7_0,CER_12_13_0,28,52,0.00188051,-0.000257594,0
penetrazione,n = 25,25,QoS_orig,Stratified Expected Value,Tri-level EP,CER_18_7_0,CER_12_13_0,28,52,-0.00310904,6.28055e-05,0
penetrazione,n = 25,25,QoS_orig,Adaptive Sampling Shapley,Tri-level EP,CER_18_7_0,CER_12_13_0,28,52,-0.00498955,0.000320399,0
penetrazione,n = 25,25,QoS_new,Variance Least Core,Remuneration Model 1,CER_18_7_0,CER_12_13_0,28,52,5.10726e-05,-0.000149389,0
penetrazione,n = 25,25,QoS_new,Variance Least Core,Pearson Key,CER_12_13_0,CER_6_19_0,52,76,-5.097e-05,1.27123e-05,0
penetrazione,n = 25,25,QoS_new,Variance Least Core,Pearson-Sharing Rate,CER_12_13_0,CER_6_19_0,52,76,-4.48463e-05,1.21545e-05,0
penetrazione,n = 25,25,QoS_new,Variance Least Core,Marginal Contribution,CER_18_7_0,CER_12_13_0,28,52,4.1319e-05,-7.7937e-06,0
penetrazione,n = 25,25,QoS_new,Variance Least Core,Stratified Expected Value,CER_12_13_0,CER_6_19_0,52,76,-2.32869e-05,3.13183e-06,0
penetrazione,n = 25,25,QoS_new,Proportional to Consumption,Remuneration Model 1,CER_18_7_0,CER_12_13_0,28,52,0.000176701,-6.62009e-05,0
penetrazione,n = 25,25,QoS_new,Proportional to Consumption,Pearson Key,CER_18_7_0,CER_12_13_0,28,52,-0.000101019,3.2218e-05,0
penetrazione,n = 25,25,QoS_new,Proportional to Consumption,Pearson-Sharing Rate,CER_18_7_0,CER_12_13_0,28,52,-7.55241e-05,3.83417e-05,0
penetrazione,n = 25,25,QoS_new,Proportional to Consumption,Similarity-Utilization,CER_12_13_0,CER_6_19_0,52,76,-0.000739301,7.05178e-05,0
penetrazione,n = 25,25,QoS_new,Proportional to Consumption,Stratified Expected Value,CER_18_7_0,CER_12_13_0,28,52,-2.82568e-05,5.99011e-05,0
penetrazione,n = 25,25,QoS_new,Remuneration Model 1,Pearson Key,CER_18_7_0,CER_12_13_0,28,52,-0.00027772,9.84189e-05,0
penetrazione,n = 25,25,QoS_new,Remuneration Model 1,Pearson-Sharing Rate,CER_18_7_0,CER_12_13_0,28,52,-0.000252225,0.000104543,0
penetrazione,n = 25,25,QoS_new,Remuneration Model 1,Similarity-Utilization,CER_12_13_0,CER_6_19_0,52,76,-0.0006731,0.000234146,0
penetrazione,n = 25,25,QoS_new,Remuneration Model 1,Marginal Contribution,CER_18_7_0,CER_12_13_0,28,52,-9.75359e-06,0.000141595,0
penetrazione,n = 25,25,QoS_new,Remuneration Model 1,Stratified Expected Value,CER_18_7_0,CER_12_13_0,28,52,-0.000204958,0.000126102,0
penetrazione,n = 25,25,QoS_new,Remuneration Model 1,Adaptive Sampling Shapley,CER_18_7_0,CER_12_13_0,28,52,-0.000149929,7.66431e-05,0
penetrazione,n = 25,25,QoS_new,Pearson Key,Pearson-Sharing Rate,CER_12_13_0,CER_6_19_0,52,76,6.12365e-06,-5.57841e-07,0
penetrazione,n = 25,25,QoS_new,Pearson Key,Marginal Contribution,CER_12_13_0,CER_6_19_0,52,76,4.31763e-05,-2.32416e-05,0
penetrazione,n = 25,25,QoS_new,Pearson Key,Stratified Expected Value,CER_12_13_0,CER_6_19_0,52,76,2.76831e-05,-9.58049e-06,0
penetrazione,n = 25,25,QoS_new,Pearson Key,Adaptive Sampling Shapley,CER_18_7_0,CER_12_13_0,28,52,0.000127791,-2.17757e-05,0
penetrazione,n = 25,25,QoS_new,Pearson Key,Tri-level EP,CER_12_13_0,CER_6_19_0,52,76,6.078e-05,-2.26204e-06,0
penetrazione,n = 25,25,QoS_new,Pearson-Sharing Rate,Marginal Contribution,CER_12_13_0,CER_6_19_0,52,76,3.70526e-05,-2.26837e-05,0
penetrazione,n = 25,25,QoS_new,Pearson-Sharing Rate,Stratified Expected Value,CER_12_13_0,CER_6_19_0,52,76,2.15594e-05,-9.02265e-06,0
penetrazione,n = 25,25,QoS_new,Pearson-Sharing Rate,Adaptive Sampling Shapley,CER_18_7_0,CER_12_13_0,28,52,0.000102296,-2.78994e-05,0
penetrazione,n = 25,25,QoS_new,Pearson-Sharing Rate,Tri-level EP,CER_12_13_0,CER_6_19_0,52,76,5.46564e-05,-1.7042e-06,0
penetrazione,n = 25,25,QoS_new,Marginal Contribution,Stratified Expected Value,CER_12_13_0,CER_6_19_0,52,76,-1.54932e-05,1.36611e-05,0
penetrazione,n = 25,25,QoS_new,Stratified Expected Value,Adaptive Sampling Shapley,CER_18_7_0,CER_12_13_0,28,52,5.50285e-05,-4.94588e-05,0
penetrazione,n = 25,25,EI_orig,Variance Least Core,Proportional to Consumption,CER_12_13_0,CER_6_19_0,52,76,0.0269113,-0.0785003,0
penetrazione,n = 25,25,EI_orig,Variance Least Core,Cascading Tree,CER_18_7_0,CER_12_13_0,28,52,0.119117,-0.27189,0
penetrazione,n = 25,25,EI_orig,Variance Least Core,Weighted Solidarity,CER_18_7_0,CER_12_13_0,28,52,0.0354806,-0.232236,0
penetrazione,n = 25,25,EI_orig,Variance Least Core,Stratified Expected Value,CER_6_19_0,CER_0_25_0,76,100,0.00258225,-0.0155883,0
penetrazione,n = 25,25,EI_orig,Proportional to Consumption,Marginal Contribution,CER_12_13_0,CER_6_19_0,52,76,-0.0341016,0.0685385,0
penetrazione,n = 25,25,EI_orig,Proportional to Consumption,Stratified Expected Value,CER_12_13_0,CER_6_19_0,52,76,-0.0207982,0.0810825,0
penetrazione,n = 25,25,EI_orig,Proportional to Consumption,Stratified Expected Value,CER_6_19_0,CER_0_25_0,76,100,0.0810825,-0.00217433,0
penetrazione,n = 25,25,EI_orig,Proportional to Consumption,Adaptive Sampling Shapley,CER_12_13_0,CER_6_19_0,52,76,-0.0960559,0.0250914,0
penetrazione,n = 25,25,EI_orig,Proportional to Consumption,Adaptive Sampling Shapley,CER_6_19_0,CER_0_25_0,76,100,0.0250914,-0.0263496,0
penetrazione,n = 25,25,EI_orig,Remuneration Model 1,Cascading Tree,CER_18_7_0,CER_12_13_0,28,52,0.150832,-0.0020711,0
penetrazione,n = 25,25,EI_orig,Remuneration Model 1,Weighted Solidarity,CER_12_13_0,CER_6_19_0,52,76,0.0375832,-0.0136055,0
penetrazione,n = 25,25,EI_orig,Remuneration Model 1,Weighted Solidarity,CER_6_19_0,CER_0_25_0,76,100,-0.0136055,0.0530192,0
penetrazione,n = 25,25,EI_orig,Cascading Tree,Weighted Solidarity,CER_18_7_0,CER_12_13_0,28,52,-0.0836368,0.0396543,0
penetrazione,n = 25,25,EI_orig,Cascading Tree,Marginal Contribution,CER_18_7_0,CER_12_13_0,28,52,-0.120055,0.2647,0
penetrazione,n = 25,25,EI_orig,Cascading Tree,Stratified Expected Value,CER_18_7_0,CER_12_13_0,28,52,-0.115153,0.278003,0
penetrazione,n = 25,25,EI_orig,Cascading Tree,Adaptive Sampling Shapley,CER_18_7_0,CER_12_13_0,28,52,-0.141956,0.202746,0
penetrazione,n = 25,25,EI_orig,Weighted Solidarity,Marginal Contribution,CER_18_7_0,CER_12_13_0,28,52,-0.0364178,0.225045,0
penetrazione,n = 25,25,EI_orig,Weighted Solidarity,Stratified Expected Value,CER_18_7_0,CER_12_13_0,28,52,-0.0315164,0.238349,0
penetrazione,n = 25,25,EI_orig,Weighted Solidarity,Adaptive Sampling Shapley,CER_18_7_0,CER_12_13_0,28,52,-0.0583196,0.163091,0
penetrazione,n = 25,25,EI_orig,Pearson Key,Pearson-Sharing Rate,CER_6_19_0,CER_0_25_0,76,100,-0.00144593,0.00012533,0
penetrazione,n = 25,25,EI_orig,Pearson Key,Similarity-Utilization,CER_12_13_0,CER_6_19_0,52,76,-0.00951297,0.0323566,0
penetrazione,n = 25,25,EI_orig,Pearson Key,Similarity-Utilization,CER_6_19_0,CER_0_25_0,76,100,0.0323566,-0.00225616,0
penetrazione,n = 25,25,EI_orig,Pearson Key,Tri-level EP,CER_18_7_0,CER_12_13_0,28,52,0.00461068,-0.00117887,0
penetrazione,n = 25,25,EI_orig,Pearson Key,Tri-level EP,CER_6_19_0,CER_0_25_0,76,100,-0.00581442,0.00742049,0
penetrazione,n = 25,25,EI_orig,Pearson-Sharing Rate,Similarity-Utilization,CER_12_13_0,CER_6_19_0,52,76,-0.00832283,0.0338025,0
penetrazione,n = 25,25,EI_orig,Pearson-Sharing Rate,Similarity-Utilization,CER_6_19_0,CER_0_25_0,76,100,0.0338025,-0.00238149,0
penetrazione,n = 25,25,EI_orig,Pearson-Sharing Rate,Tri-level EP,CER_12_13_0,CER_6_19_0,52,76,1.12668e-05,-0.00436849,0
penetrazione,n = 25,25,EI_orig,Pearson-Sharing Rate,Tri-level EP,CER_6_19_0,CER_0_25_0,76,100,-0.00436849,0.00729516,0
penetrazione,n = 25,25,EI_orig,Similarity-Utilization,Tri-level EP,CER_12_13_0,CER_6_19_0,52,76,0.0083341,-0.038171,0
penetrazione,n = 25,25,EI_orig,Similarity-Utilization,Tri-level EP,CER_6_19_0,CER_0_25_0,76,100,-0.038171,0.00967666,0
penetrazione,n = 25,25,EI_orig,Marginal Contribution,Stratified Expected Value,CER_6_19_0,CER_0_25_0,76,100,0.012544,-0.0025568,0
penetrazione,n = 25,25,EI_new,Variance Least Core,Weighted Solidarity,CER_6_19_0,CER_0_25_0,76,100,0.0730113,-0.00829766,0
penetrazione,n = 25,25,EI_new,Variance Least Core,Similarity-Utilization,CER_18_7_0,CER_12_13_0,28,52,-0.0144106,0.00889363,0
penetrazione,n = 25,25,EI_new,Variance Least Core,Marginal Contribution,CER_18_7_0,CER_12_13_0,28,52,0.00232745,-0.001296,0
penetrazione,n = 25,25,EI_new,Equal Split,Cascading Tree,CER_6_19_0,CER_0_25_0,76,100,0.00190268,-0.0169223,0
penetrazione,n = 25,25,EI_new,Proportional to Consumption,Similarity-Utilization,CER_18_7_0,CER_12_13_0,28,52,-0.00371722,0.0307052,0
penetrazione,n = 25,25,EI_new,Proportional to Consumption,Adaptive Sampling Shapley,CER_18_7_0,CER_12_13_0,28,52,-0.00654574,0.0113206,0
penetrazione,n = 25,25,EI_new,Weighted Solidarity,Pearson Key,CER_18_7_0,CER_12_13_0,28,52,0.00208681,-0.00691297,0
penetrazione,n = 25,25,EI_new,Weighted Solidarity,Pearson Key,CER_6_19_0,CER_0_25_0,76,100,-0.0335786,0.0235639,0
penetrazione,n = 25,25,EI_new,Weighted Solidarity,Pearson-Sharing Rate,CER_6_19_0,CER_0_25_0,76,100,-0.0333191,0.0236075,0
penetrazione,n = 25,25,EI_new,Weighted Solidarity,Similarity-Utilization,CER_6_19_0,CER_0_25_0,76,100,-0.0462048,0.0424261,0
penetrazione,n = 25,25,EI_new,Weighted Solidarity,Tri-level EP,CER_18_7_0,CER_12_13_0,28,52,0.00959273,-0.00188858,0
penetrazione,n = 25,25,EI_new,Weighted Solidarity,Tri-level EP,CER_6_19_0,CER_0_25_0,76,100,-0.0272799,0.0300838,0
penetrazione,n = 25,25,EI_new,Pearson Key,Pearson-Sharing Rate,CER_12_13_0,CER_6_19_0,52,76,-0.00102501,0.000259543,0
penetrazione,n = 25,25,EI_new,Pearson Key,Similarity-Utilization,CER_6_19_0,CER_0_25_0,76,100,-0.0126262,0.0188622,0
penetrazione,n = 25,25,EI_new,Pearson-Sharing Rate,Similarity-Utilization,CER_6_19_0,CER_0_25_0,76,100,-0.0128857,0.0188185,0
penetrazione,n = 25,25,EI_new,Similarity-Utilization,Marginal Contribution,CER_18_7_0,CER_12_13_0,28,52,0.0167381,-0.0101896,0
penetrazione,n = 25,25,EI_new,Similarity-Utilization,Stratified Expected Value,CER_18_7_0,CER_12_13_0,28,52,0.0106507,-0.0115894,0
penetrazione,n = 25,25,EI_new,Similarity-Utilization,Tri-level EP,CER_6_19_0,CER_0_25_0,76,100,0.0189249,-0.0123423,0
penetrazione,n = 25,25,EI_new,Marginal Contribution,Stratified Expected Value,CER_12_13_0,CER_6_19_0,52,76,-0.00139974,0.00040792,0
penetrazione,n = 25,25,EI_new,Marginal Contribution,Stratified Expected Value,CER_6_19_0,CER_0_25_0,76,100,0.00040792,-0.00169463,0
penetrazione,n = 25,25,Jain,Variance Least Core,Remuneration Model 1,CER_18_7_0,CER_12_13_0,28,52,0.000798165,-0.000694048,0
penetrazione,n = 25,25,Jain,Variance Least Core,Cascading Tree,CER_18_7_0,CER_12_13_0,28,52,0.00420894,-0.00232011,0
penetrazione,n = 25,25,Jain,Variance Least Core,Pearson Key,CER_12_13_0,CER_6_19_0,52,76,-0.000102558,0.00102776,0
penetrazione,n = 25,25,Jain,Variance Least Core,Pearson Key,CER_6_19_0,CER_0_25_0,76,100,0.00102776,-0.000659875,0
penetrazione,n = 25,25,Jain,Variance Least Core,Pearson-Sharing Rate,CER_12_13_0,CER_6_19_0,52,76,-9.95551e-05,0.000969858,0
penetrazione,n = 25,25,Jain,Variance Least Core,Pearson-Sharing Rate,CER_6_19_0,CER_0_25_0,76,100,0.000969858,-0.000672822,0
penetrazione,n = 25,25,Jain,Variance Least Core,Similarity-Utilization,CER_12_13_0,CER_6_19_0,52,76,-0.00137057,0.00157113,0
penetrazione,n = 25,25,Jain,Variance Least Core,Similarity-Utilization,CER_6_19_0,CER_0_25_0,76,100,0.00157113,-0.00371525,0
penetrazione,n = 25,25,Jain,Variance Least Core,Marginal Contribution,CER_18_7_0,CER_12_13_0,28,52,0.000194136,-1.84251e-05,0
penetrazione,n = 25,25,Jain,Variance Least Core,Stratified Expected Value,CER_12_13_0,CER_6_19_0,52,76,-1.7417e-05,0.000151194,0
penetrazione,n = 25,25,Jain,Variance Least Core,Stratified Expected Value,CER_6_19_0,CER_0_25_0,76,100,0.000151194,-0.00142375,0
penetrazione,n = 25,25,Jain,Variance Least Core,Adaptive Sampling Shapley,CER_18_7_0,CER_12_13_0,28,52,0.00154778,-0.000233505,0
penetrazione,n = 25,25,Jain,Variance Least Core,Tri-level EP,CER_12_13_0,CER_6_19_0,52,76,-3.51032e-05,0.00076556,0
penetrazione,n = 25,25,Jain,Variance Least Core,Tri-level EP,CER_6_19_0,CER_0_25_0,76,100,0.00076556,-0.000104682,0
penetrazione,n = 25,25,Jain,Equal Split,Proportional to Consumption,CER_18_7_0,CER_12_13_0,28,52,-0.00211357,0.00236202,0
penetrazione,n = 25,25,Jain,Equal Split,Cascading Tree,CER_12_13_0,CER_6_19_0,52,76,0.000472504,-0.00199194,0
penetrazione,n = 25,25,Jain,Equal Split,Cascading Tree,CER_6_19_0,CER_0_25_0,76,100,-0.00199194,0.00366521,0
penetrazione,n = 25,25,Jain,Equal Split,Weighted Solidarity,CER_6_19_0,CER_0_25_0,76,100,-0.00197781,0.0151005,0
penetrazione,n = 25,25,Jain,Equal Split,Pearson Key,CER_18_7_0,CER_12_13_0,28,52,-0.00334587,0.00269005,0
penetrazione,n = 25,25,Jain,Equal Split,Pearson-Sharing Rate,CER_18_7_0,CER_12_13_0,28,52,-0.00330765,0.00269306,0
penetrazione,n = 25,25,Jain,Equal Split,Similarity-Utilization,CER_18_7_0,CER_12_13_0,28,52,-0.00429652,0.00142205,0
penetrazione,n = 25,25,Jain,Equal Split,Tri-level EP,CER_18_7_0,CER_12_13_0,28,52,-0.00303734,0.00275751,0
penetrazione,n = 25,25,Jain,Proportional to Consumption,Remuneration Model 1,CER_18_7_0,CER_12_13_0,28,52,0.00325795,-0.00026346,0
penetrazione,n = 25,25,Jain,Proportional to Consumption,Cascading Tree,CER_18_7_0,CER_12_13_0,28,52,0.00666872,-0.00188952,0
penetrazione,n = 25,25,Jain,Proportional to Consumption,Weighted Solidarity,CER_18_7_0,CER_12_13_0,28,52,0.000495187,-0.00392406,0
penetrazione,n = 25,25,Jain,Proportional to Consumption,Pearson Key,CER_18_7_0,CER_12_13_0,28,52,-0.00123231,0.00032803,0
penetrazione,n = 25,25,Jain,Proportional to Consumption,Pearson-Sharing Rate,CER_18_7_0,CER_12_13_0,28,52,-0.00119408,0.000331033,0
penetrazione,n = 25,25,Jain,Proportional to Consumption,Similarity-Utilization,CER_12_13_0,CER_6_19_0,52,76,-0.000939978,0.00625468,0
penetrazione,n = 25,25,Jain,Proportional to Consumption,Tri-level EP,CER_18_7_0,CER_12_13_0,28,52,-0.000923771,0.000395485,0
penetrazione,n = 25,25,Jain,Remuneration Model 1,Cascading Tree,CER_18_7_0,CER_12_13_0,28,52,0.00341077,-0.00162606,0
penetrazione,n = 25,25,Jain,Remuneration Model 1,Pearson Key,CER_18_7_0,CER_12_13_0,28,52,-0.00449026,0.00059149,0
penetrazione,n = 25,25,Jain,Remuneration Model 1,Pearson-Sharing Rate,CER_18_7_0,CER_12_13_0,28,52,-0.00445203,0.000594493,0
penetrazione,n = 25,25,Jain,Remuneration Model 1,Similarity-Utilization,CER_12_13_0,CER_6_19_0,52,76,-0.000676518,0.0137491,0
penetrazione,n = 25,25,Jain,Remuneration Model 1,Marginal Contribution,CER_18_7_0,CER_12_13_0,28,52,-0.000604029,0.000675623,0
penetrazione,n = 25,25,Jain,Remuneration Model 1,Stratified Expected Value,CER_18_7_0,CER_12_13_0,28,52,-0.00110946,0.000676631,0
penetrazione,n = 25,25,Jain,Remuneration Model 1,Tri-level EP,CER_18_7_0,CER_12_13_0,28,52,-0.00418172,0.000658945,0
penetrazione,n = 25,25,Jain,Cascading Tree,Weighted Solidarity,CER_12_13_0,CER_6_19_0,52,76,-0.00203454,1.41241e-05,0
penetrazione,n = 25,25,Jain,Cascading Tree,Pearson Key,CER_18_7_0,CER_12_13_0,28,52,-0.00790102,0.00221755,0
penetrazione,n = 25,25,Jain,Cascading Tree,Pearson-Sharing Rate,CER_18_7_0,CER_12_13_0,28,52,-0.0078628,0.00222055,0
penetrazione,n = 25,25,Jain,Cascading Tree,Similarity-Utilization,CER_18_7_0,CER_12_13_0,28,52,-0.00885167,0.000949542,0
penetrazione,n = 25,25,Jain,Cascading Tree,Marginal Contribution,CER_18_7_0,CER_12_13_0,28,52,-0.0040148,0.00230168,0
penetrazione,n = 25,25,Jain,Cascading Tree,Stratified Expected Value,CER_18_7_0,CER_12_13_0,28,52,-0.00452023,0.00230269,0
penetrazione,n = 25,25,Jain,Cascading Tree,Adaptive Sampling Shapley,CER_18_7_0,CER_12_13_0,28,52,-0.00266116,0.0020866,0
penetrazione,n = 25,25,Jain,Cascading Tree,Tri-level EP,CER_18_7_0,CER_12_13_0,28,52,-0.00759249,0.002285,0
penetrazione,n = 25,25,Jain,Weighted Solidarity,Pearson Key,CER_18_7_0,CER_12_13_0,28,52,-0.00172749,0.00425209,0
penetrazione,n = 25,25,Jain,Weighted Solidarity,Pearson-Sharing Rate,CER_18_7_0,CER_12_13_0,28,52,-0.00168927,0.0042551,0
penetrazione,n = 25,25,Jain,Weighted Solidarity,Similarity-Utilization,CER_18_7_0,CER_12_13_0,28,52,-0.00267814,0.00298409,0
penetrazione,n = 25,25,Jain,Weighted Solidarity,Tri-level EP,CER_18_7_0,CER_12_13_0,28,52,-0.00141896,0.00431955,0
penetrazione,n = 25,25,Jain,Pearson Key,Pearson-Sharing Rate,CER_12_13_0,CER_6_19_0,52,76,3.00278e-06,-5.79062e-05,0
penetrazione,n = 25,25,Jain,Pearson Key,Similarity-Utilization,CER_12_13_0,CER_6_19_0,52,76,-0.00126801,0.000543371,0
penetrazione,n = 25,25,Jain,Pearson Key,Similarity-Utilization,CER_6_19_0,CER_0_25_0,76,100,0.000543371,-0.00305537,0
penetrazione,n = 25,25,Jain,Pearson Key,Marginal Contribution,CER_12_13_0,CER_6_19_0,52,76,8.41328e-05,-0.00133382,0
penetrazione,n = 25,25,Jain,Pearson Key,Stratified Expected Value,CER_12_13_0,CER_6_19_0,52,76,8.51409e-05,-0.00087657,0
penetrazione,n = 25,25,Jain,Pearson Key,Adaptive Sampling Shapley,CER_18_7_0,CER_12_13_0,28,52,0.00523987,-0.000130947,0
penetrazione,n = 25,25,Jain,Pearson Key,Tri-level EP,CER_12_13_0,CER_6_19_0,52,76,6.74546e-05,-0.000262204,0
penetrazione,n = 25,25,Jain,Pearson Key,Tri-level EP,CER_6_19_0,CER_0_25_0,76,100,-0.000262204,0.000555193,0
penetrazione,n = 25,25,Jain,Pearson-Sharing Rate,Similarity-Utilization,CER_12_13_0,CER_6_19_0,52,76,-0.00127101,0.000601277,0
penetrazione,n = 25,25,Jain,Pearson-Sharing Rate,Similarity-Utilization,CER_6_19_0,CER_0_25_0,76,100,0.000601277,-0.00304242,0
penetrazione,n = 25,25,Jain,Pearson-Sharing Rate,Marginal Contribution,CER_12_13_0,CER_6_19_0,52,76,8.113e-05,-0.00127591,0
penetrazione,n = 25,25,Jain,Pearson-Sharing Rate,Stratified Expected Value,CER_12_13_0,CER_6_19_0,52,76,8.21381e-05,-0.000818664,0
penetrazione,n = 25,25,Jain,Pearson-Sharing Rate,Adaptive Sampling Shapley,CER_18_7_0,CER_12_13_0,28,52,0.00520165,-0.00013395,0
penetrazione,n = 25,25,Jain,Pearson-Sharing Rate,Tri-level EP,CER_12_13_0,CER_6_19_0,52,76,6.44519e-05,-0.000204298,0
penetrazione,n = 25,25,Jain,Pearson-Sharing Rate,Tri-level EP,CER_6_19_0,CER_0_25_0,76,100,-0.000204298,0.00056814,0
penetrazione,n = 25,25,Jain,Similarity-Utilization,Marginal Contribution,CER_12_13_0,CER_6_19_0,52,76,0.00135214,-0.00187719,0
penetrazione,n = 25,25,Jain,Similarity-Utilization,Marginal Contribution,CER_6_19_0,CER_0_25_0,76,100,-0.00187719,0.00256473,0
penetrazione,n = 25,25,Jain,Similarity-Utilization,Stratified Expected Value,CER_12_13_0,CER_6_19_0,52,76,0.00135315,-0.00141994,0
penetrazione,n = 25,25,Jain,Similarity-Utilization,Stratified Expected Value,CER_6_19_0,CER_0_25_0,76,100,-0.00141994,0.00229149,0
penetrazione,n = 25,25,Jain,Similarity-Utilization,Adaptive Sampling Shapley,CER_12_13_0,CER_6_19_0,52,76,0.00113706,-0.00310541,0
penetrazione,n = 25,25,Jain,Similarity-Utilization,Adaptive Sampling Shapley,CER_6_19_0,CER_0_25_0,76,100,-0.00310541,0.0001559,0
penetrazione,n = 25,25,Jain,Similarity-Utilization,Tri-level EP,CER_12_13_0,CER_6_19_0,52,76,0.00133546,-0.000805574,0
penetrazione,n = 25,25,Jain,Similarity-Utilization,Tri-level EP,CER_6_19_0,CER_0_25_0,76,100,-0.000805574,0.00361056,0
penetrazione,n = 25,25,Jain,Marginal Contribution,Stratified Expected Value,CER_18_7_0,CER_12_13_0,28,52,-0.000505429,1.00808e-06,0
penetrazione,n = 25,25,Jain,Marginal Contribution,Stratified Expected Value,CER_6_19_0,CER_0_25_0,76,100,0.000457245,-0.000273236,0
penetrazione,n = 25,25,Jain,Marginal Contribution,Adaptive Sampling Shapley,CER_18_7_0,CER_12_13_0,28,52,0.00135364,-0.00021508,0
penetrazione,n = 25,25,Jain,Marginal Contribution,Tri-level EP,CER_12_13_0,CER_6_19_0,52,76,-1.66782e-05,0.00107161,0
penetrazione,n = 25,25,Jain,Stratified Expected Value,Adaptive Sampling Shapley,CER_18_7_0,CER_12_13_0,28,52,0.00185907,-0.000216088,0
penetrazione,n = 25,25,Jain,Stratified Expected Value,Tri-level EP,CER_12_13_0,CER_6_19_0,52,76,-1.76862e-05,0.000614366,0
penetrazione,n = 25,25,Jain,Adaptive Sampling Shapley,Tri-level EP,CER_18_7_0,CER_12_13_0,28,52,-0.00493133,0.000198402,0
penetrazione,n = 25,25,Gini,Variance Least Core,Proportional to Consumption,CER_12_13_0,CER_6_19_0,52,76,0.0269113,-0.0785003,0
penetrazione,n = 25,25,Gini,Variance Least Core,Cascading Tree,CER_18_7_0,CER_12_13_0,28,52,0.119117,-0.27189,0
penetrazione,n = 25,25,Gini,Variance Least Core,Weighted Solidarity,CER_18_7_0,CER_12_13_0,28,52,0.0354806,-0.232236,0
penetrazione,n = 25,25,Gini,Variance Least Core,Stratified Expected Value,CER_6_19_0,CER_0_25_0,76,100,0.00258225,-0.0155883,0
penetrazione,n = 25,25,Gini,Proportional to Consumption,Marginal Contribution,CER_12_13_0,CER_6_19_0,52,76,-0.0341016,0.0685385,0
penetrazione,n = 25,25,Gini,Proportional to Consumption,Stratified Expected Value,CER_12_13_0,CER_6_19_0,52,76,-0.0207982,0.0810825,0
penetrazione,n = 25,25,Gini,Proportional to Consumption,Stratified Expected Value,CER_6_19_0,CER_0_25_0,76,100,0.0810825,-0.00217433,0
penetrazione,n = 25,25,Gini,Proportional to Consumption,Adaptive Sampling Shapley,CER_12_13_0,CER_6_19_0,52,76,-0.0960559,0.0250914,0
penetrazione,n = 25,25,Gini,Proportional to Consumption,Adaptive Sampling Shapley,CER_6_19_0,CER_0_25_0,76,100,0.0250914,-0.0263496,0
penetrazione,n = 25,25,Gini,Remuneration Model 1,Cascading Tree,CER_18_7_0,CER_12_13_0,28,52,0.150832,-0.0020711,0
penetrazione,n = 25,25,Gini,Remuneration Model 1,Weighted Solidarity,CER_12_13_0,CER_6_19_0,52,76,0.0375832,-0.0136055,0
penetrazione,n = 25,25,Gini,Remuneration Model 1,Weighted Solidarity,CER_6_19_0,CER_0_25_0,76,100,-0.0136055,0.0530192,0
penetrazione,n = 25,25,Gini,Cascading Tree,Weighted Solidarity,CER_18_7_0,CER_12_13_0,28,52,-0.0836368,0.0396543,0
penetrazione,n = 25,25,Gini,Cascading Tree,Marginal Contribution,CER_18_7_0,CER_12_13_0,28,52,-0.120055,0.2647,0
penetrazione,n = 25,25,Gini,Cascading Tree,Stratified Expected Value,CER_18_7_0,CER_12_13_0,28,52,-0.115153,0.278003,0
penetrazione,n = 25,25,Gini,Cascading Tree,Adaptive Sampling Shapley,CER_18_7_0,CER_12_13_0,28,52,-0.141956,0.202746,0
penetrazione,n = 25,25,Gini,Weighted Solidarity,Marginal Contribution,CER_18_7_0,CER_12_13_0,28,52,-0.0364178,0.225045,0
penetrazione,n = 25,25,Gini,Weighted Solidarity,Stratified Expected Value,CER_18_7_0,CER_12_13_0,28,52,-0.0315164,0.238349,0
penetrazione,n = 25,25,Gini,Weighted Solidarity,Adaptive Sampling Shapley,CER_18_7_0,CER_12_13_0,28,52,-0.0583196,0.163091,0
penetrazione,n = 25,25,Gini,Pearson Key,Pearson-Sharing Rate,CER_6_19_0,CER_0_25_0,76,100,-0.00144593,0.00012533,0
penetrazione,n = 25,25,Gini,Pearson Key,Similarity-Utilization,CER_12_13_0,CER_6_19_0,52,76,-0.00951297,0.0323566,0
penetrazione,n = 25,25,Gini,Pearson Key,Similarity-Utilization,CER_6_19_0,CER_0_25_0,76,100,0.0323566,-0.00225616,0
penetrazione,n = 25,25,Gini,Pearson Key,Tri-level EP,CER_18_7_0,CER_12_13_0,28,52,0.00461068,-0.00117887,0
penetrazione,n = 25,25,Gini,Pearson Key,Tri-level EP,CER_6_19_0,CER_0_25_0,76,100,-0.00581442,0.00742049,0
penetrazione,n = 25,25,Gini,Pearson-Sharing Rate,Similarity-Utilization,CER_12_13_0,CER_6_19_0,52,76,-0.00832283,0.0338025,0
penetrazione,n = 25,25,Gini,Pearson-Sharing Rate,Similarity-Utilization,CER_6_19_0,CER_0_25_0,76,100,0.0338025,-0.00238149,0
penetrazione,n = 25,25,Gini,Pearson-Sharing Rate,Tri-level EP,CER_12_13_0,CER_6_19_0,52,76,1.12668e-05,-0.00436849,0
penetrazione,n = 25,25,Gini,Pearson-Sharing Rate,Tri-level EP,CER_6_19_0,CER_0_25_0,76,100,-0.00436849,0.00729516,0
penetrazione,n = 25,25,Gini,Similarity-Utilization,Tri-level EP,CER_12_13_0,CER_6_19_0,52,76,0.0083341,-0.038171,0
penetrazione,n = 25,25,Gini,Similarity-Utilization,Tri-level EP,CER_6_19_0,CER_0_25_0,76,100,-0.038171,0.00967666,0
penetrazione,n = 25,25,Gini,Marginal Contribution,Stratified Expected Value,CER_6_19_0,CER_0_25_0,76,100,0.012544,-0.0025568,0
penetrazione,n = 25,25,FairnessIndex,Variance Least Core,Stratified Expected Value,CER_6_19_0,CER_0_25_0,76,100,0.00649267,-0.00382498,0
penetrazione,n = 25,25,FairnessIndex,Equal Split,Proportional to Consumption,CER_18_7_0,CER_12_13_0,28,52,0.0849576,-0.297975,0
penetrazione,n = 25,25,FairnessIndex,Equal Split,Weighted Solidarity,CER_6_19_0,CER_0_25_0,76,100,0.0318723,-0.00119462,0
penetrazione,n = 25,25,FairnessIndex,Equal Split,Pearson Key,CER_18_7_0,CER_12_13_0,28,52,0.141459,-0.241139,0
penetrazione,n = 25,25,FairnessIndex,Equal Split,Pearson-Sharing Rate,CER_18_7_0,CER_12_13_0,28,52,0.140256,-0.242892,0
penetrazione,n = 25,25,FairnessIndex,Equal Split,Similarity-Utilization,CER_18_7_0,CER_12_13_0,28,52,0.142959,-0.202083,0
penetrazione,n = 25,25,FairnessIndex,Equal Split,Tri-level EP,CER_18_7_0,CER_12_13_0,28,52,0.135092,-0.247586,0
penetrazione,n = 25,25,FairnessIndex,Proportional to Consumption,Remuneration Model 1,CER_18_7_0,CER_12_13_0,28,52,-0.138228,0.202794,0
penetrazione,n = 25,25,FairnessIndex,Proportional to Consumption,Remuneration Model 1,CER_6_19_0,CER_0_25_0,76,100,0.212611,-0.052797,0
penetrazione,n = 25,25,FairnessIndex,Proportional to Consumption,Weighted Solidarity,CER_18_7_0,CER_12_13_0,28,52,-0.000830321,0.340637,0
penetrazione,n = 25,25,FairnessIndex,Proportional to Consumption,Pearson Key,CER_12_13_0,CER_6_19_0,52,76,0.0568357,-0.0481419,0
penetrazione,n = 25,25,FairnessIndex,Proportional to Consumption,Pearson-Sharing Rate,CER_12_13_0,CER_6_19_0,52,76,0.0550824,-0.0492646,0
penetrazione,n = 25,25,FairnessIndex,Proportional to Consumption,Similarity-Utilization,CER_6_19_0,CER_0_25_0,76,100,0.0309683,-0.0562882,0
penetrazione,n = 25,25,FairnessIndex,Proportional to Consumption,Adaptive Sampling Shapley,CER_18_7_0,CER_12_13_0,28,52,-0.106495,0.000354111,0
penetrazione,n = 25,25,FairnessIndex,Proportional to Consumption,Adaptive Sampling Shapley,CER_12_13_0,CER_6_19_0,52,76,0.000354111,-0.0801377,0
penetrazione,n = 25,25,FairnessIndex,Proportional to Consumption,Tri-level EP,CER_12_13_0,CER_6_19_0,52,76,0.0503889,-0.0528385,0
penetrazione,n = 25,25,FairnessIndex,Remuneration Model 1,Pearson Key,CER_18_7_0,CER_12_13_0,28,52,0.194729,-0.145958,0
penetrazione,n = 25,25,FairnessIndex,Remuneration Model 1,Pearson-Sharing Rate,CER_18_7_0,CER_12_13_0,28,52,0.193527,-0.147711,0
penetrazione,n = 25,25,FairnessIndex,Remuneration Model 1,Similarity-Utilization,CER_18_7_0,CER_12_13_0,28,52,0.19623,-0.106902,0
penetrazione,n = 25,25,FairnessIndex,Remuneration Model 1,Adaptive Sampling Shapley,CER_18_7_0,CER_12_13_0,28,52,0.0317335,-0.202439,0
penetrazione,n = 25,25,FairnessIndex,Remuneration Model 1,Tri-level EP,CER_18_7_0,CER_12_13_0,28,52,0.188362,-0.152405,0
penetrazione,n = 25,25,FairnessIndex,Weighted Solidarity,Pearson Key,CER_18_7_0,CER_12_13_0,28,52,0.0573313,-0.283801,0
penetrazione,n = 25,25,FairnessIndex,Weighted Solidarity,Pearson-Sharing Rate,CER_18_7_0,CER_12_13_0,28,52,0.0561292,-0.285554,0
penetrazione,n = 25,25,FairnessIndex,Weighted Solidarity,Similarity-Utilization,CER_18_7_0,CER_12_13_0,28,52,0.0588317,-0.244745,0
penetrazione,n = 25,25,FairnessIndex,Weighted Solidarity,Tri-level EP,CER_18_7_0,CER_12_13_0,28,52,0.0509645,-0.290248,0
penetrazione,n = 25,25,FairnessIndex,Pearson Key,Pearson-Sharing Rate,CER_6_19_0,CER_0_25_0,76,100,-0.00112276,0.000318089,0
penetrazione,n = 25,25,FairnessIndex,Pearson Key,Tri-level EP,CER_6_19_0,CER_0_25_0,76,100,-0.00469663,0.0051267,0
penetrazione,n = 25,25,FairnessIndex,Pearson-Sharing Rate,Tri-level EP,CER_6_19_0,CER_0_25_0,76,100,-0.00357387,0.00480861,0
penetrazione,n = 25,25,Sigma,Variance Least Core,Stratified Expected Value,CER_6_19_0,CER_0_25_0,76,100,0.000698668,-0.000580937,0
penetrazione,n = 25,25,Sigma,Equal Split,Proportional to Consumption,CER_18_7_0,CER_12_13_0,28,52,0.00927343,-0.0247319,0
penetrazione,n = 25,25,Sigma,Equal Split,Cascading Tree,CER_6_19_0,CER_0_25_0,76,100,0.00367771,-0.00117328,0
penetrazione,n = 25,25,Sigma,Equal Split,Weighted Solidarity,CER_6_19_0,CER_0_25_0,76,100,0.00584871,-0.00407104,0
penetrazione,n = 25,25,Sigma,Equal Split,Pearson Key,CER_18_7_0,CER_12_13_0,28,52,0.0128366,-0.0207399,0
penetrazione,n = 25,25,Sigma,Equal Split,Pearson-Sharing Rate,CER_18_7_0,CER_12_13_0,28,52,0.0127562,-0.0208493,0
penetrazione,n = 25,25,Sigma,Equal Split,Similarity-Utilization,CER_18_7_0,CER_12_13_0,28,52,0.013574,-0.0153264,0
penetrazione,n = 25,25,Sigma,Equal Split,Tri-level EP,CER_18_7_0,CER_12_13_0,28,52,0.0127152,-0.0207979,0
penetrazione,n = 25,25,Sigma,Proportional to Consumption,Remuneration Model 1,CER_18_7_0,CER_12_13_0,28,52,-0.0143448,0.0156024,0
penetrazione,n = 25,25,Sigma,Proportional to Consumption,Remuneration Model 1,CER_6_19_0,CER_0_25_0,76,100,0.020833,-0.00040198,0
penetrazione,n = 25,25,Sigma,Proportional to Consumption,Weighted Solidarity,CER_18_7_0,CER_12_13_0,28,52,-0.00214537,0.0312697,0
penetrazione,n = 25,25,Sigma,Proportional to Consumption,Pearson Key,CER_12_13_0,CER_6_19_0,52,76,0.00399206,-0.0041766,0
penetrazione,n = 25,25,Sigma,Proportional to Consumption,Pearson-Sharing Rate,CER_12_13_0,CER_6_19_0,52,76,0.00388265,-0.00432236,0
penetrazione,n = 25,25,Sigma,Proportional to Consumption,Similarity-Utilization,CER_6_19_0,CER_0_25_0,76,100,0.00642315,-0.00295253,0
penetrazione,n = 25,25,Sigma,Proportional to Consumption,Tri-level EP,CER_12_13_0,CER_6_19_0,52,76,0.00393405,-0.0047851,0
penetrazione,n = 25,25,Sigma,Remuneration Model 1,Pearson Key,CER_18_7_0,CER_12_13_0,28,52,0.0179079,-0.0116103,0
penetrazione,n = 25,25,Sigma,Remuneration Model 1,Pearson-Sharing Rate,CER_18_7_0,CER_12_13_0,28,52,0.0178275,-0.0117197,0
penetrazione,n = 25,25,Sigma,Remuneration Model 1,Similarity-Utilization,CER_18_7_0,CER_12_13_0,28,52,0.0186453,-0.00619685,0
penetrazione,n = 25,25,Sigma,Remuneration Model 1,Adaptive Sampling Shapley,CER_18_7_0,CER_12_13_0,28,52,0.00241244,-0.0166035,0
penetrazione,n = 25,25,Sigma,Remuneration Model 1,Tri-level EP,CER_18_7_0,CER_12_13_0,28,52,0.0177865,-0.0116683,0
penetrazione,n = 25,25,Sigma,Cascading Tree,Weighted Solidarity,CER_12_13_0,CER_6_19_0,52,76,-0.00239015,0.002171,0
penetrazione,n = 25,25,Sigma,Cascading Tree,Weighted Solidarity,CER_6_19_0,CER_0_25_0,76,100,0.002171,-0.00289776,0
penetrazione,n = 25,25,Sigma,Weighted Solidarity,Pearson Key,CER_18_7_0,CER_12_13_0,28,52,0.00570849,-0.0272777,0
penetrazione,n = 25,25,Sigma,Weighted Solidarity,Pearson-Sharing Rate,CER_18_7_0,CER_12_13_0,28,52,0.00562811,-0.0273871,0
penetrazione,n = 25,25,Sigma,Weighted Solidarity,Similarity-Utilization,CER_18_7_0,CER_12_13_0,28,52,0.0064459,-0.0218642,0
penetrazione,n = 25,25,Sigma,Weighted Solidarity,Tri-level EP,CER_18_7_0,CER_12_13_0,28,52,0.00558709,-0.0273357,0
penetrazione,n = 25,25,Sigma,Pearson Key,Pearson-Sharing Rate,CER_6_19_0,CER_0_25_0,76,100,-0.000145758,2.43834e-05,0
penetrazione,n = 25,25,Sigma,Pearson Key,Tri-level EP,CER_6_19_0,CER_0_25_0,76,100,-0.000608503,0.000444461,0
penetrazione,n = 25,25,Sigma,Pearson-Sharing Rate,Tri-level EP,CER_18_7_0,CER_12_13_0,28,52,-4.1014e-05,5.14035e-05,0
penetrazione,n = 25,25,Sigma,Pearson-Sharing Rate,Tri-level EP,CER_12_13_0,CER_6_19_0,52,76,5.14035e-05,-0.000462746,0
penetrazione,n = 25,25,Sigma,Pearson-Sharing Rate,Tri-level EP,CER_6_19_0,CER_0_25_0,76,100,-0.000462746,0.000420077,0
penetrazione,n = 25,25,ForzaIncentivante,Variance Least Core,Proportional to Consumption,CER_12_13_0,CER_6_19_0,52,76,-0.0285635,0.162496,0
penetrazione,n = 25,25,ForzaIncentivante,Variance Least Core,Stratified Expected Value,CER_6_19_0,CER_0_25_0,76,100,-0.00939113,0.0404969,0
penetrazione,n = 25,25,ForzaIncentivante,Equal Split,Weighted Solidarity,CER_18_7_0,CER_12_13_0,28,52,-0.0832856,0.0576228,0
penetrazione,n = 25,25,ForzaIncentivante,Equal Split,Weighted Solidarity,CER_6_19_0,CER_0_25_0,76,100,0.0432935,-0.0292332,0
penetrazione,n = 25,25,ForzaIncentivante,Equal Split,Adaptive Sampling Shapley,CER_18_7_0,CER_12_13_0,28,52,0.124129,-0.610423,0
penetrazione,n = 25,25,ForzaIncentivante,Proportional to Consumption,Marginal Contribution,CER_12_13_0,CER_6_19_0,52,76,0.0431566,-0.148484,0
penetrazione,n = 25,25,ForzaIncentivante,Proportional to Consumption,Stratified Expected Value,CER_12_13_0,CER_6_19_0,52,76,0.0123622,-0.171887,0
penetrazione,n = 25,25,ForzaIncentivante,Proportional to Consumption,Adaptive Sampling Shapley,CER_12_13_0,CER_6_19_0,52,76,0.160726,-0.0920255,0
penetrazione,n = 25,25,ForzaIncentivante,Proportional to Consumption,Adaptive Sampling Shapley,CER_6_19_0,CER_0_25_0,76,100,-0.0920255,0.0132849,0
penetrazione,n = 25,25,ForzaIncentivante,Remuneration Model 1,Weighted Solidarity,CER_18_7_0,CER_12_13_0,28,52,-0.0234226,0.255196,0
penetrazione,n = 25,25,ForzaIncentivante,Remuneration Model 1,Adaptive Sampling Shapley,CER_18_7_0,CER_12_13_0,28,52,0.183992,-0.41285,0
penetrazione,n = 25,25,ForzaIncentivante,Weighted Solidarity,Adaptive Sampling Shapley,CER_18_7_0,CER_12_13_0,28,52,0.207414,-0.668046,0
penetrazione,n = 25,25,ForzaIncentivante,Pearson Key,Pearson-Sharing Rate,CER_6_19_0,CER_0_25_0,76,100,0.00318695,-0.000371968,0
penetrazione,n = 25,25,ForzaIncentivante,Pearson Key,Similarity-Utilization,CER_6_19_0,CER_0_25_0,76,100,-0.0925749,0.00373517,0
penetrazione,n = 25,25,ForzaIncentivante,Pearson Key,Tri-level EP,CER_6_19_0,CER_0_25_0,76,100,0.015077,-0.0197997,0
penetrazione,n = 25,25,ForzaIncentivante,Pearson-Sharing Rate,Similarity-Utilization,CER_6_19_0,CER_0_25_0,76,100,-0.0957618,0.00410714,0
penetrazione,n = 25,25,ForzaIncentivante,Pearson-Sharing Rate,Tri-level EP,CER_6_19_0,CER_0_25_0,76,100,0.01189,-0.0194278,0
penetrazione,n = 25,25,ForzaIncentivante,Similarity-Utilization,Tri-level EP,CER_6_19_0,CER_0_25_0,76,100,0.107652,-0.0235349,0
penetrazione,n = 25,25,ForzaIncentivante,Marginal Contribution,Stratified Expected Value,CER_6_19_0,CER_0_25_0,76,100,-0.023403,0.00732687,0
penetrazione,n = 25,25,AllineamentoVirtu,Variance Least Core,Proportional to Consumption,CER_18_7_0,CER_12_13_0,28,52,-0.40595,0.0104656,0
penetrazione,n = 25,25,AllineamentoVirtu,Variance Least Core,Proportional to Consumption,CER_6_19_0,CER_0_25_0,76,100,0.01883,-0.0360594,0
penetrazione,n = 25,25,AllineamentoVirtu,Variance Least Core,Adaptive Sampling Shapley,CER_6_19_0,CER_0_25_0,76,100,3.40959e-05,-0.00172583,0
penetrazione,n = 25,25,AllineamentoVirtu,Equal Split,Weighted Solidarity,CER_18_7_0,CER_12_13_0,28,52,-0.165396,0.168201,0
penetrazione,n = 25,25,AllineamentoVirtu,Equal Split,Weighted Solidarity,CER_6_19_0,CER_0_25_0,76,100,0.163665,-0.0498428,0
penetrazione,n = 25,25,AllineamentoVirtu,Equal Split,Adaptive Sampling Shapley,CER_18_7_0,CER_12_13_0,28,52,0.365928,-0.938498,0
penetrazione,n = 25,25,AllineamentoVirtu,Proportional to Consumption,Marginal Contribution,CER_18_7_0,CER_12_13_0,28,52,0.515275,-0.00892999,0
penetrazione,n = 25,25,AllineamentoVirtu,Proportional to Consumption,Marginal Contribution,CER_6_19_0,CER_0_25_0,76,100,-0.01874,0.036364,0
penetrazione,n = 25,25,AllineamentoVirtu,Proportional to Consumption,Stratified Expected Value,CER_18_7_0,CER_12_13_0,28,52,0.285156,-0.0141711,0
penetrazione,n = 25,25,AllineamentoVirtu,Proportional to Consumption,Stratified Expected Value,CER_6_19_0,CER_0_25_0,76,100,-0.0202781,0.032909,0
penetrazione,n = 25,25,AllineamentoVirtu,Proportional to Consumption,Adaptive Sampling Shapley,CER_18_7_0,CER_12_13_0,28,52,1.25436,-0.00133912,0
penetrazione,n = 25,25,AllineamentoVirtu,Proportional to Consumption,Adaptive Sampling Shapley,CER_6_19_0,CER_0_25_0,76,100,-0.0187959,0.0343336,0
penetrazione,n = 25,25,AllineamentoVirtu,Remuneration Model 1,Adaptive Sampling Shapley,CER_18_7_0,CER_12_13_0,28,52,0.565714,-0.207745,0
penetrazione,n = 25,25,AllineamentoVirtu,Weighted Solidarity,Adaptive Sampling Shapley,CER_18_7_0,CER_12_13_0,28,52,0.531324,-1.1067,0
penetrazione,n = 25,25,AllineamentoVirtu,Pearson Key,Pearson-Sharing Rate,CER_6_19_0,CER_0_25_0,76,100,0.000519035,-0.000477302,0
penetrazione,n = 25,25,AllineamentoVirtu,Marginal Contribution,Adaptive Sampling Shapley,CER_12_13_0,CER_6_19_0,52,76,0.00759086,-5.589e-05,0
penetrazione,n = 25,25,AllineamentoVirtu,Stratified Expected Value,Tri-level EP,CER_12_13_0,CER_6_19_0,52,76,-0.00422561,0.00111054,0
penetrazione,n = 25,25,AllineamentoVirtu,Stratified Expected Value,Tri-level EP,CER_6_19_0,CER_0_25_0,76,100,0.00111054,-0.10885,0
penetrazione,n = 25,25,ForzaIncentivante_lordo,Variance Least Core,Equal Split,CER_12_13_0,CER_6_19_0,52,76,1.36376,-3.62526,0
penetrazione,n = 25,25,ForzaIncentivante_lordo,Variance Least Core,Remuneration Model 1,CER_12_13_0,CER_6_19_0,52,76,1.13381,-2.01075,0
penetrazione,n = 25,25,ForzaIncentivante_lordo,Variance Least Core,Remuneration Model 1,CER_6_19_0,CER_0_25_0,76,100,-2.01075,0.717929,0
penetrazione,n = 25,25,ForzaIncentivante_lordo,Variance Least Core,Cascading Tree,CER_12_13_0,CER_6_19_0,52,76,2.16493,-3.34346,0
penetrazione,n = 25,25,ForzaIncentivante_lordo,Variance Least Core,Cascading Tree,CER_6_19_0,CER_0_25_0,76,100,-3.34346,0.862116,0
penetrazione,n = 25,25,ForzaIncentivante_lordo,Variance Least Core,Weighted Solidarity,CER_12_13_0,CER_6_19_0,52,76,2.5088,-3.10915,0
penetrazione,n = 25,25,ForzaIncentivante_lordo,Variance Least Core,Weighted Solidarity,CER_6_19_0,CER_0_25_0,76,100,-3.10915,0.112252,0
penetrazione,n = 25,25,ForzaIncentivante_lordo,Variance Least Core,Pearson Key,CER_12_13_0,CER_6_19_0,52,76,-0.576174,0.190695,0
penetrazione,n = 25,25,ForzaIncentivante_lordo,Variance Least Core,Pearson Key,CER_6_19_0,CER_0_25_0,76,100,0.190695,-0.914591,0
penetrazione,n = 25,25,ForzaIncentivante_lordo,Variance Least Core,Pearson-Sharing Rate,CER_12_13_0,CER_6_19_0,52,76,-0.565256,0.179303,0
penetrazione,n = 25,25,ForzaIncentivante_lordo,Variance Least Core,Pearson-Sharing Rate,CER_6_19_0,CER_0_25_0,76,100,0.179303,-0.919642,0
penetrazione,n = 25,25,ForzaIncentivante_lordo,Variance Least Core,Similarity-Utilization,CER_12_13_0,CER_6_19_0,52,76,-0.927855,0.0381944,0
penetrazione,n = 25,25,ForzaIncentivante_lordo,Variance Least Core,Similarity-Utilization,CER_6_19_0,CER_0_25_0,76,100,0.0381944,-1.86614,0
penetrazione,n = 25,25,ForzaIncentivante_lordo,Variance Least Core,Marginal Contribution,CER_12_13_0,CER_6_19_0,52,76,0.0473207,-0.0638269,0
penetrazione,n = 25,25,ForzaIncentivante_lordo,Variance Least Core,Stratified Expected Value,CER_12_13_0,CER_6_19_0,52,76,-0.0433269,0.0131354,0
penetrazione,n = 25,25,ForzaIncentivante_lordo,Variance Least Core,Stratified Expected Value,CER_6_19_0,CER_0_25_0,76,100,0.0131354,-0.0343217,0
penetrazione,n = 25,25,ForzaIncentivante_lordo,Variance Least Core,Adaptive Sampling Shapley,CER_12_13_0,CER_6_19_0,52,76,0.207381,-0.32989,0
penetrazione,n = 25,25,ForzaIncentivante_lordo,Variance Least Core,Adaptive Sampling Shapley,CER_6_19_0,CER_0_25_0,76,100,-0.32989,0.0227434,0
penetrazione,n = 25,25,ForzaIncentivante_lordo,Variance Least Core,Tri-level EP,CER_12_13_0,CER_6_19_0,52,76,-0.618058,0.141838,0
penetrazione,n = 25,25,ForzaIncentivante_lordo,Variance Least Core,Tri-level EP,CER_6_19_0,CER_0_25_0,76,100,0.141838,-0.886468,0
penetrazione,n = 25,25,ForzaIncentivante_lordo,Equal Split,Proportional to Consumption,CER_12_13_0,CER_6_19_0,52,76,-1.52596,2.95941,0
penetrazione,n = 25,25,ForzaIncentivante_lordo,Equal Split,Remuneration Model 1,CER_12_13_0,CER_6_19_0,52,76,-0.229943,1.61451,0
penetrazione,n = 25,25,ForzaIncentivante_lordo,Equal Split,Pearson Key,CER_12_13_0,CER_6_19_0,52,76,-1.93993,3.81596,0
penetrazione,n = 25,25,ForzaIncentivante_lordo,Equal Split,Pearson Key,CER_6_19_0,CER_0_25_0,76,100,3.81596,-0.823673,0
penetrazione,n = 25,25,ForzaIncentivante_lordo,Equal Split,Pearson-Sharing Rate,CER_12_13_0,CER_6_19_0,52,76,-1.92901,3.80457,0
penetrazione,n = 25,25,ForzaIncentivante_lordo,Equal Split,Pearson-Sharing Rate,CER_6_19_0,CER_0_25_0,76,100,3.80457,-0.828723,0
penetrazione,n = 25,25,ForzaIncentivante_lordo,Equal Split,Similarity-Utilization,CER_12_13_0,CER_6_19_0,52,76,-2.29161,3.66346,0
penetrazione,n = 25,25,ForzaIncentivante_lordo,Equal Split,Similarity-Utilization,CER_6_19_0,CER_0_25_0,76,100,3.66346,-1.77523,0
penetrazione,n = 25,25,ForzaIncentivante_lordo,Equal Split,Marginal Contribution,CER_12_13_0,CER_6_19_0,52,76,-1.31644,3.56144,0
penetrazione,n = 25,25,ForzaIncentivante_lordo,Equal Split,Stratified Expected Value,CER_12_13_0,CER_6_19_0,52,76,-1.40708,3.6384,0
penetrazione,n = 25,25,ForzaIncentivante_lordo,Equal Split,Adaptive Sampling Shapley,CER_12_13_0,CER_6_19_0,52,76,-1.15637,3.29537,0
penetrazione,n = 25,25,ForzaIncentivante_lordo,Equal Split,Tri-level EP,CER_12_13_0,CER_6_19_0,52,76,-1.98181,3.7671,0
penetrazione,n = 25,25,ForzaIncentivante_lordo,Equal Split,Tri-level EP,CER_6_19_0,CER_0_25_0,76,100,3.7671,-0.79555,0
penetrazione,n = 25,25,ForzaIncentivante_lordo,Proportional to Consumption,Remuneration Model 1,CER_12_13_0,CER_6_19_0,52,76,1.29602,-1.3449,0
penetrazione,n = 25,25,ForzaIncentivante_lordo,Proportional to Consumption,Remuneration Model 1,CER_6_19_0,CER_0_25_0,76,100,-1.3449,0.801532,0
penetrazione,n = 25,25,ForzaIncentivante_lordo,Proportional to Consumption,Cascading Tree,CER_12_13_0,CER_6_19_0,52,76,2.32714,-2.6776,0
penetrazione,n = 25,25,ForzaIncentivante_lordo,Proportional to Consumption,Cascading Tree,CER_6_19_0,CER_0_25_0,76,100,-2.6776,0.945719,0
penetrazione,n = 25,25,ForzaIncentivante_lordo,Proportional to Consumption,Weighted Solidarity,CER_12_13_0,CER_6_19_0,52,76,2.671,-2.44329,0
penetrazione,n = 25,25,ForzaIncentivante_lordo,Proportional to Consumption,Weighted Solidarity,CER_6_19_0,CER_0_25_0,76,100,-2.44329,0.195855,0
penetrazione,n = 25,25,ForzaIncentivante_lordo,Proportional to Consumption,Pearson Key,CER_12_13_0,CER_6_19_0,52,76,-0.413971,0.856548,0
penetrazione,n = 25,25,ForzaIncentivante_lordo,Proportional to Consumption,Pearson Key,CER_6_19_0,CER_0_25_0,76,100,0.856548,-0.830988,0
penetrazione,n = 25,25,ForzaIncentivante_lordo,Proportional to Consumption,Pearson-Sharing Rate,CER_12_13_0,CER_6_19_0,52,76,-0.403053,0.845156,0
penetrazione,n = 25,25,ForzaIncentivante_lordo,Proportional to Consumption,Pearson-Sharing Rate,CER_6_19_0,CER_0_25_0,76,100,0.845156,-0.836038,0
penetrazione,n = 25,25,ForzaIncentivante_lordo,Proportional to Consumption,Similarity-Utilization,CER_12_13_0,CER_6_19_0,52,76,-0.765652,0.704048,0
penetrazione,n = 25,25,ForzaIncentivante_lordo,Proportional to Consumption,Similarity-Utilization,CER_6_19_0,CER_0_25_0,76,100,0.704048,-1.78254,0
penetrazione,n = 25,25,ForzaIncentivante_lordo,Proportional to Consumption,Tri-level EP,CER_12_13_0,CER_6_19_0,52,76,-0.455855,0.807691,0
penetrazione,n = 25,25,ForzaIncentivante_lordo,Proportional to Consumption,Tri-level EP,CER_6_19_0,CER_0_25_0,76,100,0.807691,-0.802865,0
penetrazione,n = 25,25,ForzaIncentivante_lordo,Remuneration Model 1,Cascading Tree,CER_12_13_0,CER_6_19_0,52,76,1.03112,-1.33271,0
penetrazione,n = 25,25,ForzaIncentivante_lordo,Remuneration Model 1,Cascading Tree,CER_6_19_0,CER_0_25_0,76,100,-1.33271,0.144187,0
penetrazione,n = 25,25,ForzaIncentivante_lordo,Remuneration Model 1,Weighted Solidarity,CER_12_13_0,CER_6_19_0,52,76,1.37498,-1.0984,0
penetrazione,n = 25,25,ForzaIncentivante_lordo,Remuneration Model 1,Pearson Key,CER_12_13_0,CER_6_19_0,52,76,-1.70999,2.20145,0
penetrazione,n = 25,25,ForzaIncentivante_lordo,Remuneration Model 1,Pearson Key,CER_6_19_0,CER_0_25_0,76,100,2.20145,-1.63252,0
penetrazione,n = 25,25,ForzaIncentivante_lordo,Remuneration Model 1,Pearson-Sharing Rate,CER_12_13_0,CER_6_19_0,52,76,-1.69907,2.19005,0
penetrazione,n = 25,25,ForzaIncentivante_lordo,Remuneration Model 1,Pearson-Sharing Rate,CER_6_19_0,CER_0_25_0,76,100,2.19005,-1.63757,0
penetrazione,n = 25,25,ForzaIncentivante_lordo,Remuneration Model 1,Similarity-Utilization,CER_12_13_0,CER_6_19_0,52,76,-2.06167,2.04894,0
penetrazione,n = 25,25,ForzaIncentivante_lordo,Remuneration Model 1,Similarity-Utilization,CER_6_19_0,CER_0_25_0,76,100,2.04894,-2.58407,0
penetrazione,n = 25,25,ForzaIncentivante_lordo,Remuneration Model 1,Marginal Contribution,CER_18_7_0,CER_12_13_0,28,52,0.0587094,-1.08649,0
penetrazione,n = 25,25,ForzaIncentivante_lordo,Remuneration Model 1,Marginal Contribution,CER_12_13_0,CER_6_19_0,52,76,-1.08649,1.94692,0
penetrazione,n = 25,25,ForzaIncentivante_lordo,Remuneration Model 1,Marginal Contribution,CER_6_19_0,CER_0_25_0,76,100,1.94692,-0.720341,0
penetrazione,n = 25,25,ForzaIncentivante_lordo,Remuneration Model 1,Stratified Expected Value,CER_12_13_0,CER_6_19_0,52,76,-1.17714,2.02389,0
penetrazione,n = 25,25,ForzaIncentivante_lordo,Remuneration Model 1,Stratified Expected Value,CER_6_19_0,CER_0_25_0,76,100,2.02389,-0.75225,0
penetrazione,n = 25,25,ForzaIncentivante_lordo,Remuneration Model 1,Adaptive Sampling Shapley,CER_18_7_0,CER_12_13_0,28,52,0.197551,-0.926432,0
penetrazione,n = 25,25,ForzaIncentivante_lordo,Remuneration Model 1,Adaptive Sampling Shapley,CER_12_13_0,CER_6_19_0,52,76,-0.926432,1.68086,0
penetrazione,n = 25,25,ForzaIncentivante_lordo,Remuneration Model 1,Adaptive Sampling Shapley,CER_6_19_0,CER_0_25_0,76,100,1.68086,-0.695185,0
penetrazione,n = 25,25,ForzaIncentivante_lordo,Remuneration Model 1,Tri-level EP,CER_12_13_0,CER_6_19_0,52,76,-1.75187,2.15259,0
penetrazione,n = 25,25,ForzaIncentivante_lordo,Remuneration Model 1,Tri-level EP,CER_6_19_0,CER_0_25_0,76,100,2.15259,-1.6044,0
penetrazione,n = 25,25,ForzaIncentivante_lordo,Cascading Tree,Weighted Solidarity,CER_18_7_0,CER_12_13_0,28,52,-0.232547,0.343865,0
penetrazione,n = 25,25,ForzaIncentivante_lordo,Cascading Tree,Weighted Solidarity,CER_6_19_0,CER_0_25_0,76,100,0.23431,-0.749864,0
penetrazione,n = 25,25,ForzaIncentivante_lordo,Cascading Tree,Pearson Key,CER_12_13_0,CER_6_19_0,52,76,-2.74111,3.53415,0
penetrazione,n = 25,25,ForzaIncentivante_lordo,Cascading Tree,Pearson Key,CER_6_19_0,CER_0_25_0,76,100,3.53415,-1.77671,0
penetrazione,n = 25,25,ForzaIncentivante_lordo,Cascading Tree,Pearson-Sharing Rate,CER_12_13_0,CER_6_19_0,52,76,-2.73019,3.52276,0
penetrazione,n = 25,25,ForzaIncentivante_lordo,Cascading Tree,Pearson-Sharing Rate,CER_6_19_0,CER_0_25_0,76,100,3.52276,-1.78176,0
penetrazione,n = 25,25,ForzaIncentivante_lordo,Cascading Tree,Similarity-Utilization,CER_12_13_0,CER_6_19_0,52,76,-3.09279,3.38165,0
penetrazione,n = 25,25,ForzaIncentivante_lordo,Cascading Tree,Similarity-Utilization,CER_6_19_0,CER_0_25_0,76,100,3.38165,-2.72826,0
penetrazione,n = 25,25,ForzaIncentivante_lordo,Cascading Tree,Marginal Contribution,CER_12_13_0,CER_6_19_0,52,76,-2.11761,3.27963,0
penetrazione,n = 25,25,ForzaIncentivante_lordo,Cascading Tree,Marginal Contribution,CER_6_19_0,CER_0_25_0,76,100,3.27963,-0.864528,0
penetrazione,n = 25,25,ForzaIncentivante_lordo,Cascading Tree,Stratified Expected Value,CER_12_13_0,CER_6_19_0,52,76,-2.20826,3.35659,0
penetrazione,n = 25,25,ForzaIncentivante_lordo,Cascading Tree,Stratified Expected Value,CER_6_19_0,CER_0_25_0,76,100,3.35659,-0.896437,0
penetrazione,n = 25,25,ForzaIncentivante_lordo,Cascading Tree,Adaptive Sampling Shapley,CER_12_13_0,CER_6_19_0,52,76,-1.95755,3.01357,0
penetrazione,n = 25,25,ForzaIncentivante_lordo,Cascading Tree,Adaptive Sampling Shapley,CER_6_19_0,CER_0_25_0,76,100,3.01357,-0.839372,0
penetrazione,n = 25,25,ForzaIncentivante_lordo,Cascading Tree,Tri-level EP,CER_12_13_0,CER_6_19_0,52,76,-2.78299,3.48529,0
penetrazione,n = 25,25,ForzaIncentivante_lordo,Cascading Tree,Tri-level EP,CER_6_19_0,CER_0_25_0,76,100,3.48529,-1.74858,0
penetrazione,n = 25,25,ForzaIncentivante_lordo,Weighted Solidarity,Pearson Key,CER_12_13_0,CER_6_19_0,52,76,-3.08497,3.29984,0
penetrazione,n = 25,25,ForzaIncentivante_lordo,Weighted Solidarity,Pearson Key,CER_6_19_0,CER_0_25_0,76,100,3.29984,-1.02684,0
penetrazione,n = 25,25,ForzaIncentivante_lordo,Weighted Solidarity,Pearson-Sharing Rate,CER_12_13_0,CER_6_19_0,52,76,-3.07405,3.28845,0
penetrazione,n = 25,25,ForzaIncentivante_lordo,Weighted Solidarity,Pearson-Sharing Rate,CER_6_19_0,CER_0_25_0,76,100,3.28845,-1.03189,0
penetrazione,n = 25,25,ForzaIncentivante_lordo,Weighted Solidarity,Similarity-Utilization,CER_12_13_0,CER_6_19_0,52,76,-3.43665,3.14734,0
penetrazione,n = 25,25,ForzaIncentivante_lordo,Weighted Solidarity,Similarity-Utilization,CER_6_19_0,CER_0_25_0,76,100,3.14734,-1.9784,0
penetrazione,n = 25,25,ForzaIncentivante_lordo,Weighted Solidarity,Marginal Contribution,CER_12_13_0,CER_6_19_0,52,76,-2.46148,3.04532,0
penetrazione,n = 25,25,ForzaIncentivante_lordo,Weighted Solidarity,Marginal Contribution,CER_6_19_0,CER_0_25_0,76,100,3.04532,-0.114664,0
penetrazione,n = 25,25,ForzaIncentivante_lordo,Weighted Solidarity,Stratified Expected Value,CER_12_13_0,CER_6_19_0,52,76,-2.55212,3.12228,0
penetrazione,n = 25,25,ForzaIncentivante_lordo,Weighted Solidarity,Stratified Expected Value,CER_6_19_0,CER_0_25_0,76,100,3.12228,-0.146573,0
penetrazione,n = 25,25,ForzaIncentivante_lordo,Weighted Solidarity,Adaptive Sampling Shapley,CER_12_13_0,CER_6_19_0,52,76,-2.30142,2.77926,0
penetrazione,n = 25,25,ForzaIncentivante_lordo,Weighted Solidarity,Adaptive Sampling Shapley,CER_6_19_0,CER_0_25_0,76,100,2.77926,-0.0895083,0
penetrazione,n = 25,25,ForzaIncentivante_lordo,Weighted Solidarity,Tri-level EP,CER_12_13_0,CER_6_19_0,52,76,-3.12686,3.25098,0
penetrazione,n = 25,25,ForzaIncentivante_lordo,Weighted Solidarity,Tri-level EP,CER_6_19_0,CER_0_25_0,76,100,3.25098,-0.99872,0
penetrazione,n = 25,25,ForzaIncentivante_lordo,Pearson Key,Pearson-Sharing Rate,CER_12_13_0,CER_6_19_0,52,76,0.0109177,-0.0113926,0
penetrazione,n = 25,25,ForzaIncentivante_lordo,Pearson Key,Marginal Contribution,CER_12_13_0,CER_6_19_0,52,76,0.623495,-0.254522,0
penetrazione,n = 25,25,ForzaIncentivante_lordo,Pearson Key,Marginal Contribution,CER_6_19_0,CER_0_25_0,76,100,-0.254522,0.912179,0
penetrazione,n = 25,25,ForzaIncentivante_lordo,Pearson Key,Stratified Expected Value,CER_12_13_0,CER_6_19_0,52,76,0.532847,-0.17756,0
penetrazione,n = 25,25,ForzaIncentivante_lordo,Pearson Key,Stratified Expected Value,CER_6_19_0,CER_0_25_0,76,100,-0.17756,0.88027,0
penetrazione,n = 25,25,ForzaIncentivante_lordo,Pearson Key,Adaptive Sampling Shapley,CER_12_13_0,CER_6_19_0,52,76,0.783555,-0.520586,0
penetrazione,n = 25,25,ForzaIncentivante_lordo,Pearson Key,Adaptive Sampling Shapley,CER_6_19_0,CER_0_25_0,76,100,-0.520586,0.937335,0
penetrazione,n = 25,25,ForzaIncentivante_lordo,Pearson Key,Tri-level EP,CER_6_19_0,CER_0_25_0,76,100,-0.0488576,0.0281231,0
penetrazione,n = 25,25,ForzaIncentivante_lordo,Pearson-Sharing Rate,Marginal Contribution,CER_12_13_0,CER_6_19_0,52,76,0.612577,-0.243129,0
penetrazione,n = 25,25,ForzaIncentivante_lordo,Pearson-Sharing Rate,Marginal Contribution,CER_6_19_0,CER_0_25_0,76,100,-0.243129,0.917229,0
penetrazione,n = 25,25,ForzaIncentivante_lordo,Pearson-Sharing Rate,Stratified Expected Value,CER_12_13_0,CER_6_19_0,52,76,0.521929,-0.166167,0
penetrazione,n = 25,25,ForzaIncentivante_lordo,Pearson-Sharing Rate,Stratified Expected Value,CER_6_19_0,CER_0_25_0,76,100,-0.166167,0.88532,0
penetrazione,n = 25,25,ForzaIncentivante_lordo,Pearson-Sharing Rate,Adaptive Sampling Shapley,CER_12_13_0,CER_6_19_0,52,76,0.772637,-0.509193,0
penetrazione,n = 25,25,ForzaIncentivante_lordo,Pearson-Sharing Rate,Adaptive Sampling Shapley,CER_6_19_0,CER_0_25_0,76,100,-0.509193,0.942385,0
penetrazione,n = 25,25,ForzaIncentivante_lordo,Pearson-Sharing Rate,Tri-level EP,CER_6_19_0,CER_0_25_0,76,100,-0.0374649,0.0331736,0
penetrazione,n = 25,25,ForzaIncentivante_lordo,Similarity-Utilization,Marginal Contribution,CER_12_13_0,CER_6_19_0,52,76,0.975176,-0.102021,0
penetrazione,n = 25,25,ForzaIncentivante_lordo,Similarity-Utilization,Marginal Contribution,CER_6_19_0,CER_0_25_0,76,100,-0.102021,1.86373,0
penetrazione,n = 25,25,ForzaIncentivante_lordo,Similarity-Utilization,Stratified Expected Value,CER_12_13_0,CER_6_19_0,52,76,0.884528,-0.025059,0
penetrazione,n = 25,25,ForzaIncentivante_lordo,Similarity-Utilization,Stratified Expected Value,CER_6_19_0,CER_0_25_0,76,100,-0.025059,1.83182,0
penetrazione,n = 25,25,ForzaIncentivante_lordo,Similarity-Utilization,Adaptive Sampling Shapley,CER_12_13_0,CER_6_19_0,52,76,1.13524,-0.368085,0
penetrazione,n = 25,25,ForzaIncentivante_lordo,Similarity-Utilization,Adaptive Sampling Shapley,CER_6_19_0,CER_0_25_0,76,100,-0.368085,1.88889,0
penetrazione,n = 25,25,ForzaIncentivante_lordo,Marginal Contribution,Stratified Expected Value,CER_12_13_0,CER_6_19_0,52,76,-0.0906476,0.0769623,0
penetrazione,n = 25,25,ForzaIncentivante_lordo,Marginal Contribution,Stratified Expected Value,CER_6_19_0,CER_0_25_0,76,100,0.0769623,-0.031909,0
penetrazione,n = 25,25,ForzaIncentivante_lordo,Marginal Contribution,Adaptive Sampling Shapley,CER_12_13_0,CER_6_19_0,52,76,0.16006,-0.266064,0
penetrazione,n = 25,25,ForzaIncentivante_lordo,Marginal Contribution,Adaptive Sampling Shapley,CER_6_19_0,CER_0_25_0,76,100,-0.266064,0.0251562,0
penetrazione,n = 25,25,ForzaIncentivante_lordo,Marginal Contribution,Tri-level EP,CER_12_13_0,CER_6_19_0,52,76,-0.665379,0.205665,0
penetrazione,n = 25,25,ForzaIncentivante_lordo,Marginal Contribution,Tri-level EP,CER_6_19_0,CER_0_25_0,76,100,0.205665,-0.884056,0
penetrazione,n = 25,25,ForzaIncentivante_lordo,Stratified Expected Value,Adaptive Sampling Shapley,CER_12_13_0,CER_6_19_0,52,76,0.250708,-0.343026,0
penetrazione,n = 25,25,ForzaIncentivante_lordo,Stratified Expected Value,Adaptive Sampling Shapley,CER_6_19_0,CER_0_25_0,76,100,-0.343026,0.0570651,0
penetrazione,n = 25,25,ForzaIncentivante_lordo,Stratified Expected Value,Tri-level EP,CER_12_13_0,CER_6_19_0,52,76,-0.574731,0.128702,0
penetrazione,n = 25,25,ForzaIncentivante_lordo,Stratified Expected Value,Tri-level EP,CER_6_19_0,CER_0_25_0,76,100,0.128702,-0.852147,0
penetrazione,n = 25,25,ForzaIncentivante_lordo,Adaptive Sampling Shapley,Tri-level EP,CER_12_13_0,CER_6_19_0,52,76,-0.825439,0.471728,0
penetrazione,n = 25,25,ForzaIncentivante_lordo,Adaptive Sampling Shapley,Tri-level EP,CER_6_19_0,CER_0_25_0,76,100,0.471728,-0.909212,0
penetrazione,n = 25,25,AllineamentoVirtu_lordo,Variance Least Core,Equal Split,CER_12_13_0,CER_6_19_0,52,76,0.175104,-0.273221,0
penetrazione,n = 25,25,AllineamentoVirtu_lordo,Variance Least Core,Remuneration Model 1,CER_18_7_0,CER_12_13_0,28,52,-0.0133537,0.0895319,0
penetrazione,n = 25,25,AllineamentoVirtu_lordo,Variance Least Core,Cascading Tree,CER_12_13_0,CER_6_19_0,52,76,0.482067,-0.0757151,0
penetrazione,n = 25,25,AllineamentoVirtu_lordo,Variance Least Core,Cascading Tree,CER_6_19_0,CER_0_25_0,76,100,-0.0757151,0.796838,0
penetrazione,n = 25,25,AllineamentoVirtu_lordo,Variance Least Core,Weighted Solidarity,CER_12_13_0,CER_6_19_0,52,76,0.511402,-0.1497,0
penetrazione,n = 25,25,AllineamentoVirtu_lordo,Variance Least Core,Weighted Solidarity,CER_6_19_0,CER_0_25_0,76,100,-0.1497,0.0419613,0
penetrazione,n = 25,25,AllineamentoVirtu_lordo,Variance Least Core,Marginal Contribution,CER_12_13_0,CER_6_19_0,52,76,0.00296702,-0.000148023,0
penetrazione,n = 25,25,AllineamentoVirtu_lordo,Variance Least Core,Marginal Contribution,CER_6_19_0,CER_0_25_0,76,100,-0.000148023,0.00025017,0
penetrazione,n = 25,25,AllineamentoVirtu_lordo,Variance Least Core,Adaptive Sampling Shapley,CER_18_7_0,CER_12_13_0,28,52,0.10539,-0.00377975,0
penetrazione,n = 25,25,AllineamentoVirtu_lordo,Variance Least Core,Adaptive Sampling Shapley,CER_6_19_0,CER_0_25_0,76,100,-0.00140634,0.00587081,0
penetrazione,n = 25,25,AllineamentoVirtu_lordo,Equal Split,Proportional to Consumption,CER_12_13_0,CER_6_19_0,52,76,-0.186589,0.273075,0
penetrazione,n = 25,25,AllineamentoVirtu_lordo,Equal Split,Remuneration Model 1,CER_12_13_0,CER_6_19_0,52,76,-0.0855719,0.323951,0
penetrazione,n = 25,25,AllineamentoVirtu_lordo,Equal Split,Pearson Key,CER_12_13_0,CER_6_19_0,52,76,-0.195325,0.259548,0
penetrazione,n = 25,25,AllineamentoVirtu_lordo,Equal Split,Pearson Key,CER_6_19_0,CER_0_25_0,76,100,0.259548,-0.0993554,0
penetrazione,n = 25,25,AllineamentoVirtu_lordo,Equal Split,Pearson-Sharing Rate,CER_12_13_0,CER_6_19_0,52,76,-0.194788,0.259547,0
penetrazione,n = 25,25,AllineamentoVirtu_lordo,Equal Split,Pearson-Sharing Rate,CER_6_19_0,CER_0_25_0,76,100,0.259547,-0.09999,0
penetrazione,n = 25,25,AllineamentoVirtu_lordo,Equal Split,Similarity-Utilization,CER_12_13_0,CER_6_19_0,52,76,-0.230485,0.231875,0
penetrazione,n = 25,25,AllineamentoVirtu_lordo,Equal Split,Similarity-Utilization,CER_6_19_0,CER_0_25_0,76,100,0.231875,-0.248215,0
penetrazione,n = 25,25,AllineamentoVirtu_lordo,Equal Split,Marginal Contribution,CER_12_13_0,CER_6_19_0,52,76,-0.172137,0.273073,0
penetrazione,n = 25,25,AllineamentoVirtu_lordo,Equal Split,Stratified Expected Value,CER_12_13_0,CER_6_19_0,52,76,-0.177501,0.271496,0
penetrazione,n = 25,25,AllineamentoVirtu_lordo,Equal Split,Adaptive Sampling Shapley,CER_12_13_0,CER_6_19_0,52,76,-0.178884,0.271815,0
penetrazione,n = 25,25,AllineamentoVirtu_lordo,Equal Split,Tri-level EP,CER_12_13_0,CER_6_19_0,52,76,-0.201251,0.259812,0
penetrazione,n = 25,25,AllineamentoVirtu_lordo,Equal Split,Tri-level EP,CER_6_19_0,CER_0_25_0,76,100,0.259812,-0.0937739,0
penetrazione,n = 25,25,AllineamentoVirtu_lordo,Proportional to Consumption,Cascading Tree,CER_12_13_0,CER_6_19_0,52,76,0.493552,-0.0755687,0
penetrazione,n = 25,25,AllineamentoVirtu_lordo,Proportional to Consumption,Cascading Tree,CER_6_19_0,CER_0_25_0,76,100,-0.0755687,0.808451,0
penetrazione,n = 25,25,AllineamentoVirtu_lordo,Proportional to Consumption,Weighted Solidarity,CER_12_13_0,CER_6_19_0,52,76,0.522888,-0.149554,0
penetrazione,n = 25,25,AllineamentoVirtu_lordo,Proportional to Consumption,Weighted Solidarity,CER_6_19_0,CER_0_25_0,76,100,-0.149554,0.0535742,0
penetrazione,n = 25,25,AllineamentoVirtu_lordo,Proportional to Consumption,Marginal Contribution,CER_12_13_0,CER_6_19_0,52,76,0.0144526,-1.63761e-06,0
penetrazione,n = 25,25,AllineamentoVirtu_lordo,Proportional to Consumption,Marginal Contribution,CER_6_19_0,CER_0_25_0,76,100,-1.63761e-06,0.0118631,0
penetrazione,n = 25,25,AllineamentoVirtu_lordo,Proportional to Consumption,Stratified Expected Value,CER_18_7_0,CER_12_13_0,28,52,-0.000601812,0.00908861,0
penetrazione,n = 25,25,AllineamentoVirtu_lordo,Proportional to Consumption,Stratified Expected Value,CER_12_13_0,CER_6_19_0,52,76,0.00908861,-0.0015784,0
penetrazione,n = 25,25,AllineamentoVirtu_lordo,Proportional to Consumption,Stratified Expected Value,CER_6_19_0,CER_0_25_0,76,100,-0.0015784,0.00727255,0
penetrazione,n = 25,25,AllineamentoVirtu_lordo,Proportional to Consumption,Adaptive Sampling Shapley,CER_12_13_0,CER_6_19_0,52,76,0.00770583,-0.00125995,0
penetrazione,n = 25,25,AllineamentoVirtu_lordo,Proportional to Consumption,Adaptive Sampling Shapley,CER_6_19_0,CER_0_25_0,76,100,-0.00125995,0.0174837,0
penetrazione,n = 25,25,AllineamentoVirtu_lordo,Remuneration Model 1,Cascading Tree,CER_12_13_0,CER_6_19_0,52,76,0.392535,-0.126445,0
penetrazione,n = 25,25,AllineamentoVirtu_lordo,Remuneration Model 1,Cascading Tree,CER_6_19_0,CER_0_25_0,76,100,-0.126445,0.556968,0
penetrazione,n = 25,25,AllineamentoVirtu_lordo,Remuneration Model 1,Weighted Solidarity,CER_12_13_0,CER_6_19_0,52,76,0.42187,-0.20043,0
penetrazione,n = 25,25,AllineamentoVirtu_lordo,Remuneration Model 1,Marginal Contribution,CER_18_7_0,CER_12_13_0,28,52,0.0668227,-0.0865649,0
penetrazione,n = 25,25,AllineamentoVirtu_lordo,Remuneration Model 1,Adaptive Sampling Shapley,CER_18_7_0,CER_12_13_0,28,52,0.118744,-0.0933117,0
penetrazione,n = 25,25,AllineamentoVirtu_lordo,Cascading Tree,Weighted Solidarity,CER_12_13_0,CER_6_19_0,52,76,0.0293353,-0.0739851,0
penetrazione,n = 25,25,AllineamentoVirtu_lordo,Cascading Tree,Pearson Key,CER_12_13_0,CER_6_19_0,52,76,-0.502288,0.0620424,0
penetrazione,n = 25,25,AllineamentoVirtu_lordo,Cascading Tree,Pearson Key,CER_6_19_0,CER_0_25_0,76,100,0.0620424,-0.909048,0
penetrazione,n = 25,25,AllineamentoVirtu_lordo,Cascading Tree,Pearson-Sharing Rate,CER_12_13_0,CER_6_19_0,52,76,-0.501751,0.0620413,0
penetrazione,n = 25,25,AllineamentoVirtu_lordo,Cascading Tree,Pearson-Sharing Rate,CER_6_19_0,CER_0_25_0,76,100,0.0620413,-0.909683,0
penetrazione,n = 25,25,AllineamentoVirtu_lordo,Cascading Tree,Similarity-Utilization,CER_12_13_0,CER_6_19_0,52,76,-0.537447,0.034369,0
penetrazione,n = 25,25,AllineamentoVirtu_lordo,Cascading Tree,Similarity-Utilization,CER_6_19_0,CER_0_25_0,76,100,0.034369,-1.05791,0
penetrazione,n = 25,25,AllineamentoVirtu_lordo,Cascading Tree,Marginal Contribution,CER_12_13_0,CER_6_19_0,52,76,-0.4791,0.0755671,0
penetrazione,n = 25,25,AllineamentoVirtu_lordo,Cascading Tree,Marginal Contribution,CER_6_19_0,CER_0_25_0,76,100,0.0755671,-0.796588,0
penetrazione,n = 25,25,AllineamentoVirtu_lordo,Cascading Tree,Stratified Expected Value,CER_12_13_0,CER_6_19_0,52,76,-0.484464,0.0739903,0
penetrazione,n = 25,25,AllineamentoVirtu_lordo,Cascading Tree,Stratified Expected Value,CER_6_19_0,CER_0_25_0,76,100,0.0739903,-0.801178,0
penetrazione,n = 25,25,AllineamentoVirtu_lordo,Cascading Tree,Adaptive Sampling Shapley,CER_12_13_0,CER_6_19_0,52,76,-0.485846,0.0743088,0
penetrazione,n = 25,25,AllineamentoVirtu_lordo,Cascading Tree,Adaptive Sampling Shapley,CER_6_19_0,CER_0_25_0,76,100,0.0743088,-0.790967,0
penetrazione,n = 25,25,AllineamentoVirtu_lordo,Cascading Tree,Tri-level EP,CER_12_13_0,CER_6_19_0,52,76,-0.508214,0.0623056,0
penetrazione,n = 25,25,AllineamentoVirtu_lordo,Cascading Tree,Tri-level EP,CER_6_19_0,CER_0_25_0,76,100,0.0623056,-0.903467,0
penetrazione,n = 25,25,AllineamentoVirtu_lordo,Weighted Solidarity,Pearson Key,CER_12_13_0,CER_6_19_0,52,76,-0.531623,0.136027,0
penetrazione,n = 25,25,AllineamentoVirtu_lordo,Weighted Solidarity,Pearson Key,CER_6_19_0,CER_0_25_0,76,100,0.136027,-0.154172,0
penetrazione,n = 25,25,AllineamentoVirtu_lordo,Weighted Solidarity,Pearson-Sharing Rate,CER_12_13_0,CER_6_19_0,52,76,-0.531086,0.136026,0
penetrazione,n = 25,25,AllineamentoVirtu_lordo,Weighted Solidarity,Pearson-Sharing Rate,CER_6_19_0,CER_0_25_0,76,100,0.136026,-0.154806,0
penetrazione,n = 25,25,AllineamentoVirtu_lordo,Weighted Solidarity,Similarity-Utilization,CER_12_13_0,CER_6_19_0,52,76,-0.566783,0.108354,0
penetrazione,n = 25,25,AllineamentoVirtu_lordo,Weighted Solidarity,Similarity-Utilization,CER_6_19_0,CER_0_25_0,76,100,0.108354,-0.303031,0
penetrazione,n = 25,25,AllineamentoVirtu_lordo,Weighted Solidarity,Marginal Contribution,CER_12_13_0,CER_6_19_0,52,76,-0.508435,0.149552,0
penetrazione,n = 25,25,AllineamentoVirtu_lordo,Weighted Solidarity,Marginal Contribution,CER_6_19_0,CER_0_25_0,76,100,0.149552,-0.0417111,0
penetrazione,n = 25,25,AllineamentoVirtu_lordo,Weighted Solidarity,Stratified Expected Value,CER_12_13_0,CER_6_19_0,52,76,-0.513799,0.147975,0
penetrazione,n = 25,25,AllineamentoVirtu_lordo,Weighted Solidarity,Stratified Expected Value,CER_6_19_0,CER_0_25_0,76,100,0.147975,-0.0463016,0
penetrazione,n = 25,25,AllineamentoVirtu_lordo,Weighted Solidarity,Adaptive Sampling Shapley,CER_12_13_0,CER_6_19_0,52,76,-0.515182,0.148294,0
penetrazione,n = 25,25,AllineamentoVirtu_lordo,Weighted Solidarity,Adaptive Sampling Shapley,CER_6_19_0,CER_0_25_0,76,100,0.148294,-0.0360905,0
penetrazione,n = 25,25,AllineamentoVirtu_lordo,Weighted Solidarity,Tri-level EP,CER_12_13_0,CER_6_19_0,52,76,-0.53755,0.136291,0
penetrazione,n = 25,25,AllineamentoVirtu_lordo,Weighted Solidarity,Tri-level EP,CER_6_19_0,CER_0_25_0,76,100,0.136291,-0.14859,0
penetrazione,n = 25,25,AllineamentoVirtu_lordo,Pearson Key,Pearson-Sharing Rate,CER_12_13_0,CER_6_19_0,52,76,0.00053702,-1.10456e-06,0
penetrazione,n = 25,25,AllineamentoVirtu_lordo,Pearson Key,Tri-level EP,CER_12_13_0,CER_6_19_0,52,76,-0.00592627,0.000263235,0
penetrazione,n = 25,25,AllineamentoVirtu_lordo,Pearson-Sharing Rate,Tri-level EP,CER_12_13_0,CER_6_19_0,52,76,-0.00646329,0.000264339,0
penetrazione,n = 25,25,AllineamentoVirtu_lordo,Marginal Contribution,Adaptive Sampling Shapley,CER_18_7_0,CER_12_13_0,28,52,0.0519211,-0.00674677,0
penetrazione,n = 25,25,AllineamentoVirtu_lordo,Marginal Contribution,Adaptive Sampling Shapley,CER_6_19_0,CER_0_25_0,76,100,-0.00125831,0.00562064,0
penetrazione,n = 25,25,AllineamentoVirtu_lordo,Stratified Expected Value,Adaptive Sampling Shapley,CER_18_7_0,CER_12_13_0,28,52,0.131658,-0.00138279,0
penetrazione,n = 25,25,AllineamentoVirtu_lordo,Stratified Expected Value,Adaptive Sampling Shapley,CER_12_13_0,CER_6_19_0,52,76,-0.00138279,0.000318445,0
taglia,fascia 1 (~27%),1,MinMax_con,Variance Least Core,Proportional to Consumption,CER_4_1_0,CER_6_2_0,5,8,-0.00260226,0.0111631,0
taglia,fascia 1 (~27%),1,MinMax_con,Variance Least Core,Remuneration Model 1,CER_4_1_0,CER_6_2_0,5,8,-0.00864475,0.0064327,0
taglia,fascia 1 (~27%),1,MinMax_con,Variance Least Core,Pearson Key,CER_6_2_0,CER_7_3_0,8,10,-1.04443e-05,0.00200547,0
taglia,fascia 1 (~27%),1,MinMax_con,Variance Least Core,Pearson Key,CER_15_5_0,CER_18_7_0,20,25,0.000277743,-0.000950867,0
taglia,fascia 1 (~27%),1,MinMax_con,Variance Least Core,Pearson-Sharing Rate,CER_4_1_0,CER_6_2_0,5,8,-0.0119854,0.000399971,0
taglia,fascia 1 (~27%),1,MinMax_con,Variance Least Core,Pearson-Sharing Rate,CER_15_5_0,CER_18_7_0,20,25,0.000672924,-0.000527984,0
taglia,fascia 1 (~27%),1,MinMax_con,Variance Least Core,Marginal Contribution,CER_4_1_0,CER_6_2_0,5,8,-0.0155706,0.0057131,0
taglia,fascia 1 (~27%),1,MinMax_con,Variance Least Core,Marginal Contribution,CER_7_3_0,CER_11_4_0,10,15,0.0032572,-0.000241668,0
taglia,fascia 1 (~27%),1,MinMax_con,Variance Least Core,Marginal Contribution,CER_11_4_0,CER_13_5_0,15,18,-0.000241668,0.00058964,0
taglia,fascia 1 (~27%),1,MinMax_con,Variance Least Core,Marginal Contribution,CER_13_5_0,CER_15_5_0,18,20,0.00058964,-0.000185568,0
taglia,fascia 1 (~27%),1,MinMax_con,Variance Least Core,Marginal Contribution,CER_15_5_0,CER_18_7_0,20,25,-0.000185568,0.000572994,0
taglia,fascia 1 (~27%),1,MinMax_con,Variance Least Core,Stratified Expected Value,CER_6_2_0,CER_7_3_0,8,10,-0.00110546,0.000365494,0
taglia,fascia 1 (~27%),1,MinMax_con,Variance Least Core,Stratified Expected Value,CER_7_3_0,CER_11_4_0,10,15,0.000365494,-0.00206918,0
taglia,fascia 1 (~27%),1,MinMax_con,Variance Least Core,Adaptive Sampling Shapley,CER_4_1_0,CER_6_2_0,5,8,-0.0125354,0.00332012,0
taglia,fascia 1 (~27%),1,MinMax_con,Variance Least Core,Adaptive Sampling Shapley,CER_15_5_0,CER_18_7_0,20,25,0.00207658,-0.000631077,0
taglia,fascia 1 (~27%),1,MinMax_con,Variance Least Core,Tri-level EP,CER_4_1_0,CER_6_2_0,5,8,-0.0100402,0.00605882,0
taglia,fascia 1 (~27%),1,MinMax_con,Equal Split,Weighted Solidarity,CER_4_1_0,CER_6_2_0,5,8,-0.0191484,0.0102732,0
taglia,fascia 1 (~27%),1,MinMax_con,Equal Split,Weighted Solidarity,CER_6_2_0,CER_7_3_0,8,10,0.0102732,-0.0181906,0
taglia,fascia 1 (~27%),1,MinMax_con,Equal Split,Weighted Solidarity,CER_7_3_0,CER_11_4_0,10,15,-0.0181906,0.00604467,0
taglia,fascia 1 (~27%),1,MinMax_con,Equal Split,Weighted Solidarity,CER_11_4_0,CER_13_5_0,15,18,0.00604467,-0.0486787,0
taglia,fascia 1 (~27%),1,MinMax_con,Equal Split,Similarity-Utilization,CER_13_5_0,CER_15_5_0,18,20,-0.00680598,0.0039743,0
taglia,fascia 1 (~27%),1,MinMax_con,Cascading Tree,Pearson Key,CER_4_1_0,CER_6_2_0,5,8,-0.00210172,0.00976637,0
taglia,fascia 1 (~27%),1,MinMax_con,Cascading Tree,Pearson-Sharing Rate,CER_4_1_0,CER_6_2_0,5,8,-0.00184316,0.0101768,0
taglia,fascia 1 (~27%),1,MinMax_con,Cascading Tree,Marginal Contribution,CER_4_1_0,CER_6_2_0,5,8,-0.00542836,0.0154899,0
taglia,fascia 1 (~27%),1,MinMax_con,Cascading Tree,Stratified Expected Value,CER_4_1_0,CER_6_2_0,5,8,-0.00530279,0.00867135,0
taglia,fascia 1 (~27%),1,MinMax_con,Cascading Tree,Adaptive Sampling Shapley,CER_4_1_0,CER_6_2_0,5,8,-0.00239312,0.0130969,0
taglia,fascia 1 (~27%),1,MinMax_con,Weighted Solidarity,Similarity-Utilization,CER_4_1_0,CER_6_2_0,5,8,0.00936835,-0.0247597,0
taglia,fascia 1 (~27%),1,MinMax_con,Weighted Solidarity,Similarity-Utilization,CER_6_2_0,CER_7_3_0,8,10,-0.0247597,0.0177155,0
taglia,fascia 1 (~27%),1,MinMax_con,Weighted Solidarity,Similarity-Utilization,CER_7_3_0,CER_11_4_0,10,15,0.0177155,-0.00878928,0
taglia,fascia 1 (~27%),1,MinMax_con,Weighted Solidarity,Similarity-Utilization,CER_11_4_0,CER_13_5_0,15,18,-0.00878928,0.0418727,0
taglia,fascia 1 (~27%),1,MinMax_con,Pearson Key,Marginal Contribution,CER_4_1_0,CER_6_2_0,5,8,-0.00332664,0.00572354,0
taglia,fascia 1 (~27%),1,MinMax_con,Pearson Key,Marginal Contribution,CER_7_3_0,CER_11_4_0,10,15,0.00125174,-0.00229615,0
taglia,fascia 1 (~27%),1,MinMax_con,Pearson Key,Marginal Contribution,CER_15_5_0,CER_18_7_0,20,25,-0.00046331,0.00152386,0
taglia,fascia 1 (~27%),1,MinMax_con,Pearson Key,Adaptive Sampling Shapley,CER_4_1_0,CER_6_2_0,5,8,-0.000291394,0.00333057,0
taglia,fascia 1 (~27%),1,MinMax_con,Pearson-Sharing Rate,Marginal Contribution,CER_4_1_0,CER_6_2_0,5,8,-0.0035852,0.00531312,0
taglia,fascia 1 (~27%),1,MinMax_con,Pearson-Sharing Rate,Marginal Contribution,CER_7_3_0,CER_11_4_0,10,15,0.000733823,-0.00278823,0
taglia,fascia 1 (~27%),1,MinMax_con,Pearson-Sharing Rate,Marginal Contribution,CER_15_5_0,CER_18_7_0,20,25,-0.000858491,0.00110098,0
taglia,fascia 1 (~27%),1,MinMax_con,Pearson-Sharing Rate,Adaptive Sampling Shapley,CER_4_1_0,CER_6_2_0,5,8,-0.000549952,0.00292015,0
taglia,fascia 1 (~27%),1,MinMax_con,Pearson-Sharing Rate,Adaptive Sampling Shapley,CER_7_3_0,CER_11_4_0,10,15,9.84739e-05,-0.000308139,0
taglia,fascia 1 (~27%),1,MinMax_con,Pearson-Sharing Rate,Adaptive Sampling Shapley,CER_11_4_0,CER_13_5_0,15,18,-0.000308139,0.000377317,0
taglia,fascia 1 (~27%),1,MinMax_con,Pearson-Sharing Rate,Adaptive Sampling Shapley,CER_15_5_0,CER_18_7_0,20,25,0.00140365,-0.000103092,0
taglia,fascia 1 (~27%),1,MinMax_con,Marginal Contribution,Stratified Expected Value,CER_4_1_0,CER_6_2_0,5,8,0.000125573,-0.00681855,0
taglia,fascia 1 (~27%),1,MinMax_con,Marginal Contribution,Adaptive Sampling Shapley,CER_4_1_0,CER_6_2_0,5,8,0.00303525,-0.00239297,0
taglia,fascia 1 (~27%),1,MinMax_con,Marginal Contribution,Adaptive Sampling Shapley,CER_7_3_0,CER_11_4_0,10,15,-0.000635349,0.00248009,0
taglia,fascia 1 (~27%),1,MinMax_con,Marginal Contribution,Adaptive Sampling Shapley,CER_15_5_0,CER_18_7_0,20,25,0.00226215,-0.00120407,0
taglia,fascia 1 (~27%),1,QoS_orig,Variance Least Core,Equal Split,CER_6_2_0,CER_7_3_0,8,10,-0.00318021,0.000108812,0
taglia,fascia 1 (~27%),1,QoS_orig,Variance Least Core,Equal Split,CER_7_3_0,CER_11_4_0,10,15,0.000108812,-0.000869488,0
taglia,fascia 1 (~27%),1,QoS_orig,Variance Least Core,Proportional to Consumption,CER_4_1_0,CER_6_2_0,5,8,2.20879e-05,-0.00109083,0
taglia,fascia 1 (~27%),1,QoS_orig,Variance Least Core,Remuneration Model 1,CER_6_2_0,CER_7_3_0,8,10,-1.94367e-05,0.00072911,0
taglia,fascia 1 (~27%),1,QoS_orig,Variance Least Core,Remuneration Model 1,CER_7_3_0,CER_11_4_0,10,15,0.00072911,-0.000242537,0
taglia,fascia 1 (~27%),1,QoS_orig,Variance Least Core,Remuneration Model 1,CER_11_4_0,CER_13_5_0,15,18,-0.000242537,6.88706e-05,0
taglia,fascia 1 (~27%),1,QoS_orig,Variance Least Core,Remuneration Model 1,CER_13_5_0,CER_15_5_0,18,20,6.88706e-05,-0.000441346,0
taglia,fascia 1 (~27%),1,QoS_orig,Variance Least Core,Remuneration Model 1,CER_15_5_0,CER_18_7_0,20,25,-0.000441346,0.000770332,0
taglia,fascia 1 (~27%),1,QoS_orig,Variance Least Core,Cascading Tree,CER_4_1_0,CER_6_2_0,5,8,-0.000158516,0.000363522,0
taglia,fascia 1 (~27%),1,QoS_orig,Variance Least Core,Weighted Solidarity,CER_6_2_0,CER_7_3_0,8,10,-0.000862602,3.03502e-05,0
taglia,fascia 1 (~27%),1,QoS_orig,Variance Least Core,Weighted Solidarity,CER_7_3_0,CER_11_4_0,10,15,3.03502e-05,-0.000879975,0
taglia,fascia 1 (~27%),1,QoS_orig,Variance Least Core,Marginal Contribution,CER_4_1_0,CER_6_2_0,5,8,-0.000258703,0.000892438,0
taglia,fascia 1 (~27%),1,QoS_orig,Variance Least Core,Stratified Expected Value,CER_4_1_0,CER_6_2_0,5,8,-0.000248805,4.18532e-05,0
taglia,fascia 1 (~27%),1,QoS_orig,Variance Least Core,Stratified Expected Value,CER_6_2_0,CER_7_3_0,8,10,4.18532e-05,-0.00031661,0
taglia,fascia 1 (~27%),1,QoS_orig,Variance Least Core,Adaptive Sampling Shapley,CER_4_1_0,CER_6_2_0,5,8,-0.000187778,0.00112794,0
taglia,fascia 1 (~27%),1,QoS_orig,Equal Split,Proportional to Consumption,CER_6_2_0,CER_7_3_0,8,10,0.00208938,-0.00150925,0
taglia,fascia 1 (~27%),1,QoS_orig,Equal Split,Weighted Solidarity,CER_4_1_0,CER_6_2_0,5,8,-0.000475884,0.00231761,0
taglia,fascia 1 (~27%),1,QoS_orig,Equal Split,Weighted Solidarity,CER_6_2_0,CER_7_3_0,8,10,0.00231761,-7.84621e-05,0
taglia,fascia 1 (~27%),1,QoS_orig,Equal Split,Pearson Key,CER_6_2_0,CER_7_3_0,8,10,0.0011429,-0.00277232,0
taglia,fascia 1 (~27%),1,QoS_orig,Equal Split,Pearson-Sharing Rate,CER_6_2_0,CER_7_3_0,8,10,0.00118291,-0.00273811,0
taglia,fascia 1 (~27%),1,QoS_orig,Equal Split,Stratified Expected Value,CER_6_2_0,CER_7_3_0,8,10,0.00322206,-0.000425422,0
taglia,fascia 1 (~27%),1,QoS_orig,Equal Split,Stratified Expected Value,CER_7_3_0,CER_11_4_0,10,15,-0.000425422,0.000525457,0
taglia,fascia 1 (~27%),1,QoS_orig,Equal Split,Stratified Expected Value,CER_11_4_0,CER_13_5_0,15,18,0.000525457,-5.80413e-05,0
taglia,fascia 1 (~27%),1,QoS_orig,Equal Split,Stratified Expected Value,CER_13_5_0,CER_15_5_0,18,20,-5.80413e-05,0.000766146,0
taglia,fascia 1 (~27%),1,QoS_orig,Equal Split,Stratified Expected Value,CER_15_5_0,CER_18_7_0,20,25,0.000766146,-0.000200469,0
taglia,fascia 1 (~27%),1,QoS_orig,Equal Split,Tri-level EP,CER_6_2_0,CER_7_3_0,8,10,0.00156018,-0.0025009,0
taglia,fascia 1 (~27%),1,QoS_orig,Proportional to Consumption,Remuneration Model 1,CER_4_1_0,CER_6_2_0,5,8,-0.000144936,0.00107139,0
taglia,fascia 1 (~27%),1,QoS_orig,Proportional to Consumption,Cascading Tree,CER_4_1_0,CER_6_2_0,5,8,-0.000180604,0.00145435,0
taglia,fascia 1 (~27%),1,QoS_orig,Proportional to Consumption,Weighted Solidarity,CER_4_1_0,CER_6_2_0,5,8,-0.00104073,0.000228224,0
taglia,fascia 1 (~27%),1,QoS_orig,Proportional to Consumption,Marginal Contribution,CER_4_1_0,CER_6_2_0,5,8,-0.000280791,0.00198326,0
taglia,fascia 1 (~27%),1,QoS_orig,Proportional to Consumption,Stratified Expected Value,CER_4_1_0,CER_6_2_0,5,8,-0.000270893,0.00113268,0
taglia,fascia 1 (~27%),1,QoS_orig,Proportional to Consumption,Adaptive Sampling Shapley,CER_4_1_0,CER_6_2_0,5,8,-0.000209866,0.00221876,0
taglia,fascia 1 (~27%),1,QoS_orig,Remuneration Model 1,Cascading Tree,CER_4_1_0,CER_6_2_0,5,8,-3.56683e-05,0.000382959,0
taglia,fascia 1 (~27%),1,QoS_orig,Remuneration Model 1,Marginal Contribution,CER_4_1_0,CER_6_2_0,5,8,-0.000135855,0.000911875,0
taglia,fascia 1 (~27%),1,QoS_orig,Remuneration Model 1,Marginal Contribution,CER_6_2_0,CER_7_3_0,8,10,0.000911875,-0.000437219,0
taglia,fascia 1 (~27%),1,QoS_orig,Remuneration Model 1,Marginal Contribution,CER_7_3_0,CER_11_4_0,10,15,-0.000437219,0.000515666,0
taglia,fascia 1 (~27%),1,QoS_orig,Remuneration Model 1,Marginal Contribution,CER_15_5_0,CER_18_7_0,20,25,0.000623955,-0.000586771,0
taglia,fascia 1 (~27%),1,QoS_orig,Remuneration Model 1,Stratified Expected Value,CER_4_1_0,CER_6_2_0,5,8,-0.000125958,6.12899e-05,0
taglia,fascia 1 (~27%),1,QoS_orig,Remuneration Model 1,Stratified Expected Value,CER_6_2_0,CER_7_3_0,8,10,6.12899e-05,-0.00104572,0
taglia,fascia 1 (~27%),1,QoS_orig,Remuneration Model 1,Stratified Expected Value,CER_13_5_0,CER_15_5_0,18,20,-0.000395715,0.000104054,0
taglia,fascia 1 (~27%),1,QoS_orig,Remuneration Model 1,Stratified Expected Value,CER_15_5_0,CER_18_7_0,20,25,0.000104054,-0.00107815,0
taglia,fascia 1 (~27%),1,QoS_orig,Remuneration Model 1,Adaptive Sampling Shapley,CER_4_1_0,CER_6_2_0,5,8,-6.49304e-05,0.00114738,0
taglia,fascia 1 (~27%),1,QoS_orig,Remuneration Model 1,Tri-level EP,CER_4_1_0,CER_6_2_0,5,8,3.8087e-05,-0.00160059,0
taglia,fascia 1 (~27%),1,QoS_orig,Cascading Tree,Marginal Contribution,CER_4_1_0,CER_6_2_0,5,8,-0.000100187,0.000528916,0
taglia,fascia 1 (~27%),1,QoS_orig,Cascading Tree,Marginal Contribution,CER_6_2_0,CER_7_3_0,8,10,0.000528916,-0.00351108,0
taglia,fascia 1 (~27%),1,QoS_orig,Cascading Tree,Adaptive Sampling Shapley,CER_4_1_0,CER_6_2_0,5,8,-2.92621e-05,0.000764417,0
taglia,fascia 1 (~27%),1,QoS_orig,Cascading Tree,Adaptive Sampling Shapley,CER_6_2_0,CER_7_3_0,8,10,0.000764417,-0.00180996,0
taglia,fascia 1 (~27%),1,QoS_orig,Cascading Tree,Tri-level EP,CER_4_1_0,CER_6_2_0,5,8,7.37553e-05,-0.00198355,0
taglia,fascia 1 (~27%),1,QoS_orig,Weighted Solidarity,Pearson Key,CER_4_1_0,CER_6_2_0,5,8,0.000831476,-0.00117471,0
taglia,fascia 1 (~27%),1,QoS_orig,Weighted Solidarity,Pearson-Sharing Rate,CER_4_1_0,CER_6_2_0,5,8,0.000836194,-0.00113469,0
taglia,fascia 1 (~27%),1,QoS_orig,Weighted Solidarity,Similarity-Utilization,CER_4_1_0,CER_6_2_0,5,8,0.00031373,-0.00459097,0
taglia,fascia 1 (~27%),1,QoS_orig,Weighted Solidarity,Stratified Expected Value,CER_6_2_0,CER_7_3_0,8,10,0.000904455,-0.00034696,0
taglia,fascia 1 (~27%),1,QoS_orig,Weighted Solidarity,Stratified Expected Value,CER_7_3_0,CER_11_4_0,10,15,-0.00034696,0.000535944,0
taglia,fascia 1 (~27%),1,QoS_orig,Weighted Solidarity,Tri-level EP,CER_4_1_0,CER_6_2_0,5,8,0.000933878,-0.000757422,0
taglia,fascia 1 (~27%),1,QoS_orig,Pearson Key,Marginal Contribution,CER_4_1_0,CER_6_2_0,5,8,-7.15394e-05,0.00292974,0
taglia,fascia 1 (~27%),1,QoS_orig,Pearson Key,Stratified Expected Value,CER_4_1_0,CER_6_2_0,5,8,-6.16417e-05,0.00207916,0
taglia,fascia 1 (~27%),1,QoS_orig,Pearson Key,Adaptive Sampling Shapley,CER_4_1_0,CER_6_2_0,5,8,-6.14546e-07,0.00316525,0
taglia,fascia 1 (~27%),1,QoS_orig,Pearson-Sharing Rate,Marginal Contribution,CER_4_1_0,CER_6_2_0,5,8,-7.62579e-05,0.00288973,0
taglia,fascia 1 (~27%),1,QoS_orig,Pearson-Sharing Rate,Stratified Expected Value,CER_4_1_0,CER_6_2_0,5,8,-6.63602e-05,0.00203915,0
taglia,fascia 1 (~27%),1,QoS_orig,Pearson-Sharing Rate,Adaptive Sampling Shapley,CER_4_1_0,CER_6_2_0,5,8,-5.33307e-06,0.00312523,0
taglia,fascia 1 (~27%),1,QoS_orig,Marginal Contribution,Stratified Expected Value,CER_4_1_0,CER_6_2_0,5,8,9.8977e-06,-0.000850585,0
taglia,fascia 1 (~27%),1,QoS_orig,Marginal Contribution,Tri-level EP,CER_4_1_0,CER_6_2_0,5,8,0.000173942,-0.00251246,0
taglia,fascia 1 (~27%),1,QoS_orig,Stratified Expected Value,Tri-level EP,CER_4_1_0,CER_6_2_0,5,8,0.000164045,-0.00166188,0
taglia,fascia 1 (~27%),1,QoS_orig,Adaptive Sampling Shapley,Tri-level EP,CER_4_1_0,CER_6_2_0,5,8,0.000103017,-0.00274796,0
taglia,fascia 1 (~27%),1,QoS_new,Variance Least Core,Proportional to Consumption,CER_15_5_0,CER_18_7_0,20,25,0.000612608,-0.000125628,0
taglia,fascia 1 (~27%),1,QoS_new,Variance Least Core,Remuneration Model 1,CER_4_1_0,CER_6_2_0,5,8,-0.000725634,0.00168268,0
taglia,fascia 1 (~27%),1,QoS_new,Variance Least Core,Pearson Key,CER_6_2_0,CER_7_3_0,8,10,-0.000160593,0.000340393,0
taglia,fascia 1 (~27%),1,QoS_new,Variance Least Core,Pearson Key,CER_11_4_0,CER_13_5_0,15,18,2.35861e-05,-0.000174201,0
taglia,fascia 1 (~27%),1,QoS_new,Variance Least Core,Pearson-Sharing Rate,CER_6_2_0,CER_7_3_0,8,10,-3.01971e-05,0.000390109,0
taglia,fascia 1 (~27%),1,QoS_new,Variance Least Core,Pearson-Sharing Rate,CER_11_4_0,CER_13_5_0,15,18,7.73225e-05,-0.000136239,0
taglia,fascia 1 (~27%),1,QoS_new,Variance Least Core,Marginal Contribution,CER_4_1_0,CER_6_2_0,5,8,-0.0015319,0.00206649,0
taglia,fascia 1 (~27%),1,QoS_new,Variance Least Core,Marginal Contribution,CER_7_3_0,CER_11_4_0,10,15,0.000394295,-4.38018e-06,0
taglia,fascia 1 (~27%),1,QoS_new,Variance Least Core,Marginal Contribution,CER_11_4_0,CER_13_5_0,15,18,-4.38018e-06,4.75734e-05,0
taglia,fascia 1 (~27%),1,QoS_new,Variance Least Core,Stratified Expected Value,CER_4_1_0,CER_6_2_0,5,8,-0.00147181,0.000143807,0
taglia,fascia 1 (~27%),1,QoS_new,Variance Least Core,Stratified Expected Value,CER_7_3_0,CER_11_4_0,10,15,2.36013e-05,-0.000325946,0
taglia,fascia 1 (~27%),1,QoS_new,Variance Least Core,Adaptive Sampling Shapley,CER_4_1_0,CER_6_2_0,5,8,-0.00111027,0.000787509,0
taglia,fascia 1 (~27%),1,QoS_new,Variance Least Core,Adaptive Sampling Shapley,CER_11_4_0,CER_13_5_0,15,18,3.39526e-05,-9.93643e-06,0
taglia,fascia 1 (~27%),1,QoS_new,Variance Least Core,Adaptive Sampling Shapley,CER_13_5_0,CER_15_5_0,18,20,-9.93643e-06,7.72344e-05,0
taglia,fascia 1 (~27%),1,QoS_new,Variance Least Core,Adaptive Sampling Shapley,CER_15_5_0,CER_18_7_0,20,25,7.72344e-05,-9.88566e-05,0
taglia,fascia 1 (~27%),1,QoS_new,Variance Least Core,Tri-level EP,CER_4_1_0,CER_6_2_0,5,8,-0.00049627,0.00131271,0
taglia,fascia 1 (~27%),1,QoS_new,Equal Split,Weighted Solidarity,CER_4_1_0,CER_6_2_0,5,8,-0.0028055,0.00747574,0
taglia,fascia 1 (~27%),1,QoS_new,Equal Split,Weighted Solidarity,CER_6_2_0,CER_7_3_0,8,10,0.00747574,-0.00182536,0
taglia,fascia 1 (~27%),1,QoS_new,Equal Split,Similarity-Utilization,CER_11_4_0,CER_13_5_0,15,18,-0.000312366,0.000197889,0
taglia,fascia 1 (~27%),1,QoS_new,Proportional to Consumption,Remuneration Model 1,CER_15_5_0,CER_18_7_0,20,25,-0.000211635,0.000176701,0
taglia,fascia 1 (~27%),1,QoS_new,Proportional to Consumption,Marginal Contribution,CER_15_5_0,CER_18_7_0,20,25,-0.000589688,0.000166947,0
taglia,fascia 1 (~27%),1,QoS_new,Proportional to Consumption,Adaptive Sampling Shapley,CER_15_5_0,CER_18_7_0,20,25,-0.000535373,2.67717e-05,0
taglia,fascia 1 (~27%),1,QoS_new,Proportional to Consumption,Tri-level EP,CER_15_5_0,CER_18_7_0,20,25,-0.00039154,0.000280286,0
taglia,fascia 1 (~27%),1,QoS_new,Remuneration Model 1,Marginal Contribution,CER_4_1_0,CER_6_2_0,5,8,-0.000806266,0.000383812,0
taglia,fascia 1 (~27%),1,QoS_new,Remuneration Model 1,Marginal Contribution,CER_6_2_0,CER_7_3_0,8,10,0.000383812,-0.00035229,0
taglia,fascia 1 (~27%),1,QoS_new,Remuneration Model 1,Tri-level EP,CER_4_1_0,CER_6_2_0,5,8,0.000229364,-0.000369971,0
taglia,fascia 1 (~27%),1,QoS_new,Remuneration Model 1,Tri-level EP,CER_15_5_0,CER_18_7_0,20,25,-0.000179906,0.000103585,0
taglia,fascia 1 (~27%),1,QoS_new,Cascading Tree,Pearson Key,CER_4_1_0,CER_6_2_0,5,8,-0.00017064,0.00200836,0
taglia,fascia 1 (~27%),1,QoS_new,Cascading Tree,Pearson-Sharing Rate,CER_4_1_0,CER_6_2_0,5,8,-0.000142596,0.00213876,0
taglia,fascia 1 (~27%),1,QoS_new,Cascading Tree,Similarity-Utilization,CER_15_5_0,CER_18_7_0,20,25,-0.00127159,3.90376e-05,0
taglia,fascia 1 (~27%),1,QoS_new,Cascading Tree,Marginal Contribution,CER_4_1_0,CER_6_2_0,5,8,-0.00059603,0.00423544,0
taglia,fascia 1 (~27%),1,QoS_new,Cascading Tree,Stratified Expected Value,CER_4_1_0,CER_6_2_0,5,8,-0.00053594,0.00231276,0
taglia,fascia 1 (~27%),1,QoS_new,Cascading Tree,Adaptive Sampling Shapley,CER_4_1_0,CER_6_2_0,5,8,-0.000174398,0.00295646,0
taglia,fascia 1 (~27%),1,QoS_new,Weighted Solidarity,Similarity-Utilization,CER_4_1_0,CER_6_2_0,5,8,0.00184158,-0.0100961,0
taglia,fascia 1 (~27%),1,QoS_new,Weighted Solidarity,Similarity-Utilization,CER_6_2_0,CER_7_3_0,8,10,-0.0100961,0.0015055,0
taglia,fascia 1 (~27%),1,QoS_new,Pearson Key,Marginal Contribution,CER_4_1_0,CER_6_2_0,5,8,-0.000425389,0.00222708,0
taglia,fascia 1 (~27%),1,QoS_new,Pearson Key,Marginal Contribution,CER_7_3_0,CER_11_4_0,10,15,5.39018e-05,-2.79662e-05,0
taglia,fascia 1 (~27%),1,QoS_new,Pearson Key,Marginal Contribution,CER_11_4_0,CER_13_5_0,15,18,-2.79662e-05,0.000221774,0
taglia,fascia 1 (~27%),1,QoS_new,Pearson Key,Stratified Expected Value,CER_4_1_0,CER_6_2_0,5,8,-0.0003653,0.0003044,0
taglia,fascia 1 (~27%),1,QoS_new,Pearson Key,Stratified Expected Value,CER_6_2_0,CER_7_3_0,8,10,0.0003044,-0.000316791,0
taglia,fascia 1 (~27%),1,QoS_new,Pearson Key,Stratified Expected Value,CER_15_5_0,CER_18_7_0,20,25,-0.000217495,7.27624e-05,0
taglia,fascia 1 (~27%),1,QoS_new,Pearson Key,Adaptive Sampling Shapley,CER_4_1_0,CER_6_2_0,5,8,-3.75796e-06,0.000948102,0
taglia,fascia 1 (~27%),1,QoS_new,Pearson-Sharing Rate,Marginal Contribution,CER_4_1_0,CER_6_2_0,5,8,-0.000453433,0.00209669,0
taglia,fascia 1 (~27%),1,QoS_new,Pearson-Sharing Rate,Marginal Contribution,CER_7_3_0,CER_11_4_0,10,15,4.18599e-06,-8.17027e-05,0
taglia,fascia 1 (~27%),1,QoS_new,Pearson-Sharing Rate,Marginal Contribution,CER_11_4_0,CER_13_5_0,15,18,-8.17027e-05,0.000183813,0
taglia,fascia 1 (~27%),1,QoS_new,Pearson-Sharing Rate,Stratified Expected Value,CER_4_1_0,CER_6_2_0,5,8,-0.000393344,0.000174004,0
taglia,fascia 1 (~27%),1,QoS_new,Pearson-Sharing Rate,Stratified Expected Value,CER_6_2_0,CER_7_3_0,8,10,0.000174004,-0.000366507,0
taglia,fascia 1 (~27%),1,QoS_new,Pearson-Sharing Rate,Stratified Expected Value,CER_15_5_0,CER_18_7_0,20,25,-0.000263399,4.72674e-05,0
taglia,fascia 1 (~27%),1,QoS_new,Pearson-Sharing Rate,Adaptive Sampling Shapley,CER_4_1_0,CER_6_2_0,5,8,-3.18017e-05,0.000817706,0
taglia,fascia 1 (~27%),1,QoS_new,Pearson-Sharing Rate,Adaptive Sampling Shapley,CER_6_2_0,CER_7_3_0,8,10,0.000817706,-4.40197e-05,0
taglia,fascia 1 (~27%),1,QoS_new,Pearson-Sharing Rate,Adaptive Sampling Shapley,CER_11_4_0,CER_13_5_0,15,18,-4.33699e-05,0.000126303,0
taglia,fascia 1 (~27%),1,QoS_new,Marginal Contribution,Stratified Expected Value,CER_4_1_0,CER_6_2_0,5,8,6.00894e-05,-0.00192268,0
taglia,fascia 1 (~27%),1,QoS_new,Marginal Contribution,Adaptive Sampling Shapley,CER_4_1_0,CER_6_2_0,5,8,0.000421631,-0.00127898,0
taglia,fascia 1 (~27%),1,QoS_new,Marginal Contribution,Adaptive Sampling Shapley,CER_7_3_0,CER_11_4_0,10,15,-4.82057e-05,3.83328e-05,0
taglia,fascia 1 (~27%),1,QoS_new,Marginal Contribution,Adaptive Sampling Shapley,CER_11_4_0,CER_13_5_0,15,18,3.83328e-05,-5.75098e-05,0
taglia,fascia 1 (~27%),1,QoS_new,Marginal Contribution,Adaptive Sampling Shapley,CER_13_5_0,CER_15_5_0,18,20,-5.75098e-05,5.43147e-05,0
taglia,fascia 1 (~27%),1,QoS_new,Marginal Contribution,Adaptive Sampling Shapley,CER_15_5_0,CER_18_7_0,20,25,5.43147e-05,-0.000140176,0
taglia,fascia 1 (~27%),1,QoS_new,Marginal Contribution,Tri-level EP,CER_4_1_0,CER_6_2_0,5,8,0.00103563,-0.000753783,0
taglia,fascia 1 (~27%),1,QoS_new,Marginal Contribution,Tri-level EP,CER_6_2_0,CER_7_3_0,8,10,-0.000753783,0.000338739,0
taglia,fascia 1 (~27%),1,QoS_new,Marginal Contribution,Tri-level EP,CER_11_4_0,CER_13_5_0,15,18,0.000227514,-2.25589e-05,0
taglia,fascia 1 (~27%),1,QoS_new,Marginal Contribution,Tri-level EP,CER_13_5_0,CER_15_5_0,18,20,-2.25589e-05,0.000198148,0
taglia,fascia 1 (~27%),1,EI_orig,Variance Least Core,Proportional to Consumption,CER_4_1_0,CER_6_2_0,5,8,-0.125443,0.213456,0
taglia,fascia 1 (~27%),1,EI_orig,Variance Least Core,Cascading Tree,CER_4_1_0,CER_6_2_0,5,8,-0.0787255,0.125286,0
taglia,fascia 1 (~27%),1,EI_orig,Variance Least Core,Weighted Solidarity,CER_4_1_0,CER_6_2_0,5,8,-0.266194,0.0331194,0
taglia,fascia 1 (~27%),1,EI_orig,Variance Least Core,Weighted Solidarity,CER_6_2_0,CER_7_3_0,8,10,0.0331194,-0.00707016,0
taglia,fascia 1 (~27%),1,EI_orig,Variance Least Core,Weighted Solidarity,CER_7_3_0,CER_11_4_0,10,15,-0.00707016,0.0189319,0
taglia,fascia 1 (~27%),1,EI_orig,Variance Least Core,Pearson Key,CER_4_1_0,CER_6_2_0,5,8,-0.148379,0.2046,0
taglia,fascia 1 (~27%),1,EI_orig,Variance Least Core,Pearson-Sharing Rate,CER_4_1_0,CER_6_2_0,5,8,-0.147846,0.204827,0
taglia,fascia 1 (~27%),1,EI_orig,Variance Least Core,Similarity-Utilization,CER_4_1_0,CER_6_2_0,5,8,-0.164536,0.150459,0
taglia,fascia 1 (~27%),1,EI_orig,Variance Least Core,Marginal Contribution,CER_4_1_0,CER_6_2_0,5,8,-0.0192526,0.0514219,0
taglia,fascia 1 (~27%),1,EI_orig,Variance Least Core,Marginal Contribution,CER_15_5_0,CER_18_7_0,20,25,0.00874339,-0.000937191,0
taglia,fascia 1 (~27%),1,EI_orig,Variance Least Core,Stratified Expected Value,CER_6_2_0,CER_7_3_0,8,10,-0.00105395,0.0055003,0
taglia,fascia 1 (~27%),1,EI_orig,Variance Least Core,Stratified Expected Value,CER_7_3_0,CER_11_4_0,10,15,0.0055003,-0.00813272,0
taglia,fascia 1 (~27%),1,EI_orig,Variance Least Core,Stratified Expected Value,CER_15_5_0,CER_18_7_0,20,25,-0.0115957,0.00396415,0
taglia,fascia 1 (~27%),1,EI_orig,Variance Least Core,Adaptive Sampling Shapley,CER_4_1_0,CER_6_2_0,5,8,-0.0363464,0.129767,0
taglia,fascia 1 (~27%),1,EI_orig,Variance Least Core,Adaptive Sampling Shapley,CER_15_5_0,CER_18_7_0,20,25,0.0731568,-0.022839,0
taglia,fascia 1 (~27%),1,EI_orig,Variance Least Core,Tri-level EP,CER_4_1_0,CER_6_2_0,5,8,-0.135421,0.220309,0
taglia,fascia 1 (~27%),1,EI_orig,Proportional to Consumption,Cascading Tree,CER_4_1_0,CER_6_2_0,5,8,0.0467178,-0.0881696,0
taglia,fascia 1 (~27%),1,EI_orig,Proportional to Consumption,Pearson Key,CER_6_2_0,CER_7_3_0,8,10,-0.00885589,0.0290644,0
taglia,fascia 1 (~27%),1,EI_orig,Proportional to Consumption,Pearson-Sharing Rate,CER_6_2_0,CER_7_3_0,8,10,-0.00862857,0.0288342,0
taglia,fascia 1 (~27%),1,EI_orig,Proportional to Consumption,Similarity-Utilization,CER_11_4_0,CER_13_5_0,15,18,-0.0193359,0.0106357,0
taglia,fascia 1 (~27%),1,EI_orig,Proportional to Consumption,Similarity-Utilization,CER_13_5_0,CER_15_5_0,18,20,0.0106357,-0.013574,0
taglia,fascia 1 (~27%),1,EI_orig,Proportional to Consumption,Similarity-Utilization,CER_15_5_0,CER_18_7_0,20,25,-0.013574,0.0217378,0
taglia,fascia 1 (~27%),1,EI_orig,Proportional to Consumption,Marginal Contribution,CER_4_1_0,CER_6_2_0,5,8,0.106191,-0.162034,0
taglia,fascia 1 (~27%),1,EI_orig,Proportional to Consumption,Stratified Expected Value,CER_4_1_0,CER_6_2_0,5,8,0.0421776,-0.214509,0
taglia,fascia 1 (~27%),1,EI_orig,Proportional to Consumption,Adaptive Sampling Shapley,CER_4_1_0,CER_6_2_0,5,8,0.0890969,-0.0836888,0
taglia,fascia 1 (~27%),1,EI_orig,Proportional to Consumption,Tri-level EP,CER_4_1_0,CER_6_2_0,5,8,-0.00997742,0.00685379,0
taglia,fascia 1 (~27%),1,EI_orig,Cascading Tree,Pearson Key,CER_4_1_0,CER_6_2_0,5,8,-0.0696532,0.0793137,0
taglia,fascia 1 (~27%),1,EI_orig,Cascading Tree,Pearson-Sharing Rate,CER_4_1_0,CER_6_2_0,5,8,-0.0691205,0.079541,0
taglia,fascia 1 (~27%),1,EI_orig,Cascading Tree,Similarity-Utilization,CER_4_1_0,CER_6_2_0,5,8,-0.0858102,0.0251735,0
taglia,fascia 1 (~27%),1,EI_orig,Cascading Tree,Marginal Contribution,CER_4_1_0,CER_6_2_0,5,8,0.0594728,-0.0738641,0
taglia,fascia 1 (~27%),1,EI_orig,Cascading Tree,Adaptive Sampling Shapley,CER_6_2_0,CER_7_3_0,8,10,0.00448078,-0.0988771,0
taglia,fascia 1 (~27%),1,EI_orig,Cascading Tree,Tri-level EP,CER_4_1_0,CER_6_2_0,5,8,-0.0566952,0.0950234,0
taglia,fascia 1 (~27%),1,EI_orig,Weighted Solidarity,Marginal Contribution,CER_7_3_0,CER_11_4_0,10,15,0.0194643,-0.0100659,0
taglia,fascia 1 (~27%),1,EI_orig,Weighted Solidarity,Stratified Expected Value,CER_4_1_0,CER_6_2_0,5,8,0.182928,-0.0341734,0
taglia,fascia 1 (~27%),1,EI_orig,Weighted Solidarity,Stratified Expected Value,CER_6_2_0,CER_7_3_0,8,10,-0.0341734,0.0125705,0
taglia,fascia 1 (~27%),1,EI_orig,Weighted Solidarity,Stratified Expected Value,CER_7_3_0,CER_11_4_0,10,15,0.0125705,-0.0270647,0
taglia,fascia 1 (~27%),1,EI_orig,Weighted Solidarity,Adaptive Sampling Shapley,CER_11_4_0,CER_13_5_0,15,18,0.0492844,-0.0168622,0
taglia,fascia 1 (~27%),1,EI_orig,Weighted Solidarity,Adaptive Sampling Shapley,CER_13_5_0,CER_15_5_0,18,20,-0.0168622,0.0508586,0
taglia,fascia 1 (~27%),1,EI_orig,Weighted Solidarity,Adaptive Sampling Shapley,CER_15_5_0,CER_18_7_0,20,25,0.0508586,-0.0583196,0
taglia,fascia 1 (~27%),1,EI_orig,Pearson Key,Pearson-Sharing Rate,CER_6_2_0,CER_7_3_0,8,10,0.000227319,-0.000230217,0
taglia,fascia 1 (~27%),1,EI_orig,Pearson Key,Marginal Contribution,CER_4_1_0,CER_6_2_0,5,8,0.129126,-0.153178,0
taglia,fascia 1 (~27%),1,EI_orig,Pearson Key,Stratified Expected Value,CER_4_1_0,CER_6_2_0,5,8,0.0651131,-0.205654,0
taglia,fascia 1 (~27%),1,EI_orig,Pearson Key,Adaptive Sampling Shapley,CER_4_1_0,CER_6_2_0,5,8,0.112032,-0.0748329,0
taglia,fascia 1 (~27%),1,EI_orig,Pearson-Sharing Rate,Marginal Contribution,CER_4_1_0,CER_6_2_0,5,8,0.128593,-0.153405,0
taglia,fascia 1 (~27%),1,EI_orig,Pearson-Sharing Rate,Stratified Expected Value,CER_4_1_0,CER_6_2_0,5,8,0.0645804,-0.205881,0
taglia,fascia 1 (~27%),1,EI_orig,Pearson-Sharing Rate,Adaptive Sampling Shapley,CER_4_1_0,CER_6_2_0,5,8,0.1115,-0.0750602,0
taglia,fascia 1 (~27%),1,EI_orig,Similarity-Utilization,Marginal Contribution,CER_4_1_0,CER_6_2_0,5,8,0.145283,-0.0990376,0
taglia,fascia 1 (~27%),1,EI_orig,Similarity-Utilization,Stratified Expected Value,CER_4_1_0,CER_6_2_0,5,8,0.08127,-0.151513,0
taglia,fascia 1 (~27%),1,EI_orig,Similarity-Utilization,Adaptive Sampling Shapley,CER_4_1_0,CER_6_2_0,5,8,0.128189,-0.0206927,0
taglia,fascia 1 (~27%),1,EI_orig,Marginal Contribution,Stratified Expected Value,CER_15_5_0,CER_18_7_0,20,25,-0.0203391,0.00490134,0
taglia,fascia 1 (~27%),1,EI_orig,Marginal Contribution,Adaptive Sampling Shapley,CER_4_1_0,CER_6_2_0,5,8,-0.0170937,0.0783449,0
taglia,fascia 1 (~27%),1,EI_orig,Marginal Contribution,Adaptive Sampling Shapley,CER_15_5_0,CER_18_7_0,20,25,0.0644134,-0.0219018,0
taglia,fascia 1 (~27%),1,EI_orig,Marginal Contribution,Tri-level EP,CER_4_1_0,CER_6_2_0,5,8,-0.116168,0.168887,0
taglia,fascia 1 (~27%),1,EI_orig,Stratified Expected Value,Adaptive Sampling Shapley,CER_15_5_0,CER_18_7_0,20,25,0.0847525,-0.0268031,0
taglia,fascia 1 (~27%),1,EI_orig,Stratified Expected Value,Tri-level EP,CER_4_1_0,CER_6_2_0,5,8,-0.052155,0.221363,0
taglia,fascia 1 (~27%),1,EI_orig,Adaptive Sampling Shapley,Tri-level EP,CER_4_1_0,CER_6_2_0,5,8,-0.0990743,0.0905426,0
taglia,fascia 1 (~27%),1,EI_new,Variance Least Core,Proportional to Consumption,CER_11_4_0,CER_13_5_0,15,18,0.0233473,-0.0193383,0
taglia,fascia 1 (~27%),1,EI_new,Variance Least Core,Proportional to Consumption,CER_13_5_0,CER_15_5_0,18,20,-0.0193383,0.0277737,0
taglia,fascia 1 (~27%),1,EI_new,Variance Least Core,Proportional to Consumption,CER_15_5_0,CER_18_7_0,20,25,0.0277737,-0.0106934,0
taglia,fascia 1 (~27%),1,EI_new,Variance Least Core,Remuneration Model 1,CER_4_1_0,CER_6_2_0,5,8,-0.0151472,0.0137381,0
taglia,fascia 1 (~27%),1,EI_new,Variance Least Core,Remuneration Model 1,CER_6_2_0,CER_7_3_0,8,10,0.0137381,-0.00847937,0
taglia,fascia 1 (~27%),1,EI_new,Variance Least Core,Pearson Key,CER_4_1_0,CER_6_2_0,5,8,-0.0227545,0.0176008,0
taglia,fascia 1 (~27%),1,EI_new,Variance Least Core,Pearson-Sharing Rate,CER_4_1_0,CER_6_2_0,5,8,-0.0222218,0.0104828,0
taglia,fascia 1 (~27%),1,EI_new,Variance Least Core,Marginal Contribution,CER_4_1_0,CER_6_2_0,5,8,-0.0307998,0.00528524,0
taglia,fascia 1 (~27%),1,EI_new,Variance Least Core,Marginal Contribution,CER_13_5_0,CER_15_5_0,18,20,0.000806564,-0.000996855,0
taglia,fascia 1 (~27%),1,EI_new,Variance Least Core,Marginal Contribution,CER_15_5_0,CER_18_7_0,20,25,-0.000996855,0.00232745,0
taglia,fascia 1 (~27%),1,EI_new,Variance Least Core,Stratified Expected Value,CER_6_2_0,CER_7_3_0,8,10,-0.0072445,0.00364549,0
taglia,fascia 1 (~27%),1,EI_new,Variance Least Core,Stratified Expected Value,CER_7_3_0,CER_11_4_0,10,15,0.00364549,-0.00560964,0
taglia,fascia 1 (~27%),1,EI_new,Variance Least Core,Adaptive Sampling Shapley,CER_4_1_0,CER_6_2_0,5,8,-0.0228875,0.0100758,0
taglia,fascia 1 (~27%),1,EI_new,Variance Least Core,Adaptive Sampling Shapley,CER_6_2_0,CER_7_3_0,8,10,0.0100758,-0.0110901,0
taglia,fascia 1 (~27%),1,EI_new,Variance Least Core,Tri-level EP,CER_4_1_0,CER_6_2_0,5,8,-0.00979648,0.0533456,0
taglia,fascia 1 (~27%),1,EI_new,Proportional to Consumption,Remuneration Model 1,CER_4_1_0,CER_6_2_0,5,8,-0.0153282,0.0101979,0
taglia,fascia 1 (~27%),1,EI_new,Proportional to Consumption,Remuneration Model 1,CER_6_2_0,CER_7_3_0,8,10,0.0101979,-0.0404517,0
taglia,fascia 1 (~27%),1,EI_new,Proportional to Consumption,Remuneration Model 1,CER_11_4_0,CER_13_5_0,15,18,-0.029069,0.00275953,0
taglia,fascia 1 (~27%),1,EI_new,Proportional to Consumption,Remuneration Model 1,CER_13_5_0,CER_15_5_0,18,20,0.00275953,-0.0336383,0
taglia,fascia 1 (~27%),1,EI_new,Proportional to Consumption,Weighted Solidarity,CER_6_2_0,CER_7_3_0,8,10,0.0635185,-0.0306637,0
taglia,fascia 1 (~27%),1,EI_new,Proportional to Consumption,Weighted Solidarity,CER_7_3_0,CER_11_4_0,10,15,-0.0306637,0.00492458,0
taglia,fascia 1 (~27%),1,EI_new,Proportional to Consumption,Pearson Key,CER_4_1_0,CER_6_2_0,5,8,-0.0229354,0.0140606,0
taglia,fascia 1 (~27%),1,EI_new,Proportional to Consumption,Pearson-Sharing Rate,CER_4_1_0,CER_6_2_0,5,8,-0.0224028,0.00694268,0
taglia,fascia 1 (~27%),1,EI_new,Proportional to Consumption,Marginal Contribution,CER_4_1_0,CER_6_2_0,5,8,-0.0309808,0.00174513,0
taglia,fascia 1 (~27%),1,EI_new,Proportional to Consumption,Marginal Contribution,CER_6_2_0,CER_7_3_0,8,10,0.00174513,-0.0189181,0
taglia,fascia 1 (~27%),1,EI_new,Proportional to Consumption,Marginal Contribution,CER_11_4_0,CER_13_5_0,15,18,-0.02218,0.0201449,0
taglia,fascia 1 (~27%),1,EI_new,Proportional to Consumption,Marginal Contribution,CER_13_5_0,CER_15_5_0,18,20,0.0201449,-0.0287706,0
taglia,fascia 1 (~27%),1,EI_new,Proportional to Consumption,Marginal Contribution,CER_15_5_0,CER_18_7_0,20,25,-0.0287706,0.0130209,0
taglia,fascia 1 (~27%),1,EI_new,Proportional to Consumption,Stratified Expected Value,CER_11_4_0,CER_13_5_0,15,18,-0.028957,0.0148368,0
taglia,fascia 1 (~27%),1,EI_new,Proportional to Consumption,Stratified Expected Value,CER_13_5_0,CER_15_5_0,18,20,0.0148368,-0.0330569,0
taglia,fascia 1 (~27%),1,EI_new,Proportional to Consumption,Stratified Expected Value,CER_15_5_0,CER_18_7_0,20,25,-0.0330569,0.00693346,0
taglia,fascia 1 (~27%),1,EI_new,Proportional to Consumption,Adaptive Sampling Shapley,CER_4_1_0,CER_6_2_0,5,8,-0.0230684,0.00653568,0
taglia,fascia 1 (~27%),1,EI_new,Proportional to Consumption,Adaptive Sampling Shapley,CER_6_2_0,CER_7_3_0,8,10,0.00653568,-0.0430625,0
taglia,fascia 1 (~27%),1,EI_new,Proportional to Consumption,Adaptive Sampling Shapley,CER_11_4_0,CER_13_5_0,15,18,-0.0308242,0.00839376,0
taglia,fascia 1 (~27%),1,EI_new,Proportional to Consumption,Adaptive Sampling Shapley,CER_13_5_0,CER_15_5_0,18,20,0.00839376,-0.0354608,0
taglia,fascia 1 (~27%),1,EI_new,Proportional to Consumption,Tri-level EP,CER_4_1_0,CER_6_2_0,5,8,-0.00997742,0.0498055,0
taglia,fascia 1 (~27%),1,EI_new,Remuneration Model 1,Pearson Key,CER_4_1_0,CER_6_2_0,5,8,-0.00760726,0.0038627,0
taglia,fascia 1 (~27%),1,EI_new,Remuneration Model 1,Pearson-Sharing Rate,CER_6_2_0,CER_7_3_0,8,10,-0.00325527,0.0633556,0
taglia,fascia 1 (~27%),1,EI_new,Remuneration Model 1,Similarity-Utilization,CER_13_5_0,CER_15_5_0,18,20,-0.0332952,0.00195007,0
taglia,fascia 1 (~27%),1,EI_new,Remuneration Model 1,Marginal Contribution,CER_6_2_0,CER_7_3_0,8,10,-0.00845282,0.0215337,0
taglia,fascia 1 (~27%),1,EI_new,Remuneration Model 1,Stratified Expected Value,CER_6_2_0,CER_7_3_0,8,10,-0.0209826,0.0121249,0
taglia,fascia 1 (~27%),1,EI_new,Remuneration Model 1,Adaptive Sampling Shapley,CER_11_4_0,CER_13_5_0,15,18,-0.00175521,0.00563423,0
taglia,fascia 1 (~27%),1,EI_new,Remuneration Model 1,Adaptive Sampling Shapley,CER_13_5_0,CER_15_5_0,18,20,0.00563423,-0.0018225,0
taglia,fascia 1 (~27%),1,EI_new,Remuneration Model 1,Adaptive Sampling Shapley,CER_15_5_0,CER_18_7_0,20,25,-0.0018225,0.00466608,0
taglia,fascia 1 (~27%),1,EI_new,Cascading Tree,Pearson Key,CER_4_1_0,CER_6_2_0,5,8,-0.00442568,0.0427965,0
taglia,fascia 1 (~27%),1,EI_new,Cascading Tree,Pearson-Sharing Rate,CER_4_1_0,CER_6_2_0,5,8,-0.00389303,0.0356785,0
taglia,fascia 1 (~27%),1,EI_new,Cascading Tree,Similarity-Utilization,CER_6_2_0,CER_7_3_0,8,10,-0.00150819,0.0189434,0
taglia,fascia 1 (~27%),1,EI_new,Cascading Tree,Marginal Contribution,CER_4_1_0,CER_6_2_0,5,8,-0.012471,0.030481,0
taglia,fascia 1 (~27%),1,EI_new,Cascading Tree,Stratified Expected Value,CER_4_1_0,CER_6_2_0,5,8,-0.011549,0.0179512,0
taglia,fascia 1 (~27%),1,EI_new,Cascading Tree,Adaptive Sampling Shapley,CER_4_1_0,CER_6_2_0,5,8,-0.0045587,0.0352715,0
taglia,fascia 1 (~27%),1,EI_new,Weighted Solidarity,Pearson Key,CER_6_2_0,CER_7_3_0,8,10,-0.0494578,0.0595451,0
taglia,fascia 1 (~27%),1,EI_new,Weighted Solidarity,Pearson Key,CER_11_4_0,CER_13_5_0,15,18,0.03021,-0.0328343,0
taglia,fascia 1 (~27%),1,EI_new,Weighted Solidarity,Pearson Key,CER_13_5_0,CER_15_5_0,18,20,-0.0328343,0.0415691,0
taglia,fascia 1 (~27%),1,EI_new,Weighted Solidarity,Pearson-Sharing Rate,CER_6_2_0,CER_7_3_0,8,10,-0.0565758,0.0535676,0
taglia,fascia 1 (~27%),1,EI_new,Weighted Solidarity,Pearson-Sharing Rate,CER_11_4_0,CER_13_5_0,15,18,0.0247114,-0.0358327,0
taglia,fascia 1 (~27%),1,EI_new,Weighted Solidarity,Pearson-Sharing Rate,CER_13_5_0,CER_15_5_0,18,20,-0.0358327,0.0363661,0
taglia,fascia 1 (~27%),1,EI_new,Weighted Solidarity,Pearson-Sharing Rate,CER_15_5_0,CER_18_7_0,20,25,0.0363661,-0.00106592,0
taglia,fascia 1 (~27%),1,EI_new,Weighted Solidarity,Marginal Contribution,CER_6_2_0,CER_7_3_0,8,10,-0.0617734,0.0117456,0
taglia,fascia 1 (~27%),1,EI_new,Weighted Solidarity,Marginal Contribution,CER_7_3_0,CER_11_4_0,10,15,0.0117456,-0.0271046,0
taglia,fascia 1 (~27%),1,EI_new,Weighted Solidarity,Stratified Expected Value,CER_6_2_0,CER_7_3_0,8,10,-0.0743031,0.00233682,0
taglia,fascia 1 (~27%),1,EI_new,Weighted Solidarity,Stratified Expected Value,CER_7_3_0,CER_11_4_0,10,15,0.00233682,-0.0338816,0
taglia,fascia 1 (~27%),1,EI_new,Weighted Solidarity,Tri-level EP,CER_6_2_0,CER_7_3_0,8,10,-0.013713,0.0686678,0
taglia,fascia 1 (~27%),1,EI_new,Weighted Solidarity,Tri-level EP,CER_11_4_0,CER_13_5_0,15,18,0.0345121,-0.0252112,0
taglia,fascia 1 (~27%),1,EI_new,Weighted Solidarity,Tri-level EP,CER_13_5_0,CER_15_5_0,18,20,-0.0252112,0.0476993,0
taglia,fascia 1 (~27%),1,EI_new,Pearson Key,Pearson-Sharing Rate,CER_4_1_0,CER_6_2_0,5,8,0.000532657,-0.00711797,0
taglia,fascia 1 (~27%),1,EI_new,Similarity-Utilization,Stratified Expected Value,CER_13_5_0,CER_15_5_0,18,20,0.0453724,-0.0013687,0
taglia,fascia 1 (~27%),1,EI_new,Similarity-Utilization,Stratified Expected Value,CER_15_5_0,CER_18_7_0,20,25,-0.0013687,0.0106507,0
taglia,fascia 1 (~27%),1,EI_new,Similarity-Utilization,Adaptive Sampling Shapley,CER_13_5_0,CER_15_5_0,18,20,0.0389294,-0.00377258,0
taglia,fascia 1 (~27%),1,EI_new,Marginal Contribution,Stratified Expected Value,CER_4_1_0,CER_6_2_0,5,8,0.00092205,-0.0125297,0
taglia,fascia 1 (~27%),1,EI_new,Marginal Contribution,Adaptive Sampling Shapley,CER_6_2_0,CER_7_3_0,8,10,0.00479056,-0.0241444,0
taglia,fascia 1 (~27%),1,EI_new,Stratified Expected Value,Adaptive Sampling Shapley,CER_6_2_0,CER_7_3_0,8,10,0.0173203,-0.0147356,0
taglia,fascia 1 (~27%),1,Jain,Variance Least Core,Proportional to Consumption,CER_4_1_0,CER_6_2_0,5,8,2.89398e-05,-0.00109246,0
taglia,fascia 1 (~27%),1,Jain,Variance Least Core,Remuneration Model 1,CER_4_1_0,CER_6_2_0,5,8,-0.000126961,4.7075e-06,0
taglia,fascia 1 (~27%),1,Jain,Variance Least Core,Remuneration Model 1,CER_7_3_0,CER_11_4_0,10,15,0.000767595,-0.000181175,0
taglia,fascia 1 (~27%),1,Jain,Variance Least Core,Remuneration Model 1,CER_11_4_0,CER_13_5_0,15,18,-0.000181175,0.000138467,0
taglia,fascia 1 (~27%),1,Jain,Variance Least Core,Remuneration Model 1,CER_13_5_0,CER_15_5_0,18,20,0.000138467,-0.000393218,0
taglia,fascia 1 (~27%),1,Jain,Variance Least Core,Remuneration Model 1,CER_15_5_0,CER_18_7_0,20,25,-0.000393218,0.000798165,0
taglia,fascia 1 (~27%),1,Jain,Variance Least Core,Cascading Tree,CER_4_1_0,CER_6_2_0,5,8,-0.000174573,0.000331384,0
taglia,fascia 1 (~27%),1,Jain,Variance Least Core,Marginal Contribution,CER_4_1_0,CER_6_2_0,5,8,-0.000273024,0.000976968,0
taglia,fascia 1 (~27%),1,Jain,Variance Least Core,Stratified Expected Value,CER_4_1_0,CER_6_2_0,5,8,-0.000269195,5.09741e-05,0
taglia,fascia 1 (~27%),1,Jain,Variance Least Core,Stratified Expected Value,CER_6_2_0,CER_7_3_0,8,10,5.09741e-05,-0.000309138,0
taglia,fascia 1 (~27%),1,Jain,Variance Least Core,Adaptive Sampling Shapley,CER_4_1_0,CER_6_2_0,5,8,-0.000195838,0.00119355,0
taglia,fascia 1 (~27%),1,Jain,Equal Split,Proportional to Consumption,CER_6_2_0,CER_7_3_0,8,10,0.00253181,-0.00122486,0
taglia,fascia 1 (~27%),1,Jain,Equal Split,Weighted Solidarity,CER_4_1_0,CER_6_2_0,5,8,-0.000559555,0.00260579,0
taglia,fascia 1 (~27%),1,Jain,Equal Split,Weighted Solidarity,CER_6_2_0,CER_7_3_0,8,10,0.00260579,-0.00038328,0
taglia,fascia 1 (~27%),1,Jain,Equal Split,Pearson Key,CER_6_2_0,CER_7_3_0,8,10,0.00149691,-0.00258534,0
taglia,fascia 1 (~27%),1,Jain,Equal Split,Pearson-Sharing Rate,CER_6_2_0,CER_7_3_0,8,10,0.00154136,-0.00254661,0
taglia,fascia 1 (~27%),1,Jain,Equal Split,Stratified Expected Value,CER_6_2_0,CER_7_3_0,8,10,0.00367524,-0.000191688,0
taglia,fascia 1 (~27%),1,Jain,Equal Split,Stratified Expected Value,CER_7_3_0,CER_11_4_0,10,15,-0.000191688,0.000637155,0
taglia,fascia 1 (~27%),1,Jain,Equal Split,Tri-level EP,CER_6_2_0,CER_7_3_0,8,10,0.00196267,-0.00227834,0
taglia,fascia 1 (~27%),1,Jain,Proportional to Consumption,Remuneration Model 1,CER_4_1_0,CER_6_2_0,5,8,-0.000155901,0.00109716,0
taglia,fascia 1 (~27%),1,Jain,Proportional to Consumption,Cascading Tree,CER_4_1_0,CER_6_2_0,5,8,-0.000203513,0.00142384,0
taglia,fascia 1 (~27%),1,Jain,Proportional to Consumption,Weighted Solidarity,CER_4_1_0,CER_6_2_0,5,8,-0.00117111,7.39877e-05,0
taglia,fascia 1 (~27%),1,Jain,Proportional to Consumption,Marginal Contribution,CER_4_1_0,CER_6_2_0,5,8,-0.000301964,0.00206942,0
taglia,fascia 1 (~27%),1,Jain,Proportional to Consumption,Stratified Expected Value,CER_4_1_0,CER_6_2_0,5,8,-0.000298134,0.00114343,0
taglia,fascia 1 (~27%),1,Jain,Proportional to Consumption,Adaptive Sampling Shapley,CER_4_1_0,CER_6_2_0,5,8,-0.000224778,0.002286,0
taglia,fascia 1 (~27%),1,Jain,Remuneration Model 1,Cascading Tree,CER_4_1_0,CER_6_2_0,5,8,-4.76124e-05,0.000326677,0
taglia,fascia 1 (~27%),1,Jain,Remuneration Model 1,Marginal Contribution,CER_4_1_0,CER_6_2_0,5,8,-0.000146063,0.000972261,0
taglia,fascia 1 (~27%),1,Jain,Remuneration Model 1,Marginal Contribution,CER_6_2_0,CER_7_3_0,8,10,0.000972261,-0.000444321,0
taglia,fascia 1 (~27%),1,Jain,Remuneration Model 1,Marginal Contribution,CER_7_3_0,CER_11_4_0,10,15,-0.000444321,0.000445211,0
taglia,fascia 1 (~27%),1,Jain,Remuneration Model 1,Marginal Contribution,CER_15_5_0,CER_18_7_0,20,25,0.000579865,-0.000604029,0
taglia,fascia 1 (~27%),1,Jain,Remuneration Model 1,Stratified Expected Value,CER_4_1_0,CER_6_2_0,5,8,-0.000142234,4.62666e-05,0
taglia,fascia 1 (~27%),1,Jain,Remuneration Model 1,Stratified Expected Value,CER_6_2_0,CER_7_3_0,8,10,4.62666e-05,-0.00107673,0
taglia,fascia 1 (~27%),1,Jain,Remuneration Model 1,Stratified Expected Value,CER_13_5_0,CER_15_5_0,18,20,-0.00046803,4.60141e-05,0
taglia,fascia 1 (~27%),1,Jain,Remuneration Model 1,Stratified Expected Value,CER_15_5_0,CER_18_7_0,20,25,4.60141e-05,-0.00110946,0
taglia,fascia 1 (~27%),1,Jain,Remuneration Model 1,Adaptive Sampling Shapley,CER_4_1_0,CER_6_2_0,5,8,-6.88769e-05,0.00118884,0
taglia,fascia 1 (~27%),1,Jain,Remuneration Model 1,Tri-level EP,CER_4_1_0,CER_6_2_0,5,8,4.0632e-05,-0.0016663,0
taglia,fascia 1 (~27%),1,Jain,Cascading Tree,Marginal Contribution,CER_4_1_0,CER_6_2_0,5,8,-9.8451e-05,0.000645584,0
taglia,fascia 1 (~27%),1,Jain,Cascading Tree,Marginal Contribution,CER_6_2_0,CER_7_3_0,8,10,0.000645584,-0.00323898,0
taglia,fascia 1 (~27%),1,Jain,Cascading Tree,Adaptive Sampling Shapley,CER_4_1_0,CER_6_2_0,5,8,-2.12645e-05,0.000862162,0
taglia,fascia 1 (~27%),1,Jain,Cascading Tree,Adaptive Sampling Shapley,CER_6_2_0,CER_7_3_0,8,10,0.000862162,-0.00160788,0
taglia,fascia 1 (~27%),1,Jain,Cascading Tree,Tri-level EP,CER_4_1_0,CER_6_2_0,5,8,8.82444e-05,-0.00199298,0
taglia,fascia 1 (~27%),1,Jain,Weighted Solidarity,Pearson Key,CER_4_1_0,CER_6_2_0,5,8,0.000944796,-0.00110888,0
taglia,fascia 1 (~27%),1,Jain,Weighted Solidarity,Pearson-Sharing Rate,CER_4_1_0,CER_6_2_0,5,8,0.000949481,-0.00106443,0
taglia,fascia 1 (~27%),1,Jain,Weighted Solidarity,Similarity-Utilization,CER_4_1_0,CER_6_2_0,5,8,0.000370267,-0.00507951,0
taglia,fascia 1 (~27%),1,Jain,Weighted Solidarity,Tri-level EP,CER_4_1_0,CER_6_2_0,5,8,0.00105584,-0.000643128,0
taglia,fascia 1 (~27%),1,Jain,Pearson Key,Marginal Contribution,CER_4_1_0,CER_6_2_0,5,8,-7.56493e-05,0.00310432,0
taglia,fascia 1 (~27%),1,Jain,Pearson Key,Stratified Expected Value,CER_4_1_0,CER_6_2_0,5,8,-7.18196e-05,0.00217832,0
taglia,fascia 1 (~27%),1,Jain,Pearson-Sharing Rate,Marginal Contribution,CER_4_1_0,CER_6_2_0,5,8,-8.03348e-05,0.00305987,0
taglia,fascia 1 (~27%),1,Jain,Pearson-Sharing Rate,Stratified Expected Value,CER_4_1_0,CER_6_2_0,5,8,-7.65051e-05,0.00213388,0
taglia,fascia 1 (~27%),1,Jain,Pearson-Sharing Rate,Adaptive Sampling Shapley,CER_4_1_0,CER_6_2_0,5,8,-3.1483e-06,0.00327645,0
taglia,fascia 1 (~27%),1,Jain,Marginal Contribution,Stratified Expected Value,CER_4_1_0,CER_6_2_0,5,8,3.82966e-06,-0.000925994,0
taglia,fascia 1 (~27%),1,Jain,Marginal Contribution,Tri-level EP,CER_4_1_0,CER_6_2_0,5,8,0.000186695,-0.00263857,0
taglia,fascia 1 (~27%),1,Jain,Stratified Expected Value,Tri-level EP,CER_4_1_0,CER_6_2_0,5,8,0.000182866,-0.00171257,0
taglia,fascia 1 (~27%),1,Jain,Adaptive Sampling Shapley,Tri-level EP,CER_4_1_0,CER_6_2_0,5,8,0.000109509,-0.00285514,0
taglia,fascia 1 (~27%),1,Gini,Variance Least Core,Proportional to Consumption,CER_4_1_0,CER_6_2_0,5,8,-0.125443,0.213456,0
taglia,fascia 1 (~27%),1,Gini,Variance Least Core,Cascading Tree,CER_4_1_0,CER_6_2_0,5,8,-0.0787255,0.125286,0
taglia,fascia 1 (~27%),1,Gini,Variance Least Core,Weighted Solidarity,CER_4_1_0,CER_6_2_0,5,8,-0.266194,0.0331194,0
taglia,fascia 1 (~27%),1,Gini,Variance Least Core,Weighted Solidarity,CER_6_2_0,CER_7_3_0,8,10,0.0331194,-0.00707016,0
taglia,fascia 1 (~27%),1,Gini,Variance Least Core,Weighted Solidarity,CER_7_3_0,CER_11_4_0,10,15,-0.00707016,0.0189319,0
taglia,fascia 1 (~27%),1,Gini,Variance Least Core,Pearson Key,CER_4_1_0,CER_6_2_0,5,8,-0.148379,0.2046,0
taglia,fascia 1 (~27%),1,Gini,Variance Least Core,Pearson-Sharing Rate,CER_4_1_0,CER_6_2_0,5,8,-0.147846,0.204827,0
taglia,fascia 1 (~27%),1,Gini,Variance Least Core,Similarity-Utilization,CER_4_1_0,CER_6_2_0,5,8,-0.164536,0.150459,0
taglia,fascia 1 (~27%),1,Gini,Variance Least Core,Marginal Contribution,CER_4_1_0,CER_6_2_0,5,8,-0.0192526,0.0514219,0
taglia,fascia 1 (~27%),1,Gini,Variance Least Core,Marginal Contribution,CER_15_5_0,CER_18_7_0,20,25,0.00874339,-0.000937191,0
taglia,fascia 1 (~27%),1,Gini,Variance Least Core,Stratified Expected Value,CER_6_2_0,CER_7_3_0,8,10,-0.00105395,0.0055003,0
taglia,fascia 1 (~27%),1,Gini,Variance Least Core,Stratified Expected Value,CER_7_3_0,CER_11_4_0,10,15,0.0055003,-0.00813272,0
taglia,fascia 1 (~27%),1,Gini,Variance Least Core,Stratified Expected Value,CER_15_5_0,CER_18_7_0,20,25,-0.0115957,0.00396415,0
taglia,fascia 1 (~27%),1,Gini,Variance Least Core,Adaptive Sampling Shapley,CER_4_1_0,CER_6_2_0,5,8,-0.0363464,0.129767,0
taglia,fascia 1 (~27%),1,Gini,Variance Least Core,Adaptive Sampling Shapley,CER_15_5_0,CER_18_7_0,20,25,0.0731568,-0.022839,0
taglia,fascia 1 (~27%),1,Gini,Variance Least Core,Tri-level EP,CER_4_1_0,CER_6_2_0,5,8,-0.135421,0.220309,0
taglia,fascia 1 (~27%),1,Gini,Proportional to Consumption,Cascading Tree,CER_4_1_0,CER_6_2_0,5,8,0.0467178,-0.0881696,0
taglia,fascia 1 (~27%),1,Gini,Proportional to Consumption,Pearson Key,CER_6_2_0,CER_7_3_0,8,10,-0.00885589,0.0290644,0
taglia,fascia 1 (~27%),1,Gini,Proportional to Consumption,Pearson-Sharing Rate,CER_6_2_0,CER_7_3_0,8,10,-0.00862857,0.0288342,0
taglia,fascia 1 (~27%),1,Gini,Proportional to Consumption,Similarity-Utilization,CER_11_4_0,CER_13_5_0,15,18,-0.0193359,0.0106357,0
taglia,fascia 1 (~27%),1,Gini,Proportional to Consumption,Similarity-Utilization,CER_13_5_0,CER_15_5_0,18,20,0.0106357,-0.013574,0
taglia,fascia 1 (~27%),1,Gini,Proportional to Consumption,Similarity-Utilization,CER_15_5_0,CER_18_7_0,20,25,-0.013574,0.0217378,0
taglia,fascia 1 (~27%),1,Gini,Proportional to Consumption,Marginal Contribution,CER_4_1_0,CER_6_2_0,5,8,0.106191,-0.162034,0
taglia,fascia 1 (~27%),1,Gini,Proportional to Consumption,Stratified Expected Value,CER_4_1_0,CER_6_2_0,5,8,0.0421776,-0.214509,0
taglia,fascia 1 (~27%),1,Gini,Proportional to Consumption,Adaptive Sampling Shapley,CER_4_1_0,CER_6_2_0,5,8,0.0890969,-0.0836888,0
taglia,fascia 1 (~27%),1,Gini,Proportional to Consumption,Tri-level EP,CER_4_1_0,CER_6_2_0,5,8,-0.00997742,0.00685379,0
taglia,fascia 1 (~27%),1,Gini,Cascading Tree,Pearson Key,CER_4_1_0,CER_6_2_0,5,8,-0.0696532,0.0793137,0
taglia,fascia 1 (~27%),1,Gini,Cascading Tree,Pearson-Sharing Rate,CER_4_1_0,CER_6_2_0,5,8,-0.0691205,0.079541,0
taglia,fascia 1 (~27%),1,Gini,Cascading Tree,Similarity-Utilization,CER_4_1_0,CER_6_2_0,5,8,-0.0858102,0.0251735,0
taglia,fascia 1 (~27%),1,Gini,Cascading Tree,Marginal Contribution,CER_4_1_0,CER_6_2_0,5,8,0.0594728,-0.0738641,0
taglia,fascia 1 (~27%),1,Gini,Cascading Tree,Adaptive Sampling Shapley,CER_6_2_0,CER_7_3_0,8,10,0.00448078,-0.0988771,0
taglia,fascia 1 (~27%),1,Gini,Cascading Tree,Tri-level EP,CER_4_1_0,CER_6_2_0,5,8,-0.0566952,0.0950234,0
taglia,fascia 1 (~27%),1,Gini,Weighted Solidarity,Marginal Contribution,CER_7_3_0,CER_11_4_0,10,15,0.0194643,-0.0100659,0
taglia,fascia 1 (~27%),1,Gini,Weighted Solidarity,Stratified Expected Value,CER_4_1_0,CER_6_2_0,5,8,0.182928,-0.0341734,0
taglia,fascia 1 (~27%),1,Gini,Weighted Solidarity,Stratified Expected Value,CER_6_2_0,CER_7_3_0,8,10,-0.0341734,0.0125705,0
taglia,fascia 1 (~27%),1,Gini,Weighted Solidarity,Stratified Expected Value,CER_7_3_0,CER_11_4_0,10,15,0.0125705,-0.0270647,0
taglia,fascia 1 (~27%),1,Gini,Weighted Solidarity,Adaptive Sampling Shapley,CER_11_4_0,CER_13_5_0,15,18,0.0492844,-0.0168622,0
taglia,fascia 1 (~27%),1,Gini,Weighted Solidarity,Adaptive Sampling Shapley,CER_13_5_0,CER_15_5_0,18,20,-0.0168622,0.0508586,0
taglia,fascia 1 (~27%),1,Gini,Weighted Solidarity,Adaptive Sampling Shapley,CER_15_5_0,CER_18_7_0,20,25,0.0508586,-0.0583196,0
taglia,fascia 1 (~27%),1,Gini,Pearson Key,Pearson-Sharing Rate,CER_6_2_0,CER_7_3_0,8,10,0.000227319,-0.000230217,0
taglia,fascia 1 (~27%),1,Gini,Pearson Key,Marginal Contribution,CER_4_1_0,CER_6_2_0,5,8,0.129126,-0.153178,0
taglia,fascia 1 (~27%),1,Gini,Pearson Key,Stratified Expected Value,CER_4_1_0,CER_6_2_0,5,8,0.0651131,-0.205654,0
taglia,fascia 1 (~27%),1,Gini,Pearson Key,Adaptive Sampling Shapley,CER_4_1_0,CER_6_2_0,5,8,0.112032,-0.0748329,0
taglia,fascia 1 (~27%),1,Gini,Pearson-Sharing Rate,Marginal Contribution,CER_4_1_0,CER_6_2_0,5,8,0.128593,-0.153405,0
taglia,fascia 1 (~27%),1,Gini,Pearson-Sharing Rate,Stratified Expected Value,CER_4_1_0,CER_6_2_0,5,8,0.0645804,-0.205881,0
taglia,fascia 1 (~27%),1,Gini,Pearson-Sharing Rate,Adaptive Sampling Shapley,CER_4_1_0,CER_6_2_0,5,8,0.1115,-0.0750602,0
taglia,fascia 1 (~27%),1,Gini,Similarity-Utilization,Marginal Contribution,CER_4_1_0,CER_6_2_0,5,8,0.145283,-0.0990376,0
taglia,fascia 1 (~27%),1,Gini,Similarity-Utilization,Stratified Expected Value,CER_4_1_0,CER_6_2_0,5,8,0.08127,-0.151513,0
taglia,fascia 1 (~27%),1,Gini,Similarity-Utilization,Adaptive Sampling Shapley,CER_4_1_0,CER_6_2_0,5,8,0.128189,-0.0206927,0
taglia,fascia 1 (~27%),1,Gini,Marginal Contribution,Stratified Expected Value,CER_15_5_0,CER_18_7_0,20,25,-0.0203391,0.00490134,0
taglia,fascia 1 (~27%),1,Gini,Marginal Contribution,Adaptive Sampling Shapley,CER_4_1_0,CER_6_2_0,5,8,-0.0170937,0.0783449,0
taglia,fascia 1 (~27%),1,Gini,Marginal Contribution,Adaptive Sampling Shapley,CER_15_5_0,CER_18_7_0,20,25,0.0644134,-0.0219018,0
taglia,fascia 1 (~27%),1,Gini,Marginal Contribution,Tri-level EP,CER_4_1_0,CER_6_2_0,5,8,-0.116168,0.168887,0
taglia,fascia 1 (~27%),1,Gini,Stratified Expected Value,Adaptive Sampling Shapley,CER_15_5_0,CER_18_7_0,20,25,0.0847525,-0.0268031,0
taglia,fascia 1 (~27%),1,Gini,Stratified Expected Value,Tri-level EP,CER_4_1_0,CER_6_2_0,5,8,-0.052155,0.221363,0
taglia,fascia 1 (~27%),1,Gini,Adaptive Sampling Shapley,Tri-level EP,CER_4_1_0,CER_6_2_0,5,8,-0.0990743,0.0905426,0
taglia,fascia 1 (~27%),1,FairnessIndex,Equal Split,Remuneration Model 1,CER_4_1_0,CER_6_2_0,5,8,0.0168945,-0.0369236,0
taglia,fascia 1 (~27%),1,FairnessIndex,Equal Split,Cascading Tree,CER_6_2_0,CER_7_3_0,8,10,-0.0722033,0.129375,0
taglia,fascia 1 (~27%),1,FairnessIndex,Equal Split,Adaptive Sampling Shapley,CER_13_5_0,CER_15_5_0,18,20,-0.00342493,0.00142597,0
taglia,fascia 1 (~27%),1,FairnessIndex,Equal Split,Adaptive Sampling Shapley,CER_15_5_0,CER_18_7_0,20,25,0.00142597,-0.0215371,0
taglia,fascia 1 (~27%),1,FairnessIndex,Proportional to Consumption,Cascading Tree,CER_15_5_0,CER_18_7_0,20,25,-0.0676412,0.0838245,0
taglia,fascia 1 (~27%),1,FairnessIndex,Remuneration Model 1,Cascading Tree,CER_6_2_0,CER_7_3_0,8,10,-0.0352797,0.18832,0
taglia,fascia 1 (~27%),1,FairnessIndex,Remuneration Model 1,Weighted Solidarity,CER_4_1_0,CER_6_2_0,5,8,-0.00605984,0.0557373,0
taglia,fascia 1 (~27%),1,FairnessIndex,Remuneration Model 1,Adaptive Sampling Shapley,CER_6_2_0,CER_7_3_0,8,10,-0.0392108,0.0577798,0
taglia,fascia 1 (~27%),1,FairnessIndex,Cascading Tree,Weighted Solidarity,CER_6_2_0,CER_7_3_0,8,10,0.091017,-0.0572287,0
taglia,fascia 1 (~27%),1,FairnessIndex,Cascading Tree,Pearson Key,CER_15_5_0,CER_18_7_0,20,25,0.109626,-0.0273234,0
taglia,fascia 1 (~27%),1,FairnessIndex,Cascading Tree,Pearson-Sharing Rate,CER_15_5_0,CER_18_7_0,20,25,0.108591,-0.0285256,0
taglia,fascia 1 (~27%),1,FairnessIndex,Cascading Tree,Similarity-Utilization,CER_15_5_0,CER_18_7_0,20,25,0.108644,-0.0258231,0
taglia,fascia 1 (~27%),1,FairnessIndex,Cascading Tree,Tri-level EP,CER_15_5_0,CER_18_7_0,20,25,0.104777,-0.0336903,0
taglia,fascia 1 (~27%),1,FairnessIndex,Pearson Key,Similarity-Utilization,CER_7_3_0,CER_11_4_0,10,15,0.00235431,-0.000531688,0
taglia,fascia 1 (~27%),1,FairnessIndex,Pearson Key,Similarity-Utilization,CER_15_5_0,CER_18_7_0,20,25,-0.000981914,0.00150037,0
taglia,fascia 1 (~27%),1,FairnessIndex,Stratified Expected Value,Adaptive Sampling Shapley,CER_4_1_0,CER_6_2_0,5,8,-0.0504443,0.0455779,0
taglia,fascia 1 (~27%),1,Sigma,Variance Least Core,Stratified Expected Value,CER_4_1_0,CER_6_2_0,5,8,0.0291095,-0.000746364,0
taglia,fascia 1 (~27%),1,Sigma,Variance Least Core,Stratified Expected Value,CER_6_2_0,CER_7_3_0,8,10,-0.000746364,0.00493421,0
taglia,fascia 1 (~27%),1,Sigma,Equal Split,Remuneration Model 1,CER_4_1_0,CER_6_2_0,5,8,0.00890881,-0.00566893,0
taglia,fascia 1 (~27%),1,Sigma,Equal Split,Cascading Tree,CER_6_2_0,CER_7_3_0,8,10,-0.0133576,0.0274645,0
taglia,fascia 1 (~27%),1,Sigma,Proportional to Consumption,Cascading Tree,CER_15_5_0,CER_18_7_0,20,25,-0.00879683,0.00574966,0
taglia,fascia 1 (~27%),1,Sigma,Proportional to Consumption,Pearson Key,CER_4_1_0,CER_6_2_0,5,8,-0.0012244,0.00441491,0
taglia,fascia 1 (~27%),1,Sigma,Proportional to Consumption,Pearson-Sharing Rate,CER_4_1_0,CER_6_2_0,5,8,-0.00120589,0.00427448,0
taglia,fascia 1 (~27%),1,Sigma,Proportional to Consumption,Similarity-Utilization,CER_4_1_0,CER_6_2_0,5,8,-0.000621903,0.00901997,0
taglia,fascia 1 (~27%),1,Sigma,Proportional to Consumption,Tri-level EP,CER_4_1_0,CER_6_2_0,5,8,-0.000678362,0.00480825,0
taglia,fascia 1 (~27%),1,Sigma,Remuneration Model 1,Cascading Tree,CER_6_2_0,CER_7_3_0,8,10,-0.00768871,0.0398503,0
taglia,fascia 1 (~27%),1,Sigma,Remuneration Model 1,Adaptive Sampling Shapley,CER_6_2_0,CER_7_3_0,8,10,-0.0102739,0.00910721,0
taglia,fascia 1 (~27%),1,Sigma,Cascading Tree,Weighted Solidarity,CER_6_2_0,CER_7_3_0,8,10,0.0207796,-0.0131383,0
taglia,fascia 1 (~27%),1,Sigma,Cascading Tree,Pearson Key,CER_15_5_0,CER_18_7_0,20,25,0.0122234,-0.00218653,0
taglia,fascia 1 (~27%),1,Sigma,Cascading Tree,Pearson-Sharing Rate,CER_15_5_0,CER_18_7_0,20,25,0.0121337,-0.00226692,0
taglia,fascia 1 (~27%),1,Sigma,Cascading Tree,Similarity-Utilization,CER_15_5_0,CER_18_7_0,20,25,0.0124791,-0.00144913,0
taglia,fascia 1 (~27%),1,Sigma,Cascading Tree,Tri-level EP,CER_15_5_0,CER_18_7_0,20,25,0.0120892,-0.00230793,0
taglia,fascia 1 (~27%),1,Sigma,Pearson Key,Pearson-Sharing Rate,CER_4_1_0,CER_6_2_0,5,8,1.8514e-05,-0.000140427,0
taglia,fascia 1 (~27%),1,Sigma,Pearson Key,Tri-level EP,CER_6_2_0,CER_7_3_0,8,10,0.000393339,-0.000510478,0
taglia,fascia 1 (~27%),1,Sigma,Pearson-Sharing Rate,Tri-level EP,CER_6_2_0,CER_7_3_0,8,10,0.000533766,-0.000356239,0
taglia,fascia 1 (~27%),1,Sigma,Stratified Expected Value,Adaptive Sampling Shapley,CER_4_1_0,CER_6_2_0,5,8,-0.0251421,0.0139033,0
taglia,fascia 1 (~27%),1,EccessoMax_EUR,Equal Split,Proportional to Consumption,CER_6_2_0,CER_7_3_0,8,10,15.9261,-6.63189,0
taglia,fascia 1 (~27%),1,EccessoMax_EUR,Equal Split,Proportional to Consumption,CER_7_3_0,CER_11_4_0,10,15,-6.63189,9.44093,0
taglia,fascia 1 (~27%),1,EccessoMax_EUR,Equal Split,Cascading Tree,CER_6_2_0,CER_7_3_0,8,10,-5.3438,26.5743,0
taglia,fascia 1 (~27%),1,EccessoMax_EUR,Equal Split,Pearson Key,CER_6_2_0,CER_7_3_0,8,10,22.3103,-1.14142,0
taglia,fascia 1 (~27%),1,EccessoMax_EUR,Equal Split,Pearson Key,CER_7_3_0,CER_11_4_0,10,15,-1.14142,18.4798,0
taglia,fascia 1 (~27%),1,EccessoMax_EUR,Equal Split,Pearson-Sharing Rate,CER_6_2_0,CER_7_3_0,8,10,21.5036,-2.21713,0
taglia,fascia 1 (~27%),1,EccessoMax_EUR,Equal Split,Pearson-Sharing Rate,CER_7_3_0,CER_11_4_0,10,15,-2.21713,16.7728,0
taglia,fascia 1 (~27%),1,EccessoMax_EUR,Equal Split,Tri-level EP,CER_6_2_0,CER_7_3_0,8,10,17.776,-5.05949,0
taglia,fascia 1 (~27%),1,EccessoMax_EUR,Equal Split,Tri-level EP,CER_7_3_0,CER_11_4_0,10,15,-5.05949,13.319,0
taglia,fascia 1 (~27%),1,EccessoMax_EUR,Proportional to Consumption,Cascading Tree,CER_6_2_0,CER_7_3_0,8,10,-21.2699,33.2061,0
taglia,fascia 1 (~27%),1,EccessoMax_EUR,Proportional to Consumption,Pearson Key,CER_4_1_0,CER_6_2_0,5,8,-0.554224,6.38422,0
taglia,fascia 1 (~27%),1,EccessoMax_EUR,Proportional to Consumption,Pearson-Sharing Rate,CER_4_1_0,CER_6_2_0,5,8,-0.407082,5.57749,0
taglia,fascia 1 (~27%),1,EccessoMax_EUR,Remuneration Model 1,Cascading Tree,CER_4_1_0,CER_6_2_0,5,8,-18.2612,16.251,0
taglia,fascia 1 (~27%),1,EccessoMax_EUR,Remuneration Model 1,Marginal Contribution,CER_4_1_0,CER_6_2_0,5,8,-21.8806,5.35895,0
taglia,fascia 1 (~27%),1,EccessoMax_EUR,Remuneration Model 1,Marginal Contribution,CER_6_2_0,CER_7_3_0,8,10,5.35895,-9.18534,0
taglia,fascia 1 (~27%),1,EccessoMax_EUR,Remuneration Model 1,Adaptive Sampling Shapley,CER_4_1_0,CER_6_2_0,5,8,-21.2779,11.1445,0
taglia,fascia 1 (~27%),1,EccessoMax_EUR,Remuneration Model 1,Adaptive Sampling Shapley,CER_7_3_0,CER_11_4_0,10,15,7.61976,-4.50365,0
taglia,fascia 1 (~27%),1,EccessoMax_EUR,Cascading Tree,Pearson Key,CER_6_2_0,CER_7_3_0,8,10,27.6541,-27.7157,0
taglia,fascia 1 (~27%),1,EccessoMax_EUR,Cascading Tree,Pearson Key,CER_7_3_0,CER_11_4_0,10,15,-27.7157,1.89556,0
taglia,fascia 1 (~27%),1,EccessoMax_EUR,Cascading Tree,Pearson Key,CER_11_4_0,CER_13_5_0,15,18,1.89556,-25.2702,0
taglia,fascia 1 (~27%),1,EccessoMax_EUR,Cascading Tree,Pearson-Sharing Rate,CER_6_2_0,CER_7_3_0,8,10,26.8474,-28.7914,0
taglia,fascia 1 (~27%),1,EccessoMax_EUR,Cascading Tree,Pearson-Sharing Rate,CER_7_3_0,CER_11_4_0,10,15,-28.7914,0.188507,0
taglia,fascia 1 (~27%),1,EccessoMax_EUR,Cascading Tree,Pearson-Sharing Rate,CER_11_4_0,CER_13_5_0,15,18,0.188507,-27.3784,0
taglia,fascia 1 (~27%),1,EccessoMax_EUR,Cascading Tree,Stratified Expected Value,CER_4_1_0,CER_6_2_0,5,8,0.213741,-21.4842,0
taglia,fascia 1 (~27%),1,EccessoMax_EUR,Cascading Tree,Tri-level EP,CER_6_2_0,CER_7_3_0,8,10,23.1198,-31.6338,0
taglia,fascia 1 (~27%),1,EccessoMax_EUR,Weighted Solidarity,Similarity-Utilization,CER_11_4_0,CER_13_5_0,15,18,15.0693,-5.62595,0
taglia,fascia 1 (~27%),1,EccessoMax_EUR,Pearson Key,Pearson-Sharing Rate,CER_4_1_0,CER_6_2_0,5,8,0.147142,-0.80673,0
taglia,fascia 1 (~27%),1,EccessoMax_EUR,Pearson Key,Tri-level EP,CER_4_1_0,CER_6_2_0,5,8,0.901819,-4.53435,0
taglia,fascia 1 (~27%),1,EccessoMax_EUR,Pearson-Sharing Rate,Tri-level EP,CER_4_1_0,CER_6_2_0,5,8,0.754677,-3.72762,0
taglia,fascia 1 (~27%),1,EccessoMax_EUR,Marginal Contribution,Stratified Expected Value,CER_4_1_0,CER_6_2_0,5,8,3.83316,-10.5921,0
taglia,fascia 1 (~27%),1,EccessoMax_EUR,Stratified Expected Value,Adaptive Sampling Shapley,CER_4_1_0,CER_6_2_0,5,8,-3.23047,16.3777,0
taglia,fascia 1 (~27%),1,CoalizioniInstabili,Equal Split,Cascading Tree,CER_6_2_0,CER_7_3_0,8,10,-11,29,0
taglia,fascia 1 (~27%),1,CoalizioniInstabili,Remuneration Model 1,Cascading Tree,CER_4_1_0,CER_6_2_0,5,8,-2,24,0
taglia,fascia 1 (~27%),1,CoalizioniInstabili,Remuneration Model 1,Adaptive Sampling Shapley,CER_4_1_0,CER_6_2_0,5,8,-2,17,0
taglia,fascia 1 (~27%),1,CoalizioniInstabili,Remuneration Model 1,Adaptive Sampling Shapley,CER_6_2_0,CER_11_4_0,8,15,17,-198,1
taglia,fascia 1 (~27%),1,CoalizioniInstabili,Cascading Tree,Weighted Solidarity,CER_11_4_0,CER_13_5_0,15,18,14,-6173,0
taglia,fascia 1 (~27%),1,CoalizioniInstabili,Pearson Key,Tri-level EP,CER_6_2_0,CER_7_3_0,8,10,-1,10,0
taglia,fascia 1 (~27%),1,CoalizioniInstabili,Pearson Key,Tri-level EP,CER_7_3_0,CER_11_4_0,10,15,10,-120,0
taglia,fascia 1 (~27%),1,CoalizioniInstabili,Pearson-Sharing Rate,Tri-level EP,CER_6_2_0,CER_7_3_0,8,10,-1,10,0
taglia,fascia 1 (~27%),1,CoalizioniInstabili,Pearson-Sharing Rate,Tri-level EP,CER_7_3_0,CER_11_4_0,10,15,10,-128,0
taglia,fascia 1 (~27%),1,ForzaIncentivante,Variance Least Core,Equal Split,CER_6_2_0,CER_7_3_0,8,10,-0.319319,0.062674,0
taglia,fascia 1 (~27%),1,ForzaIncentivante,Variance Least Core,Equal Split,CER_7_3_0,CER_11_4_0,10,15,0.062674,-0.118637,0
taglia,fascia 1 (~27%),1,ForzaIncentivante,Variance Least Core,Equal Split,CER_11_4_0,CER_13_5_0,15,18,-0.118637,0.0108561,0
taglia,fascia 1 (~27%),1,ForzaIncentivante,Variance Least Core,Equal Split,CER_13_5_0,CER_15_5_0,18,20,0.0108561,-0.146662,0
taglia,fascia 1 (~27%),1,ForzaIncentivante,Variance Least Core,Equal Split,CER_15_5_0,CER_18_7_0,20,25,-0.146662,0.186455,0
taglia,fascia 1 (~27%),1,ForzaIncentivante,Variance Least Core,Remuneration Model 1,CER_6_2_0,CER_7_3_0,8,10,-0.303891,0.0251585,0
taglia,fascia 1 (~27%),1,ForzaIncentivante,Variance Least Core,Remuneration Model 1,CER_7_3_0,CER_11_4_0,10,15,0.0251585,-0.155748,0
taglia,fascia 1 (~27%),1,ForzaIncentivante,Variance Least Core,Remuneration Model 1,CER_15_5_0,CER_18_7_0,20,25,-0.189065,0.126592,0
taglia,fascia 1 (~27%),1,ForzaIncentivante,Variance Least Core,Cascading Tree,CER_4_1_0,CER_6_2_0,5,8,-0.370324,0.552382,0
taglia,fascia 1 (~27%),1,ForzaIncentivante,Variance Least Core,Weighted Solidarity,CER_6_2_0,CER_7_3_0,8,10,-0.19794,0.134411,0
taglia,fascia 1 (~27%),1,ForzaIncentivante,Variance Least Core,Weighted Solidarity,CER_7_3_0,CER_11_4_0,10,15,0.134411,-0.0708352,0
taglia,fascia 1 (~27%),1,ForzaIncentivante,Variance Least Core,Weighted Solidarity,CER_15_5_0,CER_18_7_0,20,25,-0.118324,0.10317,0
taglia,fascia 1 (~27%),1,ForzaIncentivante,Variance Least Core,Marginal Contribution,CER_4_1_0,CER_6_2_0,5,8,-0.0361228,0.191335,0
taglia,fascia 1 (~27%),1,ForzaIncentivante,Variance Least Core,Adaptive Sampling Shapley,CER_4_1_0,CER_6_2_0,5,8,-0.139532,0.545319,0
taglia,fascia 1 (~27%),1,ForzaIncentivante,Equal Split,Remuneration Model 1,CER_4_1_0,CER_6_2_0,5,8,-0.0529664,0.0154282,0
taglia,fascia 1 (~27%),1,ForzaIncentivante,Equal Split,Remuneration Model 1,CER_6_2_0,CER_7_3_0,8,10,0.0154282,-0.0375155,0
taglia,fascia 1 (~27%),1,ForzaIncentivante,Equal Split,Weighted Solidarity,CER_4_1_0,CER_6_2_0,5,8,-0.0814376,0.121379,0
taglia,fascia 1 (~27%),1,ForzaIncentivante,Equal Split,Weighted Solidarity,CER_11_4_0,CER_13_5_0,15,18,0.0478021,-0.0271001,0
taglia,fascia 1 (~27%),1,ForzaIncentivante,Equal Split,Weighted Solidarity,CER_13_5_0,CER_15_5_0,18,20,-0.0271001,0.0283382,0
taglia,fascia 1 (~27%),1,ForzaIncentivante,Equal Split,Weighted Solidarity,CER_15_5_0,CER_18_7_0,20,25,0.0283382,-0.0832856,0
taglia,fascia 1 (~27%),1,ForzaIncentivante,Equal Split,Marginal Contribution,CER_15_5_0,CER_18_7_0,20,25,0.201884,-0.143733,0
taglia,fascia 1 (~27%),1,ForzaIncentivante,Equal Split,Stratified Expected Value,CER_6_2_0,CER_7_3_0,8,10,0.313178,-0.142696,0
taglia,fascia 1 (~27%),1,ForzaIncentivante,Equal Split,Stratified Expected Value,CER_7_3_0,CER_11_4_0,10,15,-0.142696,0.0588532,0
taglia,fascia 1 (~27%),1,ForzaIncentivante,Equal Split,Stratified Expected Value,CER_11_4_0,CER_13_5_0,15,18,0.0588532,-0.0665487,0
taglia,fascia 1 (~27%),1,ForzaIncentivante,Equal Split,Stratified Expected Value,CER_13_5_0,CER_15_5_0,18,20,-0.0665487,0.0785846,0
taglia,fascia 1 (~27%),1,ForzaIncentivante,Equal Split,Stratified Expected Value,CER_15_5_0,CER_18_7_0,20,25,0.0785846,-0.240763,0
taglia,fascia 1 (~27%),1,ForzaIncentivante,Remuneration Model 1,Weighted Solidarity,CER_4_1_0,CER_6_2_0,5,8,-0.0284712,0.105951,0
taglia,fascia 1 (~27%),1,ForzaIncentivante,Remuneration Model 1,Weighted Solidarity,CER_15_5_0,CER_18_7_0,20,25,0.0707409,-0.0234226,0
taglia,fascia 1 (~27%),1,ForzaIncentivante,Remuneration Model 1,Marginal Contribution,CER_15_5_0,CER_18_7_0,20,25,0.244287,-0.0838696,0
taglia,fascia 1 (~27%),1,ForzaIncentivante,Remuneration Model 1,Stratified Expected Value,CER_6_2_0,CER_7_3_0,8,10,0.29775,-0.10518,0
taglia,fascia 1 (~27%),1,ForzaIncentivante,Remuneration Model 1,Stratified Expected Value,CER_7_3_0,CER_11_4_0,10,15,-0.10518,0.095964,0
taglia,fascia 1 (~27%),1,ForzaIncentivante,Remuneration Model 1,Stratified Expected Value,CER_11_4_0,CER_13_5_0,15,18,0.095964,-0.0156627,0
taglia,fascia 1 (~27%),1,ForzaIncentivante,Remuneration Model 1,Stratified Expected Value,CER_13_5_0,CER_15_5_0,18,20,-0.0156627,0.120987,0
taglia,fascia 1 (~27%),1,ForzaIncentivante,Remuneration Model 1,Stratified Expected Value,CER_15_5_0,CER_18_7_0,20,25,0.120987,-0.1809,0
taglia,fascia 1 (~27%),1,ForzaIncentivante,Cascading Tree,Marginal Contribution,CER_4_1_0,CER_6_2_0,5,8,0.334202,-0.361047,0
taglia,fascia 1 (~27%),1,ForzaIncentivante,Cascading Tree,Stratified Expected Value,CER_4_1_0,CER_6_2_0,5,8,0.00482905,-0.558524,0
taglia,fascia 1 (~27%),1,ForzaIncentivante,Cascading Tree,Adaptive Sampling Shapley,CER_4_1_0,CER_6_2_0,5,8,0.230792,-0.00706355,0
taglia,fascia 1 (~27%),1,ForzaIncentivante,Weighted Solidarity,Marginal Contribution,CER_6_2_0,CER_7_3_0,8,10,0.389275,-0.0673193,0
taglia,fascia 1 (~27%),1,ForzaIncentivante,Weighted Solidarity,Marginal Contribution,CER_7_3_0,CER_11_4_0,10,15,-0.0673193,0.146497,0
taglia,fascia 1 (~27%),1,ForzaIncentivante,Weighted Solidarity,Marginal Contribution,CER_15_5_0,CER_18_7_0,20,25,0.173546,-0.060447,0
taglia,fascia 1 (~27%),1,ForzaIncentivante,Weighted Solidarity,Stratified Expected Value,CER_6_2_0,CER_7_3_0,8,10,0.191799,-0.214433,0
taglia,fascia 1 (~27%),1,ForzaIncentivante,Weighted Solidarity,Stratified Expected Value,CER_7_3_0,CER_11_4_0,10,15,-0.214433,0.011051,0
taglia,fascia 1 (~27%),1,ForzaIncentivante,Weighted Solidarity,Stratified Expected Value,CER_11_4_0,CER_13_5_0,15,18,0.011051,-0.0394486,0
taglia,fascia 1 (~27%),1,ForzaIncentivante,Weighted Solidarity,Stratified Expected Value,CER_13_5_0,CER_15_5_0,18,20,-0.0394486,0.0502464,0
taglia,fascia 1 (~27%),1,ForzaIncentivante,Weighted Solidarity,Stratified Expected Value,CER_15_5_0,CER_18_7_0,20,25,0.0502464,-0.157478,0
taglia,fascia 1 (~27%),1,ForzaIncentivante,Marginal Contribution,Adaptive Sampling Shapley,CER_4_1_0,CER_6_2_0,5,8,-0.10341,0.353984,0
taglia,fascia 1 (~27%),1,AllineamentoVirtu,Variance Least Core,Equal Split,CER_6_2_0,CER_7_3_0,8,10,-0.76523,0.166112,0
taglia,fascia 1 (~27%),1,AllineamentoVirtu,Variance Least Core,Equal Split,CER_7_3_0,CER_11_4_0,10,15,0.166112,-0.337987,0
taglia,fascia 1 (~27%),1,AllineamentoVirtu,Variance Least Core,Equal Split,CER_11_4_0,CER_13_5_0,15,18,-0.337987,0.0332268,0
taglia,fascia 1 (~27%),1,AllineamentoVirtu,Variance Least Core,Equal Split,CER_13_5_0,CER_15_5_0,18,20,0.0332268,-0.458687,0
taglia,fascia 1 (~27%),1,AllineamentoVirtu,Variance Least Core,Equal Split,CER_15_5_0,CER_18_7_0,20,25,-0.458687,0.482486,0
taglia,fascia 1 (~27%),1,AllineamentoVirtu,Variance Least Core,Remuneration Model 1,CER_6_2_0,CER_7_3_0,8,10,-0.727574,0.0379731,0
taglia,fascia 1 (~27%),1,AllineamentoVirtu,Variance Least Core,Remuneration Model 1,CER_7_3_0,CER_11_4_0,10,15,0.0379731,-0.472596,0
taglia,fascia 1 (~27%),1,AllineamentoVirtu,Variance Least Core,Remuneration Model 1,CER_15_5_0,CER_18_7_0,20,25,-0.612899,0.2827,0
taglia,fascia 1 (~27%),1,AllineamentoVirtu,Variance Least Core,Cascading Tree,CER_4_1_0,CER_6_2_0,5,8,-0.00139522,0.215361,0
taglia,fascia 1 (~27%),1,AllineamentoVirtu,Variance Least Core,Weighted Solidarity,CER_6_2_0,CER_7_3_0,8,10,-0.536201,0.366583,0
taglia,fascia 1 (~27%),1,AllineamentoVirtu,Variance Least Core,Weighted Solidarity,CER_7_3_0,CER_11_4_0,10,15,0.366583,-0.219481,0
taglia,fascia 1 (~27%),1,AllineamentoVirtu,Variance Least Core,Weighted Solidarity,CER_15_5_0,CER_18_7_0,20,25,-0.387558,0.31709,0
taglia,fascia 1 (~27%),1,AllineamentoVirtu,Variance Least Core,Marginal Contribution,CER_4_1_0,CER_6_2_0,5,8,-0.000924339,0.098845,0
taglia,fascia 1 (~27%),1,AllineamentoVirtu,Variance Least Core,Adaptive Sampling Shapley,CER_4_1_0,CER_6_2_0,5,8,-0.000136589,0.215258,0
taglia,fascia 1 (~27%),1,AllineamentoVirtu,Equal Split,Remuneration Model 1,CER_4_1_0,CER_6_2_0,5,8,-0.217619,0.0376565,0
taglia,fascia 1 (~27%),1,AllineamentoVirtu,Equal Split,Remuneration Model 1,CER_6_2_0,CER_7_3_0,8,10,0.0376565,-0.128139,0
taglia,fascia 1 (~27%),1,AllineamentoVirtu,Equal Split,Weighted Solidarity,CER_4_1_0,CER_6_2_0,5,8,-0.172873,0.229029,0
taglia,fascia 1 (~27%),1,AllineamentoVirtu,Equal Split,Weighted Solidarity,CER_11_4_0,CER_13_5_0,15,18,0.118506,-0.06053,0
taglia,fascia 1 (~27%),1,AllineamentoVirtu,Equal Split,Weighted Solidarity,CER_13_5_0,CER_15_5_0,18,20,-0.06053,0.0711287,0
taglia,fascia 1 (~27%),1,AllineamentoVirtu,Equal Split,Weighted Solidarity,CER_15_5_0,CER_18_7_0,20,25,0.0711287,-0.165396,0
taglia,fascia 1 (~27%),1,AllineamentoVirtu,Equal Split,Marginal Contribution,CER_15_5_0,CER_18_7_0,20,25,0.565372,-0.373161,0
taglia,fascia 1 (~27%),1,AllineamentoVirtu,Equal Split,Stratified Expected Value,CER_6_2_0,CER_7_3_0,8,10,0.753508,-0.365208,0
taglia,fascia 1 (~27%),1,AllineamentoVirtu,Equal Split,Stratified Expected Value,CER_7_3_0,CER_11_4_0,10,15,-0.365208,0.185737,0
taglia,fascia 1 (~27%),1,AllineamentoVirtu,Equal Split,Stratified Expected Value,CER_11_4_0,CER_13_5_0,15,18,0.185737,-0.213126,0
taglia,fascia 1 (~27%),1,AllineamentoVirtu,Equal Split,Stratified Expected Value,CER_13_5_0,CER_15_5_0,18,20,-0.213126,0.281406,0
taglia,fascia 1 (~27%),1,AllineamentoVirtu,Equal Split,Stratified Expected Value,CER_15_5_0,CER_18_7_0,20,25,0.281406,-0.60328,0
taglia,fascia 1 (~27%),1,AllineamentoVirtu,Remuneration Model 1,Marginal Contribution,CER_15_5_0,CER_18_7_0,20,25,0.719585,-0.173375,0
taglia,fascia 1 (~27%),1,AllineamentoVirtu,Remuneration Model 1,Stratified Expected Value,CER_6_2_0,CER_7_3_0,8,10,0.715851,-0.237069,0
taglia,fascia 1 (~27%),1,AllineamentoVirtu,Remuneration Model 1,Stratified Expected Value,CER_7_3_0,CER_11_4_0,10,15,-0.237069,0.320347,0
taglia,fascia 1 (~27%),1,AllineamentoVirtu,Remuneration Model 1,Stratified Expected Value,CER_15_5_0,CER_18_7_0,20,25,0.435619,-0.403494,0
taglia,fascia 1 (~27%),1,AllineamentoVirtu,Cascading Tree,Marginal Contribution,CER_4_1_0,CER_6_2_0,5,8,0.000470877,-0.116516,0
taglia,fascia 1 (~27%),1,AllineamentoVirtu,Cascading Tree,Stratified Expected Value,CER_4_1_0,CER_6_2_0,5,8,0.000223372,-0.227083,0
taglia,fascia 1 (~27%),1,AllineamentoVirtu,Cascading Tree,Adaptive Sampling Shapley,CER_4_1_0,CER_6_2_0,5,8,0.00125863,-0.00010214,0
taglia,fascia 1 (~27%),1,AllineamentoVirtu,Weighted Solidarity,Marginal Contribution,CER_6_2_0,CER_7_3_0,8,10,0.635046,-0.190002,0
taglia,fascia 1 (~27%),1,AllineamentoVirtu,Weighted Solidarity,Marginal Contribution,CER_7_3_0,CER_11_4_0,10,15,-0.190002,0.369127,0
taglia,fascia 1 (~27%),1,AllineamentoVirtu,Weighted Solidarity,Marginal Contribution,CER_15_5_0,CER_18_7_0,20,25,0.494244,-0.207765,0
taglia,fascia 1 (~27%),1,AllineamentoVirtu,Weighted Solidarity,Stratified Expected Value,CER_6_2_0,CER_7_3_0,8,10,0.524479,-0.565679,0
taglia,fascia 1 (~27%),1,AllineamentoVirtu,Weighted Solidarity,Stratified Expected Value,CER_7_3_0,CER_11_4_0,10,15,-0.565679,0.0672313,0
taglia,fascia 1 (~27%),1,AllineamentoVirtu,Weighted Solidarity,Stratified Expected Value,CER_11_4_0,CER_13_5_0,15,18,0.0672313,-0.152596,0
taglia,fascia 1 (~27%),1,AllineamentoVirtu,Weighted Solidarity,Stratified Expected Value,CER_13_5_0,CER_15_5_0,18,20,-0.152596,0.210277,0
taglia,fascia 1 (~27%),1,AllineamentoVirtu,Weighted Solidarity,Stratified Expected Value,CER_15_5_0,CER_18_7_0,20,25,0.210277,-0.437884,0
taglia,fascia 1 (~27%),1,ForzaIncentivante_lordo,Variance Least Core,Equal Split,CER_6_2_0,CER_7_3_0,8,10,-4.163,2.20448,0
taglia,fascia 1 (~27%),1,ForzaIncentivante_lordo,Variance Least Core,Proportional to Consumption,CER_6_2_0,CER_7_3_0,8,10,-1.22239,0.477846,0
taglia,fascia 1 (~27%),1,ForzaIncentivante_lordo,Variance Least Core,Proportional to Consumption,CER_7_3_0,CER_11_4_0,10,15,0.477846,-1.08468,0
taglia,fascia 1 (~27%),1,ForzaIncentivante_lordo,Variance Least Core,Remuneration Model 1,CER_6_2_0,CER_7_3_0,8,10,-0.0897195,1.46821,0
taglia,fascia 1 (~27%),1,ForzaIncentivante_lordo,Variance Least Core,Cascading Tree,CER_4_1_0,CER_6_2_0,5,8,-2.02001,0.503992,0
taglia,fascia 1 (~27%),1,ForzaIncentivante_lordo,Variance Least Core,Weighted Solidarity,CER_6_2_0,CER_7_3_0,8,10,-4.18611,1.4115,0
taglia,fascia 1 (~27%),1,ForzaIncentivante_lordo,Variance Least Core,Marginal Contribution,CER_4_1_0,CER_6_2_0,5,8,-0.199992,0.862683,0
taglia,fascia 1 (~27%),1,ForzaIncentivante_lordo,Variance Least Core,Adaptive Sampling Shapley,CER_4_1_0,CER_6_2_0,5,8,-0.739628,1.55765,0
taglia,fascia 1 (~27%),1,ForzaIncentivante_lordo,Equal Split,Proportional to Consumption,CER_4_1_0,CER_6_2_0,5,8,-4.9098,2.94061,0
taglia,fascia 1 (~27%),1,ForzaIncentivante_lordo,Equal Split,Proportional to Consumption,CER_6_2_0,CER_7_3_0,8,10,2.94061,-1.72664,0
taglia,fascia 1 (~27%),1,ForzaIncentivante_lordo,Equal Split,Remuneration Model 1,CER_4_1_0,CER_6_2_0,5,8,-0.240523,4.07328,0
taglia,fascia 1 (~27%),1,ForzaIncentivante_lordo,Equal Split,Remuneration Model 1,CER_6_2_0,CER_7_3_0,8,10,4.07328,-0.736273,0
taglia,fascia 1 (~27%),1,ForzaIncentivante_lordo,Equal Split,Weighted Solidarity,CER_7_3_0,CER_11_4_0,10,15,-0.79298,0.0243642,0
taglia,fascia 1 (~27%),1,ForzaIncentivante_lordo,Equal Split,Weighted Solidarity,CER_11_4_0,CER_13_5_0,15,18,0.0243642,-0.624746,0
taglia,fascia 1 (~27%),1,ForzaIncentivante_lordo,Equal Split,Weighted Solidarity,CER_13_5_0,CER_15_5_0,18,20,-0.624746,0.346819,0
taglia,fascia 1 (~27%),1,ForzaIncentivante_lordo,Equal Split,Pearson Key,CER_4_1_0,CER_6_2_0,5,8,-5.08967,1.22632,0
taglia,fascia 1 (~27%),1,ForzaIncentivante_lordo,Equal Split,Pearson Key,CER_6_2_0,CER_7_3_0,8,10,1.22632,-3.75948,0
taglia,fascia 1 (~27%),1,ForzaIncentivante_lordo,Equal Split,Pearson-Sharing Rate,CER_4_1_0,CER_6_2_0,5,8,-5.09305,1.29229,0
taglia,fascia 1 (~27%),1,ForzaIncentivante_lordo,Equal Split,Pearson-Sharing Rate,CER_6_2_0,CER_7_3_0,8,10,1.29229,-3.71402,0
taglia,fascia 1 (~27%),1,ForzaIncentivante_lordo,Equal Split,Marginal Contribution,CER_6_2_0,CER_7_3_0,8,10,5.02568,-2.16659,0
taglia,fascia 1 (~27%),1,ForzaIncentivante_lordo,Equal Split,Stratified Expected Value,CER_6_2_0,CER_7_3_0,8,10,4.0371,-2.51906,0
taglia,fascia 1 (~27%),1,ForzaIncentivante_lordo,Equal Split,Adaptive Sampling Shapley,CER_15_5_0,CER_18_7_0,20,25,0.716742,-0.138268,0
taglia,fascia 1 (~27%),1,ForzaIncentivante_lordo,Equal Split,Tri-level EP,CER_4_1_0,CER_6_2_0,5,8,-5.01184,2.04523,0
taglia,fascia 1 (~27%),1,ForzaIncentivante_lordo,Equal Split,Tri-level EP,CER_6_2_0,CER_7_3_0,8,10,2.04523,-3.35753,0
taglia,fascia 1 (~27%),1,ForzaIncentivante_lordo,Proportional to Consumption,Weighted Solidarity,CER_4_1_0,CER_6_2_0,5,8,4.38057,-2.96373,0
taglia,fascia 1 (~27%),1,ForzaIncentivante_lordo,Proportional to Consumption,Weighted Solidarity,CER_6_2_0,CER_7_3_0,8,10,-2.96373,0.933656,0
taglia,fascia 1 (~27%),1,ForzaIncentivante_lordo,Proportional to Consumption,Marginal Contribution,CER_6_2_0,CER_7_3_0,8,10,2.08507,-0.439955,0
taglia,fascia 1 (~27%),1,ForzaIncentivante_lordo,Proportional to Consumption,Marginal Contribution,CER_7_3_0,CER_11_4_0,10,15,-0.439955,1.2883,0
taglia,fascia 1 (~27%),1,ForzaIncentivante_lordo,Proportional to Consumption,Stratified Expected Value,CER_6_2_0,CER_7_3_0,8,10,1.09649,-0.792419,0
taglia,fascia 1 (~27%),1,ForzaIncentivante_lordo,Proportional to Consumption,Stratified Expected Value,CER_7_3_0,CER_11_4_0,10,15,-0.792419,0.735827,0
taglia,fascia 1 (~27%),1,ForzaIncentivante_lordo,Proportional to Consumption,Stratified Expected Value,CER_11_4_0,CER_13_5_0,15,18,0.735827,-0.180162,0
taglia,fascia 1 (~27%),1,ForzaIncentivante_lordo,Proportional to Consumption,Stratified Expected Value,CER_13_5_0,CER_15_5_0,18,20,-0.180162,1.4175,0
taglia,fascia 1 (~27%),1,ForzaIncentivante_lordo,Remuneration Model 1,Weighted Solidarity,CER_7_3_0,CER_11_4_0,10,15,-0.0567076,0.0889811,0
taglia,fascia 1 (~27%),1,ForzaIncentivante_lordo,Remuneration Model 1,Weighted Solidarity,CER_11_4_0,CER_13_5_0,15,18,0.0889811,-0.542005,0
taglia,fascia 1 (~27%),1,ForzaIncentivante_lordo,Remuneration Model 1,Weighted Solidarity,CER_13_5_0,CER_15_5_0,18,20,-0.542005,0.595768,0
taglia,fascia 1 (~27%),1,ForzaIncentivante_lordo,Remuneration Model 1,Marginal Contribution,CER_6_2_0,CER_7_3_0,8,10,0.952402,-1.43032,0
taglia,fascia 1 (~27%),1,ForzaIncentivante_lordo,Remuneration Model 1,Marginal Contribution,CER_13_5_0,CER_15_5_0,18,20,-0.626696,0.204244,0
taglia,fascia 1 (~27%),1,ForzaIncentivante_lordo,Remuneration Model 1,Stratified Expected Value,CER_4_1_0,CER_6_2_0,5,8,7.86155,-0.0361753,0
taglia,fascia 1 (~27%),1,ForzaIncentivante_lordo,Cascading Tree,Marginal Contribution,CER_6_2_0,CER_7_3_0,8,10,0.358691,-5.27623,0
taglia,fascia 1 (~27%),1,ForzaIncentivante_lordo,Cascading Tree,Stratified Expected Value,CER_4_1_0,CER_6_2_0,5,8,0.0376193,-0.629887,0
taglia,fascia 1 (~27%),1,ForzaIncentivante_lordo,Cascading Tree,Adaptive Sampling Shapley,CER_6_2_0,CER_7_3_0,8,10,1.05366,-3.081,0
taglia,fascia 1 (~27%),1,ForzaIncentivante_lordo,Weighted Solidarity,Pearson Key,CER_4_1_0,CER_6_2_0,5,8,-4.56043,1.24944,0
taglia,fascia 1 (~27%),1,ForzaIncentivante_lordo,Weighted Solidarity,Pearson Key,CER_6_2_0,CER_7_3_0,8,10,1.24944,-2.9665,0
taglia,fascia 1 (~27%),1,ForzaIncentivante_lordo,Weighted Solidarity,Pearson-Sharing Rate,CER_4_1_0,CER_6_2_0,5,8,-4.56382,1.31541,0
taglia,fascia 1 (~27%),1,ForzaIncentivante_lordo,Weighted Solidarity,Pearson-Sharing Rate,CER_6_2_0,CER_7_3_0,8,10,1.31541,-2.92104,0
taglia,fascia 1 (~27%),1,ForzaIncentivante_lordo,Weighted Solidarity,Marginal Contribution,CER_6_2_0,CER_7_3_0,8,10,5.04879,-1.37361,0
taglia,fascia 1 (~27%),1,ForzaIncentivante_lordo,Weighted Solidarity,Stratified Expected Value,CER_6_2_0,CER_7_3_0,8,10,4.06022,-1.72608,0
taglia,fascia 1 (~27%),1,ForzaIncentivante_lordo,Weighted Solidarity,Adaptive Sampling Shapley,CER_15_5_0,CER_18_7_0,20,25,0.369923,-0.833303,0
taglia,fascia 1 (~27%),1,ForzaIncentivante_lordo,Weighted Solidarity,Tri-level EP,CER_4_1_0,CER_6_2_0,5,8,-4.48261,2.06835,0
taglia,fascia 1 (~27%),1,ForzaIncentivante_lordo,Weighted Solidarity,Tri-level EP,CER_6_2_0,CER_7_3_0,8,10,2.06835,-2.56455,0
taglia,fascia 1 (~27%),1,ForzaIncentivante_lordo,Pearson Key,Pearson-Sharing Rate,CER_4_1_0,CER_6_2_0,5,8,-0.00338895,0.0659682,0
taglia,fascia 1 (~27%),1,ForzaIncentivante_lordo,Pearson Key,Tri-level EP,CER_15_5_0,CER_18_7_0,20,25,0.116718,-0.0250961,0
taglia,fascia 1 (~27%),1,ForzaIncentivante_lordo,Pearson-Sharing Rate,Tri-level EP,CER_15_5_0,CER_18_7_0,20,25,0.0886145,-0.0340673,0
taglia,fascia 1 (~27%),1,ForzaIncentivante_lordo,Marginal Contribution,Adaptive Sampling Shapley,CER_4_1_0,CER_6_2_0,5,8,-0.539636,0.69497,0
taglia,fascia 1 (~27%),1,AllineamentoVirtu_lordo,Variance Least Core,Equal Split,CER_6_2_0,CER_7_3_0,8,10,-0.884996,0.497177,0
taglia,fascia 1 (~27%),1,AllineamentoVirtu_lordo,Variance Least Core,Proportional to Consumption,CER_6_2_0,CER_7_3_0,8,10,-0.646511,0.336045,0
taglia,fascia 1 (~27%),1,AllineamentoVirtu_lordo,Variance Least Core,Proportional to Consumption,CER_13_5_0,CER_15_5_0,18,20,0.141039,-0.135746,0
taglia,fascia 1 (~27%),1,AllineamentoVirtu_lordo,Variance Least Core,Remuneration Model 1,CER_6_2_0,CER_7_3_0,8,10,-0.00305931,0.283184,0
taglia,fascia 1 (~27%),1,AllineamentoVirtu_lordo,Variance Least Core,Remuneration Model 1,CER_13_5_0,CER_15_5_0,18,20,0.195466,-0.00677945,0
taglia,fascia 1 (~27%),1,AllineamentoVirtu_lordo,Variance Least Core,Cascading Tree,CER_6_2_0,CER_7_3_0,8,10,-0.419276,0.835826,0
taglia,fascia 1 (~27%),1,AllineamentoVirtu_lordo,Variance Least Core,Weighted Solidarity,CER_6_2_0,CER_7_3_0,8,10,-0.888865,0.308614,0
taglia,fascia 1 (~27%),1,AllineamentoVirtu_lordo,Variance Least Core,Pearson Key,CER_6_2_0,CER_7_3_0,8,10,-0.785581,0.187582,0
taglia,fascia 1 (~27%),1,AllineamentoVirtu_lordo,Variance Least Core,Pearson Key,CER_7_3_0,CER_11_4_0,10,15,0.187582,-0.121762,0
taglia,fascia 1 (~27%),1,AllineamentoVirtu_lordo,Variance Least Core,Pearson Key,CER_11_4_0,CER_13_5_0,15,18,-0.121762,0.0125752,0
taglia,fascia 1 (~27%),1,AllineamentoVirtu_lordo,Variance Least Core,Pearson Key,CER_13_5_0,CER_15_5_0,18,20,0.0125752,-0.221497,0
taglia,fascia 1 (~27%),1,AllineamentoVirtu_lordo,Variance Least Core,Pearson-Sharing Rate,CER_6_2_0,CER_7_3_0,8,10,-0.780256,0.190707,0
taglia,fascia 1 (~27%),1,AllineamentoVirtu_lordo,Variance Least Core,Pearson-Sharing Rate,CER_7_3_0,CER_11_4_0,10,15,0.190707,-0.117789,0
taglia,fascia 1 (~27%),1,AllineamentoVirtu_lordo,Variance Least Core,Pearson-Sharing Rate,CER_11_4_0,CER_13_5_0,15,18,-0.117789,0.0165512,0
taglia,fascia 1 (~27%),1,AllineamentoVirtu_lordo,Variance Least Core,Pearson-Sharing Rate,CER_13_5_0,CER_15_5_0,18,20,0.0165512,-0.219149,0
taglia,fascia 1 (~27%),1,AllineamentoVirtu_lordo,Variance Least Core,Similarity-Utilization,CER_6_2_0,CER_7_3_0,8,10,-1.32266,0.104339,0
taglia,fascia 1 (~27%),1,AllineamentoVirtu_lordo,Variance Least Core,Similarity-Utilization,CER_7_3_0,CER_11_4_0,10,15,0.104339,-0.210408,0
taglia,fascia 1 (~27%),1,AllineamentoVirtu_lordo,Variance Least Core,Marginal Contribution,CER_6_2_0,CER_7_3_0,8,10,-0.13062,0.060365,0
taglia,fascia 1 (~27%),1,AllineamentoVirtu_lordo,Variance Least Core,Adaptive Sampling Shapley,CER_4_1_0,CER_6_2_0,5,8,0.000155836,-0.309527,0
taglia,fascia 1 (~27%),1,AllineamentoVirtu_lordo,Variance Least Core,Adaptive Sampling Shapley,CER_6_2_0,CER_7_3_0,8,10,-0.309527,0.502393,0
taglia,fascia 1 (~27%),1,AllineamentoVirtu_lordo,Variance Least Core,Tri-level EP,CER_6_2_0,CER_7_3_0,8,10,-0.723692,0.219422,0
taglia,fascia 1 (~27%),1,AllineamentoVirtu_lordo,Variance Least Core,Tri-level EP,CER_7_3_0,CER_11_4_0,10,15,0.219422,-0.0923511,0
taglia,fascia 1 (~27%),1,AllineamentoVirtu_lordo,Variance Least Core,Tri-level EP,CER_11_4_0,CER_13_5_0,15,18,-0.0923511,0.0360383,0
taglia,fascia 1 (~27%),1,AllineamentoVirtu_lordo,Variance Least Core,Tri-level EP,CER_13_5_0,CER_15_5_0,18,20,0.0360383,-0.208837,0
taglia,fascia 1 (~27%),1,AllineamentoVirtu_lordo,Equal Split,Proportional to Consumption,CER_4_1_0,CER_6_2_0,5,8,-0.813818,0.238485,0
taglia,fascia 1 (~27%),1,AllineamentoVirtu_lordo,Equal Split,Proportional to Consumption,CER_6_2_0,CER_7_3_0,8,10,0.238485,-0.161131,0
taglia,fascia 1 (~27%),1,AllineamentoVirtu_lordo,Equal Split,Remuneration Model 1,CER_4_1_0,CER_6_2_0,5,8,-0.173346,0.881937,0
taglia,fascia 1 (~27%),1,AllineamentoVirtu_lordo,Equal Split,Remuneration Model 1,CER_6_2_0,CER_7_3_0,8,10,0.881937,-0.213993,0
taglia,fascia 1 (~27%),1,AllineamentoVirtu_lordo,Equal Split,Weighted Solidarity,CER_7_3_0,CER_11_4_0,10,15,-0.188563,0.00459847,0
taglia,fascia 1 (~27%),1,AllineamentoVirtu_lordo,Equal Split,Weighted Solidarity,CER_11_4_0,CER_13_5_0,15,18,0.00459847,-0.133076,0
taglia,fascia 1 (~27%),1,AllineamentoVirtu_lordo,Equal Split,Weighted Solidarity,CER_13_5_0,CER_15_5_0,18,20,-0.133076,0.10297,0
taglia,fascia 1 (~27%),1,AllineamentoVirtu_lordo,Equal Split,Pearson Key,CER_4_1_0,CER_6_2_0,5,8,-0.876706,0.0994151,0
taglia,fascia 1 (~27%),1,AllineamentoVirtu_lordo,Equal Split,Pearson Key,CER_6_2_0,CER_7_3_0,8,10,0.0994151,-0.309594,0
taglia,fascia 1 (~27%),1,AllineamentoVirtu_lordo,Equal Split,Pearson-Sharing Rate,CER_4_1_0,CER_6_2_0,5,8,-0.876716,0.10474,0
taglia,fascia 1 (~27%),1,AllineamentoVirtu_lordo,Equal Split,Pearson-Sharing Rate,CER_6_2_0,CER_7_3_0,8,10,0.10474,-0.30647,0
taglia,fascia 1 (~27%),1,AllineamentoVirtu_lordo,Equal Split,Marginal Contribution,CER_6_2_0,CER_7_3_0,8,10,0.754376,-0.436812,0
taglia,fascia 1 (~27%),1,AllineamentoVirtu_lordo,Equal Split,Stratified Expected Value,CER_6_2_0,CER_7_3_0,8,10,0.861657,-0.548602,0
taglia,fascia 1 (~27%),1,AllineamentoVirtu_lordo,Equal Split,Adaptive Sampling Shapley,CER_15_5_0,CER_18_7_0,20,25,0.143481,-0.06787,0
taglia,fascia 1 (~27%),1,AllineamentoVirtu_lordo,Equal Split,Tri-level EP,CER_4_1_0,CER_6_2_0,5,8,-0.847997,0.161304,0
taglia,fascia 1 (~27%),1,AllineamentoVirtu_lordo,Equal Split,Tri-level EP,CER_6_2_0,CER_7_3_0,8,10,0.161304,-0.277755,0
taglia,fascia 1 (~27%),1,AllineamentoVirtu_lordo,Proportional to Consumption,Remuneration Model 1,CER_6_2_0,CER_7_3_0,8,10,0.643452,-0.0528619,0
taglia,fascia 1 (~27%),1,AllineamentoVirtu_lordo,Proportional to Consumption,Remuneration Model 1,CER_7_3_0,CER_11_4_0,10,15,-0.0528619,0.13107,0
taglia,fascia 1 (~27%),1,AllineamentoVirtu_lordo,Proportional to Consumption,Weighted Solidarity,CER_4_1_0,CER_6_2_0,5,8,0.616754,-0.242354,0
taglia,fascia 1 (~27%),1,AllineamentoVirtu_lordo,Proportional to Consumption,Weighted Solidarity,CER_7_3_0,CER_11_4_0,10,15,-0.0274316,0.153513,0
taglia,fascia 1 (~27%),1,AllineamentoVirtu_lordo,Proportional to Consumption,Weighted Solidarity,CER_11_4_0,CER_13_5_0,15,18,0.153513,-0.0453159,0
taglia,fascia 1 (~27%),1,AllineamentoVirtu_lordo,Proportional to Consumption,Weighted Solidarity,CER_13_5_0,CER_15_5_0,18,20,-0.0453159,0.339033,0
taglia,fascia 1 (~27%),1,AllineamentoVirtu_lordo,Proportional to Consumption,Marginal Contribution,CER_6_2_0,CER_7_3_0,8,10,0.515891,-0.27568,0
taglia,fascia 1 (~27%),1,AllineamentoVirtu_lordo,Proportional to Consumption,Marginal Contribution,CER_7_3_0,CER_11_4_0,10,15,-0.27568,0.0494677,0
taglia,fascia 1 (~27%),1,AllineamentoVirtu_lordo,Proportional to Consumption,Marginal Contribution,CER_11_4_0,CER_13_5_0,15,18,0.0494677,-0.106369,0
taglia,fascia 1 (~27%),1,AllineamentoVirtu_lordo,Proportional to Consumption,Marginal Contribution,CER_13_5_0,CER_15_5_0,18,20,-0.106369,0.221254,0
taglia,fascia 1 (~27%),1,AllineamentoVirtu_lordo,Proportional to Consumption,Stratified Expected Value,CER_6_2_0,CER_7_3_0,8,10,0.623172,-0.38747,0
taglia,fascia 1 (~27%),1,AllineamentoVirtu_lordo,Proportional to Consumption,Stratified Expected Value,CER_13_5_0,CER_15_5_0,18,20,-0.212125,0.058692,0
taglia,fascia 1 (~27%),1,AllineamentoVirtu_lordo,Proportional to Consumption,Stratified Expected Value,CER_15_5_0,CER_18_7_0,20,25,0.058692,-0.000601812,0
taglia,fascia 1 (~27%),1,AllineamentoVirtu_lordo,Remuneration Model 1,Cascading Tree,CER_4_1_0,CER_6_2_0,5,8,1.09738,-0.416217,0
taglia,fascia 1 (~27%),1,AllineamentoVirtu_lordo,Remuneration Model 1,Cascading Tree,CER_6_2_0,CER_7_3_0,8,10,-0.416217,0.552643,0
taglia,fascia 1 (~27%),1,AllineamentoVirtu_lordo,Remuneration Model 1,Weighted Solidarity,CER_6_2_0,CER_7_3_0,8,10,-0.885806,0.0254303,0
taglia,fascia 1 (~27%),1,AllineamentoVirtu_lordo,Remuneration Model 1,Weighted Solidarity,CER_11_4_0,CER_13_5_0,15,18,0.0224423,-0.0997428,0
taglia,fascia 1 (~27%),1,AllineamentoVirtu_lordo,Remuneration Model 1,Weighted Solidarity,CER_13_5_0,CER_15_5_0,18,20,-0.0997428,0.210066,0
taglia,fascia 1 (~27%),1,AllineamentoVirtu_lordo,Remuneration Model 1,Marginal Contribution,CER_4_1_0,CER_6_2_0,5,8,1.10312,-0.127561,0
taglia,fascia 1 (~27%),1,AllineamentoVirtu_lordo,Remuneration Model 1,Marginal Contribution,CER_13_5_0,CER_15_5_0,18,20,-0.160796,0.0922871,0
taglia,fascia 1 (~27%),1,AllineamentoVirtu_lordo,Remuneration Model 1,Stratified Expected Value,CER_4_1_0,CER_6_2_0,5,8,1.09905,-0.0202795,0
taglia,fascia 1 (~27%),1,AllineamentoVirtu_lordo,Remuneration Model 1,Adaptive Sampling Shapley,CER_4_1_0,CER_6_2_0,5,8,1.10491,-0.306468,0
taglia,fascia 1 (~27%),1,AllineamentoVirtu_lordo,Remuneration Model 1,Adaptive Sampling Shapley,CER_6_2_0,CER_7_3_0,8,10,-0.306468,0.219209,0
taglia,fascia 1 (~27%),1,AllineamentoVirtu_lordo,Cascading Tree,Weighted Solidarity,CER_15_5_0,CER_18_7_0,20,25,-0.245247,0.0474376,0
taglia,fascia 1 (~27%),1,AllineamentoVirtu_lordo,Cascading Tree,Marginal Contribution,CER_6_2_0,CER_7_3_0,8,10,0.288656,-0.775461,0
taglia,fascia 1 (~27%),1,AllineamentoVirtu_lordo,Cascading Tree,Stratified Expected Value,CER_6_2_0,CER_7_3_0,8,10,0.395937,-0.887251,0
taglia,fascia 1 (~27%),1,AllineamentoVirtu_lordo,Cascading Tree,Adaptive Sampling Shapley,CER_6_2_0,CER_7_3_0,8,10,0.109749,-0.333433,0
taglia,fascia 1 (~27%),1,AllineamentoVirtu_lordo,Weighted Solidarity,Pearson Key,CER_4_1_0,CER_6_2_0,5,8,-0.679642,0.103284,0
taglia,fascia 1 (~27%),1,AllineamentoVirtu_lordo,Weighted Solidarity,Pearson Key,CER_6_2_0,CER_7_3_0,8,10,0.103284,-0.121032,0
taglia,fascia 1 (~27%),1,AllineamentoVirtu_lordo,Weighted Solidarity,Pearson-Sharing Rate,CER_4_1_0,CER_6_2_0,5,8,-0.679652,0.108609,0
taglia,fascia 1 (~27%),1,AllineamentoVirtu_lordo,Weighted Solidarity,Pearson-Sharing Rate,CER_6_2_0,CER_7_3_0,8,10,0.108609,-0.117907,0
taglia,fascia 1 (~27%),1,AllineamentoVirtu_lordo,Weighted Solidarity,Marginal Contribution,CER_6_2_0,CER_7_3_0,8,10,0.758245,-0.248249,0
taglia,fascia 1 (~27%),1,AllineamentoVirtu_lordo,Weighted Solidarity,Stratified Expected Value,CER_6_2_0,CER_7_3_0,8,10,0.865526,-0.360039,0
taglia,fascia 1 (~27%),1,AllineamentoVirtu_lordo,Weighted Solidarity,Adaptive Sampling Shapley,CER_15_5_0,CER_18_7_0,20,25,0.0405112,-0.297693,0
taglia,fascia 1 (~27%),1,AllineamentoVirtu_lordo,Weighted Solidarity,Tri-level EP,CER_4_1_0,CER_6_2_0,5,8,-0.650932,0.165173,0
taglia,fascia 1 (~27%),1,AllineamentoVirtu_lordo,Weighted Solidarity,Tri-level EP,CER_6_2_0,CER_7_3_0,8,10,0.165173,-0.0891918,0
taglia,fascia 1 (~27%),1,AllineamentoVirtu_lordo,Pearson Key,Pearson-Sharing Rate,CER_4_1_0,CER_6_2_0,5,8,-1.04901e-05,0.00532472,0
taglia,fascia 1 (~27%),1,AllineamentoVirtu_lordo,Pearson Key,Marginal Contribution,CER_6_2_0,CER_7_3_0,8,10,0.654961,-0.127217,0
taglia,fascia 1 (~27%),1,AllineamentoVirtu_lordo,Pearson Key,Marginal Contribution,CER_7_3_0,CER_11_4_0,10,15,-0.127217,0.179367,0
taglia,fascia 1 (~27%),1,AllineamentoVirtu_lordo,Pearson Key,Stratified Expected Value,CER_6_2_0,CER_7_3_0,8,10,0.762242,-0.239007,0
taglia,fascia 1 (~27%),1,AllineamentoVirtu_lordo,Pearson Key,Stratified Expected Value,CER_7_3_0,CER_11_4_0,10,15,-0.239007,0.021017,0
taglia,fascia 1 (~27%),1,AllineamentoVirtu_lordo,Pearson Key,Stratified Expected Value,CER_11_4_0,CER_13_5_0,15,18,0.021017,-0.0836609,0
taglia,fascia 1 (~27%),1,AllineamentoVirtu_lordo,Pearson Key,Stratified Expected Value,CER_13_5_0,CER_15_5_0,18,20,-0.0836609,0.144442,0
taglia,fascia 1 (~27%),1,AllineamentoVirtu_lordo,Pearson Key,Tri-level EP,CER_15_5_0,CER_18_7_0,20,25,0.0126593,-0.00483059,0
taglia,fascia 1 (~27%),1,AllineamentoVirtu_lordo,Pearson-Sharing Rate,Marginal Contribution,CER_6_2_0,CER_7_3_0,8,10,0.649636,-0.130342,0
taglia,fascia 1 (~27%),1,AllineamentoVirtu_lordo,Pearson-Sharing Rate,Marginal Contribution,CER_7_3_0,CER_11_4_0,10,15,-0.130342,0.175394,0
taglia,fascia 1 (~27%),1,AllineamentoVirtu_lordo,Pearson-Sharing Rate,Stratified Expected Value,CER_6_2_0,CER_7_3_0,8,10,0.756917,-0.242132,0
taglia,fascia 1 (~27%),1,AllineamentoVirtu_lordo,Pearson-Sharing Rate,Stratified Expected Value,CER_7_3_0,CER_11_4_0,10,15,-0.242132,0.0170448,0
taglia,fascia 1 (~27%),1,AllineamentoVirtu_lordo,Pearson-Sharing Rate,Stratified Expected Value,CER_11_4_0,CER_13_5_0,15,18,0.0170448,-0.087637,0
taglia,fascia 1 (~27%),1,AllineamentoVirtu_lordo,Pearson-Sharing Rate,Stratified Expected Value,CER_13_5_0,CER_15_5_0,18,20,-0.087637,0.142094,0
taglia,fascia 1 (~27%),1,AllineamentoVirtu_lordo,Pearson-Sharing Rate,Tri-level EP,CER_15_5_0,CER_18_7_0,20,25,0.0103113,-0.00556715,0
taglia,fascia 1 (~27%),1,AllineamentoVirtu_lordo,Similarity-Utilization,Marginal Contribution,CER_6_2_0,CER_7_3_0,8,10,1.19204,-0.043974,0
taglia,fascia 1 (~27%),1,AllineamentoVirtu_lordo,Similarity-Utilization,Marginal Contribution,CER_7_3_0,CER_11_4_0,10,15,-0.043974,0.268013,0
taglia,fascia 1 (~27%),1,AllineamentoVirtu_lordo,Similarity-Utilization,Stratified Expected Value,CER_6_2_0,CER_7_3_0,8,10,1.29932,-0.155764,0
taglia,fascia 1 (~27%),1,AllineamentoVirtu_lordo,Similarity-Utilization,Stratified Expected Value,CER_7_3_0,CER_11_4_0,10,15,-0.155764,0.109663,0
taglia,fascia 1 (~27%),1,AllineamentoVirtu_lordo,Marginal Contribution,Stratified Expected Value,CER_4_1_0,CER_6_2_0,5,8,-0.00406479,0.107281,0
taglia,fascia 1 (~27%),1,AllineamentoVirtu_lordo,Marginal Contribution,Stratified Expected Value,CER_6_2_0,CER_7_3_0,8,10,0.107281,-0.11179,0
taglia,fascia 1 (~27%),1,AllineamentoVirtu_lordo,Marginal Contribution,Adaptive Sampling Shapley,CER_4_1_0,CER_6_2_0,5,8,0.0017912,-0.178907,0
taglia,fascia 1 (~27%),1,AllineamentoVirtu_lordo,Marginal Contribution,Adaptive Sampling Shapley,CER_6_2_0,CER_7_3_0,8,10,-0.178907,0.442028,0
taglia,fascia 1 (~27%),1,AllineamentoVirtu_lordo,Marginal Contribution,Tri-level EP,CER_6_2_0,CER_7_3_0,8,10,-0.593072,0.159057,0
taglia,fascia 1 (~27%),1,AllineamentoVirtu_lordo,Marginal Contribution,Tri-level EP,CER_7_3_0,CER_11_4_0,10,15,0.159057,-0.149956,0
taglia,fascia 1 (~27%),1,AllineamentoVirtu_lordo,Marginal Contribution,Tri-level EP,CER_11_4_0,CER_13_5_0,15,18,-0.149956,0.00136815,0
taglia,fascia 1 (~27%),1,AllineamentoVirtu_lordo,Marginal Contribution,Tri-level EP,CER_13_5_0,CER_15_5_0,18,20,0.00136815,-0.294345,0
taglia,fascia 1 (~27%),1,AllineamentoVirtu_lordo,Stratified Expected Value,Adaptive Sampling Shapley,CER_4_1_0,CER_6_2_0,5,8,0.00585599,-0.286188,0
taglia,fascia 1 (~27%),1,AllineamentoVirtu_lordo,Stratified Expected Value,Adaptive Sampling Shapley,CER_6_2_0,CER_7_3_0,8,10,-0.286188,0.553818,0
taglia,fascia 1 (~27%),1,AllineamentoVirtu_lordo,Stratified Expected Value,Tri-level EP,CER_6_2_0,CER_7_3_0,8,10,-0.700353,0.270847,0
taglia,fascia 1 (~27%),1,AllineamentoVirtu_lordo,Stratified Expected Value,Tri-level EP,CER_13_5_0,CER_15_5_0,18,20,0.107124,-0.131783,0
taglia,fascia 2 (~50%),2,MinMax_con,Variance Least Core,Proportional to Consumption,CER_9_9_0,CER_10_10_0,18,20,0.00128427,-0.000503699,0
taglia,fascia 2 (~50%),2,MinMax_con,Variance Least Core,Remuneration Model 1,CER_3_2_0,CER_4_4_0,5,8,0.00208081,-0.000554099,0
taglia,fascia 2 (~50%),2,MinMax_con,Variance Least Core,Remuneration Model 1,CER_5_5_0,CER_7_8_0,10,15,-0.000912171,0.000152825,0
taglia,fascia 2 (~50%),2,MinMax_con,Variance Least Core,Remuneration Model 1,CER_9_9_0,CER_10_10_0,18,20,0.000193942,-0.000176818,0
taglia,fascia 2 (~50%),2,MinMax_con,Variance Least Core,Pearson Key,CER_3_2_0,CER_4_4_0,5,8,0.000665091,-0.000313644,0
taglia,fascia 2 (~50%),2,MinMax_con,Variance Least Core,Pearson-Sharing Rate,CER_3_2_0,CER_4_4_0,5,8,0.000484465,-0.000354872,0
taglia,fascia 2 (~50%),2,MinMax_con,Variance Least Core,Marginal Contribution,CER_5_5_0,CER_7_8_0,10,15,0.000123311,-3.20516e-05,0
taglia,fascia 2 (~50%),2,MinMax_con,Variance Least Core,Marginal Contribution,CER_7_8_0,CER_9_9_0,15,18,-3.20516e-05,6.42054e-05,0
taglia,fascia 2 (~50%),2,MinMax_con,Variance Least Core,Marginal Contribution,CER_9_9_0,CER_10_10_0,18,20,6.42054e-05,-0.000138086,0
taglia,fascia 2 (~50%),2,MinMax_con,Variance Least Core,Adaptive Sampling Shapley,CER_3_2_0,CER_4_4_0,5,8,0.00143732,-0.00127788,0
taglia,fascia 2 (~50%),2,MinMax_con,Variance Least Core,Tri-level EP,CER_3_2_0,CER_4_4_0,5,8,0.00119241,-2.89492e-05,0
taglia,fascia 2 (~50%),2,MinMax_con,Variance Least Core,Tri-level EP,CER_7_8_0,CER_9_9_0,15,18,-0.000386259,0.000270632,0
taglia,fascia 2 (~50%),2,MinMax_con,Variance Least Core,Tri-level EP,CER_9_9_0,CER_10_10_0,18,20,0.000270632,-0.000796116,0
taglia,fascia 2 (~50%),2,MinMax_con,Equal Split,Similarity-Utilization,CER_9_9_0,CER_10_10_0,18,20,-0.00172319,0.00300178,0
taglia,fascia 2 (~50%),2,MinMax_con,Proportional to Consumption,Remuneration Model 1,CER_9_9_0,CER_10_10_0,18,20,-0.00109033,0.000326881,0
taglia,fascia 2 (~50%),2,MinMax_con,Proportional to Consumption,Remuneration Model 1,CER_10_10_0,CER_12_13_0,20,25,0.000326881,-0.00114826,0
taglia,fascia 2 (~50%),2,MinMax_con,Proportional to Consumption,Marginal Contribution,CER_9_9_0,CER_10_10_0,18,20,-0.00122007,0.000365613,0
taglia,fascia 2 (~50%),2,MinMax_con,Proportional to Consumption,Stratified Expected Value,CER_10_10_0,CER_12_13_0,20,25,-0.00010717,0.000141733,0
taglia,fascia 2 (~50%),2,MinMax_con,Proportional to Consumption,Adaptive Sampling Shapley,CER_9_9_0,CER_10_10_0,18,20,-0.00228638,5.08193e-05,0
taglia,fascia 2 (~50%),2,MinMax_con,Proportional to Consumption,Adaptive Sampling Shapley,CER_10_10_0,CER_12_13_0,20,25,5.08193e-05,-0.000404656,0
taglia,fascia 2 (~50%),2,MinMax_con,Proportional to Consumption,Tri-level EP,CER_10_10_0,CER_12_13_0,20,25,-0.000292417,0.000354937,0
taglia,fascia 2 (~50%),2,MinMax_con,Remuneration Model 1,Pearson Key,CER_3_2_0,CER_4_4_0,5,8,-0.00141572,0.000240454,0
taglia,fascia 2 (~50%),2,MinMax_con,Remuneration Model 1,Pearson Key,CER_5_5_0,CER_7_8_0,10,15,1.09303e-05,-0.00130963,0
taglia,fascia 2 (~50%),2,MinMax_con,Remuneration Model 1,Pearson Key,CER_10_10_0,CER_12_13_0,20,25,-0.00106568,0.0010405,0
taglia,fascia 2 (~50%),2,MinMax_con,Remuneration Model 1,Pearson-Sharing Rate,CER_3_2_0,CER_4_4_0,5,8,-0.00159634,0.000199227,0
taglia,fascia 2 (~50%),2,MinMax_con,Remuneration Model 1,Pearson-Sharing Rate,CER_5_5_0,CER_7_8_0,10,15,1.85215e-05,-0.00112409,0
taglia,fascia 2 (~50%),2,MinMax_con,Remuneration Model 1,Pearson-Sharing Rate,CER_10_10_0,CER_12_13_0,20,25,-0.000947058,0.00113346,0
taglia,fascia 2 (~50%),2,MinMax_con,Remuneration Model 1,Marginal Contribution,CER_3_2_0,CER_4_4_0,5,8,-0.000505045,0.000602315,0
taglia,fascia 2 (~50%),2,MinMax_con,Remuneration Model 1,Marginal Contribution,CER_5_5_0,CER_7_8_0,10,15,0.00103548,-0.000184877,0
taglia,fascia 2 (~50%),2,MinMax_con,Remuneration Model 1,Marginal Contribution,CER_9_9_0,CER_10_10_0,18,20,-0.000129737,3.87325e-05,0
taglia,fascia 2 (~50%),2,MinMax_con,Remuneration Model 1,Stratified Expected Value,CER_10_10_0,CER_12_13_0,20,25,-0.000434051,0.00129,0
taglia,fascia 2 (~50%),2,MinMax_con,Remuneration Model 1,Adaptive Sampling Shapley,CER_10_10_0,CER_12_13_0,20,25,-0.000276061,0.000743608,0
taglia,fascia 2 (~50%),2,MinMax_con,Remuneration Model 1,Tri-level EP,CER_3_2_0,CER_4_4_0,5,8,-0.000888392,0.00052515,0
taglia,fascia 2 (~50%),2,MinMax_con,Remuneration Model 1,Tri-level EP,CER_5_5_0,CER_7_8_0,10,15,0.000820727,-0.000539084,0
taglia,fascia 2 (~50%),2,MinMax_con,Remuneration Model 1,Tri-level EP,CER_7_8_0,CER_9_9_0,15,18,-0.000539084,7.66899e-05,0
taglia,fascia 2 (~50%),2,MinMax_con,Remuneration Model 1,Tri-level EP,CER_9_9_0,CER_10_10_0,18,20,7.66899e-05,-0.000619298,0
taglia,fascia 2 (~50%),2,MinMax_con,Remuneration Model 1,Tri-level EP,CER_10_10_0,CER_12_13_0,20,25,-0.000619298,0.0015032,0
taglia,fascia 2 (~50%),2,MinMax_con,Cascading Tree,Similarity-Utilization,CER_10_10_0,CER_12_13_0,20,25,-0.00462687,0.00157494,0
taglia,fascia 2 (~50%),2,MinMax_con,Pearson Key,Pearson-Sharing Rate,CER_4_4_0,CER_5_5_0,8,10,-4.12273e-05,7.59121e-06,0
taglia,fascia 2 (~50%),2,MinMax_con,Pearson Key,Stratified Expected Value,CER_5_5_0,CER_7_8_0,10,15,-0.000383613,0.000304101,0
taglia,fascia 2 (~50%),2,MinMax_con,Pearson Key,Stratified Expected Value,CER_7_8_0,CER_9_9_0,15,18,0.000304101,-0.00040646,0
taglia,fascia 2 (~50%),2,MinMax_con,Pearson Key,Stratified Expected Value,CER_9_9_0,CER_10_10_0,18,20,-0.00040646,0.000631628,0
taglia,fascia 2 (~50%),2,MinMax_con,Pearson Key,Adaptive Sampling Shapley,CER_3_2_0,CER_4_4_0,5,8,0.000772227,-0.000964231,0
taglia,fascia 2 (~50%),2,MinMax_con,Pearson Key,Adaptive Sampling Shapley,CER_5_5_0,CER_7_8_0,10,15,-0.000951401,0.000104617,0
taglia,fascia 2 (~50%),2,MinMax_con,Pearson Key,Adaptive Sampling Shapley,CER_7_8_0,CER_9_9_0,15,18,0.000104617,-0.000390955,0
taglia,fascia 2 (~50%),2,MinMax_con,Pearson Key,Adaptive Sampling Shapley,CER_9_9_0,CER_10_10_0,18,20,-0.000390955,0.000789617,0
taglia,fascia 2 (~50%),2,MinMax_con,Pearson Key,Adaptive Sampling Shapley,CER_10_10_0,CER_12_13_0,20,25,0.000789617,-0.000296888,0
taglia,fascia 2 (~50%),2,MinMax_con,Pearson-Sharing Rate,Stratified Expected Value,CER_5_5_0,CER_7_8_0,10,15,-0.000391204,0.000118561,0
taglia,fascia 2 (~50%),2,MinMax_con,Pearson-Sharing Rate,Stratified Expected Value,CER_7_8_0,CER_9_9_0,15,18,0.000118561,-0.000559475,0
taglia,fascia 2 (~50%),2,MinMax_con,Pearson-Sharing Rate,Stratified Expected Value,CER_9_9_0,CER_10_10_0,18,20,-0.000559475,0.000513007,0
taglia,fascia 2 (~50%),2,MinMax_con,Pearson-Sharing Rate,Adaptive Sampling Shapley,CER_3_2_0,CER_4_4_0,5,8,0.000952853,-0.000923004,0
taglia,fascia 2 (~50%),2,MinMax_con,Pearson-Sharing Rate,Adaptive Sampling Shapley,CER_9_9_0,CER_10_10_0,18,20,-0.00054397,0.000670996,0
taglia,fascia 2 (~50%),2,MinMax_con,Pearson-Sharing Rate,Adaptive Sampling Shapley,CER_10_10_0,CER_12_13_0,20,25,0.000670996,-0.000389855,0
taglia,fascia 2 (~50%),2,MinMax_con,Marginal Contribution,Tri-level EP,CER_7_8_0,CER_9_9_0,15,18,-0.000354208,0.000206426,0
taglia,fascia 2 (~50%),2,MinMax_con,Marginal Contribution,Tri-level EP,CER_9_9_0,CER_10_10_0,18,20,0.000206426,-0.000658031,0
taglia,fascia 2 (~50%),2,MinMax_con,Stratified Expected Value,Adaptive Sampling Shapley,CER_3_2_0,CER_4_4_0,5,8,0.00181524,-0.000544915,0
taglia,fascia 2 (~50%),2,MinMax_con,Stratified Expected Value,Adaptive Sampling Shapley,CER_7_8_0,CER_9_9_0,15,18,-0.000199484,1.55047e-05,0
taglia,fascia 2 (~50%),2,MinMax_con,Stratified Expected Value,Adaptive Sampling Shapley,CER_10_10_0,CER_12_13_0,20,25,0.000157989,-0.000546388,0
taglia,fascia 2 (~50%),2,MinMax_con,Stratified Expected Value,Tri-level EP,CER_9_9_0,CER_10_10_0,18,20,0.00128824,-0.000185247,0
taglia,fascia 2 (~50%),2,MinMax_con,Stratified Expected Value,Tri-level EP,CER_10_10_0,CER_12_13_0,20,25,-0.000185247,0.000213204,0
taglia,fascia 2 (~50%),2,MinMax_con,Adaptive Sampling Shapley,Tri-level EP,CER_3_2_0,CER_4_4_0,5,8,-0.000244904,0.00124893,0
taglia,fascia 2 (~50%),2,MinMax_con,Adaptive Sampling Shapley,Tri-level EP,CER_9_9_0,CER_10_10_0,18,20,0.00127273,-0.000343237,0
taglia,fascia 2 (~50%),2,MinMax_con,Adaptive Sampling Shapley,Tri-level EP,CER_10_10_0,CER_12_13_0,20,25,-0.000343237,0.000759593,0
taglia,fascia 2 (~50%),2,QoS_orig,Variance Least Core,Equal Split,CER_3_2_0,CER_4_4_0,5,8,0.000719828,-0.000633951,0
taglia,fascia 2 (~50%),2,QoS_orig,Variance Least Core,Remuneration Model 1,CER_3_2_0,CER_4_4_0,5,8,0.000951832,-5.31793e-05,0
taglia,fascia 2 (~50%),2,QoS_orig,Variance Least Core,Remuneration Model 1,CER_7_8_0,CER_9_9_0,15,18,-0.000915706,0.000198562,0
taglia,fascia 2 (~50%),2,QoS_orig,Variance Least Core,Remuneration Model 1,CER_10_10_0,CER_12_13_0,20,25,0.000172375,-0.000810397,0
taglia,fascia 2 (~50%),2,QoS_orig,Variance Least Core,Cascading Tree,CER_3_2_0,CER_4_4_0,5,8,0.00263817,-0.000386757,0
taglia,fascia 2 (~50%),2,QoS_orig,Variance Least Core,Cascading Tree,CER_7_8_0,CER_9_9_0,15,18,-0.00216518,1.28613e-05,0
taglia,fascia 2 (~50%),2,QoS_orig,Variance Least Core,Cascading Tree,CER_10_10_0,CER_12_13_0,20,25,0.000139028,-0.00219215,0
taglia,fascia 2 (~50%),2,QoS_orig,Variance Least Core,Weighted Solidarity,CER_3_2_0,CER_4_4_0,5,8,0.00072881,-0.00131243,0
taglia,fascia 2 (~50%),2,QoS_orig,Variance Least Core,Pearson Key,CER_5_5_0,CER_7_8_0,10,15,-8.16196e-05,6.24964e-05,0
taglia,fascia 2 (~50%),2,QoS_orig,Variance Least Core,Pearson Key,CER_7_8_0,CER_9_9_0,15,18,6.24964e-05,-0.000229658,0
taglia,fascia 2 (~50%),2,QoS_orig,Variance Least Core,Pearson Key,CER_10_10_0,CER_12_13_0,20,25,-0.000189932,3.46596e-05,0
taglia,fascia 2 (~50%),2,QoS_orig,Variance Least Core,Pearson-Sharing Rate,CER_5_5_0,CER_7_8_0,10,15,-8.74485e-05,5.89507e-05,0
taglia,fascia 2 (~50%),2,QoS_orig,Variance Least Core,Pearson-Sharing Rate,CER_7_8_0,CER_9_9_0,15,18,5.89507e-05,-0.000230073,0
taglia,fascia 2 (~50%),2,QoS_orig,Variance Least Core,Pearson-Sharing Rate,CER_10_10_0,CER_12_13_0,20,25,-0.000185881,3.25763e-05,0
taglia,fascia 2 (~50%),2,QoS_orig,Variance Least Core,Marginal Contribution,CER_5_5_0,CER_7_8_0,10,15,2.84984e-05,-3.48411e-05,0
taglia,fascia 2 (~50%),2,QoS_orig,Variance Least Core,Marginal Contribution,CER_7_8_0,CER_9_9_0,15,18,-3.48411e-05,1.41356e-05,0
taglia,fascia 2 (~50%),2,QoS_orig,Variance Least Core,Marginal Contribution,CER_9_9_0,CER_10_10_0,18,20,1.41356e-05,-2.78916e-06,0
taglia,fascia 2 (~50%),2,QoS_orig,Variance Least Core,Stratified Expected Value,CER_4_4_0,CER_5_5_0,8,10,2.89947e-06,-8.12011e-05,0
taglia,fascia 2 (~50%),2,QoS_orig,Variance Least Core,Adaptive Sampling Shapley,CER_3_2_0,CER_4_4_0,5,8,0.00133308,-7.06496e-05,0
taglia,fascia 2 (~50%),2,QoS_orig,Variance Least Core,Tri-level EP,CER_5_5_0,CER_7_8_0,10,15,-6.11692e-05,2.42393e-05,0
taglia,fascia 2 (~50%),2,QoS_orig,Variance Least Core,Tri-level EP,CER_7_8_0,CER_9_9_0,15,18,2.42393e-05,-0.000226456,0
taglia,fascia 2 (~50%),2,QoS_orig,Variance Least Core,Tri-level EP,CER_10_10_0,CER_12_13_0,20,25,-0.000154745,5.84473e-05,0
taglia,fascia 2 (~50%),2,QoS_orig,Equal Split,Proportional to Consumption,CER_3_2_0,CER_4_4_0,5,8,-0.00107552,0.000205857,0
taglia,fascia 2 (~50%),2,QoS_orig,Equal Split,Weighted Solidarity,CER_3_2_0,CER_4_4_0,5,8,8.98191e-06,-0.000678479,0
taglia,fascia 2 (~50%),2,QoS_orig,Equal Split,Pearson Key,CER_3_2_0,CER_4_4_0,5,8,-0.00165924,0.000398884,0
taglia,fascia 2 (~50%),2,QoS_orig,Equal Split,Pearson-Sharing Rate,CER_3_2_0,CER_4_4_0,5,8,-0.00165894,0.000392748,0
taglia,fascia 2 (~50%),2,QoS_orig,Equal Split,Similarity-Utilization,CER_4_4_0,CER_5_5_0,8,10,-4.22411e-05,0.000350324,0
taglia,fascia 2 (~50%),2,QoS_orig,Equal Split,Similarity-Utilization,CER_7_8_0,CER_9_9_0,15,18,0.00148735,-0.000306904,0
taglia,fascia 2 (~50%),2,QoS_orig,Equal Split,Similarity-Utilization,CER_10_10_0,CER_12_13_0,20,25,-0.00034867,0.00172802,0
taglia,fascia 2 (~50%),2,QoS_orig,Equal Split,Marginal Contribution,CER_3_2_0,CER_4_4_0,5,8,-0.000397131,0.00065905,0
taglia,fascia 2 (~50%),2,QoS_orig,Equal Split,Stratified Expected Value,CER_3_2_0,CER_4_4_0,5,8,-0.000701965,0.000636851,0
taglia,fascia 2 (~50%),2,QoS_orig,Equal Split,Tri-level EP,CER_3_2_0,CER_4_4_0,5,8,-0.00153635,0.000392001,0
taglia,fascia 2 (~50%),2,QoS_orig,Proportional to Consumption,Remuneration Model 1,CER_4_4_0,CER_5_5_0,8,10,0.000374915,-8.7306e-05,0
taglia,fascia 2 (~50%),2,QoS_orig,Proportional to Consumption,Remuneration Model 1,CER_7_8_0,CER_9_9_0,15,18,-0.000488498,0.000514229,0
taglia,fascia 2 (~50%),2,QoS_orig,Proportional to Consumption,Remuneration Model 1,CER_10_10_0,CER_12_13_0,20,25,0.000389231,-0.000426317,0
taglia,fascia 2 (~50%),2,QoS_orig,Proportional to Consumption,Cascading Tree,CER_4_4_0,CER_5_5_0,8,10,4.1337e-05,-0.00102279,0
taglia,fascia 2 (~50%),2,QoS_orig,Proportional to Consumption,Cascading Tree,CER_7_8_0,CER_9_9_0,15,18,-0.00173797,0.000328529,0
taglia,fascia 2 (~50%),2,QoS_orig,Proportional to Consumption,Cascading Tree,CER_10_10_0,CER_12_13_0,20,25,0.000355884,-0.00180807,0
taglia,fascia 2 (~50%),2,QoS_orig,Proportional to Consumption,Weighted Solidarity,CER_3_2_0,CER_4_4_0,5,8,0.0010845,-0.000884336,0
taglia,fascia 2 (~50%),2,QoS_orig,Proportional to Consumption,Pearson Key,CER_3_2_0,CER_4_4_0,5,8,-0.000583727,0.000193027,0
taglia,fascia 2 (~50%),2,QoS_orig,Proportional to Consumption,Pearson-Sharing Rate,CER_3_2_0,CER_4_4_0,5,8,-0.000583427,0.000186891,0
taglia,fascia 2 (~50%),2,QoS_orig,Proportional to Consumption,Adaptive Sampling Shapley,CER_4_4_0,CER_5_5_0,8,10,0.000357445,-7.38954e-05,0
taglia,fascia 2 (~50%),2,QoS_orig,Proportional to Consumption,Adaptive Sampling Shapley,CER_7_8_0,CER_9_9_0,15,18,-1.85323e-05,0.000297326,0
taglia,fascia 2 (~50%),2,QoS_orig,Proportional to Consumption,Tri-level EP,CER_3_2_0,CER_4_4_0,5,8,-0.000460834,0.000186144,0
taglia,fascia 2 (~50%),2,QoS_orig,Remuneration Model 1,Cascading Tree,CER_3_2_0,CER_4_4_0,5,8,0.00168633,-0.000333578,0
taglia,fascia 2 (~50%),2,QoS_orig,Remuneration Model 1,Pearson Key,CER_4_4_0,CER_5_5_0,8,10,-0.000181887,0.000233898,0
taglia,fascia 2 (~50%),2,QoS_orig,Remuneration Model 1,Pearson Key,CER_7_8_0,CER_9_9_0,15,18,0.000978202,-0.00042822,0
taglia,fascia 2 (~50%),2,QoS_orig,Remuneration Model 1,Pearson Key,CER_10_10_0,CER_12_13_0,20,25,-0.000362307,0.000845056,0
taglia,fascia 2 (~50%),2,QoS_orig,Remuneration Model 1,Pearson-Sharing Rate,CER_4_4_0,CER_5_5_0,8,10,-0.000188023,0.000228069,0
taglia,fascia 2 (~50%),2,QoS_orig,Remuneration Model 1,Pearson-Sharing Rate,CER_7_8_0,CER_9_9_0,15,18,0.000974657,-0.000428635,0
taglia,fascia 2 (~50%),2,QoS_orig,Remuneration Model 1,Pearson-Sharing Rate,CER_10_10_0,CER_12_13_0,20,25,-0.000358256,0.000842973,0
taglia,fascia 2 (~50%),2,QoS_orig,Remuneration Model 1,Similarity-Utilization,CER_5_5_0,CER_7_8_0,10,15,-0.00117359,1.83888e-05,0
taglia,fascia 2 (~50%),2,QoS_orig,Remuneration Model 1,Similarity-Utilization,CER_7_8_0,CER_9_9_0,15,18,1.83888e-05,-0.00126333,0
taglia,fascia 2 (~50%),2,QoS_orig,Remuneration Model 1,Similarity-Utilization,CER_10_10_0,CER_12_13_0,20,25,-0.00123093,7.93586e-05,0
taglia,fascia 2 (~50%),2,QoS_orig,Remuneration Model 1,Marginal Contribution,CER_3_2_0,CER_4_4_0,5,8,-0.000629135,7.82782e-05,0
taglia,fascia 2 (~50%),2,QoS_orig,Remuneration Model 1,Marginal Contribution,CER_7_8_0,CER_9_9_0,15,18,0.000880865,-0.000184426,0
taglia,fascia 2 (~50%),2,QoS_orig,Remuneration Model 1,Marginal Contribution,CER_10_10_0,CER_12_13_0,20,25,-0.000175164,0.000784676,0
taglia,fascia 2 (~50%),2,QoS_orig,Remuneration Model 1,Stratified Expected Value,CER_3_2_0,CER_4_4_0,5,8,-0.000933969,5.60788e-05,0
taglia,fascia 2 (~50%),2,QoS_orig,Remuneration Model 1,Stratified Expected Value,CER_7_8_0,CER_9_9_0,15,18,0.000878446,-0.000252619,0
taglia,fascia 2 (~50%),2,QoS_orig,Remuneration Model 1,Stratified Expected Value,CER_10_10_0,CER_12_13_0,20,25,-0.000217773,0.000806038,0
taglia,fascia 2 (~50%),2,QoS_orig,Remuneration Model 1,Adaptive Sampling Shapley,CER_3_2_0,CER_4_4_0,5,8,0.000381253,-1.74703e-05,0
taglia,fascia 2 (~50%),2,QoS_orig,Remuneration Model 1,Adaptive Sampling Shapley,CER_4_4_0,CER_5_5_0,8,10,-1.74703e-05,1.34106e-05,0
taglia,fascia 2 (~50%),2,QoS_orig,Remuneration Model 1,Adaptive Sampling Shapley,CER_7_8_0,CER_9_9_0,15,18,0.000469966,-0.000216903,0
taglia,fascia 2 (~50%),2,QoS_orig,Remuneration Model 1,Adaptive Sampling Shapley,CER_10_10_0,CER_12_13_0,20,25,-0.000212966,0.000548445,0
taglia,fascia 2 (~50%),2,QoS_orig,Remuneration Model 1,Tri-level EP,CER_4_4_0,CER_5_5_0,8,10,-0.000188771,0.000254349,0
taglia,fascia 2 (~50%),2,QoS_orig,Remuneration Model 1,Tri-level EP,CER_7_8_0,CER_9_9_0,15,18,0.000939945,-0.000425018,0
taglia,fascia 2 (~50%),2,QoS_orig,Remuneration Model 1,Tri-level EP,CER_10_10_0,CER_12_13_0,20,25,-0.00032712,0.000868844,0
taglia,fascia 2 (~50%),2,QoS_orig,Cascading Tree,Pearson Key,CER_3_2_0,CER_4_4_0,5,8,-0.00357758,0.00015169,0
taglia,fascia 2 (~50%),2,QoS_orig,Cascading Tree,Pearson Key,CER_7_8_0,CER_9_9_0,15,18,0.00222767,-0.000242519,0
taglia,fascia 2 (~50%),2,QoS_orig,Cascading Tree,Pearson Key,CER_10_10_0,CER_12_13_0,20,25,-0.00032896,0.00222681,0
taglia,fascia 2 (~50%),2,QoS_orig,Cascading Tree,Pearson-Sharing Rate,CER_3_2_0,CER_4_4_0,5,8,-0.00357728,0.000145554,0
taglia,fascia 2 (~50%),2,QoS_orig,Cascading Tree,Pearson-Sharing Rate,CER_7_8_0,CER_9_9_0,15,18,0.00222413,-0.000242935,0
taglia,fascia 2 (~50%),2,QoS_orig,Cascading Tree,Pearson-Sharing Rate,CER_10_10_0,CER_12_13_0,20,25,-0.000324909,0.00222473,0
taglia,fascia 2 (~50%),2,QoS_orig,Cascading Tree,Similarity-Utilization,CER_5_5_0,CER_7_8_0,10,15,-0.000238107,0.00126786,0
taglia,fascia 2 (~50%),2,QoS_orig,Cascading Tree,Similarity-Utilization,CER_7_8_0,CER_9_9_0,15,18,0.00126786,-0.00107763,0
taglia,fascia 2 (~50%),2,QoS_orig,Cascading Tree,Similarity-Utilization,CER_10_10_0,CER_12_13_0,20,25,-0.00119759,0.00146111,0
taglia,fascia 2 (~50%),2,QoS_orig,Cascading Tree,Marginal Contribution,CER_3_2_0,CER_4_4_0,5,8,-0.00231547,0.000411856,0
taglia,fascia 2 (~50%),2,QoS_orig,Cascading Tree,Marginal Contribution,CER_9_9_0,CER_10_10_0,18,20,1.27428e-06,-0.000141817,0
taglia,fascia 2 (~50%),2,QoS_orig,Cascading Tree,Marginal Contribution,CER_10_10_0,CER_12_13_0,20,25,-0.000141817,0.00216643,0
taglia,fascia 2 (~50%),2,QoS_orig,Cascading Tree,Stratified Expected Value,CER_3_2_0,CER_4_4_0,5,8,-0.0026203,0.000389657,0
taglia,fascia 2 (~50%),2,QoS_orig,Cascading Tree,Stratified Expected Value,CER_7_8_0,CER_9_9_0,15,18,0.00212792,-6.69184e-05,0
taglia,fascia 2 (~50%),2,QoS_orig,Cascading Tree,Stratified Expected Value,CER_10_10_0,CER_12_13_0,20,25,-0.000184426,0.00218779,0
taglia,fascia 2 (~50%),2,QoS_orig,Cascading Tree,Adaptive Sampling Shapley,CER_3_2_0,CER_4_4_0,5,8,-0.00130508,0.000316108,0
taglia,fascia 2 (~50%),2,QoS_orig,Cascading Tree,Adaptive Sampling Shapley,CER_7_8_0,CER_9_9_0,15,18,0.00171944,-3.1203e-05,0
taglia,fascia 2 (~50%),2,QoS_orig,Cascading Tree,Adaptive Sampling Shapley,CER_10_10_0,CER_12_13_0,20,25,-0.000179619,0.0019302,0
taglia,fascia 2 (~50%),2,QoS_orig,Cascading Tree,Tri-level EP,CER_3_2_0,CER_4_4_0,5,8,-0.00345469,0.000144807,0
taglia,fascia 2 (~50%),2,QoS_orig,Cascading Tree,Tri-level EP,CER_7_8_0,CER_9_9_0,15,18,0.00218942,-0.000239318,0
taglia,fascia 2 (~50%),2,QoS_orig,Cascading Tree,Tri-level EP,CER_10_10_0,CER_12_13_0,20,25,-0.000293773,0.0022506,0
taglia,fascia 2 (~50%),2,QoS_orig,Weighted Solidarity,Pearson Key,CER_3_2_0,CER_4_4_0,5,8,-0.00166823,0.00107736,0
taglia,fascia 2 (~50%),2,QoS_orig,Weighted Solidarity,Pearson-Sharing Rate,CER_3_2_0,CER_4_4_0,5,8,-0.00166793,0.00107123,0
taglia,fascia 2 (~50%),2,QoS_orig,Weighted Solidarity,Similarity-Utilization,CER_3_2_0,CER_4_4_0,5,8,-0.0023918,0.000636238,0
taglia,fascia 2 (~50%),2,QoS_orig,Weighted Solidarity,Marginal Contribution,CER_3_2_0,CER_4_4_0,5,8,-0.000406112,0.00133753,0
taglia,fascia 2 (~50%),2,QoS_orig,Weighted Solidarity,Stratified Expected Value,CER_3_2_0,CER_4_4_0,5,8,-0.000710947,0.00131533,0
taglia,fascia 2 (~50%),2,QoS_orig,Weighted Solidarity,Tri-level EP,CER_3_2_0,CER_4_4_0,5,8,-0.00154533,0.00107048,0
taglia,fascia 2 (~50%),2,QoS_orig,Pearson Key,Pearson-Sharing Rate,CER_3_2_0,CER_4_4_0,5,8,3.00816e-07,-6.13597e-06,0
taglia,fascia 2 (~50%),2,QoS_orig,Pearson Key,Pearson-Sharing Rate,CER_9_9_0,CER_10_10_0,18,20,-4.15161e-07,4.05115e-06,0
taglia,fascia 2 (~50%),2,QoS_orig,Pearson Key,Pearson-Sharing Rate,CER_10_10_0,CER_12_13_0,20,25,4.05115e-06,-2.08325e-06,0
taglia,fascia 2 (~50%),2,QoS_orig,Pearson Key,Marginal Contribution,CER_5_5_0,CER_7_8_0,10,15,0.000110118,-9.73375e-05,0
taglia,fascia 2 (~50%),2,QoS_orig,Pearson Key,Marginal Contribution,CER_7_8_0,CER_9_9_0,15,18,-9.73375e-05,0.000243794,0
taglia,fascia 2 (~50%),2,QoS_orig,Pearson Key,Marginal Contribution,CER_10_10_0,CER_12_13_0,20,25,0.000187143,-6.03802e-05,0
taglia,fascia 2 (~50%),2,QoS_orig,Pearson Key,Stratified Expected Value,CER_5_5_0,CER_7_8_0,10,15,4.18552e-07,-9.97566e-05,0
taglia,fascia 2 (~50%),2,QoS_orig,Pearson Key,Stratified Expected Value,CER_7_8_0,CER_9_9_0,15,18,-9.97566e-05,0.000175601,0
taglia,fascia 2 (~50%),2,QoS_orig,Pearson Key,Stratified Expected Value,CER_10_10_0,CER_12_13_0,20,25,0.000144534,-3.90178e-05,0
taglia,fascia 2 (~50%),2,QoS_orig,Pearson Key,Adaptive Sampling Shapley,CER_4_4_0,CER_5_5_0,8,10,0.000164417,-0.000220488,0
taglia,fascia 2 (~50%),2,QoS_orig,Pearson Key,Adaptive Sampling Shapley,CER_7_8_0,CER_9_9_0,15,18,-0.000508236,0.000211316,0
taglia,fascia 2 (~50%),2,QoS_orig,Pearson Key,Adaptive Sampling Shapley,CER_10_10_0,CER_12_13_0,20,25,0.000149341,-0.000296612,0
taglia,fascia 2 (~50%),2,QoS_orig,Pearson Key,Tri-level EP,CER_3_2_0,CER_4_4_0,5,8,0.000122893,-6.88317e-06,0
taglia,fascia 2 (~50%),2,QoS_orig,Pearson Key,Tri-level EP,CER_4_4_0,CER_5_5_0,8,10,-6.88317e-06,2.04504e-05,0
taglia,fascia 2 (~50%),2,QoS_orig,Pearson Key,Tri-level EP,CER_5_5_0,CER_7_8_0,10,15,2.04504e-05,-3.82571e-05,0
taglia,fascia 2 (~50%),2,QoS_orig,Pearson Key,Tri-level EP,CER_7_8_0,CER_9_9_0,15,18,-3.82571e-05,3.20175e-06,0
taglia,fascia 2 (~50%),2,QoS_orig,Pearson-Sharing Rate,Marginal Contribution,CER_5_5_0,CER_7_8_0,10,15,0.000115947,-9.37918e-05,0
taglia,fascia 2 (~50%),2,QoS_orig,Pearson-Sharing Rate,Marginal Contribution,CER_7_8_0,CER_9_9_0,15,18,-9.37918e-05,0.000244209,0
taglia,fascia 2 (~50%),2,QoS_orig,Pearson-Sharing Rate,Marginal Contribution,CER_10_10_0,CER_12_13_0,20,25,0.000183092,-5.8297e-05,0
taglia,fascia 2 (~50%),2,QoS_orig,Pearson-Sharing Rate,Stratified Expected Value,CER_5_5_0,CER_7_8_0,10,15,6.24741e-06,-9.6211e-05,0
taglia,fascia 2 (~50%),2,QoS_orig,Pearson-Sharing Rate,Stratified Expected Value,CER_7_8_0,CER_9_9_0,15,18,-9.6211e-05,0.000176016,0
taglia,fascia 2 (~50%),2,QoS_orig,Pearson-Sharing Rate,Stratified Expected Value,CER_10_10_0,CER_12_13_0,20,25,0.000140483,-3.69345e-05,0
taglia,fascia 2 (~50%),2,QoS_orig,Pearson-Sharing Rate,Adaptive Sampling Shapley,CER_4_4_0,CER_5_5_0,8,10,0.000170553,-0.000214659,0
taglia,fascia 2 (~50%),2,QoS_orig,Pearson-Sharing Rate,Adaptive Sampling Shapley,CER_7_8_0,CER_9_9_0,15,18,-0.000504691,0.000211732,0
taglia,fascia 2 (~50%),2,QoS_orig,Pearson-Sharing Rate,Adaptive Sampling Shapley,CER_10_10_0,CER_12_13_0,20,25,0.00014529,-0.000294528,0
taglia,fascia 2 (~50%),2,QoS_orig,Pearson-Sharing Rate,Tri-level EP,CER_3_2_0,CER_4_4_0,5,8,0.000122593,-7.47198e-07,0
taglia,fascia 2 (~50%),2,QoS_orig,Pearson-Sharing Rate,Tri-level EP,CER_4_4_0,CER_5_5_0,8,10,-7.47198e-07,2.62792e-05,0
taglia,fascia 2 (~50%),2,QoS_orig,Pearson-Sharing Rate,Tri-level EP,CER_5_5_0,CER_7_8_0,10,15,2.62792e-05,-3.47114e-05,0
taglia,fascia 2 (~50%),2,QoS_orig,Pearson-Sharing Rate,Tri-level EP,CER_7_8_0,CER_9_9_0,15,18,-3.47114e-05,3.61691e-06,0
taglia,fascia 2 (~50%),2,QoS_orig,Marginal Contribution,Stratified Expected Value,CER_10_10_0,CER_12_13_0,20,25,-4.26086e-05,2.13625e-05,0
taglia,fascia 2 (~50%),2,QoS_orig,Marginal Contribution,Adaptive Sampling Shapley,CER_3_2_0,CER_4_4_0,5,8,0.00101039,-9.57485e-05,0
taglia,fascia 2 (~50%),2,QoS_orig,Marginal Contribution,Tri-level EP,CER_5_5_0,CER_7_8_0,10,15,-8.96676e-05,5.90804e-05,0
taglia,fascia 2 (~50%),2,QoS_orig,Marginal Contribution,Tri-level EP,CER_7_8_0,CER_9_9_0,15,18,5.90804e-05,-0.000240592,0
taglia,fascia 2 (~50%),2,QoS_orig,Marginal Contribution,Tri-level EP,CER_10_10_0,CER_12_13_0,20,25,-0.000151955,8.4168e-05,0
taglia,fascia 2 (~50%),2,QoS_orig,Stratified Expected Value,Adaptive Sampling Shapley,CER_3_2_0,CER_4_4_0,5,8,0.00131522,-7.3549e-05,0
taglia,fascia 2 (~50%),2,QoS_orig,Stratified Expected Value,Adaptive Sampling Shapley,CER_7_8_0,CER_9_9_0,15,18,-0.00040848,3.57154e-05,0
taglia,fascia 2 (~50%),2,QoS_orig,Stratified Expected Value,Adaptive Sampling Shapley,CER_10_10_0,CER_12_13_0,20,25,4.8071e-06,-0.000257594,0
taglia,fascia 2 (~50%),2,QoS_orig,Stratified Expected Value,Tri-level EP,CER_4_4_0,CER_5_5_0,8,10,-0.000244849,2.00318e-05,0
taglia,fascia 2 (~50%),2,QoS_orig,Stratified Expected Value,Tri-level EP,CER_7_8_0,CER_9_9_0,15,18,6.14995e-05,-0.000172399,0
taglia,fascia 2 (~50%),2,QoS_orig,Stratified Expected Value,Tri-level EP,CER_10_10_0,CER_12_13_0,20,25,-0.000109347,6.28055e-05,0
taglia,fascia 2 (~50%),2,QoS_orig,Adaptive Sampling Shapley,Tri-level EP,CER_4_4_0,CER_5_5_0,8,10,-0.0001713,0.000240938,0
taglia,fascia 2 (~50%),2,QoS_orig,Adaptive Sampling Shapley,Tri-level EP,CER_7_8_0,CER_9_9_0,15,18,0.000469979,-0.000208115,0
taglia,fascia 2 (~50%),2,QoS_orig,Adaptive Sampling Shapley,Tri-level EP,CER_10_10_0,CER_12_13_0,20,25,-0.000114154,0.000320399,0
taglia,fascia 2 (~50%),2,QoS_new,Variance Least Core,Proportional to Consumption,CER_5_5_0,CER_7_8_0,10,15,0.00010663,-8.77132e-06,0
taglia,fascia 2 (~50%),2,QoS_new,Variance Least Core,Remuneration Model 1,CER_3_2_0,CER_4_4_0,5,8,7.8274e-05,-9.92413e-06,0
taglia,fascia 2 (~50%),2,QoS_new,Variance Least Core,Pearson Key,CER_3_2_0,CER_4_4_0,5,8,3.65324e-05,-2.02964e-05,0
taglia,fascia 2 (~50%),2,QoS_new,Variance Least Core,Pearson-Sharing Rate,CER_3_2_0,CER_4_4_0,5,8,2.77664e-05,-2.08725e-05,0
taglia,fascia 2 (~50%),2,QoS_new,Variance Least Core,Marginal Contribution,CER_5_5_0,CER_7_8_0,10,15,1.68979e-05,-2.40732e-06,0
taglia,fascia 2 (~50%),2,QoS_new,Variance Least Core,Adaptive Sampling Shapley,CER_3_2_0,CER_4_4_0,5,8,5.44934e-05,-4.99875e-05,0
taglia,fascia 2 (~50%),2,QoS_new,Variance Least Core,Tri-level EP,CER_5_5_0,CER_7_8_0,10,15,1.51113e-05,-5.3948e-05,0
taglia,fascia 2 (~50%),2,QoS_new,Variance Least Core,Tri-level EP,CER_10_10_0,CER_12_13_0,20,25,-1.9694e-05,9.81005e-06,0
taglia,fascia 2 (~50%),2,QoS_new,Equal Split,Similarity-Utilization,CER_7_8_0,CER_9_9_0,15,18,-0.000125297,0.000129296,0
taglia,fascia 2 (~50%),2,QoS_new,Proportional to Consumption,Remuneration Model 1,CER_7_8_0,CER_9_9_0,15,18,-6.16513e-06,3.00404e-06,0
taglia,fascia 2 (~50%),2,QoS_new,Proportional to Consumption,Remuneration Model 1,CER_9_9_0,CER_10_10_0,18,20,3.00404e-06,-9.00567e-06,0
taglia,fascia 2 (~50%),2,QoS_new,Proportional to Consumption,Pearson Key,CER_10_10_0,CER_12_13_0,20,25,-3.73558e-05,3.2218e-05,0
taglia,fascia 2 (~50%),2,QoS_new,Proportional to Consumption,Pearson-Sharing Rate,CER_10_10_0,CER_12_13_0,20,25,-3.09145e-05,3.83417e-05,0
taglia,fascia 2 (~50%),2,QoS_new,Proportional to Consumption,Marginal Contribution,CER_5_5_0,CER_7_8_0,10,15,-8.97323e-05,6.364e-06,0
taglia,fascia 2 (~50%),2,QoS_new,Proportional to Consumption,Stratified Expected Value,CER_10_10_0,CER_12_13_0,20,25,-9.27499e-06,5.99011e-05,0
taglia,fascia 2 (~50%),2,QoS_new,Proportional to Consumption,Adaptive Sampling Shapley,CER_10_10_0,CER_12_13_0,20,25,-1.77334e-05,1.04423e-05,0
taglia,fascia 2 (~50%),2,QoS_new,Proportional to Consumption,Tri-level EP,CER_9_9_0,CER_10_10_0,18,20,-1.10926e-05,1.00764e-05,0
taglia,fascia 2 (~50%),2,QoS_new,Remuneration Model 1,Pearson Key,CER_4_4_0,CER_5_5_0,8,10,-1.03723e-05,3.212e-05,0
taglia,fascia 2 (~50%),2,QoS_new,Remuneration Model 1,Pearson Key,CER_5_5_0,CER_7_8_0,10,15,3.212e-05,-4.63049e-05,0
taglia,fascia 2 (~50%),2,QoS_new,Remuneration Model 1,Pearson Key,CER_10_10_0,CER_12_13_0,20,25,-2.83501e-05,9.84189e-05,0
taglia,fascia 2 (~50%),2,QoS_new,Remuneration Model 1,Pearson-Sharing Rate,CER_4_4_0,CER_5_5_0,8,10,-1.09484e-05,3.30744e-05,0
taglia,fascia 2 (~50%),2,QoS_new,Remuneration Model 1,Pearson-Sharing Rate,CER_5_5_0,CER_7_8_0,10,15,3.30744e-05,-3.89272e-05,0
taglia,fascia 2 (~50%),2,QoS_new,Remuneration Model 1,Pearson-Sharing Rate,CER_10_10_0,CER_12_13_0,20,25,-2.19088e-05,0.000104543,0
taglia,fascia 2 (~50%),2,QoS_new,Remuneration Model 1,Marginal Contribution,CER_3_2_0,CER_4_4_0,5,8,-3.71834e-06,1.62786e-05,0
taglia,fascia 2 (~50%),2,QoS_new,Remuneration Model 1,Stratified Expected Value,CER_10_10_0,CER_12_13_0,20,25,-2.69316e-07,0.000126102,0
taglia,fascia 2 (~50%),2,QoS_new,Remuneration Model 1,Adaptive Sampling Shapley,CER_10_10_0,CER_12_13_0,20,25,-8.72775e-06,7.66431e-05,0
taglia,fascia 2 (~50%),2,QoS_new,Remuneration Model 1,Tri-level EP,CER_5_5_0,CER_7_8_0,10,15,9.003e-05,-3.90115e-05,0
taglia,fascia 2 (~50%),2,QoS_new,Remuneration Model 1,Tri-level EP,CER_9_9_0,CER_10_10_0,18,20,-1.40966e-05,1.9082e-05,0
taglia,fascia 2 (~50%),2,QoS_new,Cascading Tree,Similarity-Utilization,CER_10_10_0,CER_12_13_0,20,25,-0.000358213,0.000211467,0
taglia,fascia 2 (~50%),2,QoS_new,Pearson Key,Pearson-Sharing Rate,CER_4_4_0,CER_5_5_0,8,10,-5.76073e-07,9.54385e-07,0
taglia,fascia 2 (~50%),2,QoS_new,Pearson Key,Stratified Expected Value,CER_5_5_0,CER_7_8_0,10,15,-6.15007e-05,1.03737e-05,0
taglia,fascia 2 (~50%),2,QoS_new,Pearson Key,Stratified Expected Value,CER_7_8_0,CER_9_9_0,15,18,1.03737e-05,-5.15722e-06,0
taglia,fascia 2 (~50%),2,QoS_new,Pearson Key,Stratified Expected Value,CER_9_9_0,CER_10_10_0,18,20,-5.15722e-06,2.80808e-05,0
taglia,fascia 2 (~50%),2,QoS_new,Pearson Key,Adaptive Sampling Shapley,CER_3_2_0,CER_4_4_0,5,8,1.7961e-05,-2.96911e-05,0
taglia,fascia 2 (~50%),2,QoS_new,Pearson Key,Adaptive Sampling Shapley,CER_7_8_0,CER_9_9_0,15,18,-5.56361e-07,2.19408e-06,0
taglia,fascia 2 (~50%),2,QoS_new,Pearson Key,Adaptive Sampling Shapley,CER_10_10_0,CER_12_13_0,20,25,1.96223e-05,-2.17757e-05,0
taglia,fascia 2 (~50%),2,QoS_new,Pearson-Sharing Rate,Stratified Expected Value,CER_5_5_0,CER_7_8_0,10,15,-6.24551e-05,2.99595e-06,0
taglia,fascia 2 (~50%),2,QoS_new,Pearson-Sharing Rate,Stratified Expected Value,CER_7_8_0,CER_9_9_0,15,18,2.99595e-06,-9.72404e-06,0
taglia,fascia 2 (~50%),2,QoS_new,Pearson-Sharing Rate,Stratified Expected Value,CER_9_9_0,CER_10_10_0,18,20,-9.72404e-06,2.16395e-05,0
taglia,fascia 2 (~50%),2,QoS_new,Pearson-Sharing Rate,Adaptive Sampling Shapley,CER_3_2_0,CER_4_4_0,5,8,2.6727e-05,-2.91151e-05,0
taglia,fascia 2 (~50%),2,QoS_new,Pearson-Sharing Rate,Adaptive Sampling Shapley,CER_9_9_0,CER_10_10_0,18,20,-2.37274e-06,1.31811e-05,0
taglia,fascia 2 (~50%),2,QoS_new,Pearson-Sharing Rate,Adaptive Sampling Shapley,CER_10_10_0,CER_12_13_0,20,25,1.31811e-05,-2.78994e-05,0
taglia,fascia 2 (~50%),2,QoS_new,Pearson-Sharing Rate,Tri-level EP,CER_5_5_0,CER_7_8_0,10,15,5.69556e-05,-8.43726e-08,0
taglia,fascia 2 (~50%),2,QoS_new,Pearson-Sharing Rate,Tri-level EP,CER_7_8_0,CER_9_9_0,15,18,-8.43726e-08,1.19802e-05,0
taglia,fascia 2 (~50%),2,QoS_new,Marginal Contribution,Tri-level EP,CER_4_4_0,CER_5_5_0,8,10,1.879e-05,-1.78659e-06,0
taglia,fascia 2 (~50%),2,QoS_new,Marginal Contribution,Tri-level EP,CER_10_10_0,CER_12_13_0,20,25,-1.28099e-05,1.76038e-05,0
taglia,fascia 2 (~50%),2,QoS_new,Stratified Expected Value,Adaptive Sampling Shapley,CER_3_2_0,CER_4_4_0,5,8,8.96581e-05,-2.15595e-05,0
taglia,fascia 2 (~50%),2,QoS_new,Stratified Expected Value,Adaptive Sampling Shapley,CER_7_8_0,CER_9_9_0,15,18,-1.09301e-05,7.3513e-06,0
taglia,fascia 2 (~50%),2,QoS_new,Stratified Expected Value,Adaptive Sampling Shapley,CER_9_9_0,CER_10_10_0,18,20,7.3513e-06,-8.45844e-06,0
taglia,fascia 2 (~50%),2,QoS_new,Stratified Expected Value,Tri-level EP,CER_5_5_0,CER_7_8_0,10,15,0.000119411,-3.08032e-06,0
taglia,fascia 2 (~50%),2,QoS_new,Stratified Expected Value,Tri-level EP,CER_7_8_0,CER_9_9_0,15,18,-3.08032e-06,2.17042e-05,0
taglia,fascia 2 (~50%),2,EI_orig,Variance Least Core,Stratified Expected Value,CER_3_2_0,CER_4_4_0,5,8,-0.00584932,0.00164173,0
taglia,fascia 2 (~50%),2,EI_orig,Variance Least Core,Stratified Expected Value,CER_4_4_0,CER_5_5_0,8,10,0.00164173,-0.00356205,0
taglia,fascia 2 (~50%),2,EI_orig,Variance Least Core,Stratified Expected Value,CER_5_5_0,CER_7_8_0,10,15,-0.00356205,3.73581e-05,0
taglia,fascia 2 (~50%),2,EI_orig,Remuneration Model 1,Cascading Tree,CER_5_5_0,CER_7_8_0,10,15,0.000608388,-0.0163484,0
taglia,fascia 2 (~50%),2,EI_orig,Remuneration Model 1,Cascading Tree,CER_7_8_0,CER_9_9_0,15,18,-0.0163484,0.00664292,0
taglia,fascia 2 (~50%),2,EI_orig,Remuneration Model 1,Cascading Tree,CER_10_10_0,CER_12_13_0,20,25,0.0187697,-0.0020711,0
taglia,fascia 2 (~50%),2,EI_orig,Cascading Tree,Weighted Solidarity,CER_3_2_0,CER_4_4_0,5,8,-0.0649163,0.0143161,0
taglia,fascia 2 (~50%),2,EI_orig,Cascading Tree,Marginal Contribution,CER_3_2_0,CER_4_4_0,5,8,-0.000998786,0.189752,0
taglia,fascia 2 (~50%),2,EI_orig,Cascading Tree,Adaptive Sampling Shapley,CER_3_2_0,CER_4_4_0,5,8,-0.077657,0.0530244,0
taglia,fascia 2 (~50%),2,EI_orig,Weighted Solidarity,Adaptive Sampling Shapley,CER_3_2_0,CER_4_4_0,5,8,-0.0127408,0.0387083,0
taglia,fascia 2 (~50%),2,EI_orig,Pearson-Sharing Rate,Tri-level EP,CER_9_9_0,CER_10_10_0,18,20,-0.00120107,0.000193309,0
taglia,fascia 2 (~50%),2,EI_new,Variance Least Core,Proportional to Consumption,CER_3_2_0,CER_4_4_0,5,8,-0.0381637,0.010412,0
taglia,fascia 2 (~50%),2,EI_new,Variance Least Core,Proportional to Consumption,CER_4_4_0,CER_5_5_0,8,10,0.010412,-0.0395604,0
taglia,fascia 2 (~50%),2,EI_new,Variance Least Core,Weighted Solidarity,CER_3_2_0,CER_4_4_0,5,8,-0.013898,0.0560986,0
taglia,fascia 2 (~50%),2,EI_new,Variance Least Core,Pearson Key,CER_3_2_0,CER_4_4_0,5,8,-0.00704532,0.0967011,0
taglia,fascia 2 (~50%),2,EI_new,Variance Least Core,Pearson-Sharing Rate,CER_3_2_0,CER_4_4_0,5,8,-0.00979428,0.090028,0
taglia,fascia 2 (~50%),2,EI_new,Variance Least Core,Similarity-Utilization,CER_3_2_0,CER_4_4_0,5,8,-0.0928904,0.00384538,0
taglia,fascia 2 (~50%),2,EI_new,Variance Least Core,Similarity-Utilization,CER_4_4_0,CER_5_5_0,8,10,0.00384538,-0.0654639,0
taglia,fascia 2 (~50%),2,EI_new,Variance Least Core,Similarity-Utilization,CER_10_10_0,CER_12_13_0,20,25,-0.0276237,0.00889363,0
taglia,fascia 2 (~50%),2,EI_new,Variance Least Core,Marginal Contribution,CER_9_9_0,CER_10_10_0,18,20,0.00209651,-0.000169181,0
taglia,fascia 2 (~50%),2,EI_new,Variance Least Core,Stratified Expected Value,CER_3_2_0,CER_4_4_0,5,8,-0.00155469,0.00457548,0
taglia,fascia 2 (~50%),2,EI_new,Variance Least Core,Stratified Expected Value,CER_5_5_0,CER_7_8_0,10,15,0.000274037,-0.00284957,0
taglia,fascia 2 (~50%),2,EI_new,Variance Least Core,Tri-level EP,CER_3_2_0,CER_4_4_0,5,8,-0.0150095,0.10108,0
taglia,fascia 2 (~50%),2,EI_new,Equal Split,Cascading Tree,CER_3_2_0,CER_4_4_0,5,8,0.023913,-0.0039712,0
taglia,fascia 2 (~50%),2,EI_new,Equal Split,Cascading Tree,CER_4_4_0,CER_5_5_0,8,10,-0.0039712,0.01668,0
taglia,fascia 2 (~50%),2,EI_new,Proportional to Consumption,Remuneration Model 1,CER_3_2_0,CER_4_4_0,5,8,0.00195491,-0.0290313,0
taglia,fascia 2 (~50%),2,EI_new,Proportional to Consumption,Remuneration Model 1,CER_4_4_0,CER_5_5_0,8,10,-0.0290313,0.0019625,0
taglia,fascia 2 (~50%),2,EI_new,Proportional to Consumption,Remuneration Model 1,CER_10_10_0,CER_12_13_0,20,25,0.00448817,-0.00468773,0
taglia,fascia 2 (~50%),2,EI_new,Proportional to Consumption,Similarity-Utilization,CER_9_9_0,CER_10_10_0,18,20,-0.00625817,0.013836,0
taglia,fascia 2 (~50%),2,EI_new,Proportional to Consumption,Marginal Contribution,CER_3_2_0,CER_4_4_0,5,8,0.043103,-0.00552142,0
taglia,fascia 2 (~50%),2,EI_new,Proportional to Consumption,Marginal Contribution,CER_4_4_0,CER_5_5_0,8,10,-0.00552142,0.0456808,0
taglia,fascia 2 (~50%),2,EI_new,Proportional to Consumption,Stratified Expected Value,CER_3_2_0,CER_4_4_0,5,8,0.036609,-0.00583654,0
taglia,fascia 2 (~50%),2,EI_new,Proportional to Consumption,Stratified Expected Value,CER_4_4_0,CER_5_5_0,8,10,-0.00583654,0.0398345,0
taglia,fascia 2 (~50%),2,EI_new,Proportional to Consumption,Adaptive Sampling Shapley,CER_3_2_0,CER_4_4_0,5,8,0.00334205,-0.0154168,0
taglia,fascia 2 (~50%),2,EI_new,Proportional to Consumption,Adaptive Sampling Shapley,CER_4_4_0,CER_5_5_0,8,10,-0.0154168,0.0106796,0
taglia,fascia 2 (~50%),2,EI_new,Remuneration Model 1,Similarity-Utilization,CER_3_2_0,CER_4_4_0,5,8,-0.0566816,0.0224647,0
taglia,fascia 2 (~50%),2,EI_new,Remuneration Model 1,Similarity-Utilization,CER_4_4_0,CER_5_5_0,8,10,0.0224647,-0.0278659,0
taglia,fascia 2 (~50%),2,EI_new,Remuneration Model 1,Similarity-Utilization,CER_9_9_0,CER_10_10_0,18,20,-0.0148273,0.0093478,0
taglia,fascia 2 (~50%),2,EI_new,Cascading Tree,Similarity-Utilization,CER_3_2_0,CER_4_4_0,5,8,-0.00571806,0.0642476,0
taglia,fascia 2 (~50%),2,EI_new,Weighted Solidarity,Pearson Key,CER_9_9_0,CER_10_10_0,18,20,0.00383212,-0.0285936,0
taglia,fascia 2 (~50%),2,EI_new,Weighted Solidarity,Pearson-Sharing Rate,CER_9_9_0,CER_10_10_0,18,20,0.00249266,-0.0304827,0
taglia,fascia 2 (~50%),2,EI_new,Weighted Solidarity,Marginal Contribution,CER_3_2_0,CER_4_4_0,5,8,0.0188373,-0.0512081,0
taglia,fascia 2 (~50%),2,EI_new,Weighted Solidarity,Stratified Expected Value,CER_3_2_0,CER_4_4_0,5,8,0.0123433,-0.0515232,0
taglia,fascia 2 (~50%),2,EI_new,Weighted Solidarity,Tri-level EP,CER_3_2_0,CER_4_4_0,5,8,-0.00111148,0.0449814,0
taglia,fascia 2 (~50%),2,EI_new,Weighted Solidarity,Tri-level EP,CER_9_9_0,CER_10_10_0,18,20,0.0113042,-0.0196847,0
taglia,fascia 2 (~50%),2,EI_new,Pearson Key,Marginal Contribution,CER_3_2_0,CER_4_4_0,5,8,0.0119846,-0.0918105,0
taglia,fascia 2 (~50%),2,EI_new,Pearson Key,Stratified Expected Value,CER_3_2_0,CER_4_4_0,5,8,0.00549062,-0.0921257,0
taglia,fascia 2 (~50%),2,EI_new,Pearson Key,Tri-level EP,CER_3_2_0,CER_4_4_0,5,8,-0.00796418,0.00437889,0
taglia,fascia 2 (~50%),2,EI_new,Pearson-Sharing Rate,Marginal Contribution,CER_3_2_0,CER_4_4_0,5,8,0.0147336,-0.0851374,0
taglia,fascia 2 (~50%),2,EI_new,Pearson-Sharing Rate,Stratified Expected Value,CER_3_2_0,CER_4_4_0,5,8,0.00823959,-0.0854525,0
taglia,fascia 2 (~50%),2,EI_new,Pearson-Sharing Rate,Tri-level EP,CER_3_2_0,CER_4_4_0,5,8,-0.00521522,0.0110521,0
taglia,fascia 2 (~50%),2,EI_new,Similarity-Utilization,Marginal Contribution,CER_10_10_0,CER_12_13_0,20,25,0.0274545,-0.0101896,0
taglia,fascia 2 (~50%),2,EI_new,Similarity-Utilization,Stratified Expected Value,CER_10_10_0,CER_12_13_0,20,25,0.0251892,-0.0115894,0
taglia,fascia 2 (~50%),2,EI_new,Similarity-Utilization,Adaptive Sampling Shapley,CER_3_2_0,CER_4_4_0,5,8,0.0580687,-0.00885011,0
taglia,fascia 2 (~50%),2,EI_new,Similarity-Utilization,Adaptive Sampling Shapley,CER_4_4_0,CER_5_5_0,8,10,-0.00885011,0.036583,0
taglia,fascia 2 (~50%),2,EI_new,Similarity-Utilization,Adaptive Sampling Shapley,CER_10_10_0,CER_12_13_0,20,25,0.00411552,-0.0193846,0
taglia,fascia 2 (~50%),2,EI_new,Marginal Contribution,Tri-level EP,CER_3_2_0,CER_4_4_0,5,8,-0.0199488,0.0961894,0
taglia,fascia 2 (~50%),2,EI_new,Stratified Expected Value,Tri-level EP,CER_3_2_0,CER_4_4_0,5,8,-0.0134548,0.0965046,0
taglia,fascia 2 (~50%),2,Jain,Variance Least Core,Equal Split,CER_3_2_0,CER_4_4_0,5,8,0.000247226,-0.00113388,0
taglia,fascia 2 (~50%),2,Jain,Variance Least Core,Remuneration Model 1,CER_3_2_0,CER_4_4_0,5,8,0.000864476,-0.000133726,0
taglia,fascia 2 (~50%),2,Jain,Variance Least Core,Remuneration Model 1,CER_7_8_0,CER_9_9_0,15,18,-0.000946788,0.000193713,0
taglia,fascia 2 (~50%),2,Jain,Variance Least Core,Remuneration Model 1,CER_10_10_0,CER_12_13_0,20,25,0.000279866,-0.000694048,0
taglia,fascia 2 (~50%),2,Jain,Variance Least Core,Cascading Tree,CER_3_2_0,CER_4_4_0,5,8,0.00203186,-0.000815982,0
taglia,fascia 2 (~50%),2,Jain,Variance Least Core,Cascading Tree,CER_9_9_0,CER_10_10_0,18,20,-0.000249432,6.38966e-05,0
taglia,fascia 2 (~50%),2,Jain,Variance Least Core,Cascading Tree,CER_10_10_0,CER_12_13_0,20,25,6.38966e-05,-0.00232011,0
taglia,fascia 2 (~50%),2,Jain,Variance Least Core,Marginal Contribution,CER_5_5_0,CER_7_8_0,10,15,3.53686e-05,-2.58181e-05,0
taglia,fascia 2 (~50%),2,Jain,Variance Least Core,Marginal Contribution,CER_7_8_0,CER_9_9_0,15,18,-2.58181e-05,2.32616e-05,0
taglia,fascia 2 (~50%),2,Jain,Variance Least Core,Marginal Contribution,CER_10_10_0,CER_12_13_0,20,25,6.22208e-06,-1.84251e-05,0
taglia,fascia 2 (~50%),2,Jain,Variance Least Core,Stratified Expected Value,CER_3_2_0,CER_4_4_0,5,8,2.60549e-06,-1.06935e-05,0
taglia,fascia 2 (~50%),2,Jain,Variance Least Core,Adaptive Sampling Shapley,CER_3_2_0,CER_4_4_0,5,8,0.00117749,-0.000141826,0
taglia,fascia 2 (~50%),2,Jain,Equal Split,Proportional to Consumption,CER_3_2_0,CER_4_4_0,5,8,-0.000493441,0.000633622,0
taglia,fascia 2 (~50%),2,Jain,Equal Split,Pearson Key,CER_3_2_0,CER_4_4_0,5,8,-0.00106726,0.000846276,0
taglia,fascia 2 (~50%),2,Jain,Equal Split,Pearson-Sharing Rate,CER_3_2_0,CER_4_4_0,5,8,-0.00107031,0.000839216,0
taglia,fascia 2 (~50%),2,Jain,Equal Split,Similarity-Utilization,CER_4_4_0,CER_5_5_0,8,10,-7.41148e-05,0.000420666,0
taglia,fascia 2 (~50%),2,Jain,Equal Split,Similarity-Utilization,CER_7_8_0,CER_9_9_0,15,18,0.00139456,-0.000433274,0
taglia,fascia 2 (~50%),2,Jain,Equal Split,Similarity-Utilization,CER_10_10_0,CER_12_13_0,20,25,-0.000627849,0.00142205,0
taglia,fascia 2 (~50%),2,Jain,Equal Split,Stratified Expected Value,CER_3_2_0,CER_4_4_0,5,8,-0.000244621,0.00112319,0
taglia,fascia 2 (~50%),2,Jain,Equal Split,Tri-level EP,CER_3_2_0,CER_4_4_0,5,8,-0.00091652,0.00085376,0
taglia,fascia 2 (~50%),2,Jain,Proportional to Consumption,Remuneration Model 1,CER_4_4_0,CER_5_5_0,8,10,0.000366536,-0.000135408,0
taglia,fascia 2 (~50%),2,Jain,Proportional to Consumption,Remuneration Model 1,CER_7_8_0,CER_9_9_0,15,18,-0.000449359,0.00052736,0
taglia,fascia 2 (~50%),2,Jain,Proportional to Consumption,Remuneration Model 1,CER_10_10_0,CER_12_13_0,20,25,0.000505386,-0.00026346,0
taglia,fascia 2 (~50%),2,Jain,Proportional to Consumption,Cascading Tree,CER_3_2_0,CER_4_4_0,5,8,0.00227807,-0.00031572,0
taglia,fascia 2 (~50%),2,Jain,Proportional to Consumption,Cascading Tree,CER_7_8_0,CER_9_9_0,15,18,-0.00200808,8.42153e-05,0
taglia,fascia 2 (~50%),2,Jain,Proportional to Consumption,Cascading Tree,CER_10_10_0,CER_12_13_0,20,25,0.000289417,-0.00188952,0
taglia,fascia 2 (~50%),2,Jain,Proportional to Consumption,Pearson Key,CER_3_2_0,CER_4_4_0,5,8,-0.000573823,0.000212654,0
taglia,fascia 2 (~50%),2,Jain,Proportional to Consumption,Pearson Key,CER_9_9_0,CER_10_10_0,18,20,2.0973e-05,-7.80116e-05,0
taglia,fascia 2 (~50%),2,Jain,Proportional to Consumption,Pearson Key,CER_10_10_0,CER_12_13_0,20,25,-7.80116e-05,0.00032803,0
taglia,fascia 2 (~50%),2,Jain,Proportional to Consumption,Pearson-Sharing Rate,CER_3_2_0,CER_4_4_0,5,8,-0.000576866,0.000205594,0
taglia,fascia 2 (~50%),2,Jain,Proportional to Consumption,Pearson-Sharing Rate,CER_9_9_0,CER_10_10_0,18,20,2.4011e-05,-6.98161e-05,0
taglia,fascia 2 (~50%),2,Jain,Proportional to Consumption,Pearson-Sharing Rate,CER_10_10_0,CER_12_13_0,20,25,-6.98161e-05,0.000331033,0
taglia,fascia 2 (~50%),2,Jain,Proportional to Consumption,Adaptive Sampling Shapley,CER_4_4_0,CER_5_5_0,8,10,0.000358436,-9.74924e-05,0
taglia,fascia 2 (~50%),2,Jain,Proportional to Consumption,Adaptive Sampling Shapley,CER_5_5_0,CER_7_8_0,10,15,-9.74924e-05,2.59849e-05,0
taglia,fascia 2 (~50%),2,Jain,Proportional to Consumption,Tri-level EP,CER_3_2_0,CER_4_4_0,5,8,-0.000423078,0.000220138,0
taglia,fascia 2 (~50%),2,Jain,Proportional to Consumption,Tri-level EP,CER_9_9_0,CER_10_10_0,18,20,5.28114e-05,-5.78988e-06,0
taglia,fascia 2 (~50%),2,Jain,Proportional to Consumption,Tri-level EP,CER_10_10_0,CER_12_13_0,20,25,-5.78988e-06,0.000395485,0
taglia,fascia 2 (~50%),2,Jain,Remuneration Model 1,Cascading Tree,CER_3_2_0,CER_4_4_0,5,8,0.00116738,-0.000682256,0
taglia,fascia 2 (~50%),2,Jain,Remuneration Model 1,Pearson Key,CER_4_4_0,CER_5_5_0,8,10,-0.000153882,0.000277231,0
taglia,fascia 2 (~50%),2,Jain,Remuneration Model 1,Pearson Key,CER_7_8_0,CER_9_9_0,15,18,0.00090246,-0.000506387,0
taglia,fascia 2 (~50%),2,Jain,Remuneration Model 1,Pearson Key,CER_10_10_0,CER_12_13_0,20,25,-0.000583398,0.00059149,0
taglia,fascia 2 (~50%),2,Jain,Remuneration Model 1,Pearson-Sharing Rate,CER_4_4_0,CER_5_5_0,8,10,-0.000160942,0.000271414,0
taglia,fascia 2 (~50%),2,Jain,Remuneration Model 1,Pearson-Sharing Rate,CER_7_8_0,CER_9_9_0,15,18,0.000902788,-0.000503349,0
taglia,fascia 2 (~50%),2,Jain,Remuneration Model 1,Pearson-Sharing Rate,CER_10_10_0,CER_12_13_0,20,25,-0.000575202,0.000594493,0
taglia,fascia 2 (~50%),2,Jain,Remuneration Model 1,Marginal Contribution,CER_3_2_0,CER_4_4_0,5,8,-0.000551899,0.000163815,0
taglia,fascia 2 (~50%),2,Jain,Remuneration Model 1,Marginal Contribution,CER_7_8_0,CER_9_9_0,15,18,0.00092097,-0.000170451,0
taglia,fascia 2 (~50%),2,Jain,Remuneration Model 1,Marginal Contribution,CER_10_10_0,CER_12_13_0,20,25,-0.000273644,0.000675623,0
taglia,fascia 2 (~50%),2,Jain,Remuneration Model 1,Stratified Expected Value,CER_3_2_0,CER_4_4_0,5,8,-0.00086187,0.000123033,0
taglia,fascia 2 (~50%),2,Jain,Remuneration Model 1,Stratified Expected Value,CER_7_8_0,CER_9_9_0,15,18,0.000892724,-0.000265682,0
taglia,fascia 2 (~50%),2,Jain,Remuneration Model 1,Stratified Expected Value,CER_10_10_0,CER_12_13_0,20,25,-0.00033983,0.000676631,0
taglia,fascia 2 (~50%),2,Jain,Remuneration Model 1,Adaptive Sampling Shapley,CER_3_2_0,CER_4_4_0,5,8,0.000313018,-8.09998e-06,0
taglia,fascia 2 (~50%),2,Jain,Remuneration Model 1,Adaptive Sampling Shapley,CER_4_4_0,CER_5_5_0,8,10,-8.09998e-06,3.79156e-05,0
taglia,fascia 2 (~50%),2,Jain,Remuneration Model 1,Adaptive Sampling Shapley,CER_7_8_0,CER_9_9_0,15,18,0.000475344,-0.000222051,0
taglia,fascia 2 (~50%),2,Jain,Remuneration Model 1,Adaptive Sampling Shapley,CER_10_10_0,CER_12_13_0,20,25,-0.000286259,0.000460543,0
taglia,fascia 2 (~50%),2,Jain,Remuneration Model 1,Tri-level EP,CER_4_4_0,CER_5_5_0,8,10,-0.000146398,0.000319288,0
taglia,fascia 2 (~50%),2,Jain,Remuneration Model 1,Tri-level EP,CER_7_8_0,CER_9_9_0,15,18,0.000884722,-0.000474549,0
taglia,fascia 2 (~50%),2,Jain,Remuneration Model 1,Tri-level EP,CER_10_10_0,CER_12_13_0,20,25,-0.000511176,0.000658945,0
taglia,fascia 2 (~50%),2,Jain,Cascading Tree,Pearson Key,CER_3_2_0,CER_4_4_0,5,8,-0.0028519,0.000528374,0
taglia,fascia 2 (~50%),2,Jain,Cascading Tree,Pearson Key,CER_7_8_0,CER_9_9_0,15,18,0.00246118,-6.32422e-05,0
taglia,fascia 2 (~50%),2,Jain,Cascading Tree,Pearson Key,CER_10_10_0,CER_12_13_0,20,25,-0.000367429,0.00221755,0
taglia,fascia 2 (~50%),2,Jain,Cascading Tree,Pearson-Sharing Rate,CER_3_2_0,CER_4_4_0,5,8,-0.00285494,0.000521314,0
taglia,fascia 2 (~50%),2,Jain,Cascading Tree,Pearson-Sharing Rate,CER_7_8_0,CER_9_9_0,15,18,0.0024615,-6.02043e-05,0
taglia,fascia 2 (~50%),2,Jain,Cascading Tree,Pearson-Sharing Rate,CER_10_10_0,CER_12_13_0,20,25,-0.000359233,0.00222055,0
taglia,fascia 2 (~50%),2,Jain,Cascading Tree,Similarity-Utilization,CER_5_5_0,CER_7_8_0,10,15,-0.000250852,0.00106888,0
taglia,fascia 2 (~50%),2,Jain,Cascading Tree,Similarity-Utilization,CER_7_8_0,CER_9_9_0,15,18,0.00106888,-0.00130231,0
taglia,fascia 2 (~50%),2,Jain,Cascading Tree,Similarity-Utilization,CER_10_10_0,CER_12_13_0,20,25,-0.00158438,0.000949542,0
taglia,fascia 2 (~50%),2,Jain,Cascading Tree,Marginal Contribution,CER_3_2_0,CER_4_4_0,5,8,-0.00171928,0.00084607,0
taglia,fascia 2 (~50%),2,Jain,Cascading Tree,Marginal Contribution,CER_9_9_0,CER_10_10_0,18,20,0.000272693,-5.76745e-05,0
taglia,fascia 2 (~50%),2,Jain,Cascading Tree,Marginal Contribution,CER_10_10_0,CER_12_13_0,20,25,-5.76745e-05,0.00230168,0
taglia,fascia 2 (~50%),2,Jain,Cascading Tree,Stratified Expected Value,CER_3_2_0,CER_4_4_0,5,8,-0.00202925,0.000805288,0
taglia,fascia 2 (~50%),2,Jain,Cascading Tree,Stratified Expected Value,CER_9_9_0,CER_10_10_0,18,20,0.000177463,-0.000123861,0
taglia,fascia 2 (~50%),2,Jain,Cascading Tree,Stratified Expected Value,CER_10_10_0,CER_12_13_0,20,25,-0.000123861,0.00230269,0
taglia,fascia 2 (~50%),2,Jain,Cascading Tree,Adaptive Sampling Shapley,CER_3_2_0,CER_4_4_0,5,8,-0.000854365,0.000674156,0
taglia,fascia 2 (~50%),2,Jain,Cascading Tree,Adaptive Sampling Shapley,CER_9_9_0,CER_10_10_0,18,20,0.000221094,-7.02899e-05,0
taglia,fascia 2 (~50%),2,Jain,Cascading Tree,Adaptive Sampling Shapley,CER_10_10_0,CER_12_13_0,20,25,-7.02899e-05,0.0020866,0
taglia,fascia 2 (~50%),2,Jain,Cascading Tree,Tri-level EP,CER_3_2_0,CER_4_4_0,5,8,-0.00270115,0.000535857,0
taglia,fascia 2 (~50%),2,Jain,Cascading Tree,Tri-level EP,CER_7_8_0,CER_9_9_0,15,18,0.00244344,-3.14039e-05,0
taglia,fascia 2 (~50%),2,Jain,Cascading Tree,Tri-level EP,CER_10_10_0,CER_12_13_0,20,25,-0.000295207,0.002285,0
taglia,fascia 2 (~50%),2,Jain,Weighted Solidarity,Pearson Key,CER_3_2_0,CER_4_4_0,5,8,-0.000326508,0.00236779,0
taglia,fascia 2 (~50%),2,Jain,Weighted Solidarity,Pearson-Sharing Rate,CER_3_2_0,CER_4_4_0,5,8,-0.000329551,0.00236073,0
taglia,fascia 2 (~50%),2,Jain,Weighted Solidarity,Similarity-Utilization,CER_3_2_0,CER_4_4_0,5,8,-0.00148435,0.0014474,0
taglia,fascia 2 (~50%),2,Jain,Weighted Solidarity,Tri-level EP,CER_3_2_0,CER_4_4_0,5,8,-0.000175763,0.00237528,0
taglia,fascia 2 (~50%),2,Jain,Pearson Key,Pearson-Sharing Rate,CER_5_5_0,CER_7_8_0,10,15,-5.81726e-06,3.28255e-07,0
taglia,fascia 2 (~50%),2,Jain,Pearson Key,Stratified Expected Value,CER_5_5_0,CER_7_8_0,10,15,3.01014e-05,-9.7359e-06,0
taglia,fascia 2 (~50%),2,Jain,Pearson Key,Stratified Expected Value,CER_7_8_0,CER_9_9_0,15,18,-9.7359e-06,0.000240705,0
taglia,fascia 2 (~50%),2,Jain,Pearson Key,Adaptive Sampling Shapley,CER_4_4_0,CER_5_5_0,8,10,0.000145782,-0.000239315,0
taglia,fascia 2 (~50%),2,Jain,Pearson Key,Adaptive Sampling Shapley,CER_7_8_0,CER_9_9_0,15,18,-0.000427116,0.000284336,0
taglia,fascia 2 (~50%),2,Jain,Pearson Key,Adaptive Sampling Shapley,CER_10_10_0,CER_12_13_0,20,25,0.000297139,-0.000130947,0
taglia,fascia 2 (~50%),2,Jain,Pearson Key,Tri-level EP,CER_5_5_0,CER_7_8_0,10,15,4.2057e-05,-1.77377e-05,0
taglia,fascia 2 (~50%),2,Jain,Pearson Key,Tri-level EP,CER_7_8_0,CER_9_9_0,15,18,-1.77377e-05,3.18383e-05,0
taglia,fascia 2 (~50%),2,Jain,Pearson-Sharing Rate,Stratified Expected Value,CER_5_5_0,CER_7_8_0,10,15,3.59186e-05,-1.00642e-05,0
taglia,fascia 2 (~50%),2,Jain,Pearson-Sharing Rate,Stratified Expected Value,CER_7_8_0,CER_9_9_0,15,18,-1.00642e-05,0.000237667,0
taglia,fascia 2 (~50%),2,Jain,Pearson-Sharing Rate,Adaptive Sampling Shapley,CER_4_4_0,CER_5_5_0,8,10,0.000152842,-0.000233498,0
taglia,fascia 2 (~50%),2,Jain,Pearson-Sharing Rate,Adaptive Sampling Shapley,CER_7_8_0,CER_9_9_0,15,18,-0.000427444,0.000281298,0
taglia,fascia 2 (~50%),2,Jain,Pearson-Sharing Rate,Adaptive Sampling Shapley,CER_10_10_0,CER_12_13_0,20,25,0.000288943,-0.00013395,0
taglia,fascia 2 (~50%),2,Jain,Pearson-Sharing Rate,Tri-level EP,CER_5_5_0,CER_7_8_0,10,15,4.78743e-05,-1.8066e-05,0
taglia,fascia 2 (~50%),2,Jain,Pearson-Sharing Rate,Tri-level EP,CER_7_8_0,CER_9_9_0,15,18,-1.8066e-05,2.88004e-05,0
taglia,fascia 2 (~50%),2,Jain,Marginal Contribution,Stratified Expected Value,CER_10_10_0,CER_12_13_0,20,25,-6.61864e-05,1.00808e-06,0
taglia,fascia 2 (~50%),2,Jain,Marginal Contribution,Adaptive Sampling Shapley,CER_3_2_0,CER_4_4_0,5,8,0.000864916,-0.000171915,0
taglia,fascia 2 (~50%),2,Jain,Stratified Expected Value,Adaptive Sampling Shapley,CER_3_2_0,CER_4_4_0,5,8,0.00117489,-0.000131133,0
taglia,fascia 2 (~50%),2,Jain,Stratified Expected Value,Adaptive Sampling Shapley,CER_7_8_0,CER_9_9_0,15,18,-0.00041738,4.36306e-05,0
taglia,fascia 2 (~50%),2,Jain,Stratified Expected Value,Adaptive Sampling Shapley,CER_10_10_0,CER_12_13_0,20,25,5.3571e-05,-0.000216088,0
taglia,fascia 2 (~50%),2,Jain,Stratified Expected Value,Tri-level EP,CER_4_4_0,CER_5_5_0,8,10,-0.000269431,1.19557e-05,0
taglia,fascia 2 (~50%),2,Jain,Stratified Expected Value,Tri-level EP,CER_5_5_0,CER_7_8_0,10,15,1.19557e-05,-8.00183e-06,0
taglia,fascia 2 (~50%),2,Jain,Adaptive Sampling Shapley,Tri-level EP,CER_4_4_0,CER_5_5_0,8,10,-0.000138298,0.000281372,0
taglia,fascia 2 (~50%),2,Jain,Adaptive Sampling Shapley,Tri-level EP,CER_7_8_0,CER_9_9_0,15,18,0.000409378,-0.000252497,0
taglia,fascia 2 (~50%),2,Jain,Adaptive Sampling Shapley,Tri-level EP,CER_10_10_0,CER_12_13_0,20,25,-0.000224917,0.000198402,0
taglia,fascia 2 (~50%),2,Gini,Variance Least Core,Stratified Expected Value,CER_3_2_0,CER_4_4_0,5,8,-0.00584932,0.00164173,0
taglia,fascia 2 (~50%),2,Gini,Variance Least Core,Stratified Expected Value,CER_4_4_0,CER_5_5_0,8,10,0.00164173,-0.00356205,0
taglia,fascia 2 (~50%),2,Gini,Variance Least Core,Stratified Expected Value,CER_5_5_0,CER_7_8_0,10,15,-0.00356205,3.73581e-05,0
taglia,fascia 2 (~50%),2,Gini,Remuneration Model 1,Cascading Tree,CER_5_5_0,CER_7_8_0,10,15,0.000608388,-0.0163484,0
taglia,fascia 2 (~50%),2,Gini,Remuneration Model 1,Cascading Tree,CER_7_8_0,CER_9_9_0,15,18,-0.0163484,0.00664292,0
taglia,fascia 2 (~50%),2,Gini,Remuneration Model 1,Cascading Tree,CER_10_10_0,CER_12_13_0,20,25,0.0187697,-0.0020711,0
taglia,fascia 2 (~50%),2,Gini,Cascading Tree,Weighted Solidarity,CER_3_2_0,CER_4_4_0,5,8,-0.0649163,0.0143161,0
taglia,fascia 2 (~50%),2,Gini,Cascading Tree,Marginal Contribution,CER_3_2_0,CER_4_4_0,5,8,-0.000998786,0.189752,0
taglia,fascia 2 (~50%),2,Gini,Cascading Tree,Adaptive Sampling Shapley,CER_3_2_0,CER_4_4_0,5,8,-0.077657,0.0530244,0
taglia,fascia 2 (~50%),2,Gini,Weighted Solidarity,Adaptive Sampling Shapley,CER_3_2_0,CER_4_4_0,5,8,-0.0127408,0.0387083,0
taglia,fascia 2 (~50%),2,Gini,Pearson-Sharing Rate,Tri-level EP,CER_9_9_0,CER_10_10_0,18,20,-0.00120107,0.000193309,0
taglia,fascia 2 (~50%),2,FairnessIndex,Variance Least Core,Stratified Expected Value,CER_3_2_0,CER_4_4_0,5,8,-0.00752372,0.00169294,0
taglia,fascia 2 (~50%),2,FairnessIndex,Variance Least Core,Stratified Expected Value,CER_4_4_0,CER_5_5_0,8,10,0.00169294,-0.00078953,0
taglia,fascia 2 (~50%),2,FairnessIndex,Variance Least Core,Stratified Expected Value,CER_5_5_0,CER_7_8_0,10,15,-0.00078953,0.00297485,0
taglia,fascia 2 (~50%),2,FairnessIndex,Equal Split,Proportional to Consumption,CER_3_2_0,CER_4_4_0,5,8,0.0818034,-0.190219,0
taglia,fascia 2 (~50%),2,FairnessIndex,Equal Split,Pearson Key,CER_3_2_0,CER_4_4_0,5,8,0.120709,-0.148345,0
taglia,fascia 2 (~50%),2,FairnessIndex,Equal Split,Pearson-Sharing Rate,CER_3_2_0,CER_4_4_0,5,8,0.119646,-0.150133,0
taglia,fascia 2 (~50%),2,FairnessIndex,Equal Split,Similarity-Utilization,CER_3_2_0,CER_4_4_0,5,8,0.129972,-0.13227,0
taglia,fascia 2 (~50%),2,FairnessIndex,Equal Split,Tri-level EP,CER_3_2_0,CER_4_4_0,5,8,0.108924,-0.154125,0
taglia,fascia 2 (~50%),2,FairnessIndex,Proportional to Consumption,Remuneration Model 1,CER_3_2_0,CER_4_4_0,5,8,-0.160666,0.111367,0
taglia,fascia 2 (~50%),2,FairnessIndex,Proportional to Consumption,Weighted Solidarity,CER_3_2_0,CER_4_4_0,5,8,-0.000602115,0.258806,0
taglia,fascia 2 (~50%),2,FairnessIndex,Proportional to Consumption,Adaptive Sampling Shapley,CER_3_2_0,CER_4_4_0,5,8,-0.1216,0.0173559,0
taglia,fascia 2 (~50%),2,FairnessIndex,Remuneration Model 1,Pearson Key,CER_3_2_0,CER_4_4_0,5,8,0.199572,-0.0694933,0
taglia,fascia 2 (~50%),2,FairnessIndex,Remuneration Model 1,Pearson-Sharing Rate,CER_3_2_0,CER_4_4_0,5,8,0.198509,-0.0712805,0
taglia,fascia 2 (~50%),2,FairnessIndex,Remuneration Model 1,Similarity-Utilization,CER_3_2_0,CER_4_4_0,5,8,0.208835,-0.0534181,0
taglia,fascia 2 (~50%),2,FairnessIndex,Remuneration Model 1,Adaptive Sampling Shapley,CER_3_2_0,CER_4_4_0,5,8,0.0390663,-0.0940114,0
taglia,fascia 2 (~50%),2,FairnessIndex,Remuneration Model 1,Tri-level EP,CER_3_2_0,CER_4_4_0,5,8,0.187787,-0.0752727,0
taglia,fascia 2 (~50%),2,FairnessIndex,Cascading Tree,Similarity-Utilization,CER_3_2_0,CER_4_4_0,5,8,0.00768852,-0.262606,0
taglia,fascia 2 (~50%),2,FairnessIndex,Weighted Solidarity,Pearson Key,CER_3_2_0,CER_4_4_0,5,8,0.039508,-0.216932,0
taglia,fascia 2 (~50%),2,FairnessIndex,Weighted Solidarity,Pearson-Sharing Rate,CER_3_2_0,CER_4_4_0,5,8,0.0384448,-0.218719,0
taglia,fascia 2 (~50%),2,FairnessIndex,Weighted Solidarity,Similarity-Utilization,CER_3_2_0,CER_4_4_0,5,8,0.0487711,-0.200857,0
taglia,fascia 2 (~50%),2,FairnessIndex,Weighted Solidarity,Tri-level EP,CER_3_2_0,CER_4_4_0,5,8,0.0277228,-0.222711,0
taglia,fascia 2 (~50%),2,Sigma,Variance Least Core,Stratified Expected Value,CER_3_2_0,CER_4_4_0,5,8,-0.00329407,0.000138401,0
taglia,fascia 2 (~50%),2,Sigma,Variance Least Core,Stratified Expected Value,CER_4_4_0,CER_5_5_0,8,10,0.000138401,-0.000255492,0
taglia,fascia 2 (~50%),2,Sigma,Variance Least Core,Stratified Expected Value,CER_5_5_0,CER_7_8_0,10,15,-0.000255492,0.000441295,0
taglia,fascia 2 (~50%),2,Sigma,Equal Split,Proportional to Consumption,CER_3_2_0,CER_4_4_0,5,8,0.0480957,-0.0479859,0
taglia,fascia 2 (~50%),2,Sigma,Equal Split,Pearson Key,CER_3_2_0,CER_4_4_0,5,8,0.061892,-0.0378596,0
taglia,fascia 2 (~50%),2,Sigma,Equal Split,Pearson-Sharing Rate,CER_3_2_0,CER_4_4_0,5,8,0.0616186,-0.0382019,0
taglia,fascia 2 (~50%),2,Sigma,Equal Split,Similarity-Utilization,CER_3_2_0,CER_4_4_0,5,8,0.0699957,-0.0259186,0
taglia,fascia 2 (~50%),2,Sigma,Equal Split,Tri-level EP,CER_3_2_0,CER_4_4_0,5,8,0.0597782,-0.0388485,0
taglia,fascia 2 (~50%),2,Sigma,Proportional to Consumption,Remuneration Model 1,CER_3_2_0,CER_4_4_0,5,8,-0.0848404,0.0250475,0
taglia,fascia 2 (~50%),2,Sigma,Proportional to Consumption,Weighted Solidarity,CER_3_2_0,CER_4_4_0,5,8,-0.011672,0.0711021,0
taglia,fascia 2 (~50%),2,Sigma,Proportional to Consumption,Adaptive Sampling Shapley,CER_3_2_0,CER_4_4_0,5,8,-0.0693325,0.000926084,0
taglia,fascia 2 (~50%),2,Sigma,Proportional to Consumption,Adaptive Sampling Shapley,CER_4_4_0,CER_5_5_0,8,10,0.000926084,-0.00245357,0
taglia,fascia 2 (~50%),2,Sigma,Proportional to Consumption,Adaptive Sampling Shapley,CER_5_5_0,CER_7_8_0,10,15,-0.00245357,0.00177788,0
taglia,fascia 2 (~50%),2,Sigma,Proportional to Consumption,Adaptive Sampling Shapley,CER_7_8_0,CER_9_9_0,15,18,0.00177788,-0.00059949,0
taglia,fascia 2 (~50%),2,Sigma,Remuneration Model 1,Pearson Key,CER_3_2_0,CER_4_4_0,5,8,0.0986367,-0.0149212,0
taglia,fascia 2 (~50%),2,Sigma,Remuneration Model 1,Pearson-Sharing Rate,CER_3_2_0,CER_4_4_0,5,8,0.0983633,-0.0152636,0
taglia,fascia 2 (~50%),2,Sigma,Remuneration Model 1,Similarity-Utilization,CER_3_2_0,CER_4_4_0,5,8,0.10674,-0.00298025,0
taglia,fascia 2 (~50%),2,Sigma,Remuneration Model 1,Similarity-Utilization,CER_4_4_0,CER_5_5_0,8,10,-0.00298025,0.00188068,0
taglia,fascia 2 (~50%),2,Sigma,Remuneration Model 1,Similarity-Utilization,CER_5_5_0,CER_7_8_0,10,15,0.00188068,-0.00890827,0
taglia,fascia 2 (~50%),2,Sigma,Remuneration Model 1,Adaptive Sampling Shapley,CER_3_2_0,CER_4_4_0,5,8,0.0155079,-0.0241214,0
taglia,fascia 2 (~50%),2,Sigma,Remuneration Model 1,Tri-level EP,CER_3_2_0,CER_4_4_0,5,8,0.0965229,-0.0159101,0
taglia,fascia 2 (~50%),2,Sigma,Cascading Tree,Pearson Key,CER_3_2_0,CER_4_4_0,5,8,0.00422846,-0.0702016,0
taglia,fascia 2 (~50%),2,Sigma,Cascading Tree,Pearson-Sharing Rate,CER_3_2_0,CER_4_4_0,5,8,0.00395512,-0.070544,0
taglia,fascia 2 (~50%),2,Sigma,Cascading Tree,Similarity-Utilization,CER_3_2_0,CER_4_4_0,5,8,0.0123322,-0.0582607,0
taglia,fascia 2 (~50%),2,Sigma,Cascading Tree,Tri-level EP,CER_3_2_0,CER_4_4_0,5,8,0.00211474,-0.0711905,0
taglia,fascia 2 (~50%),2,Sigma,Weighted Solidarity,Pearson Key,CER_3_2_0,CER_4_4_0,5,8,0.0254683,-0.0609758,0
taglia,fascia 2 (~50%),2,Sigma,Weighted Solidarity,Pearson-Sharing Rate,CER_3_2_0,CER_4_4_0,5,8,0.0251949,-0.0613182,0
taglia,fascia 2 (~50%),2,Sigma,Weighted Solidarity,Similarity-Utilization,CER_3_2_0,CER_4_4_0,5,8,0.033572,-0.0490348,0
taglia,fascia 2 (~50%),2,Sigma,Weighted Solidarity,Tri-level EP,CER_3_2_0,CER_4_4_0,5,8,0.0233545,-0.0619647,0
taglia,fascia 2 (~50%),2,Sigma,Pearson-Sharing Rate,Tri-level EP,CER_10_10_0,CER_12_13_0,20,25,-7.54575e-05,5.14035e-05,0
taglia,fascia 2 (~50%),2,EccessoMax_EUR,Equal Split,Similarity-Utilization,CER_3_2_0,CER_4_4_0,5,8,0.362327,-22.622,0
taglia,fascia 2 (~50%),2,EccessoMax_EUR,Proportional to Consumption,Remuneration Model 1,CER_3_2_0,CER_4_4_0,5,8,-0.702769,25.5829,0
taglia,fascia 2 (~50%),2,EccessoMax_EUR,Proportional to Consumption,Pearson Key,CER_4_4_0,CER_5_5_0,8,10,-1.23173,0.909629,0
taglia,fascia 2 (~50%),2,EccessoMax_EUR,Proportional to Consumption,Pearson-Sharing Rate,CER_4_4_0,CER_5_5_0,8,10,-1.76327,0.182037,0
taglia,fascia 2 (~50%),2,EccessoMax_EUR,Proportional to Consumption,Pearson-Sharing Rate,CER_5_5_0,CER_7_8_0,10,15,0.182037,-0.113477,0
taglia,fascia 2 (~50%),2,EccessoMax_EUR,Proportional to Consumption,Pearson-Sharing Rate,CER_7_8_0,CER_9_9_0,15,18,-0.113477,3.48818,0
taglia,fascia 2 (~50%),2,EccessoMax_EUR,Proportional to Consumption,Adaptive Sampling Shapley,CER_5_5_0,CER_7_8_0,10,15,3.56024,-4.63573,0
taglia,fascia 2 (~50%),2,EccessoMax_EUR,Proportional to Consumption,Tri-level EP,CER_7_8_0,CER_9_9_0,15,18,-2.4902,1.36707,0
taglia,fascia 2 (~50%),2,EccessoMax_EUR,Remuneration Model 1,Similarity-Utilization,CER_3_2_0,CER_4_4_0,5,8,15.4296,-1.98344,0
taglia,fascia 2 (~50%),2,EccessoMax_EUR,Remuneration Model 1,Similarity-Utilization,CER_4_4_0,CER_5_5_0,8,10,-1.98344,12.3686,0
taglia,fascia 2 (~50%),2,EccessoMax_EUR,Remuneration Model 1,Similarity-Utilization,CER_5_5_0,CER_7_8_0,10,15,12.3686,-7.61793,0
taglia,fascia 2 (~50%),2,EccessoMax_EUR,Remuneration Model 1,Similarity-Utilization,CER_7_8_0,CER_9_9_0,15,18,-7.61793,7.85808,0
taglia,fascia 2 (~50%),2,EccessoMax_EUR,Remuneration Model 1,Adaptive Sampling Shapley,CER_3_2_0,CER_4_4_0,5,8,4.78564,-20.5379,0
taglia,fascia 2 (~50%),2,EccessoMax_EUR,Pearson Key,Adaptive Sampling Shapley,CER_5_5_0,CER_7_8_0,10,15,2.65061,-6.16784,0
taglia,fascia 2 (~50%),2,EccessoMax_EUR,Pearson-Sharing Rate,Adaptive Sampling Shapley,CER_5_5_0,CER_7_8_0,10,15,3.3782,-4.52226,0
taglia,fascia 2 (~50%),2,EccessoMax_EUR,Marginal Contribution,Stratified Expected Value,CER_5_5_0,CER_7_8_0,10,15,-1.16948,0.343205,0
taglia,fascia 2 (~50%),2,EccessoMax_EUR,Adaptive Sampling Shapley,Tri-level EP,CER_5_5_0,CER_7_8_0,10,15,-4.88063,2.14553,0
taglia,fascia 2 (~50%),2,CoalizioniInstabili,Equal Split,Proportional to Consumption,CER_3_2_0,CER_4_4_0,5,8,5,-21,0
taglia,fascia 2 (~50%),2,CoalizioniInstabili,Equal Split,Pearson Key,CER_3_2_0,CER_5_5_0,5,10,8,-14,1
taglia,fascia 2 (~50%),2,CoalizioniInstabili,Equal Split,Pearson-Sharing Rate,CER_3_2_0,CER_5_5_0,5,10,9,-17,1
taglia,fascia 2 (~50%),2,CoalizioniInstabili,Equal Split,Similarity-Utilization,CER_4_4_0,CER_5_5_0,8,10,3,-39,0
taglia,fascia 2 (~50%),2,CoalizioniInstabili,Equal Split,Tri-level EP,CER_3_2_0,CER_4_4_0,5,8,8,-3,0
taglia,fascia 2 (~50%),2,CoalizioniInstabili,Proportional to Consumption,Remuneration Model 1,CER_3_2_0,CER_5_5_0,5,10,-5,39,1
taglia,fascia 2 (~50%),2,CoalizioniInstabili,Proportional to Consumption,Cascading Tree,CER_3_2_0,CER_4_4_0,5,8,-5,26,0
taglia,fascia 2 (~50%),2,CoalizioniInstabili,Proportional to Consumption,Weighted Solidarity,CER_3_2_0,CER_4_4_0,5,8,-4,26,0
taglia,fascia 2 (~50%),2,CoalizioniInstabili,Proportional to Consumption,Similarity-Utilization,CER_3_2_0,CER_4_4_0,5,8,-2,24,0
taglia,fascia 2 (~50%),2,CoalizioniInstabili,Remuneration Model 1,Pearson Key,CER_5_5_0,CER_7_8_0,10,15,68,-1815,0
taglia,fascia 2 (~50%),2,CoalizioniInstabili,Remuneration Model 1,Pearson-Sharing Rate,CER_5_5_0,CER_7_8_0,10,15,65,-1829,0
taglia,fascia 2 (~50%),2,CoalizioniInstabili,Remuneration Model 1,Similarity-Utilization,CER_5_5_0,CER_7_8_0,10,15,43,-1703,0
taglia,fascia 2 (~50%),2,CoalizioniInstabili,Remuneration Model 1,Tri-level EP,CER_5_5_0,CER_7_8_0,10,15,59,-2077,0
taglia,fascia 2 (~50%),2,CoalizioniInstabili,Cascading Tree,Weighted Solidarity,CER_3_2_0,CER_5_5_0,5,10,1,-15,1
taglia,fascia 2 (~50%),2,CoalizioniInstabili,Cascading Tree,Pearson Key,CER_3_2_0,CER_4_4_0,5,8,8,-5,0
taglia,fascia 2 (~50%),2,CoalizioniInstabili,Cascading Tree,Pearson-Sharing Rate,CER_3_2_0,CER_4_4_0,5,8,9,-5,0
taglia,fascia 2 (~50%),2,CoalizioniInstabili,Cascading Tree,Similarity-Utilization,CER_3_2_0,CER_4_4_0,5,8,3,-2,0
taglia,fascia 2 (~50%),2,CoalizioniInstabili,Cascading Tree,Tri-level EP,CER_3_2_0,CER_4_4_0,5,8,8,-8,0
taglia,fascia 2 (~50%),2,CoalizioniInstabili,Weighted Solidarity,Pearson Key,CER_3_2_0,CER_4_4_0,5,8,7,-5,0
taglia,fascia 2 (~50%),2,CoalizioniInstabili,Weighted Solidarity,Pearson-Sharing Rate,CER_3_2_0,CER_4_4_0,5,8,8,-5,0
taglia,fascia 2 (~50%),2,CoalizioniInstabili,Weighted Solidarity,Similarity-Utilization,CER_3_2_0,CER_4_4_0,5,8,2,-2,0
taglia,fascia 2 (~50%),2,CoalizioniInstabili,Weighted Solidarity,Tri-level EP,CER_3_2_0,CER_4_4_0,5,8,7,-8,0
taglia,fascia 2 (~50%),2,CoalizioniInstabili,Pearson Key,Pearson-Sharing Rate,CER_3_2_0,CER_5_5_0,5,10,1,-3,1
taglia,fascia 2 (~50%),2,CoalizioniInstabili,Pearson Key,Similarity-Utilization,CER_3_2_0,CER_4_4_0,5,8,-5,3,0
taglia,fascia 2 (~50%),2,CoalizioniInstabili,Pearson Key,Similarity-Utilization,CER_4_4_0,CER_5_5_0,8,10,3,-25,0
taglia,fascia 2 (~50%),2,CoalizioniInstabili,Pearson Key,Similarity-Utilization,CER_5_5_0,CER_7_8_0,10,15,-25,112,0
taglia,fascia 2 (~50%),2,CoalizioniInstabili,Pearson Key,Similarity-Utilization,CER_7_8_0,CER_9_9_0,15,18,112,-2817,0
taglia,fascia 2 (~50%),2,CoalizioniInstabili,Pearson-Sharing Rate,Similarity-Utilization,CER_3_2_0,CER_4_4_0,5,8,-6,3,0
taglia,fascia 2 (~50%),2,CoalizioniInstabili,Pearson-Sharing Rate,Similarity-Utilization,CER_4_4_0,CER_5_5_0,8,10,3,-22,0
taglia,fascia 2 (~50%),2,CoalizioniInstabili,Pearson-Sharing Rate,Similarity-Utilization,CER_5_5_0,CER_7_8_0,10,15,-22,126,0
taglia,fascia 2 (~50%),2,CoalizioniInstabili,Pearson-Sharing Rate,Similarity-Utilization,CER_7_8_0,CER_9_9_0,15,18,126,-2469,0
taglia,fascia 2 (~50%),2,CoalizioniInstabili,Similarity-Utilization,Tri-level EP,CER_3_2_0,CER_4_4_0,5,8,5,-6,0
taglia,fascia 2 (~50%),2,CoalizioniInstabili,Similarity-Utilization,Tri-level EP,CER_4_4_0,CER_5_5_0,8,10,-6,16,0
taglia,fascia 2 (~50%),2,CoalizioniInstabili,Similarity-Utilization,Tri-level EP,CER_5_5_0,CER_7_8_0,10,15,16,-374,0
taglia,fascia 2 (~50%),2,CoalizioniInstabili,Similarity-Utilization,Tri-level EP,CER_7_8_0,CER_9_9_0,15,18,-374,807,0
taglia,fascia 2 (~50%),2,CoalizioniInstabili,Marginal Contribution,Stratified Expected Value,CER_5_5_0,CER_7_8_0,10,15,-3,2,0
taglia,fascia 2 (~50%),2,ForzaIncentivante,Variance Least Core,Stratified Expected Value,CER_3_2_0,CER_4_4_0,5,8,0.0186604,-0.00334709,0
taglia,fascia 2 (~50%),2,ForzaIncentivante,Variance Least Core,Stratified Expected Value,CER_4_4_0,CER_5_5_0,8,10,-0.00334709,0.00125684,0
taglia,fascia 2 (~50%),2,ForzaIncentivante,Variance Least Core,Stratified Expected Value,CER_5_5_0,CER_7_8_0,10,15,0.00125684,-0.00611234,0
taglia,fascia 2 (~50%),2,ForzaIncentivante,Equal Split,Adaptive Sampling Shapley,CER_3_2_0,CER_4_4_0,5,8,0.0852682,-0.347441,0
taglia,fascia 2 (~50%),2,ForzaIncentivante,Remuneration Model 1,Adaptive Sampling Shapley,CER_3_2_0,CER_4_4_0,5,8,0.157712,-0.192917,0
taglia,fascia 2 (~50%),2,AllineamentoVirtu,Variance Least Core,Proportional to Consumption,CER_3_2_0,CER_4_4_0,5,8,-0.199116,0.012164,0
taglia,fascia 2 (~50%),2,AllineamentoVirtu,Variance Least Core,Stratified Expected Value,CER_3_2_0,CER_4_4_0,5,8,0.0180106,-0.00229173,0
taglia,fascia 2 (~50%),2,AllineamentoVirtu,Equal Split,Adaptive Sampling Shapley,CER_3_2_0,CER_4_4_0,5,8,0.322325,-0.905522,0
taglia,fascia 2 (~50%),2,AllineamentoVirtu,Proportional to Consumption,Marginal Contribution,CER_3_2_0,CER_4_4_0,5,8,0.442834,-0.0039351,0
taglia,fascia 2 (~50%),2,AllineamentoVirtu,Proportional to Consumption,Marginal Contribution,CER_4_4_0,CER_5_5_0,8,10,-0.0039351,0.00460314,0
taglia,fascia 2 (~50%),2,AllineamentoVirtu,Proportional to Consumption,Marginal Contribution,CER_5_5_0,CER_7_8_0,10,15,0.00460314,-0.00883538,0
taglia,fascia 2 (~50%),2,AllineamentoVirtu,Proportional to Consumption,Stratified Expected Value,CER_3_2_0,CER_4_4_0,5,8,0.217126,-0.0144557,0
taglia,fascia 2 (~50%),2,AllineamentoVirtu,Proportional to Consumption,Adaptive Sampling Shapley,CER_9_9_0,CER_10_10_0,18,20,0.00523383,-0.00307056,0
taglia,fascia 2 (~50%),2,AllineamentoVirtu,Remuneration Model 1,Adaptive Sampling Shapley,CER_3_2_0,CER_4_4_0,5,8,0.615885,-0.182992,0
taglia,fascia 2 (~50%),2,AllineamentoVirtu,Pearson Key,Pearson-Sharing Rate,CER_3_2_0,CER_4_4_0,5,8,-0.000408441,0.000210111,0
taglia,fascia 2 (~50%),2,ForzaIncentivante_lordo,Variance Least Core,Proportional to Consumption,CER_3_2_0,CER_4_4_0,5,8,-1.99814,1.17785,0
taglia,fascia 2 (~50%),2,ForzaIncentivante_lordo,Variance Least Core,Proportional to Consumption,CER_10_10_0,CER_12_13_0,20,25,0.595755,-0.162203,0
taglia,fascia 2 (~50%),2,ForzaIncentivante_lordo,Variance Least Core,Pearson-Sharing Rate,CER_7_8_0,CER_9_9_0,15,18,-2.23041,0.0263373,0
taglia,fascia 2 (~50%),2,ForzaIncentivante_lordo,Variance Least Core,Pearson-Sharing Rate,CER_9_9_0,CER_10_10_0,18,20,0.0263373,-0.429386,0
taglia,fascia 2 (~50%),2,ForzaIncentivante_lordo,Variance Least Core,Stratified Expected Value,CER_3_2_0,CER_4_4_0,5,8,0.182217,-0.202829,0
taglia,fascia 2 (~50%),2,ForzaIncentivante_lordo,Variance Least Core,Tri-level EP,CER_7_8_0,CER_9_9_0,15,18,-1.78197,0.115681,0
taglia,fascia 2 (~50%),2,ForzaIncentivante_lordo,Variance Least Core,Tri-level EP,CER_9_9_0,CER_10_10_0,18,20,0.115681,-0.39249,0
taglia,fascia 2 (~50%),2,ForzaIncentivante_lordo,Equal Split,Proportional to Consumption,CER_7_8_0,CER_9_9_0,15,18,-6.94936,0.0922928,0
taglia,fascia 2 (~50%),2,ForzaIncentivante_lordo,Equal Split,Proportional to Consumption,CER_9_9_0,CER_10_10_0,18,20,0.0922928,-1.19245,0
taglia,fascia 2 (~50%),2,ForzaIncentivante_lordo,Equal Split,Adaptive Sampling Shapley,CER_3_2_0,CER_4_4_0,5,8,0.48862,-4.78187,0
taglia,fascia 2 (~50%),2,ForzaIncentivante_lordo,Proportional to Consumption,Remuneration Model 1,CER_7_8_0,CER_9_9_0,15,18,5.38474,-0.338418,0
taglia,fascia 2 (~50%),2,ForzaIncentivante_lordo,Proportional to Consumption,Remuneration Model 1,CER_9_9_0,CER_10_10_0,18,20,-0.338418,0.870826,0
taglia,fascia 2 (~50%),2,ForzaIncentivante_lordo,Proportional to Consumption,Marginal Contribution,CER_3_2_0,CER_4_4_0,5,8,3.48252,-0.636892,0
taglia,fascia 2 (~50%),2,ForzaIncentivante_lordo,Proportional to Consumption,Marginal Contribution,CER_10_10_0,CER_12_13_0,20,25,-0.526166,0.209524,0
taglia,fascia 2 (~50%),2,ForzaIncentivante_lordo,Proportional to Consumption,Stratified Expected Value,CER_3_2_0,CER_4_4_0,5,8,2.18035,-1.38067,0
taglia,fascia 2 (~50%),2,ForzaIncentivante_lordo,Proportional to Consumption,Stratified Expected Value,CER_10_10_0,CER_12_13_0,20,25,-0.701138,0.118876,0
taglia,fascia 2 (~50%),2,ForzaIncentivante_lordo,Proportional to Consumption,Adaptive Sampling Shapley,CER_7_8_0,CER_9_9_0,15,18,1.36256,-0.985046,0
taglia,fascia 2 (~50%),2,ForzaIncentivante_lordo,Proportional to Consumption,Adaptive Sampling Shapley,CER_10_10_0,CER_12_13_0,20,25,-0.208678,0.369584,0
taglia,fascia 2 (~50%),2,ForzaIncentivante_lordo,Remuneration Model 1,Adaptive Sampling Shapley,CER_3_2_0,CER_4_4_0,5,8,1.60775,-2.23867,0
taglia,fascia 2 (~50%),2,ForzaIncentivante_lordo,Cascading Tree,Weighted Solidarity,CER_10_10_0,CER_12_13_0,20,25,-0.445996,0.343865,0
taglia,fascia 2 (~50%),2,ForzaIncentivante_lordo,Pearson Key,Stratified Expected Value,CER_7_8_0,CER_9_9_0,15,18,2.02401,-0.0982501,0
taglia,fascia 2 (~50%),2,ForzaIncentivante_lordo,Pearson Key,Stratified Expected Value,CER_9_9_0,CER_10_10_0,18,20,-0.0982501,0.357106,0
taglia,fascia 2 (~50%),2,ForzaIncentivante_lordo,Pearson Key,Tri-level EP,CER_10_10_0,CER_12_13_0,20,25,0.0699979,-0.0418843,0
taglia,fascia 2 (~50%),2,ForzaIncentivante_lordo,Pearson-Sharing Rate,Stratified Expected Value,CER_7_8_0,CER_9_9_0,15,18,1.92175,-0.148235,0
taglia,fascia 2 (~50%),2,ForzaIncentivante_lordo,Pearson-Sharing Rate,Stratified Expected Value,CER_9_9_0,CER_10_10_0,18,20,-0.148235,0.324004,0
taglia,fascia 2 (~50%),2,ForzaIncentivante_lordo,Pearson-Sharing Rate,Tri-level EP,CER_10_10_0,CER_12_13_0,20,25,0.0368956,-0.0528021,0
taglia,fascia 2 (~50%),2,ForzaIncentivante_lordo,Marginal Contribution,Tri-level EP,CER_7_8_0,CER_9_9_0,15,18,-2.13241,0.0788679,0
taglia,fascia 2 (~50%),2,ForzaIncentivante_lordo,Marginal Contribution,Tri-level EP,CER_9_9_0,CER_10_10_0,18,20,0.0788679,-0.462079,0
taglia,fascia 2 (~50%),2,ForzaIncentivante_lordo,Stratified Expected Value,Tri-level EP,CER_7_8_0,CER_9_9_0,15,18,-1.47331,0.237579,0
taglia,fascia 2 (~50%),2,ForzaIncentivante_lordo,Stratified Expected Value,Tri-level EP,CER_9_9_0,CER_10_10_0,18,20,0.237579,-0.287108,0
taglia,fascia 2 (~50%),2,AllineamentoVirtu_lordo,Variance Least Core,Proportional to Consumption,CER_10_10_0,CER_12_13_0,20,25,0.0565421,-0.0114856,0
taglia,fascia 2 (~50%),2,AllineamentoVirtu_lordo,Variance Least Core,Pearson Key,CER_3_2_0,CER_4_4_0,5,8,-0.0555363,0.0590198,0
taglia,fascia 2 (~50%),2,AllineamentoVirtu_lordo,Variance Least Core,Pearson Key,CER_5_5_0,CER_7_8_0,10,15,0.011687,-0.00865594,0
taglia,fascia 2 (~50%),2,AllineamentoVirtu_lordo,Variance Least Core,Pearson Key,CER_7_8_0,CER_9_9_0,15,18,-0.00865594,0.0177492,0
taglia,fascia 2 (~50%),2,AllineamentoVirtu_lordo,Variance Least Core,Pearson Key,CER_10_10_0,CER_12_13_0,20,25,0.00575918,-0.0202213,0
taglia,fascia 2 (~50%),2,AllineamentoVirtu_lordo,Variance Least Core,Pearson-Sharing Rate,CER_3_2_0,CER_4_4_0,5,8,-0.0556822,0.0603988,0
taglia,fascia 2 (~50%),2,AllineamentoVirtu_lordo,Variance Least Core,Pearson-Sharing Rate,CER_5_5_0,CER_7_8_0,10,15,0.0135134,-0.00600396,0
taglia,fascia 2 (~50%),2,AllineamentoVirtu_lordo,Variance Least Core,Pearson-Sharing Rate,CER_7_8_0,CER_9_9_0,15,18,-0.00600396,0.0202576,0
taglia,fascia 2 (~50%),2,AllineamentoVirtu_lordo,Variance Least Core,Pearson-Sharing Rate,CER_10_10_0,CER_12_13_0,20,25,0.00742539,-0.0196843,0
taglia,fascia 2 (~50%),2,AllineamentoVirtu_lordo,Variance Least Core,Marginal Contribution,CER_3_2_0,CER_4_4_0,5,8,0.172309,-0.0100749,0
taglia,fascia 2 (~50%),2,AllineamentoVirtu_lordo,Variance Least Core,Marginal Contribution,CER_5_5_0,CER_7_8_0,10,15,-0.000354133,0.00144815,0
taglia,fascia 2 (~50%),2,AllineamentoVirtu_lordo,Variance Least Core,Marginal Contribution,CER_7_8_0,CER_9_9_0,15,18,0.00144815,-4.40899e-05,0
taglia,fascia 2 (~50%),2,AllineamentoVirtu_lordo,Variance Least Core,Marginal Contribution,CER_9_9_0,CER_10_10_0,18,20,-4.40899e-05,0.0019431,0
taglia,fascia 2 (~50%),2,AllineamentoVirtu_lordo,Variance Least Core,Stratified Expected Value,CER_3_2_0,CER_4_4_0,5,8,0.00829947,-0.0126972,0
taglia,fascia 2 (~50%),2,AllineamentoVirtu_lordo,Variance Least Core,Adaptive Sampling Shapley,CER_3_2_0,CER_4_4_0,5,8,0.935049,-0.0121307,0
taglia,fascia 2 (~50%),2,AllineamentoVirtu_lordo,Variance Least Core,Adaptive Sampling Shapley,CER_4_4_0,CER_5_5_0,8,10,-0.0121307,0.0245422,0
taglia,fascia 2 (~50%),2,AllineamentoVirtu_lordo,Variance Least Core,Adaptive Sampling Shapley,CER_7_8_0,CER_9_9_0,15,18,0.0195766,-0.00672303,0
taglia,fascia 2 (~50%),2,AllineamentoVirtu_lordo,Variance Least Core,Tri-level EP,CER_3_2_0,CER_4_4_0,5,8,-0.0371283,0.0756051,0
taglia,fascia 2 (~50%),2,AllineamentoVirtu_lordo,Variance Least Core,Tri-level EP,CER_10_10_0,CER_12_13_0,20,25,0.00878684,-0.0261476,0
taglia,fascia 2 (~50%),2,AllineamentoVirtu_lordo,Equal Split,Proportional to Consumption,CER_7_8_0,CER_9_9_0,15,18,-0.344884,0.00608245,0
taglia,fascia 2 (~50%),2,AllineamentoVirtu_lordo,Equal Split,Proportional to Consumption,CER_9_9_0,CER_10_10_0,18,20,0.00608245,-0.097883,0
taglia,fascia 2 (~50%),2,AllineamentoVirtu_lordo,Equal Split,Adaptive Sampling Shapley,CER_3_2_0,CER_4_4_0,5,8,0.148674,-0.626488,0
taglia,fascia 2 (~50%),2,AllineamentoVirtu_lordo,Proportional to Consumption,Remuneration Model 1,CER_3_2_0,CER_4_4_0,5,8,0.353988,-0.141247,0
taglia,fascia 2 (~50%),2,AllineamentoVirtu_lordo,Proportional to Consumption,Remuneration Model 1,CER_4_4_0,CER_5_5_0,8,10,-0.141247,0.0673485,0
taglia,fascia 2 (~50%),2,AllineamentoVirtu_lordo,Proportional to Consumption,Remuneration Model 1,CER_7_8_0,CER_9_9_0,15,18,0.111497,-0.0573829,0
taglia,fascia 2 (~50%),2,AllineamentoVirtu_lordo,Proportional to Consumption,Remuneration Model 1,CER_9_9_0,CER_10_10_0,18,20,-0.0573829,0.0150658,0
taglia,fascia 2 (~50%),2,AllineamentoVirtu_lordo,Proportional to Consumption,Marginal Contribution,CER_3_2_0,CER_4_4_0,5,8,0.104956,-0.167906,0
taglia,fascia 2 (~50%),2,AllineamentoVirtu_lordo,Proportional to Consumption,Marginal Contribution,CER_10_10_0,CER_12_13_0,20,25,-0.054599,0.0144526,0
taglia,fascia 2 (~50%),2,AllineamentoVirtu_lordo,Proportional to Consumption,Stratified Expected Value,CER_10_10_0,CER_12_13_0,20,25,-0.0631821,0.00908861,0
taglia,fascia 2 (~50%),2,AllineamentoVirtu_lordo,Proportional to Consumption,Adaptive Sampling Shapley,CER_3_2_0,CER_4_4_0,5,8,0.867697,-0.169962,0
taglia,fascia 2 (~50%),2,AllineamentoVirtu_lordo,Proportional to Consumption,Adaptive Sampling Shapley,CER_10_10_0,CER_12_13_0,20,25,-0.0583567,0.00770583,0
taglia,fascia 2 (~50%),2,AllineamentoVirtu_lordo,Remuneration Model 1,Pearson Key,CER_3_2_0,CER_4_4_0,5,8,-0.476877,0.0424362,0
taglia,fascia 2 (~50%),2,AllineamentoVirtu_lordo,Remuneration Model 1,Pearson Key,CER_4_4_0,CER_5_5_0,8,10,0.0424362,-0.171142,0
taglia,fascia 2 (~50%),2,AllineamentoVirtu_lordo,Remuneration Model 1,Pearson-Sharing Rate,CER_3_2_0,CER_4_4_0,5,8,-0.477023,0.0438152,0
taglia,fascia 2 (~50%),2,AllineamentoVirtu_lordo,Remuneration Model 1,Pearson-Sharing Rate,CER_4_4_0,CER_5_5_0,8,10,0.0438152,-0.169316,0
taglia,fascia 2 (~50%),2,AllineamentoVirtu_lordo,Remuneration Model 1,Adaptive Sampling Shapley,CER_3_2_0,CER_4_4_0,5,8,0.513709,-0.0287144,0
taglia,fascia 2 (~50%),2,AllineamentoVirtu_lordo,Remuneration Model 1,Tri-level EP,CER_3_2_0,CER_4_4_0,5,8,-0.458469,0.0590215,0
taglia,fascia 2 (~50%),2,AllineamentoVirtu_lordo,Remuneration Model 1,Tri-level EP,CER_4_4_0,CER_5_5_0,8,10,0.0590215,-0.148191,0
taglia,fascia 2 (~50%),2,AllineamentoVirtu_lordo,Cascading Tree,Weighted Solidarity,CER_10_10_0,CER_12_13_0,20,25,-0.13606,0.0293353,0
taglia,fascia 2 (~50%),2,AllineamentoVirtu_lordo,Pearson Key,Pearson-Sharing Rate,CER_3_2_0,CER_4_4_0,5,8,-0.000145884,0.00137898,0
taglia,fascia 2 (~50%),2,AllineamentoVirtu_lordo,Pearson Key,Marginal Contribution,CER_3_2_0,CER_4_4_0,5,8,0.227845,-0.0690948,0
taglia,fascia 2 (~50%),2,AllineamentoVirtu_lordo,Pearson Key,Marginal Contribution,CER_5_5_0,CER_7_8_0,10,15,-0.0120411,0.0101041,0
taglia,fascia 2 (~50%),2,AllineamentoVirtu_lordo,Pearson Key,Marginal Contribution,CER_7_8_0,CER_9_9_0,15,18,0.0101041,-0.0177933,0
taglia,fascia 2 (~50%),2,AllineamentoVirtu_lordo,Pearson Key,Marginal Contribution,CER_10_10_0,CER_12_13_0,20,25,-0.00381608,0.0231883,0
taglia,fascia 2 (~50%),2,AllineamentoVirtu_lordo,Pearson Key,Stratified Expected Value,CER_3_2_0,CER_4_4_0,5,8,0.0638358,-0.071717,0
taglia,fascia 2 (~50%),2,AllineamentoVirtu_lordo,Pearson Key,Stratified Expected Value,CER_10_10_0,CER_12_13_0,20,25,-0.0123992,0.0178244,0
taglia,fascia 2 (~50%),2,AllineamentoVirtu_lordo,Pearson Key,Adaptive Sampling Shapley,CER_3_2_0,CER_4_4_0,5,8,0.990586,-0.0711506,0
taglia,fascia 2 (~50%),2,AllineamentoVirtu_lordo,Pearson Key,Adaptive Sampling Shapley,CER_4_4_0,CER_5_5_0,8,10,-0.0711506,0.0128552,0
taglia,fascia 2 (~50%),2,AllineamentoVirtu_lordo,Pearson Key,Adaptive Sampling Shapley,CER_7_8_0,CER_9_9_0,15,18,0.0282325,-0.0244722,0
taglia,fascia 2 (~50%),2,AllineamentoVirtu_lordo,Pearson Key,Adaptive Sampling Shapley,CER_10_10_0,CER_12_13_0,20,25,-0.00757384,0.0164416,0
taglia,fascia 2 (~50%),2,AllineamentoVirtu_lordo,Pearson Key,Tri-level EP,CER_10_10_0,CER_12_13_0,20,25,0.00302766,-0.00592627,0
taglia,fascia 2 (~50%),2,AllineamentoVirtu_lordo,Pearson-Sharing Rate,Marginal Contribution,CER_3_2_0,CER_4_4_0,5,8,0.227991,-0.0704738,0
taglia,fascia 2 (~50%),2,AllineamentoVirtu_lordo,Pearson-Sharing Rate,Marginal Contribution,CER_5_5_0,CER_7_8_0,10,15,-0.0138675,0.00745211,0
taglia,fascia 2 (~50%),2,AllineamentoVirtu_lordo,Pearson-Sharing Rate,Marginal Contribution,CER_7_8_0,CER_9_9_0,15,18,0.00745211,-0.0203017,0
taglia,fascia 2 (~50%),2,AllineamentoVirtu_lordo,Pearson-Sharing Rate,Marginal Contribution,CER_10_10_0,CER_12_13_0,20,25,-0.00548229,0.0226513,0
taglia,fascia 2 (~50%),2,AllineamentoVirtu_lordo,Pearson-Sharing Rate,Stratified Expected Value,CER_3_2_0,CER_4_4_0,5,8,0.0639817,-0.073096,0
taglia,fascia 2 (~50%),2,AllineamentoVirtu_lordo,Pearson-Sharing Rate,Stratified Expected Value,CER_10_10_0,CER_12_13_0,20,25,-0.0140654,0.0172873,0
taglia,fascia 2 (~50%),2,AllineamentoVirtu_lordo,Pearson-Sharing Rate,Adaptive Sampling Shapley,CER_3_2_0,CER_4_4_0,5,8,0.990732,-0.0725296,0
taglia,fascia 2 (~50%),2,AllineamentoVirtu_lordo,Pearson-Sharing Rate,Adaptive Sampling Shapley,CER_4_4_0,CER_5_5_0,8,10,-0.0725296,0.0110288,0
taglia,fascia 2 (~50%),2,AllineamentoVirtu_lordo,Pearson-Sharing Rate,Adaptive Sampling Shapley,CER_7_8_0,CER_9_9_0,15,18,0.0255805,-0.0269806,0
taglia,fascia 2 (~50%),2,AllineamentoVirtu_lordo,Pearson-Sharing Rate,Adaptive Sampling Shapley,CER_10_10_0,CER_12_13_0,20,25,-0.00924004,0.0159045,0
taglia,fascia 2 (~50%),2,AllineamentoVirtu_lordo,Pearson-Sharing Rate,Tri-level EP,CER_10_10_0,CER_12_13_0,20,25,0.00136146,-0.00646329,0
taglia,fascia 2 (~50%),2,AllineamentoVirtu_lordo,Marginal Contribution,Adaptive Sampling Shapley,CER_3_2_0,CER_4_4_0,5,8,0.76274,-0.00205582,0
taglia,fascia 2 (~50%),2,AllineamentoVirtu_lordo,Marginal Contribution,Adaptive Sampling Shapley,CER_4_4_0,CER_5_5_0,8,10,-0.00205582,0.0248963,0
taglia,fascia 2 (~50%),2,AllineamentoVirtu_lordo,Marginal Contribution,Adaptive Sampling Shapley,CER_7_8_0,CER_9_9_0,15,18,0.0181284,-0.00667894,0
taglia,fascia 2 (~50%),2,AllineamentoVirtu_lordo,Marginal Contribution,Tri-level EP,CER_3_2_0,CER_4_4_0,5,8,-0.209437,0.0856801,0
taglia,fascia 2 (~50%),2,AllineamentoVirtu_lordo,Marginal Contribution,Tri-level EP,CER_10_10_0,CER_12_13_0,20,25,0.00684374,-0.0291146,0
taglia,fascia 2 (~50%),2,AllineamentoVirtu_lordo,Stratified Expected Value,Adaptive Sampling Shapley,CER_10_10_0,CER_12_13_0,20,25,0.00482534,-0.00138279,0
taglia,fascia 2 (~50%),2,AllineamentoVirtu_lordo,Stratified Expected Value,Tri-level EP,CER_3_2_0,CER_4_4_0,5,8,-0.0454278,0.0883023,0
taglia,fascia 2 (~50%),2,AllineamentoVirtu_lordo,Stratified Expected Value,Tri-level EP,CER_10_10_0,CER_12_13_0,20,25,0.0154268,-0.0237506,0
taglia,fascia 2 (~50%),2,AllineamentoVirtu_lordo,Adaptive Sampling Shapley,Tri-level EP,CER_3_2_0,CER_4_4_0,5,8,-0.972178,0.0877359,0
taglia,fascia 2 (~50%),2,AllineamentoVirtu_lordo,Adaptive Sampling Shapley,Tri-level EP,CER_5_5_0,CER_7_8_0,10,15,0.0100962,-0.0112408,0
taglia,fascia 2 (~50%),2,AllineamentoVirtu_lordo,Adaptive Sampling Shapley,Tri-level EP,CER_7_8_0,CER_9_9_0,15,18,-0.0112408,0.0313581,0
taglia,fascia 2 (~50%),2,AllineamentoVirtu_lordo,Adaptive Sampling Shapley,Tri-level EP,CER_10_10_0,CER_12_13_0,20,25,0.0106015,-0.0223678,0
taglia,fascia 3 (~75%),3,MinMax_con,Variance Least Core,Equal Split,CER_2_3_0,CER_2_6_0,5,8,-0.0128026,0.000760292,0
taglia,fascia 3 (~75%),3,MinMax_con,Variance Least Core,Equal Split,CER_2_6_0,CER_2_8_0,8,10,0.000760292,-0.0183955,0
taglia,fascia 3 (~75%),3,MinMax_con,Variance Least Core,Proportional to Consumption,CER_2_6_0,CER_2_8_0,8,10,0.000540973,-0.00430697,0
taglia,fascia 3 (~75%),3,MinMax_con,Variance Least Core,Remuneration Model 1,CER_2_3_0,CER_2_6_0,5,8,-0.00110054,0.000389708,0
taglia,fascia 3 (~75%),3,MinMax_con,Variance Least Core,Remuneration Model 1,CER_2_6_0,CER_2_8_0,8,10,0.000389708,-0.00893626,0
taglia,fascia 3 (~75%),3,MinMax_con,Variance Least Core,Cascading Tree,CER_2_3_0,CER_2_6_0,5,8,-0.00711505,0.00114741,0
taglia,fascia 3 (~75%),3,MinMax_con,Variance Least Core,Cascading Tree,CER_2_6_0,CER_2_8_0,8,10,0.00114741,-0.0142654,0
taglia,fascia 3 (~75%),3,MinMax_con,Variance Least Core,Weighted Solidarity,CER_2_3_0,CER_2_6_0,5,8,-0.045371,0.00044513,0
taglia,fascia 3 (~75%),3,MinMax_con,Variance Least Core,Weighted Solidarity,CER_2_6_0,CER_2_8_0,8,10,0.00044513,-0.0309852,0
taglia,fascia 3 (~75%),3,MinMax_con,Variance Least Core,Pearson Key,CER_2_3_0,CER_2_6_0,5,8,0.000753586,-1.1113e-05,0
taglia,fascia 3 (~75%),3,MinMax_con,Variance Least Core,Pearson Key,CER_2_6_0,CER_2_8_0,8,10,-1.1113e-05,5.47799e-05,0
taglia,fascia 3 (~75%),3,MinMax_con,Variance Least Core,Pearson Key,CER_2_8_0,CER_4_11_0,10,15,5.47799e-05,-7.97203e-05,0
taglia,fascia 3 (~75%),3,MinMax_con,Variance Least Core,Pearson-Sharing Rate,CER_2_3_0,CER_2_6_0,5,8,0.000618896,-7.23149e-05,0
taglia,fascia 3 (~75%),3,MinMax_con,Variance Least Core,Pearson-Sharing Rate,CER_2_6_0,CER_2_8_0,8,10,-7.23149e-05,2.81881e-05,0
taglia,fascia 3 (~75%),3,MinMax_con,Variance Least Core,Pearson-Sharing Rate,CER_2_8_0,CER_4_11_0,10,15,2.81881e-05,-4.87896e-05,0
taglia,fascia 3 (~75%),3,MinMax_con,Variance Least Core,Marginal Contribution,CER_2_3_0,CER_2_6_0,5,8,0.00101873,-6.46029e-05,0
taglia,fascia 3 (~75%),3,MinMax_con,Variance Least Core,Stratified Expected Value,CER_2_8_0,CER_4_11_0,10,15,5.51662e-05,-0.000223937,0
taglia,fascia 3 (~75%),3,MinMax_con,Variance Least Core,Adaptive Sampling Shapley,CER_2_3_0,CER_2_6_0,5,8,-0.000930274,5.30031e-05,0
taglia,fascia 3 (~75%),3,MinMax_con,Variance Least Core,Adaptive Sampling Shapley,CER_2_6_0,CER_2_8_0,8,10,5.30031e-05,-0.00240073,0
taglia,fascia 3 (~75%),3,MinMax_con,Variance Least Core,Tri-level EP,CER_2_6_0,CER_2_8_0,8,10,1.9674e-05,-3.79096e-05,0
taglia,fascia 3 (~75%),3,MinMax_con,Variance Least Core,Tri-level EP,CER_2_8_0,CER_4_11_0,10,15,-3.79096e-05,0.000186662,0
taglia,fascia 3 (~75%),3,MinMax_con,Variance Least Core,Tri-level EP,CER_4_11_0,CER_4_14_0,15,18,0.000186662,-1.13505e-05,0
taglia,fascia 3 (~75%),3,MinMax_con,Variance Least Core,Tri-level EP,CER_4_14_0,CER_5_15_0,18,20,-1.13505e-05,3.91095e-05,0
taglia,fascia 3 (~75%),3,MinMax_con,Variance Least Core,Tri-level EP,CER_5_15_0,CER_6_19_0,20,25,3.91095e-05,-2.92896e-05,0
taglia,fascia 3 (~75%),3,MinMax_con,Equal Split,Proportional to Consumption,CER_2_3_0,CER_2_6_0,5,8,0.0129358,-0.000219319,0
taglia,fascia 3 (~75%),3,MinMax_con,Equal Split,Proportional to Consumption,CER_2_6_0,CER_2_8_0,8,10,-0.000219319,0.0140886,0
taglia,fascia 3 (~75%),3,MinMax_con,Equal Split,Remuneration Model 1,CER_2_3_0,CER_2_6_0,5,8,0.011702,-0.000370585,0
taglia,fascia 3 (~75%),3,MinMax_con,Equal Split,Remuneration Model 1,CER_2_6_0,CER_2_8_0,8,10,-0.000370585,0.00945927,0
taglia,fascia 3 (~75%),3,MinMax_con,Equal Split,Pearson Key,CER_2_3_0,CER_2_6_0,5,8,0.0135562,-0.000771405,0
taglia,fascia 3 (~75%),3,MinMax_con,Equal Split,Pearson Key,CER_2_6_0,CER_2_8_0,8,10,-0.000771405,0.0184503,0
taglia,fascia 3 (~75%),3,MinMax_con,Equal Split,Pearson-Sharing Rate,CER_2_3_0,CER_2_6_0,5,8,0.0134215,-0.000832607,0
taglia,fascia 3 (~75%),3,MinMax_con,Equal Split,Pearson-Sharing Rate,CER_2_6_0,CER_2_8_0,8,10,-0.000832607,0.0184237,0
taglia,fascia 3 (~75%),3,MinMax_con,Equal Split,Similarity-Utilization,CER_2_3_0,CER_2_6_0,5,8,0.000397689,-0.000892588,0
taglia,fascia 3 (~75%),3,MinMax_con,Equal Split,Similarity-Utilization,CER_2_6_0,CER_2_8_0,8,10,-0.000892588,0.0144301,0
taglia,fascia 3 (~75%),3,MinMax_con,Equal Split,Marginal Contribution,CER_2_3_0,CER_2_6_0,5,8,0.0138213,-0.000824895,0
taglia,fascia 3 (~75%),3,MinMax_con,Equal Split,Marginal Contribution,CER_2_6_0,CER_2_8_0,8,10,-0.000824895,0.0175931,0
taglia,fascia 3 (~75%),3,MinMax_con,Equal Split,Stratified Expected Value,CER_2_3_0,CER_2_6_0,5,8,0.013504,-0.000741035,0
taglia,fascia 3 (~75%),3,MinMax_con,Equal Split,Stratified Expected Value,CER_2_6_0,CER_2_8_0,8,10,-0.000741035,0.0184507,0
taglia,fascia 3 (~75%),3,MinMax_con,Equal Split,Adaptive Sampling Shapley,CER_2_3_0,CER_2_6_0,5,8,0.0118723,-0.000707289,0
taglia,fascia 3 (~75%),3,MinMax_con,Equal Split,Adaptive Sampling Shapley,CER_2_6_0,CER_2_8_0,8,10,-0.000707289,0.0159948,0
taglia,fascia 3 (~75%),3,MinMax_con,Equal Split,Tri-level EP,CER_2_3_0,CER_2_6_0,5,8,0.013953,-0.000740618,0
taglia,fascia 3 (~75%),3,MinMax_con,Equal Split,Tri-level EP,CER_2_6_0,CER_2_8_0,8,10,-0.000740618,0.0183576,0
taglia,fascia 3 (~75%),3,MinMax_con,Proportional to Consumption,Cascading Tree,CER_2_3_0,CER_2_6_0,5,8,-0.00724831,0.000606437,0
taglia,fascia 3 (~75%),3,MinMax_con,Proportional to Consumption,Cascading Tree,CER_2_6_0,CER_2_8_0,8,10,0.000606437,-0.00995843,0
taglia,fascia 3 (~75%),3,MinMax_con,Proportional to Consumption,Pearson Key,CER_2_3_0,CER_2_6_0,5,8,0.000620329,-0.000552086,0
taglia,fascia 3 (~75%),3,MinMax_con,Proportional to Consumption,Pearson Key,CER_2_6_0,CER_2_8_0,8,10,-0.000552086,0.00436175,0
taglia,fascia 3 (~75%),3,MinMax_con,Proportional to Consumption,Pearson-Sharing Rate,CER_2_3_0,CER_2_6_0,5,8,0.000485638,-0.000613288,0
taglia,fascia 3 (~75%),3,MinMax_con,Proportional to Consumption,Pearson-Sharing Rate,CER_2_6_0,CER_2_8_0,8,10,-0.000613288,0.00433516,0
taglia,fascia 3 (~75%),3,MinMax_con,Proportional to Consumption,Similarity-Utilization,CER_2_6_0,CER_2_8_0,8,10,-0.000673269,0.000341586,0
taglia,fascia 3 (~75%),3,MinMax_con,Proportional to Consumption,Similarity-Utilization,CER_2_8_0,CER_4_11_0,10,15,0.000341586,-0.00832457,0
taglia,fascia 3 (~75%),3,MinMax_con,Proportional to Consumption,Marginal Contribution,CER_2_3_0,CER_2_6_0,5,8,0.000885476,-0.000605576,0
taglia,fascia 3 (~75%),3,MinMax_con,Proportional to Consumption,Marginal Contribution,CER_2_6_0,CER_2_8_0,8,10,-0.000605576,0.00350456,0
taglia,fascia 3 (~75%),3,MinMax_con,Proportional to Consumption,Stratified Expected Value,CER_2_3_0,CER_2_6_0,5,8,0.000568166,-0.000521717,0
taglia,fascia 3 (~75%),3,MinMax_con,Proportional to Consumption,Stratified Expected Value,CER_2_6_0,CER_2_8_0,8,10,-0.000521717,0.00436213,0
taglia,fascia 3 (~75%),3,MinMax_con,Proportional to Consumption,Adaptive Sampling Shapley,CER_2_6_0,CER_2_8_0,8,10,-0.00048797,0.00190624,0
taglia,fascia 3 (~75%),3,MinMax_con,Proportional to Consumption,Adaptive Sampling Shapley,CER_2_8_0,CER_4_11_0,10,15,0.00190624,-0.000664081,0
taglia,fascia 3 (~75%),3,MinMax_con,Proportional to Consumption,Adaptive Sampling Shapley,CER_4_11_0,CER_4_14_0,15,18,-0.000664081,0.000331446,0
taglia,fascia 3 (~75%),3,MinMax_con,Proportional to Consumption,Tri-level EP,CER_2_3_0,CER_2_6_0,5,8,0.00101715,-0.000521299,0
taglia,fascia 3 (~75%),3,MinMax_con,Proportional to Consumption,Tri-level EP,CER_2_6_0,CER_2_8_0,8,10,-0.000521299,0.00426906,0
taglia,fascia 3 (~75%),3,MinMax_con,Remuneration Model 1,Cascading Tree,CER_2_3_0,CER_2_6_0,5,8,-0.00601451,0.000757703,0
taglia,fascia 3 (~75%),3,MinMax_con,Remuneration Model 1,Cascading Tree,CER_2_6_0,CER_2_8_0,8,10,0.000757703,-0.00532914,0
taglia,fascia 3 (~75%),3,MinMax_con,Remuneration Model 1,Weighted Solidarity,CER_2_3_0,CER_2_6_0,5,8,-0.0442705,5.5422e-05,0
taglia,fascia 3 (~75%),3,MinMax_con,Remuneration Model 1,Weighted Solidarity,CER_2_6_0,CER_2_8_0,8,10,5.5422e-05,-0.0220489,0
taglia,fascia 3 (~75%),3,MinMax_con,Remuneration Model 1,Pearson Key,CER_2_3_0,CER_2_6_0,5,8,0.00185412,-0.000400821,0
taglia,fascia 3 (~75%),3,MinMax_con,Remuneration Model 1,Pearson Key,CER_2_6_0,CER_2_8_0,8,10,-0.000400821,0.00899104,0
taglia,fascia 3 (~75%),3,MinMax_con,Remuneration Model 1,Pearson-Sharing Rate,CER_2_3_0,CER_2_6_0,5,8,0.00171943,-0.000462022,0
taglia,fascia 3 (~75%),3,MinMax_con,Remuneration Model 1,Pearson-Sharing Rate,CER_2_6_0,CER_2_8_0,8,10,-0.000462022,0.00896445,0
taglia,fascia 3 (~75%),3,MinMax_con,Remuneration Model 1,Similarity-Utilization,CER_2_6_0,CER_2_8_0,8,10,-0.000522004,0.00497088,0
taglia,fascia 3 (~75%),3,MinMax_con,Remuneration Model 1,Similarity-Utilization,CER_2_8_0,CER_4_11_0,10,15,0.00497088,-0.00599146,0
taglia,fascia 3 (~75%),3,MinMax_con,Remuneration Model 1,Marginal Contribution,CER_2_3_0,CER_2_6_0,5,8,0.00211927,-0.00045431,0
taglia,fascia 3 (~75%),3,MinMax_con,Remuneration Model 1,Marginal Contribution,CER_2_6_0,CER_2_8_0,8,10,-0.00045431,0.00813385,0
taglia,fascia 3 (~75%),3,MinMax_con,Remuneration Model 1,Stratified Expected Value,CER_2_3_0,CER_2_6_0,5,8,0.00180196,-0.000370451,0
taglia,fascia 3 (~75%),3,MinMax_con,Remuneration Model 1,Stratified Expected Value,CER_2_6_0,CER_2_8_0,8,10,-0.000370451,0.00899143,0
taglia,fascia 3 (~75%),3,MinMax_con,Remuneration Model 1,Adaptive Sampling Shapley,CER_2_3_0,CER_2_6_0,5,8,0.000170264,-0.000336704,0
taglia,fascia 3 (~75%),3,MinMax_con,Remuneration Model 1,Adaptive Sampling Shapley,CER_2_6_0,CER_2_8_0,8,10,-0.000336704,0.00653553,0
taglia,fascia 3 (~75%),3,MinMax_con,Remuneration Model 1,Tri-level EP,CER_2_3_0,CER_2_6_0,5,8,0.00225095,-0.000370034,0
taglia,fascia 3 (~75%),3,MinMax_con,Remuneration Model 1,Tri-level EP,CER_2_6_0,CER_2_8_0,8,10,-0.000370034,0.00889835,0
taglia,fascia 3 (~75%),3,MinMax_con,Cascading Tree,Pearson Key,CER_2_3_0,CER_2_6_0,5,8,0.00786863,-0.00115852,0
taglia,fascia 3 (~75%),3,MinMax_con,Cascading Tree,Pearson Key,CER_2_6_0,CER_2_8_0,8,10,-0.00115852,0.0143202,0
taglia,fascia 3 (~75%),3,MinMax_con,Cascading Tree,Pearson-Sharing Rate,CER_2_3_0,CER_2_6_0,5,8,0.00773394,-0.00121973,0
taglia,fascia 3 (~75%),3,MinMax_con,Cascading Tree,Pearson-Sharing Rate,CER_2_6_0,CER_2_8_0,8,10,-0.00121973,0.0142936,0
taglia,fascia 3 (~75%),3,MinMax_con,Cascading Tree,Similarity-Utilization,CER_2_6_0,CER_2_8_0,8,10,-0.00127971,0.0103,0
taglia,fascia 3 (~75%),3,MinMax_con,Cascading Tree,Similarity-Utilization,CER_2_8_0,CER_4_11_0,10,15,0.0103,-0.000469798,0
taglia,fascia 3 (~75%),3,MinMax_con,Cascading Tree,Similarity-Utilization,CER_4_11_0,CER_4_14_0,15,18,-0.000469798,0.00271454,0
taglia,fascia 3 (~75%),3,MinMax_con,Cascading Tree,Marginal Contribution,CER_2_3_0,CER_2_6_0,5,8,0.00813378,-0.00121201,0
taglia,fascia 3 (~75%),3,MinMax_con,Cascading Tree,Marginal Contribution,CER_2_6_0,CER_2_8_0,8,10,-0.00121201,0.013463,0
taglia,fascia 3 (~75%),3,MinMax_con,Cascading Tree,Stratified Expected Value,CER_2_3_0,CER_2_6_0,5,8,0.00781647,-0.00112815,0
taglia,fascia 3 (~75%),3,MinMax_con,Cascading Tree,Stratified Expected Value,CER_2_6_0,CER_2_8_0,8,10,-0.00112815,0.0143206,0
taglia,fascia 3 (~75%),3,MinMax_con,Cascading Tree,Adaptive Sampling Shapley,CER_2_3_0,CER_2_6_0,5,8,0.00618477,-0.00109441,0
taglia,fascia 3 (~75%),3,MinMax_con,Cascading Tree,Adaptive Sampling Shapley,CER_2_6_0,CER_2_8_0,8,10,-0.00109441,0.0118647,0
taglia,fascia 3 (~75%),3,MinMax_con,Cascading Tree,Tri-level EP,CER_2_3_0,CER_2_6_0,5,8,0.00826546,-0.00112774,0
taglia,fascia 3 (~75%),3,MinMax_con,Cascading Tree,Tri-level EP,CER_2_6_0,CER_2_8_0,8,10,-0.00112774,0.0142275,0
taglia,fascia 3 (~75%),3,MinMax_con,Weighted Solidarity,Pearson Key,CER_2_3_0,CER_2_6_0,5,8,0.0461246,-0.000456243,0
taglia,fascia 3 (~75%),3,MinMax_con,Weighted Solidarity,Pearson Key,CER_2_6_0,CER_2_8_0,8,10,-0.000456243,0.03104,0
taglia,fascia 3 (~75%),3,MinMax_con,Weighted Solidarity,Pearson-Sharing Rate,CER_2_3_0,CER_2_6_0,5,8,0.0459899,-0.000517444,0
taglia,fascia 3 (~75%),3,MinMax_con,Weighted Solidarity,Pearson-Sharing Rate,CER_2_6_0,CER_2_8_0,8,10,-0.000517444,0.0310134,0
taglia,fascia 3 (~75%),3,MinMax_con,Weighted Solidarity,Similarity-Utilization,CER_2_3_0,CER_2_6_0,5,8,0.0329661,-0.000577425,0
taglia,fascia 3 (~75%),3,MinMax_con,Weighted Solidarity,Similarity-Utilization,CER_2_6_0,CER_2_8_0,8,10,-0.000577425,0.0270198,0
taglia,fascia 3 (~75%),3,MinMax_con,Weighted Solidarity,Marginal Contribution,CER_2_3_0,CER_2_6_0,5,8,0.0463898,-0.000509732,0
taglia,fascia 3 (~75%),3,MinMax_con,Weighted Solidarity,Marginal Contribution,CER_2_6_0,CER_2_8_0,8,10,-0.000509732,0.0301828,0
taglia,fascia 3 (~75%),3,MinMax_con,Weighted Solidarity,Stratified Expected Value,CER_2_3_0,CER_2_6_0,5,8,0.0460725,-0.000425873,0
taglia,fascia 3 (~75%),3,MinMax_con,Weighted Solidarity,Stratified Expected Value,CER_2_6_0,CER_2_8_0,8,10,-0.000425873,0.0310403,0
taglia,fascia 3 (~75%),3,MinMax_con,Weighted Solidarity,Adaptive Sampling Shapley,CER_2_3_0,CER_2_6_0,5,8,0.0444408,-0.000392126,0
taglia,fascia 3 (~75%),3,MinMax_con,Weighted Solidarity,Adaptive Sampling Shapley,CER_2_6_0,CER_2_8_0,8,10,-0.000392126,0.0285844,0
taglia,fascia 3 (~75%),3,MinMax_con,Weighted Solidarity,Tri-level EP,CER_2_3_0,CER_2_6_0,5,8,0.0465215,-0.000425456,0
taglia,fascia 3 (~75%),3,MinMax_con,Weighted Solidarity,Tri-level EP,CER_2_6_0,CER_2_8_0,8,10,-0.000425456,0.0309473,0
taglia,fascia 3 (~75%),3,MinMax_con,Pearson Key,Pearson-Sharing Rate,CER_2_8_0,CER_4_11_0,10,15,-2.65918e-05,3.09307e-05,0
taglia,fascia 3 (~75%),3,MinMax_con,Pearson Key,Marginal Contribution,CER_2_3_0,CER_2_6_0,5,8,0.000265147,-5.34899e-05,0
taglia,fascia 3 (~75%),3,MinMax_con,Pearson Key,Marginal Contribution,CER_4_11_0,CER_4_14_0,15,18,-0.000107768,1.6416e-06,0
taglia,fascia 3 (~75%),3,MinMax_con,Pearson Key,Stratified Expected Value,CER_2_3_0,CER_2_6_0,5,8,-5.21622e-05,3.03697e-05,0
taglia,fascia 3 (~75%),3,MinMax_con,Pearson Key,Stratified Expected Value,CER_2_8_0,CER_4_11_0,10,15,3.86277e-07,-0.000144216,0
taglia,fascia 3 (~75%),3,MinMax_con,Pearson Key,Stratified Expected Value,CER_4_14_0,CER_5_15_0,18,20,-2.9226e-05,4.48944e-05,0
taglia,fascia 3 (~75%),3,MinMax_con,Pearson Key,Adaptive Sampling Shapley,CER_2_3_0,CER_2_6_0,5,8,-0.00168386,6.41161e-05,0
taglia,fascia 3 (~75%),3,MinMax_con,Pearson Key,Adaptive Sampling Shapley,CER_2_6_0,CER_2_8_0,8,10,6.41161e-05,-0.00245551,0
taglia,fascia 3 (~75%),3,MinMax_con,Pearson Key,Adaptive Sampling Shapley,CER_5_15_0,CER_6_19_0,20,25,-0.000717684,1.4475e-06,0
taglia,fascia 3 (~75%),3,MinMax_con,Pearson Key,Tri-level EP,CER_2_6_0,CER_2_8_0,8,10,3.0787e-05,-9.26895e-05,0
taglia,fascia 3 (~75%),3,MinMax_con,Pearson Key,Tri-level EP,CER_2_8_0,CER_4_11_0,10,15,-9.26895e-05,0.000266382,0
taglia,fascia 3 (~75%),3,MinMax_con,Pearson-Sharing Rate,Marginal Contribution,CER_2_6_0,CER_2_8_0,8,10,7.71203e-06,-0.000830597,0
taglia,fascia 3 (~75%),3,MinMax_con,Pearson-Sharing Rate,Marginal Contribution,CER_4_14_0,CER_5_15_0,18,20,-1.24035e-05,3.14364e-05,0
taglia,fascia 3 (~75%),3,MinMax_con,Pearson-Sharing Rate,Stratified Expected Value,CER_2_8_0,CER_4_11_0,10,15,2.6978e-05,-0.000175147,0
taglia,fascia 3 (~75%),3,MinMax_con,Pearson-Sharing Rate,Stratified Expected Value,CER_4_14_0,CER_5_15_0,18,20,-4.32711e-05,3.83405e-05,0
taglia,fascia 3 (~75%),3,MinMax_con,Pearson-Sharing Rate,Adaptive Sampling Shapley,CER_2_3_0,CER_2_6_0,5,8,-0.00154917,0.000125318,0
taglia,fascia 3 (~75%),3,MinMax_con,Pearson-Sharing Rate,Adaptive Sampling Shapley,CER_2_6_0,CER_2_8_0,8,10,0.000125318,-0.00242892,0
taglia,fascia 3 (~75%),3,MinMax_con,Pearson-Sharing Rate,Tri-level EP,CER_2_6_0,CER_2_8_0,8,10,9.19889e-05,-6.60977e-05,0
taglia,fascia 3 (~75%),3,MinMax_con,Pearson-Sharing Rate,Tri-level EP,CER_2_8_0,CER_4_11_0,10,15,-6.60977e-05,0.000235451,0
taglia,fascia 3 (~75%),3,MinMax_con,Marginal Contribution,Stratified Expected Value,CER_2_3_0,CER_2_6_0,5,8,-0.000317309,8.38596e-05,0
taglia,fascia 3 (~75%),3,MinMax_con,Marginal Contribution,Stratified Expected Value,CER_2_8_0,CER_4_11_0,10,15,0.000857575,-3.64485e-05,0
taglia,fascia 3 (~75%),3,MinMax_con,Marginal Contribution,Stratified Expected Value,CER_4_14_0,CER_5_15_0,18,20,-3.08676e-05,6.90408e-06,0
taglia,fascia 3 (~75%),3,MinMax_con,Marginal Contribution,Stratified Expected Value,CER_5_15_0,CER_6_19_0,20,25,6.90408e-06,-3.64777e-05,0
taglia,fascia 3 (~75%),3,MinMax_con,Marginal Contribution,Adaptive Sampling Shapley,CER_2_3_0,CER_2_6_0,5,8,-0.00194901,0.000117606,0
taglia,fascia 3 (~75%),3,MinMax_con,Marginal Contribution,Adaptive Sampling Shapley,CER_2_6_0,CER_2_8_0,8,10,0.000117606,-0.00159832,0
taglia,fascia 3 (~75%),3,MinMax_con,Stratified Expected Value,Adaptive Sampling Shapley,CER_2_3_0,CER_2_6_0,5,8,-0.0016317,3.37464e-05,0
taglia,fascia 3 (~75%),3,MinMax_con,Stratified Expected Value,Adaptive Sampling Shapley,CER_2_6_0,CER_2_8_0,8,10,3.37464e-05,-0.0024559,0
taglia,fascia 3 (~75%),3,MinMax_con,Stratified Expected Value,Tri-level EP,CER_2_6_0,CER_2_8_0,8,10,4.17315e-07,-9.30758e-05,0
taglia,fascia 3 (~75%),3,MinMax_con,Stratified Expected Value,Tri-level EP,CER_2_8_0,CER_4_11_0,10,15,-9.30758e-05,0.000410598,0
taglia,fascia 3 (~75%),3,MinMax_con,Adaptive Sampling Shapley,Tri-level EP,CER_2_3_0,CER_2_6_0,5,8,0.00208069,-3.33291e-05,0
taglia,fascia 3 (~75%),3,MinMax_con,Adaptive Sampling Shapley,Tri-level EP,CER_2_6_0,CER_2_8_0,8,10,-3.33291e-05,0.00236282,0
taglia,fascia 3 (~75%),3,QoS_orig,Variance Least Core,Stratified Expected Value,CER_4_11_0,CER_4_14_0,15,18,-5.39782e-06,3.2956e-05,0
taglia,fascia 3 (~75%),3,QoS_orig,Proportional to Consumption,Adaptive Sampling Shapley,CER_2_6_0,CER_2_8_0,8,10,-0.000371134,0.0019648,0
taglia,fascia 3 (~75%),3,QoS_orig,Cascading Tree,Weighted Solidarity,CER_5_15_0,CER_6_19_0,20,25,-0.000795593,0.000761582,0
taglia,fascia 3 (~75%),3,QoS_new,Variance Least Core,Pearson Key,CER_2_3_0,CER_2_6_0,5,8,6.34117e-05,-1.67169e-07,0
taglia,fascia 3 (~75%),3,QoS_new,Variance Least Core,Pearson Key,CER_2_6_0,CER_2_8_0,8,10,-1.67169e-07,3.02706e-06,0
taglia,fascia 3 (~75%),3,QoS_new,Variance Least Core,Pearson-Sharing Rate,CER_2_3_0,CER_2_6_0,5,8,5.5426e-05,-2.14333e-07,0
taglia,fascia 3 (~75%),3,QoS_new,Variance Least Core,Pearson-Sharing Rate,CER_2_6_0,CER_2_8_0,8,10,-2.14333e-07,1.42437e-06,0
taglia,fascia 3 (~75%),3,QoS_new,Variance Least Core,Similarity-Utilization,CER_2_3_0,CER_2_6_0,5,8,-0.00044515,8.49913e-07,0
taglia,fascia 3 (~75%),3,QoS_new,Variance Least Core,Similarity-Utilization,CER_2_8_0,CER_4_11_0,10,15,4.77208e-06,-0.000218451,0
taglia,fascia 3 (~75%),3,QoS_new,Variance Least Core,Marginal Contribution,CER_2_3_0,CER_2_6_0,5,8,2.95059e-05,-3.64053e-07,0
taglia,fascia 3 (~75%),3,QoS_new,Variance Least Core,Stratified Expected Value,CER_2_8_0,CER_4_11_0,10,15,3.19747e-06,-5.5903e-06,0
taglia,fascia 3 (~75%),3,QoS_new,Variance Least Core,Stratified Expected Value,CER_4_14_0,CER_5_15_0,18,20,-1.71681e-06,1.11162e-06,0
taglia,fascia 3 (~75%),3,QoS_new,Variance Least Core,Tri-level EP,CER_2_3_0,CER_2_6_0,5,8,7.20846e-05,-3.26553e-07,0
taglia,fascia 3 (~75%),3,QoS_new,Variance Least Core,Tri-level EP,CER_2_8_0,CER_4_11_0,10,15,-4.71151e-06,1.06351e-05,0
taglia,fascia 3 (~75%),3,QoS_new,Equal Split,Weighted Solidarity,CER_2_3_0,CER_2_6_0,5,8,-0.00103024,2.43005e-06,0
taglia,fascia 3 (~75%),3,QoS_new,Equal Split,Weighted Solidarity,CER_2_6_0,CER_2_8_0,8,10,2.43005e-06,-0.000171688,0
taglia,fascia 3 (~75%),3,QoS_new,Proportional to Consumption,Cascading Tree,CER_2_3_0,CER_2_6_0,5,8,-0.000415841,7.44611e-07,0
taglia,fascia 3 (~75%),3,QoS_new,Proportional to Consumption,Cascading Tree,CER_2_6_0,CER_2_8_0,8,10,7.44611e-07,-0.000297016,0
taglia,fascia 3 (~75%),3,QoS_new,Proportional to Consumption,Weighted Solidarity,CER_2_3_0,CER_2_6_0,5,8,-0.00169263,4.2248e-07,0
taglia,fascia 3 (~75%),3,QoS_new,Proportional to Consumption,Weighted Solidarity,CER_2_6_0,CER_2_8_0,8,10,4.2248e-07,-0.000502532,0
taglia,fascia 3 (~75%),3,QoS_new,Proportional to Consumption,Similarity-Utilization,CER_2_3_0,CER_2_6_0,5,8,-0.00039887,3.32608e-06,0
taglia,fascia 3 (~75%),3,QoS_new,Proportional to Consumption,Similarity-Utilization,CER_2_8_0,CER_4_11_0,10,15,0.000159371,-0.000158222,0
taglia,fascia 3 (~75%),3,QoS_new,Proportional to Consumption,Similarity-Utilization,CER_5_15_0,CER_6_19_0,20,25,-6.74518e-05,7.05178e-05,0
taglia,fascia 3 (~75%),3,QoS_new,Proportional to Consumption,Adaptive Sampling Shapley,CER_2_3_0,CER_2_6_0,5,8,-8.09023e-05,1.40116e-06,0
taglia,fascia 3 (~75%),3,QoS_new,Remuneration Model 1,Cascading Tree,CER_2_3_0,CER_2_6_0,5,8,-0.000302479,2.01023e-06,0
taglia,fascia 3 (~75%),3,QoS_new,Remuneration Model 1,Cascading Tree,CER_2_6_0,CER_2_8_0,8,10,2.01023e-06,-0.000169325,0
taglia,fascia 3 (~75%),3,QoS_new,Remuneration Model 1,Weighted Solidarity,CER_2_3_0,CER_2_6_0,5,8,-0.00157927,1.6881e-06,0
taglia,fascia 3 (~75%),3,QoS_new,Remuneration Model 1,Weighted Solidarity,CER_2_6_0,CER_2_8_0,8,10,1.6881e-06,-0.000374841,0
taglia,fascia 3 (~75%),3,QoS_new,Remuneration Model 1,Similarity-Utilization,CER_2_3_0,CER_2_6_0,5,8,-0.000285509,4.59169e-06,0
taglia,fascia 3 (~75%),3,QoS_new,Remuneration Model 1,Similarity-Utilization,CER_2_8_0,CER_4_11_0,10,15,0.000287062,-5.10844e-05,0
taglia,fascia 3 (~75%),3,QoS_new,Remuneration Model 1,Similarity-Utilization,CER_4_11_0,CER_4_14_0,15,18,-5.10844e-05,0.000110003,0
taglia,fascia 3 (~75%),3,QoS_new,Pearson Key,Pearson-Sharing Rate,CER_2_8_0,CER_4_11_0,10,15,-1.60269e-06,4.96707e-08,0
taglia,fascia 3 (~75%),3,QoS_new,Pearson Key,Pearson-Sharing Rate,CER_4_11_0,CER_4_14_0,15,18,4.96707e-08,-4.85213e-07,0
taglia,fascia 3 (~75%),3,QoS_new,Pearson Key,Similarity-Utilization,CER_2_3_0,CER_2_6_0,5,8,-0.000508562,1.01708e-06,0
taglia,fascia 3 (~75%),3,QoS_new,Pearson Key,Similarity-Utilization,CER_2_8_0,CER_4_11_0,10,15,1.74502e-06,-0.000225641,0
taglia,fascia 3 (~75%),3,QoS_new,Pearson Key,Stratified Expected Value,CER_2_3_0,CER_2_6_0,5,8,-3.30643e-05,2.22112e-07,0
taglia,fascia 3 (~75%),3,QoS_new,Pearson Key,Stratified Expected Value,CER_2_8_0,CER_4_11_0,10,15,1.70413e-07,-1.27808e-05,0
taglia,fascia 3 (~75%),3,QoS_new,Pearson Key,Tri-level EP,CER_2_3_0,CER_2_6_0,5,8,8.67294e-06,-1.59385e-07,0
taglia,fascia 3 (~75%),3,QoS_new,Pearson Key,Tri-level EP,CER_2_8_0,CER_4_11_0,10,15,-7.73857e-06,3.44461e-06,0
taglia,fascia 3 (~75%),3,QoS_new,Pearson Key,Tri-level EP,CER_4_11_0,CER_4_14_0,15,18,3.44461e-06,-1.03885e-06,0
taglia,fascia 3 (~75%),3,QoS_new,Pearson-Sharing Rate,Similarity-Utilization,CER_2_3_0,CER_2_6_0,5,8,-0.000500576,1.06425e-06,0
taglia,fascia 3 (~75%),3,QoS_new,Pearson-Sharing Rate,Similarity-Utilization,CER_2_8_0,CER_4_11_0,10,15,3.34771e-06,-0.000225691,0
taglia,fascia 3 (~75%),3,QoS_new,Pearson-Sharing Rate,Stratified Expected Value,CER_2_3_0,CER_2_6_0,5,8,-2.50786e-05,2.69277e-07,0
taglia,fascia 3 (~75%),3,QoS_new,Pearson-Sharing Rate,Stratified Expected Value,CER_2_8_0,CER_4_11_0,10,15,1.7731e-06,-1.28305e-05,0
taglia,fascia 3 (~75%),3,QoS_new,Pearson-Sharing Rate,Tri-level EP,CER_2_3_0,CER_2_6_0,5,8,1.66586e-05,-1.1222e-07,0
taglia,fascia 3 (~75%),3,QoS_new,Pearson-Sharing Rate,Tri-level EP,CER_2_8_0,CER_4_11_0,10,15,-6.13588e-06,3.39494e-06,0
taglia,fascia 3 (~75%),3,QoS_new,Pearson-Sharing Rate,Tri-level EP,CER_4_11_0,CER_4_14_0,15,18,3.39494e-06,-5.53638e-07,0
taglia,fascia 3 (~75%),3,QoS_new,Pearson-Sharing Rate,Tri-level EP,CER_4_14_0,CER_5_15_0,18,20,-5.53638e-07,8.33031e-07,0
taglia,fascia 3 (~75%),3,QoS_new,Pearson-Sharing Rate,Tri-level EP,CER_5_15_0,CER_6_19_0,20,25,8.33031e-07,-1.7042e-06,0
taglia,fascia 3 (~75%),3,QoS_new,Similarity-Utilization,Marginal Contribution,CER_2_3_0,CER_2_6_0,5,8,0.000474656,-1.21397e-06,0
taglia,fascia 3 (~75%),3,QoS_new,Similarity-Utilization,Marginal Contribution,CER_2_8_0,CER_4_11_0,10,15,-2.98722e-05,0.000208296,0
taglia,fascia 3 (~75%),3,QoS_new,Similarity-Utilization,Stratified Expected Value,CER_2_3_0,CER_2_6_0,5,8,0.000475497,-7.94969e-07,0
taglia,fascia 3 (~75%),3,QoS_new,Similarity-Utilization,Stratified Expected Value,CER_2_8_0,CER_4_11_0,10,15,-1.57461e-06,0.000212861,0
taglia,fascia 3 (~75%),3,QoS_new,Similarity-Utilization,Adaptive Sampling Shapley,CER_2_3_0,CER_2_6_0,5,8,0.000317968,-1.92492e-06,0
taglia,fascia 3 (~75%),3,QoS_new,Similarity-Utilization,Adaptive Sampling Shapley,CER_2_8_0,CER_4_11_0,10,15,-7.86225e-05,0.000166034,0
taglia,fascia 3 (~75%),3,QoS_new,Similarity-Utilization,Tri-level EP,CER_2_3_0,CER_2_6_0,5,8,0.000517235,-1.17647e-06,0
taglia,fascia 3 (~75%),3,QoS_new,Similarity-Utilization,Tri-level EP,CER_2_8_0,CER_4_11_0,10,15,-9.48359e-06,0.000229086,0
taglia,fascia 3 (~75%),3,QoS_new,Stratified Expected Value,Tri-level EP,CER_2_3_0,CER_2_6_0,5,8,4.17372e-05,-3.81497e-07,0
taglia,fascia 3 (~75%),3,QoS_new,Stratified Expected Value,Tri-level EP,CER_2_8_0,CER_4_11_0,10,15,-7.90898e-06,1.62254e-05,0
taglia,fascia 3 (~75%),3,EI_orig,Variance Least Core,Proportional to Consumption,CER_2_3_0,CER_2_6_0,5,8,0.010095,-0.0298894,0
taglia,fascia 3 (~75%),3,EI_orig,Variance Least Core,Stratified Expected Value,CER_4_14_0,CER_5_15_0,18,20,-0.00254186,0.000996456,0
taglia,fascia 3 (~75%),3,EI_orig,Proportional to Consumption,Marginal Contribution,CER_2_6_0,CER_2_8_0,8,10,-0.00307249,0.052264,0
taglia,fascia 3 (~75%),3,EI_orig,Proportional to Consumption,Stratified Expected Value,CER_2_3_0,CER_2_6_0,5,8,-0.0110242,0.0167384,0
taglia,fascia 3 (~75%),3,EI_orig,Proportional to Consumption,Adaptive Sampling Shapley,CER_4_11_0,CER_4_14_0,15,18,-0.021923,0.00437227,0
taglia,fascia 3 (~75%),3,EI_orig,Remuneration Model 1,Weighted Solidarity,CER_2_3_0,CER_2_6_0,5,8,0.0209702,-0.0768921,0
taglia,fascia 3 (~75%),3,EI_new,Variance Least Core,Weighted Solidarity,CER_2_8_0,CER_4_11_0,10,15,-0.0156137,0.0155336,0
taglia,fascia 3 (~75%),3,EI_new,Variance Least Core,Weighted Solidarity,CER_4_11_0,CER_4_14_0,15,18,0.0155336,-0.00446292,0
taglia,fascia 3 (~75%),3,EI_new,Variance Least Core,Weighted Solidarity,CER_4_14_0,CER_5_15_0,18,20,-0.00446292,0.0312771,0
taglia,fascia 3 (~75%),3,EI_new,Variance Least Core,Pearson Key,CER_2_3_0,CER_2_6_0,5,8,-0.0397398,0.0855461,0
taglia,fascia 3 (~75%),3,EI_new,Variance Least Core,Pearson-Sharing Rate,CER_2_3_0,CER_2_6_0,5,8,-0.0500859,0.0796702,0
taglia,fascia 3 (~75%),3,EI_new,Variance Least Core,Similarity-Utilization,CER_2_3_0,CER_2_6_0,5,8,-0.125246,0.000274236,0
taglia,fascia 3 (~75%),3,EI_new,Variance Least Core,Similarity-Utilization,CER_2_6_0,CER_2_8_0,8,10,0.000274236,-0.0653904,0
taglia,fascia 3 (~75%),3,EI_new,Variance Least Core,Similarity-Utilization,CER_5_15_0,CER_6_19_0,20,25,-0.016679,0.0268066,0
taglia,fascia 3 (~75%),3,EI_new,Variance Least Core,Tri-level EP,CER_2_3_0,CER_2_6_0,5,8,-0.0359312,0.0939912,0
taglia,fascia 3 (~75%),3,EI_new,Equal Split,Cascading Tree,CER_2_3_0,CER_2_6_0,5,8,0.00781193,-0.0299946,0
taglia,fascia 3 (~75%),3,EI_new,Equal Split,Cascading Tree,CER_4_14_0,CER_5_15_0,18,20,-0.00979308,0.00791883,0
taglia,fascia 3 (~75%),3,EI_new,Proportional to Consumption,Remuneration Model 1,CER_2_3_0,CER_2_6_0,5,8,0.0457055,-0.0343315,0
taglia,fascia 3 (~75%),3,EI_new,Proportional to Consumption,Remuneration Model 1,CER_2_8_0,CER_4_11_0,10,15,-0.0164637,0.000835045,0
taglia,fascia 3 (~75%),3,EI_new,Proportional to Consumption,Remuneration Model 1,CER_4_11_0,CER_4_14_0,15,18,0.000835045,-0.0144336,0
taglia,fascia 3 (~75%),3,EI_new,Proportional to Consumption,Remuneration Model 1,CER_4_14_0,CER_5_15_0,18,20,-0.0144336,0.00681316,0
taglia,fascia 3 (~75%),3,EI_new,Proportional to Consumption,Remuneration Model 1,CER_5_15_0,CER_6_19_0,20,25,0.00681316,-0.0260043,0
taglia,fascia 3 (~75%),3,EI_new,Proportional to Consumption,Weighted Solidarity,CER_2_3_0,CER_2_6_0,5,8,0.0785404,-0.0142598,0
taglia,fascia 3 (~75%),3,EI_new,Proportional to Consumption,Weighted Solidarity,CER_2_6_0,CER_2_8_0,8,10,-0.0142598,0.0719024,0
taglia,fascia 3 (~75%),3,EI_new,Proportional to Consumption,Similarity-Utilization,CER_2_3_0,CER_2_6_0,5,8,-0.0231091,0.0224608,0
taglia,fascia 3 (~75%),3,EI_new,Proportional to Consumption,Marginal Contribution,CER_2_3_0,CER_2_6_0,5,8,0.0914788,-0.00123459,0
taglia,fascia 3 (~75%),3,EI_new,Proportional to Consumption,Marginal Contribution,CER_2_6_0,CER_2_8_0,8,10,-0.00123459,0.0561384,0
taglia,fascia 3 (~75%),3,EI_new,Proportional to Consumption,Adaptive Sampling Shapley,CER_2_3_0,CER_2_6_0,5,8,0.0476815,-0.0293277,0
taglia,fascia 3 (~75%),3,EI_new,Proportional to Consumption,Adaptive Sampling Shapley,CER_2_8_0,CER_4_11_0,10,15,-0.00513333,0.0232555,0
taglia,fascia 3 (~75%),3,EI_new,Remuneration Model 1,Similarity-Utilization,CER_2_3_0,CER_2_6_0,5,8,-0.0688146,0.0567923,0
taglia,fascia 3 (~75%),3,EI_new,Weighted Solidarity,Pearson Key,CER_2_3_0,CER_2_6_0,5,8,-0.016143,0.121992,0
taglia,fascia 3 (~75%),3,EI_new,Weighted Solidarity,Pearson Key,CER_2_8_0,CER_4_11_0,10,15,0.0288875,-0.00501016,0
taglia,fascia 3 (~75%),3,EI_new,Weighted Solidarity,Pearson Key,CER_4_11_0,CER_4_14_0,15,18,-0.00501016,0.0316849,0
taglia,fascia 3 (~75%),3,EI_new,Weighted Solidarity,Pearson Key,CER_4_14_0,CER_5_15_0,18,20,0.0316849,-0.0145449,0
taglia,fascia 3 (~75%),3,EI_new,Weighted Solidarity,Pearson-Sharing Rate,CER_2_3_0,CER_2_6_0,5,8,-0.0264892,0.116117,0
taglia,fascia 3 (~75%),3,EI_new,Weighted Solidarity,Pearson-Sharing Rate,CER_2_8_0,CER_4_11_0,10,15,0.0220131,-0.00801397,0
taglia,fascia 3 (~75%),3,EI_new,Weighted Solidarity,Pearson-Sharing Rate,CER_4_11_0,CER_4_14_0,15,18,-0.00801397,0.0312035,0
taglia,fascia 3 (~75%),3,EI_new,Weighted Solidarity,Pearson-Sharing Rate,CER_4_14_0,CER_5_15_0,18,20,0.0312035,-0.0159161,0
taglia,fascia 3 (~75%),3,EI_new,Weighted Solidarity,Similarity-Utilization,CER_2_3_0,CER_2_6_0,5,8,-0.101649,0.0367206,0
taglia,fascia 3 (~75%),3,EI_new,Weighted Solidarity,Similarity-Utilization,CER_2_6_0,CER_2_8_0,8,10,0.0367206,-0.0497767,0
taglia,fascia 3 (~75%),3,EI_new,Weighted Solidarity,Marginal Contribution,CER_2_6_0,CER_2_8_0,8,10,0.0130252,-0.015764,0
taglia,fascia 3 (~75%),3,EI_new,Weighted Solidarity,Stratified Expected Value,CER_2_6_0,CER_2_8_0,8,10,0.0150683,-0.0164986,0
taglia,fascia 3 (~75%),3,EI_new,Weighted Solidarity,Tri-level EP,CER_2_3_0,CER_2_6_0,5,8,-0.0123344,0.130438,0
taglia,fascia 3 (~75%),3,EI_new,Weighted Solidarity,Tri-level EP,CER_4_14_0,CER_5_15_0,18,20,0.0391346,-0.010653,0
taglia,fascia 3 (~75%),3,EI_new,Pearson Key,Pearson-Sharing Rate,CER_5_15_0,CER_6_19_0,20,25,-0.00137119,0.000259543,0
taglia,fascia 3 (~75%),3,EI_new,Pearson Key,Marginal Contribution,CER_2_3_0,CER_2_6_0,5,8,0.0290814,-0.108967,0
taglia,fascia 3 (~75%),3,EI_new,Pearson Key,Stratified Expected Value,CER_2_3_0,CER_2_6_0,5,8,0.0247513,-0.106924,0
taglia,fascia 3 (~75%),3,EI_new,Pearson-Sharing Rate,Marginal Contribution,CER_2_3_0,CER_2_6_0,5,8,0.0394275,-0.103091,0
taglia,fascia 3 (~75%),3,EI_new,Pearson-Sharing Rate,Stratified Expected Value,CER_2_3_0,CER_2_6_0,5,8,0.0350974,-0.101048,0
taglia,fascia 3 (~75%),3,EI_new,Similarity-Utilization,Marginal Contribution,CER_2_3_0,CER_2_6_0,5,8,0.114588,-0.0236954,0
taglia,fascia 3 (~75%),3,EI_new,Similarity-Utilization,Marginal Contribution,CER_2_6_0,CER_2_8_0,8,10,-0.0236954,0.0340127,0
taglia,fascia 3 (~75%),3,EI_new,Similarity-Utilization,Marginal Contribution,CER_4_11_0,CER_4_14_0,15,18,0.0323804,-0.0058723,0
taglia,fascia 3 (~75%),3,EI_new,Similarity-Utilization,Marginal Contribution,CER_4_14_0,CER_5_15_0,18,20,-0.0058723,0.00988981,0
taglia,fascia 3 (~75%),3,EI_new,Similarity-Utilization,Marginal Contribution,CER_5_15_0,CER_6_19_0,20,25,0.00988981,-0.0345101,0
taglia,fascia 3 (~75%),3,EI_new,Similarity-Utilization,Stratified Expected Value,CER_2_3_0,CER_2_6_0,5,8,0.110258,-0.0216523,0
taglia,fascia 3 (~75%),3,EI_new,Similarity-Utilization,Stratified Expected Value,CER_2_6_0,CER_2_8_0,8,10,-0.0216523,0.0332781,0
taglia,fascia 3 (~75%),3,EI_new,Similarity-Utilization,Stratified Expected Value,CER_4_11_0,CER_4_14_0,15,18,0.0304086,-0.00622799,0
taglia,fascia 3 (~75%),3,EI_new,Similarity-Utilization,Stratified Expected Value,CER_4_14_0,CER_5_15_0,18,20,-0.00622799,0.00677393,0
taglia,fascia 3 (~75%),3,EI_new,Similarity-Utilization,Stratified Expected Value,CER_5_15_0,CER_6_19_0,20,25,0.00677393,-0.0341021,0
taglia,fascia 3 (~75%),3,EI_new,Similarity-Utilization,Adaptive Sampling Shapley,CER_2_3_0,CER_2_6_0,5,8,0.0707906,-0.0517885,0
taglia,fascia 3 (~75%),3,EI_new,Marginal Contribution,Stratified Expected Value,CER_2_3_0,CER_2_6_0,5,8,-0.00433017,0.00204308,0
taglia,fascia 3 (~75%),3,EI_new,Marginal Contribution,Stratified Expected Value,CER_2_6_0,CER_2_8_0,8,10,0.00204308,-0.000734591,0
taglia,fascia 3 (~75%),3,EI_new,Marginal Contribution,Stratified Expected Value,CER_5_15_0,CER_6_19_0,20,25,-0.00311588,0.00040792,0
taglia,fascia 3 (~75%),3,EI_new,Marginal Contribution,Tri-level EP,CER_2_3_0,CER_2_6_0,5,8,-0.0252728,0.117412,0
taglia,fascia 3 (~75%),3,EI_new,Stratified Expected Value,Tri-level EP,CER_2_3_0,CER_2_6_0,5,8,-0.0209426,0.115369,0
taglia,fascia 3 (~75%),3,Jain,Variance Least Core,Similarity-Utilization,CER_2_3_0,CER_2_6_0,5,8,-0.000311799,0.0020895,0
taglia,fascia 3 (~75%),3,Jain,Variance Least Core,Stratified Expected Value,CER_2_3_0,CER_2_6_0,5,8,2.62118e-05,-4.55672e-05,0
taglia,fascia 3 (~75%),3,Jain,Variance Least Core,Stratified Expected Value,CER_4_11_0,CER_4_14_0,15,18,-5.09362e-06,4.10824e-05,0
taglia,fascia 3 (~75%),3,Jain,Proportional to Consumption,Adaptive Sampling Shapley,CER_2_3_0,CER_2_6_0,5,8,-0.000467473,0.000196347,0
taglia,fascia 3 (~75%),3,Jain,Cascading Tree,Weighted Solidarity,CER_5_15_0,CER_6_19_0,20,25,-0.00107225,1.41241e-05,0
taglia,fascia 3 (~75%),3,Jain,Pearson Key,Similarity-Utilization,CER_2_3_0,CER_2_6_0,5,8,-0.000696652,0.00135347,0
taglia,fascia 3 (~75%),3,Jain,Pearson Key,Similarity-Utilization,CER_2_8_0,CER_4_11_0,10,15,0.00156566,-6.86335e-06,0
taglia,fascia 3 (~75%),3,Jain,Pearson Key,Similarity-Utilization,CER_4_11_0,CER_4_14_0,15,18,-6.86335e-06,0.000559151,0
taglia,fascia 3 (~75%),3,Jain,Pearson-Sharing Rate,Similarity-Utilization,CER_2_3_0,CER_2_6_0,5,8,-0.000641426,0.00141469,0
taglia,fascia 3 (~75%),3,Jain,Similarity-Utilization,Stratified Expected Value,CER_2_3_0,CER_2_6_0,5,8,0.000338011,-0.00213507,0
taglia,fascia 3 (~75%),3,Jain,Similarity-Utilization,Tri-level EP,CER_2_3_0,CER_2_6_0,5,8,0.000468067,-0.00159656,0
taglia,fascia 3 (~75%),3,Gini,Variance Least Core,Proportional to Consumption,CER_2_3_0,CER_2_6_0,5,8,0.010095,-0.0298894,0
taglia,fascia 3 (~75%),3,Gini,Variance Least Core,Stratified Expected Value,CER_4_14_0,CER_5_15_0,18,20,-0.00254186,0.000996456,0
taglia,fascia 3 (~75%),3,Gini,Proportional to Consumption,Marginal Contribution,CER_2_6_0,CER_2_8_0,8,10,-0.00307249,0.052264,0
taglia,fascia 3 (~75%),3,Gini,Proportional to Consumption,Stratified Expected Value,CER_2_3_0,CER_2_6_0,5,8,-0.0110242,0.0167384,0
taglia,fascia 3 (~75%),3,Gini,Proportional to Consumption,Adaptive Sampling Shapley,CER_4_11_0,CER_4_14_0,15,18,-0.021923,0.00437227,0
taglia,fascia 3 (~75%),3,Gini,Remuneration Model 1,Weighted Solidarity,CER_2_3_0,CER_2_6_0,5,8,0.0209702,-0.0768921,0
taglia,fascia 3 (~75%),3,FairnessIndex,Variance Least Core,Stratified Expected Value,CER_2_3_0,CER_2_6_0,5,8,0.00216983,-0.00403701,0
taglia,fascia 3 (~75%),3,FairnessIndex,Variance Least Core,Stratified Expected Value,CER_2_6_0,CER_2_8_0,8,10,-0.00403701,0.00132031,0
taglia,fascia 3 (~75%),3,FairnessIndex,Proportional to Consumption,Pearson Key,CER_2_6_0,CER_2_8_0,8,10,0.0151552,-0.0455407,0
taglia,fascia 3 (~75%),3,FairnessIndex,Proportional to Consumption,Pearson-Sharing Rate,CER_2_6_0,CER_2_8_0,8,10,0.013505,-0.04765,0
taglia,fascia 3 (~75%),3,FairnessIndex,Proportional to Consumption,Adaptive Sampling Shapley,CER_2_6_0,CER_2_8_0,8,10,0.0024205,-0.0713744,0
taglia,fascia 3 (~75%),3,FairnessIndex,Proportional to Consumption,Tri-level EP,CER_2_6_0,CER_2_8_0,8,10,0.0135015,-0.04976,0
taglia,fascia 3 (~75%),3,FairnessIndex,Cascading Tree,Weighted Solidarity,CER_2_3_0,CER_2_6_0,5,8,-0.0578925,0.0431307,0
taglia,fascia 3 (~75%),3,FairnessIndex,Cascading Tree,Weighted Solidarity,CER_2_8_0,CER_4_11_0,10,15,0.0144289,-0.00861419,0
taglia,fascia 3 (~75%),3,FairnessIndex,Cascading Tree,Weighted Solidarity,CER_4_11_0,CER_4_14_0,15,18,-0.00861419,0.0254891,0
taglia,fascia 3 (~75%),3,FairnessIndex,Cascading Tree,Weighted Solidarity,CER_4_14_0,CER_5_15_0,18,20,0.0254891,-0.0024652,0
taglia,fascia 3 (~75%),3,Sigma,Variance Least Core,Stratified Expected Value,CER_2_3_0,CER_2_6_0,5,8,0.00112161,-0.000741518,0
taglia,fascia 3 (~75%),3,Sigma,Variance Least Core,Stratified Expected Value,CER_2_6_0,CER_2_8_0,8,10,-0.000741518,0.000793968,0
taglia,fascia 3 (~75%),3,Sigma,Proportional to Consumption,Pearson Key,CER_2_6_0,CER_2_8_0,8,10,0.00519964,-0.00637835,0
taglia,fascia 3 (~75%),3,Sigma,Proportional to Consumption,Pearson-Sharing Rate,CER_2_6_0,CER_2_8_0,8,10,0.00459428,-0.0069325,0
taglia,fascia 3 (~75%),3,Sigma,Proportional to Consumption,Adaptive Sampling Shapley,CER_2_3_0,CER_2_6_0,5,8,-0.0112741,0.00101693,0
taglia,fascia 3 (~75%),3,Sigma,Proportional to Consumption,Adaptive Sampling Shapley,CER_2_6_0,CER_2_8_0,8,10,0.00101693,-0.0150389,0
taglia,fascia 3 (~75%),3,Sigma,Proportional to Consumption,Tri-level EP,CER_2_6_0,CER_2_8_0,8,10,0.00359144,-0.00806849,0
taglia,fascia 3 (~75%),3,Sigma,Remuneration Model 1,Similarity-Utilization,CER_2_3_0,CER_2_6_0,5,8,0.00898192,-0.0558533,0
taglia,fascia 3 (~75%),3,EccessoMax_EUR,Proportional to Consumption,Similarity-Utilization,CER_2_3_0,CER_2_6_0,5,8,12.9786,-1.77516,0
taglia,fascia 3 (~75%),3,EccessoMax_EUR,Proportional to Consumption,Similarity-Utilization,CER_2_6_0,CER_2_8_0,8,10,-1.77516,0.857481,0
taglia,fascia 3 (~75%),3,EccessoMax_EUR,Proportional to Consumption,Adaptive Sampling Shapley,CER_2_3_0,CER_2_6_0,5,8,0.0128863,-10.6022,0
taglia,fascia 3 (~75%),3,EccessoMax_EUR,Remuneration Model 1,Similarity-Utilization,CER_2_3_0,CER_2_6_0,5,8,0.820099,-29.8295,0
taglia,fascia 3 (~75%),3,EccessoMax_EUR,Cascading Tree,Weighted Solidarity,CER_2_3_0,CER_2_6_0,5,8,-14.5877,4.7873,0
taglia,fascia 3 (~75%),3,EccessoMax_EUR,Cascading Tree,Weighted Solidarity,CER_2_8_0,CER_4_11_0,10,15,6.94757,-0.813957,0
taglia,fascia 3 (~75%),3,EccessoMax_EUR,Cascading Tree,Weighted Solidarity,CER_4_11_0,CER_4_14_0,15,18,-0.813957,19.2164,0
taglia,fascia 3 (~75%),3,EccessoMax_EUR,Pearson Key,Adaptive Sampling Shapley,CER_2_6_0,CER_2_8_0,8,10,2.25189,-1.28284,0
taglia,fascia 3 (~75%),3,EccessoMax_EUR,Pearson-Sharing Rate,Adaptive Sampling Shapley,CER_2_6_0,CER_2_8_0,8,10,2.8665,-0.637475,0
taglia,fascia 3 (~75%),3,EccessoMax_EUR,Marginal Contribution,Stratified Expected Value,CER_2_8_0,CER_4_11_0,10,15,-1.16154,0.14013,0
taglia,fascia 3 (~75%),3,EccessoMax_EUR,Marginal Contribution,Stratified Expected Value,CER_4_11_0,CER_4_14_0,15,18,0.14013,-0.038258,0
taglia,fascia 3 (~75%),3,EccessoMax_EUR,Adaptive Sampling Shapley,Tri-level EP,CER_2_8_0,CER_4_11_0,10,15,-1.37436,2.19515,0
taglia,fascia 3 (~75%),3,CoalizioniInstabili,Equal Split,Cascading Tree,CER_2_6_0,CER_2_8_0,8,10,-7,7,0
taglia,fascia 3 (~75%),3,CoalizioniInstabili,Equal Split,Cascading Tree,CER_4_11_0,CER_4_14_0,15,18,55,-203,0
taglia,fascia 3 (~75%),3,CoalizioniInstabili,Equal Split,Weighted Solidarity,CER_2_3_0,CER_2_6_0,5,8,2,-2,0
taglia,fascia 3 (~75%),3,CoalizioniInstabili,Equal Split,Weighted Solidarity,CER_2_6_0,CER_2_8_0,8,10,-2,15,0
taglia,fascia 3 (~75%),3,CoalizioniInstabili,Equal Split,Similarity-Utilization,CER_2_6_0,CER_2_8_0,8,10,-31,3,0
taglia,fascia 3 (~75%),3,CoalizioniInstabili,Equal Split,Similarity-Utilization,CER_2_8_0,CER_4_11_0,10,15,3,-1804,0
taglia,fascia 3 (~75%),3,CoalizioniInstabili,Proportional to Consumption,Pearson Key,CER_2_6_0,CER_2_8_0,8,10,4,-87,0
taglia,fascia 3 (~75%),3,CoalizioniInstabili,Proportional to Consumption,Pearson-Sharing Rate,CER_2_6_0,CER_2_8_0,8,10,2,-93,0
taglia,fascia 3 (~75%),3,CoalizioniInstabili,Proportional to Consumption,Tri-level EP,CER_2_3_0,CER_2_6_0,5,8,4,-1,0
taglia,fascia 3 (~75%),3,CoalizioniInstabili,Remuneration Model 1,Pearson Key,CER_2_3_0,CER_2_6_0,5,8,1,-33,0
taglia,fascia 3 (~75%),3,CoalizioniInstabili,Remuneration Model 1,Pearson-Sharing Rate,CER_2_3_0,CER_2_6_0,5,8,1,-35,0
taglia,fascia 3 (~75%),3,CoalizioniInstabili,Remuneration Model 1,Similarity-Utilization,CER_2_6_0,CER_2_8_0,8,10,-24,24,0
taglia,fascia 3 (~75%),3,CoalizioniInstabili,Remuneration Model 1,Similarity-Utilization,CER_2_8_0,CER_4_11_0,10,15,24,-1238,0
taglia,fascia 3 (~75%),3,CoalizioniInstabili,Remuneration Model 1,Tri-level EP,CER_2_3_0,CER_2_6_0,5,8,1,-38,0
taglia,fascia 3 (~75%),3,CoalizioniInstabili,Pearson Key,Similarity-Utilization,CER_2_3_0,CER_2_6_0,5,8,-1,9,0
taglia,fascia 3 (~75%),3,CoalizioniInstabili,Pearson-Sharing Rate,Similarity-Utilization,CER_2_3_0,CER_2_6_0,5,8,-1,11,0
taglia,fascia 3 (~75%),3,CoalizioniInstabili,Pearson-Sharing Rate,Tri-level EP,CER_2_6_0,CER_2_8_0,8,10,-3,3,0
taglia,fascia 3 (~75%),3,CoalizioniInstabili,Pearson-Sharing Rate,Tri-level EP,CER_2_8_0,CER_4_11_0,10,15,3,-324,0
taglia,fascia 3 (~75%),3,CoalizioniInstabili,Similarity-Utilization,Tri-level EP,CER_2_3_0,CER_2_6_0,5,8,1,-14,0
taglia,fascia 3 (~75%),3,CoalizioniInstabili,Marginal Contribution,Stratified Expected Value,CER_2_8_0,CER_4_11_0,10,15,-11,1,0
taglia,fascia 3 (~75%),3,CoalizioniInstabili,Marginal Contribution,Stratified Expected Value,CER_4_11_0,CER_4_14_0,15,18,1,-2,0
taglia,fascia 3 (~75%),3,ForzaIncentivante,Variance Least Core,Stratified Expected Value,CER_2_3_0,CER_2_6_0,5,8,-0.00259064,0.00745077,0
taglia,fascia 3 (~75%),3,ForzaIncentivante,Variance Least Core,Stratified Expected Value,CER_2_6_0,CER_2_8_0,8,10,0.00745077,-0.000544963,0
taglia,fascia 3 (~75%),3,ForzaIncentivante,Proportional to Consumption,Marginal Contribution,CER_2_3_0,CER_2_6_0,5,8,0.0378145,-0.0463216,0
taglia,fascia 3 (~75%),3,ForzaIncentivante,Proportional to Consumption,Adaptive Sampling Shapley,CER_2_6_0,CER_2_8_0,8,10,0.0918801,-0.0415951,0
taglia,fascia 3 (~75%),3,ForzaIncentivante,Cascading Tree,Weighted Solidarity,CER_2_3_0,CER_2_6_0,5,8,-0.122308,0.062652,0
taglia,fascia 3 (~75%),3,ForzaIncentivante,Cascading Tree,Weighted Solidarity,CER_2_8_0,CER_4_11_0,10,15,0.00806872,-0.0155449,0
taglia,fascia 3 (~75%),3,ForzaIncentivante,Cascading Tree,Weighted Solidarity,CER_4_11_0,CER_4_14_0,15,18,-0.0155449,0.0389556,0
taglia,fascia 3 (~75%),3,ForzaIncentivante,Cascading Tree,Weighted Solidarity,CER_4_14_0,CER_5_15_0,18,20,0.0389556,-0.0107522,0
taglia,fascia 3 (~75%),3,AllineamentoVirtu,Variance Least Core,Pearson Key,CER_2_3_0,CER_2_6_0,5,8,-0.0208129,0.000995845,0
taglia,fascia 3 (~75%),3,AllineamentoVirtu,Variance Least Core,Pearson Key,CER_2_6_0,CER_2_8_0,8,10,0.000995845,-0.00144751,0
taglia,fascia 3 (~75%),3,AllineamentoVirtu,Variance Least Core,Pearson-Sharing Rate,CER_2_3_0,CER_2_6_0,5,8,-0.021238,0.0011027,0
taglia,fascia 3 (~75%),3,AllineamentoVirtu,Variance Least Core,Pearson-Sharing Rate,CER_2_6_0,CER_2_8_0,8,10,0.0011027,-0.00107629,0
taglia,fascia 3 (~75%),3,AllineamentoVirtu,Variance Least Core,Stratified Expected Value,CER_2_3_0,CER_2_6_0,5,8,0.00260226,-0.000824891,0
taglia,fascia 3 (~75%),3,AllineamentoVirtu,Variance Least Core,Adaptive Sampling Shapley,CER_2_3_0,CER_2_6_0,5,8,0.0556998,-8.3671e-05,0
taglia,fascia 3 (~75%),3,AllineamentoVirtu,Variance Least Core,Adaptive Sampling Shapley,CER_4_14_0,CER_5_15_0,18,20,-0.000394502,0.000286451,0
taglia,fascia 3 (~75%),3,AllineamentoVirtu,Variance Least Core,Tri-level EP,CER_2_3_0,CER_2_6_0,5,8,-0.0149886,0.00214369,0
taglia,fascia 3 (~75%),3,AllineamentoVirtu,Variance Least Core,Tri-level EP,CER_2_8_0,CER_4_11_0,10,15,0.00188616,-0.000665883,0
taglia,fascia 3 (~75%),3,AllineamentoVirtu,Proportional to Consumption,Remuneration Model 1,CER_2_3_0,CER_2_6_0,5,8,0.180947,-0.00112152,0
taglia,fascia 3 (~75%),3,AllineamentoVirtu,Proportional to Consumption,Remuneration Model 1,CER_2_6_0,CER_2_8_0,8,10,-0.00112152,0.00279708,0
taglia,fascia 3 (~75%),3,AllineamentoVirtu,Proportional to Consumption,Adaptive Sampling Shapley,CER_2_3_0,CER_2_6_0,5,8,0.0279934,-0.0151539,0
taglia,fascia 3 (~75%),3,AllineamentoVirtu,Pearson Key,Pearson-Sharing Rate,CER_2_3_0,CER_2_6_0,5,8,-0.0004251,0.000106851,0
taglia,fascia 3 (~75%),3,AllineamentoVirtu,Pearson Key,Marginal Contribution,CER_2_3_0,CER_2_6_0,5,8,0.0391423,-0.000903544,0
taglia,fascia 3 (~75%),3,AllineamentoVirtu,Pearson Key,Marginal Contribution,CER_2_6_0,CER_2_8_0,8,10,-0.000903544,0.00169756,0
taglia,fascia 3 (~75%),3,AllineamentoVirtu,Pearson Key,Stratified Expected Value,CER_2_3_0,CER_2_6_0,5,8,0.0234152,-0.00182074,0
taglia,fascia 3 (~75%),3,AllineamentoVirtu,Pearson Key,Stratified Expected Value,CER_2_8_0,CER_4_11_0,10,15,-0.00136968,0.00138655,0
taglia,fascia 3 (~75%),3,AllineamentoVirtu,Pearson Key,Adaptive Sampling Shapley,CER_2_3_0,CER_2_6_0,5,8,0.0765127,-0.00107952,0
taglia,fascia 3 (~75%),3,AllineamentoVirtu,Pearson Key,Adaptive Sampling Shapley,CER_2_6_0,CER_2_8_0,8,10,-0.00107952,0.000575698,0
taglia,fascia 3 (~75%),3,AllineamentoVirtu,Pearson-Sharing Rate,Marginal Contribution,CER_2_3_0,CER_2_6_0,5,8,0.0395674,-0.0010104,0
taglia,fascia 3 (~75%),3,AllineamentoVirtu,Pearson-Sharing Rate,Marginal Contribution,CER_2_6_0,CER_2_8_0,8,10,-0.0010104,0.00132634,0
taglia,fascia 3 (~75%),3,AllineamentoVirtu,Pearson-Sharing Rate,Stratified Expected Value,CER_2_3_0,CER_2_6_0,5,8,0.0238403,-0.00192759,0
taglia,fascia 3 (~75%),3,AllineamentoVirtu,Pearson-Sharing Rate,Stratified Expected Value,CER_2_8_0,CER_4_11_0,10,15,-0.0017409,0.000852589,0
taglia,fascia 3 (~75%),3,AllineamentoVirtu,Pearson-Sharing Rate,Adaptive Sampling Shapley,CER_2_3_0,CER_2_6_0,5,8,0.0769378,-0.00118637,0
taglia,fascia 3 (~75%),3,AllineamentoVirtu,Pearson-Sharing Rate,Adaptive Sampling Shapley,CER_2_6_0,CER_2_8_0,8,10,-0.00118637,0.000204478,0
taglia,fascia 3 (~75%),3,AllineamentoVirtu,Marginal Contribution,Adaptive Sampling Shapley,CER_2_3_0,CER_2_6_0,5,8,0.0373704,-0.000175973,0
taglia,fascia 3 (~75%),3,AllineamentoVirtu,Marginal Contribution,Tri-level EP,CER_2_3_0,CER_2_6_0,5,8,-0.0333179,0.00205139,0
taglia,fascia 3 (~75%),3,AllineamentoVirtu,Marginal Contribution,Tri-level EP,CER_2_8_0,CER_4_11_0,10,15,0.00163611,-0.00114689,0
taglia,fascia 3 (~75%),3,AllineamentoVirtu,Stratified Expected Value,Tri-level EP,CER_2_3_0,CER_2_6_0,5,8,-0.0175908,0.00296858,0
taglia,fascia 3 (~75%),3,AllineamentoVirtu,Adaptive Sampling Shapley,Tri-level EP,CER_2_3_0,CER_2_6_0,5,8,-0.0706884,0.00222736,0
taglia,fascia 3 (~75%),3,AllineamentoVirtu,Adaptive Sampling Shapley,Tri-level EP,CER_2_8_0,CER_4_11_0,10,15,0.00275797,-0.000510231,0
taglia,fascia 3 (~75%),3,AllineamentoVirtu,Adaptive Sampling Shapley,Tri-level EP,CER_4_11_0,CER_4_14_0,15,18,-0.000510231,0.000104862,0
taglia,fascia 3 (~75%),3,AllineamentoVirtu,Adaptive Sampling Shapley,Tri-level EP,CER_4_14_0,CER_5_15_0,18,20,0.000104862,-0.000909653,0
taglia,fascia 3 (~75%),3,ForzaIncentivante_lordo,Variance Least Core,Equal Split,CER_5_15_0,CER_6_19_0,20,25,0.688008,-3.62526,0
taglia,fascia 3 (~75%),3,ForzaIncentivante_lordo,Variance Least Core,Proportional to Consumption,CER_5_15_0,CER_6_19_0,20,25,0.462299,-0.665853,0
taglia,fascia 3 (~75%),3,ForzaIncentivante_lordo,Variance Least Core,Remuneration Model 1,CER_5_15_0,CER_6_19_0,20,25,1.56567,-2.01075,0
taglia,fascia 3 (~75%),3,ForzaIncentivante_lordo,Variance Least Core,Cascading Tree,CER_5_15_0,CER_6_19_0,20,25,2.08208,-3.34346,0
taglia,fascia 3 (~75%),3,ForzaIncentivante_lordo,Variance Least Core,Weighted Solidarity,CER_5_15_0,CER_6_19_0,20,25,1.51247,-3.10915,0
taglia,fascia 3 (~75%),3,ForzaIncentivante_lordo,Variance Least Core,Pearson Key,CER_5_15_0,CER_6_19_0,20,25,-0.5426,0.190695,0
taglia,fascia 3 (~75%),3,ForzaIncentivante_lordo,Variance Least Core,Pearson-Sharing Rate,CER_5_15_0,CER_6_19_0,20,25,-0.509516,0.179303,0
taglia,fascia 3 (~75%),3,ForzaIncentivante_lordo,Variance Least Core,Similarity-Utilization,CER_5_15_0,CER_6_19_0,20,25,-2.74451,0.0381944,0
taglia,fascia 3 (~75%),3,ForzaIncentivante_lordo,Variance Least Core,Marginal Contribution,CER_5_15_0,CER_6_19_0,20,25,0.0546663,-0.0638269,0
taglia,fascia 3 (~75%),3,ForzaIncentivante_lordo,Variance Least Core,Stratified Expected Value,CER_5_15_0,CER_6_19_0,20,25,-0.131991,0.0131354,0
taglia,fascia 3 (~75%),3,ForzaIncentivante_lordo,Variance Least Core,Adaptive Sampling Shapley,CER_5_15_0,CER_6_19_0,20,25,0.0406738,-0.32989,0
taglia,fascia 3 (~75%),3,ForzaIncentivante_lordo,Variance Least Core,Tri-level EP,CER_2_3_0,CER_2_6_0,5,8,-1.49538,0.152945,0
taglia,fascia 3 (~75%),3,ForzaIncentivante_lordo,Variance Least Core,Tri-level EP,CER_2_8_0,CER_4_11_0,10,15,0.0951775,-0.40518,0
taglia,fascia 3 (~75%),3,ForzaIncentivante_lordo,Variance Least Core,Tri-level EP,CER_5_15_0,CER_6_19_0,20,25,-0.367402,0.141838,0
taglia,fascia 3 (~75%),3,ForzaIncentivante_lordo,Equal Split,Proportional to Consumption,CER_5_15_0,CER_6_19_0,20,25,-0.225709,2.95941,0
taglia,fascia 3 (~75%),3,ForzaIncentivante_lordo,Equal Split,Remuneration Model 1,CER_4_14_0,CER_5_15_0,18,20,-0.727284,0.877665,0
taglia,fascia 3 (~75%),3,ForzaIncentivante_lordo,Equal Split,Pearson Key,CER_5_15_0,CER_6_19_0,20,25,-1.23061,3.81596,0
taglia,fascia 3 (~75%),3,ForzaIncentivante_lordo,Equal Split,Pearson-Sharing Rate,CER_5_15_0,CER_6_19_0,20,25,-1.19752,3.80457,0
taglia,fascia 3 (~75%),3,ForzaIncentivante_lordo,Equal Split,Similarity-Utilization,CER_5_15_0,CER_6_19_0,20,25,-3.43251,3.66346,0
taglia,fascia 3 (~75%),3,ForzaIncentivante_lordo,Equal Split,Marginal Contribution,CER_5_15_0,CER_6_19_0,20,25,-0.633342,3.56144,0
taglia,fascia 3 (~75%),3,ForzaIncentivante_lordo,Equal Split,Stratified Expected Value,CER_5_15_0,CER_6_19_0,20,25,-0.819999,3.6384,0
taglia,fascia 3 (~75%),3,ForzaIncentivante_lordo,Equal Split,Adaptive Sampling Shapley,CER_5_15_0,CER_6_19_0,20,25,-0.647334,3.29537,0
taglia,fascia 3 (~75%),3,ForzaIncentivante_lordo,Equal Split,Tri-level EP,CER_5_15_0,CER_6_19_0,20,25,-1.05541,3.7671,0
taglia,fascia 3 (~75%),3,ForzaIncentivante_lordo,Proportional to Consumption,Remuneration Model 1,CER_5_15_0,CER_6_19_0,20,25,1.10337,-1.3449,0
taglia,fascia 3 (~75%),3,ForzaIncentivante_lordo,Proportional to Consumption,Cascading Tree,CER_5_15_0,CER_6_19_0,20,25,1.61978,-2.6776,0
taglia,fascia 3 (~75%),3,ForzaIncentivante_lordo,Proportional to Consumption,Weighted Solidarity,CER_5_15_0,CER_6_19_0,20,25,1.05017,-2.44329,0
taglia,fascia 3 (~75%),3,ForzaIncentivante_lordo,Proportional to Consumption,Pearson Key,CER_5_15_0,CER_6_19_0,20,25,-1.0049,0.856548,0
taglia,fascia 3 (~75%),3,ForzaIncentivante_lordo,Proportional to Consumption,Pearson-Sharing Rate,CER_5_15_0,CER_6_19_0,20,25,-0.971815,0.845156,0
taglia,fascia 3 (~75%),3,ForzaIncentivante_lordo,Proportional to Consumption,Similarity-Utilization,CER_5_15_0,CER_6_19_0,20,25,-3.2068,0.704048,0
taglia,fascia 3 (~75%),3,ForzaIncentivante_lordo,Proportional to Consumption,Marginal Contribution,CER_5_15_0,CER_6_19_0,20,25,-0.407633,0.602026,0
taglia,fascia 3 (~75%),3,ForzaIncentivante_lordo,Proportional to Consumption,Stratified Expected Value,CER_5_15_0,CER_6_19_0,20,25,-0.59429,0.678989,0
taglia,fascia 3 (~75%),3,ForzaIncentivante_lordo,Proportional to Consumption,Adaptive Sampling Shapley,CER_2_3_0,CER_2_6_0,5,8,1.3348,-2.03889,0
taglia,fascia 3 (~75%),3,ForzaIncentivante_lordo,Proportional to Consumption,Adaptive Sampling Shapley,CER_5_15_0,CER_6_19_0,20,25,-0.421625,0.335963,0
taglia,fascia 3 (~75%),3,ForzaIncentivante_lordo,Proportional to Consumption,Tri-level EP,CER_5_15_0,CER_6_19_0,20,25,-0.829701,0.807691,0
taglia,fascia 3 (~75%),3,ForzaIncentivante_lordo,Remuneration Model 1,Cascading Tree,CER_5_15_0,CER_6_19_0,20,25,0.516407,-1.33271,0
taglia,fascia 3 (~75%),3,ForzaIncentivante_lordo,Remuneration Model 1,Weighted Solidarity,CER_4_14_0,CER_5_15_0,18,20,2.30128,-0.0532038,0
taglia,fascia 3 (~75%),3,ForzaIncentivante_lordo,Remuneration Model 1,Pearson Key,CER_5_15_0,CER_6_19_0,20,25,-2.10827,2.20145,0
taglia,fascia 3 (~75%),3,ForzaIncentivante_lordo,Remuneration Model 1,Pearson-Sharing Rate,CER_5_15_0,CER_6_19_0,20,25,-2.07519,2.19005,0
taglia,fascia 3 (~75%),3,ForzaIncentivante_lordo,Remuneration Model 1,Similarity-Utilization,CER_5_15_0,CER_6_19_0,20,25,-4.31018,2.04894,0
taglia,fascia 3 (~75%),3,ForzaIncentivante_lordo,Remuneration Model 1,Marginal Contribution,CER_5_15_0,CER_6_19_0,20,25,-1.51101,1.94692,0
taglia,fascia 3 (~75%),3,ForzaIncentivante_lordo,Remuneration Model 1,Stratified Expected Value,CER_5_15_0,CER_6_19_0,20,25,-1.69766,2.02389,0
taglia,fascia 3 (~75%),3,ForzaIncentivante_lordo,Remuneration Model 1,Adaptive Sampling Shapley,CER_5_15_0,CER_6_19_0,20,25,-1.525,1.68086,0
taglia,fascia 3 (~75%),3,ForzaIncentivante_lordo,Remuneration Model 1,Tri-level EP,CER_5_15_0,CER_6_19_0,20,25,-1.93307,2.15259,0
taglia,fascia 3 (~75%),3,ForzaIncentivante_lordo,Cascading Tree,Weighted Solidarity,CER_2_3_0,CER_2_6_0,5,8,-1.51577,2.05364,0
taglia,fascia 3 (~75%),3,ForzaIncentivante_lordo,Cascading Tree,Weighted Solidarity,CER_2_6_0,CER_2_8_0,8,10,2.05364,-0.246811,0
taglia,fascia 3 (~75%),3,ForzaIncentivante_lordo,Cascading Tree,Weighted Solidarity,CER_5_15_0,CER_6_19_0,20,25,-0.569611,0.23431,0
taglia,fascia 3 (~75%),3,ForzaIncentivante_lordo,Cascading Tree,Pearson Key,CER_5_15_0,CER_6_19_0,20,25,-2.62468,3.53415,0
taglia,fascia 3 (~75%),3,ForzaIncentivante_lordo,Cascading Tree,Pearson-Sharing Rate,CER_5_15_0,CER_6_19_0,20,25,-2.5916,3.52276,0
taglia,fascia 3 (~75%),3,ForzaIncentivante_lordo,Cascading Tree,Similarity-Utilization,CER_5_15_0,CER_6_19_0,20,25,-4.82658,3.38165,0
taglia,fascia 3 (~75%),3,ForzaIncentivante_lordo,Cascading Tree,Marginal Contribution,CER_5_15_0,CER_6_19_0,20,25,-2.02741,3.27963,0
taglia,fascia 3 (~75%),3,ForzaIncentivante_lordo,Cascading Tree,Stratified Expected Value,CER_5_15_0,CER_6_19_0,20,25,-2.21407,3.35659,0
taglia,fascia 3 (~75%),3,ForzaIncentivante_lordo,Cascading Tree,Adaptive Sampling Shapley,CER_5_15_0,CER_6_19_0,20,25,-2.04141,3.01357,0
taglia,fascia 3 (~75%),3,ForzaIncentivante_lordo,Cascading Tree,Tri-level EP,CER_5_15_0,CER_6_19_0,20,25,-2.44948,3.48529,0
taglia,fascia 3 (~75%),3,ForzaIncentivante_lordo,Weighted Solidarity,Pearson Key,CER_5_15_0,CER_6_19_0,20,25,-2.05507,3.29984,0
taglia,fascia 3 (~75%),3,ForzaIncentivante_lordo,Weighted Solidarity,Pearson-Sharing Rate,CER_5_15_0,CER_6_19_0,20,25,-2.02198,3.28845,0
taglia,fascia 3 (~75%),3,ForzaIncentivante_lordo,Weighted Solidarity,Similarity-Utilization,CER_5_15_0,CER_6_19_0,20,25,-4.25697,3.14734,0
taglia,fascia 3 (~75%),3,ForzaIncentivante_lordo,Weighted Solidarity,Marginal Contribution,CER_5_15_0,CER_6_19_0,20,25,-1.4578,3.04532,0
taglia,fascia 3 (~75%),3,ForzaIncentivante_lordo,Weighted Solidarity,Stratified Expected Value,CER_5_15_0,CER_6_19_0,20,25,-1.64446,3.12228,0
taglia,fascia 3 (~75%),3,ForzaIncentivante_lordo,Weighted Solidarity,Adaptive Sampling Shapley,CER_5_15_0,CER_6_19_0,20,25,-1.4718,2.77926,0
taglia,fascia 3 (~75%),3,ForzaIncentivante_lordo,Weighted Solidarity,Tri-level EP,CER_5_15_0,CER_6_19_0,20,25,-1.87987,3.25098,0
taglia,fascia 3 (~75%),3,ForzaIncentivante_lordo,Pearson Key,Pearson-Sharing Rate,CER_5_15_0,CER_6_19_0,20,25,0.0330844,-0.0113926,0
taglia,fascia 3 (~75%),3,ForzaIncentivante_lordo,Pearson Key,Marginal Contribution,CER_5_15_0,CER_6_19_0,20,25,0.597267,-0.254522,0
taglia,fascia 3 (~75%),3,ForzaIncentivante_lordo,Pearson Key,Stratified Expected Value,CER_2_3_0,CER_2_6_0,5,8,1.89551,-0.209999,0
taglia,fascia 3 (~75%),3,ForzaIncentivante_lordo,Pearson Key,Stratified Expected Value,CER_2_8_0,CER_4_11_0,10,15,-0.194949,0.500389,0
taglia,fascia 3 (~75%),3,ForzaIncentivante_lordo,Pearson Key,Stratified Expected Value,CER_5_15_0,CER_6_19_0,20,25,0.410609,-0.17756,0
taglia,fascia 3 (~75%),3,ForzaIncentivante_lordo,Pearson Key,Adaptive Sampling Shapley,CER_5_15_0,CER_6_19_0,20,25,0.583274,-0.520586,0
taglia,fascia 3 (~75%),3,ForzaIncentivante_lordo,Pearson Key,Tri-level EP,CER_5_15_0,CER_6_19_0,20,25,0.175198,-0.0488576,0
taglia,fascia 3 (~75%),3,ForzaIncentivante_lordo,Pearson-Sharing Rate,Marginal Contribution,CER_5_15_0,CER_6_19_0,20,25,0.564182,-0.243129,0
taglia,fascia 3 (~75%),3,ForzaIncentivante_lordo,Pearson-Sharing Rate,Stratified Expected Value,CER_2_3_0,CER_2_6_0,5,8,1.87734,-0.256649,0
taglia,fascia 3 (~75%),3,ForzaIncentivante_lordo,Pearson-Sharing Rate,Stratified Expected Value,CER_2_8_0,CER_4_11_0,10,15,-0.250199,0.410817,0
taglia,fascia 3 (~75%),3,ForzaIncentivante_lordo,Pearson-Sharing Rate,Stratified Expected Value,CER_5_15_0,CER_6_19_0,20,25,0.377524,-0.166167,0
taglia,fascia 3 (~75%),3,ForzaIncentivante_lordo,Pearson-Sharing Rate,Adaptive Sampling Shapley,CER_5_15_0,CER_6_19_0,20,25,0.55019,-0.509193,0
taglia,fascia 3 (~75%),3,ForzaIncentivante_lordo,Pearson-Sharing Rate,Tri-level EP,CER_5_15_0,CER_6_19_0,20,25,0.142114,-0.0374649,0
taglia,fascia 3 (~75%),3,ForzaIncentivante_lordo,Similarity-Utilization,Marginal Contribution,CER_5_15_0,CER_6_19_0,20,25,2.79917,-0.102021,0
taglia,fascia 3 (~75%),3,ForzaIncentivante_lordo,Similarity-Utilization,Stratified Expected Value,CER_5_15_0,CER_6_19_0,20,25,2.61251,-0.025059,0
taglia,fascia 3 (~75%),3,ForzaIncentivante_lordo,Similarity-Utilization,Adaptive Sampling Shapley,CER_5_15_0,CER_6_19_0,20,25,2.78518,-0.368085,0
taglia,fascia 3 (~75%),3,ForzaIncentivante_lordo,Marginal Contribution,Stratified Expected Value,CER_5_15_0,CER_6_19_0,20,25,-0.186658,0.0769623,0
taglia,fascia 3 (~75%),3,ForzaIncentivante_lordo,Marginal Contribution,Adaptive Sampling Shapley,CER_4_14_0,CER_5_15_0,18,20,0.277837,-0.0139925,0
taglia,fascia 3 (~75%),3,ForzaIncentivante_lordo,Marginal Contribution,Tri-level EP,CER_5_15_0,CER_6_19_0,20,25,-0.422068,0.205665,0
taglia,fascia 3 (~75%),3,ForzaIncentivante_lordo,Stratified Expected Value,Adaptive Sampling Shapley,CER_5_15_0,CER_6_19_0,20,25,0.172665,-0.343026,0
taglia,fascia 3 (~75%),3,ForzaIncentivante_lordo,Stratified Expected Value,Tri-level EP,CER_2_3_0,CER_2_6_0,5,8,-1.38423,0.63891,0
taglia,fascia 3 (~75%),3,ForzaIncentivante_lordo,Stratified Expected Value,Tri-level EP,CER_4_11_0,CER_4_14_0,15,18,0.0147053,-0.325544,0
taglia,fascia 3 (~75%),3,ForzaIncentivante_lordo,Stratified Expected Value,Tri-level EP,CER_5_15_0,CER_6_19_0,20,25,-0.235411,0.128702,0
taglia,fascia 3 (~75%),3,ForzaIncentivante_lordo,Adaptive Sampling Shapley,Tri-level EP,CER_5_15_0,CER_6_19_0,20,25,-0.408076,0.471728,0
taglia,fascia 3 (~75%),3,AllineamentoVirtu_lordo,Variance Least Core,Equal Split,CER_5_15_0,CER_6_19_0,20,25,0.0331089,-0.273221,0
taglia,fascia 3 (~75%),3,AllineamentoVirtu_lordo,Variance Least Core,Proportional to Consumption,CER_5_15_0,CER_6_19_0,20,25,0.0202041,-0.000146386,0
taglia,fascia 3 (~75%),3,AllineamentoVirtu_lordo,Variance Least Core,Remuneration Model 1,CER_2_3_0,CER_2_6_0,5,8,0.219335,-0.0266249,0
taglia,fascia 3 (~75%),3,AllineamentoVirtu_lordo,Variance Least Core,Remuneration Model 1,CER_2_6_0,CER_2_8_0,8,10,-0.0266249,0.0157513,0
taglia,fascia 3 (~75%),3,AllineamentoVirtu_lordo,Variance Least Core,Cascading Tree,CER_5_15_0,CER_6_19_0,20,25,0.623101,-0.0757151,0
taglia,fascia 3 (~75%),3,AllineamentoVirtu_lordo,Variance Least Core,Weighted Solidarity,CER_5_15_0,CER_6_19_0,20,25,0.166762,-0.1497,0
taglia,fascia 3 (~75%),3,AllineamentoVirtu_lordo,Variance Least Core,Pearson Key,CER_4_11_0,CER_4_14_0,15,18,0.000571343,-0.00959093,0
taglia,fascia 3 (~75%),3,AllineamentoVirtu_lordo,Variance Least Core,Pearson-Sharing Rate,CER_4_11_0,CER_4_14_0,15,18,0.00242582,-0.00897199,0
taglia,fascia 3 (~75%),3,AllineamentoVirtu_lordo,Variance Least Core,Marginal Contribution,CER_2_3_0,CER_2_6_0,5,8,0.0209777,-0.000835364,0
taglia,fascia 3 (~75%),3,AllineamentoVirtu_lordo,Variance Least Core,Marginal Contribution,CER_2_6_0,CER_2_8_0,8,10,-0.000835364,0.000119638,0
taglia,fascia 3 (~75%),3,AllineamentoVirtu_lordo,Variance Least Core,Marginal Contribution,CER_5_15_0,CER_6_19_0,20,25,0.00205648,-0.000148023,0
taglia,fascia 3 (~75%),3,AllineamentoVirtu_lordo,Variance Least Core,Adaptive Sampling Shapley,CER_2_3_0,CER_2_6_0,5,8,0.0591658,-0.0234959,0
taglia,fascia 3 (~75%),3,AllineamentoVirtu_lordo,Variance Least Core,Tri-level EP,CER_4_11_0,CER_4_14_0,15,18,0.0131727,-0.00419952,0
taglia,fascia 3 (~75%),3,AllineamentoVirtu_lordo,Equal Split,Proportional to Consumption,CER_5_15_0,CER_6_19_0,20,25,-0.0129049,0.273075,0
taglia,fascia 3 (~75%),3,AllineamentoVirtu_lordo,Equal Split,Remuneration Model 1,CER_4_14_0,CER_5_15_0,18,20,-0.0737172,0.113832,0
taglia,fascia 3 (~75%),3,AllineamentoVirtu_lordo,Equal Split,Pearson Key,CER_5_15_0,CER_6_19_0,20,25,-0.0535456,0.259548,0
taglia,fascia 3 (~75%),3,AllineamentoVirtu_lordo,Equal Split,Pearson-Sharing Rate,CER_5_15_0,CER_6_19_0,20,25,-0.052271,0.259547,0
taglia,fascia 3 (~75%),3,AllineamentoVirtu_lordo,Equal Split,Similarity-Utilization,CER_5_15_0,CER_6_19_0,20,25,-0.141349,0.231875,0
taglia,fascia 3 (~75%),3,AllineamentoVirtu_lordo,Equal Split,Marginal Contribution,CER_5_15_0,CER_6_19_0,20,25,-0.0310525,0.273073,0
taglia,fascia 3 (~75%),3,AllineamentoVirtu_lordo,Equal Split,Stratified Expected Value,CER_5_15_0,CER_6_19_0,20,25,-0.0391419,0.271496,0
taglia,fascia 3 (~75%),3,AllineamentoVirtu_lordo,Equal Split,Adaptive Sampling Shapley,CER_5_15_0,CER_6_19_0,20,25,-0.0347989,0.271815,0
taglia,fascia 3 (~75%),3,AllineamentoVirtu_lordo,Equal Split,Tri-level EP,CER_5_15_0,CER_6_19_0,20,25,-0.0464954,0.259812,0
taglia,fascia 3 (~75%),3,AllineamentoVirtu_lordo,Proportional to Consumption,Remuneration Model 1,CER_2_3_0,CER_2_6_0,5,8,0.0736368,-0.115204,0
taglia,fascia 3 (~75%),3,AllineamentoVirtu_lordo,Proportional to Consumption,Remuneration Model 1,CER_4_11_0,CER_4_14_0,15,18,-0.0159147,0.0854624,0
taglia,fascia 3 (~75%),3,AllineamentoVirtu_lordo,Proportional to Consumption,Cascading Tree,CER_5_15_0,CER_6_19_0,20,25,0.602897,-0.0755687,0
taglia,fascia 3 (~75%),3,AllineamentoVirtu_lordo,Proportional to Consumption,Weighted Solidarity,CER_5_15_0,CER_6_19_0,20,25,0.146558,-0.149554,0
taglia,fascia 3 (~75%),3,AllineamentoVirtu_lordo,Remuneration Model 1,Cascading Tree,CER_5_15_0,CER_6_19_0,20,25,0.47616,-0.126445,0
taglia,fascia 3 (~75%),3,AllineamentoVirtu_lordo,Remuneration Model 1,Weighted Solidarity,CER_5_15_0,CER_6_19_0,20,25,0.0198212,-0.20043,0
taglia,fascia 3 (~75%),3,AllineamentoVirtu_lordo,Remuneration Model 1,Pearson Key,CER_2_3_0,CER_2_6_0,5,8,-0.211728,0.0413542,0
taglia,fascia 3 (~75%),3,AllineamentoVirtu_lordo,Remuneration Model 1,Pearson Key,CER_2_6_0,CER_2_8_0,8,10,0.0413542,-0.00362581,0
taglia,fascia 3 (~75%),3,AllineamentoVirtu_lordo,Remuneration Model 1,Pearson-Sharing Rate,CER_2_3_0,CER_2_6_0,5,8,-0.212789,0.0420991,0
taglia,fascia 3 (~75%),3,AllineamentoVirtu_lordo,Remuneration Model 1,Pearson-Sharing Rate,CER_2_6_0,CER_2_8_0,8,10,0.0420991,-0.00278262,0
taglia,fascia 3 (~75%),3,AllineamentoVirtu_lordo,Remuneration Model 1,Marginal Contribution,CER_2_3_0,CER_2_6_0,5,8,-0.198357,0.0257895,0
taglia,fascia 3 (~75%),3,AllineamentoVirtu_lordo,Remuneration Model 1,Marginal Contribution,CER_2_6_0,CER_2_8_0,8,10,0.0257895,-0.0156316,0
taglia,fascia 3 (~75%),3,AllineamentoVirtu_lordo,Remuneration Model 1,Stratified Expected Value,CER_2_3_0,CER_2_6_0,5,8,-0.224459,0.00717036,0
taglia,fascia 3 (~75%),3,AllineamentoVirtu_lordo,Remuneration Model 1,Stratified Expected Value,CER_2_6_0,CER_2_8_0,8,10,0.00717036,-0.0396439,0
taglia,fascia 3 (~75%),3,AllineamentoVirtu_lordo,Remuneration Model 1,Adaptive Sampling Shapley,CER_2_3_0,CER_2_6_0,5,8,-0.160169,0.003129,0
taglia,fascia 3 (~75%),3,AllineamentoVirtu_lordo,Remuneration Model 1,Adaptive Sampling Shapley,CER_2_6_0,CER_2_8_0,8,10,0.003129,-0.040456,0
taglia,fascia 3 (~75%),3,AllineamentoVirtu_lordo,Remuneration Model 1,Tri-level EP,CER_2_3_0,CER_2_6_0,5,8,-0.191916,0.0526427,0
taglia,fascia 3 (~75%),3,AllineamentoVirtu_lordo,Remuneration Model 1,Tri-level EP,CER_2_8_0,CER_4_11_0,10,15,0.0104569,-0.0410558,0
taglia,fascia 3 (~75%),3,AllineamentoVirtu_lordo,Cascading Tree,Weighted Solidarity,CER_2_3_0,CER_2_6_0,5,8,-0.581703,0.0770627,0
taglia,fascia 3 (~75%),3,AllineamentoVirtu_lordo,Cascading Tree,Weighted Solidarity,CER_2_6_0,CER_2_8_0,8,10,0.0770627,-0.455634,0
taglia,fascia 3 (~75%),3,AllineamentoVirtu_lordo,Cascading Tree,Pearson Key,CER_5_15_0,CER_6_19_0,20,25,-0.643538,0.0620424,0
taglia,fascia 3 (~75%),3,AllineamentoVirtu_lordo,Cascading Tree,Pearson-Sharing Rate,CER_5_15_0,CER_6_19_0,20,25,-0.642263,0.0620413,0
taglia,fascia 3 (~75%),3,AllineamentoVirtu_lordo,Cascading Tree,Similarity-Utilization,CER_5_15_0,CER_6_19_0,20,25,-0.731341,0.034369,0
taglia,fascia 3 (~75%),3,AllineamentoVirtu_lordo,Cascading Tree,Marginal Contribution,CER_5_15_0,CER_6_19_0,20,25,-0.621045,0.0755671,0
taglia,fascia 3 (~75%),3,AllineamentoVirtu_lordo,Cascading Tree,Stratified Expected Value,CER_5_15_0,CER_6_19_0,20,25,-0.629134,0.0739903,0
taglia,fascia 3 (~75%),3,AllineamentoVirtu_lordo,Cascading Tree,Adaptive Sampling Shapley,CER_5_15_0,CER_6_19_0,20,25,-0.624791,0.0743088,0
taglia,fascia 3 (~75%),3,AllineamentoVirtu_lordo,Cascading Tree,Tri-level EP,CER_5_15_0,CER_6_19_0,20,25,-0.636488,0.0623056,0
taglia,fascia 3 (~75%),3,AllineamentoVirtu_lordo,Weighted Solidarity,Pearson Key,CER_5_15_0,CER_6_19_0,20,25,-0.187199,0.136027,0
taglia,fascia 3 (~75%),3,AllineamentoVirtu_lordo,Weighted Solidarity,Pearson-Sharing Rate,CER_5_15_0,CER_6_19_0,20,25,-0.185925,0.136026,0
taglia,fascia 3 (~75%),3,AllineamentoVirtu_lordo,Weighted Solidarity,Similarity-Utilization,CER_5_15_0,CER_6_19_0,20,25,-0.275002,0.108354,0
taglia,fascia 3 (~75%),3,AllineamentoVirtu_lordo,Weighted Solidarity,Marginal Contribution,CER_5_15_0,CER_6_19_0,20,25,-0.164706,0.149552,0
taglia,fascia 3 (~75%),3,AllineamentoVirtu_lordo,Weighted Solidarity,Stratified Expected Value,CER_5_15_0,CER_6_19_0,20,25,-0.172795,0.147975,0
taglia,fascia 3 (~75%),3,AllineamentoVirtu_lordo,Weighted Solidarity,Adaptive Sampling Shapley,CER_5_15_0,CER_6_19_0,20,25,-0.168452,0.148294,0
taglia,fascia 3 (~75%),3,AllineamentoVirtu_lordo,Weighted Solidarity,Tri-level EP,CER_5_15_0,CER_6_19_0,20,25,-0.180149,0.136291,0
taglia,fascia 3 (~75%),3,AllineamentoVirtu_lordo,Pearson Key,Pearson-Sharing Rate,CER_2_3_0,CER_2_6_0,5,8,-0.00106061,0.000744949,0
taglia,fascia 3 (~75%),3,AllineamentoVirtu_lordo,Pearson Key,Pearson-Sharing Rate,CER_5_15_0,CER_6_19_0,20,25,0.00127466,-1.10456e-06,0
taglia,fascia 3 (~75%),3,AllineamentoVirtu_lordo,Pearson Key,Marginal Contribution,CER_2_3_0,CER_2_6_0,5,8,0.0133705,-0.0155646,0
taglia,fascia 3 (~75%),3,AllineamentoVirtu_lordo,Pearson Key,Marginal Contribution,CER_4_11_0,CER_4_14_0,15,18,-0.000287592,0.0112001,0
taglia,fascia 3 (~75%),3,AllineamentoVirtu_lordo,Pearson Key,Stratified Expected Value,CER_4_11_0,CER_4_14_0,15,18,-0.014151,0.00193528,0
taglia,fascia 3 (~75%),3,AllineamentoVirtu_lordo,Pearson Key,Adaptive Sampling Shapley,CER_2_3_0,CER_2_6_0,5,8,0.0515586,-0.0382252,0
taglia,fascia 3 (~75%),3,AllineamentoVirtu_lordo,Pearson Key,Adaptive Sampling Shapley,CER_4_11_0,CER_4_14_0,15,18,-0.0109006,0.00526444,0
taglia,fascia 3 (~75%),3,AllineamentoVirtu_lordo,Pearson-Sharing Rate,Marginal Contribution,CER_2_3_0,CER_2_6_0,5,8,0.0144311,-0.0163096,0
taglia,fascia 3 (~75%),3,AllineamentoVirtu_lordo,Pearson-Sharing Rate,Marginal Contribution,CER_4_11_0,CER_4_14_0,15,18,-0.00214207,0.0105811,0
taglia,fascia 3 (~75%),3,AllineamentoVirtu_lordo,Pearson-Sharing Rate,Stratified Expected Value,CER_4_11_0,CER_4_14_0,15,18,-0.0160055,0.00131634,0
taglia,fascia 3 (~75%),3,AllineamentoVirtu_lordo,Pearson-Sharing Rate,Adaptive Sampling Shapley,CER_2_3_0,CER_2_6_0,5,8,0.0526193,-0.0389701,0
taglia,fascia 3 (~75%),3,AllineamentoVirtu_lordo,Pearson-Sharing Rate,Adaptive Sampling Shapley,CER_4_11_0,CER_4_14_0,15,18,-0.0127551,0.0046455,0
taglia,fascia 3 (~75%),3,AllineamentoVirtu_lordo,Marginal Contribution,Adaptive Sampling Shapley,CER_2_3_0,CER_2_6_0,5,8,0.0381881,-0.0226605,0
taglia,fascia 3 (~75%),3,AllineamentoVirtu_lordo,Marginal Contribution,Tri-level EP,CER_4_11_0,CER_4_14_0,15,18,0.012889,-0.00580865,0
taglia,fascia 3 (~75%),3,AllineamentoVirtu_lordo,Stratified Expected Value,Adaptive Sampling Shapley,CER_2_3_0,CER_2_6_0,5,8,0.0642897,-0.00404135,0
taglia,fascia 3 (~75%),3,AllineamentoVirtu_lordo,Stratified Expected Value,Adaptive Sampling Shapley,CER_2_8_0,CER_4_11_0,10,15,-0.000812138,0.00325042,0
taglia,fascia 3 (~75%),3,AllineamentoVirtu_lordo,Stratified Expected Value,Tri-level EP,CER_4_14_0,CER_5_15_0,18,20,0.00345613,-0.0073535,0
taglia,fascia 3 (~75%),3,AllineamentoVirtu_lordo,Adaptive Sampling Shapley,Tri-level EP,CER_2_3_0,CER_2_6_0,5,8,-0.0317464,0.0495137,0
taglia,fascia 3 (~75%),3,AllineamentoVirtu_lordo,Adaptive Sampling Shapley,Tri-level EP,CER_4_14_0,CER_5_15_0,18,20,0.000126964,-0.0116965,0
taglia,fascia 4 (~100%),4,QoS_orig,Variance Least Core,Pearson Key,CER_0_5_0,CER_0_8_0,5,8,0.00291668,-0.00124007,0
taglia,fascia 4 (~100%),4,QoS_orig,Variance Least Core,Pearson-Sharing Rate,CER_0_5_0,CER_0_8_0,5,8,0.00263618,-0.00130479,0
taglia,fascia 4 (~100%),4,QoS_orig,Variance Least Core,Tri-level EP,CER_0_5_0,CER_0_8_0,5,8,0.00355101,-0.000500977,0
taglia,fascia 4 (~100%),4,QoS_orig,Variance Least Core,Tri-level EP,CER_0_20_0,CER_0_25_0,20,25,-0.00114056,7.89731e-05,0
taglia,fascia 4 (~100%),4,QoS_orig,Proportional to Consumption,Marginal Contribution,CER_0_5_0,CER_0_8_0,5,8,-5.49329e-05,0.0121797,0
taglia,fascia 4 (~100%),4,QoS_orig,Proportional to Consumption,Stratified Expected Value,CER_0_5_0,CER_0_8_0,5,8,-0.000798056,0.0112688,0
taglia,fascia 4 (~100%),4,QoS_orig,Proportional to Consumption,Adaptive Sampling Shapley,CER_0_5_0,CER_0_8_0,5,8,-0.00578997,0.00536046,0
taglia,fascia 4 (~100%),4,QoS_orig,Remuneration Model 1,Weighted Solidarity,CER_0_5_0,CER_0_8_0,5,8,-0.000161514,0.00863067,0
taglia,fascia 4 (~100%),4,QoS_orig,Remuneration Model 1,Weighted Solidarity,CER_0_8_0,CER_0_10_0,8,10,0.00863067,-0.00924191,0
taglia,fascia 4 (~100%),4,QoS_orig,Pearson Key,Marginal Contribution,CER_0_18_0,CER_0_20_0,18,20,-0.0010696,0.000353801,0
taglia,fascia 4 (~100%),4,QoS_orig,Pearson Key,Marginal Contribution,CER_0_20_0,CER_0_25_0,20,25,0.000353801,-0.000631175,0
taglia,fascia 4 (~100%),4,QoS_orig,Pearson Key,Stratified Expected Value,CER_0_18_0,CER_0_20_0,18,20,-0.00140169,6.59276e-06,0
taglia,fascia 4 (~100%),4,QoS_orig,Pearson Key,Stratified Expected Value,CER_0_20_0,CER_0_25_0,20,25,6.59276e-06,-0.000881828,0
taglia,fascia 4 (~100%),4,QoS_orig,Pearson-Sharing Rate,Marginal Contribution,CER_0_18_0,CER_0_20_0,18,20,-0.0010008,0.000393451,0
taglia,fascia 4 (~100%),4,QoS_orig,Pearson-Sharing Rate,Marginal Contribution,CER_0_20_0,CER_0_25_0,20,25,0.000393451,-0.000622477,0
taglia,fascia 4 (~100%),4,QoS_orig,Pearson-Sharing Rate,Stratified Expected Value,CER_0_18_0,CER_0_20_0,18,20,-0.00133289,4.62429e-05,0
taglia,fascia 4 (~100%),4,QoS_orig,Pearson-Sharing Rate,Stratified Expected Value,CER_0_20_0,CER_0_25_0,20,25,4.62429e-05,-0.000873131,0
taglia,fascia 4 (~100%),4,QoS_orig,Similarity-Utilization,Marginal Contribution,CER_0_5_0,CER_0_8_0,5,8,-0.00638558,0.000927159,0
taglia,fascia 4 (~100%),4,QoS_orig,Similarity-Utilization,Stratified Expected Value,CER_0_5_0,CER_0_8_0,5,8,-0.0071287,1.63011e-05,0
taglia,fascia 4 (~100%),4,QoS_orig,Similarity-Utilization,Adaptive Sampling Shapley,CER_0_10_0,CER_0_15_0,10,15,-0.000971851,0.000129784,0
taglia,fascia 4 (~100%),4,QoS_orig,Similarity-Utilization,Adaptive Sampling Shapley,CER_0_20_0,CER_0_25_0,20,25,0.00129671,-0.000386513,0
taglia,fascia 4 (~100%),4,EI_orig,Variance Least Core,Proportional to Consumption,CER_0_5_0,CER_0_8_0,5,8,0.013579,-0.0845386,0
taglia,fascia 4 (~100%),4,EI_orig,Variance Least Core,Similarity-Utilization,CER_0_5_0,CER_0_8_0,5,8,0.0128383,-0.0212656,0
taglia,fascia 4 (~100%),4,EI_orig,Variance Least Core,Similarity-Utilization,CER_0_15_0,CER_0_18_0,15,18,-0.0137328,0.011021,0
taglia,fascia 4 (~100%),4,EI_orig,Proportional to Consumption,Similarity-Utilization,CER_0_5_0,CER_0_8_0,5,8,-0.000740717,0.0632729,0
taglia,fascia 4 (~100%),4,EI_orig,Proportional to Consumption,Marginal Contribution,CER_0_5_0,CER_0_8_0,5,8,-0.0928879,0.0260704,0
taglia,fascia 4 (~100%),4,EI_orig,Proportional to Consumption,Marginal Contribution,CER_0_8_0,CER_0_10_0,8,10,0.0260704,-0.00559255,0
taglia,fascia 4 (~100%),4,EI_orig,Proportional to Consumption,Marginal Contribution,CER_0_10_0,CER_0_15_0,10,15,-0.00559255,0.00709988,0
taglia,fascia 4 (~100%),4,EI_orig,Proportional to Consumption,Marginal Contribution,CER_0_18_0,CER_0_20_0,18,20,0.00108604,-0.00138236,0
taglia,fascia 4 (~100%),4,EI_orig,Proportional to Consumption,Marginal Contribution,CER_0_20_0,CER_0_25_0,20,25,-0.00138236,0.000382469,0
taglia,fascia 4 (~100%),4,EI_orig,Proportional to Consumption,Stratified Expected Value,CER_0_5_0,CER_0_8_0,5,8,-0.0998295,0.02013,0
taglia,fascia 4 (~100%),4,EI_orig,Proportional to Consumption,Stratified Expected Value,CER_0_8_0,CER_0_10_0,8,10,0.02013,-0.0122976,0
taglia,fascia 4 (~100%),4,EI_orig,Proportional to Consumption,Stratified Expected Value,CER_0_10_0,CER_0_15_0,10,15,-0.0122976,0.00369226,0
taglia,fascia 4 (~100%),4,EI_orig,Proportional to Consumption,Stratified Expected Value,CER_0_15_0,CER_0_18_0,15,18,0.00369226,-0.00182597,0
taglia,fascia 4 (~100%),4,EI_orig,Pearson Key,Pearson-Sharing Rate,CER_0_15_0,CER_0_18_0,15,18,-0.000717767,0.000375565,0
taglia,fascia 4 (~100%),4,EI_orig,Pearson Key,Pearson-Sharing Rate,CER_0_18_0,CER_0_20_0,18,20,0.000375565,-0.000279978,0
taglia,fascia 4 (~100%),4,EI_orig,Pearson Key,Pearson-Sharing Rate,CER_0_20_0,CER_0_25_0,20,25,-0.000279978,0.00012533,0
taglia,fascia 4 (~100%),4,EI_new,Variance Least Core,Weighted Solidarity,CER_0_5_0,CER_0_8_0,5,8,0.00458695,-0.0613611,0
taglia,fascia 4 (~100%),4,EI_new,Variance Least Core,Weighted Solidarity,CER_0_8_0,CER_0_10_0,8,10,-0.0613611,0.00620885,0
taglia,fascia 4 (~100%),4,EI_new,Variance Least Core,Weighted Solidarity,CER_0_20_0,CER_0_25_0,20,25,0.00551879,-0.00829766,0
taglia,fascia 4 (~100%),4,EI_new,Variance Least Core,Pearson Key,CER_0_20_0,CER_0_25_0,20,25,-0.00178636,0.0152662,0
taglia,fascia 4 (~100%),4,EI_new,Variance Least Core,Pearson-Sharing Rate,CER_0_20_0,CER_0_25_0,20,25,-0.00197178,0.0153099,0
taglia,fascia 4 (~100%),4,EI_new,Variance Least Core,Similarity-Utilization,CER_0_20_0,CER_0_25_0,20,25,-0.00229039,0.0341284,0
taglia,fascia 4 (~100%),4,EI_new,Variance Least Core,Tri-level EP,CER_0_15_0,CER_0_18_0,15,18,-0.00761975,0.00345589,0
taglia,fascia 4 (~100%),4,EI_new,Proportional to Consumption,Adaptive Sampling Shapley,CER_0_5_0,CER_0_8_0,5,8,-0.00731918,0.0539915,0
taglia,fascia 4 (~100%),4,EI_new,Weighted Solidarity,Pearson Key,CER_0_5_0,CER_0_8_0,5,8,-0.0251094,0.0292486,0
taglia,fascia 4 (~100%),4,EI_new,Weighted Solidarity,Pearson Key,CER_0_8_0,CER_0_10_0,8,10,0.0292486,-0.0274956,0
taglia,fascia 4 (~100%),4,EI_new,Weighted Solidarity,Pearson Key,CER_0_20_0,CER_0_25_0,20,25,-0.00730515,0.0235639,0
taglia,fascia 4 (~100%),4,EI_new,Weighted Solidarity,Pearson-Sharing Rate,CER_0_5_0,CER_0_8_0,5,8,-0.0314392,0.0269585,0
taglia,fascia 4 (~100%),4,EI_new,Weighted Solidarity,Pearson-Sharing Rate,CER_0_8_0,CER_0_10_0,8,10,0.0269585,-0.0310278,0
taglia,fascia 4 (~100%),4,EI_new,Weighted Solidarity,Pearson-Sharing Rate,CER_0_20_0,CER_0_25_0,20,25,-0.00749057,0.0236075,0
taglia,fascia 4 (~100%),4,EI_new,Weighted Solidarity,Similarity-Utilization,CER_0_5_0,CER_0_8_0,5,8,-0.0658961,0.0105482,0
taglia,fascia 4 (~100%),4,EI_new,Weighted Solidarity,Similarity-Utilization,CER_0_8_0,CER_0_10_0,8,10,0.0105482,-0.0515306,0
taglia,fascia 4 (~100%),4,EI_new,Weighted Solidarity,Similarity-Utilization,CER_0_20_0,CER_0_25_0,20,25,-0.00780918,0.0424261,0
taglia,fascia 4 (~100%),4,EI_new,Weighted Solidarity,Marginal Contribution,CER_0_5_0,CER_0_8_0,5,8,-0.0673149,0.0103711,0
taglia,fascia 4 (~100%),4,EI_new,Weighted Solidarity,Marginal Contribution,CER_0_8_0,CER_0_10_0,8,10,0.0103711,-0.0419865,0
taglia,fascia 4 (~100%),4,EI_new,Weighted Solidarity,Stratified Expected Value,CER_0_5_0,CER_0_8_0,5,8,-0.0680618,0.00775439,0
taglia,fascia 4 (~100%),4,EI_new,Weighted Solidarity,Stratified Expected Value,CER_0_8_0,CER_0_10_0,8,10,0.00775439,-0.0442183,0
taglia,fascia 4 (~100%),4,EI_new,Weighted Solidarity,Tri-level EP,CER_0_5_0,CER_0_8_0,5,8,-0.013836,0.0368358,0
taglia,fascia 4 (~100%),4,EI_new,Weighted Solidarity,Tri-level EP,CER_0_8_0,CER_0_10_0,8,10,0.0368358,-0.0189622,0
taglia,fascia 4 (~100%),4,EI_new,Weighted Solidarity,Tri-level EP,CER_0_18_0,CER_0_20_0,18,20,-0.0170664,0.000696995,0
taglia,fascia 4 (~100%),4,EI_new,Pearson Key,Pearson-Sharing Rate,CER_0_15_0,CER_0_18_0,15,18,-0.000451467,0.000457495,0
taglia,fascia 4 (~100%),4,EI_new,Pearson Key,Pearson-Sharing Rate,CER_0_18_0,CER_0_20_0,18,20,0.000457495,-0.000185425,0
taglia,fascia 4 (~100%),4,EI_new,Pearson Key,Pearson-Sharing Rate,CER_0_20_0,CER_0_25_0,20,25,-0.000185425,4.36371e-05,0
taglia,fascia 4 (~100%),4,EI_new,Pearson Key,Similarity-Utilization,CER_0_20_0,CER_0_25_0,20,25,-0.00050403,0.0188622,0
taglia,fascia 4 (~100%),4,EI_new,Pearson-Sharing Rate,Similarity-Utilization,CER_0_20_0,CER_0_25_0,20,25,-0.000318605,0.0188185,0
taglia,fascia 4 (~100%),4,EI_new,Similarity-Utilization,Marginal Contribution,CER_0_8_0,CER_0_10_0,8,10,-0.000177108,0.00954407,0
taglia,fascia 4 (~100%),4,EI_new,Similarity-Utilization,Marginal Contribution,CER_0_15_0,CER_0_18_0,15,18,0.0108301,-0.00606886,0
taglia,fascia 4 (~100%),4,EI_new,Similarity-Utilization,Stratified Expected Value,CER_0_8_0,CER_0_10_0,8,10,-0.00279383,0.00731232,0
taglia,fascia 4 (~100%),4,EI_new,Similarity-Utilization,Stratified Expected Value,CER_0_15_0,CER_0_18_0,15,18,0.0112816,-0.0064893,0
taglia,fascia 4 (~100%),4,EI_new,Similarity-Utilization,Tri-level EP,CER_0_20_0,CER_0_25_0,20,25,0.00850617,-0.0123423,0
taglia,fascia 4 (~100%),4,EI_new,Marginal Contribution,Stratified Expected Value,CER_0_10_0,CER_0_15_0,10,15,-0.00223175,0.000451532,0
taglia,fascia 4 (~100%),4,EI_new,Marginal Contribution,Stratified Expected Value,CER_0_15_0,CER_0_18_0,15,18,0.000451532,-0.000420439,0
taglia,fascia 4 (~100%),4,Jain,Variance Least Core,Pearson Key,CER_0_5_0,CER_0_8_0,5,8,0.00244215,-0.00196595,0
taglia,fascia 4 (~100%),4,Jain,Variance Least Core,Pearson-Sharing Rate,CER_0_5_0,CER_0_8_0,5,8,0.00215875,-0.00202983,0
taglia,fascia 4 (~100%),4,Jain,Variance Least Core,Tri-level EP,CER_0_5_0,CER_0_8_0,5,8,0.00309876,-0.00118051,0
taglia,fascia 4 (~100%),4,Jain,Proportional to Consumption,Adaptive Sampling Shapley,CER_0_5_0,CER_0_8_0,5,8,-0.00524857,0.00668378,0
taglia,fascia 4 (~100%),4,Jain,Remuneration Model 1,Weighted Solidarity,CER_0_8_0,CER_0_10_0,8,10,0.00979657,-0.00974592,0
taglia,fascia 4 (~100%),4,Jain,Pearson Key,Marginal Contribution,CER_0_18_0,CER_0_20_0,18,20,-0.00049734,0.000670432,0
taglia,fascia 4 (~100%),4,Jain,Pearson Key,Marginal Contribution,CER_0_20_0,CER_0_25_0,20,25,0.000670432,-0.000490642,0
taglia,fascia 4 (~100%),4,Jain,Pearson Key,Stratified Expected Value,CER_0_18_0,CER_0_20_0,18,20,-0.000849558,0.000306222,0
taglia,fascia 4 (~100%),4,Jain,Pearson Key,Stratified Expected Value,CER_0_20_0,CER_0_25_0,20,25,0.000306222,-0.000763878,0
taglia,fascia 4 (~100%),4,Jain,Pearson-Sharing Rate,Marginal Contribution,CER_0_18_0,CER_0_20_0,18,20,-0.000404955,0.000714737,0
taglia,fascia 4 (~100%),4,Jain,Pearson-Sharing Rate,Marginal Contribution,CER_0_20_0,CER_0_25_0,20,25,0.000714737,-0.000477695,0
taglia,fascia 4 (~100%),4,Jain,Pearson-Sharing Rate,Stratified Expected Value,CER_0_18_0,CER_0_20_0,18,20,-0.000757173,0.000350528,0
taglia,fascia 4 (~100%),4,Jain,Pearson-Sharing Rate,Stratified Expected Value,CER_0_20_0,CER_0_25_0,20,25,0.000350528,-0.000750931,0
taglia,fascia 4 (~100%),4,Jain,Similarity-Utilization,Marginal Contribution,CER_0_5_0,CER_0_8_0,5,8,-0.00619843,0.00161588,0
taglia,fascia 4 (~100%),4,Jain,Similarity-Utilization,Stratified Expected Value,CER_0_5_0,CER_0_8_0,5,8,-0.00696207,0.000649704,0
taglia,fascia 4 (~100%),4,Jain,Similarity-Utilization,Adaptive Sampling Shapley,CER_0_10_0,CER_0_15_0,10,15,-0.000351064,0.000849637,0
taglia,fascia 4 (~100%),4,Jain,Marginal Contribution,Tri-level EP,CER_0_18_0,CER_0_20_0,18,20,0.00101163,-0.000192615,0
taglia,fascia 4 (~100%),4,Jain,Marginal Contribution,Tri-level EP,CER_0_20_0,CER_0_25_0,20,25,-0.000192615,0.00104584,0
taglia,fascia 4 (~100%),4,Gini,Variance Least Core,Proportional to Consumption,CER_0_5_0,CER_0_8_0,5,8,0.013579,-0.0845386,0
taglia,fascia 4 (~100%),4,Gini,Variance Least Core,Similarity-Utilization,CER_0_5_0,CER_0_8_0,5,8,0.0128383,-0.0212656,0
taglia,fascia 4 (~100%),4,Gini,Variance Least Core,Similarity-Utilization,CER_0_15_0,CER_0_18_0,15,18,-0.0137328,0.011021,0
taglia,fascia 4 (~100%),4,Gini,Proportional to Consumption,Similarity-Utilization,CER_0_5_0,CER_0_8_0,5,8,-0.000740717,0.0632729,0
taglia,fascia 4 (~100%),4,Gini,Proportional to Consumption,Marginal Contribution,CER_0_5_0,CER_0_8_0,5,8,-0.0928879,0.0260704,0
taglia,fascia 4 (~100%),4,Gini,Proportional to Consumption,Marginal Contribution,CER_0_8_0,CER_0_10_0,8,10,0.0260704,-0.00559255,0
taglia,fascia 4 (~100%),4,Gini,Proportional to Consumption,Marginal Contribution,CER_0_10_0,CER_0_15_0,10,15,-0.00559255,0.00709988,0
taglia,fascia 4 (~100%),4,Gini,Proportional to Consumption,Marginal Contribution,CER_0_18_0,CER_0_20_0,18,20,0.00108604,-0.00138236,0
taglia,fascia 4 (~100%),4,Gini,Proportional to Consumption,Marginal Contribution,CER_0_20_0,CER_0_25_0,20,25,-0.00138236,0.000382469,0
taglia,fascia 4 (~100%),4,Gini,Proportional to Consumption,Stratified Expected Value,CER_0_5_0,CER_0_8_0,5,8,-0.0998295,0.02013,0
taglia,fascia 4 (~100%),4,Gini,Proportional to Consumption,Stratified Expected Value,CER_0_8_0,CER_0_10_0,8,10,0.02013,-0.0122976,0
taglia,fascia 4 (~100%),4,Gini,Proportional to Consumption,Stratified Expected Value,CER_0_10_0,CER_0_15_0,10,15,-0.0122976,0.00369226,0
taglia,fascia 4 (~100%),4,Gini,Proportional to Consumption,Stratified Expected Value,CER_0_15_0,CER_0_18_0,15,18,0.00369226,-0.00182597,0
taglia,fascia 4 (~100%),4,Gini,Pearson Key,Pearson-Sharing Rate,CER_0_15_0,CER_0_18_0,15,18,-0.000717767,0.000375565,0
taglia,fascia 4 (~100%),4,Gini,Pearson Key,Pearson-Sharing Rate,CER_0_18_0,CER_0_20_0,18,20,0.000375565,-0.000279978,0
taglia,fascia 4 (~100%),4,Gini,Pearson Key,Pearson-Sharing Rate,CER_0_20_0,CER_0_25_0,20,25,-0.000279978,0.00012533,0
taglia,fascia 4 (~100%),4,FairnessIndex,Variance Least Core,Adaptive Sampling Shapley,CER_0_5_0,CER_0_8_0,5,8,-0.0193394,0.0127397,0
taglia,fascia 4 (~100%),4,FairnessIndex,Equal Split,Cascading Tree,CER_0_15_0,CER_0_18_0,15,18,-0.00379787,0.00161119,0
taglia,fascia 4 (~100%),4,FairnessIndex,Equal Split,Weighted Solidarity,CER_0_8_0,CER_0_10_0,8,10,-0.120937,0.0495543,0
taglia,fascia 4 (~100%),4,FairnessIndex,Equal Split,Weighted Solidarity,CER_0_20_0,CER_0_25_0,20,25,0.016591,-0.00119462,0
taglia,fascia 4 (~100%),4,FairnessIndex,Proportional to Consumption,Weighted Solidarity,CER_0_5_0,CER_0_8_0,5,8,0.082525,-0.00206794,0
taglia,fascia 4 (~100%),4,FairnessIndex,Proportional to Consumption,Weighted Solidarity,CER_0_8_0,CER_0_10_0,8,10,-0.00206794,0.108296,0
taglia,fascia 4 (~100%),4,FairnessIndex,Proportional to Consumption,Pearson Key,CER_0_5_0,CER_0_8_0,5,8,0.0201975,-0.056186,0
taglia,fascia 4 (~100%),4,FairnessIndex,Proportional to Consumption,Pearson-Sharing Rate,CER_0_5_0,CER_0_8_0,5,8,0.0170245,-0.0575373,0
taglia,fascia 4 (~100%),4,FairnessIndex,Proportional to Consumption,Tri-level EP,CER_0_5_0,CER_0_8_0,5,8,0.0293662,-0.0531386,0
taglia,fascia 4 (~100%),4,FairnessIndex,Remuneration Model 1,Pearson Key,CER_0_5_0,CER_0_8_0,5,8,0.0590669,-0.0254452,0
taglia,fascia 4 (~100%),4,FairnessIndex,Remuneration Model 1,Pearson Key,CER_0_8_0,CER_0_10_0,8,10,-0.0254452,0.0207959,0
taglia,fascia 4 (~100%),4,FairnessIndex,Remuneration Model 1,Pearson Key,CER_0_20_0,CER_0_25_0,20,25,0.0013249,-0.00983836,0
taglia,fascia 4 (~100%),4,FairnessIndex,Remuneration Model 1,Pearson-Sharing Rate,CER_0_5_0,CER_0_8_0,5,8,0.0558938,-0.0267964,0
taglia,fascia 4 (~100%),4,FairnessIndex,Remuneration Model 1,Pearson-Sharing Rate,CER_0_8_0,CER_0_10_0,8,10,-0.0267964,0.0201656,0
taglia,fascia 4 (~100%),4,FairnessIndex,Remuneration Model 1,Pearson-Sharing Rate,CER_0_20_0,CER_0_25_0,20,25,0.00127189,-0.00952027,0
taglia,fascia 4 (~100%),4,FairnessIndex,Remuneration Model 1,Similarity-Utilization,CER_0_5_0,CER_0_8_0,5,8,0.00601721,-0.066285,0
taglia,fascia 4 (~100%),4,FairnessIndex,Remuneration Model 1,Similarity-Utilization,CER_0_18_0,CER_0_20_0,18,20,-0.00383011,0.0028988,0
taglia,fascia 4 (~100%),4,FairnessIndex,Remuneration Model 1,Similarity-Utilization,CER_0_20_0,CER_0_25_0,20,25,0.0028988,-0.00349118,0
taglia,fascia 4 (~100%),4,FairnessIndex,Remuneration Model 1,Tri-level EP,CER_0_5_0,CER_0_8_0,5,8,0.0682355,-0.0223978,0
taglia,fascia 4 (~100%),4,FairnessIndex,Remuneration Model 1,Tri-level EP,CER_0_8_0,CER_0_10_0,8,10,-0.0223978,0.0257264,0
taglia,fascia 4 (~100%),4,FairnessIndex,Remuneration Model 1,Tri-level EP,CER_0_20_0,CER_0_25_0,20,25,0.00483358,-0.00471166,0
taglia,fascia 4 (~100%),4,FairnessIndex,Cascading Tree,Weighted Solidarity,CER_0_5_0,CER_0_8_0,5,8,0.011004,-0.110224,0
taglia,fascia 4 (~100%),4,FairnessIndex,Cascading Tree,Weighted Solidarity,CER_0_8_0,CER_0_10_0,8,10,-0.110224,0.0689675,0
taglia,fascia 4 (~100%),4,FairnessIndex,Cascading Tree,Weighted Solidarity,CER_0_20_0,CER_0_25_0,20,25,0.0134678,-0.0139678,0
taglia,fascia 4 (~100%),4,FairnessIndex,Pearson Key,Pearson-Sharing Rate,CER_0_10_0,CER_0_15_0,10,15,-0.000630287,0.000929624,0
taglia,fascia 4 (~100%),4,FairnessIndex,Pearson Key,Pearson-Sharing Rate,CER_0_18_0,CER_0_20_0,18,20,0.000432395,-5.30129e-05,0
taglia,fascia 4 (~100%),4,FairnessIndex,Pearson Key,Pearson-Sharing Rate,CER_0_20_0,CER_0_25_0,20,25,-5.30129e-05,0.000318089,0
taglia,fascia 4 (~100%),4,FairnessIndex,Pearson Key,Similarity-Utilization,CER_0_18_0,CER_0_20_0,18,20,-0.00388765,0.0015739,0
taglia,fascia 4 (~100%),4,FairnessIndex,Pearson-Sharing Rate,Similarity-Utilization,CER_0_18_0,CER_0_20_0,18,20,-0.00432005,0.00162691,0
taglia,fascia 4 (~100%),4,FairnessIndex,Similarity-Utilization,Tri-level EP,CER_0_20_0,CER_0_25_0,20,25,0.00193478,-0.00122049,0
taglia,fascia 4 (~100%),4,Sigma,Variance Least Core,Adaptive Sampling Shapley,CER_0_5_0,CER_0_8_0,5,8,-0.00739051,0.00503444,0
taglia,fascia 4 (~100%),4,Sigma,Equal Split,Weighted Solidarity,CER_0_10_0,CER_0_15_0,10,15,-0.00449767,0.00204806,0
taglia,fascia 4 (~100%),4,Sigma,Equal Split,Weighted Solidarity,CER_0_15_0,CER_0_18_0,15,18,0.00204806,-0.00346409,0
taglia,fascia 4 (~100%),4,Sigma,Proportional to Consumption,Remuneration Model 1,CER_0_5_0,CER_0_8_0,5,8,-0.00742289,0.0160092,0
taglia,fascia 4 (~100%),4,Sigma,Proportional to Consumption,Remuneration Model 1,CER_0_18_0,CER_0_20_0,18,20,0.00275164,-0.000446343,0
taglia,fascia 4 (~100%),4,Sigma,Proportional to Consumption,Pearson Key,CER_0_5_0,CER_0_8_0,5,8,0.0258213,-0.00351124,0
taglia,fascia 4 (~100%),4,Sigma,Proportional to Consumption,Pearson-Sharing Rate,CER_0_5_0,CER_0_8_0,5,8,0.0239953,-0.00384271,0
taglia,fascia 4 (~100%),4,Sigma,Proportional to Consumption,Tri-level EP,CER_0_5_0,CER_0_8_0,5,8,0.0304228,-0.00118496,0
taglia,fascia 4 (~100%),4,Sigma,Remuneration Model 1,Weighted Solidarity,CER_0_5_0,CER_0_8_0,5,8,0.0483355,-0.00132928,0
taglia,fascia 4 (~100%),4,Sigma,Remuneration Model 1,Weighted Solidarity,CER_0_8_0,CER_0_10_0,8,10,-0.00132928,0.036571,0
taglia,fascia 4 (~100%),4,Sigma,Remuneration Model 1,Pearson Key,CER_0_5_0,CER_0_8_0,5,8,0.0332441,-0.0195205,0
taglia,fascia 4 (~100%),4,Sigma,Remuneration Model 1,Pearson-Sharing Rate,CER_0_5_0,CER_0_8_0,5,8,0.0314182,-0.019852,0
taglia,fascia 4 (~100%),4,Sigma,Remuneration Model 1,Similarity-Utilization,CER_0_5_0,CER_0_8_0,5,8,0.00119795,-0.0363316,0
taglia,fascia 4 (~100%),4,Sigma,Remuneration Model 1,Tri-level EP,CER_0_5_0,CER_0_8_0,5,8,0.0378457,-0.0171942,0
taglia,fascia 4 (~100%),4,Sigma,Cascading Tree,Weighted Solidarity,CER_0_8_0,CER_0_10_0,8,10,-0.0453175,0.00479304,0
taglia,fascia 4 (~100%),4,Sigma,Cascading Tree,Weighted Solidarity,CER_0_15_0,CER_0_18_0,15,18,0.00706418,-0.00018961,0
taglia,fascia 4 (~100%),4,Sigma,Pearson Key,Pearson-Sharing Rate,CER_0_10_0,CER_0_15_0,10,15,-0.000156469,0.000134193,0
taglia,fascia 4 (~100%),4,Sigma,Pearson Key,Pearson-Sharing Rate,CER_0_18_0,CER_0_20_0,18,20,7.0689e-05,-6.51881e-06,0
taglia,fascia 4 (~100%),4,Sigma,Pearson Key,Pearson-Sharing Rate,CER_0_20_0,CER_0_25_0,20,25,-6.51881e-06,2.43834e-05,0
taglia,fascia 4 (~100%),4,Sigma,Pearson Key,Similarity-Utilization,CER_0_18_0,CER_0_20_0,18,20,-0.000136161,0.000345093,0
taglia,fascia 4 (~100%),4,Sigma,Pearson-Sharing Rate,Similarity-Utilization,CER_0_18_0,CER_0_20_0,18,20,-0.00020685,0.000351612,0
taglia,fascia 4 (~100%),4,Sigma,Similarity-Utilization,Tri-level EP,CER_0_20_0,CER_0_25_0,20,25,0.000239427,-0.000328938,0
taglia,fascia 4 (~100%),4,EccessoMax_EUR,Equal Split,Weighted Solidarity,CER_0_5_0,CER_0_8_0,5,8,0.729249,-3.67855,0
taglia,fascia 4 (~100%),4,EccessoMax_EUR,Equal Split,Weighted Solidarity,CER_0_8_0,CER_0_10_0,8,10,-3.67855,0.524188,0
taglia,fascia 4 (~100%),4,EccessoMax_EUR,Proportional to Consumption,Weighted Solidarity,CER_0_5_0,CER_0_8_0,5,8,3.47228,-0.236057,0
taglia,fascia 4 (~100%),4,EccessoMax_EUR,Proportional to Consumption,Weighted Solidarity,CER_0_8_0,CER_0_10_0,8,10,-0.236057,3.70448,0
taglia,fascia 4 (~100%),4,EccessoMax_EUR,Proportional to Consumption,Tri-level EP,CER_0_5_0,CER_0_8_0,5,8,0.0564024,-2.43855,0
taglia,fascia 4 (~100%),4,EccessoMax_EUR,Remuneration Model 1,Pearson Key,CER_0_5_0,CER_0_8_0,5,8,0.860092,-0.716482,0
taglia,fascia 4 (~100%),4,EccessoMax_EUR,Remuneration Model 1,Pearson Key,CER_0_8_0,CER_0_10_0,8,10,-0.716482,0.511282,0
taglia,fascia 4 (~100%),4,EccessoMax_EUR,Remuneration Model 1,Pearson Key,CER_0_15_0,CER_0_18_0,15,18,0.093831,-1.02899,0
taglia,fascia 4 (~100%),4,EccessoMax_EUR,Remuneration Model 1,Pearson-Sharing Rate,CER_0_5_0,CER_0_8_0,5,8,0.707676,-0.777029,0
taglia,fascia 4 (~100%),4,EccessoMax_EUR,Remuneration Model 1,Pearson-Sharing Rate,CER_0_8_0,CER_0_10_0,8,10,-0.777029,0.550417,0
taglia,fascia 4 (~100%),4,EccessoMax_EUR,Remuneration Model 1,Pearson-Sharing Rate,CER_0_15_0,CER_0_18_0,15,18,0.121934,-0.938569,0
taglia,fascia 4 (~100%),4,EccessoMax_EUR,Remuneration Model 1,Similarity-Utilization,CER_0_10_0,CER_0_15_0,10,15,-0.0249599,1.48209,0
taglia,fascia 4 (~100%),4,EccessoMax_EUR,Remuneration Model 1,Tri-level EP,CER_0_5_0,CER_0_8_0,5,8,1.23272,-0.466229,0
taglia,fascia 4 (~100%),4,EccessoMax_EUR,Remuneration Model 1,Tri-level EP,CER_0_8_0,CER_0_10_0,8,10,-0.466229,0.916837,0
taglia,fascia 4 (~100%),4,EccessoMax_EUR,Remuneration Model 1,Tri-level EP,CER_0_15_0,CER_0_18_0,15,18,1.0106,-0.0341387,0
taglia,fascia 4 (~100%),4,EccessoMax_EUR,Cascading Tree,Weighted Solidarity,CER_0_5_0,CER_0_8_0,5,8,1.45706,-3.58696,0
taglia,fascia 4 (~100%),4,EccessoMax_EUR,Cascading Tree,Weighted Solidarity,CER_0_8_0,CER_0_10_0,8,10,-3.58696,1.48702,0
taglia,fascia 4 (~100%),4,EccessoMax_EUR,Pearson Key,Pearson-Sharing Rate,CER_0_8_0,CER_0_10_0,8,10,-0.0605468,0.0391351,0
taglia,fascia 4 (~100%),4,EccessoMax_EUR,Pearson Key,Similarity-Utilization,CER_0_10_0,CER_0_15_0,10,15,-0.536242,1.38826,0
taglia,fascia 4 (~100%),4,EccessoMax_EUR,Pearson-Sharing Rate,Similarity-Utilization,CER_0_10_0,CER_0_15_0,10,15,-0.575377,1.36016,0
taglia,fascia 4 (~100%),4,EccessoMax_EUR,Similarity-Utilization,Tri-level EP,CER_0_10_0,CER_0_15_0,10,15,0.941797,-0.471491,0
taglia,fascia 4 (~100%),4,EccessoMax_EUR,Marginal Contribution,Stratified Expected Value,CER_0_5_0,CER_0_8_0,5,8,0.0613391,-0.0153464,0
taglia,fascia 4 (~100%),4,EccessoMax_EUR,Marginal Contribution,Stratified Expected Value,CER_0_8_0,CER_0_10_0,8,10,-0.0153464,0.0128596,0
taglia,fascia 4 (~100%),4,CoalizioniInstabili,Proportional to Consumption,Pearson Key,CER_0_8_0,CER_0_10_0,8,10,2,-8,0
taglia,fascia 4 (~100%),4,CoalizioniInstabili,Proportional to Consumption,Pearson-Sharing Rate,CER_0_8_0,CER_0_10_0,8,10,1,-11,0
taglia,fascia 4 (~100%),4,CoalizioniInstabili,Proportional to Consumption,Tri-level EP,CER_0_10_0,CER_0_15_0,10,15,13,-1070,0
taglia,fascia 4 (~100%),4,CoalizioniInstabili,Remuneration Model 1,Weighted Solidarity,CER_0_5_0,CER_0_8_0,5,8,4,-11,0
taglia,fascia 4 (~100%),4,CoalizioniInstabili,Remuneration Model 1,Weighted Solidarity,CER_0_8_0,CER_0_10_0,8,10,-11,57,0
taglia,fascia 4 (~100%),4,CoalizioniInstabili,Remuneration Model 1,Pearson Key,CER_0_5_0,CER_0_8_0,5,8,1,-34,0
taglia,fascia 4 (~100%),4,CoalizioniInstabili,Remuneration Model 1,Pearson-Sharing Rate,CER_0_5_0,CER_0_8_0,5,8,1,-35,0
taglia,fascia 4 (~100%),4,CoalizioniInstabili,Remuneration Model 1,Tri-level EP,CER_0_5_0,CER_0_8_0,5,8,1,-28,0
taglia,fascia 4 (~100%),4,CoalizioniInstabili,Pearson Key,Pearson-Sharing Rate,CER_0_10_0,CER_0_15_0,10,15,-3,90,0
taglia,fascia 4 (~100%),4,ForzaIncentivante,Variance Least Core,Proportional to Consumption,CER_0_5_0,CER_0_8_0,5,8,-0.0381695,0.26515,0
taglia,fascia 4 (~100%),4,ForzaIncentivante,Variance Least Core,Similarity-Utilization,CER_0_5_0,CER_0_8_0,5,8,-0.161231,0.0178202,0
taglia,fascia 4 (~100%),4,ForzaIncentivante,Variance Least Core,Similarity-Utilization,CER_0_10_0,CER_0_15_0,10,15,0.0179735,-0.0354388,0
taglia,fascia 4 (~100%),4,ForzaIncentivante,Equal Split,Cascading Tree,CER_0_20_0,CER_0_25_0,20,25,-0.00246684,0.0549524,0
taglia,fascia 4 (~100%),4,ForzaIncentivante,Equal Split,Weighted Solidarity,CER_0_8_0,CER_0_10_0,8,10,-0.424351,0.00426897,0
taglia,fascia 4 (~100%),4,ForzaIncentivante,Equal Split,Weighted Solidarity,CER_0_15_0,CER_0_18_0,15,18,0.0575868,-0.021542,0
taglia,fascia 4 (~100%),4,ForzaIncentivante,Proportional to Consumption,Marginal Contribution,CER_0_5_0,CER_0_8_0,5,8,0.191621,-0.13439,0
taglia,fascia 4 (~100%),4,ForzaIncentivante,Proportional to Consumption,Stratified Expected Value,CER_0_5_0,CER_0_8_0,5,8,0.214088,-0.10263,0
taglia,fascia 4 (~100%),4,ForzaIncentivante,Remuneration Model 1,Weighted Solidarity,CER_0_5_0,CER_0_8_0,5,8,0.127675,-0.0338943,0
taglia,fascia 4 (~100%),4,ForzaIncentivante,Remuneration Model 1,Weighted Solidarity,CER_0_8_0,CER_0_10_0,8,10,-0.0338943,0.417373,0
taglia,fascia 4 (~100%),4,ForzaIncentivante,Cascading Tree,Weighted Solidarity,CER_0_8_0,CER_0_10_0,8,10,-0.336356,0.112005,0
taglia,fascia 4 (~100%),4,ForzaIncentivante,Cascading Tree,Weighted Solidarity,CER_0_18_0,CER_0_20_0,18,20,0.0049311,-0.0498869,0
taglia,fascia 4 (~100%),4,ForzaIncentivante,Pearson Key,Pearson-Sharing Rate,CER_0_15_0,CER_0_18_0,15,18,0.00101118,-0.00209738,0
taglia,fascia 4 (~100%),4,ForzaIncentivante,Pearson Key,Pearson-Sharing Rate,CER_0_18_0,CER_0_20_0,18,20,-0.00209738,0.000561141,0
taglia,fascia 4 (~100%),4,ForzaIncentivante,Pearson Key,Pearson-Sharing Rate,CER_0_20_0,CER_0_25_0,20,25,0.000561141,-0.000371968,0
taglia,fascia 4 (~100%),4,AllineamentoVirtu,Variance Least Core,Proportional to Consumption,CER_0_8_0,CER_0_10_0,8,10,0.0287281,-0.0276128,0
taglia,fascia 4 (~100%),4,AllineamentoVirtu,Variance Least Core,Marginal Contribution,CER_0_8_0,CER_0_10_0,8,10,-0.000251139,0.000118109,0
taglia,fascia 4 (~100%),4,AllineamentoVirtu,Variance Least Core,Stratified Expected Value,CER_0_5_0,CER_0_8_0,5,8,-0.00159526,0.00207547,0
taglia,fascia 4 (~100%),4,AllineamentoVirtu,Variance Least Core,Stratified Expected Value,CER_0_10_0,CER_0_15_0,10,15,0.00252837,-0.000167037,0
taglia,fascia 4 (~100%),4,AllineamentoVirtu,Variance Least Core,Adaptive Sampling Shapley,CER_0_8_0,CER_0_10_0,8,10,-0.000887256,8.26001e-05,0
taglia,fascia 4 (~100%),4,AllineamentoVirtu,Variance Least Core,Adaptive Sampling Shapley,CER_0_10_0,CER_0_15_0,10,15,8.26001e-05,-0.00275045,0
taglia,fascia 4 (~100%),4,AllineamentoVirtu,Variance Least Core,Adaptive Sampling Shapley,CER_0_15_0,CER_0_18_0,15,18,-0.00275045,0.00166314,0
taglia,fascia 4 (~100%),4,AllineamentoVirtu,Variance Least Core,Adaptive Sampling Shapley,CER_0_20_0,CER_0_25_0,20,25,0.00295987,-0.00172583,0
taglia,fascia 4 (~100%),4,AllineamentoVirtu,Equal Split,Cascading Tree,CER_0_20_0,CER_0_25_0,20,25,-0.0127954,0.295035,0
taglia,fascia 4 (~100%),4,AllineamentoVirtu,Equal Split,Weighted Solidarity,CER_0_8_0,CER_0_10_0,8,10,-0.775093,0.00850299,0
taglia,fascia 4 (~100%),4,AllineamentoVirtu,Equal Split,Weighted Solidarity,CER_0_15_0,CER_0_18_0,15,18,0.0872408,-0.0328576,0
taglia,fascia 4 (~100%),4,AllineamentoVirtu,Proportional to Consumption,Remuneration Model 1,CER_0_5_0,CER_0_8_0,5,8,0.0610405,-0.0108601,0
taglia,fascia 4 (~100%),4,AllineamentoVirtu,Proportional to Consumption,Remuneration Model 1,CER_0_8_0,CER_0_10_0,8,10,-0.0108601,0.0521607,0
taglia,fascia 4 (~100%),4,AllineamentoVirtu,Proportional to Consumption,Marginal Contribution,CER_0_8_0,CER_0_10_0,8,10,-0.0289792,0.0277309,0
taglia,fascia 4 (~100%),4,AllineamentoVirtu,Proportional to Consumption,Stratified Expected Value,CER_0_8_0,CER_0_10_0,8,10,-0.0266526,0.0301411,0
taglia,fascia 4 (~100%),4,AllineamentoVirtu,Proportional to Consumption,Adaptive Sampling Shapley,CER_0_8_0,CER_0_10_0,8,10,-0.0296153,0.0276954,0
taglia,fascia 4 (~100%),4,AllineamentoVirtu,Cascading Tree,Weighted Solidarity,CER_0_5_0,CER_0_8_0,5,8,0.480968,-0.0422746,0
taglia,fascia 4 (~100%),4,AllineamentoVirtu,Cascading Tree,Weighted Solidarity,CER_0_8_0,CER_0_10_0,8,10,-0.0422746,0.826885,0
taglia,fascia 4 (~100%),4,AllineamentoVirtu,Cascading Tree,Weighted Solidarity,CER_0_18_0,CER_0_20_0,18,20,0.0962606,-0.0668897,0
taglia,fascia 4 (~100%),4,AllineamentoVirtu,Pearson Key,Pearson-Sharing Rate,CER_0_10_0,CER_0_15_0,10,15,0.00151892,-0.000891526,0
taglia,fascia 4 (~100%),4,AllineamentoVirtu,Pearson Key,Tri-level EP,CER_0_5_0,CER_0_8_0,5,8,-9.95073e-05,3.68979e-05,0
taglia,fascia 4 (~100%),4,AllineamentoVirtu,Pearson Key,Tri-level EP,CER_0_8_0,CER_0_10_0,8,10,3.68979e-05,-0.000207048,0
taglia,fascia 4 (~100%),4,AllineamentoVirtu,Pearson Key,Tri-level EP,CER_0_20_0,CER_0_25_0,20,25,-0.000448147,0.00270615,0
taglia,fascia 4 (~100%),4,AllineamentoVirtu,Pearson-Sharing Rate,Tri-level EP,CER_0_18_0,CER_0_20_0,18,20,-0.000587116,0.000360653,0
taglia,fascia 4 (~100%),4,AllineamentoVirtu,Marginal Contribution,Stratified Expected Value,CER_0_10_0,CER_0_15_0,10,15,0.00241026,-0.000844169,0
taglia,fascia 4 (~100%),4,AllineamentoVirtu,Marginal Contribution,Adaptive Sampling Shapley,CER_0_15_0,CER_0_18_0,15,18,-0.00342758,0.00164671,0
taglia,fascia 4 (~100%),4,AllineamentoVirtu,Marginal Contribution,Adaptive Sampling Shapley,CER_0_20_0,CER_0_25_0,20,25,0.00161654,-0.00203046,0
taglia,fascia 4 (~100%),4,AllineamentoVirtu,Stratified Expected Value,Adaptive Sampling Shapley,CER_0_15_0,CER_0_18_0,15,18,-0.00258341,0.00620889,0
taglia,fascia 4 (~100%),4,ForzaIncentivante_lordo,Variance Least Core,Proportional to Consumption,CER_0_5_0,CER_0_8_0,5,8,0.69948,-0.686103,0
taglia,fascia 4 (~100%),4,ForzaIncentivante_lordo,Variance Least Core,Remuneration Model 1,CER_0_20_0,CER_0_25_0,20,25,-1.18092,0.717929,0
taglia,fascia 4 (~100%),4,ForzaIncentivante_lordo,Variance Least Core,Cascading Tree,CER_0_20_0,CER_0_25_0,20,25,-2.16943,0.862116,0
taglia,fascia 4 (~100%),4,ForzaIncentivante_lordo,Variance Least Core,Weighted Solidarity,CER_0_20_0,CER_0_25_0,20,25,-3.10155,0.112252,0
taglia,fascia 4 (~100%),4,ForzaIncentivante_lordo,Variance Least Core,Pearson Key,CER_0_18_0,CER_0_20_0,18,20,0.437997,-0.0485745,0
taglia,fascia 4 (~100%),4,ForzaIncentivante_lordo,Variance Least Core,Pearson-Sharing Rate,CER_0_18_0,CER_0_20_0,18,20,0.378439,-0.063443,0
taglia,fascia 4 (~100%),4,ForzaIncentivante_lordo,Variance Least Core,Similarity-Utilization,CER_0_10_0,CER_0_15_0,10,15,1.48315,-0.39763,0
taglia,fascia 4 (~100%),4,ForzaIncentivante_lordo,Variance Least Core,Adaptive Sampling Shapley,CER_0_20_0,CER_0_25_0,20,25,-0.545062,0.0227434,0
taglia,fascia 4 (~100%),4,ForzaIncentivante_lordo,Variance Least Core,Tri-level EP,CER_0_20_0,CER_0_25_0,20,25,0.0752947,-0.886468,0
taglia,fascia 4 (~100%),4,ForzaIncentivante_lordo,Equal Split,Weighted Solidarity,CER_0_5_0,CER_0_8_0,5,8,-0.805176,2.63604,0
taglia,fascia 4 (~100%),4,ForzaIncentivante_lordo,Equal Split,Weighted Solidarity,CER_0_8_0,CER_0_10_0,8,10,2.63604,-1.00224,0
taglia,fascia 4 (~100%),4,ForzaIncentivante_lordo,Equal Split,Weighted Solidarity,CER_0_15_0,CER_0_18_0,15,18,-0.653397,0.230966,0
taglia,fascia 4 (~100%),4,ForzaIncentivante_lordo,Equal Split,Pearson Key,CER_0_20_0,CER_0_25_0,20,25,3.51363,-0.823673,0
taglia,fascia 4 (~100%),4,ForzaIncentivante_lordo,Equal Split,Pearson-Sharing Rate,CER_0_20_0,CER_0_25_0,20,25,3.49876,-0.828723,0
taglia,fascia 4 (~100%),4,ForzaIncentivante_lordo,Equal Split,Similarity-Utilization,CER_0_20_0,CER_0_25_0,20,25,1.78944,-1.77523,0
taglia,fascia 4 (~100%),4,ForzaIncentivante_lordo,Equal Split,Tri-level EP,CER_0_20_0,CER_0_25_0,20,25,3.6375,-0.79555,0
taglia,fascia 4 (~100%),4,ForzaIncentivante_lordo,Proportional to Consumption,Remuneration Model 1,CER_0_20_0,CER_0_25_0,20,25,-0.8873,0.801532,0
taglia,fascia 4 (~100%),4,ForzaIncentivante_lordo,Proportional to Consumption,Cascading Tree,CER_0_20_0,CER_0_25_0,20,25,-1.87581,0.945719,0
taglia,fascia 4 (~100%),4,ForzaIncentivante_lordo,Proportional to Consumption,Weighted Solidarity,CER_0_20_0,CER_0_25_0,20,25,-2.80793,0.195855,0
taglia,fascia 4 (~100%),4,ForzaIncentivante_lordo,Proportional to Consumption,Pearson Key,CER_0_20_0,CER_0_25_0,20,25,0.245041,-0.830988,0
taglia,fascia 4 (~100%),4,ForzaIncentivante_lordo,Proportional to Consumption,Pearson-Sharing Rate,CER_0_20_0,CER_0_25_0,20,25,0.230172,-0.836038,0
taglia,fascia 4 (~100%),4,ForzaIncentivante_lordo,Proportional to Consumption,Similarity-Utilization,CER_0_15_0,CER_0_18_0,15,18,0.742881,-0.907733,0
taglia,fascia 4 (~100%),4,ForzaIncentivante_lordo,Proportional to Consumption,Marginal Contribution,CER_0_10_0,CER_0_15_0,10,15,-1.15487,0.329459,0
taglia,fascia 4 (~100%),4,ForzaIncentivante_lordo,Proportional to Consumption,Stratified Expected Value,CER_0_10_0,CER_0_15_0,10,15,-1.54864,0.0741154,0
taglia,fascia 4 (~100%),4,ForzaIncentivante_lordo,Proportional to Consumption,Stratified Expected Value,CER_0_18_0,CER_0_20_0,18,20,0.121983,-0.0476572,0
taglia,fascia 4 (~100%),4,ForzaIncentivante_lordo,Proportional to Consumption,Stratified Expected Value,CER_0_20_0,CER_0_25_0,20,25,-0.0476572,0.0492821,0
taglia,fascia 4 (~100%),4,ForzaIncentivante_lordo,Proportional to Consumption,Adaptive Sampling Shapley,CER_0_20_0,CER_0_25_0,20,25,-0.251447,0.106347,0
taglia,fascia 4 (~100%),4,ForzaIncentivante_lordo,Proportional to Consumption,Tri-level EP,CER_0_20_0,CER_0_25_0,20,25,0.36891,-0.802865,0
taglia,fascia 4 (~100%),4,ForzaIncentivante_lordo,Remuneration Model 1,Cascading Tree,CER_0_20_0,CER_0_25_0,20,25,-0.988513,0.144187,0
taglia,fascia 4 (~100%),4,ForzaIncentivante_lordo,Remuneration Model 1,Pearson Key,CER_0_20_0,CER_0_25_0,20,25,1.13234,-1.63252,0
taglia,fascia 4 (~100%),4,ForzaIncentivante_lordo,Remuneration Model 1,Pearson-Sharing Rate,CER_0_20_0,CER_0_25_0,20,25,1.11747,-1.63757,0
taglia,fascia 4 (~100%),4,ForzaIncentivante_lordo,Remuneration Model 1,Similarity-Utilization,CER_0_18_0,CER_0_20_0,18,20,0.923823,-0.591842,0
taglia,fascia 4 (~100%),4,ForzaIncentivante_lordo,Remuneration Model 1,Marginal Contribution,CER_0_20_0,CER_0_25_0,20,25,1.00873,-0.720341,0
taglia,fascia 4 (~100%),4,ForzaIncentivante_lordo,Remuneration Model 1,Stratified Expected Value,CER_0_20_0,CER_0_25_0,20,25,0.839643,-0.75225,0
taglia,fascia 4 (~100%),4,ForzaIncentivante_lordo,Remuneration Model 1,Adaptive Sampling Shapley,CER_0_20_0,CER_0_25_0,20,25,0.635853,-0.695185,0
taglia,fascia 4 (~100%),4,ForzaIncentivante_lordo,Remuneration Model 1,Tri-level EP,CER_0_20_0,CER_0_25_0,20,25,1.25621,-1.6044,0
taglia,fascia 4 (~100%),4,ForzaIncentivante_lordo,Cascading Tree,Weighted Solidarity,CER_0_5_0,CER_0_8_0,5,8,-2.42255,1.10439,0
taglia,fascia 4 (~100%),4,ForzaIncentivante_lordo,Cascading Tree,Weighted Solidarity,CER_0_8_0,CER_0_10_0,8,10,1.10439,-2.13086,0
taglia,fascia 4 (~100%),4,ForzaIncentivante_lordo,Cascading Tree,Pearson Key,CER_0_20_0,CER_0_25_0,20,25,2.12085,-1.77671,0
taglia,fascia 4 (~100%),4,ForzaIncentivante_lordo,Cascading Tree,Pearson-Sharing Rate,CER_0_20_0,CER_0_25_0,20,25,2.10598,-1.78176,0
taglia,fascia 4 (~100%),4,ForzaIncentivante_lordo,Cascading Tree,Similarity-Utilization,CER_0_20_0,CER_0_25_0,20,25,0.39667,-2.72826,0
taglia,fascia 4 (~100%),4,ForzaIncentivante_lordo,Cascading Tree,Marginal Contribution,CER_0_20_0,CER_0_25_0,20,25,1.99724,-0.864528,0
taglia,fascia 4 (~100%),4,ForzaIncentivante_lordo,Cascading Tree,Stratified Expected Value,CER_0_20_0,CER_0_25_0,20,25,1.82816,-0.896437,0
taglia,fascia 4 (~100%),4,ForzaIncentivante_lordo,Cascading Tree,Adaptive Sampling Shapley,CER_0_20_0,CER_0_25_0,20,25,1.62437,-0.839372,0
taglia,fascia 4 (~100%),4,ForzaIncentivante_lordo,Cascading Tree,Tri-level EP,CER_0_20_0,CER_0_25_0,20,25,2.24472,-1.74858,0
taglia,fascia 4 (~100%),4,ForzaIncentivante_lordo,Weighted Solidarity,Pearson Key,CER_0_20_0,CER_0_25_0,20,25,3.05297,-1.02684,0
taglia,fascia 4 (~100%),4,ForzaIncentivante_lordo,Weighted Solidarity,Pearson-Sharing Rate,CER_0_20_0,CER_0_25_0,20,25,3.03811,-1.03189,0
taglia,fascia 4 (~100%),4,ForzaIncentivante_lordo,Weighted Solidarity,Similarity-Utilization,CER_0_20_0,CER_0_25_0,20,25,1.32879,-1.9784,0
taglia,fascia 4 (~100%),4,ForzaIncentivante_lordo,Weighted Solidarity,Marginal Contribution,CER_0_20_0,CER_0_25_0,20,25,2.92936,-0.114664,0
taglia,fascia 4 (~100%),4,ForzaIncentivante_lordo,Weighted Solidarity,Stratified Expected Value,CER_0_20_0,CER_0_25_0,20,25,2.76028,-0.146573,0
taglia,fascia 4 (~100%),4,ForzaIncentivante_lordo,Weighted Solidarity,Adaptive Sampling Shapley,CER_0_20_0,CER_0_25_0,20,25,2.55649,-0.0895083,0
taglia,fascia 4 (~100%),4,ForzaIncentivante_lordo,Weighted Solidarity,Tri-level EP,CER_0_20_0,CER_0_25_0,20,25,3.17684,-0.99872,0
taglia,fascia 4 (~100%),4,ForzaIncentivante_lordo,Pearson Key,Marginal Contribution,CER_0_20_0,CER_0_25_0,20,25,-0.123614,0.912179,0
taglia,fascia 4 (~100%),4,ForzaIncentivante_lordo,Pearson Key,Stratified Expected Value,CER_0_20_0,CER_0_25_0,20,25,-0.292698,0.88027,0
taglia,fascia 4 (~100%),4,ForzaIncentivante_lordo,Pearson Key,Adaptive Sampling Shapley,CER_0_20_0,CER_0_25_0,20,25,-0.496487,0.937335,0
taglia,fascia 4 (~100%),4,ForzaIncentivante_lordo,Pearson-Sharing Rate,Marginal Contribution,CER_0_20_0,CER_0_25_0,20,25,-0.108745,0.917229,0
taglia,fascia 4 (~100%),4,ForzaIncentivante_lordo,Pearson-Sharing Rate,Stratified Expected Value,CER_0_20_0,CER_0_25_0,20,25,-0.277829,0.88532,0
taglia,fascia 4 (~100%),4,ForzaIncentivante_lordo,Pearson-Sharing Rate,Adaptive Sampling Shapley,CER_0_20_0,CER_0_25_0,20,25,-0.481619,0.942385,0
taglia,fascia 4 (~100%),4,ForzaIncentivante_lordo,Similarity-Utilization,Marginal Contribution,CER_0_15_0,CER_0_18_0,15,18,-0.413422,1.22617,0
taglia,fascia 4 (~100%),4,ForzaIncentivante_lordo,Similarity-Utilization,Stratified Expected Value,CER_0_15_0,CER_0_18_0,15,18,-0.668765,1.02972,0
taglia,fascia 4 (~100%),4,ForzaIncentivante_lordo,Similarity-Utilization,Adaptive Sampling Shapley,CER_0_15_0,CER_0_18_0,15,18,-1.59265,0.599685,0
taglia,fascia 4 (~100%),4,ForzaIncentivante_lordo,Marginal Contribution,Adaptive Sampling Shapley,CER_0_20_0,CER_0_25_0,20,25,-0.372873,0.0251562,0
taglia,fascia 4 (~100%),4,ForzaIncentivante_lordo,Marginal Contribution,Tri-level EP,CER_0_20_0,CER_0_25_0,20,25,0.247483,-0.884056,0
taglia,fascia 4 (~100%),4,ForzaIncentivante_lordo,Stratified Expected Value,Adaptive Sampling Shapley,CER_0_20_0,CER_0_25_0,20,25,-0.20379,0.0570651,0
taglia,fascia 4 (~100%),4,ForzaIncentivante_lordo,Stratified Expected Value,Tri-level EP,CER_0_20_0,CER_0_25_0,20,25,0.416567,-0.852147,0
taglia,fascia 4 (~100%),4,ForzaIncentivante_lordo,Adaptive Sampling Shapley,Tri-level EP,CER_0_20_0,CER_0_25_0,20,25,0.620357,-0.909212,0
taglia,fascia 4 (~100%),4,AllineamentoVirtu_lordo,Variance Least Core,Proportional to Consumption,CER_0_20_0,CER_0_25_0,20,25,0.0318931,-0.0116129,0
taglia,fascia 4 (~100%),4,AllineamentoVirtu_lordo,Variance Least Core,Remuneration Model 1,CER_0_8_0,CER_0_10_0,8,10,0.0152729,-0.0775638,0
taglia,fascia 4 (~100%),4,AllineamentoVirtu_lordo,Variance Least Core,Remuneration Model 1,CER_0_15_0,CER_0_18_0,15,18,-0.035801,0.142516,0
taglia,fascia 4 (~100%),4,AllineamentoVirtu_lordo,Variance Least Core,Cascading Tree,CER_0_8_0,CER_0_10_0,8,10,0.0501942,-0.0634168,0
taglia,fascia 4 (~100%),4,AllineamentoVirtu_lordo,Variance Least Core,Cascading Tree,CER_0_15_0,CER_0_18_0,15,18,-0.0492725,0.312635,0
taglia,fascia 4 (~100%),4,AllineamentoVirtu_lordo,Variance Least Core,Weighted Solidarity,CER_0_20_0,CER_0_25_0,20,25,-0.250949,0.0419613,0
taglia,fascia 4 (~100%),4,AllineamentoVirtu_lordo,Variance Least Core,Pearson Key,CER_0_5_0,CER_0_8_0,5,8,-0.0140324,0.085906,0
taglia,fascia 4 (~100%),4,AllineamentoVirtu_lordo,Variance Least Core,Pearson Key,CER_0_15_0,CER_0_18_0,15,18,0.0511733,-0.0293619,0
taglia,fascia 4 (~100%),4,AllineamentoVirtu_lordo,Variance Least Core,Pearson-Sharing Rate,CER_0_5_0,CER_0_8_0,5,8,-0.0166772,0.0829877,0
taglia,fascia 4 (~100%),4,AllineamentoVirtu_lordo,Variance Least Core,Pearson-Sharing Rate,CER_0_15_0,CER_0_18_0,15,18,0.0498978,-0.033059,0
taglia,fascia 4 (~100%),4,AllineamentoVirtu_lordo,Variance Least Core,Similarity-Utilization,CER_0_5_0,CER_0_8_0,5,8,-0.00377123,0.0987639,0
taglia,fascia 4 (~100%),4,AllineamentoVirtu_lordo,Variance Least Core,Similarity-Utilization,CER_0_15_0,CER_0_18_0,15,18,0.0344793,-0.106923,0
taglia,fascia 4 (~100%),4,AllineamentoVirtu_lordo,Variance Least Core,Marginal Contribution,CER_0_5_0,CER_0_8_0,5,8,-0.000481587,0.000808043,0
taglia,fascia 4 (~100%),4,AllineamentoVirtu_lordo,Variance Least Core,Tri-level EP,CER_0_5_0,CER_0_8_0,5,8,-0.0157523,0.0834545,0
taglia,fascia 4 (~100%),4,AllineamentoVirtu_lordo,Variance Least Core,Tri-level EP,CER_0_15_0,CER_0_18_0,15,18,0.0495664,-0.032507,0
taglia,fascia 4 (~100%),4,AllineamentoVirtu_lordo,Equal Split,Weighted Solidarity,CER_0_5_0,CER_0_8_0,5,8,-0.11916,0.2542,0
taglia,fascia 4 (~100%),4,AllineamentoVirtu_lordo,Equal Split,Weighted Solidarity,CER_0_8_0,CER_0_10_0,8,10,0.2542,-0.130293,0
taglia,fascia 4 (~100%),4,AllineamentoVirtu_lordo,Equal Split,Weighted Solidarity,CER_0_15_0,CER_0_18_0,15,18,-0.0787618,0.0347614,0
taglia,fascia 4 (~100%),4,AllineamentoVirtu_lordo,Equal Split,Pearson Key,CER_0_20_0,CER_0_25_0,20,25,0.280191,-0.0993554,0
taglia,fascia 4 (~100%),4,AllineamentoVirtu_lordo,Equal Split,Pearson-Sharing Rate,CER_0_20_0,CER_0_25_0,20,25,0.279442,-0.09999,0
taglia,fascia 4 (~100%),4,AllineamentoVirtu_lordo,Equal Split,Similarity-Utilization,CER_0_20_0,CER_0_25_0,20,25,0.174606,-0.248215,0
taglia,fascia 4 (~100%),4,AllineamentoVirtu_lordo,Equal Split,Tri-level EP,CER_0_20_0,CER_0_25_0,20,25,0.283556,-0.0937739,0
taglia,fascia 4 (~100%),4,AllineamentoVirtu_lordo,Proportional to Consumption,Remuneration Model 1,CER_0_5_0,CER_0_8_0,5,8,0.0232202,-0.133843,0
taglia,fascia 4 (~100%),4,AllineamentoVirtu_lordo,Proportional to Consumption,Remuneration Model 1,CER_0_15_0,CER_0_18_0,15,18,-0.11449,0.113004,0
taglia,fascia 4 (~100%),4,AllineamentoVirtu_lordo,Proportional to Consumption,Cascading Tree,CER_0_5_0,CER_0_8_0,5,8,0.0526415,-0.0989218,0
taglia,fascia 4 (~100%),4,AllineamentoVirtu_lordo,Proportional to Consumption,Cascading Tree,CER_0_15_0,CER_0_18_0,15,18,-0.127961,0.283124,0
taglia,fascia 4 (~100%),4,AllineamentoVirtu_lordo,Proportional to Consumption,Weighted Solidarity,CER_0_20_0,CER_0_25_0,20,25,-0.282842,0.0535742,0
taglia,fascia 4 (~100%),4,AllineamentoVirtu_lordo,Proportional to Consumption,Marginal Contribution,CER_0_20_0,CER_0_25_0,20,25,-0.0308516,0.0118631,0
taglia,fascia 4 (~100%),4,AllineamentoVirtu_lordo,Proportional to Consumption,Stratified Expected Value,CER_0_20_0,CER_0_25_0,20,25,-0.0403946,0.00727255,0
taglia,fascia 4 (~100%),4,AllineamentoVirtu_lordo,Proportional to Consumption,Adaptive Sampling Shapley,CER_0_20_0,CER_0_25_0,20,25,-0.0251877,0.0174837,0
taglia,fascia 4 (~100%),4,AllineamentoVirtu_lordo,Remuneration Model 1,Cascading Tree,CER_0_10_0,CER_0_15_0,10,15,0.014147,-0.0134716,0
taglia,fascia 4 (~100%),4,AllineamentoVirtu_lordo,Remuneration Model 1,Cascading Tree,CER_0_15_0,CER_0_18_0,15,18,-0.0134716,0.17012,0
taglia,fascia 4 (~100%),4,AllineamentoVirtu_lordo,Remuneration Model 1,Pearson Key,CER_0_5_0,CER_0_8_0,5,8,-0.0522826,0.0706331,0
taglia,fascia 4 (~100%),4,AllineamentoVirtu_lordo,Remuneration Model 1,Pearson Key,CER_0_15_0,CER_0_18_0,15,18,0.0869742,-0.171877,0
taglia,fascia 4 (~100%),4,AllineamentoVirtu_lordo,Remuneration Model 1,Pearson-Sharing Rate,CER_0_5_0,CER_0_8_0,5,8,-0.0549274,0.0677148,0
taglia,fascia 4 (~100%),4,AllineamentoVirtu_lordo,Remuneration Model 1,Pearson-Sharing Rate,CER_0_15_0,CER_0_18_0,15,18,0.0856987,-0.175575,0
taglia,fascia 4 (~100%),4,AllineamentoVirtu_lordo,Remuneration Model 1,Similarity-Utilization,CER_0_5_0,CER_0_8_0,5,8,-0.0420214,0.083491,0
taglia,fascia 4 (~100%),4,AllineamentoVirtu_lordo,Remuneration Model 1,Similarity-Utilization,CER_0_15_0,CER_0_18_0,15,18,0.0702803,-0.249439,0
taglia,fascia 4 (~100%),4,AllineamentoVirtu_lordo,Remuneration Model 1,Marginal Contribution,CER_0_8_0,CER_0_10_0,8,10,-0.0144649,0.0782421,0
taglia,fascia 4 (~100%),4,AllineamentoVirtu_lordo,Remuneration Model 1,Marginal Contribution,CER_0_15_0,CER_0_18_0,15,18,0.0363804,-0.142505,0
taglia,fascia 4 (~100%),4,AllineamentoVirtu_lordo,Remuneration Model 1,Stratified Expected Value,CER_0_8_0,CER_0_10_0,8,10,-0.0235782,0.072737,0
taglia,fascia 4 (~100%),4,AllineamentoVirtu_lordo,Remuneration Model 1,Stratified Expected Value,CER_0_15_0,CER_0_18_0,15,18,0.0308739,-0.151254,0
taglia,fascia 4 (~100%),4,AllineamentoVirtu_lordo,Remuneration Model 1,Adaptive Sampling Shapley,CER_0_8_0,CER_0_10_0,8,10,-0.00889143,0.0777393,0
taglia,fascia 4 (~100%),4,AllineamentoVirtu_lordo,Remuneration Model 1,Adaptive Sampling Shapley,CER_0_15_0,CER_0_18_0,15,18,0.0391638,-0.136955,0
taglia,fascia 4 (~100%),4,AllineamentoVirtu_lordo,Remuneration Model 1,Tri-level EP,CER_0_5_0,CER_0_8_0,5,8,-0.0540025,0.0681816,0
taglia,fascia 4 (~100%),4,AllineamentoVirtu_lordo,Remuneration Model 1,Tri-level EP,CER_0_15_0,CER_0_18_0,15,18,0.0853673,-0.175022,0
taglia,fascia 4 (~100%),4,AllineamentoVirtu_lordo,Cascading Tree,Pearson Key,CER_0_5_0,CER_0_8_0,5,8,-0.0817039,0.0357118,0
taglia,fascia 4 (~100%),4,AllineamentoVirtu_lordo,Cascading Tree,Pearson Key,CER_0_15_0,CER_0_18_0,15,18,0.100446,-0.341997,0
taglia,fascia 4 (~100%),4,AllineamentoVirtu_lordo,Cascading Tree,Pearson-Sharing Rate,CER_0_5_0,CER_0_8_0,5,8,-0.0843487,0.0327935,0
taglia,fascia 4 (~100%),4,AllineamentoVirtu_lordo,Cascading Tree,Pearson-Sharing Rate,CER_0_15_0,CER_0_18_0,15,18,0.0991703,-0.345694,0
taglia,fascia 4 (~100%),4,AllineamentoVirtu_lordo,Cascading Tree,Similarity-Utilization,CER_0_5_0,CER_0_8_0,5,8,-0.0714427,0.0485697,0
taglia,fascia 4 (~100%),4,AllineamentoVirtu_lordo,Cascading Tree,Similarity-Utilization,CER_0_15_0,CER_0_18_0,15,18,0.0837518,-0.419559,0
taglia,fascia 4 (~100%),4,AllineamentoVirtu_lordo,Cascading Tree,Marginal Contribution,CER_0_8_0,CER_0_10_0,8,10,-0.0493862,0.0640951,0
taglia,fascia 4 (~100%),4,AllineamentoVirtu_lordo,Cascading Tree,Marginal Contribution,CER_0_15_0,CER_0_18_0,15,18,0.0498519,-0.312625,0
taglia,fascia 4 (~100%),4,AllineamentoVirtu_lordo,Cascading Tree,Stratified Expected Value,CER_0_8_0,CER_0_10_0,8,10,-0.0584996,0.05859,0
taglia,fascia 4 (~100%),4,AllineamentoVirtu_lordo,Cascading Tree,Stratified Expected Value,CER_0_15_0,CER_0_18_0,15,18,0.0443455,-0.321374,0
taglia,fascia 4 (~100%),4,AllineamentoVirtu_lordo,Cascading Tree,Adaptive Sampling Shapley,CER_0_8_0,CER_0_10_0,8,10,-0.0438128,0.0635923,0
taglia,fascia 4 (~100%),4,AllineamentoVirtu_lordo,Cascading Tree,Adaptive Sampling Shapley,CER_0_15_0,CER_0_18_0,15,18,0.0526354,-0.307074,0
taglia,fascia 4 (~100%),4,AllineamentoVirtu_lordo,Cascading Tree,Tri-level EP,CER_0_5_0,CER_0_8_0,5,8,-0.0834238,0.0332602,0
taglia,fascia 4 (~100%),4,AllineamentoVirtu_lordo,Cascading Tree,Tri-level EP,CER_0_15_0,CER_0_18_0,15,18,0.0988389,-0.345142,0
taglia,fascia 4 (~100%),4,AllineamentoVirtu_lordo,Weighted Solidarity,Pearson Key,CER_0_20_0,CER_0_25_0,20,25,0.202645,-0.154172,0
taglia,fascia 4 (~100%),4,AllineamentoVirtu_lordo,Weighted Solidarity,Pearson-Sharing Rate,CER_0_20_0,CER_0_25_0,20,25,0.201896,-0.154806,0
taglia,fascia 4 (~100%),4,AllineamentoVirtu_lordo,Weighted Solidarity,Similarity-Utilization,CER_0_20_0,CER_0_25_0,20,25,0.0970598,-0.303031,0
taglia,fascia 4 (~100%),4,AllineamentoVirtu_lordo,Weighted Solidarity,Marginal Contribution,CER_0_20_0,CER_0_25_0,20,25,0.251991,-0.0417111,0
taglia,fascia 4 (~100%),4,AllineamentoVirtu_lordo,Weighted Solidarity,Stratified Expected Value,CER_0_20_0,CER_0_25_0,20,25,0.242448,-0.0463016,0
taglia,fascia 4 (~100%),4,AllineamentoVirtu_lordo,Weighted Solidarity,Adaptive Sampling Shapley,CER_0_20_0,CER_0_25_0,20,25,0.257655,-0.0360905,0
taglia,fascia 4 (~100%),4,AllineamentoVirtu_lordo,Weighted Solidarity,Tri-level EP,CER_0_20_0,CER_0_25_0,20,25,0.20601,-0.14859,0
taglia,fascia 4 (~100%),4,AllineamentoVirtu_lordo,Pearson Key,Similarity-Utilization,CER_0_10_0,CER_0_15_0,10,15,0.0211798,-0.0166939,0
taglia,fascia 4 (~100%),4,AllineamentoVirtu_lordo,Pearson Key,Marginal Contribution,CER_0_5_0,CER_0_8_0,5,8,0.0135508,-0.0850979,0
taglia,fascia 4 (~100%),4,AllineamentoVirtu_lordo,Pearson Key,Marginal Contribution,CER_0_15_0,CER_0_18_0,15,18,-0.0505938,0.0293724,0
taglia,fascia 4 (~100%),4,AllineamentoVirtu_lordo,Pearson Key,Stratified Expected Value,CER_0_5_0,CER_0_8_0,5,8,0.00737323,-0.0942113,0
taglia,fascia 4 (~100%),4,AllineamentoVirtu_lordo,Pearson Key,Stratified Expected Value,CER_0_15_0,CER_0_18_0,15,18,-0.0561003,0.0206236,0
taglia,fascia 4 (~100%),4,AllineamentoVirtu_lordo,Pearson Key,Adaptive Sampling Shapley,CER_0_5_0,CER_0_8_0,5,8,0.0200218,-0.0795245,0
taglia,fascia 4 (~100%),4,AllineamentoVirtu_lordo,Pearson Key,Adaptive Sampling Shapley,CER_0_15_0,CER_0_18_0,15,18,-0.0478104,0.0349227,0
taglia,fascia 4 (~100%),4,AllineamentoVirtu_lordo,Pearson Key,Tri-level EP,CER_0_18_0,CER_0_20_0,18,20,-0.00314501,0.00336515,0
taglia,fascia 4 (~100%),4,AllineamentoVirtu_lordo,Pearson-Sharing Rate,Similarity-Utilization,CER_0_10_0,CER_0_15_0,10,15,0.0211972,-0.0154185,0
taglia,fascia 4 (~100%),4,AllineamentoVirtu_lordo,Pearson-Sharing Rate,Marginal Contribution,CER_0_5_0,CER_0_8_0,5,8,0.0161956,-0.0821797,0
taglia,fascia 4 (~100%),4,AllineamentoVirtu_lordo,Pearson-Sharing Rate,Marginal Contribution,CER_0_15_0,CER_0_18_0,15,18,-0.0493184,0.0330695,0
taglia,fascia 4 (~100%),4,AllineamentoVirtu_lordo,Pearson-Sharing Rate,Stratified Expected Value,CER_0_5_0,CER_0_8_0,5,8,0.010018,-0.091293,0
taglia,fascia 4 (~100%),4,AllineamentoVirtu_lordo,Pearson-Sharing Rate,Stratified Expected Value,CER_0_15_0,CER_0_18_0,15,18,-0.0548248,0.0243207,0
taglia,fascia 4 (~100%),4,AllineamentoVirtu_lordo,Pearson-Sharing Rate,Adaptive Sampling Shapley,CER_0_5_0,CER_0_8_0,5,8,0.0226666,-0.0766062,0
taglia,fascia 4 (~100%),4,AllineamentoVirtu_lordo,Pearson-Sharing Rate,Adaptive Sampling Shapley,CER_0_15_0,CER_0_18_0,15,18,-0.0465349,0.0386198,0
taglia,fascia 4 (~100%),4,AllineamentoVirtu_lordo,Pearson-Sharing Rate,Tri-level EP,CER_0_8_0,CER_0_10_0,8,10,0.000466789,-0.000848,0
taglia,fascia 4 (~100%),4,AllineamentoVirtu_lordo,Pearson-Sharing Rate,Tri-level EP,CER_0_15_0,CER_0_18_0,15,18,-0.000331426,0.000552064,0
taglia,fascia 4 (~100%),4,AllineamentoVirtu_lordo,Similarity-Utilization,Marginal Contribution,CER_0_5_0,CER_0_8_0,5,8,0.00328964,-0.0979559,0
taglia,fascia 4 (~100%),4,AllineamentoVirtu_lordo,Similarity-Utilization,Marginal Contribution,CER_0_15_0,CER_0_18_0,15,18,-0.0338999,0.106934,0
taglia,fascia 4 (~100%),4,AllineamentoVirtu_lordo,Similarity-Utilization,Stratified Expected Value,CER_0_15_0,CER_0_18_0,15,18,-0.0394064,0.098185,0
taglia,fascia 4 (~100%),4,AllineamentoVirtu_lordo,Similarity-Utilization,Adaptive Sampling Shapley,CER_0_5_0,CER_0_8_0,5,8,0.00976062,-0.0923824,0
taglia,fascia 4 (~100%),4,AllineamentoVirtu_lordo,Similarity-Utilization,Adaptive Sampling Shapley,CER_0_15_0,CER_0_18_0,15,18,-0.0311164,0.112484,0
taglia,fascia 4 (~100%),4,AllineamentoVirtu_lordo,Similarity-Utilization,Tri-level EP,CER_0_10_0,CER_0_15_0,10,15,-0.0220452,0.015087,0
taglia,fascia 4 (~100%),4,AllineamentoVirtu_lordo,Marginal Contribution,Adaptive Sampling Shapley,CER_0_8_0,CER_0_10_0,8,10,0.00557343,-0.000502838,0
taglia,fascia 4 (~100%),4,AllineamentoVirtu_lordo,Marginal Contribution,Adaptive Sampling Shapley,CER_0_10_0,CER_0_15_0,10,15,-0.000502838,0.00278345,0
taglia,fascia 4 (~100%),4,AllineamentoVirtu_lordo,Marginal Contribution,Tri-level EP,CER_0_5_0,CER_0_8_0,5,8,-0.0152707,0.0826464,0
taglia,fascia 4 (~100%),4,AllineamentoVirtu_lordo,Marginal Contribution,Tri-level EP,CER_0_15_0,CER_0_18_0,15,18,0.0489869,-0.0325175,0
taglia,fascia 4 (~100%),4,AllineamentoVirtu_lordo,Stratified Expected Value,Tri-level EP,CER_0_5_0,CER_0_8_0,5,8,-0.00909312,0.0917598,0
taglia,fascia 4 (~100%),4,AllineamentoVirtu_lordo,Stratified Expected Value,Tri-level EP,CER_0_15_0,CER_0_18_0,15,18,0.0544934,-0.0237686,0
taglia,fascia 4 (~100%),4,AllineamentoVirtu_lordo,Adaptive Sampling Shapley,Tri-level EP,CER_0_5_0,CER_0_8_0,5,8,-0.0217417,0.077073,0
taglia,fascia 4 (~100%),4,AllineamentoVirtu_lordo,Adaptive Sampling Shapley,Tri-level EP,CER_0_15_0,CER_0_18_0,15,18,0.0462035,-0.0380678,0
taglia,fascia 4 (~100%),4,VAN_min_EUR,Variance Least Core,Cascading Tree,CER_0_5_0,CER_0_8_0,5,8,-44.1552,16.3147,0
taglia,fascia 4 (~100%),4,VAN_min_EUR,Variance Least Core,Weighted Solidarity,CER_0_5_0,CER_0_8_0,5,8,-66.7618,5.14845,0
taglia,fascia 4 (~100%),4,VAN_min_EUR,Variance Least Core,Weighted Solidarity,CER_0_10_0,CER_0_15_0,10,15,6.8639,-14.4245,0
taglia,fascia 4 (~100%),4,VAN_min_EUR,Equal Split,Remuneration Model 1,CER_0_5_0,CER_0_8_0,5,8,27.2317,-6.5162,0
taglia,fascia 4 (~100%),4,VAN_min_EUR,Equal Split,Weighted Solidarity,CER_0_5_0,CER_0_8_0,5,8,-10.6857,6.18049,0
taglia,fascia 4 (~100%),4,VAN_min_EUR,Equal Split,Weighted Solidarity,CER_0_10_0,CER_0_15_0,10,15,10.6066,-3.2442,0
taglia,fascia 4 (~100%),4,VAN_min_EUR,Equal Split,Weighted Solidarity,CER_0_18_0,CER_0_20_0,18,20,-12.3575,3.52464,0
taglia,fascia 4 (~100%),4,VAN_min_EUR,Equal Split,Marginal Contribution,CER_0_5_0,CER_0_8_0,5,8,45.1276,-3.38593,0
taglia,fascia 4 (~100%),4,VAN_min_EUR,Equal Split,Marginal Contribution,CER_0_10_0,CER_0_15_0,10,15,-0.720227,8.44732,0
taglia,fascia 4 (~100%),4,VAN_min_EUR,Equal Split,Stratified Expected Value,CER_0_5_0,CER_0_8_0,5,8,42.9257,-5.65551,0
taglia,fascia 4 (~100%),4,VAN_min_EUR,Equal Split,Stratified Expected Value,CER_0_10_0,CER_0_15_0,10,15,-2.83854,5.78416,0
taglia,fascia 4 (~100%),4,VAN_min_EUR,Equal Split,Adaptive Sampling Shapley,CER_0_5_0,CER_0_8_0,5,8,37.5618,-5.61935,0
taglia,fascia 4 (~100%),4,VAN_min_EUR,Equal Split,Adaptive Sampling Shapley,CER_0_10_0,CER_0_15_0,10,15,-6.21974,5.676,0
taglia,fascia 4 (~100%),4,VAN_min_EUR,Proportional to Consumption,Pearson Key,CER_0_5_0,CER_0_8_0,5,8,0.0995081,-10.878,0
taglia,fascia 4 (~100%),4,VAN_min_EUR,Proportional to Consumption,Tri-level EP,CER_0_5_0,CER_0_8_0,5,8,1.3615,-10.3955,0
taglia,fascia 4 (~100%),4,VAN_min_EUR,Remuneration Model 1,Cascading Tree,CER_0_5_0,CER_0_8_0,5,8,-15.3108,23.863,0
taglia,fascia 4 (~100%),4,VAN_min_EUR,Remuneration Model 1,Weighted Solidarity,CER_0_5_0,CER_0_8_0,5,8,-37.9174,12.6967,0
taglia,fascia 4 (~100%),4,VAN_min_EUR,Remuneration Model 1,Weighted Solidarity,CER_0_15_0,CER_0_18_0,15,18,0.135983,-12.1392,0
taglia,fascia 4 (~100%),4,VAN_min_EUR,Remuneration Model 1,Weighted Solidarity,CER_0_18_0,CER_0_20_0,18,20,-12.1392,4.66442,0
taglia,fascia 4 (~100%),4,VAN_min_EUR,Cascading Tree,Similarity-Utilization,CER_0_5_0,CER_0_8_0,5,8,55.9835,-0.595161,0
taglia,fascia 4 (~100%),4,VAN_min_EUR,Cascading Tree,Similarity-Utilization,CER_0_8_0,CER_0_10_0,8,10,-0.595161,1.1496,0
taglia,fascia 4 (~100%),4,VAN_min_EUR,Cascading Tree,Marginal Contribution,CER_0_5_0,CER_0_8_0,5,8,33.2068,-20.7327,0
taglia,fascia 4 (~100%),4,VAN_min_EUR,Cascading Tree,Stratified Expected Value,CER_0_5_0,CER_0_8_0,5,8,31.0049,-23.0023,0
taglia,fascia 4 (~100%),4,VAN_min_EUR,Cascading Tree,Adaptive Sampling Shapley,CER_0_5_0,CER_0_8_0,5,8,25.6409,-22.9661,0
taglia,fascia 4 (~100%),4,VAN_min_EUR,Weighted Solidarity,Marginal Contribution,CER_0_5_0,CER_0_8_0,5,8,55.8133,-9.56642,0
taglia,fascia 4 (~100%),4,VAN_min_EUR,Weighted Solidarity,Marginal Contribution,CER_0_10_0,CER_0_15_0,10,15,-11.3268,11.6915,0
taglia,fascia 4 (~100%),4,VAN_min_EUR,Weighted Solidarity,Stratified Expected Value,CER_0_5_0,CER_0_8_0,5,8,53.6115,-11.836,0
taglia,fascia 4 (~100%),4,VAN_min_EUR,Weighted Solidarity,Stratified Expected Value,CER_0_10_0,CER_0_15_0,10,15,-13.4451,9.02836,0
taglia,fascia 4 (~100%),4,VAN_min_EUR,Weighted Solidarity,Adaptive Sampling Shapley,CER_0_5_0,CER_0_8_0,5,8,48.2475,-11.7998,0
taglia,fascia 4 (~100%),4,VAN_min_EUR,Weighted Solidarity,Adaptive Sampling Shapley,CER_0_10_0,CER_0_15_0,10,15,-16.8263,8.9202,0
taglia,fascia 4 (~100%),4,VAN_min_EUR,Pearson Key,Pearson-Sharing Rate,CER_0_5_0,CER_0_8_0,5,8,-1.4233,0.750143,0
taglia,fascia 4 (~100%),4,VAN_min_EUR,Pearson Key,Pearson-Sharing Rate,CER_0_10_0,CER_0_15_0,10,15,0.72327,-0.240871,0
taglia,fascia 4 (~100%),4,VAN_min_EUR,Pearson Key,Pearson-Sharing Rate,CER_0_15_0,CER_0_18_0,15,18,-0.240871,0.0324102,0
taglia,fascia 4 (~100%),4,VAN_min_EUR,Pearson Key,Pearson-Sharing Rate,CER_0_18_0,CER_0_20_0,18,20,0.0324102,-0.0308968,0
taglia,fascia 4 (~100%),4,VAN_min_EUR,Pearson-Sharing Rate,Tri-level EP,CER_0_5_0,CER_0_8_0,5,8,2.6853,-0.267671,0
taglia,fascia 4 (~100%),4,VAN_min_EUR,Pearson-Sharing Rate,Tri-level EP,CER_0_10_0,CER_0_15_0,10,15,-0.191947,1.40173,0
taglia,fascia 4 (~100%),4,VAN_min_EUR,Stratified Expected Value,Adaptive Sampling Shapley,CER_0_5_0,CER_0_8_0,5,8,-5.36394,0.036159,0
taglia,fascia 4 (~100%),4,VAN_min_EUR,Stratified Expected Value,Adaptive Sampling Shapley,CER_0_8_0,CER_0_10_0,8,10,0.036159,-3.3812,0
