timestamp,office_1_kWh,small_industry_1_kWh,retail_1_kWh
2025-01-01 00:00:00,0.0,0.0,0.27083335
2025-01-01 01:00:00,0.0,0.0,0.5496666666666666
2025-01-01 02:00:00,0.0,0.0,0.40166668333333333
2025-01-01 03:00:00,0.0,0.0,0.18
2025-01-01 04:00:00,0.0,3.6666666666666667e-07,0.265
2025-01-01 05:00:00,0.0,4.066667616666667,0.41033335
2025-01-01 06:00:00,0.0,5.673334033333334,0.6416666833333332
2025-01-01 07:00:00,0.02000001666666667,9.276666733333334,0.48516698333333336
2025-01-01 08:00:00,0.5173335166666667,7.816667066666666,2.835833416666667
2025-01-01 09:00:00,3.9030016000000005,9.176000116666666,3.492500166666667
2025-01-01 10:00:00,4.333002166666667,8.789667233333333,2.9716666833333334
2025-01-01 11:00:00,4.198668816666667,17.564333416666663,3.0058334666666666
2025-01-01 12:00:00,4.222668033333333,18.12600068333333,2.6306669499999997
2025-01-01 13:00:00,5.147002083333334,13.166334516666666,3.0580000833333334
2025-01-01 14:00:00,6.884668666666666,17.096667816666667,2.53500025
2025-01-01 15:00:00,7.0126686833333345,17.07333396666667,2.6550001666666665
2025-01-01 16:00:00,6.872001933333334,8.36666765,3.488333416666667
2025-01-01 17:00:00,1.7016674833333334,5.482001283333333,2.972500183333333
2025-01-01 18:00:00,0.0,6.0350011,1.7368341166666665
2025-01-01 19:00:00,0.0,5.014334733333334,2.2956668833333334
2025-01-01 20:00:00,0.0,5.681333783333334,0.36
2025-01-01 21:00:00,0.0,0.3580001166666667,0.5066666833333333
2025-01-01 22:00:00,0.0,0.0,0.53
2025-01-01 23:00:00,0.0,0.0,0.3908333666666667
2025-01-02 00:00:00,0.0,0.0,0.29983333333333334
2025-01-02 01:00:00,0.0,0.0,0.4161666833333333
2025-01-02 02:00:00,0.0,0.0,0.6193333333333334
2025-01-02 03:00:00,0.0,0.0,0.482
2025-01-02 04:00:00,0.0,2.3333333333333333e-07,0.5121666666666667
2025-01-02 05:00:00,0.0,1.8533336166666665,0.4141667
2025-01-02 06:00:00,0.0,8.802666933333334,0.2940000166666667
2025-01-02 07:00:00,0.21666675,12.256333683333333,0.5413333333333333
2025-01-02 08:00:00,1.0826673666666669,13.2190005,0.88433375
2025-01-02 09:00:00,3.718668250000001,13.916667649999999,1.20583375
2025-01-02 10:00:00,3.552002350000001,12.739334283333333,3.3801667
2025-01-02 11:00:00,3.6600026000000003,11.7526669,3.3743333333333334
2025-01-02 12:00:00,5.085002583333334,12.49000015,3.48
2025-01-02 13:00:00,4.076668283333333,15.248666833333333,3.3718334666666663
2025-01-02 14:00:00,4.108002266666667,8.376667633333334,3.0056669333333335
2025-01-02 15:00:00,6.6753348500000005,9.476667833333336,2.9533335666666667
2025-01-02 16:00:00,3.9976683,12.239000733333333,3.4928335666666666
2025-01-02 17:00:00,0.40000074999999996,9.996333833333335,2.96683345
2025-01-02 18:00:00,0.49333345,9.0963341,3.1183334000000005
2025-01-02 19:00:00,0.0,5.0000002,3.063333383333333
2025-01-02 20:00:00,0.0,0.0,1.3988335166666666
2025-01-02 21:00:00,0.0,0.0,0.4771666833333333
2025-01-02 22:00:00,0.0,0.0,0.4491666833333333
2025-01-02 23:00:00,0.0,0.0,0.4491667
2025-01-03 00:00:00,0.0,0.0,0.39666666666666667
2025-01-03 01:00:00,0.0,0.0,0.47833338333333336
2025-01-03 02:00:00,0.0,0.0,0.495
2025-01-03 03:00:00,0.0,0.0,0.4730000166666667
2025-01-03 04:00:00,0.0,0.5740000166666668,0.2715
2025-01-03 05:00:00,0.0,1.6520000833333333,0.28833333333333333
2025-01-03 06:00:00,0.0,1.2140004333333334,0.49000004999999996
2025-01-03 07:00:00,0.10333339999999999,7.590001283333333,0.3675
2025-01-03 08:00:00,0.7040004333333333,10.950001216666665,0.3238336
2025-01-03 09:00:00,1.1260013166666665,9.676667966666667,1.6121668
2025-01-03 10:00:00,4.555002083333334,8.770000466666668,3.792500066666667
2025-01-03 11:00:00,5.438335383333334,11.373333950000001,3.7846667000000003
2025-01-03 12:00:00,6.808001066666667,10.6443339,3.7328333333333337
2025-01-03 13:00:00,6.800001,11.537334050000002,3.5300000999999996
2025-01-03 14:00:00,5.89733485,18.486666783333334,3.8191667166666665
2025-01-03 15:00:00,5.719335466666667,18.441000216666666,3.6150000166666665
2025-01-03 16:00:00,6.359334933333334,17.38000053333333,3.52416675
2025-01-03 17:00:00,5.362001866666668,16.510000966666666,3.564333366666667
2025-01-03 18:00:00,4.6656668833333335,16.92,1.7531673666666667
2025-01-03 19:00:00,0.5000000166666667,14.646000399999998,0.9233334666666667
2025-01-03 20:00:00,0.0,6.746667116666666,0.197
2025-01-03 21:00:00,0.0,2.7000002,0.4555000166666667
2025-01-03 22:00:00,0.0,0.0,0.5066666833333333
2025-01-03 23:00:00,0.0,0.0,0.5125
2025-01-04 00:00:00,0.0,0.0,0.46666671666666665
2025-01-04 01:00:00,0.0,0.0,0.3221666666666667
2025-01-04 02:00:00,0.0,0.0,0.364
2025-01-04 03:00:00,0.0,0.0,0.32800001666666667
2025-01-04 04:00:00,0.0,2.5000000833333336,0.18
2025-01-04 05:00:00,0.0,11.493333466666668,0.316
2025-01-04 06:00:00,0.0,12.159667016666667,0.381
2025-01-04 07:00:00,0.0,7.2766673,0.265
2025-01-04 08:00:00,0.0,9.081000933333332,1.0450002666666667
2025-01-04 09:00:00,0.0,13.242000016666667,3.1700002166666668
2025-01-04 10:00:00,0.0,2.8620011500000007,3.5916666666666663
2025-01-04 11:00:00,0.0,9.587333616666667,2.908333483333333
2025-01-04 12:00:00,0.0,11.60600065,2.7241666833333333
2025-01-04 13:00:00,0.0,11.866667316666666,2.4866667000000002
2025-01-04 14:00:00,0.0,7.4933340500000005,2.29166675
2025-01-04 15:00:00,0.0,6.600000666666667,2.661666916666667
2025-01-04 16:00:00,0.0,5.096667816666667,2.440833733333333
2025-01-04 17:00:00,0.0,6.690000716666667,2.4108337166666667
2025-01-04 18:00:00,0.0,7.952000183333333,3.11166675
2025-01-04 19:00:00,0.0,8.148334083333333,2.0691669999999998
2025-01-04 20:00:00,0.0,5.833333400000001,0.6175000833333333
2025-01-04 21:00:00,0.0,0.0,0.25366666666666665
2025-01-04 22:00:00,0.0,0.0,0.3580000166666667
2025-01-04 23:00:00,0.0,0.0,0.4191666833333333
2025-01-05 00:00:00,0.0,0.0,0.42583335
2025-01-05 01:00:00,0.0,0.0,0.3621666666666667
2025-01-05 02:00:00,0.0,0.0,0.28233335
2025-01-05 03:00:00,0.0,0.0,0.3561666833333333
2025-01-05 04:00:00,0.0,0.0,0.3178333333333333
2025-01-05 05:00:00,0.0,1.250000233333333,0.5328333666666666
2025-01-05 06:00:00,0.0,9.047333716666667,0.3826666666666667
2025-01-05 07:00:00,0.0,6.476667916666667,0.6008333333333333
2025-01-05 08:00:00,0.0,10.060001,0.39500083333333336
2025-01-05 09:00:00,0.0,7.836666833333334,0.6476670833333333
2025-01-05 10:00:00,0.0,7.2866667,2.4186667666666666
2025-01-05 11:00:00,0.0,6.783333416666666,2.4043335500000005
2025-01-05 12:00:00,0.0,7.786666933333333,2.5926667833333337
2025-01-05 13:00:00,0.0,8.581333516666668,2.6598333333333333
2025-01-05 14:00:00,0.0,12.008000083333334,2.6951668
2025-01-05 15:00:00,0.0,13.157666933333333,2.6833334000000004
2025-01-05 16:00:00,0.0,12.90633345,2.4890001333333336
2025-01-05 17:00:00,0.0,12.426666783333332,2.518000066666667
2025-01-05 18:00:00,0.0,6.850334466666667,2.5590002833333334
2025-01-05 19:00:00,0.0,6.00966785,2.5715005833333335
2025-01-05 20:00:00,0.0,1.5140006666666666,0.4988336
2025-01-05 21:00:00,0.0,0.5220000499999999,0.4083333666666667
2025-01-05 22:00:00,0.0,0.0,0.4596666833333333
2025-01-05 23:00:00,0.0,0.0,0.33400006666666665
2025-01-06 00:00:00,0.0,0.0,0.6300000166666666
2025-01-06 01:00:00,0.0,0.0,0.43166671666666667
2025-01-06 02:00:00,0.0,0.0,0.21366670000000001
2025-01-06 03:00:00,0.0,0.0,0.5413333333333333
2025-01-06 04:00:00,0.0,0.0,0.3826666666666667
2025-01-06 05:00:00,0.0,1.5500005666666665,0.5413333333333333
2025-01-06 06:00:00,9.166666666666666e-07,8.850000483333334,0.3826666666666667
2025-01-06 07:00:00,0.19333501666666664,9.807334200000001,0.5186666666666666
2025-01-06 08:00:00,2.0200017666666668,10.358666933333334,0.7511666666666666
2025-01-06 09:00:00,3.8200017166666673,9.383334716666667,0.8330000166666667
2025-01-06 10:00:00,2.5216692,9.843334200000001,2.4435000666666666
2025-01-06 11:00:00,2.0200026,15.360000033333334,3.154166783333334
2025-01-06 12:00:00,3.7973356333333337,15.246667133333334,3.2431667
2025-01-06 13:00:00,3.6510022166666674,12.9466676,3.595833383333333
2025-01-06 14:00:00,1.8406689166666668,12.950000116666667,3.9191667166666666
2025-01-06 15:00:00,4.458335616666666,11.035333699999999,3.3163334333333334
2025-01-06 16:00:00,3.4433349000000004,14.081333533333332,3.082500183333333
2025-01-06 17:00:00,4.3660017,12.353667216666667,2.792166716666667
2025-01-06 18:00:00,3.997335066666667,12.983334483333334,2.69150005
2025-01-06 19:00:00,1.3586677000000003,5.0166667333333335,1.9963334666666668
2025-01-06 20:00:00,0.0,0.6520000166666666,1.6650000333333335
2025-01-06 21:00:00,0.0,0.0,0.197
2025-01-06 22:00:00,0.0,0.0,0.248
2025-01-06 23:00:00,0.0,0.0,0.2603333333333333
2025-01-07 00:00:00,0.0,0.0,0.36166676666666664
2025-01-07 01:00:00,0.0,0.0,0.31033336666666667
2025-01-07 02:00:00,0.0,0.0,0.214
2025-01-07 03:00:00,0.0,0.0,0.231
2025-01-07 04:00:00,0.0,0.006,0.231
2025-01-07 05:00:00,0.0,5.5480008,0.42950003333333336
2025-01-07 06:00:00,1.8333333333333333e-07,6.503333716666666,0.5406666833333333
2025-01-07 07:00:00,1e-06,10.976667616666667,0.45383334999999997
2025-01-07 08:00:00,0.07600101666666666,10.293001816666667,0.7038333333333334
2025-01-07 09:00:00,3.4616679,10.103333533333332,3.351666766666667
2025-01-07 10:00:00,4.331667983333333,9.074334066666667,3.3406667000000003
2025-01-07 11:00:00,5.166668816666667,8.271000433333333,2.7843333833333332
2025-01-07 12:00:00,3.964335633333334,11.81333435,3.338000066666667
2025-01-07 13:00:00,5.911335283333334,15.780000916666667,3.05433335
2025-01-07 14:00:00,5.423002216666667,18.20000115,4.103000033333334
2025-01-07 15:00:00,5.986668633333334,13.096667016666666,4.032666666666667
2025-01-07 16:00:00,4.8166690333333335,7.9466672166666665,3.9111667166666666
2025-01-07 17:00:00,4.280667483333334,8.650000266666666,2.8761667166666665
2025-01-07 18:00:00,1.2126671666666666,11.230666850000002,2.940500033333333
2025-01-07 19:00:00,0.0,8.065000266666667,2.3843333833333333
2025-01-07 20:00:00,0.0,9.666666666666666e-07,0.51733335
2025-01-07 21:00:00,0.0,0.0,0.47333333333333333
2025-01-07 22:00:00,0.0,0.0,0.4166666666666667
2025-01-07 23:00:00,0.0,0.0,0.39650005
2025-01-08 00:00:00,0.0,0.0,0.2881666833333333
2025-01-08 01:00:00,0.0,0.0,0.33983335
2025-01-08 02:00:00,0.0,0.0,0.4433333333333333
2025-01-08 03:00:00,0.0,0.0,0.3281666833333333
2025-01-08 04:00:00,0.0,0.5000000166666667,0.24233333333333335
2025-01-08 05:00:00,0.0,3.666667183333333,0.27650003333333334
2025-01-08 06:00:00,0.0,6.22566705,0.5180000166666666
2025-01-08 07:00:00,0.9166668333333333,9.4210006,0.3826666666666667
2025-01-08 08:00:00,2.8246671666666665,14.413333633333334,1.2646670500000001
2025-01-08 09:00:00,3.186667916666667,15.490000083333335,2.63016745
2025-01-08 10:00:00,3.1200016666666675,13.346333733333333,2.4121672666666663
2025-01-08 11:00:00,1.6606694,13.420000733333332,2.0585006166666666
2025-01-08 12:00:00,2.494001816666667,17.940000566666665,3.4970000999999997
2025-01-08 13:00:00,3.476668833333334,16.8066671,3.4645001333333334
2025-01-08 14:00:00,3.2626687333333333,19.055,2.8938335833333335
2025-01-08 15:00:00,2.8783355500000005,18.594333600000002,3.301000166666667
2025-01-08 16:00:00,1.4433359833333335,18.167666933333333,2.67716725
2025-01-08 17:00:00,0.2893358833333333,8.320000483333333,2.6650001666666667
2025-01-08 18:00:00,3.683334216666667,4.5023343,2.6048336166666664
2025-01-08 19:00:00,1.2333333333333333e-06,3.51166725,1.1673340500000002
2025-01-08 20:00:00,0.0,4.000000066666667,0.29550018333333333
2025-01-08 21:00:00,0.0,0.0,0.265
2025-01-08 22:00:00,0.0,0.0,0.197
2025-01-08 23:00:00,0.0,0.0,0.36250003333333336
2025-01-09 00:00:00,0.0,0.0,0.39733335
2025-01-09 01:00:00,0.0,0.0,0.5483333666666667
2025-01-09 02:00:00,0.0,0.0,0.3826666666666667
2025-01-09 03:00:00,0.0,0.0,0.5413333333333333
2025-01-09 04:00:00,0.0,0.0,0.3826666666666667
2025-01-09 05:00:00,0.0,1.71666775,0.496
2025-01-09 06:00:00,0.0,2.65600045,0.428
2025-01-09 07:00:00,0.2646669333333333,10.323000416666668,0.483
2025-01-09 08:00:00,0.7353334499999999,18.035667233333335,0.8880000333333333
2025-01-09 09:00:00,3.105667316666667,17.793333833333335,1.5933334
2025-01-09 10:00:00,3.6503354333333338,17.453333433333334,2.90933345
2025-01-09 11:00:00,4.000001933333334,17.85000015,3.872500083333333
2025-01-09 12:00:00,4.3733352666666665,12.0966671,3.0773333333333337
2025-01-09 13:00:00,4.620000866666667,10.9600009,3.169666766666667
2025-01-09 14:00:00,4.71466795,9.666667616666668,3.2256667
2025-01-09 15:00:00,5.980001850000001,8.980000949999999,3.0680001333333333
2025-01-09 16:00:00,6.460001233333333,11.616000316666666,3.4366666666666665
2025-01-09 17:00:00,3.7530012166666666,9.996667433333332,3.4311666666666665
2025-01-09 18:00:00,1e-06,6.7173343,3.0500001166666673
2025-01-09 19:00:00,5e-07,5.8733338333333345,0.6066667
2025-01-09 20:00:00,0.0,6.123333416666666,0.47883333333333333
2025-01-09 21:00:00,0.0,0.13400004999999998,0.4810000166666667
2025-01-09 22:00:00,0.0,0.0,0.3795000333333334
2025-01-09 23:00:00,0.0,0.0,0.3736666666666667
2025-01-10 00:00:00,0.0,0.0,0.4433333666666667
2025-01-10 01:00:00,0.0,0.0,0.40616668333333333
2025-01-10 02:00:00,0.0,0.0,0.3116666833333333
2025-01-10 03:00:00,0.0,0.0,0.462
2025-01-10 04:00:00,0.0,0.0,0.428
2025-01-10 05:00:00,0.0,3.33333365,0.428
2025-01-10 06:00:00,0.0,10.322000433333333,0.462
2025-01-10 07:00:00,0.2253339,11.9800009,0.394
2025-01-10 08:00:00,0.9300012333333333,13.167667366666667,0.6576666833333333
2025-01-10 09:00:00,5.5796681,13.424333933333333,3.1991667
2025-01-10 10:00:00,4.759668283333333,12.91900095,3.1575
2025-01-10 11:00:00,4.975001483333334,9.596000583333334,3.3208333333333333
2025-01-10 12:00:00,4.62000155,15.4416669,3.6816666666666666
2025-01-10 13:00:00,4.028334916666667,18.097666883333336,3.1008335000000002
2025-01-10 14:00:00,6.195001983333333,18.533667216666668,3.008500216666667
2025-01-10 15:00:00,6.023335516666668,17.276667433333333,3.417333533333333
2025-01-10 16:00:00,3.3563352500000003,17.223334066666666,3.0953334166666666
2025-01-10 17:00:00,5.0,15.326667066666667,3.1046668
2025-01-10 18:00:00,4.666666733333334,8.510334049999999,3.5265001
2025-01-10 19:00:00,1.6666666666666667e-08,3.455000116666667,2.1016670333333334
2025-01-10 20:00:00,0.0,1.0000007333333334,0.5083333666666667
2025-01-10 21:00:00,0.0,0.0,0.3918333333333333
2025-01-10 22:00:00,0.0,0.0,0.462
2025-01-10 23:00:00,0.0,0.0,0.4081667
2025-01-11 00:00:00,0.0,0.0,0.4725
2025-01-11 01:00:00,0.0,0.0,0.4666667
2025-01-11 02:00:00,0.0,0.0,0.5121666666666667
2025-01-11 03:00:00,0.0,0.0,0.4166666666666667
2025-01-11 04:00:00,0.0,0.2430000833333333,0.38600001666666667
2025-01-11 05:00:00,0.0,4.1303339999999995,0.49583335
2025-01-11 06:00:00,0.0,6.720000966666667,0.3826666666666667
2025-01-11 07:00:00,0.0,9.00000015,0.5121666833333334
2025-01-11 08:00:00,0.0,9.716666883333334,0.35583333333333333
2025-01-11 09:00:00,0.0,12.820000333333333,0.5721667
2025-01-11 10:00:00,0.0,10.650666933333333,2.2231667
2025-01-11 11:00:00,0.0,9.730667233333333,2.8831667166666666
2025-01-11 12:00:00,0.0,7.266667,2.935833383333333
2025-01-11 13:00:00,0.0,10.180000566666665,3.2843333666666665
2025-01-11 14:00:00,0.0,13.726666883333333,3.38700005
2025-01-11 15:00:00,0.0,7.816666933333333,3.5148334000000006
2025-01-11 16:00:00,0.0,8.033333333333333,3.166000016666666
2025-01-11 17:00:00,0.0,8.800000633333335,3.0161667333333333
2025-01-11 18:00:00,0.0,9.267333933333333,3.555
2025-01-11 19:00:00,0.0,0.9370008333333333,0.6071666833333332
2025-01-11 20:00:00,0.0,0.0,0.3736667
2025-01-11 21:00:00,0.0,0.0,0.53
2025-01-11 22:00:00,0.0,0.0,0.394
2025-01-11 23:00:00,0.0,0.0,0.4946667
2025-01-12 00:00:00,0.0,0.0,0.36750003333333336
2025-01-12 01:00:00,0.0,0.0,0.265
2025-01-12 02:00:00,0.0,0.0,0.18
2025-01-12 03:00:00,0.0,0.0,0.40833335
2025-01-12 04:00:00,0.0,0.0,0.5366666833333333
2025-01-12 05:00:00,0.0,0.0,0.47166668333333334
2025-01-12 06:00:00,0.0,5.250000233333334,0.53
2025-01-12 07:00:00,0.0,10.065667766666667,0.39750003333333334
2025-01-12 08:00:00,0.0,11.253333766666668,0.2725
2025-01-12 09:00:00,0.0,12.33000045,0.9195000166666667
2025-01-12 10:00:00,0.0,12.756666850000002,3.4491667
2025-01-12 11:00:00,0.0,13.306666666666667,3.3231667000000003
2025-01-12 12:00:00,0.0,12.653333333333334,3.3943334000000003
2025-01-12 13:00:00,0.0,16.461333333333332,3.3213333499999997
2025-01-12 14:00:00,0.0,11.344666683333335,3.8770000999999996
2025-01-12 15:00:00,0.0,14.588666716666667,3.9270000166666663
2025-01-12 16:00:00,0.0,8.243333333333334,3.8796667499999997
2025-01-12 17:00:00,0.0,11.720000050000001,3.914333366666667
2025-01-12 18:00:00,0.0,10.871333566666666,3.7273334000000005
2025-01-12 19:00:00,0.0,6.073000683333333,3.6750000833333334
2025-01-12 20:00:00,0.0,1.6200005333333334,1.5425000333333334
2025-01-12 21:00:00,0.0,0.27,0.35683336666666665
2025-01-12 22:00:00,0.0,0.0,0.4141667
2025-01-12 23:00:00,0.0,0.0,0.27083335
2025-01-13 00:00:00,0.0,0.0,0.32683343333333337
2025-01-13 01:00:00,0.0,0.0,0.18566666666666665
2025-01-13 02:00:00,0.0,0.0,0.2593333333333333
2025-01-13 03:00:00,0.0,0.0,0.28233335
2025-01-13 04:00:00,0.0,0.0,0.18
2025-01-13 05:00:00,0.0,0.9500005333333333,0.49000008333333334
2025-01-13 06:00:00,6.666666666666667e-08,4.05166735,0.3713333333333333
2025-01-13 07:00:00,1.3223341,13.113333383333334,0.7520002000000001
2025-01-13 08:00:00,3.0803354333333335,12.970000399999998,2.20466675
2025-01-13 09:00:00,6.0233360000000005,12.610334066666667,2.9003333833333333
2025-01-13 10:00:00,6.723334833333333,7.2643345833333335,3.0421666833333334
2025-01-13 11:00:00,6.480002016666667,8.558667766666668,3.3378335500000005
2025-01-13 12:00:00,3.9156689,18.925666733333333,3.416333433333333
2025-01-13 13:00:00,2.846002966666667,17.133334599999998,3.6503333333333337
2025-01-13 14:00:00,5.489002300000001,17.980000766666667,2.7496666833333334
2025-01-13 15:00:00,5.276668833333333,18.158333733333333,3.6120000166666664
2025-01-13 16:00:00,5.1700019500000005,16.452000116666667,2.9546669
2025-01-13 17:00:00,0.48000168333333326,8.7600011,3.5436667333333336
2025-01-13 18:00:00,0.34200105,12.894666916666667,2.0430001
2025-01-13 19:00:00,0.038667883333333326,10.048000616666666,0.5353333333333333
2025-01-13 20:00:00,0.0,7.896667000000001,0.3713333333333333
2025-01-13 21:00:00,0.0,0.0833334,0.5186666666666666
2025-01-13 22:00:00,0.0,0.0,0.3713333333333333
2025-01-13 23:00:00,0.0,0.0,0.5486667166666667
2025-01-14 00:00:00,0.0,0.0,0.33883338333333335
2025-01-14 01:00:00,0.0,0.0,0.197
2025-01-14 02:00:00,0.0,0.0,0.231
2025-01-14 03:00:00,0.0,0.0,0.39233334999999997
2025-01-14 04:00:00,0.0,0.0,0.46350006666666665
2025-01-14 05:00:00,0.0,3.3333334666666663,0.3616666833333333
2025-01-14 06:00:00,5.333333333333333e-07,4.971667233333332,0.32333335
2025-01-14 07:00:00,0.10800126666666666,15.06666745,0.3340000166666667
2025-01-14 08:00:00,3.467669116666667,19.652333533333334,0.2576666666666667
2025-01-14 09:00:00,1.4733362833333332,19.115333516666666,2.477500333333333
2025-01-14 10:00:00,3.9483354000000004,18.406333633333333,3.5116667666666666
2025-01-14 11:00:00,4.815335016666667,12.213334150000001,3.48333345
2025-01-14 12:00:00,6.761335066666668,11.56666685,2.7825002166666666
2025-01-14 13:00:00,6.50133485,13.637000316666667,2.8275003
2025-01-14 14:00:00,6.359335566666666,13.814666866666666,2.689
2025-01-14 15:00:00,6.453335333333333,13.525000283333332,2.5243334
2025-01-14 16:00:00,5.476668500000001,5.8213347,2.8191666666666664
2025-01-14 17:00:00,0.4526687166666667,11.472333716666668,3.471666716666667
2025-01-14 18:00:00,2.5e-07,5.92133465,3.0210000666666668
2025-01-14 19:00:00,0.0,2.3016676166666667,2.237333516666667
2025-01-14 20:00:00,0.0,4.5833336,0.86
2025-01-14 21:00:00,0.0,0.0,0.53
2025-01-14 22:00:00,0.0,0.0,0.3930000166666667
2025-01-14 23:00:00,0.0,0.0,0.38500001666666667
2025-01-15 00:00:00,0.0,0.0,0.45500008333333336
2025-01-15 01:00:00,0.0,0.0,0.45500005
2025-01-15 02:00:00,0.0,0.0,0.3173333333333333
2025-01-15 03:00:00,0.0,0.0,0.23666666666666666
2025-01-15 04:00:00,0.0,0.0,0.22533333333333333
2025-01-15 05:00:00,0.0,0.0,0.21966666666666665
2025-01-15 06:00:00,0.0,0.0,0.24233333333333335
2025-01-15 07:00:00,0.3750004,9.302000483333334,0.20266666666666666
2025-01-15 08:00:00,2.341000216666667,11.279000850000001,0.2593333333333333
2025-01-15 09:00:00,3.7243339666666664,13.013334050000001,1.4963334333333331
2025-01-15 10:00:00,4.156668683333334,15.583333649999998,3.4756666833333334
2025-01-15 11:00:00,2.4033358333333332,14.03000055,2.859666766666667
2025-01-15 12:00:00,2.318335716666667,17.4233338,2.849833433333333
2025-01-15 13:00:00,3.183334666666667,18.886666666666667,3.3913333333333333
2025-01-15 14:00:00,5.418667916666667,19.43766666666667,3.4870000500000002
2025-01-15 15:00:00,5.63000185,14.414333466666667,2.8366668
2025-01-15 16:00:00,4.246668766666667,9.375667316666666,2.8366666666666664
2025-01-15 17:00:00,5.105335233333333,18.35300013333333,2.725333383333333
2025-01-15 18:00:00,2.0000010333333336,13.296333433333334,2.404833366666667
2025-01-15 19:00:00,5.0000000000000004e-08,12.892333800000001,0.3581667
2025-01-15 20:00:00,0.0,1.5850000166666667,0.25366666666666665
2025-01-15 21:00:00,0.0,0.0,0.37516673333333334
2025-01-15 22:00:00,0.0,0.0,0.4266667
2025-01-15 23:00:00,0.0,0.0,0.4841666833333333
2025-01-16 00:00:00,0.0,0.0,0.34433338333333335
2025-01-16 01:00:00,0.0,0.0,0.18566666666666665
2025-01-16 02:00:00,0.0,0.0,0.24233333333333335
2025-01-16 03:00:00,0.0,0.0,0.3173333333333333
2025-01-16 04:00:00,0.0,0.0,0.265
2025-01-16 05:00:00,0.0,0.15000019999999997,0.4958333333333333
2025-01-16 06:00:00,0.14466679999999998,5.9576667500000005,0.36
2025-01-16 07:00:00,0.3653334666666667,13.371000100000002,0.53
2025-01-16 08:00:00,0.2526676666666667,13.617666999999999,0.3833333333333333
2025-01-16 09:00:00,3.2116686666666663,7.886334416666666,0.6915000166666666
2025-01-16 10:00:00,5.59433555,8.92666755,3.22850005
2025-01-16 11:00:00,3.996668566666667,10.827000433333332,4.010000016666666
2025-01-16 12:00:00,3.6206677,13.150000133333332,3.750833383333333
2025-01-16 13:00:00,4.21700135,16.180000216666667,3.521000016666666
2025-01-16 14:00:00,5.700001816666667,14.23666705,3.1656666833333333
2025-01-16 15:00:00,5.5266687333333335,14.44,3.4116667333333335
2025-01-16 16:00:00,2.8786685000000003,12.376667283333335,2.9616667666666667
2025-01-16 17:00:00,0.4183337166666667,8.175667266666668,2.754833416666667
2025-01-16 18:00:00,0.0,6.730000433333333,3.3201667166666664
2025-01-16 19:00:00,0.0,8.0300001,2.670833366666667
2025-01-16 20:00:00,0.0,5.70100025,0.46
2025-01-16 21:00:00,0.0,0.0,0.5393333333333333
2025-01-16 22:00:00,0.0,0.0,0.45066666666666666
2025-01-16 23:00:00,0.0,0.0,0.4600000166666667
2025-01-17 00:00:00,0.0,0.0,0.38533338333333333
2025-01-17 01:00:00,0.0,0.0,0.42000010000000004
2025-01-17 02:00:00,0.0,0.0,0.53
2025-01-17 03:00:00,0.0,0.0,0.394
2025-01-17 04:00:00,0.0,0.0,0.53
2025-01-17 05:00:00,0.0,1.6666666666666667e-08,0.394
2025-01-17 06:00:00,0.0,6.869000366666667,0.53
2025-01-17 07:00:00,0.032,7.472000700000001,0.394
2025-01-17 08:00:00,0.85133425,7.286667533333334,1.9966669333333333
2025-01-17 09:00:00,1.9510014333333336,7.760334216666667,3.1290003166666667
2025-01-17 10:00:00,3.2450024,14.186667,3.0141669666666666
2025-01-17 11:00:00,5.955001683333334,19.173333333333332,2.944
2025-01-17 12:00:00,5.52666775,18.846666666666668,3.08
2025-01-17 13:00:00,5.882001,19.06000016666667,2.944
2025-01-17 14:00:00,6.087334566666668,16.12333345,3.08
2025-01-17 15:00:00,6.427335266666667,10.510000133333333,2.944
2025-01-17 16:00:00,4.315335716666667,8.543333766666667,3.2283334666666663
2025-01-17 17:00:00,5.456667733333334,8.813333916666666,2.9015002500000002
2025-01-17 18:00:00,4.093334316666667,6.109000833333334,2.2950003000000003
2025-01-17 19:00:00,1.8333338000000001,2.5223336333333335,1.0206669666666666
2025-01-17 20:00:00,0.0,0.3040000166666667,0.8550002499999999
2025-01-17 21:00:00,0.0,0.0,0.4301666833333333
2025-01-17 22:00:00,0.0,0.0,0.20833333333333334
2025-01-17 23:00:00,0.0,0.0,0.37966675000000005
2025-01-18 00:00:00,0.0,0.0,0.31066673333333333
2025-01-18 01:00:00,0.0,0.0,0.231
2025-01-18 02:00:00,0.0,0.0,0.20266666666666666
2025-01-18 03:00:00,0.0,0.0,0.3580000166666667
2025-01-18 04:00:00,0.0,0.0,0.265
2025-01-18 05:00:00,0.0,3.1340006166666665,0.18
2025-01-18 06:00:00,0.0,15.54,0.2593333333333333
2025-01-18 07:00:00,0.0,17.69,0.2823333666666667
2025-01-18 08:00:00,0.0,17.650000016666667,1.3961670666666666
2025-01-18 09:00:00,0.0,17.886666666666667,2.7306668
2025-01-18 10:00:00,0.0,18.490000016666666,3.2971668999999997
2025-01-18 11:00:00,0.0,18.390000049999998,3.0013335500000005
2025-01-18 12:00:00,0.0,17.56,3.06200015
2025-01-18 13:00:00,0.0,17.56,3.294
2025-01-18 14:00:00,0.0,17.886666666666667,3.406
2025-01-18 15:00:00,0.0,17.699333583333335,3.0125000500000003
2025-01-18 16:00:00,0.0,18.546666666666667,3.49700005
2025-01-18 17:00:00,0.0,9.779667416666667,2.6166669666666666
2025-01-18 18:00:00,0.0,5.7930005,1.6298333500000002
2025-01-18 19:00:00,0.0,1.1340002166666667,0.9318333333333334
2025-01-18 20:00:00,0.0,0.7250001833333333,0.47333333333333333
2025-01-18 21:00:00,0.0,0.0,0.3875
2025-01-18 22:00:00,0.0,0.0,0.44833335
2025-01-18 23:00:00,0.0,0.0,0.38016675000000005
2025-01-19 00:00:00,0.0,0.0,0.42583333333333334
2025-01-19 01:00:00,0.0,0.0,0.2770000166666667
2025-01-19 02:00:00,0.0,0.0,0.42000005
2025-01-19 03:00:00,0.0,0.0,0.37333335
2025-01-19 04:00:00,0.0,0.2500001,0.4316667
2025-01-19 05:00:00,0.0,4.83333445,0.3448333666666667
2025-01-19 06:00:00,0.0,8.60266685,0.58333335
2025-01-19 07:00:00,0.0,8.63200025,0.3791666666666667
2025-01-19 08:00:00,0.0,9.7,1.08166705
2025-01-19 09:00:00,0.0,8.850000283333333,2.085000183333333
2025-01-19 10:00:00,0.0,9.500000300000002,2.5133334166666668
2025-01-19 11:00:00,0.0,8.9000005,2.613333416666667
2025-01-19 12:00:00,0.0,9.400000333333333,2.6400000500000003
2025-01-19 13:00:00,0.0,9.170666683333335,2.556666916666667
2025-01-19 14:00:00,0.0,7.215000700000001,2.892500516666667
2025-01-19 15:00:00,0.0,8.280000033333334,3.0180002166666666
2025-01-19 16:00:00,0.0,9.09700025,3.2161666666666666
2025-01-19 17:00:00,0.0,7.566000816666667,3.2633333666666666
2025-01-19 18:00:00,0.0,7.881333783333334,3.2666667166666667
2025-01-19 19:00:00,0.0,4.5080009500000005,2.5566668333333338
2025-01-19 20:00:00,0.0,0.9836677166666667,1.2468334166666668
2025-01-19 21:00:00,0.0,5.0000000000000004e-08,0.18566666666666665
2025-01-19 22:00:00,0.0,0.0,0.35
2025-01-19 23:00:00,0.0,0.0,0.4616666833333333
2025-01-20 00:00:00,0.0,0.0,0.4783333666666667
2025-01-20 01:00:00,0.0,0.0,0.37333335
2025-01-20 02:00:00,0.0,0.0,0.20266666666666666
2025-01-20 03:00:00,0.0,0.0,0.2593333333333333
2025-01-20 04:00:00,0.0,0.0,0.29283338333333336
2025-01-20 05:00:00,0.0,0.8500002833333333,0.35733333333333334
2025-01-20 06:00:00,4.6666666666666666e-07,6.01666785,0.53
2025-01-20 07:00:00,0.26000106666666667,7.075000683333334,0.39166673333333335
2025-01-20 08:00:00,0.6633345166666665,8.494334,0.47533335
2025-01-20 09:00:00,1.8963347500000003,7.539001683333334,0.7265
2025-01-20 10:00:00,3.079669016666667,13.2803344,2.44550005
2025-01-20 11:00:00,3.3950024500000002,18.966667183333332,3.2316667000000003
2025-01-20 12:00:00,4.438667916666668,13.056667149999999,3.0761667000000004
2025-01-20 13:00:00,3.695001183333334,13.900000300000002,2.9118333333333335
2025-01-20 14:00:00,4.430334716666668,18.56700015,2.9160000333333334
2025-01-20 15:00:00,6.531668783333333,13.636667500000001,3.3786666833333334
2025-01-20 16:00:00,6.8660012,12.470000616666667,3.0775000500000003
2025-01-20 17:00:00,4.8873337,14.033333583333333,3.4138333666666667
2025-01-20 18:00:00,0.3466670666666667,11.577666916666667,3.6411667166666666
2025-01-20 19:00:00,0.1246668,5.843667283333334,2.8416666833333335
2025-01-20 20:00:00,0.0,6.384667383333333,2.12133335
2025-01-20 21:00:00,0.0,0.6666667,0.4675000166666667
2025-01-20 22:00:00,0.0,0.0,0.45033335
2025-01-20 23:00:00,0.0,0.0,0.39933338333333335
2025-01-21 00:00:00,0.0,0.0,0.46316668333333333
2025-01-21 01:00:00,0.0,0.0,0.4393333333333333
2025-01-21 02:00:00,0.0,0.0,0.3826666666666667
2025-01-21 03:00:00,0.0,0.0,0.5073333333333333
2025-01-21 04:00:00,0.0,0.044,0.36
2025-01-21 05:00:00,0.0,2.53666735,0.496
2025-01-21 06:00:00,0.0,8.536667116666667,0.394
2025-01-21 07:00:00,1.0390001333333334,7.370000883333333,0.428
2025-01-21 08:00:00,4.836000933333333,12.423667250000001,0.4995001166666667
2025-01-21 09:00:00,4.172668583333334,12.585000966666666,2.0433334833333334
2025-01-21 10:00:00,3.87666855,13.941333383333335,2.70333335
2025-01-21 11:00:00,3.2900020666666667,13.591000066666666,2.5616666833333332
2025-01-21 12:00:00,3.6770015166666665,13.897000166666666,2.75
2025-01-21 13:00:00,3.6060015000000005,14.594333433333334,2.6600000166666664
2025-01-21 14:00:00,4.644002316666667,12.040000233333332,2.5938334000000003
2025-01-21 15:00:00,5.266668216666667,9.087000583333335,2.9326668666666666
2025-01-21 16:00:00,3.2883349833333337,13.845333966666667,3.5051667666666666
2025-01-21 17:00:00,4.6666666666666666e-07,9.409333866666666,3.1483335166666664
2025-01-21 18:00:00,0.0,7.211667533333334,2.3156666666666665
2025-01-21 19:00:00,0.0,3.440000233333333,1.2868334
2025-01-21 20:00:00,0.0,0.19900011666666664,0.4393333333333333
2025-01-21 21:00:00,0.0,0.0,0.43750005
2025-01-21 22:00:00,0.0,0.0,0.37366673333333333
2025-01-21 23:00:00,0.0,0.0,0.36266671666666667
2025-01-22 00:00:00,0.0,0.0,0.31050001666666666
2025-01-22 01:00:00,0.0,0.0,0.25366668333333336
2025-01-22 02:00:00,0.0,0.0,0.2940000166666667
2025-01-22 03:00:00,0.0,0.0,0.5036667333333333
2025-01-22 04:00:00,0.0,0.0,0.45066666666666666
2025-01-22 05:00:00,0.0,1.6666666666666667e-08,0.4053333333333333
2025-01-22 06:00:00,0.2916674166666666,1.618,0.5186666666666666
2025-01-22 07:00:00,1.5000004000000002,7.073333516666667,0.3826666666666667
2025-01-22 08:00:00,2.8853336333333335,16.128333666666666,0.6903335
2025-01-22 09:00:00,2.0696685,16.812334183333334,2.7845000833333335
2025-01-22 10:00:00,4.981335049999999,12.57333345,3.7958333499999997
2025-01-22 11:00:00,2.4273350666666667,13.993666850000002,3.488166733333333
2025-01-22 12:00:00,3.7233348,14.339334116666667,3.3000002833333335
2025-01-22 13:00:00,3.5366678833333336,18.25300036666667,3.1415002333333333
2025-01-22 14:00:00,5.910002016666668,14.326667283333334,2.88633365
2025-01-22 15:00:00,4.482669400000001,10.850000083333335,3.56233335
2025-01-22 16:00:00,4.058334816666667,12.9666667,2.4813336166666664
2025-01-22 17:00:00,0.8973334333333334,17.416666733333333,3.0983334333333334
2025-01-22 18:00:00,0.0,6.650000183333334,2.3075002
2025-01-22 19:00:00,0.0,2.97566685,1.6615003166666669
2025-01-22 20:00:00,0.0,1.4280005333333334,0.9325000666666667
2025-01-22 21:00:00,0.0,0.40000011666666674,0.3826666666666667
2025-01-22 22:00:00,0.0,0.0,0.5355
2025-01-22 23:00:00,0.0,0.0,0.346
2025-01-23 00:00:00,0.0,0.0,0.4783334
2025-01-23 01:00:00,0.0,0.0,0.4775
2025-01-23 02:00:00,0.0,0.0,0.4053333333333333
2025-01-23 03:00:00,0.0,0.0,0.4846666666666667
2025-01-23 04:00:00,0.0,0.0,0.4393333333333333
2025-01-23 05:00:00,0.0,7.2500002666666665,0.45066666666666666
2025-01-23 06:00:00,0.0,15.45000015,0.47333333333333333
2025-01-23 07:00:00,1.1270004000000002,17.327333983333332,0.4166666666666667
2025-01-23 08:00:00,4.557333750000001,16.243334916666665,0.4898333333333333
2025-01-23 09:00:00,5.948335116666667,17.97666715,0.9748333666666666
2025-01-23 10:00:00,3.3900024333333336,18.573334083333332,2.425500066666667
2025-01-23 11:00:00,4.208335633333333,17.583333533333334,3.379666766666667
2025-01-23 12:00:00,3.8876685500000003,7.228334,3.575000166666667
2025-01-23 13:00:00,4.524668316666666,13.73433335,3.6085
2025-01-23 14:00:00,6.622001566666667,13.551666666666666,3.5645000166666665
2025-01-23 15:00:00,6.0766690500000005,11.6320007,3.3176667166666665
2025-01-23 16:00:00,4.865335683333334,3.615334366666667,3.4943333333333335
2025-01-23 17:00:00,3.3013354666666666,3.801667666666667,3.5356667
2025-01-23 18:00:00,0.29933436666666663,4.691001583333334,3.2406667000000002
2025-01-23 19:00:00,1.5000000000000002e-07,4.026667533333333,1.30200005
2025-01-23 20:00:00,0.0,0.0033349833333333337,0.23666666666666666
2025-01-23 21:00:00,0.0,8.333333333333333e-08,0.20833333333333334
2025-01-23 22:00:00,0.0,0.0,0.25366666666666665
2025-01-23 23:00:00,0.0,0.0,0.3581666833333333
2025-01-24 00:00:00,0.0,0.0,0.3173333833333334
2025-01-24 01:00:00,0.0,0.0,0.27066666666666667
2025-01-24 02:00:00,0.0,0.0,0.44983335
2025-01-24 03:00:00,0.0,0.0,0.53
2025-01-24 04:00:00,0.0,0.0,0.394
2025-01-24 05:00:00,0.0,8.132000383333333,0.462
2025-01-24 06:00:00,1.3666666666666666e-06,5.5136677,0.427
2025-01-24 07:00:00,0.45066828333333336,11.577000883333332,0.35000003333333335
2025-01-24 08:00:00,4.5766675999999995,12.825334133333332,0.9240001833333333
2025-01-24 09:00:00,2.7696690833333335,13.460000833333334,2.2391672000000002
2025-01-24 10:00:00,3.376668683333334,13.216667483333334,2.7056672333333336
2025-01-24 11:00:00,3.3286688833333336,12.430001416666666,3.3435001499999997
2025-01-24 12:00:00,2.3566693,14.520000216666666,3.4391667333333333
2025-01-24 13:00:00,5.3973352000000006,13.880000766666667,3.2931666666666666
2025-01-24 14:00:00,6.616668966666667,14.280000233333332,3.44283335
2025-01-24 15:00:00,6.500001916666667,11.694667183333333,3.399500033333333
2025-01-24 16:00:00,6.230668433333334,11.886667133333335,3.4161667166666665
2025-01-24 17:00:00,2.261667983333333,18.25666671666667,2.0615007333333333
2025-01-24 18:00:00,0.5173337833333334,15.581334366666669,2.971667033333333
2025-01-24 19:00:00,0.0,2.817667316666667,2.2208335666666668
2025-01-24 20:00:00,0.0,9.666666666666666e-07,0.6146670166666667
2025-01-24 21:00:00,0.0,0.0,0.494
2025-01-24 22:00:00,0.0,0.0,0.5081666833333333
2025-01-24 23:00:00,0.0,0.0,0.4550000333333334
2025-01-25 00:00:00,0.0,0.0,0.518
2025-01-25 01:00:00,0.0,0.0,0.3705
2025-01-25 02:00:00,0.0,0.0,0.29983333333333334
2025-01-25 03:00:00,0.0,0.0,0.28216671666666665
2025-01-25 04:00:00,0.0,0.0,0.4666666666666667
2025-01-25 05:00:00,0.0,0.0,0.36050004999999996
2025-01-25 06:00:00,0.0,0.1620001,0.403
2025-01-25 07:00:00,0.0,13.730000816666667,0.4725
2025-01-25 08:00:00,0.0,10.910000083333335,0.53233335
2025-01-25 09:00:00,0.0,7.390000083333334,3.30133345
2025-01-25 10:00:00,0.0,7.36,2.9848333333333334
2025-01-25 11:00:00,0.0,12.326666933333334,2.4276666833333334
2025-01-25 12:00:00,0.0,17.676666716666666,2.65683345
2025-01-25 13:00:00,0.0,17.5,3.29816685
2025-01-25 14:00:00,0.0,17.5,2.988000116666667
2025-01-25 15:00:00,0.0,17.13000045,3.0420000333333332
2025-01-25 16:00:00,0.0,17.726666700000003,3.0583334166666667
2025-01-25 17:00:00,0.0,16.893000566666664,2.918000116666667
2025-01-25 18:00:00,0.0,9.556667266666665,2.9831667833333335
2025-01-25 19:00:00,0.0,4.824001166666667,0.80800005
2025-01-25 20:00:00,0.0,0.5120005166666666,0.5140000333333333
2025-01-25 21:00:00,0.0,0.0,0.5833333666666666
2025-01-25 22:00:00,0.0,0.0,0.48750003333333336
2025-01-25 23:00:00,0.0,0.0,0.41300003333333335
2025-01-26 00:00:00,0.0,0.0,0.5081667
2025-01-26 01:00:00,0.0,0.0,0.39666666666666667
2025-01-26 02:00:00,0.0,0.0,0.5355
2025-01-26 03:00:00,0.0,0.0,0.3826666666666667
2025-01-26 04:00:00,0.0,0.0,0.5413333333333333
2025-01-26 05:00:00,0.0,0.0,0.3826666666666667
2025-01-26 06:00:00,0.0,1.6143335166666666,0.5413333333333333
2025-01-26 07:00:00,0.0,14.614666783333332,0.3826666666666667
2025-01-26 08:00:00,0.0,7.350000683333334,0.6396668333333333
2025-01-26 09:00:00,0.0,9.689000349999999,1.1800001833333333
2025-01-26 10:00:00,0.0,15.15700015,2.884000333333333
2025-01-26 11:00:00,0.0,18.324000016666666,3.056333566666667
2025-01-26 12:00:00,0.0,18.386,2.685000083333333
2025-01-26 13:00:00,0.0,18.462000033333332,3.212166916666667
2025-01-26 14:00:00,0.0,19.64,2.4543334666666663
2025-01-26 15:00:00,0.0,17.33000008333333,2.848833383333333
2025-01-26 16:00:00,0.0,12.390000399999998,2.4918336666666665
2025-01-26 17:00:00,0.0,14.033333333333333,2.5288334333333333
2025-01-26 18:00:00,0.0,14.417666683333335,2.704833483333333
2025-01-26 19:00:00,0.0,8.74866765,2.3078335666666665
2025-01-26 20:00:00,0.0,1e-06,0.44416673333333334
2025-01-26 21:00:00,0.0,2.5e-07,0.3056667
2025-01-26 22:00:00,0.0,0.0,0.5133333666666666
2025-01-26 23:00:00,0.0,0.0,0.4745000166666667
2025-01-27 00:00:00,0.0,0.0,0.4755
2025-01-27 01:00:00,0.0,0.0,0.4846666666666667
2025-01-27 02:00:00,0.0,0.0,0.4053333333333333
2025-01-27 03:00:00,0.0,0.0,0.5186666666666666
2025-01-27 04:00:00,0.0,0.0,0.47166668333333334
2025-01-27 05:00:00,0.0,0.07500013333333333,0.4053333333333333
2025-01-27 06:00:00,0.8333334333333333,6.987667783333333,0.45383334999999997
2025-01-27 07:00:00,1.4980006666666668,13.132334700000001,0.498
2025-01-27 08:00:00,3.3400010499999997,14.996668166666666,1.4383335333333334
2025-01-27 09:00:00,3.92333515,18.64666666666667,1.0423334666666668
2025-01-27 10:00:00,3.992668616666667,18.69333333333333,2.1771667000000003
2025-01-27 11:00:00,2.792336066666667,18.92666666666667,3.5106667166666665
2025-01-27 12:00:00,3.4993351166666673,14.83000005,3.52750005
2025-01-27 13:00:00,3.1186681166666665,17.07000015,3.1286668166666662
2025-01-27 14:00:00,6.390001300000001,12.820000633333335,2.7456667666666665
2025-01-27 15:00:00,3.504002116666667,13.270000316666666,3.747666683333333
2025-01-27 16:00:00,4.465335366666667,13.490000750000002,3.4435000166666665
2025-01-27 17:00:00,4.138001683333334,13.200000233333332,2.8573334166666666
2025-01-27 18:00:00,0.6806677999999999,11.467000916666668,2.602666683333333
2025-01-27 19:00:00,4.166666666666667e-07,11.0260002,2.71750015
2025-01-27 20:00:00,0.0,1.2103338166666666,1.1116667000000002
2025-01-27 21:00:00,0.0,0.0,0.356
2025-01-27 22:00:00,0.0,0.0,0.35
2025-01-27 23:00:00,0.0,0.0,0.29400006666666667
2025-01-28 00:00:00,0.0,0.0,0.2881666666666667
2025-01-28 01:00:00,0.0,0.0,0.3793333333333333
2025-01-28 02:00:00,0.0,0.0,0.4946666666666667
2025-01-28 03:00:00,0.0,0.0,0.4393333333333333
2025-01-28 04:00:00,0.0,0.0,0.4846666666666667
2025-01-28 05:00:00,0.0,4.1666670166666675,0.49000004999999996
2025-01-28 06:00:00,0.0,5.13700005,0.3173333333333333
2025-01-28 07:00:00,0.5833335666666667,6.7176678333333335,0.4666666666666667
2025-01-28 08:00:00,3.918001166666667,7.284668083333334,2.0606667
2025-01-28 09:00:00,2.492669116666667,11.93133375,2.7121667499999997
2025-01-28 10:00:00,3.8990019833333336,13.268333533333333,3.0588334666666666
2025-01-28 11:00:00,3.9316686000000005,18.829666666666668,3.54416675
2025-01-28 12:00:00,2.9910022000000005,18.670333366666668,3.348
2025-01-28 13:00:00,3.738335,19.24633336666667,3.3768333333333334
2025-01-28 14:00:00,4.425001983333334,18.33200031666667,3.350333383333333
2025-01-28 15:00:00,6.656668616666667,16.69333441666667,3.27483345
2025-01-28 16:00:00,5.590002433333333,12.634668033333334,3.3496666666666663
2025-01-28 17:00:00,0.9413351166666666,7.773334466666667,2.930000116666667
2025-01-28 18:00:00,0.28066684999999997,6.306668650000001,2.2563334333333334
2025-01-28 19:00:00,0.0,2.1160007333333333,1.0206667333333335
2025-01-28 20:00:00,0.0,1.40700065,0.376
2025-01-28 21:00:00,0.0,0.0,0.2593333333333333
2025-01-28 22:00:00,0.0,0.0,0.28233338333333335
2025-01-28 23:00:00,0.0,0.0,0.41416671666666666
2025-01-29 00:00:00,0.0,0.0,0.26500001666666667
2025-01-29 01:00:00,0.0,0.0,0.43883335
2025-01-29 02:00:00,0.0,0.0,0.3423333333333333
2025-01-29 03:00:00,0.0,0.0,0.41333333333333333
2025-01-29 04:00:00,0.0,0.0,0.197
2025-01-29 05:00:00,0.0,0.8000002999999999,0.32750001666666667
2025-01-29 06:00:00,0.0,7.5833342,0.4141666833333333
2025-01-29 07:00:00,0.0,11.618667116666668,0.4165000166666667
2025-01-29 08:00:00,1.4006673666666667,9.067333433333335,1.0658334833333334
2025-01-29 09:00:00,3.7513344666666666,15.32000005,2.4253337333333334
2025-01-29 10:00:00,3.2083338500000003,14.613334033333334,2.1946672833333336
2025-01-29 11:00:00,4.328001016666667,12.030000916666667,1.1353342666666666
2025-01-29 12:00:00,2.5233351833333337,12.1600014,2.0963336666666668
2025-01-29 13:00:00,3.41333435,13.570000550000001,2.6078335000000004
2025-01-29 14:00:00,6.430001066666667,12.76033375,2.96466685
2025-01-29 15:00:00,6.796667666666666,12.895334116666668,2.6411668166666664
2025-01-29 16:00:00,5.68933405,10.866667383333334,2.579333383333333
2025-01-29 17:00:00,5.0,8.200333650000001,2.4983333333333335
2025-01-29 18:00:00,2.083333916666667,7.578334033333333,2.7281667833333336
2025-01-29 19:00:00,2.3333333333333333e-07,1.8033334833333334,2.990166916666667
2025-01-29 20:00:00,0.0,2.1733334999999996,0.46033361666666667
2025-01-29 21:00:00,0.0,3.3333333333333334e-08,0.35600003333333335
2025-01-29 22:00:00,0.0,0.0,0.3681667
2025-01-29 23:00:00,0.0,0.0,0.4433333833333334
2025-01-30 00:00:00,0.0,0.0,0.35583335
2025-01-30 01:00:00,0.0,0.0,0.48333333333333334
2025-01-30 02:00:00,0.0,0.0,0.51083335
2025-01-30 03:00:00,0.0,0.0,0.5250000166666666
2025-01-30 04:00:00,0.0,0.0,0.51983335
2025-01-30 05:00:00,0.0,4.166666666666667e-07,0.53150005
2025-01-30 06:00:00,4.5e-07,5.246667499999999,0.45500005
2025-01-30 07:00:00,3.5416678499999996,13.703333483333331,0.4900000166666667
2025-01-30 08:00:00,4.688668000000001,12.247667433333332,0.7375003166666667
2025-01-30 09:00:00,5.506669066666667,17.20333378333333,2.210500166666667
2025-01-30 10:00:00,3.5380026833333336,17.1603343,3.02100025
2025-01-30 11:00:00,3.87333495,17.29666698333333,3.5233333499999997
2025-01-30 12:00:00,2.1840028333333334,17.563000016666663,3.9610000166666666
2025-01-30 13:00:00,1.7400018166666666,18.022667100000003,3.863333383333333
2025-01-30 14:00:00,3.806668616666667,16.26400088333333,3.2783334
2025-01-30 15:00:00,4.403335883333333,17.980333533333333,3.3868336166666664
2025-01-30 16:00:00,5.868668350000001,17.620000566666665,2.8053335666666666
2025-01-30 17:00:00,1.1586687500000001,13.301666916666667,3.2608335000000004
2025-01-30 18:00:00,0.5260007666666666,11.682333716666667,3.9216667000000003
2025-01-30 19:00:00,3.3333333333333334e-08,1.1520000833333333,0.7283335000000001
2025-01-30 20:00:00,0.0,0.8120000166666667,0.265
2025-01-30 21:00:00,0.0,0.0,0.18
2025-01-30 22:00:00,0.0,0.0,0.4025
2025-01-30 23:00:00,0.0,0.0,0.28833333333333333
2025-01-31 00:00:00,0.0,0.0,0.30583335
2025-01-31 01:00:00,0.0,0.0,0.27083335
2025-01-31 02:00:00,0.0,0.0,0.5250000166666666
2025-01-31 03:00:00,0.0,0.0,0.6591666666666667
2025-01-31 04:00:00,0.0,0.0,0.3931667
2025-01-31 05:00:00,0.0,0.0,0.2593333333333333
2025-01-31 06:00:00,0.50000045,0.38600013333333333,0.4716667
2025-01-31 07:00:00,2.412666916666667,10.1196672,0.496
2025-01-31 08:00:00,4.256667816666667,10.832667099999998,0.86866685
2025-01-31 09:00:00,2.0350027500000003,12.880334000000001,0.9548333833333332
2025-01-31 10:00:00,2.43366915,9.816667283333334,2.9533335000000003
2025-01-31 11:00:00,3.8766678500000005,15.399333683333332,3.3833334000000006
2025-01-31 12:00:00,3.8213357833333337,17.91533336666667,3.2558336
2025-01-31 13:00:00,2.6466684333333332,17.855000183333335,3.1866670666666668
2025-01-31 14:00:00,3.7073356333333334,17.23100001666667,3.0116666666666667
2025-01-31 15:00:00,6.5660018,13.472334233333333,3.1133333666666667
2025-01-31 16:00:00,4.930669,11.5070008,3.0325001499999997
2025-01-31 17:00:00,0.9253347833333333,9.226666966666668,3.6333334833333333
2025-01-31 18:00:00,0.036000033333333334,11.792666783333333,3.8218333833333333
2025-01-31 19:00:00,0.0,3.351334066666667,3.1940003166666666
2025-01-31 20:00:00,0.0,2.5120003,0.53933335
2025-01-31 21:00:00,0.0,0.0,0.20833333333333334
2025-01-31 22:00:00,0.0,0.0,0.23666666666666666
2025-01-31 23:00:00,0.0,0.0,0.43233336666666666
2025-02-01 00:00:00,0.0,0.0,0.4668333666666667
2025-02-01 01:00:00,0.0,0.0,0.197
2025-02-01 02:00:00,0.0,0.0,0.248
2025-02-01 03:00:00,0.0,0.0,0.37400005
2025-02-01 04:00:00,0.0,0.0,0.19133333333333336
2025-02-01 05:00:00,0.0,5.50000145,0.47250005
2025-02-01 06:00:00,0.0,6.1580015,0.496
2025-02-01 07:00:00,0.0,7.965333666666667,0.428
2025-02-01 08:00:00,0.0,16.45366695,0.9620002999999999
2025-02-01 09:00:00,0.0,12.36333345,2.7248337333333335
2025-02-01 10:00:00,0.0,13.700000266666668,3.03650025
2025-02-01 11:00:00,0.0,12.646667066666668,2.4631669666666665
2025-02-01 12:00:00,0.0,12.9300002,2.7791668666666665
2025-02-01 13:00:00,0.0,9.796667516666666,3.0673333333333335
2025-02-01 14:00:00,0.0,11.183333833333334,3.2316667166666666
2025-02-01 15:00:00,0.0,12.776666933333333,2.8613335833333333
2025-02-01 16:00:00,0.0,16.34666676666667,3.2366666666666664
2025-02-01 17:00:00,0.0,8.193333333333333,3.11083335
2025-02-01 18:00:00,0.0,7.3000005,1.9253337666666666
2025-02-01 19:00:00,0.0,9.446666983333333,1.0805001833333334
2025-02-01 20:00:00,0.0,3.094667416666667,0.27066666666666667
2025-02-01 21:00:00,0.0,0.39000013333333333,0.19133333333333336
2025-02-01 22:00:00,0.0,0.0,0.27066666666666667
2025-02-01 23:00:00,0.0,0.0,0.5191667
2025-02-02 00:00:00,0.0,0.0,0.36233336666666666
2025-02-02 01:00:00,0.0,0.0,0.28900003333333335
2025-02-02 02:00:00,0.0,0.0,0.4100000166666667
2025-02-02 03:00:00,0.0,0.0,0.6145
2025-02-02 04:00:00,0.0,0.0,0.462
2025-02-02 05:00:00,0.0,0.433,0.428
2025-02-02 06:00:00,0.0,0.4080000166666667,0.462
2025-02-02 07:00:00,0.0,7.912000616666667,0.4280005333333333
2025-02-02 08:00:00,0.0,13.155000349999998,1.45033385
2025-02-02 09:00:00,0.0,17.35866675,2.4188335833333334
2025-02-02 10:00:00,0.0,18.15766686666667,2.81283375
2025-02-02 11:00:00,0.0,17.937333449999997,3.75133335
2025-02-02 12:00:00,0.0,17.936666749999997,3.7786667499999997
2025-02-02 13:00:00,0.0,18.243333516666667,3.73133335
2025-02-02 14:00:00,0.0,13.246667500000001,3.7703333333333333
2025-02-02 15:00:00,0.0,8.653333516666667,3.2155001666666667
2025-02-02 16:00:00,0.0,11.590000583333333,3.4808334
2025-02-02 17:00:00,0.0,7.3666667,2.2033339
2025-02-02 18:00:00,0.0,8.079333466666666,2.599833433333333
2025-02-02 19:00:00,0.0,4.4006666999999995,1.8176671
2025-02-02 20:00:00,0.0,0.9500002999999999,0.35633335
2025-02-02 21:00:00,0.0,0.0,0.24216668333333333
2025-02-02 22:00:00,0.0,0.0,0.5016666833333333
2025-02-02 23:00:00,0.0,0.0,0.23666668333333335
2025-02-03 00:00:00,0.0,0.0,0.5183333333333334
2025-02-03 01:00:00,0.0,0.0,0.394
2025-02-03 02:00:00,0.0,0.0,0.496
2025-02-03 03:00:00,0.0,0.0,0.394
2025-02-03 04:00:00,0.0,0.0,0.461
2025-02-03 05:00:00,0.0,0.48400008333333333,0.573
2025-02-03 06:00:00,0.0,8.435000350000001,0.36
2025-02-03 07:00:00,0.2880006666666667,11.293333833333334,0.3463333333333333
2025-02-03 08:00:00,2.623334433333334,18.174667333333336,0.7928333666666666
2025-02-03 09:00:00,3.026667816666667,9.421667500000002,1.0338333833333333
2025-02-03 10:00:00,4.2766669,11.439667116666667,2.525333433333333
2025-02-03 11:00:00,4.770000883333333,15.188000316666667,2.7421667166666666
2025-02-03 12:00:00,4.7000003,17.612333616666668,2.600333533333333
2025-02-03 13:00:00,4.700000233333334,11.373666966666667,2.553
2025-02-03 14:00:00,4.516667666666666,14.526666916666667,2.8296666666666663
2025-02-03 15:00:00,5.12933535,14.924666783333333,2.744
2025-02-03 16:00:00,4.948001616666667,13.131667233333333,2.8391666833333336
2025-02-03 17:00:00,0.4966686833333333,13.984000316666666,2.858333383333333
2025-02-03 18:00:00,0.16800048333333334,12.9750001,2.5691667333333332
2025-02-03 19:00:00,0.08533345,10.017000316666666,2.0433335166666664
2025-02-03 20:00:00,0.0,0.5000000166666667,1.21250025
2025-02-03 21:00:00,0.0,0.0,0.22533333333333333
2025-02-03 22:00:00,0.0,0.0,0.4491666833333333
2025-02-03 23:00:00,0.0,0.0,0.3921667166666667
2025-02-04 00:00:00,0.0,0.0,0.2823333333333333
2025-02-04 01:00:00,0.0,0.0,0.5308333333333334
2025-02-04 02:00:00,0.0,0.0,0.4168333666666667
2025-02-04 03:00:00,0.0,0.0,0.4141666666666667
2025-02-04 04:00:00,0.0,0.0,0.5413333333333333
2025-02-04 05:00:00,0.0,0.39700008333333336,0.3801666666666667
2025-02-04 06:00:00,5.166666666666667e-07,3.2820009833333335,0.3990000166666667
2025-02-04 07:00:00,0.3933343666666667,8.676667616666668,0.42583333333333334
2025-02-04 08:00:00,3.8653344833333336,17.546667166666666,0.5133333666666666
2025-02-04 09:00:00,4.231668533333333,17.51000068333333,0.60433335
2025-02-04 10:00:00,5.05666875,17.01000085,3.33216675
2025-02-04 11:00:00,6.228668533333334,18.4140003,3.3668334333333334
2025-02-04 12:00:00,5.564668666666666,11.94833395,3.5041667000000003
2025-02-04 13:00:00,5.5693355,16.493000316666663,3.2456666833333334
2025-02-04 14:00:00,6.210001666666667,19.34333365,3.9286666833333332
2025-02-04 15:00:00,6.012668733333334,18.816667366666664,3.9836666833333334
2025-02-04 16:00:00,5.563335266666667,18.208000766666668,3.6946666833333333
2025-02-04 17:00:00,1.6706679000000002,10.609667649999999,3.823833366666667
2025-02-04 18:00:00,0.10000018333333334,10.693333683333332,3.5351667499999997
2025-02-04 19:00:00,0.0,11.6300007,3.09416675
2025-02-04 20:00:00,0.0,7.166666983333332,0.6951666833333333
2025-02-04 21:00:00,0.0,1.0000001333333333,0.25366666666666665
2025-02-04 22:00:00,0.0,0.0,0.19133333333333336
2025-02-04 23:00:00,0.0,0.0,0.4316666833333333
2025-02-05 00:00:00,0.0,0.0,0.3116666666666667
2025-02-05 01:00:00,0.0,0.0,0.3863333333333333
2025-02-05 02:00:00,0.0,0.0,0.495
2025-02-05 03:00:00,0.0,0.0,0.48650003333333336
2025-02-05 04:00:00,0.0,0.0,0.248
2025-02-05 05:00:00,0.0,1.2096668333333331,0.22016666666666665
2025-02-05 06:00:00,0.0,6.212667000000001,0.271
2025-02-05 07:00:00,1.0000001833333334,12.008001016666666,0.6603334833333333
2025-02-05 08:00:00,3.6733339500000004,11.136334100000001,1.9160003166666668
2025-02-05 09:00:00,5.674666666666667,13.4240002,3.56250005
2025-02-05 10:00:00,5.81066755,14.61566675,3.7525001333333337
2025-02-05 11:00:00,6.005334366666667,13.346667466666666,3.1375000833333333
2025-02-05 12:00:00,6.510000533333334,16.8500002,2.8691666833333334
2025-02-05 13:00:00,5.0900011166666665,17.2733338,2.428333383333333
2025-02-05 14:00:00,3.1050010333333335,16.286666916666668,2.5491666833333335
2025-02-05 15:00:00,6.345334116666667,11.733333916666666,3.307500033333333
2025-02-05 16:00:00,5.4413343,11.9800009,2.9441667833333334
2025-02-05 17:00:00,0.4786668333333333,17.98333345,2.8975002
2025-02-05 18:00:00,0.008,9.756667283333334,1.6140001166666667
2025-02-05 19:00:00,0.0,1.74500105,1.2416667
2025-02-05 20:00:00,0.0,1.0850007499999998,0.5608333333333334
2025-02-05 21:00:00,0.0,0.7000000333333334,0.53
2025-02-05 22:00:00,0.0,0.0,0.33550008333333337
2025-02-05 23:00:00,0.0,0.0,0.30583335
2025-02-06 00:00:00,0.0,0.0,0.6245
2025-02-06 01:00:00,0.0,0.0,0.4023333666666667
2025-02-06 02:00:00,0.0,0.0,0.2765
2025-02-06 03:00:00,0.0,0.0,0.3231666833333333
2025-02-06 04:00:00,0.0,0.26200001666666667,0.38033335
2025-02-06 05:00:00,0.0,0.9010001666666667,0.6193333333333334
2025-02-06 06:00:00,0.0,2.8900001333333334,0.3826666666666667
2025-02-06 07:00:00,0.0,8.51333375,0.462
2025-02-06 08:00:00,0.8353336,8.409667666666666,2.0591668
2025-02-06 09:00:00,4.0873342,12.637000716666668,2.8373334000000003
2025-02-06 10:00:00,4.54000065,14.403333616666666,2.9196668333333338
2025-02-06 11:00:00,3.5513346333333335,14.133333866666666,3.1263335000000003
2025-02-06 12:00:00,3.65333345,15.853334,2.7106667333333334
2025-02-06 13:00:00,3.7340011000000004,15.6166668,2.66733335
2025-02-06 14:00:00,5.509001366666666,14.332333816666667,3.0913334333333333
2025-02-06 15:00:00,5.646667900000001,13.381334333333335,3.52566675
2025-02-06 16:00:00,6.417333516666667,13.613334233333333,3.5465000333333334
2025-02-06 17:00:00,4.183000416666666,13.561667433333332,3.59500005
2025-02-06 18:00:00,0.52333345,13.758000233333332,1.7396667833333332
2025-02-06 19:00:00,0.0,8.284667233333334,0.84900005
2025-02-06 20:00:00,0.0,0.0,0.2996666666666667
2025-02-06 21:00:00,0.0,0.0,0.19133333333333336
2025-02-06 22:00:00,0.0,0.0,0.2881666833333333
2025-02-06 23:00:00,0.0,0.0,0.46666673333333336
2025-02-07 00:00:00,0.0,0.0,0.3216666666666667
2025-02-07 01:00:00,0.0,0.0,0.21966666666666665
2025-02-07 02:00:00,0.0,0.0,0.22533333333333333
2025-02-07 03:00:00,0.0,0.0,0.23666666666666666
2025-02-07 04:00:00,0.0,0.0,0.26483335
2025-02-07 05:00:00,0.0,0.0,0.44800001666666667
2025-02-07 06:00:00,0.0,4.5893337,0.44333335
2025-02-07 07:00:00,1.50000015,11.933000416666667,0.4083333333333333
2025-02-07 08:00:00,5.1513341666666665,9.768000733333333,0.7246668333333334
2025-02-07 09:00:00,5.911335466666667,13.397333866666665,2.5980000666666667
2025-02-07 10:00:00,6.638334983333334,18.216667249999997,3.277333416666667
2025-02-07 11:00:00,1.6073362500000001,18.724667,2.7416667833333337
2025-02-07 12:00:00,5.37600205,17.950333333333333,2.5373333333333337
2025-02-07 13:00:00,6.400667833333334,16.192666850000002,2.2981669166666667
2025-02-07 14:00:00,6.282001533333333,19.26266676666667,2.2396671
2025-02-07 15:00:00,4.987335633333334,18.426000466666665,3.2483334000000004
2025-02-07 16:00:00,2.9796685833333334,12.059000300000001,3.2625
2025-02-07 17:00:00,1.4586677666666668,3.753334283333333,3.035000166666667
2025-02-07 18:00:00,0.35666686666666664,10.296334066666667,2.90333345
2025-02-07 19:00:00,0.0,9.694333533333333,1.1583334666666667
2025-02-07 20:00:00,0.0,0.0,0.2765
2025-02-07 21:00:00,0.0,0.0,0.265
2025-02-07 22:00:00,0.0,0.0,0.2825000166666667
2025-02-07 23:00:00,0.0,0.0,0.24250001666666668
2025-02-08 00:00:00,0.0,0.0,0.4093333666666667
2025-02-08 01:00:00,0.0,0.0,0.42583335
2025-02-08 02:00:00,0.0,0.0,0.197
2025-02-08 03:00:00,0.0,0.0,0.248
2025-02-08 04:00:00,0.0,1.0000000000000001e-07,0.197
2025-02-08 05:00:00,0.0,2.3000005499999996,0.248
2025-02-08 06:00:00,0.0,7.417667466666667,0.197
2025-02-08 07:00:00,0.0,6.672667616666668,0.2828333333333333
2025-02-08 08:00:00,0.0,9.315000399999999,0.4141666666666667
2025-02-08 09:00:00,0.0,12.756333366666667,2.7866668666666663
2025-02-08 10:00:00,0.0,13.274666666666667,3.250000066666667
2025-02-08 11:00:00,0.0,13.136333366666666,3.12200005
2025-02-08 12:00:00,0.0,13.169000316666667,2.9171666666666667
2025-02-08 13:00:00,0.0,12.607000783333334,2.9353334
2025-02-08 14:00:00,0.0,12.150001099999999,2.91133345
2025-02-08 15:00:00,0.0,15.293333683333332,2.9301668166666666
2025-02-08 16:00:00,0.0,9.3000007,3.0866668333333336
2025-02-08 17:00:00,0.0,12.83333395,3.1391666666666667
2025-02-08 18:00:00,0.0,7.6166679833333335,1.2615
2025-02-08 19:00:00,0.0,10.414333699999998,0.5176668333333333
2025-02-08 20:00:00,0.0,2.6473337333333333,0.45066666666666666
2025-02-08 21:00:00,0.0,8.333333333333333e-08,0.4393333333333333
2025-02-08 22:00:00,0.0,0.0,0.45066666666666666
2025-02-08 23:00:00,0.0,0.0,0.39933341666666666
2025-02-09 00:00:00,0.0,0.0,0.42583335
2025-02-09 01:00:00,0.0,0.0,0.4025
2025-02-09 02:00:00,0.0,0.0,0.367
2025-02-09 03:00:00,0.0,0.0,0.4846666666666667
2025-02-09 04:00:00,0.0,0.0,0.4946666833333333
2025-02-09 05:00:00,0.0,0.3120001166666667,0.3826666666666667
2025-02-09 06:00:00,0.0,8.297334016666667,0.4846666666666667
2025-02-09 07:00:00,0.0,10.990000250000001,0.5163333666666666
2025-02-09 08:00:00,0.0,7.516666716666667,0.4303334166666667
2025-02-09 09:00:00,0.0,7.953333333333333,1.4381667999999999
2025-02-09 10:00:00,0.0,10.686666783333333,3.3336669333333333
2025-02-09 11:00:00,0.0,11.690000683333334,3.267333433333333
2025-02-09 12:00:00,0.0,12.185000583333334,3.5766666833333334
2025-02-09 13:00:00,0.0,11.433333483333332,3.50750005
2025-02-09 14:00:00,0.0,7.526667216666667,3.2906667
2025-02-09 15:00:00,0.0,12.04400035,3.2173333333333334
2025-02-09 16:00:00,0.0,11.634333849999999,3.248
2025-02-09 17:00:00,0.0,10.180000733333332,3.3031667333333337
2025-02-09 18:00:00,0.0,5.871667766666667,2.7510000166666666
2025-02-09 19:00:00,0.0,8.576000733333332,1.3655000499999999
2025-02-09 20:00:00,0.0,6.06433345,0.5003333666666667
2025-02-09 21:00:00,0.0,1.0000000000000001e-07,0.462
2025-02-09 22:00:00,0.0,0.0,0.4655
2025-02-09 23:00:00,0.0,0.0,0.31150003333333337
2025-02-10 00:00:00,0.0,0.0,0.36166671666666667
2025-02-10 01:00:00,0.0,0.0,0.5063333333333333
2025-02-10 02:00:00,0.0,0.0,0.428
2025-02-10 03:00:00,0.0,0.0,0.496
2025-02-10 04:00:00,0.0,0.0,0.43633335
2025-02-10 05:00:00,0.0,4.05000135,0.27066666666666667
2025-02-10 06:00:00,0.0,12.796667233333334,0.5018333333333334
2025-02-10 07:00:00,0.0,15.214667083333334,0.3826666666666667
2025-02-10 08:00:00,0.23066728333333333,18.510000366666667,1.0298334666666666
2025-02-10 09:00:00,6.816001366666667,17.95000063333333,2.935000116666667
2025-02-10 10:00:00,5.377335000000001,17.616667699999997,3.314333766666667
2025-02-10 11:00:00,6.76500155,18.110000116666665,3.26083365
2025-02-10 12:00:00,6.960001999999999,13.176666966666668,2.507167133333333
2025-02-10 13:00:00,6.9600011166666675,9.343334116666666,2.90733345
2025-02-10 14:00:00,6.960001183333333,7.276667683333333,3.1396667333333337
2025-02-10 15:00:00,5.966668766666667,6.736667866666667,3.245000183333333
2025-02-10 16:00:00,5.6150027,8.593334200000001,3.6326666666666667
2025-02-10 17:00:00,2.9066686,8.670667583333334,3.7573333333333334
2025-02-10 18:00:00,0.06600126666666667,7.149667466666667,3.439000116666667
2025-02-10 19:00:00,0.0,7.351001083333333,2.2733336666666664
2025-02-10 20:00:00,0.0,2.79400045,0.47250003333333335
2025-02-10 21:00:00,0.0,0.20000006666666667,0.27066666666666667
2025-02-10 22:00:00,0.0,0.0,0.409
2025-02-10 23:00:00,0.0,0.0,0.4713333333333333
2025-02-11 00:00:00,0.0,0.0,0.3966667
2025-02-11 01:00:00,0.0,0.0,0.49
2025-02-11 02:00:00,0.0,0.0,0.39666666666666667
2025-02-11 03:00:00,0.0,0.0,0.311
2025-02-11 04:00:00,0.0,0.0,0.36216671666666667
2025-02-11 05:00:00,0.0,0.6650009833333334,0.44333335
2025-02-11 06:00:00,0.09600023333333334,8.484001033333332,0.46866668333333333
2025-02-11 07:00:00,0.5206670833333333,11.9866668,0.428
2025-02-11 08:00:00,0.7066669833333333,10.639001583333332,0.4686666666666667
2025-02-11 09:00:00,2.4976680666666664,3.1636687166666664,2.4963335833333336
2025-02-11 10:00:00,4.771667283333334,7.823334083333333,3.71333335
2025-02-11 11:00:00,3.4433342,10.89666755,3.6110000999999996
2025-02-11 12:00:00,4.060000433333333,13.449000900000001,3.3796668166666666
2025-02-11 13:00:00,3.5200008499999997,14.231666833333334,3.4253333333333336
2025-02-11 14:00:00,4.158334383333334,14.279333366666666,2.81050025
2025-02-11 15:00:00,4.6733351,13.223333433333336,3.2103334666666665
2025-02-11 16:00:00,4.95566815,13.314333649999998,2.7281668833333335
2025-02-11 17:00:00,4.140000633333333,12.733333616666666,3.1191667833333336
2025-02-11 18:00:00,3.5833336166666663,11.390000733333332,2.683500266666667
2025-02-11 19:00:00,2.9166668666666666,4.601000916666667,0.6590001
2025-02-11 20:00:00,0.0,0.9166673,0.20266666666666666
2025-02-11 21:00:00,0.0,0.0,0.5370000166666666
2025-02-11 22:00:00,0.0,0.0,0.3116666666666667
2025-02-11 23:00:00,0.0,0.0,0.46083335
2025-02-12 00:00:00,0.0,0.0,0.4666667
2025-02-12 01:00:00,0.0,0.0,0.46550003333333334
2025-02-12 02:00:00,0.0,0.0,0.5413333333333333
2025-02-12 03:00:00,0.0,0.0,0.3826666666666667
2025-02-12 04:00:00,0.0,0.0,0.5073333333333333
2025-02-12 05:00:00,0.0,1.5483338166666665,0.3641666833333333
2025-02-12 06:00:00,1.2083335,4.2460013,0.5891666666666666
2025-02-12 07:00:00,2.7286667333333336,4.61066765,0.3826666666666667
2025-02-12 08:00:00,3.1133334500000003,7.708333816666666,0.5638333333333334
2025-02-12 09:00:00,3.4933342333333335,15.670000233333333,0.9418333999999999
2025-02-12 10:00:00,3.240001116666667,19.109000266666666,2.7345000833333333
2025-02-12 11:00:00,0.7486689333333333,18.889333349999998,2.94983335
2025-02-12 12:00:00,0.8646687666666668,17.909000833333334,2.88333335
2025-02-12 13:00:00,3.162001066666667,18.850000466666664,2.7106667000000004
2025-02-12 14:00:00,6.1680013166666665,18.02900081666667,3.0056667166666666
2025-02-12 15:00:00,6.0346678,13.743000100000001,3.37
2025-02-12 16:00:00,4.4540018833333335,7.796667,3.1400000666666665
2025-02-12 17:00:00,0.4213338333333333,5.20200125,2.6456667
2025-02-12 18:00:00,0.0,6.756001449999999,2.314666716666667
2025-02-12 19:00:00,0.0,11.741000233333333,0.5123333333333334
2025-02-12 20:00:00,0.0,4.9916672166666665,0.3691666833333333
2025-02-12 21:00:00,0.0,8.333333333333333e-08,0.39083338333333334
2025-02-12 22:00:00,0.0,0.0,0.5778333333333334
2025-02-12 23:00:00,0.0,0.0,0.394
2025-02-13 00:00:00,0.0,0.0,0.2825000166666667
2025-02-13 01:00:00,0.0,0.0,0.23666666666666666
2025-02-13 02:00:00,0.0,0.0,0.4226666833333333
2025-02-13 03:00:00,0.0,0.0,0.394
2025-02-13 04:00:00,0.0,0.0,0.39583335
2025-02-13 05:00:00,0.0,3.3333333333333334e-08,0.328
2025-02-13 06:00:00,0.0,4.973334166666667,0.4428333333333333
2025-02-13 07:00:00,5.166666666666667e-07,14.77200045,0.5005000333333334
2025-02-13 08:00:00,0.48000086666666664,18.170001116666665,2.0661667833333333
2025-02-13 09:00:00,1.8116678166666669,19.1733334,2.8943334666666667
2025-02-13 10:00:00,4.78333425,10.456667066666666,2.920500066666667
2025-02-13 11:00:00,6.081667683333333,12.156667233333334,2.8388336333333335
2025-02-13 12:00:00,3.65666765,13.680000433333333,3.8436666833333333
2025-02-13 13:00:00,5.532666716666667,13.063333816666667,3.2401666666666666
2025-02-13 14:00:00,6.4850008,14.056667116666667,2.8856667333333337
2025-02-13 15:00:00,6.47333395,13.580000466666668,3.096500183333333
2025-02-13 16:00:00,5.080334733333334,13.723334216666666,2.5310001499999997
2025-02-13 17:00:00,2.8146667499999998,13.3700002,2.9086668666666666
2025-02-13 18:00:00,0.25066691666666663,9.440000366666666,2.8596668333333337
2025-02-13 19:00:00,0.0,11.165000333333333,0.68166675
2025-02-13 20:00:00,0.0,1.62900015,0.43500003333333337
2025-02-13 21:00:00,0.0,0.0,0.4091667
2025-02-13 22:00:00,0.0,0.0,0.43750003333333337
2025-02-13 23:00:00,0.0,0.0,0.4083334
2025-02-14 00:00:00,0.0,0.0,0.5308333666666666
2025-02-14 01:00:00,0.0,0.0,0.462
2025-02-14 02:00:00,0.0,0.0,0.2960000166666667
2025-02-14 03:00:00,0.0,0.0,0.4036667
2025-02-14 04:00:00,0.0,0.0,0.5125
2025-02-14 05:00:00,0.0,0.0,0.4053333333333333
2025-02-14 06:00:00,9.5e-07,0.15000008333333334,0.4846666666666667
2025-02-14 07:00:00,0.6650017833333334,12.153000616666667,0.4053333333333333
2025-02-14 08:00:00,3.370001366666667,17.849000433333334,0.83966715
2025-02-14 09:00:00,2.10733605,17.750000216666667,3.1153335833333333
2025-02-14 10:00:00,4.2806678,14.689333616666667,3.0505005166666668
2025-02-14 11:00:00,3.542668716666667,15.803333649999999,3.476167066666667
2025-02-14 12:00:00,3.4733353666666673,17.455666783333335,2.9796667666666665
2025-02-14 13:00:00,3.333335516666667,11.338000566666667,2.7720001166666672
2025-02-14 14:00:00,3.843335100000001,11.26666735,3.08400025
2025-02-14 15:00:00,3.9493354500000004,13.300000233333332,2.9500002
2025-02-14 16:00:00,2.281669166666667,10.123334433333333,2.921833416666667
2025-02-14 17:00:00,0.10000116666666667,11.801001049999998,3.1991667
2025-02-14 18:00:00,3.6666666666666667e-07,11.498001216666665,3.0191668666666667
2025-02-14 19:00:00,0.0,9.12733435,2.2263335166666667
2025-02-14 20:00:00,0.0,5.80633385,0.5658333333333334
2025-02-14 21:00:00,0.0,0.12000001666666667,0.4375
2025-02-14 22:00:00,0.0,0.0,0.31633335
2025-02-14 23:00:00,0.0,0.0,0.2603333333333333
2025-02-15 00:00:00,0.0,0.0,0.49633336666666666
2025-02-15 01:00:00,0.0,0.0,0.3893333333333333
2025-02-15 02:00:00,0.0,0.0,0.37916673333333334
2025-02-15 03:00:00,0.0,0.0,0.3176666666666667
2025-02-15 04:00:00,0.0,0.0,0.61250005
2025-02-15 05:00:00,0.0,0.0,0.5221666833333334
2025-02-15 06:00:00,0.0,6.395666733333334,0.4846666666666667
2025-02-15 07:00:00,0.0,9.160000250000001,0.3826666666666667
2025-02-15 08:00:00,0.0,9.704333933333332,0.5855000666666668
2025-02-15 09:00:00,0.0,12.555666733333334,0.8388334333333334
2025-02-15 10:00:00,0.0,9.975333983333334,2.5473336166666662
2025-02-15 11:00:00,0.0,17.723666883333337,3.3446667333333333
2025-02-15 12:00:00,0.0,16.69633385,3.1806667166666664
2025-02-15 13:00:00,0.0,15.233666666666666,2.8688333666666668
2025-02-15 14:00:00,0.0,14.583333399999999,2.9425000333333333
2025-02-15 15:00:00,0.0,13.802666733333334,3.4703334000000003
2025-02-15 16:00:00,0.0,13.030000333333334,2.3580000166666664
2025-02-15 17:00:00,0.0,11.013000383333335,2.5033333499999997
2025-02-15 18:00:00,0.0,9.062333466666667,2.6136667
2025-02-15 19:00:00,0.0,0.099,0.6260000666666667
2025-02-15 20:00:00,0.0,0.0,0.231
2025-02-15 21:00:00,0.0,0.0,0.3616666833333333
2025-02-15 22:00:00,0.0,0.0,0.3911667166666667
2025-02-15 23:00:00,0.0,0.0,0.37383335
2025-02-16 00:00:00,0.0,0.0,0.5211666833333334
2025-02-16 01:00:00,0.0,0.0,0.26483335
2025-02-16 02:00:00,0.0,0.0,0.20266666666666666
2025-02-16 03:00:00,0.0,0.0,0.44366669999999997
2025-02-16 04:00:00,0.0,0.0450001,0.51333335
2025-02-16 05:00:00,0.0,4.374000700000001,0.3826666666666667
2025-02-16 06:00:00,0.0,10.290000066666666,0.47333333333333333
2025-02-16 07:00:00,0.0,9.506666666666666,0.5506666833333334
2025-02-16 08:00:00,0.0,9.106666800000001,2.3720000166666666
2025-02-16 09:00:00,0.0,8.830000416666667,3.089500033333333
2025-02-16 10:00:00,0.0,13.096666833333332,3.6776666833333334
2025-02-16 11:00:00,0.0,13.143000516666666,2.91116675
2025-02-16 12:00:00,0.0,10.279001150000001,3.6511667333333335
2025-02-16 13:00:00,0.0,6.326001183333333,4.0173334
2025-02-16 14:00:00,0.0,4.620001,4.140000016666667
2025-02-16 15:00:00,0.0,17.64133355,3.9826667166666665
2025-02-16 16:00:00,0.0,8.040667316666667,4.241333333333333
2025-02-16 17:00:00,0.0,7.780667233333332,3.5375001
2025-02-16 18:00:00,0.0,9.812000883333333,2.0063335166666665
2025-02-16 19:00:00,0.0,9.370000283333333,0.6476667333333334
2025-02-16 20:00:00,0.0,6.393333666666667,0.2940000166666667
2025-02-16 21:00:00,0.0,0.0,0.2823333333333333
2025-02-16 22:00:00,0.0,0.0,0.27650003333333334
2025-02-16 23:00:00,0.0,0.0,0.31150003333333337
2025-02-17 00:00:00,0.0,0.0,0.5308334333333333
2025-02-17 01:00:00,0.0,0.0,0.36
2025-02-17 02:00:00,0.0,0.0,0.496
2025-02-17 03:00:00,0.0,0.0,0.4425000333333334
2025-02-17 04:00:00,0.0,0.0,0.5073333333333333
2025-02-17 05:00:00,0.0,3.8480004,0.3826666666666667
2025-02-17 06:00:00,0.0,7.326667783333334,0.47333333333333333
2025-02-17 07:00:00,1.3616672,8.300667299999999,0.4166666666666667
2025-02-17 08:00:00,2.7560005999999997,10.593333933333334,0.8610000999999999
2025-02-17 09:00:00,4.736667866666667,9.7900003,2.736500266666667
2025-02-17 10:00:00,2.9090016333333333,15.060000383333334,2.991167
2025-02-17 11:00:00,3.343334616666667,15.883333816666667,3.4938333333333333
2025-02-17 12:00:00,6.231667633333333,15.040000216666668,3.5946667000000003
2025-02-17 13:00:00,5.9403336666666675,12.506667416666668,3.1460000666666663
2025-02-17 14:00:00,6.990000516666667,13.249667466666667,3.420833383333333
2025-02-17 15:00:00,6.800001,12.673000216666667,2.727500083333333
2025-02-17 16:00:00,1.4293346833333336,11.651667466666666,2.979333416666667
2025-02-17 17:00:00,0.0,12.987333966666666,2.949833416666667
2025-02-17 18:00:00,0.0,12.581667166666668,2.300000266666667
2025-02-17 19:00:00,0.0,3.1500005333333334,2.330000233333333
2025-02-17 20:00:00,0.0,1.5000004999999998,1.06000015
2025-02-17 21:00:00,0.0,0.5500000666666667,0.59500005
2025-02-17 22:00:00,0.0,0.0,0.39566666666666667
2025-02-17 23:00:00,0.0,0.0,0.5843333666666666
2025-02-18 00:00:00,0.0,0.0,0.35583333333333333
2025-02-18 01:00:00,0.0,0.0,0.33916666666666667
2025-02-18 02:00:00,0.0,0.0,0.31083336666666667
2025-02-18 03:00:00,0.0,0.0,0.3966666833333333
2025-02-18 04:00:00,0.0,4.166666666666667e-07,0.5066666666666667
2025-02-18 05:00:00,0.0,11.240667083333333,0.43283335
2025-02-18 06:00:00,7.666666666666667e-07,9.957667433333333,0.4085000166666667
2025-02-18 07:00:00,2e-06,15.273334250000001,0.5073333333333333
2025-02-18 08:00:00,0.81700195,16.676335133333335,0.3783333333333333
2025-02-18 09:00:00,4.976668566666667,18.087667299999996,0.7540001333333334
2025-02-18 10:00:00,6.087001616666666,17.683333483333335,2.616666916666667
2025-02-18 11:00:00,3.63000205,17.320000866666664,2.9716667
2025-02-18 12:00:00,2.9026690666666672,18.250000183333334,3.3625001333333335
2025-02-18 13:00:00,5.1933351666666665,18.353333566666663,3.4558335333333328
2025-02-18 14:00:00,6.773335333333334,16.893333916666666,2.9875002
2025-02-18 15:00:00,6.878001983333333,9.786334683333333,3.7763334000000004
2025-02-18 16:00:00,6.215335433333334,9.721334299999999,3.9786666833333335
2025-02-18 17:00:00,5.2573344,6.666667866666668,3.667166716666667
2025-02-18 18:00:00,0.9166673500000001,13.3266667,3.4870000166666664
2025-02-18 19:00:00,0.0,11.0600012,3.3313333333333337
2025-02-18 20:00:00,0.0,0.3950003833333333,2.234500216666667
2025-02-18 21:00:00,0.0,0.0,0.428
2025-02-18 22:00:00,0.0,0.0,0.462
2025-02-18 23:00:00,0.0,0.0,0.4658333333333333
2025-02-19 00:00:00,0.0,0.0,0.40250005
2025-02-19 01:00:00,0.0,0.0,0.4316666833333333
2025-02-19 02:00:00,0.0,0.0,0.57750005
2025-02-19 03:00:00,0.0,0.0,0.34066668333333333
2025-02-19 04:00:00,0.0,0.0,0.3056666833333333
2025-02-19 05:00:00,0.0,2.7790000999999998,0.3806666666666667
2025-02-19 06:00:00,0.0,12.214666900000001,0.5355
2025-02-19 07:00:00,0.8540004999999999,17.586000566666666,0.3931667
2025-02-19 08:00:00,3.5933348166666668,10.76333375,0.3823333666666667
2025-02-19 09:00:00,5.145334683333333,9.270000116666667,3.295000066666667
2025-02-19 10:00:00,4.060001550000001,10.176666916666667,3.6593334000000004
2025-02-19 11:00:00,3.5460024000000003,12.437000216666668,4.174000016666667
2025-02-19 12:00:00,1.8380025333333334,13.436666833333332,4.116666666666667
2025-02-19 13:00:00,1.440002,10.738666933333334,3.5061666666666667
2025-02-19 14:00:00,2.8626688500000004,8.995667066666666,3.88533335
2025-02-19 15:00:00,3.4793354333333335,11.379333616666667,3.3001666833333334
2025-02-19 16:00:00,3.321335366666667,13.406000283333332,3.6378333333333335
2025-02-19 17:00:00,2.5033352499999997,12.672334150000001,3.6286666833333334
2025-02-19 18:00:00,2.3066674333333337,7.264001366666666,3.27350005
2025-02-19 19:00:00,1.0000000000000001e-07,2.761000683333333,2.6395000833333335
2025-02-19 20:00:00,0.0,0.8300001166666666,1.1053333500000002
2025-02-19 21:00:00,0.0,0.0,0.4166666666666667
2025-02-19 22:00:00,0.0,0.0,0.5073333333333333
2025-02-19 23:00:00,0.0,0.0,0.4771667
2025-02-20 00:00:00,0.0,0.0,0.288
2025-02-20 01:00:00,0.0,0.0,0.2991666833333333
2025-02-20 02:00:00,0.0,0.0,0.2255
2025-02-20 03:00:00,0.0,0.0,0.23666666666666666
2025-02-20 04:00:00,0.0,0.0,0.22533333333333333
2025-02-20 05:00:00,0.0,2.8333343833333333,0.3231666666666667
2025-02-20 06:00:00,0.07133338333333333,11.7046678,0.50633335
2025-02-20 07:00:00,0.46200003333333334,13.319333916666666,0.5355
2025-02-20 08:00:00,0.39466684999999996,13.876666933333334,1.2208334
2025-02-20 09:00:00,3.3383339333333333,13.210000316666667,2.6466667833333335
2025-02-20 10:00:00,5.4700008,14.983333649999999,2.753333416666667
2025-02-20 11:00:00,5.1226676,15.59333355,2.6596666833333336
2025-02-20 12:00:00,6.5656678,13.900000616666667,2.6473334
2025-02-20 13:00:00,6.576667633333334,9.30333375,2.378000183333333
2025-02-20 14:00:00,6.386667383333333,9.269666816666666,2.8371666833333333
2025-02-20 15:00:00,5.096001416666667,9.5740005,2.952333416666667
2025-02-20 16:00:00,4.922001099999999,11.06500115,2.316500266666667
2025-02-20 17:00:00,4.97000025,10.925333816666667,2.1355001
2025-02-20 18:00:00,0.0,12.050334416666669,1.20733335
2025-02-20 19:00:00,0.0,7.545001133333334,0.4771666833333333
2025-02-20 20:00:00,0.0,0.20100015,0.4433333833333334
2025-02-20 21:00:00,0.0,0.0,0.32833334999999997
2025-02-20 22:00:00,0.0,0.0,0.3856666833333333
2025-02-20 23:00:00,0.0,0.0,0.28816671666666666
2025-02-21 00:00:00,0.0,0.0,0.34483335
2025-02-21 01:00:00,0.0,0.0,0.29333336666666665
2025-02-21 02:00:00,0.0,0.0,0.3165
2025-02-21 03:00:00,0.0,0.0,0.48333335
2025-02-21 04:00:00,0.0,0.5000000833333333,0.4846666666666667
2025-02-21 05:00:00,0.0,3.566667733333334,0.4053333333333333
2025-02-21 06:00:00,6.833333333333333e-07,12.657333466666667,0.496
2025-02-21 07:00:00,0.1600009,14.436667283333334,0.265
2025-02-21 08:00:00,0.9996683666666667,10.834000633333336,0.7308334
2025-02-21 09:00:00,3.34900125,1.5040019500000001,2.3875000666666666
2025-02-21 10:00:00,3.6433351666666667,12.298001766666665,3.1348334666666666
2025-02-21 11:00:00,4.0200015166666665,16.02333445,2.497666683333333
2025-02-21 12:00:00,3.0366679500000004,17.646667066666666,2.514
2025-02-21 13:00:00,2.96333455,17.34,2.531
2025-02-21 14:00:00,6.0400015666666675,17.41000045,2.6791667
2025-02-21 15:00:00,6.45200205,17.89000015,2.7025
2025-02-21 16:00:00,6.658668683333334,18.030333700000003,2.5375000166666664
2025-02-21 17:00:00,4.435334533333333,17.881667166666666,2.520833366666667
2025-02-21 18:00:00,0.14000088333333333,8.73533465,2.4495001
2025-02-21 19:00:00,1.6666666666666665e-07,1.4990014166666668,1.55250005
2025-02-21 20:00:00,0.0,4.5e-07,0.28183335
2025-02-21 21:00:00,0.0,0.0,0.27666666666666667
2025-02-21 22:00:00,0.0,0.0,0.4900000166666667
2025-02-21 23:00:00,0.0,0.0,0.4141667
2025-02-22 00:00:00,0.0,0.0,0.4375000666666667
2025-02-22 01:00:00,0.0,0.0,0.44333340000000004
2025-02-22 02:00:00,0.0,0.0,0.2593333333333333
2025-02-22 03:00:00,0.0,0.0,0.20266666666666666
2025-02-22 04:00:00,0.0,0.0,0.22533333333333333
2025-02-22 05:00:00,0.0,8.333333333333333e-08,0.23666666666666666
2025-02-22 06:00:00,0.0,1.4066671666666666,0.4655
2025-02-22 07:00:00,0.0,8.091000166666667,0.22533333333333333
2025-02-22 08:00:00,0.0,9.135666683333335,0.42750003333333336
2025-02-22 09:00:00,0.0,7.960000150000001,1.75233335
2025-02-22 10:00:00,0.0,10.3220001,2.8763333333333336
2025-02-22 11:00:00,0.0,9.22133375,3.4416666833333336
2025-02-22 12:00:00,0.0,10.12533455,2.575333383333333
2025-02-22 13:00:00,0.0,8.261001133333334,2.6526666666666667
2025-02-22 14:00:00,0.0,4.686668166666667,2.5326667166666668
2025-02-22 15:00:00,0.0,7.004334200000001,2.8480000333333333
2025-02-22 16:00:00,0.0,7.833333333333333,3.00183335
2025-02-22 17:00:00,0.0,8.486666666666666,2.9526667166666667
2025-02-22 18:00:00,0.0,8.270000016666668,3.03950005
2025-02-22 19:00:00,0.0,9.807333833333335,2.2416666666666667
2025-02-22 20:00:00,0.0,3.595334466666667,0.4246666666666667
2025-02-22 21:00:00,0.0,2.3333333333333333e-07,0.27066666666666667
2025-02-22 22:00:00,0.0,0.0,0.2593333333333333
2025-02-22 23:00:00,0.0,0.0,0.46866678333333334
2025-02-23 00:00:00,0.0,0.0,0.329
2025-02-23 01:00:00,0.0,0.0,0.37333340000000004
2025-02-23 02:00:00,0.0,0.0,0.21966666666666665
2025-02-23 03:00:00,0.0,0.0,0.3165
2025-02-23 04:00:00,0.0,0.0,0.27066666666666667
2025-02-23 05:00:00,0.0,0.0,0.4613333333333333
2025-02-23 06:00:00,0.0,0.8320008,0.5250000499999999
2025-02-23 07:00:00,0.0,4.7733347833333335,0.5180000166666666
2025-02-23 08:00:00,0.0,9.820000333333333,2.3108335
2025-02-23 09:00:00,0.0,11.241000366666666,3.133833416666667
2025-02-23 10:00:00,0.0,12.926333416666667,2.565000233333333
2025-02-23 11:00:00,0.0,13.200666666666667,3.393000033333333
2025-02-23 12:00:00,0.0,11.836666916666667,2.753000183333333
2025-02-23 13:00:00,0.0,11.590000550000001,2.788333683333333
2025-02-23 14:00:00,0.0,11.933333333333334,3.0196667833333337
2025-02-23 15:00:00,0.0,11.420000116666666,3.0993333499999998
2025-02-23 16:00:00,0.0,6.823333383333334,2.6946669666666665
2025-02-23 17:00:00,0.0,5.353334216666667,2.9210001333333335
2025-02-23 18:00:00,0.0,6.073334616666666,2.6560002
2025-02-23 19:00:00,0.0,10.489001116666667,1.4996666833333334
2025-02-23 20:00:00,0.0,1.0000008333333334,0.428
2025-02-23 21:00:00,0.0,0.0,0.496
2025-02-23 22:00:00,0.0,0.0,0.3985000166666667
2025-02-23 23:00:00,0.0,0.0,0.39083338333333334
2025-02-24 00:00:00,0.0,0.0,0.5296666666666666
2025-02-24 01:00:00,0.0,0.0,0.448
2025-02-24 02:00:00,0.0,0.0,0.4783333666666667
2025-02-24 03:00:00,0.0,0.0,0.24233333333333335
2025-02-24 04:00:00,0.0,3.1666666666666667e-07,0.21966668333333333
2025-02-24 05:00:00,0.0,0.8600012166666667,0.3056666666666667
2025-02-24 06:00:00,0.005333333333333333,10.167000483333334,0.49000004999999996
2025-02-24 07:00:00,1.9026669833333334,16.672001033333334,0.38583335
2025-02-24 08:00:00,2.6566679166666667,17.639334283333334,0.3541666666666667
2025-02-24 09:00:00,3.5300017333333336,17.674000699999997,2.3708334166666667
2025-02-24 10:00:00,3.0333350333333335,18.56,2.9958334333333334
2025-02-24 11:00:00,2.9550020500000005,18.23333333333333,2.7233333333333336
2025-02-24 12:00:00,3.4233349000000004,9.186667266666666,2.9881667000000003
2025-02-24 13:00:00,3.716667733333334,8.06000055,2.9925000999999996
2025-02-24 14:00:00,3.50300135,12.719000316666667,2.4965000166666664
2025-02-24 15:00:00,4.812335616666666,13.600667300000001,2.8505
2025-02-24 16:00:00,5.438000883333333,13.5026672,3.2191667
2025-02-24 17:00:00,0.0,12.276667166666668,3.3906667166666664
2025-02-24 18:00:00,0.0,11.795334233333334,1.1205
2025-02-24 19:00:00,0.0,3.8346677,0.344
2025-02-24 20:00:00,0.0,2.21533385,0.4445
2025-02-24 21:00:00,0.0,0.0,0.231
2025-02-24 22:00:00,0.0,0.0,0.5775000333333333
2025-02-24 23:00:00,0.0,0.0,0.2853333333333333
2025-02-25 00:00:00,0.0,0.0,0.39083338333333334
2025-02-25 01:00:00,0.0,0.0,0.4200000166666667
2025-02-25 02:00:00,0.0,0.0,0.4186666666666667
2025-02-25 03:00:00,0.0,0.0,0.4388333333333333
2025-02-25 04:00:00,0.0,0.0,0.23666666666666666
2025-02-25 05:00:00,0.0,5.39500025,0.19133333333333336
2025-02-25 06:00:00,0.0,6.903667350000001,0.50783335
2025-02-25 07:00:00,1.2500011000000002,7.8926677833333345,0.4881666833333333
2025-02-25 08:00:00,2.9106683,9.110666816666665,1.0565000166666667
2025-02-25 09:00:00,3.1406678833333337,9.313333333333334,2.475000033333333
2025-02-25 10:00:00,3.4273359500000007,9.135000133333333,2.7893334000000003
2025-02-25 11:00:00,3.5566686333333335,7.822000266666667,2.95933335
2025-02-25 12:00:00,3.6393344,8.600333816666668,2.3976667166666665
2025-02-25 13:00:00,3.549001366666667,12.2433339,2.3246667000000003
2025-02-25 14:00:00,5.315001316666667,15.773334666666667,2.4593333333333334
2025-02-25 15:00:00,6.20333515,13.82000175,2.4026666666666667
2025-02-25 16:00:00,5.160001583333334,9.060001466666666,2.4253333333333336
2025-02-25 17:00:00,0.3040012166666667,11.150000200000001,2.4591667333333334
2025-02-25 18:00:00,0.17733365,8.154333633333334,1.4615000666666667
2025-02-25 19:00:00,0.03200013333333333,6.191000150000001,0.6081666833333332
2025-02-25 20:00:00,0.0,0.8780007333333334,0.31100003333333337
2025-02-25 21:00:00,0.0,0.0,0.5413333333333333
2025-02-25 22:00:00,0.0,0.0,0.3826666666666667
2025-02-25 23:00:00,0.0,0.0,0.46183338333333335
2025-02-26 00:00:00,0.0,0.0,0.46083341666666666
2025-02-26 01:00:00,0.0,0.0,0.3341667166666667
2025-02-26 02:00:00,0.0,0.0,0.265
2025-02-26 03:00:00,0.0,0.0,0.4968333833333334
2025-02-26 04:00:00,0.0,0.0500002,0.5125000166666667
2025-02-26 05:00:00,0.0,14.607000583333335,0.394
2025-02-26 06:00:00,6.666666666666667e-08,13.013333766666667,0.496
2025-02-26 07:00:00,0.12333383333333334,10.463333816666667,0.36
2025-02-26 08:00:00,1.2296675166666668,8.413001183333334,0.6798333333333334
2025-02-26 09:00:00,0.8003362166666665,12.321000416666667,3.21683345
2025-02-26 10:00:00,2.3006696833333335,11.900333683333333,2.9868333666666667
2025-02-26 11:00:00,4.633335766666667,9.224333933333334,2.934000033333333
2025-02-26 12:00:00,6.693335433333335,13.469333733333333,3.093833366666667
2025-02-26 13:00:00,6.4766690333333345,10.033333816666667,3.677000066666667
2025-02-26 14:00:00,6.2293351,14.248333516666667,3.7783333666666667
2025-02-26 15:00:00,6.4773351,12.798001266666667,4.125500016666667
2025-02-26 16:00:00,6.046668333333334,9.450000750000001,3.5195000166666666
2025-02-26 17:00:00,5.411335266666667,9.756666883333333,3.4775
2025-02-26 18:00:00,4.112667983333334,9.126333633333333,1.9900000166666667
2025-02-26 19:00:00,1.5e-06,7.69233405,0.4658333333333333
2025-02-26 20:00:00,0.0,1.5000006833333333,0.18
2025-02-26 21:00:00,0.0,0.0,0.4440000333333334
2025-02-26 22:00:00,0.0,0.0,0.46666668333333333
2025-02-26 23:00:00,0.0,0.0,0.42033333333333334
2025-02-27 00:00:00,0.0,0.0,0.2935
2025-02-27 01:00:00,0.0,0.0,0.19133333333333336
2025-02-27 02:00:00,0.0,0.0,0.265
2025-02-27 03:00:00,0.0,0.0,0.197
2025-02-27 04:00:00,0.0,0.0,0.231
2025-02-27 05:00:00,0.0,3.1100012500000003,0.3161666833333333
2025-02-27 06:00:00,0.0,6.232334266666666,0.4506666833333333
2025-02-27 07:00:00,4.6666666666666666e-07,6.656667183333334,0.2706667
2025-02-27 08:00:00,2.3973351666666667,8.80666745,1.3288333666666667
2025-02-27 09:00:00,6.1273354,18.77333408333333,2.8415005
2025-02-27 10:00:00,5.5300026,18.703333683333334,1.7688341333333333
2025-02-27 11:00:00,6.026668600000001,18.29933355,2.524000483333334
2025-02-27 12:00:00,5.953334400000001,11.113667716666667,3.1430000833333334
2025-02-27 13:00:00,6.178668233333334,6.246667316666667,2.93483345
2025-02-27 14:00:00,6.341334883333333,13.353333333333333,2.757166766666667
2025-02-27 15:00:00,4.7946691333333336,11.963334216666667,2.176000483333333
2025-02-27 16:00:00,5.1766682500000005,13.710000083333334,2.4231670166666666
2025-02-27 17:00:00,0.8266691999999999,12.710000916666667,3.5416668833333333
2025-02-27 18:00:00,0.4000008666666666,10.809001116666668,2.8988337
2025-02-27 19:00:00,0.0,6.7700006833333335,1.8120006666666666
2025-02-27 20:00:00,0.0,0.32900005,1.1185004833333332
2025-02-27 21:00:00,0.0,0.0,0.19133333333333336
2025-02-27 22:00:00,0.0,0.0,0.24233333333333335
2025-02-27 23:00:00,0.0,0.0,0.40983338333333336
2025-02-28 00:00:00,0.0,0.0,0.5950000166666666
2025-02-28 01:00:00,0.0,0.0,0.3713333333333333
2025-02-28 02:00:00,0.0,0.0,0.5128333333333334
2025-02-28 03:00:00,0.0,0.0,0.3826666666666667
2025-02-28 04:00:00,0.0,0.328,0.5073333333333333
2025-02-28 05:00:00,0.0,0.6600003166666667,0.3826666666666667
2025-02-28 06:00:00,1.3333336166666665,5.1600001,0.6131666833333332
2025-02-28 07:00:00,2.5,6.993333983333333,0.36
2025-02-28 08:00:00,2.880000283333333,17.49666708333333,2.3966668999999996
2025-02-28 09:00:00,3.2163354,16.257667733333335,3.08333345
2025-02-28 10:00:00,3.503002083333334,18.823333916666666,2.95233335
2025-02-28 11:00:00,2.7933359333333336,18.85433336666667,3.2451669499999998
2025-02-28 12:00:00,3.3700018,13.25266725,2.984666766666667
2025-02-28 13:00:00,5.776667716666667,8.7243344,3.1353333833333332
2025-02-28 14:00:00,3.88366835,8.027334,3.1866666833333332
2025-02-28 15:00:00,3.4666688166666666,4.950001583333334,3.0938334833333334
2025-02-28 16:00:00,3.3503346833333336,6.4833339500000005,3.2916671500000003
2025-02-28 17:00:00,0.7433348333333335,13.586667199999999,3.2408336333333336
2025-02-28 18:00:00,1e-06,13.507666683333335,1.4491668833333335
2025-02-28 19:00:00,8.666666666666667e-07,8.860000166666667,0.6651669166666667
2025-02-28 20:00:00,0.0,2.2433339500000002,0.214
2025-02-28 21:00:00,0.0,2.5e-07,0.3163333333333333
2025-02-28 22:00:00,0.0,0.0,0.18566666666666665
2025-02-28 23:00:00,0.0,0.0,0.271
2025-03-01 00:00:00,0.0,0.0,0.5066666833333333
2025-03-01 01:00:00,0.0,0.0,0.3116666666666667
2025-03-01 02:00:00,0.0,0.0,0.3736666666666667
2025-03-01 03:00:00,0.0,0.0,0.19133333333333336
2025-03-01 04:00:00,0.0,0.0,0.28833333333333333
2025-03-01 05:00:00,0.0,0.6833338833333333,0.53
2025-03-01 06:00:00,0.0,5.050000450000001,0.4790000166666667
2025-03-01 07:00:00,0.0,2.9920010333333336,0.2710000166666667
2025-03-01 08:00:00,0.0,7.117333866666667,1.0713334499999998
2025-03-01 09:00:00,0.0,13.586666666666666,2.218666733333333
2025-03-01 10:00:00,0.0,13.68,3.0610001333333337
2025-03-01 11:00:00,0.0,13.26,3.1990000833333334
2025-03-01 12:00:00,0.0,3.6870009500000003,3.8176667666666666
2025-03-01 13:00:00,0.0,13.390000316666667,3.1620000666666668
2025-03-01 14:00:00,0.0,10.406667166666669,3.1871667166666664
2025-03-01 15:00:00,0.0,16.173334066666666,2.790833383333333
2025-03-01 16:00:00,0.0,17.749666949999998,2.9993334333333332
2025-03-01 17:00:00,0.0,18.526333383333334,2.8516667833333336
2025-03-01 18:00:00,0.0,15.920000866666667,1.4846667166666667
2025-03-01 19:00:00,0.0,15.341,0.3788333833333334
2025-03-01 20:00:00,0.0,11.500000233333333,0.53
2025-03-01 21:00:00,0.0,3.1666666666666667e-07,0.36
2025-03-01 22:00:00,0.0,0.0,0.5208333333333334
2025-03-01 23:00:00,0.0,0.0,0.46083338333333335
2025-03-02 00:00:00,0.0,0.0,0.36750003333333336
2025-03-02 01:00:00,0.0,0.0,0.35583336666666665
2025-03-02 02:00:00,0.0,0.0,0.31733335
2025-03-02 03:00:00,0.0,0.0,0.4946666833333333
2025-03-02 04:00:00,0.0,0.0,0.294
2025-03-02 05:00:00,0.0,4.678333516666666,0.47133335
2025-03-02 06:00:00,0.0,8.81000055,0.5186666666666666
2025-03-02 07:00:00,0.0,8.606667266666667,0.4053333333333333
2025-03-02 08:00:00,0.0,8.28,0.5403333666666666
2025-03-02 09:00:00,0.0,8.35666675,2.850333383333333
2025-03-02 10:00:00,0.0,8.342666999999999,3.6285001333333335
2025-03-02 11:00:00,0.0,7.071667733333333,3.2365
2025-03-02 12:00:00,0.0,10.697001266666666,3.0851666833333335
2025-03-02 13:00:00,0.0,13.589667383333335,2.871833366666667
2025-03-02 14:00:00,0.0,12.208333866666665,2.9918333833333333
2025-03-02 15:00:00,0.0,14.086666666666666,3.3113335000000004
2025-03-02 16:00:00,0.0,10.672667566666666,3.18216675
2025-03-02 17:00:00,0.0,12.330000683333333,3.0181667833333337
2025-03-02 18:00:00,0.0,9.880000233333332,1.56433335
2025-03-02 19:00:00,0.0,2.68833365,0.9400000166666667
2025-03-02 20:00:00,0.0,2.8340003666666664,0.394
2025-03-02 21:00:00,0.0,0.5000003,0.41883335
2025-03-02 22:00:00,0.0,0.0,0.20833333333333334
2025-03-02 23:00:00,0.0,0.0,0.3621666666666667
2025-03-03 00:00:00,0.0,0.0,0.42000003333333336
2025-03-03 01:00:00,0.0,0.0,0.3791667166666667
2025-03-03 02:00:00,0.0,0.0,0.455
2025-03-03 03:00:00,0.0,0.0,0.2766667
2025-03-03 04:00:00,0.0,0.0,0.29383333333333334
2025-03-03 05:00:00,0.0,0.0,0.4783333666666667
2025-03-03 06:00:00,1.3750003666666666,1.5833333500000002,0.53
2025-03-03 07:00:00,1.7450006166666667,6.5786681666666675,0.36
2025-03-03 08:00:00,3.030000916666667,10.100000833333333,1.2083335166666667
2025-03-03 09:00:00,2.9756679333333333,12.516666733333334,2.0691667333333337
2025-03-03 10:00:00,3.527000533333333,13.483666733333333,2.63500005
2025-03-03 11:00:00,3.730001416666667,14.521333633333334,2.9153333333333333
2025-03-03 12:00:00,3.1773342333333336,18.1600001,2.7560000999999996
2025-03-03 13:00:00,3.7216669,14.576667149999999,3.4515001499999998
2025-03-03 14:00:00,2.0133348333333334,11.890000116666666,3.0775003666666665
2025-03-03 15:00:00,1.3146689666666669,10.350000683333334,3.8875000166666664
2025-03-03 16:00:00,1.0126675166666665,11.810000250000002,3.6520000500000003
2025-03-03 17:00:00,0.7606672833333333,9.573333866666665,3.5238334000000004
2025-03-03 18:00:00,0.5406668833333333,12.038666883333333,2.650000283333333
2025-03-03 19:00:00,0.027333516666666665,6.250000133333333,0.5141668
2025-03-03 20:00:00,0.0,8.166666750000001,0.265
2025-03-03 21:00:00,0.0,0.0,0.18
2025-03-03 22:00:00,0.0,0.0,0.3058333333333333
2025-03-03 23:00:00,0.0,0.0,0.2591666833333333
2025-03-04 00:00:00,0.0,0.0,0.5180000333333333
2025-03-04 01:00:00,0.0,0.0,0.3826666666666667
2025-03-04 02:00:00,0.0,0.0,0.53
2025-03-04 03:00:00,0.0,0.0,0.394
2025-03-04 04:00:00,0.0,1.8333333333333333e-07,0.462
2025-03-04 05:00:00,0.0,0.6680008666666667,0.462
2025-03-04 06:00:00,0.0,4.722000583333332,0.394
2025-03-04 07:00:00,1.0833333333333333e-06,6.1183345,0.5300000833333334
2025-03-04 08:00:00,2.876668683333334,7.438667766666667,1.9343336000000002
2025-03-04 09:00:00,3.683335316666667,10.398334116666668,2.6073333333333335
2025-03-04 10:00:00,5.365001883333333,11.763333883333335,3.260000033333333
2025-03-04 11:00:00,3.1980025,19.58,3.2913333666666666
2025-03-04 12:00:00,6.678002016666667,18.375667266666667,3.313000166666667
2025-03-04 13:00:00,6.760001616666666,17.676667066666663,2.1006671499999996
2025-03-04 14:00:00,6.7600019,18.707666916666664,2.7833337
2025-03-04 15:00:00,6.95600205,13.480667283333334,1.9311674333333333
2025-03-04 16:00:00,6.7666688666666674,11.9946679,3.0608335
2025-03-04 17:00:00,5.5493348,11.871333833333335,3.319666766666667
2025-03-04 18:00:00,0.10133439999999999,11.946667750000001,2.9773336
2025-03-04 19:00:00,2.8333333333333336e-07,7.325666866666666,2.2936667
2025-03-04 20:00:00,0.0,1.16,1.5160003499999999
2025-03-04 21:00:00,0.0,0.0,0.25366666666666665
2025-03-04 22:00:00,0.0,0.0,0.25916669999999997
2025-03-04 23:00:00,0.0,0.0,0.4436666833333333
2025-03-05 00:00:00,0.0,0.0,0.44333340000000004
2025-03-05 01:00:00,0.0,0.0,0.36
2025-03-05 02:00:00,0.0,0.0,0.53
2025-03-05 03:00:00,0.0,0.0,0.36
2025-03-05 04:00:00,0.0,0.0,0.5186666666666666
2025-03-05 05:00:00,0.0,0.0,0.3713333333333333
2025-03-05 06:00:00,0.0,2.149000366666667,0.4846666666666667
2025-03-05 07:00:00,0.0166669,12.943333716666668,0.4053333333333333
2025-03-05 08:00:00,0.8600012666666667,13.183333849999999,0.8506666833333334
2025-03-05 09:00:00,1.3116682833333333,16.023333383333334,3.06600005
2025-03-05 10:00:00,3.238335283333334,14.526666866666666,3.48500005
2025-03-05 11:00:00,4.448335000000001,14.1400005,3.6825000500000002
2025-03-05 12:00:00,3.6860010333333335,14.1300007,3.5951666833333333
2025-03-05 13:00:00,5.977334566666667,13.953333883333334,3.7673333833333333
2025-03-05 14:00:00,5.650001883333333,13.846666850000002,3.4966667
2025-03-05 15:00:00,6.036668833333334,16.11000041666667,3.3416667
2025-03-05 16:00:00,5.9270022,13.273333783333333,3.1133333333333333
2025-03-05 17:00:00,5.133334633333334,18.955000166666668,3.20200005
2025-03-05 18:00:00,1.3400003333333335,17.752333733333334,3.1213333333333333
2025-03-05 19:00:00,0.0,5.950000416666667,2.190500033333333
2025-03-05 20:00:00,0.0,1.2000004166666665,0.4053333333333333
2025-03-05 21:00:00,0.0,0.0,0.50083335
2025-03-05 22:00:00,0.0,0.0,0.265
2025-03-05 23:00:00,0.0,0.0,0.4141668333333333
2025-03-06 00:00:00,0.0,0.0,0.37950001666666666
2025-03-06 01:00:00,0.0,0.0,0.47833338333333336
2025-03-06 02:00:00,0.0,0.0,0.4053333333333333
2025-03-06 03:00:00,0.0,0.0,0.4846666666666667
2025-03-06 04:00:00,0.0,1.2500002166666668,0.4053333333333333
2025-03-06 05:00:00,0.0,16.96400055,0.4846666666666667
2025-03-06 06:00:00,4.166666666666667e-07,17.912000416666665,0.4053333333333333
2025-03-06 07:00:00,0.14000088333333333,17.586666949999998,0.4846666666666667
2025-03-06 08:00:00,0.61000175,18.81233445,0.4053333333333333
2025-03-06 09:00:00,2.65866895,18.5886674,2.2246667333333336
2025-03-06 10:00:00,3.4833353333333337,19.246666666666666,2.6961667499999997
2025-03-06 11:00:00,3.7740015000000002,16.83000061666667,2.8796666833333333
2025-03-06 12:00:00,3.7030019000000003,7.246667333333334,2.8303333333333334
2025-03-06 13:00:00,3.6866683333333334,7.57000115,2.8213333499999997
2025-03-06 14:00:00,3.195002316666667,8.8233335,2.7175000333333332
2025-03-06 15:00:00,2.9246689833333335,8.323000433333332,2.72966675
2025-03-06 16:00:00,3.2583350333333336,8.585333666666667,2.810000033333333
2025-03-06 17:00:00,3.5533345,8.76433375,2.574833383333333
2025-03-06 18:00:00,0.8883348333333334,9.174333583333333,2.7216666833333334
2025-03-06 19:00:00,0.0,2.032001466666667,1.0858333666666666
2025-03-06 20:00:00,0.0,0.3390003666666667,0.18
2025-03-06 21:00:00,0.0,0.0,0.2825
2025-03-06 22:00:00,0.0,0.0,0.409
2025-03-06 23:00:00,0.0,0.0,0.4783334
2025-03-07 00:00:00,0.0,0.0,0.45500006666666665
2025-03-07 01:00:00,0.0,0.0,0.2591666833333333
2025-03-07 02:00:00,0.0,0.0,0.4550000166666667
2025-03-07 03:00:00,0.0,0.0,0.4166666666666667
2025-03-07 04:00:00,0.0,0.0,0.4050000166666667
2025-03-07 05:00:00,0.0,0.0,0.3166666666666667
2025-03-07 06:00:00,0.0,0.0,0.3450000166666667
2025-03-07 07:00:00,0.20933368333333335,9.8590004,0.3000000166666667
2025-03-07 08:00:00,1.1833346833333336,13.265000300000002,0.8875006666666667
2025-03-07 09:00:00,3.6153353833333335,11.496667383333335,3.05233335
2025-03-07 10:00:00,4.6516687333333335,12.539334383333333,3.4326667833333335
2025-03-07 11:00:00,3.953335266666667,13.580000300000002,3.1015000500000003
2025-03-07 12:00:00,3.262668716666667,13.521000083333334,3.22333345
2025-03-07 13:00:00,3.4133347500000006,10.867666783333332,2.4460002833333334
2025-03-07 14:00:00,4.032001183333334,9.331667116666667,2.441667183333333
2025-03-07 15:00:00,6.433334933333334,6.6573345,3.1833333333333336
2025-03-07 16:00:00,3.974334883333334,10.799334566666666,3.2141667000000003
2025-03-07 17:00:00,0.09666776666666667,14.248,2.60583365
2025-03-07 18:00:00,0.0,14.3323335,3.186666766666667
2025-03-07 19:00:00,0.0,12.832666983333333,1.8766669
2025-03-07 20:00:00,0.0,5.750000983333333,0.74666715
2025-03-07 21:00:00,0.0,0.0,0.265
2025-03-07 22:00:00,0.0,0.0,0.18
2025-03-07 23:00:00,0.0,0.0,0.5066666666666667
2025-03-08 00:00:00,0.0,0.0,0.4550000333333334
2025-03-08 01:00:00,0.0,0.0,0.2706666833333333
2025-03-08 02:00:00,0.0,0.0,0.24233333333333335
2025-03-08 03:00:00,0.0,0.0,0.46083335
2025-03-08 04:00:00,0.0,0.0,0.471
2025-03-08 05:00:00,0.0,0.25000010000000006,0.53
2025-03-08 06:00:00,0.0,4.873001433333334,0.39916666666666667
2025-03-08 07:00:00,0.0,9.54666715,0.3678333333333333
2025-03-08 08:00:00,0.0,13.937333366666666,0.2576666666666667
2025-03-08 09:00:00,0.0,12.84033345,0.8726666833333334
2025-03-08 10:00:00,0.0,12.172000483333333,1.5551667000000002
2025-03-08 11:00:00,0.0,12.3353337,2.5583333333333336
2025-03-08 12:00:00,0.0,12.959000416666667,2.98783335
2025-03-08 13:00:00,0.0,13.061000066666665,2.8246667166666666
2025-03-08 14:00:00,0.0,3.9463344833333336,2.9833334000000002
2025-03-08 15:00:00,0.0,4.81000105,3.0958333333333337
2025-03-08 16:00:00,0.0,8.646667033333333,2.95583335
2025-03-08 17:00:00,0.0,9.81000015,2.773333366666667
2025-03-08 18:00:00,0.0,8.841333566666666,3.0358334166666667
2025-03-08 19:00:00,0.0,7.612000316666667,1.13250015
2025-03-08 20:00:00,0.0,6.833333649999999,0.29983335
2025-03-08 21:00:00,0.0,1.9166667166666667,0.27066666666666667
2025-03-08 22:00:00,0.0,0.0,0.37500001666666666
2025-03-08 23:00:00,0.0,0.0,0.2881666666666667
2025-03-09 00:00:00,0.0,0.0,0.43166671666666667
2025-03-09 01:00:00,0.0,0.0,0.27083338333333334
2025-03-09 02:00:00,0.0,0.0,0.4375
2025-03-09 03:00:00,0.0,0.0,0.4998333833333334
2025-03-09 04:00:00,0.0,0.0,0.496
2025-03-09 05:00:00,0.0,2.64266725,0.394
2025-03-09 06:00:00,0.0,5.083000816666667,0.496
2025-03-09 07:00:00,0.0,8.176667416666666,0.394
2025-03-09 08:00:00,0.0,5.426667466666666,0.8335002
2025-03-09 09:00:00,0.0,11.725667066666666,2.22066715
2025-03-09 10:00:00,0.0,12.971667033333333,3.0268335000000004
2025-03-09 11:00:00,0.0,12.85000095,2.9056668833333332
2025-03-09 12:00:00,0.0,17.596666749999997,2.9543336166666663
2025-03-09 13:00:00,0.0,9.323333916666666,2.8748336833333332
2025-03-09 14:00:00,0.0,12.936666983333332,2.73183375
2025-03-09 15:00:00,0.0,7.600000633333333,3.0123339666666666
2025-03-09 16:00:00,0.0,8.706666666666665,2.881000333333334
2025-03-09 17:00:00,0.0,8.19000025,2.5956668666666665
2025-03-09 18:00:00,0.0,7.616667250000001,3.090833433333333
2025-03-09 19:00:00,0.0,8.430000116666665,3.3758335833333337
2025-03-09 20:00:00,0.0,2.2000005333333332,1.1551670166666668
2025-03-09 21:00:00,0.0,2.8333333333333336e-07,0.24233333333333335
2025-03-09 22:00:00,0.0,0.0,0.20266666666666666
2025-03-09 23:00:00,0.0,0.0,0.27050005
2025-03-10 00:00:00,0.0,0.0,0.25916669999999997
2025-03-10 01:00:00,0.0,0.0,0.31750001666666666
2025-03-10 02:00:00,0.0,0.0,0.5073333333333333
2025-03-10 03:00:00,0.0,0.0,0.3826666666666667
2025-03-10 04:00:00,0.0,2.6666666666666667e-07,0.5073333333333333
2025-03-10 05:00:00,0.0,2.0666681833333334,0.3835000333333334
2025-03-10 06:00:00,1e-06,1.9116686,0.41083333333333333
2025-03-10 07:00:00,2.5833341333333335,4.5906683500000005,0.231
2025-03-10 08:00:00,4.54000075,11.990000283333332,0.9565000666666668
2025-03-10 09:00:00,1.4966688499999998,11.39000065,2.71100025
2025-03-10 10:00:00,2.533336316666667,18.15033385,2.70900025
2025-03-10 11:00:00,3.733336266666667,19.036667200000004,3.1735000999999996
2025-03-10 12:00:00,3.71966805,14.733333666666667,3.2306666833333333
2025-03-10 13:00:00,2.667669016666667,10.0266671,1.6143341666666668
2025-03-10 14:00:00,4.1583348,6.913333866666667,2.2640005000000003
2025-03-10 15:00:00,4.020002000000001,8.666,3.2143333666666667
2025-03-10 16:00:00,3.5700012666666665,6.688667016666667,2.8381670166666666
2025-03-10 17:00:00,2.623333683333333,5.85133445,3.481666683333333
2025-03-10 18:00:00,0.51133335,5.192668166666667,3.5358333833333333
2025-03-10 19:00:00,2.8333333333333336e-07,9.410000833333333,2.3225003
2025-03-10 20:00:00,0.0,4.166666683333333,1.6133335333333334
2025-03-10 21:00:00,0.0,0.0,0.265
2025-03-10 22:00:00,0.0,0.0,0.29433333333333334
2025-03-10 23:00:00,0.0,0.0,0.32216675000000006
2025-03-11 00:00:00,0.0,0.0,0.4841667333333334
2025-03-11 01:00:00,0.0,0.0,0.24466668333333333
2025-03-11 02:00:00,0.0,0.0,0.2591666833333333
2025-03-11 03:00:00,0.0,0.0,0.3875
2025-03-11 04:00:00,0.0,0.0,0.3713333333333333
2025-03-11 05:00:00,0.0,0.006,0.5186666666666666
2025-03-11 06:00:00,1.6666666666666667e-08,0.94000025,0.36
2025-03-11 07:00:00,0.24866685000000002,6.772667916666667,0.53
2025-03-11 08:00:00,0.61000105,13.648667099999999,0.8675000833333333
2025-03-11 09:00:00,3.3266686833333337,6.846000633333333,1.3440002
2025-03-11 10:00:00,4.630001966666667,10.921667733333333,2.5935001333333334
2025-03-11 11:00:00,4.9666687000000005,7.9566675,2.9291667
2025-03-11 12:00:00,4.388335666666666,9.086667133333334,2.9041667666666666
2025-03-11 13:00:00,5.630001633333333,9.566666666666666,3.2451668666666666
2025-03-11 14:00:00,6.4733347666666665,9.093333366666666,3.1023333833333333
2025-03-11 15:00:00,6.6016687,8.553333983333333,3.2771667833333336
2025-03-11 16:00:00,4.942335683333334,9.263333616666667,3.5600000666666665
2025-03-11 17:00:00,0.08000131666666667,8.8833335,3.3296668666666664
2025-03-11 18:00:00,0.0,8.270666683333333,3.3833334666666666
2025-03-11 19:00:00,0.0,5.10000005,2.8443336166666664
2025-03-11 20:00:00,0.0,2.333333866666667,2.2740000333333334
2025-03-11 21:00:00,0.0,0.25000005000000003,0.36
2025-03-11 22:00:00,0.0,0.0,0.47166673333333337
2025-03-11 23:00:00,0.0,0.0,0.3966667166666667
2025-03-12 00:00:00,0.0,0.0,0.3340000166666667
2025-03-12 01:00:00,0.0,0.0,0.231
2025-03-12 02:00:00,0.0,0.0,0.214
2025-03-12 03:00:00,0.0,0.0,0.231
2025-03-12 04:00:00,0.0,2.5000001333333333,0.2708333333333333
2025-03-12 05:00:00,0.0,11.03333345,0.40833341666666667
2025-03-12 06:00:00,1.4583334666666667,11.6360005,0.39083340000000005
2025-03-12 07:00:00,2.458333416666667,11.647001716666667,0.214
2025-03-12 08:00:00,2.507334466666667,12.48500085,1.7310002333333332
2025-03-12 09:00:00,3.768001383333334,11.035333533333333,2.4215001333333332
2025-03-12 10:00:00,4.150001883333333,16.54100015,2.6860001
2025-03-12 11:00:00,3.301335466666667,14.6836669,2.814
2025-03-12 12:00:00,4.269334483333334,13.2393338,2.8460000500000002
2025-03-12 13:00:00,3.9326678833333335,12.086666983333332,2.92983335
2025-03-12 14:00:00,3.696668433333333,13.44666725,3.2501666666666664
2025-03-12 15:00:00,2.525002666666667,11.191333916666666,2.9315000166666665
2025-03-12 16:00:00,4.4416683500000005,6.896667383333334,2.9835001166666673
2025-03-12 17:00:00,1.1650013833333333,6.935667266666667,3.165000116666667
2025-03-12 18:00:00,0.20800041666666666,7.653001283333333,3.1241667499999997
2025-03-12 19:00:00,0.0,2.6350002333333333,2.02166675
2025-03-12 20:00:00,0.0,1.812,0.20833333333333334
2025-03-12 21:00:00,0.0,0.0,0.35033333333333333
2025-03-12 22:00:00,0.0,0.0,0.27666666666666667
2025-03-12 23:00:00,0.0,0.0,0.46833335
2025-03-13 00:00:00,0.0,0.0,0.265
2025-03-13 01:00:00,0.0,0.0,0.47550003333333335
2025-03-13 02:00:00,0.0,0.0,0.462
2025-03-13 03:00:00,0.0,0.0,0.36
2025-03-13 04:00:00,0.0,0.0,0.53
2025-03-13 05:00:00,0.0,0.24700053333333336,0.36
2025-03-13 06:00:00,0.0,3.5433342,0.47333333333333333
2025-03-13 07:00:00,0.15733403333333335,8.630000449999999,0.4166666666666667
2025-03-13 08:00:00,0.6046682000000001,10.736001066666667,0.46783341666666667
2025-03-13 09:00:00,3.3100016000000005,11.374334516666666,1.2146667666666664
2025-03-13 10:00:00,3.9656689666666667,10.85000095,2.2766668166666664
2025-03-13 11:00:00,6.046668333333334,6.910000716666667,3.0053333666666666
2025-03-13 12:00:00,5.891336,13.706667116666667,2.6746668
2025-03-13 13:00:00,4.113335733333335,7.889001516666667,2.820666733333333
2025-03-13 14:00:00,4.860668716666667,13.519000583333334,2.8726667000000004
2025-03-13 15:00:00,5.599335516666668,13.286666766666666,2.6418335
2025-03-13 16:00:00,6.196668183333333,13.703333483333331,3.5465000333333334
2025-03-13 17:00:00,4.395667350000001,13.81566705,3.4608334000000003
2025-03-13 18:00:00,0.5386669333333333,12.283000683333334,3.8736667666666666
2025-03-13 19:00:00,0.0,10.391000966666667,2.5346667666666667
2025-03-13 20:00:00,0.0,11.217000250000002,2.125333383333333
2025-03-13 21:00:00,0.0,0.7500001,0.25233336666666667
2025-03-13 22:00:00,0.0,0.0,0.3386667166666667
2025-03-13 23:00:00,0.0,0.0,0.4841667333333334
2025-03-14 00:00:00,0.0,0.0,0.53
2025-03-14 01:00:00,0.0,0.0,0.36
2025-03-14 02:00:00,0.0,0.0,0.5548333333333334
2025-03-14 03:00:00,0.0,0.0,0.3558334166666667
2025-03-14 04:00:00,0.0,0.0,0.33333335
2025-03-14 05:00:00,0.0,2.733333716666667,0.5241666666666667
2025-03-14 06:00:00,7.333333333333333e-07,7.270001050000001,0.394
2025-03-14 07:00:00,0.4273341666666666,8.137667316666667,0.496
2025-03-14 08:00:00,0.99766875,8.070000366666665,1.0940002
2025-03-14 09:00:00,2.8946680833333334,7.0206678,1.6243340666666666
2025-03-14 10:00:00,2.141669166666667,7.930000483333333,2.7315003
2025-03-14 11:00:00,5.51466875,8.433333616666667,3.2160002833333334
2025-03-14 12:00:00,5.6990012000000005,8.916666750000001,3.1410000166666663
2025-03-14 13:00:00,6.495334766666667,8.6863335,3.2333333499999997
2025-03-14 14:00:00,6.045335333333333,8.226666849999999,2.5175005
2025-03-14 15:00:00,5.954001833333334,8.940000516666665,2.912500333333333
2025-03-14 16:00:00,6.034668633333333,5.5236681333333335,2.824167033333333
2025-03-14 17:00:00,5.516667933333333,12.449000733333332,3.3583334
2025-03-14 18:00:00,3.00000065,7.3070011,3.126500033333333
2025-03-14 19:00:00,0.08333373333333334,7.606667466666667,2.586833566666667
2025-03-14 20:00:00,0.0,3.0336675333333334,0.6500001666666667
2025-03-14 21:00:00,0.0,0.18400003333333334,0.4933333333333333
2025-03-14 22:00:00,0.0,0.0,0.4250000166666667
2025-03-14 23:00:00,0.0,0.0,0.4083333666666667
2025-03-15 00:00:00,0.0,0.0,0.50750005
2025-03-15 01:00:00,0.0,0.0,0.3966667
2025-03-15 02:00:00,0.0,0.0,0.53
2025-03-15 03:00:00,0.0,0.0,0.33083334999999997
2025-03-15 04:00:00,0.0,0.03100003333333333,0.5183333333333334
2025-03-15 05:00:00,0.0,1.7330008833333335,0.40033338333333335
2025-03-15 06:00:00,0.0,10.016667483333332,0.5016667
2025-03-15 07:00:00,0.0,12.660000833333333,0.214
2025-03-15 08:00:00,0.0,9.413333916666666,0.231
2025-03-15 09:00:00,0.0,9.230667566666668,0.46783335
2025-03-15 10:00:00,0.0,9.2426672,2.853833383333333
2025-03-15 11:00:00,0.0,10.9836677,3.0966667666666665
2025-03-15 12:00:00,0.0,15.945000883333332,2.9683333333333333
2025-03-15 13:00:00,0.0,18.387666716666665,2.708333366666667
2025-03-15 14:00:00,0.0,18.28666666666667,3.4566666666666666
2025-03-15 15:00:00,0.0,16.864667283333333,3.78
2025-03-15 16:00:00,0.0,16.85000068333333,3.450000033333333
2025-03-15 17:00:00,0.0,17.346666966666668,3.0958333666666666
2025-03-15 18:00:00,0.0,12.620000733333333,1.0125000666666668
2025-03-15 19:00:00,0.0,4.7723345833333335,1.2580000166666667
2025-03-15 20:00:00,0.0,1.3263338833333331,0.262
2025-03-15 21:00:00,0.0,0.16800011666666664,0.18
2025-03-15 22:00:00,0.0,0.0,0.3791666833333333
2025-03-15 23:00:00,0.0,0.0,0.26500001666666667
2025-03-16 00:00:00,0.0,0.0,0.3675000166666667
2025-03-16 01:00:00,0.0,0.0,0.27066666666666667
2025-03-16 02:00:00,0.0,0.0,0.19133333333333336
2025-03-16 03:00:00,0.0,0.0,0.248
2025-03-16 04:00:00,0.0,6.666666666666667e-08,0.214
2025-03-16 05:00:00,0.0,1.8100003833333334,0.2881666666666667
2025-03-16 06:00:00,0.0,1.9766684666666667,0.46083335
2025-03-16 07:00:00,0.0,3.8766680666666664,0.6183333333333334
2025-03-16 08:00:00,0.0,6.730333783333333,0.3993333333333333
2025-03-16 09:00:00,0.0,8.14100035,2.0003333833333334
2025-03-16 10:00:00,0.0,9.452666800000001,3.5623334166666667
2025-03-16 11:00:00,0.0,18.37333333333333,3.470000066666667
2025-03-16 12:00:00,0.0,18.56,3.533500066666667
2025-03-16 13:00:00,0.0,18.046666666666667,3.2898333333333336
2025-03-16 14:00:00,0.0,18.37333333333333,3.380666683333333
2025-03-16 15:00:00,0.0,16.660000866666664,3.79050005
2025-03-16 16:00:00,0.0,18.310000316666667,3.9913333333333334
2025-03-16 17:00:00,0.0,14.61333345,3.3931667
2025-03-16 18:00:00,0.0,7.749000783333334,3.0013334000000005
2025-03-16 19:00:00,0.0,5.2243337,2.317333366666667
2025-03-16 20:00:00,0.0,3.9446671500000003,0.7580000166666667
2025-03-16 21:00:00,0.0,0.8333334,0.248
2025-03-16 22:00:00,0.0,0.0,0.2315
2025-03-16 23:00:00,0.0,0.0,0.3618334
2025-03-17 00:00:00,0.0,0.0,0.5311666833333334
2025-03-17 01:00:00,0.0,0.0,0.2881666666666667
2025-03-17 02:00:00,0.0,0.0,0.27066666666666667
2025-03-17 03:00:00,0.0,0.0,0.28933333333333333
2025-03-17 04:00:00,0.0,0.0,0.4036666666666667
2025-03-17 05:00:00,0.0,0.10700096666666667,0.48533333333333334
2025-03-17 06:00:00,0.0,1.8693336166666665,0.40350003333333334
2025-03-17 07:00:00,0.0,8.763667483333332,0.436
2025-03-17 08:00:00,0.14000083333333332,12.3933335,2.5701667666666665
2025-03-17 09:00:00,1.3666699166666667,13.119333699999999,3.0551668
2025-03-17 10:00:00,3.8600019500000005,16.96666705,3.291000266666667
2025-03-17 11:00:00,3.2000021333333337,17.80000015,3.2960000166666665
2025-03-17 12:00:00,1.3516695666666667,17.903333383333333,2.987666833333334
2025-03-17 13:00:00,2.8300019333333335,14.696666983333333,3.06350015
2025-03-17 14:00:00,5.866668300000001,9.456667483333332,3.1206666666666667
2025-03-17 15:00:00,7.336001850000001,10.312334016666666,3.2736667333333336
2025-03-17 16:00:00,7.656667966666667,11.498667500000002,3.2106666833333333
2025-03-17 17:00:00,6.7253346,13.1123339,3.315833366666667
2025-03-17 18:00:00,5.283333366666667,11.714667416666668,1.5796667833333333
2025-03-17 19:00:00,0.13466673333333332,8.059666783333332,0.3573334666666667
2025-03-17 20:00:00,0.0,7.993666849999999,0.28233335
2025-03-17 21:00:00,0.0,1.5833333500000002,0.27650003333333334
2025-03-17 22:00:00,0.0,0.0,0.42000003333333336
2025-03-17 23:00:00,0.0,0.0,0.5140000166666666
2025-03-18 00:00:00,0.0,0.0,0.33300005
2025-03-18 01:00:00,0.0,0.0,0.27650003333333334
2025-03-18 02:00:00,0.0,0.0,0.27066666666666667
2025-03-18 03:00:00,0.0,0.0,0.19133333333333336
2025-03-18 04:00:00,0.0,0.0,0.27066666666666667
2025-03-18 05:00:00,0.0,0.2800005666666667,0.19133333333333336
2025-03-18 06:00:00,4.166666666666667e-07,10.632333849999998,0.2823333666666667
2025-03-18 07:00:00,1.1666666666666668e-06,12.650000616666667,0.28233335
2025-03-18 08:00:00,0.5946686166666666,12.976667483333333,0.9668334166666666
2025-03-18 09:00:00,2.1060021333333334,14.586667366666667,1.2190003833333334
2025-03-18 10:00:00,3.929335566666667,18.550333716666668,3.63333335
2025-03-18 11:00:00,5.824335033333334,18.77233378333333,3.5786667833333334
2025-03-18 12:00:00,5.463334966666666,18.693333616666667,3.053000016666666
2025-03-18 13:00:00,5.7966678,18.746667200000005,3.5448334000000004
2025-03-18 14:00:00,5.671668,18.4066668,3.1296669666666665
2025-03-18 15:00:00,5.43933535,18.78666686666667,3.37333335
2025-03-18 16:00:00,5.854668316666667,18.51066715,2.898833533333333
2025-03-18 17:00:00,4.13600155,13.236000283333333,2.98150015
2025-03-18 18:00:00,1.5833333333333333e-06,7.842667633333334,3.2143334000000006
2025-03-18 19:00:00,2.1666666666666667e-07,4.200000616666667,1.4036668833333334
2025-03-18 20:00:00,0.0,1.8333333833333334,0.37933336666666667
2025-03-18 21:00:00,0.0,0.0,0.2705000166666667
2025-03-18 22:00:00,0.0,0.0,0.19133333333333336
2025-03-18 23:00:00,0.0,0.0,0.3521666833333333
2025-03-19 00:00:00,0.0,0.0,0.4025
2025-03-19 01:00:00,0.0,0.0,0.29983336666666666
2025-03-19 02:00:00,0.0,0.0,0.4908333333333333
2025-03-19 03:00:00,0.0,0.0,0.3826666666666667
2025-03-19 04:00:00,0.0,0.0,0.40583338333333335
2025-03-19 05:00:00,0.0,0.9730000999999999,0.37333335
2025-03-19 06:00:00,2.1666666666666667e-07,8.672000716666668,0.51333335
2025-03-19 07:00:00,0.9226683,13.356000016666666,0.36
2025-03-19 08:00:00,1.1600019833333333,14.038000349999999,0.535
2025-03-19 09:00:00,4.9766691000000005,14.693333533333332,2.7541667166666666
2025-03-19 10:00:00,6.478002283333334,14.4,3.83233335
2025-03-19 11:00:00,5.54000235,12.67000095,3.342666716666667
2025-03-19 12:00:00,5.943335466666667,12.520001,3.3116667000000004
2025-03-19 13:00:00,6.199335266666667,10.453334166666668,3.6675000166666663
2025-03-19 14:00:00,6.895335333333334,4.193334666666667,3.4591667000000004
2025-03-19 15:00:00,4.646335316666667,3.2890014333333335,3.2183334000000006
2025-03-19 16:00:00,4.196001999999999,12.300334000000001,2.88500005
2025-03-19 17:00:00,5.422669,14.397333666666666,2.965000066666667
2025-03-19 18:00:00,0.2033343333333333,12.553333866666666,2.7853333499999997
2025-03-19 19:00:00,0.0,12.440333566666666,1.0410000499999998
2025-03-19 20:00:00,0.0,1.0000010666666665,0.19133333333333336
2025-03-19 21:00:00,0.0,2.3333333333333333e-07,0.25366666666666665
2025-03-19 22:00:00,0.0,0.0,0.34083335
2025-03-19 23:00:00,0.0,0.0,0.2941666666666667
2025-03-20 00:00:00,0.0,0.0,0.2708333333333333
2025-03-20 01:00:00,0.0,0.0,0.19133333333333336
2025-03-20 02:00:00,0.0,0.0,0.25366666666666665
2025-03-20 03:00:00,0.0,0.0,0.19133333333333336
2025-03-20 04:00:00,0.0,0.0,0.25366666666666665
2025-03-20 05:00:00,0.0,0.3280003666666667,0.19133333333333336
2025-03-20 06:00:00,0.0,6.685333533333333,0.35683336666666665
2025-03-20 07:00:00,5.5e-07,9.645667450000001,0.2593333333333333
2025-03-20 08:00:00,1.9016684333333336,12.292001016666667,0.6155001
2025-03-20 09:00:00,3.8933355500000006,9.502333733333334,1.751333866666667
2025-03-20 10:00:00,2.6150026833333335,9.87233355,2.4375005499999998
2025-03-20 11:00:00,1.6246693333333335,11.890000599999999,2.9813335166666666
2025-03-20 12:00:00,3.0263350166666667,12.856667166666668,3.3761667166666665
2025-03-20 13:00:00,2.3560019166666666,7.854334066666667,3.6416667
2025-03-20 14:00:00,6.518001316666667,11.80833395,3.2416667833333337
2025-03-20 15:00:00,6.7540018,10.940000300000001,3.4183335166666664
2025-03-20 16:00:00,6.006668533333333,11.655667450000001,3.2350000999999997
2025-03-20 17:00:00,3.9753339333333333,8.970000716666668,3.67033335
2025-03-20 18:00:00,5.0000000000000004e-08,8.401333683333334,3.6161667000000004
2025-03-20 19:00:00,0.0,6.4813336,2.82966695
2025-03-20 20:00:00,0.0,1.6786667166666667,0.35900003333333336
2025-03-20 21:00:00,0.0,0.0,0.2593333333333333
2025-03-20 22:00:00,0.0,0.0,0.2650000333333334
2025-03-20 23:00:00,0.0,0.0,0.2766667
2025-03-21 00:00:00,0.0,0.0,0.4083334666666667
2025-03-21 01:00:00,0.0,0.0,0.265
2025-03-21 02:00:00,0.0,0.0,0.32833334999999997
2025-03-21 03:00:00,0.0,0.0,0.53
2025-03-21 04:00:00,0.0,0.2860000166666667,0.36
2025-03-21 05:00:00,0.0,7.555000483333333,0.5186666666666666
2025-03-21 06:00:00,0.0,8.923334200000001,0.3713333333333333
2025-03-21 07:00:00,0.0,5.673335,0.4846666666666667
2025-03-21 08:00:00,0.10533336666666668,17.15333456666667,0.44533335
2025-03-21 09:00:00,2.2900013000000006,18.718334050000003,1.1381666833333333
2025-03-21 10:00:00,6.030001733333334,17.8646676,3.0618333333333334
2025-03-21 11:00:00,2.03500255,18.6806669,3.073333416666667
2025-03-21 12:00:00,4.210002033333333,19.80666666666667,3.0758333833333333
2025-03-21 13:00:00,5.603334966666666,18.29133386666667,3.016
2025-03-21 14:00:00,6.304668633333334,14.766667483333332,2.83233335
2025-03-21 15:00:00,6.327335483333333,8.583333666666668,2.9640000333333334
2025-03-21 16:00:00,6.496668666666666,9.235334166666668,3.1010000166666662
2025-03-21 17:00:00,3.6500016666666664,13.214000250000002,2.8445
2025-03-21 18:00:00,5.0,12.327667183333332,1.2655000833333334
2025-03-21 19:00:00,1.4166669333333335,2.8876671333333332,0.225
2025-03-21 20:00:00,0.0,0.003333583333333333,0.23666666666666666
2025-03-21 21:00:00,0.0,0.0,0.19133333333333336
2025-03-21 22:00:00,0.0,0.0,0.2536667
2025-03-21 23:00:00,0.0,0.0,0.41416671666666666
2025-03-22 00:00:00,0.0,0.0,0.5023333833333333
2025-03-22 01:00:00,0.0,0.0,0.3826666666666667
2025-03-22 02:00:00,0.0,0.0,0.5073333333333333
2025-03-22 03:00:00,0.0,0.0,0.3826666666666667
2025-03-22 04:00:00,0.0,0.0,0.45416666666666666
2025-03-22 05:00:00,0.0,4.1930001,0.23666666666666666
2025-03-22 06:00:00,0.0,7.213667933333333,0.4630000166666667
2025-03-22 07:00:00,0.0,8.406667316666667,0.4166666666666667
2025-03-22 08:00:00,0.0,9.516666983333332,0.5200000166666666
2025-03-22 09:00:00,0.0,13.986000200000001,1.80250045
2025-03-22 10:00:00,0.0,11.701333483333332,2.7058335500000004
2025-03-22 11:00:00,0.0,13.153333533333333,2.625
2025-03-22 12:00:00,0.0,13.753333333333334,2.7550000166666666
2025-03-22 13:00:00,0.0,13.524333333333335,2.9508336333333336
2025-03-22 14:00:00,0.0,7.3700005,3.31
2025-03-22 15:00:00,0.0,8.641333816666668,3.2363334333333333
2025-03-22 16:00:00,0.0,8.408333333333333,2.594500066666667
2025-03-22 17:00:00,0.0,7.901666866666666,2.473
2025-03-22 18:00:00,0.0,7.455333766666667,2.4786667000000002
2025-03-22 19:00:00,0.0,9.456667083333334,2.8188334666666663
2025-03-22 20:00:00,0.0,0.0,1.2061673499999999
2025-03-22 21:00:00,0.0,0.0,0.35083335
2025-03-22 22:00:00,0.0,0.0,0.22533333333333333
2025-03-22 23:00:00,0.0,0.0,0.28816671666666666
2025-03-23 00:00:00,0.0,0.0,0.5075000833333333
2025-03-23 01:00:00,0.0,0.0,0.24233333333333335
2025-03-23 02:00:00,0.0,0.0,0.2941666833333333
2025-03-23 03:00:00,0.0,0.0,0.214
2025-03-23 04:00:00,0.0,1.3333333333333334e-07,0.426
2025-03-23 05:00:00,0.0,1.5490012166666667,0.4425000666666667
2025-03-23 06:00:00,0.0,2.4380017166666668,0.462
2025-03-23 07:00:00,0.0,9.304333866666665,0.428
2025-03-23 08:00:00,0.0,8.965333849999999,0.394
2025-03-23 09:00:00,0.0,5.25700115,0.7285000666666668
2025-03-23 10:00:00,0.0,12.276667033333332,3.2466667166666667
2025-03-23 11:00:00,0.0,12.853333500000002,3.1708333499999997
2025-03-23 12:00:00,0.0,10.93000115,3.2536666666666667
2025-03-23 13:00:00,0.0,10.8726679,3.22050005
2025-03-23 14:00:00,0.0,11.140001,3.3013333333333335
2025-03-23 15:00:00,0.0,12.753333733333333,3.2853333333333334
2025-03-23 16:00:00,0.0,12.940000399999999,3.2373333333333334
2025-03-23 17:00:00,0.0,12.750000416666667,3.311
2025-03-23 18:00:00,0.0,13.104333350000001,2.95166675
2025-03-23 19:00:00,0.0,12.757666683333335,1.8198334
2025-03-23 20:00:00,0.0,8.652667666666666,0.21966670000000002
2025-03-23 21:00:00,0.0,0.5450004166666667,0.4083333333333333
2025-03-23 22:00:00,0.0,0.0,0.2941666666666667
2025-03-23 23:00:00,0.0,0.0,0.40833335
2025-03-24 00:00:00,0.0,0.0,0.27666666666666667
2025-03-24 01:00:00,0.0,0.0,0.5366667333333334
2025-03-24 02:00:00,0.0,0.0,0.4393333333333333
2025-03-24 03:00:00,0.0,0.0,0.45066666666666666
2025-03-24 04:00:00,0.0,0.30400046666666664,0.43283335
2025-03-24 05:00:00,0.0,4.7093342499999995,0.4346666666666667
2025-03-24 06:00:00,0.0,12.6970007,0.4771666833333333
2025-03-24 07:00:00,1.0000000000000001e-07,12.306334466666666,0.3116666833333333
2025-03-24 08:00:00,0.3580001166666667,13.07366745,0.6083334
2025-03-24 09:00:00,3.6620003833333334,10.017667533333332,1.0816666666666668
2025-03-24 10:00:00,3.6633343333333332,19.156667066666664,2.9633334000000002
2025-03-24 11:00:00,4.577667683333333,19.486666666666668,3.050833566666667
2025-03-24 12:00:00,5.533334050000001,12.313333833333335,3.10416675
2025-03-24 13:00:00,3.9746671333333334,11.966667433333333,3.3800000666666667
2025-03-24 14:00:00,3.7693340333333336,19.164667016666666,3.8516666833333333
2025-03-24 15:00:00,6.5793339500000005,18.107333716666666,4.096
2025-03-24 16:00:00,2.40666785,12.687334116666667,3.8940000500000003
2025-03-24 17:00:00,0.33666771666666667,7.354000683333334,3.5636666833333335
2025-03-24 18:00:00,0.0,2.3470019333333334,3.2671668666666664
2025-03-24 19:00:00,0.0,4.19333485,2.4845003833333337
2025-03-24 20:00:00,0.0,0.20000103333333333,1.1720000333333336
2025-03-24 21:00:00,0.0,0.0500001,0.45066666666666666
2025-03-24 22:00:00,0.0,0.0,0.38183335
2025-03-24 23:00:00,0.0,0.0,0.3641666666666667
2025-03-25 00:00:00,0.0,0.0,0.26483335
2025-03-25 01:00:00,0.0,0.0,0.19133333333333336
2025-03-25 02:00:00,0.0,0.0,0.27066666666666667
2025-03-25 03:00:00,0.0,0.0,0.19133333333333336
2025-03-25 04:00:00,0.0,0.0,0.3791667166666667
2025-03-25 05:00:00,0.0,1.1920000333333332,0.3625
2025-03-25 06:00:00,0.002666683333333333,9.070333783333334,0.21966666666666665
2025-03-25 07:00:00,0.2673339833333333,11.568333933333333,0.22533333333333333
2025-03-25 08:00:00,1.8680004333333333,18.593666849999998,2.0443333833333335
2025-03-25 09:00:00,3.5616681166666666,12.748667283333335,3.079000066666667
2025-03-25 10:00:00,4.911668933333333,16.31000035,3.2183335166666667
2025-03-25 11:00:00,3.4816690333333336,16.355667566666668,3.28300005
2025-03-25 12:00:00,6.098668466666667,10.136667483333333,3.4776666666666665
2025-03-25 13:00:00,5.4100015,14.069000349999998,2.710500033333333
2025-03-25 14:00:00,5.086002833333334,12.360000316666667,2.4960000833333336
2025-03-25 15:00:00,5.932669033333334,13.006666666666666,2.6246667
2025-03-25 16:00:00,6.560001733333334,12.473333366666665,2.3326667666666667
2025-03-25 17:00:00,4.942001266666667,9.7566673,2.8890000833333334
2025-03-25 18:00:00,2.9613344166666664,7.635000450000001,0.8100000833333333
2025-03-25 19:00:00,0.16666676666666666,6.628333666666667,0.44666680000000003
2025-03-25 20:00:00,0.0,2.750000216666667,0.3111666666666667
2025-03-25 21:00:00,0.0,0.0,0.2765
2025-03-25 22:00:00,0.0,0.0,0.24266666666666667
2025-03-25 23:00:00,0.0,0.0,0.36200004999999996
2025-03-26 00:00:00,0.0,0.0,0.3500001166666667
2025-03-26 01:00:00,0.0,0.0,0.27066666666666667
2025-03-26 02:00:00,0.0,0.0,0.2591666833333333
2025-03-26 03:00:00,0.0,0.0,0.197
2025-03-26 04:00:00,0.0,0.0,0.248
2025-03-26 05:00:00,0.0,4.612000466666666,0.214
2025-03-26 06:00:00,0.01200035,17.72200058333333,0.4645000166666667
2025-03-26 07:00:00,0.2346682,8.330667916666668,0.4560000333333334
2025-03-26 08:00:00,1.2633345833333334,8.50633395,0.94150005
2025-03-26 09:00:00,2.318335883333334,8.83333515,1.5681668333333332
2025-03-26 10:00:00,6.053335416666667,19.19900045,3.7021667000000003
2025-03-26 11:00:00,6.153334983333334,17.950000516666666,3.3356667166666667
2025-03-26 12:00:00,6.6766682,9.229000516666666,2.5646666833333334
2025-03-26 13:00:00,6.0100018833333335,12.813667033333333,3.0043333333333333
2025-03-26 14:00:00,2.3000036000000006,13.750333583333333,3.0526666666666666
2025-03-26 15:00:00,3.0800023833333334,13.302000466666668,2.65400005
2025-03-26 16:00:00,3.6800018166666675,12.924333800000001,2.4951668833333334
2025-03-26 17:00:00,0.93666895,13.643334733333333,3.081333416666667
2025-03-26 18:00:00,0.16666818333333333,14.33000095,3.1571667833333334
2025-03-26 19:00:00,0.05000023333333333,5.060000216666666,0.8871667333333334
2025-03-26 20:00:00,0.0,1.4763336166666667,0.385
2025-03-26 21:00:00,0.0,0.0,0.35183335
2025-03-26 22:00:00,0.0,0.0,0.25366666666666665
2025-03-26 23:00:00,0.0,0.0,0.23683333333333334
2025-03-27 00:00:00,0.0,0.0,0.42000005
2025-03-27 01:00:00,0.0,0.0,0.31750001666666666
2025-03-27 02:00:00,0.0,0.0,0.49600003333333337
2025-03-27 03:00:00,0.0,0.0,0.2725
2025-03-27 04:00:00,0.0,0.08900001666666667,0.455
2025-03-27 05:00:00,0.0,1.1340000499999998,0.19133333333333336
2025-03-27 06:00:00,1.8333333333333333e-07,6.303333666666667,0.4995
2025-03-27 07:00:00,1.08133435,11.303334766666667,0.3765
2025-03-27 08:00:00,2.9743349,7.238335166666667,0.2623333333333333
2025-03-27 09:00:00,3.1183356333333334,7.102000933333333,0.5401668166666665
2025-03-27 10:00:00,2.4060027333333336,11.425000966666666,2.494833533333333
2025-03-27 11:00:00,3.101668916666667,11.52333395,2.346000216666667
2025-03-27 12:00:00,3.5516690833333335,16.002000250000002,3.0256666666666665
2025-03-27 13:00:00,4.9683355,13.700000383333334,2.6668335
2025-03-27 14:00:00,5.733335333333334,14.817001283333335,3.377333366666667
2025-03-27 15:00:00,4.900002533333334,11.97600025,3.4915000333333333
2025-03-27 16:00:00,2.3726699500000006,8.4570002,3.207500233333333
2025-03-27 17:00:00,5.0920014,10.108666999999999,3.486166816666666
2025-03-27 18:00:00,5.000001,10.206333816666668,2.9813335666666667
2025-03-27 19:00:00,2.0000003499999996,10.127667066666667,2.5495001499999996
2025-03-27 20:00:00,0.0,5.437667833333334,0.8383334833333334
2025-03-27 21:00:00,0.0,2.0000000000000002e-07,0.3791666833333333
2025-03-27 22:00:00,0.0,0.0,0.43083335
2025-03-27 23:00:00,0.0,0.0,0.41333333333333333
2025-03-28 00:00:00,0.0,0.0,0.3850000333333334
2025-03-28 01:00:00,0.0,0.0,0.4305000166666667
2025-03-28 02:00:00,0.0,0.0,0.4958333333333333
2025-03-28 03:00:00,0.0,0.0,0.49500003333333337
2025-03-28 04:00:00,0.0,0.0,0.47333333333333333
2025-03-28 05:00:00,0.0,0.9300001166666666,0.4166666666666667
2025-03-28 06:00:00,0.0,0.8850004333333332,0.48333333333333334
2025-03-28 07:00:00,5e-07,5.669001000000001,0.4298333333333333
2025-03-28 08:00:00,0.5786687999999999,12.296000316666667,0.85683345
2025-03-28 09:00:00,1.8850022666666668,8.418000283333333,0.6471667166666666
2025-03-28 10:00:00,1.8133363333333334,10.313333533333333,1.7791668
2025-03-28 11:00:00,7.320001850000001,13.3430004,2.575000166666667
2025-03-28 12:00:00,7.214667816666667,13.895333683333332,2.8216667166666665
2025-03-28 13:00:00,6.904668283333334,18.035666716666668,2.796
2025-03-28 14:00:00,6.270669066666668,18.87666666666667,2.940000016666666
2025-03-28 15:00:00,6.649335316666667,12.760000016666666,2.9625
2025-03-28 16:00:00,6.211334766666667,9.073333433333335,2.7875000166666664
2025-03-28 17:00:00,5.803334016666667,12.750000016666666,3.5231667166666667
2025-03-28 18:00:00,3.2393341833333333,12.157000266666666,2.8533334000000004
2025-03-28 19:00:00,0.04666723333333333,2.003000383333333,2.2536666833333334
2025-03-28 20:00:00,0.0,1.067000333333333,1.2580000666666666
2025-03-28 21:00:00,0.0,0.0,0.21966666666666665
2025-03-28 22:00:00,0.0,0.0,0.3511666833333333
2025-03-28 23:00:00,0.0,0.0,0.5425
2025-03-29 00:00:00,0.0,0.0,0.40250003333333334
2025-03-29 01:00:00,0.0,0.0,0.2823333333333333
2025-03-29 02:00:00,0.0,0.0,0.3335000333333334
2025-03-29 03:00:00,0.0,0.0,0.3791666666666667
2025-03-29 04:00:00,0.0,0.0,0.27066666666666667
2025-03-29 05:00:00,0.0,0.173,0.39716666666666667
2025-03-29 06:00:00,0.0,9.902333716666668,0.56
2025-03-29 07:00:00,0.0,16.777667,0.53500015
2025-03-29 08:00:00,0.0,18.193333349999996,1.8405002333333331
2025-03-29 09:00:00,0.0,18.254000516666668,2.8028335
2025-03-29 10:00:00,0.0,18.64400031666667,2.6583335666666668
2025-03-29 11:00:00,0.0,17.848000233333334,2.308333683333333
2025-03-29 12:00:00,0.0,12.000000416666667,2.7220001666666667
2025-03-29 13:00:00,0.0,11.503333616666668,2.9913333333333334
2025-03-29 14:00:00,0.0,11.070000516666665,3.2191667333333336
2025-03-29 15:00:00,0.0,13.453333433333334,3.1751666666666667
2025-03-29 16:00:00,0.0,10.566667166666669,3.0253333333333337
2025-03-29 17:00:00,0.0,8.562667233333334,3.1961668333333337
2025-03-29 18:00:00,0.0,8.443000316666666,3.186500233333333
2025-03-29 19:00:00,0.0,0.5280004666666667,1.1413337166666668
2025-03-29 20:00:00,0.0,0.0,0.59250005
2025-03-29 21:00:00,0.0,0.0,0.3826666666666667
2025-03-29 22:00:00,0.0,0.0,0.5413333333333333
2025-03-29 23:00:00,0.0,0.0,0.50783335
2025-03-30 00:00:00,0.0,0.0,0.2645000833333333
2025-03-30 01:00:00,0.0,0.0,0.2593333333333333
2025-03-30 02:00:00,0.0,0.0,0.19133333333333336
2025-03-30 03:00:00,0.0,0.0,0.3908333666666667
2025-03-30 04:00:00,0.0,0.0,0.4141666833333333
2025-03-30 05:00:00,0.0,5.166666666666667e-07,0.38966673333333335
2025-03-30 06:00:00,0.0,3.2700011166666667,0.5413333333333333
2025-03-30 07:00:00,0.0,7.9556667,0.3826666666666667
2025-03-30 08:00:00,0.0,4.49666765,0.6518333333333334
2025-03-30 09:00:00,0.0,12.731000416666667,0.7780000499999999
2025-03-30 10:00:00,0.0,18.102000033333333,2.733
2025-03-30 11:00:00,0.0,18.14,2.7626666833333333
2025-03-30 12:00:00,0.0,16.847000166666668,2.6643333499999997
2025-03-30 13:00:00,0.0,6.822334616666666,2.803833383333333
2025-03-30 14:00:00,0.0,5.378667683333333,2.8525000166666663
2025-03-30 15:00:00,0.0,8.11500015,2.8060000166666663
2025-03-30 16:00:00,0.0,8.612000016666666,2.8166666666666664
2025-03-30 17:00:00,0.0,7.1040008,3.254833416666667
2025-03-30 18:00:00,0.0,7.803000583333334,2.996833416666667
2025-03-30 19:00:00,0.0,5.400000199999999,0.61
2025-03-30 20:00:00,0.0,10.576000050000001,0.394
2025-03-30 21:00:00,0.0,0.37366673333333333,0.462
2025-03-30 22:00:00,0.0,0.0,0.37050001666666665
2025-03-30 23:00:00,0.0,0.0,0.23133335
2025-03-31 00:00:00,0.0,0.0,0.42583335
2025-03-31 01:00:00,0.0,0.0,0.19133333333333336
2025-03-31 02:00:00,0.0,0.0,0.25366666666666665
2025-03-31 03:00:00,0.0,0.0,0.18
2025-03-31 04:00:00,0.0,3.333333333333333e-07,0.47166668333333334
2025-03-31 05:00:00,0.0,7.000000533333334,0.3931667166666667
2025-03-31 06:00:00,0.0,4.0833339,0.4250000166666667
2025-03-31 07:00:00,4.833333333333333e-07,13.474000283333332,0.8300000666666667
2025-03-31 08:00:00,1.7300019666666666,12.520334066666667,2.1383335333333333
2025-03-31 09:00:00,2.793335933333333,13.569001116666668,2.962500283333333
2025-03-31 10:00:00,4.426667783333334,13.253333533333333,3.2575003333333328
2025-03-31 11:00:00,4.470668666666667,13.330000183333334,2.8350002
2025-03-31 12:00:00,4.526001266666667,12.94000015,2.939166683333333
2025-03-31 13:00:00,4.672667666666666,13.693333333333333,2.767500033333333
2025-03-31 14:00:00,3.7020017500000004,12.2433336,2.581666733333333
2025-03-31 15:00:00,6.688668716666667,6.0580015000000005,2.3966667833333335
2025-03-31 16:00:00,5.862001633333334,5.2993345,3.1953334333333334
2025-03-31 17:00:00,1.3333340666666667,6.080001300000001,3.3963336833333333
2025-03-31 18:00:00,0.4166670666666667,7.413333499999999,1.5783337
2025-03-31 19:00:00,0.0,5.304000683333333,0.7225003333333333
2025-03-31 20:00:00,0.0,0.9120000833333333,0.4741668
2025-03-31 21:00:00,0.0,0.1630000166666667,0.265
2025-03-31 22:00:00,0.0,0.0,0.18
2025-03-31 23:00:00,0.0,0.0,0.2941667
2025-04-01 00:00:00,0.0,0.0,0.30000003333333336
2025-04-01 01:00:00,0.0,0.0,0.3686666833333333
2025-04-01 02:00:00,0.0,0.0,0.5075
2025-04-01 03:00:00,0.0,0.0,0.5140000333333333
2025-04-01 04:00:00,0.0,0.0,0.3826666666666667
2025-04-01 05:00:00,0.0,0.22800038333333333,0.47166668333333334
2025-04-01 06:00:00,0.07600021666666666,0.9880005166666668,0.5125
2025-04-01 07:00:00,0.4246676166666667,6.4303341666666665,0.4053333333333333
2025-04-01 08:00:00,0.7726693333333333,7.688001116666666,1.0855000166666666
2025-04-01 09:00:00,3.52500225,10.667001216666666,1.2520001166666666
2025-04-01 10:00:00,3.5030022000000005,11.85666715,2.5605000666666666
2025-04-01 11:00:00,3.4300022500000003,11.953333433333334,3.4436666833333334
2025-04-01 12:00:00,3.4600016166666667,12.763333466666667,3.3671666833333336
2025-04-01 13:00:00,3.3833344000000003,13.116667166666668,3.1475000833333335
2025-04-01 14:00:00,3.4126682,12.986666666666666,3.21333335
2025-04-01 15:00:00,3.4760017000000003,11.1100001,3.1666667000000004
2025-04-01 16:00:00,1.34700285,10.850000766666666,3.193333383333333
2025-04-01 17:00:00,2.6806686833333337,10.496667016666667,2.8231667833333334
2025-04-01 18:00:00,1.7500006666666668,15.8500008,2.7810003
2025-04-01 19:00:00,0.0,12.783334133333332,2.1183335
2025-04-01 20:00:00,0.0,0.9286674500000001,1.7133333666666666
2025-04-01 21:00:00,0.0,0.1990002333333333,0.3966667
2025-04-01 22:00:00,0.0,0.0,0.4126666833333333
2025-04-01 23:00:00,0.0,0.0,0.5215000166666667
2025-04-02 00:00:00,0.0,0.0,0.4891667
2025-04-02 01:00:00,0.0,0.0,0.35000010000000004
2025-04-02 02:00:00,0.0,0.0,0.4716667
2025-04-02 03:00:00,0.0,0.0,0.4846666666666667
2025-04-02 04:00:00,0.0,2.8333333333333336e-07,0.2856666666666667
2025-04-02 05:00:00,0.0,2.7963337333333333,0.248
2025-04-02 06:00:00,1.1666668833333336,3.7453342333333337,0.197
2025-04-02 07:00:00,2.4566667833333335,4.51633405,0.248
2025-04-02 08:00:00,3.1366673166666668,7.280001,0.8345003333333333
2025-04-02 09:00:00,3.1526682833333335,7.203667149999999,3.1888335833333334
2025-04-02 10:00:00,2.8910026666666666,7.674334133333334,2.3353336
2025-04-02 11:00:00,1.6766690666666666,17.21233378333333,2.3146668833333335
2025-04-02 12:00:00,3.4483346,16.723667783333333,2.949500083333333
2025-04-02 13:00:00,2.368335216666667,15.87200185,2.952166733333333
2025-04-02 14:00:00,3.4103353000000003,15.330000283333332,3.498333366666667
2025-04-02 15:00:00,3.57333575,13.44400025,2.8316670166666666
2025-04-02 16:00:00,3.1516691999999997,13.411333500000001,3.4151667000000003
2025-04-02 17:00:00,2.2800012166666663,12.234667683333333,3.21816675
2025-04-02 18:00:00,0.7580007166666667,11.154667799999999,2.952167016666667
2025-04-02 19:00:00,0.0,11.177000466666668,1.9361670166666667
2025-04-02 20:00:00,0.0,2.8333333333333336e-07,0.19133333333333336
2025-04-02 21:00:00,0.0,0.0,0.3561666666666667
2025-04-02 22:00:00,0.0,0.0,0.305
2025-04-02 23:00:00,0.0,0.0,0.3858333666666667
2025-04-03 00:00:00,0.0,0.0,0.40250003333333334
2025-04-03 01:00:00,0.0,0.0,0.47483333333333333
2025-04-03 02:00:00,0.0,0.0,0.39783335
2025-04-03 03:00:00,0.0,0.0,0.3281667
2025-04-03 04:00:00,0.0,0.0,0.4596666833333333
2025-04-03 05:00:00,0.0,1.4210000166666665,0.34066668333333333
2025-04-03 06:00:00,0.0,2.930000166666667,0.4816666666666667
2025-04-03 07:00:00,0.8120002166666667,6.923333666666667,0.4785
2025-04-03 08:00:00,2.7933347500000005,14.603333516666668,0.9258333666666666
2025-04-03 09:00:00,5.239335333333333,14.54000015,2.5320000333333335
2025-04-03 10:00:00,3.3606691833333335,13.2763342,3.0486667
2025-04-03 11:00:00,4.521334966666666,12.064334266666666,2.685333383333333
2025-04-03 12:00:00,4.874001383333333,12.984667450000002,2.7161667166666668
2025-04-03 13:00:00,4.5776685666666665,17.862333483333337,2.971333383333333
2025-04-03 14:00:00,4.911669016666667,16.109333766666666,3.252333366666667
2025-04-03 15:00:00,5.676668900000001,18.73033363333333,3.05433335
2025-04-03 16:00:00,3.0183355,9.992334033333334,2.9811666666666663
2025-04-03 17:00:00,0.3613352166666666,14.53700075,3.4123333666666666
2025-04-03 18:00:00,3.3333333333333334e-08,14.494000283333333,2.1668334
2025-04-03 19:00:00,0.0,13.683333849999999,0.32733335
2025-04-03 20:00:00,0.0,0.25000073333333334,0.3218333333333333
2025-04-03 21:00:00,0.0,0.0,0.19133333333333336
2025-04-03 22:00:00,0.0,0.0,0.3111667
2025-04-03 23:00:00,0.0,0.0,0.2936666666666667
2025-04-04 00:00:00,0.0,0.0,0.5191666666666667
2025-04-04 01:00:00,0.0,0.0,0.5201666833333334
2025-04-04 02:00:00,0.0,0.0,0.28183335
2025-04-04 03:00:00,0.0,0.0,0.4775
2025-04-04 04:00:00,0.0,0.0,0.47333333333333333
2025-04-04 05:00:00,0.0,2.2500007833333333,0.4166666666666667
2025-04-04 06:00:00,0.0,5.630001033333334,0.49583335
2025-04-04 07:00:00,0.22666708333333332,7.187001166666667,0.36816671666666667
2025-04-04 08:00:00,0.37333485,6.608001983333334,1.3691668
2025-04-04 09:00:00,2.9593347833333334,18.390667883333336,2.7350000833333334
2025-04-04 10:00:00,3.7650022500000007,18.900000633333335,3.38916675
2025-04-04 11:00:00,2.5026691333333337,19.426667000000002,3.5266666666666664
2025-04-04 12:00:00,2.759002116666667,16.311000533333335,3.3205
2025-04-04 13:00:00,4.019335283333334,13.322333666666667,3.374500066666667
2025-04-04 14:00:00,6.12200185,13.887666800000002,3.4888333333333335
2025-04-04 15:00:00,5.972001950000001,13.432666716666667,2.9503333499999997
2025-04-04 16:00:00,3.968002566666667,8.898667366666666,3.3938335166666667
2025-04-04 17:00:00,5.283334883333333,15.764667933333333,3.7403335
2025-04-04 18:00:00,0.3020012166666667,8.87433435,1.9928333833333334
2025-04-04 19:00:00,0.08066668333333334,3.0266666666666664,0.5016668333333333
2025-04-04 20:00:00,0.0,0.7956671166666668,0.27050006666666665
2025-04-04 21:00:00,0.0,0.04900003333333333,0.36933335
2025-04-04 22:00:00,0.0,0.0,0.24233333333333335
2025-04-04 23:00:00,0.0,0.0,0.23716666666666666
2025-04-05 00:00:00,0.0,0.0,0.5483333666666667
2025-04-05 01:00:00,0.0,0.0,0.36
2025-04-05 02:00:00,0.0,0.0,0.462
2025-04-05 03:00:00,0.0,0.0,0.428
2025-04-05 04:00:00,0.0,0.6666667666666667,0.394
2025-04-05 05:00:00,0.0,6.333333466666667,0.496
2025-04-05 06:00:00,0.0,7.8990004166666665,0.36
2025-04-05 07:00:00,0.0,11.754333683333332,0.5073333666666667
2025-04-05 08:00:00,0.0,10.828667533333332,2.58433355
2025-04-05 09:00:00,0.0,11.10100075,3.4250000833333334
2025-04-05 10:00:00,0.0,16.432666716666667,3.170833616666666
2025-04-05 11:00:00,0.0,15.778666750000001,2.8133337000000003
2025-04-05 12:00:00,0.0,11.7476669,3.169833533333333
2025-04-05 13:00:00,0.0,13.15800005,2.848500083333333
2025-04-05 14:00:00,0.0,12.920333383333334,3.2705001499999997
2025-04-05 15:00:00,0.0,9.686666916666667,3.5870000666666666
2025-04-05 16:00:00,0.0,9.183333649999998,2.660333866666667
2025-04-05 17:00:00,0.0,11.073334250000002,3.1171669499999997
2025-04-05 18:00:00,0.0,9.909000100000002,2.8755002333333333
2025-04-05 19:00:00,0.0,6.800000116666666,1.1136672833333332
2025-04-05 20:00:00,0.0,0.0,0.21900021666666666
2025-04-05 21:00:00,0.0,0.0,0.2593333333333333
2025-04-05 22:00:00,0.0,0.0,0.18
2025-04-05 23:00:00,0.0,0.0,0.37
2025-04-06 00:00:00,0.0,0.0,0.3966667166666667
2025-04-06 01:00:00,0.0,0.0,0.294
2025-04-06 02:00:00,0.0,0.0,0.47250003333333335
2025-04-06 03:00:00,0.0,0.0,0.53
2025-04-06 04:00:00,0.0,0.0,0.394
2025-04-06 05:00:00,0.0,0.7333339,0.496
2025-04-06 06:00:00,0.0,13.346666716666666,0.428
2025-04-06 07:00:00,0.0,7.2806671000000005,0.462
2025-04-06 08:00:00,0.0,9.73666695,1.4570000666666667
2025-04-06 09:00:00,0.0,9.004000133333333,3.3721669333333333
2025-04-06 10:00:00,0.0,13.316333533333333,3.85100005
2025-04-06 11:00:00,0.0,15.593333416666667,3.4098334500000003
2025-04-06 12:00:00,0.0,16.4320005,2.8525002833333333
2025-04-06 13:00:00,0.0,17.103000833333336,3.1601668333333337
2025-04-06 14:00:00,0.0,17.37100025,3.340666683333333
2025-04-06 15:00:00,0.0,10.88000085,3.3028334166666666
2025-04-06 16:00:00,0.0,6.8816676333333335,3.515000066666667
2025-04-06 17:00:00,0.0,14.43133365,3.2965000166666663
2025-04-06 18:00:00,0.0,13.9200006,2.81566685
2025-04-06 19:00:00,0.0,3.781666916666667,2.004667066666667
2025-04-06 20:00:00,0.0,1.4566668999999999,2.3926667000000004
2025-04-06 21:00:00,0.0,0.0,0.30833335
2025-04-06 22:00:00,0.0,0.0,0.3680000166666667
2025-04-06 23:00:00,0.0,0.0,0.2881667
2025-04-07 00:00:00,0.0,0.0,0.47716671666666666
2025-04-07 01:00:00,0.0,0.0,0.5073333333333333
2025-04-07 02:00:00,0.0,0.0,0.4166666666666667
2025-04-07 03:00:00,0.0,0.0,0.47333333333333333
2025-04-07 04:00:00,0.0,0.0,0.45066666666666666
2025-04-07 05:00:00,0.0,4.643000166666667,0.4393333333333333
2025-04-07 06:00:00,0.0,11.957333483333333,0.4846666666666667
2025-04-07 07:00:00,0.03866703333333333,11.1783337,0.4053333333333333
2025-04-07 08:00:00,0.4206678166666667,12.00566735,0.54700005
2025-04-07 09:00:00,3.516668,10.824000349999999,1.90683345
2025-04-07 10:00:00,3.4900012,8.71000035,2.868833416666667
2025-04-07 11:00:00,3.610000966666667,15.971333466666668,2.5910001333333335
2025-04-07 12:00:00,3.1366672333333336,17.710000016666665,2.81800025
2025-04-07 13:00:00,4.71866725,12.483333516666667,2.6326666666666667
2025-04-07 14:00:00,5.44000065,17.170001366666668,2.802333383333333
2025-04-07 15:00:00,5.9186676,17.580000933333338,3.3366667333333333
2025-04-07 16:00:00,6.367667283333334,11.078000866666667,3.1608333833333333
2025-04-07 17:00:00,4.454333883333334,11.2683339,2.8281666666666667
2025-04-07 18:00:00,1.5000002833333335,8.1863335,2.89100005
2025-04-07 19:00:00,0.0,1.0950004000000002,0.9163335833333333
2025-04-07 20:00:00,0.0,0.0,0.407
2025-04-07 21:00:00,0.0,0.0,0.5186666666666666
2025-04-07 22:00:00,0.0,0.0,0.3488334666666667
2025-04-07 23:00:00,0.0,0.0,0.45500006666666665
2025-04-08 00:00:00,0.0,0.0,0.2650000333333334
2025-04-08 01:00:00,0.0,0.0,0.35083338333333336
2025-04-08 02:00:00,0.0,0.0,0.53
2025-04-08 03:00:00,0.0,0.0,0.36
2025-04-08 04:00:00,0.0,0.0,0.53
2025-04-08 05:00:00,0.0,1.158,0.36
2025-04-08 06:00:00,0.14,2.3266670166666668,0.53
2025-04-08 07:00:00,1.6833349166666667,11.696333983333334,0.3925
2025-04-08 08:00:00,3.2313350000000005,13.880000783333333,0.47250006666666666
2025-04-08 09:00:00,3.3433347833333333,10.10066695,0.9166666833333333
2025-04-08 10:00:00,1.7453361,8.605666916666667,2.9375001333333333
2025-04-08 11:00:00,3.8366686333333337,8.652666816666668,3.2308333499999997
2025-04-08 12:00:00,3.3103346499999997,8.310000483333333,2.86200025
2025-04-08 13:00:00,2.8700016000000006,7.837334416666667,2.678833366666667
2025-04-08 14:00:00,4.523334883333333,7.700000816666667,2.6423333333333336
2025-04-08 15:00:00,5.46533545,9.104000666666666,2.6026666666666665
2025-04-08 16:00:00,2.4950024666666666,12.552333350000001,2.6593333333333335
2025-04-08 17:00:00,0.7433348166666667,11.295333383333334,2.5856666666666666
2025-04-08 18:00:00,0.010001,9.310334033333335,2.5526668666666663
2025-04-08 19:00:00,3.8333333333333335e-07,8.539000283333333,2.4626668166666663
2025-04-08 20:00:00,0.0,0.7500006333333333,0.6825000666666667
2025-04-08 21:00:00,0.0,0.0,0.26500001666666667
2025-04-08 22:00:00,0.0,0.0,0.3395
2025-04-08 23:00:00,0.0,0.0,0.25333336666666667
2025-04-09 00:00:00,0.0,0.0,0.42583335
2025-04-09 01:00:00,0.0,0.0,0.3271666833333333
2025-04-09 02:00:00,0.0,0.0,0.3056666666666667
2025-04-09 03:00:00,0.0,0.0,0.5075000333333334
2025-04-09 04:00:00,0.0,0.0,0.3826666666666667
2025-04-09 05:00:00,0.0,0.24900003333333334,0.5413333333333333
2025-04-09 06:00:00,0.0200003,0.6360000833333332,0.3826666666666667
2025-04-09 07:00:00,0.24866776666666662,5.4220004500000005,0.5548333666666666
2025-04-09 08:00:00,1.0886678166666666,10.803334166666668,0.45866676666666667
2025-04-09 09:00:00,2.4033344833333334,9.400001133333333,1.91966685
2025-04-09 10:00:00,4.206668833333334,14.361333383333335,3.353500116666667
2025-04-09 11:00:00,3.703668983333334,13.604666666666667,3.4173335000000002
2025-04-09 12:00:00,3.6046681333333335,12.873333716666668,3.263833533333333
2025-04-09 13:00:00,3.490668533333334,6.940000633333333,3.2030000999999997
2025-04-09 14:00:00,4.318668466666667,5.730000783333334,3.0706666666666664
2025-04-09 15:00:00,5.360001866666668,10.110000300000001,3.67016675
2025-04-09 16:00:00,2.578334766666667,12.110000783333334,3.4915001166666673
2025-04-09 17:00:00,0.3953348,11.916667149999999,3.2015001666666665
2025-04-09 18:00:00,0.024000583333333332,10.680001116666668,3.2725000833333335
2025-04-09 19:00:00,0.0,10.840000666666667,2.5038334333333334
2025-04-09 20:00:00,0.0,3.2150006999999996,1.7671669333333335
2025-04-09 21:00:00,0.0,3.5e-07,0.4095
2025-04-09 22:00:00,0.0,0.0,0.3285
2025-04-09 23:00:00,0.0,0.0,0.311
2025-04-10 00:00:00,0.0,0.0,0.41416673333333337
2025-04-10 01:00:00,0.0,0.0,0.385
2025-04-10 02:00:00,0.0,0.0,0.35233333333333333
2025-04-10 03:00:00,0.0,0.0,0.40250003333333334
2025-04-10 04:00:00,0.0,0.0,0.48416671666666666
2025-04-10 05:00:00,0.0,1.2500004666666669,0.5355
2025-04-10 06:00:00,0.30000043333333337,14.1320002,0.394
2025-04-10 07:00:00,0.040000966666666665,16.9700007,0.8633333833333332
2025-04-10 08:00:00,0.2666684833333333,18.52166713333333,1.8826669166666665
2025-04-10 09:00:00,5.5740019,18.553667266666668,2.9923335833333335
2025-04-10 10:00:00,4.09866825,18.880000333333335,2.77083365
2025-04-10 11:00:00,4.360335366666667,18.678333983333335,3.5210000999999997
2025-04-10 12:00:00,6.312668733333334,17.833334150000002,3.8830000166666663
2025-04-10 13:00:00,6.5163352166666675,19.2,3.4785000333333334
2025-04-10 14:00:00,6.756335216666668,18.177000333333332,3.099666883333333
2025-04-10 15:00:00,6.351335266666667,17.71000075,2.8143334833333333
2025-04-10 16:00:00,1.3700020166666667,18.93500005,2.7491670166666666
2025-04-10 17:00:00,0.6593348166666667,9.965668533333334,2.3955003666666665
2025-04-10 18:00:00,0.040000016666666666,11.381667566666668,2.0251668166666668
2025-04-10 19:00:00,0.0,5.8506681,0.7895001833333333
2025-04-10 20:00:00,0.0,2.2963344500000002,0.5105000166666667
2025-04-10 21:00:00,0.0,0.0,0.265
2025-04-10 22:00:00,0.0,0.0,0.197
2025-04-10 23:00:00,0.0,0.0,0.27650005
2025-04-11 00:00:00,0.0,0.0,0.3850000333333334
2025-04-11 01:00:00,0.0,0.0,0.4590000333333334
2025-04-11 02:00:00,0.0,0.0,0.4783333666666667
2025-04-11 03:00:00,0.0,0.0,0.5600000166666667
2025-04-11 04:00:00,0.0,0.0,0.36
2025-04-11 05:00:00,0.0,0.36500021666666665,0.53
2025-04-11 06:00:00,0.0,8.456000766666667,0.44283335
2025-04-11 07:00:00,0.0,7.382334100000001,1.1296667
2025-04-11 08:00:00,3.403000233333333,9.002334083333333,2.6491669499999997
2025-04-11 09:00:00,4.913333416666666,13.705666766666667,3.020833533333333
2025-04-11 10:00:00,6.340000700000001,14.48333345,3.809166766666667
2025-04-11 11:00:00,6.630000600000001,13.729000183333333,2.2113339666666665
2025-04-11 12:00:00,6.08933445,13.955666916666667,2.292000183333333
2025-04-11 13:00:00,5.586334400000001,12.939667383333335,2.144667
2025-04-11 14:00:00,4.905000566666667,11.115333849999999,2.342000116666667
2025-04-11 15:00:00,6.198667866666668,5.188334216666667,2.5696666666666665
2025-04-11 16:00:00,1.4676676333333334,10.340000416666667,2.680333716666667
2025-04-11 17:00:00,0.46066680000000004,8.393668150000002,2.9155000999999996
2025-04-11 18:00:00,0.012666683333333333,9.869333833333334,1.9653338333333334
2025-04-11 19:00:00,0.0,6.006000883333333,0.6580004
2025-04-11 20:00:00,0.0,9.40000045,0.5395002
2025-04-11 21:00:00,0.0,1.6666668166666667,0.5241666666666667
2025-04-11 22:00:00,0.0,0.0,0.5296666666666666
2025-04-11 23:00:00,0.0,0.0,0.43233335
2025-04-12 00:00:00,0.0,0.0,0.48333333333333334
2025-04-12 01:00:00,0.0,0.0,0.4846666666666667
2025-04-12 02:00:00,0.0,0.0,0.447
2025-04-12 03:00:00,0.0,0.0,0.5078333666666667
2025-04-12 04:00:00,0.0,0.0,0.36
2025-04-12 05:00:00,0.0,1.1666667833333333,0.53
2025-04-12 06:00:00,0.0,6.17533385,0.36
2025-04-12 07:00:00,0.0,7.871000233333334,0.41416671666666666
2025-04-12 08:00:00,0.0,8.686666666666666,0.18
2025-04-12 09:00:00,0.0,8.924333483333331,0.6666667333333334
2025-04-12 10:00:00,0.0,6.799000866666667,2.617500066666667
2025-04-12 11:00:00,0.0,7.1633337500000005,3.6183333333333336
2025-04-12 12:00:00,0.0,12.326667283333334,3.5500000166666665
2025-04-12 13:00:00,0.0,15.963333683333332,3.6366667
2025-04-12 14:00:00,0.0,10.849667516666667,3.5833333499999998
2025-04-12 15:00:00,0.0,17.44533343333333,3.715
2025-04-12 16:00:00,0.0,8.03000025,3.563333366666667
2025-04-12 17:00:00,0.0,6.851000666666668,3.7150000166666666
2025-04-12 18:00:00,0.0,6.245000783333333,3.7238333666666668
2025-04-12 19:00:00,0.0,1.7213337166666667,1.6825002833333333
2025-04-12 20:00:00,0.0,1.1240000833333335,0.4991667
2025-04-12 21:00:00,0.0,0.0,0.3908333666666667
2025-04-12 22:00:00,0.0,0.0,0.31750001666666666
2025-04-12 23:00:00,0.0,0.0,0.47250005
2025-04-13 00:00:00,0.0,0.0,0.4963333333333333
2025-04-13 01:00:00,0.0,0.0,0.42
2025-04-13 02:00:00,0.0,0.0,0.5425000333333334
2025-04-13 03:00:00,0.0,0.0,0.5121666666666667
2025-04-13 04:00:00,0.0,2.0000000000000002e-07,0.4538333666666667
2025-04-13 05:00:00,0.0,1.53000035,0.44733335
2025-04-13 06:00:00,0.0,2.2070008333333333,0.5186666666666666
2025-04-13 07:00:00,0.0,5.215001333333333,0.3826666666666667
2025-04-13 08:00:00,0.0,11.058667816666667,2.0958335833333335
2025-04-13 09:00:00,0.0,8.272668033333334,3.145333416666667
2025-04-13 10:00:00,0.0,12.960000533333334,2.6173335833333335
2025-04-13 11:00:00,0.0,13.253333333333334,3.051333366666667
2025-04-13 12:00:00,0.0,13.766666666666666,2.8711668333333336
2025-04-13 13:00:00,0.0,13.714,2.69000015
2025-04-13 14:00:00,0.0,12.666333383333335,2.2488337166666663
2025-04-13 15:00:00,0.0,13.106666666666666,3.6200003
2025-04-13 16:00:00,0.0,13.2,3.82633335
2025-04-13 17:00:00,0.0,12.593333333333334,3.0506667166666666
2025-04-13 18:00:00,0.0,9.690000116666667,1.3175001833333333
2025-04-13 19:00:00,0.0,7.298667366666667,0.5075000333333334
2025-04-13 20:00:00,0.0,3.2430006500000004,0.28233335
2025-04-13 21:00:00,0.0,0.0,0.27066666666666667
2025-04-13 22:00:00,0.0,0.0,0.22616666666666665
2025-04-13 23:00:00,0.0,0.0,0.4376666833333333
2025-04-14 00:00:00,0.0,0.0,0.53
2025-04-14 01:00:00,0.0,0.0,0.394
2025-04-14 02:00:00,0.0,0.0,0.496
2025-04-14 03:00:00,0.0,0.0,0.428
2025-04-14 04:00:00,0.0,0.0,0.462
2025-04-14 05:00:00,0.0,2.983333833333333,0.462
2025-04-14 06:00:00,0.0,9.023333783333333,0.428
2025-04-14 07:00:00,0.06933375,10.572000816666666,0.496
2025-04-14 08:00:00,2.4133341166666664,11.752334633333334,0.44566680000000003
2025-04-14 09:00:00,4.753335083333334,13.380000683333334,0.8066666833333332
2025-04-14 10:00:00,6.168335366666667,17.67333388333333,2.5333335166666666
2025-04-14 11:00:00,6.440002333333334,18.451333766666668,3.4058335166666667
2025-04-14 12:00:00,6.234668966666667,19.057666816666668,3.3541668333333337
2025-04-14 13:00:00,6.227668033333333,18.425000416666666,3.0716667
2025-04-14 14:00:00,5.82900235,18.607000183333334,2.9326666666666665
2025-04-14 15:00:00,7.166668183333333,10.864666966666668,3.0556667166666664
2025-04-14 16:00:00,1.7826686,10.0216669,2.9833333333333334
2025-04-14 17:00:00,0.7626670333333333,7.171667133333333,2.963333383333333
2025-04-14 18:00:00,0.0,12.307000383333333,3.1598334500000003
2025-04-14 19:00:00,0.0,4.3010003999999995,3.1710002833333335
2025-04-14 20:00:00,0.0,0.0,1.2696669
2025-04-14 21:00:00,0.0,0.0,0.4053333333333333
2025-04-14 22:00:00,0.0,0.0,0.5186666666666666
2025-04-14 23:00:00,0.0,0.0,0.3021669166666667
2025-04-15 00:00:00,0.0,0.0,0.42583336666666666
2025-04-15 01:00:00,0.0,0.0,0.3000000166666667
2025-04-15 02:00:00,0.0,0.0,0.265
2025-04-15 03:00:00,0.0,0.0,0.18566666666666665
2025-04-15 04:00:00,0.0,0.0,0.2593333333333333
2025-04-15 05:00:00,0.0,3.3333333333333334e-08,0.18566666666666665
2025-04-15 06:00:00,0.0,2.1506673666666667,0.4456666833333333
2025-04-15 07:00:00,2.375000216666667,10.164000216666667,0.5280000833333334
2025-04-15 08:00:00,3.3260010666666666,18.523667333333336,2.3275001
2025-04-15 09:00:00,3.1063346833333334,14.966000383333334,1.8108339
2025-04-15 10:00:00,3.9613345833333335,9.806667366666666,2.877500016666666
2025-04-15 11:00:00,3.272001566666667,11.4833338,2.9658333333333333
2025-04-15 12:00:00,4.063333766666667,12.870000116666667,1.5040007333333334
2025-04-15 13:00:00,3.4200004666666666,14.740000783333333,3.2801668999999998
2025-04-15 14:00:00,5.882333883333334,14.5733334,3.3308335000000002
2025-04-15 15:00:00,4.049668083333334,16.986667033333337,3.059167
2025-04-15 16:00:00,3.34333415,16.750000566666667,2.8425000166666665
2025-04-15 17:00:00,0.8300003166666666,12.784000516666666,3.162333483333333
2025-04-15 18:00:00,0.40333341666666667,10.406333533333333,3.0140002166666666
2025-04-15 19:00:00,0.0,8.526333583333333,1.6710001666666665
2025-04-15 20:00:00,0.0,2.37000055,0.5098334166666667
2025-04-15 21:00:00,0.0,3.3333333333333334e-08,0.4393333333333333
2025-04-15 22:00:00,0.0,0.0,0.45066666666666666
2025-04-15 23:00:00,0.0,0.0,0.446
2025-04-16 00:00:00,0.0,0.0,0.5671667
2025-04-16 01:00:00,0.0,0.0,0.4053333333333333
2025-04-16 02:00:00,0.0,0.0,0.5186666666666666
2025-04-16 03:00:00,0.0,0.0,0.3713333333333333
2025-04-16 04:00:00,0.0,3.6666666666666667e-07,0.53
2025-04-16 05:00:00,0.0,0.9833345,0.36
2025-04-16 06:00:00,3.6666666666666667e-07,10.4323335,0.53
2025-04-16 07:00:00,1.1370014000000002,10.105333533333333,0.3713333333333333
2025-04-16 08:00:00,1.8336694,7.350667499999999,0.7986666833333332
2025-04-16 09:00:00,3.558669116666667,15.157001033333334,1.5536666833333335
2025-04-16 10:00:00,3.3166688000000004,18.326667383333334,2.8146667
2025-04-16 11:00:00,3.1283354500000002,18.21666705,3.4393334000000007
2025-04-16 12:00:00,3.440001366666667,16.833334450000002,3.126500116666667
2025-04-16 13:00:00,1.8133352833333334,18.696666816666667,3.37616675
2025-04-16 14:00:00,3.1950017833333337,19.14666666666667,2.98116675
2025-04-16 15:00:00,3.9333353,18.488,2.98550005
2025-04-16 16:00:00,3.5283355333333333,17.848000616666667,3.3241667333333336
2025-04-16 17:00:00,1.0853349833333332,16.6793337,3.2858334333333334
2025-04-16 18:00:00,1.4653343333333333,8.73633435,3.7283334166666666
2025-04-16 19:00:00,0.0,1.1370000166666667,1.2483334166666669
2025-04-16 20:00:00,0.0,0.8380000333333334,0.5250000499999999
2025-04-16 21:00:00,0.0,0.0,0.5215000166666667
2025-04-16 22:00:00,0.0,0.0,0.4393333333333333
2025-04-16 23:00:00,0.0,0.0,0.46666671666666665
2025-04-17 00:00:00,0.0,0.0,0.4083333666666667
2025-04-17 01:00:00,0.0,0.0,0.19133333333333336
2025-04-17 02:00:00,0.0,0.0,0.265
2025-04-17 03:00:00,0.0,0.0,0.3293333333333333
2025-04-17 04:00:00,0.0,0.0,0.5063333333333333
2025-04-17 05:00:00,0.0,1.4166668833333336,0.4666666666666667
2025-04-17 06:00:00,0.018667983333333332,7.107000266666667,0.5315000333333334
2025-04-17 07:00:00,0.5226679166666667,8.715667566666667,0.472
2025-04-17 08:00:00,0.9136680333333334,10.683666983333332,0.5726666666666667
2025-04-17 09:00:00,3.2883353000000004,14.58333335,1.6203333500000001
2025-04-17 10:00:00,5.321668350000001,12.5733338,3.2816667166666664
2025-04-17 11:00:00,6.445001816666667,12.640334000000001,3.0456666833333332
2025-04-17 12:00:00,6.30000155,12.85800075,3.0983333666666666
2025-04-17 13:00:00,6.0000010999999995,10.527667133333335,2.739833433333333
2025-04-17 14:00:00,6.334002033333334,11.70833355,3.2853334000000003
2025-04-17 15:00:00,6.383002216666667,12.320000216666667,3.43500005
2025-04-17 16:00:00,2.2940024833333332,14.206667133333335,3.2881666666666667
2025-04-17 17:00:00,1.3900013166666665,11.9776674,3.1396666666666664
2025-04-17 18:00:00,0.14600106666666668,9.986667366666667,2.8716667833333336
2025-04-17 19:00:00,6.333333333333333e-07,11.699667133333334,0.68733335
2025-04-17 20:00:00,0.0,4.4166672,0.21966666666666665
2025-04-17 21:00:00,0.0,0.6666668166666666,0.24233333333333335
2025-04-17 22:00:00,0.0,0.0,0.2881666833333333
2025-04-17 23:00:00,0.0,0.0,0.2940000166666667
2025-04-18 00:00:00,0.0,0.0,0.45500006666666665
2025-04-18 01:00:00,0.0,0.0,0.28233338333333335
2025-04-18 02:00:00,0.0,0.0,0.27066666666666667
2025-04-18 03:00:00,0.0,0.0,0.19133333333333336
2025-04-18 04:00:00,0.0,2.0000000000000002e-07,0.2996667
2025-04-18 05:00:00,0.0,0.05000098333333334,0.41450003333333335
2025-04-18 06:00:00,0.04166686666666667,4.53966755,0.20266666666666666
2025-04-18 07:00:00,2.2916673,11.373334000000002,0.42533338333333337
2025-04-18 08:00:00,3.0466682166666668,13.026667450000001,1.7366669166666666
2025-04-18 09:00:00,4.4060012166666676,13.230333766666666,2.13383345
2025-04-18 10:00:00,4.900002,13.9140001,3.299000233333333
2025-04-18 11:00:00,3.1150022666666675,12.380334200000002,3.3796666833333333
2025-04-18 12:00:00,2.04966905,13.523333783333333,3.1988333333333334
2025-04-18 13:00:00,2.908334616666667,12.610000916666667,2.9973334666666664
2025-04-18 14:00:00,1.4266688333333335,14.413333333333334,2.8640002
2025-04-18 15:00:00,1.2686699833333333,13.606666966666667,1.9280006333333333
2025-04-18 16:00:00,4.8833359666666665,14.078333383333334,1.6571672333333334
2025-04-18 17:00:00,2.760001616666667,12.811000300000002,2.7348335833333337
2025-04-18 18:00:00,0.7623339499999999,16.147667416666668,1.8963337
2025-04-18 19:00:00,3.8333333333333335e-07,1.6833338166666665,2.62283345
2025-04-18 20:00:00,0.0,1.1700001333333334,1.2315004833333332
2025-04-18 21:00:00,0.0,0.0,0.19133333333333336
2025-04-18 22:00:00,0.0,0.0,0.26483335
2025-04-18 23:00:00,0.0,0.0,0.43433335
2025-04-19 00:00:00,0.0,0.0,0.3
2025-04-19 01:00:00,0.0,0.0,0.22533333333333333
2025-04-19 02:00:00,0.0,0.0,0.21966666666666665
2025-04-19 03:00:00,0.0,0.0,0.2535000333333333
2025-04-19 04:00:00,0.0,0.0,0.47616671666666666
2025-04-19 05:00:00,0.0,2.0000000000000002e-07,0.4846666666666667
2025-04-19 06:00:00,0.0,2.5666678000000003,0.3713333333333333
2025-04-19 07:00:00,0.0,11.573333683333333,0.5186666666666666
2025-04-19 08:00:00,0.0,11.552000066666666,1.4933337333333334
2025-04-19 09:00:00,0.0,14.97500015,2.1475003166666666
2025-04-19 10:00:00,0.0,17.9,3.3708333333333336
2025-04-19 11:00:00,0.0,17.57333333333333,3.2590000333333333
2025-04-19 12:00:00,0.0,17.526666666666667,2.8660001
2025-04-19 13:00:00,0.0,17.372000449999998,3.705000033333333
2025-04-19 14:00:00,0.0,17.9610004,3.4108333666666666
2025-04-19 15:00:00,0.0,18.356333566666663,3.256
2025-04-19 16:00:00,0.0,10.90000045,3.2273333333333336
2025-04-19 17:00:00,0.0,6.372667416666666,3.5501666833333334
2025-04-19 18:00:00,0.0,9.028334383333332,2.7066667833333335
2025-04-19 19:00:00,0.0,7.292667016666667,1.3915000166666667
2025-04-19 20:00:00,0.0,0.7210000166666667,0.31650008333333335
2025-04-19 21:00:00,0.0,0.048000016666666666,0.5311666833333334
2025-04-19 22:00:00,0.0,0.0,0.3713333333333333
2025-04-19 23:00:00,0.0,0.0,0.42500004999999996
2025-04-20 00:00:00,0.0,0.0,0.50883335
2025-04-20 01:00:00,0.0,0.0,0.27666668333333333
2025-04-20 02:00:00,0.0,0.0,0.265
2025-04-20 03:00:00,0.0,0.0,0.18
2025-04-20 04:00:00,0.0,0.0,0.6008333666666666
2025-04-20 05:00:00,0.0,0.45000013333333333,0.394
2025-04-20 06:00:00,0.0,5.656333783333333,0.496
2025-04-20 07:00:00,0.0,7.754000950000001,0.36
2025-04-20 08:00:00,0.0,9.003333583333333,1.3133333833333334
2025-04-20 09:00:00,0.0,7.953333616666667,1.5216667333333331
2025-04-20 10:00:00,0.0,8.858333366666665,3.1058333333333334
2025-04-20 11:00:00,0.0,11.000000066666665,3.8991666666666664
2025-04-20 12:00:00,0.0,11.722667300000001,3.9991667166666667
2025-04-20 13:00:00,0.0,13.0503337,3.3333333499999998
2025-04-20 14:00:00,0.0,11.879000399999999,3.0083333666666667
2025-04-20 15:00:00,0.0,10.945666983333332,3.020000083333333
2025-04-20 16:00:00,0.0,9.463333483333331,2.4863333499999998
2025-04-20 17:00:00,0.0,10.033333766666667,2.5203333666666667
2025-04-20 18:00:00,0.0,11.766667133333334,1.7958334166666667
2025-04-20 19:00:00,0.0,4.35000035,0.4600000166666667
2025-04-20 20:00:00,0.0,1.6350000833333334,0.3791666666666667
2025-04-20 21:00:00,0.0,0.06100005,0.27666668333333333
2025-04-20 22:00:00,0.0,0.0,0.3398333666666667
2025-04-20 23:00:00,0.0,0.0,0.42583333333333334
2025-04-21 00:00:00,0.0,0.0,0.37333340000000004
2025-04-21 01:00:00,0.0,0.0,0.27083338333333334
2025-04-21 02:00:00,0.0,0.0,0.4200000166666667
2025-04-21 03:00:00,0.0,0.0,0.2821666666666667
2025-04-21 04:00:00,0.0,0.0,0.2880000166666667
2025-04-21 05:00:00,0.0,0.08333333333333333,0.5366667333333334
2025-04-21 06:00:00,0.0,10.094000183333334,0.2708333333333333
2025-04-21 07:00:00,4.6666666666666666e-07,9.950000383333334,0.197
2025-04-21 08:00:00,1.44666735,8.588666883333334,2.2596668333333336
2025-04-21 09:00:00,3.04400185,7.5163336166666666,3.1136667166666667
2025-04-21 10:00:00,5.992000833333334,8.893333550000001,2.8855003999999997
2025-04-21 11:00:00,2.1133344333333333,8.493333916666666,2.63783365
2025-04-21 12:00:00,3.3230015500000003,9.044667316666667,3.085500033333333
2025-04-21 13:00:00,2.7790016333333334,14.122666783333333,3.1136666833333333
2025-04-21 14:00:00,5.349000983333333,16.567333633333334,3.1171667333333333
2025-04-21 15:00:00,5.916001216666667,12.300666849999999,3.047000033333333
2025-04-21 16:00:00,4.956667883333333,14.98000015,3.198
2025-04-21 17:00:00,1.3296684166666666,13.384333600000001,3.1953333333333336
2025-04-21 18:00:00,1.8960007,13.968000166666666,3.076333366666667
2025-04-21 19:00:00,0.8333336666666666,7.044000383333333,0.3895005333333333
2025-04-21 20:00:00,0.0,0.0010001166666666666,0.248
2025-04-21 21:00:00,0.0,0.0,0.197
2025-04-21 22:00:00,0.0,0.0,0.3505000166666667
2025-04-21 23:00:00,0.0,0.0,0.28833335
2025-04-22 00:00:00,0.0,0.0,0.49333335
2025-04-22 01:00:00,0.0,0.0,0.47333333333333333
2025-04-22 02:00:00,0.0,0.0,0.5186666666666666
2025-04-22 03:00:00,0.0,0.0,0.27083335
2025-04-22 04:00:00,0.0,0.0,0.265
2025-04-22 05:00:00,0.0,0.5580002999999999,0.18
2025-04-22 06:00:00,0.4800002333333333,9.926667599999998,0.4958333833333334
2025-04-22 07:00:00,0.3780018,16.370000466666667,0.4266666666666667
2025-04-22 08:00:00,2.878001616666667,7.808335133333333,2.428333416666667
2025-04-22 09:00:00,6.430001099999999,19.332000083333334,2.5641667833333335
2025-04-22 10:00:00,6.156668433333334,11.690000399999999,3.1593333833333332
2025-04-22 11:00:00,2.2050025333333334,11.806667116666667,3.334
2025-04-22 12:00:00,5.258335083333335,15.826667016666667,3.331
2025-04-22 13:00:00,6.622001,16.456666966666667,3.3573334166666666
2025-04-22 14:00:00,6.356001316666667,11.92566735,3.332666683333333
2025-04-22 15:00:00,4.840669083333333,8.3766669,3.1590000999999996
2025-04-22 16:00:00,4.3600022166666665,14.2640008,3.250833366666667
2025-04-22 17:00:00,2.3216686666666666,16.36633445,3.4041666833333335
2025-04-22 18:00:00,3.0416670500000005,16.590001033333333,1.8458334166666668
2025-04-22 19:00:00,0.0,12.9060009,1.1183334333333332
2025-04-22 20:00:00,0.0,0.35000085000000003,0.59000005
2025-04-22 21:00:00,0.0,0.0,0.265
2025-04-22 22:00:00,0.0,0.0,0.18
2025-04-22 23:00:00,0.0,0.0,0.265
2025-04-23 00:00:00,0.0,0.0,0.4316667
2025-04-23 01:00:00,0.0,0.0,0.39083334999999997
2025-04-23 02:00:00,0.0,0.0,0.58333335
2025-04-23 03:00:00,0.0,0.0,0.47350005
2025-04-23 04:00:00,0.0,1.75000015,0.4316666833333333
2025-04-23 05:00:00,0.0,14.529000316666666,0.42000006666666667
2025-04-23 06:00:00,1.6666666666666665e-07,1.1963345666666667,0.483
2025-04-23 07:00:00,2.24333505,16.7533335,0.4393333333333333
2025-04-23 08:00:00,2.336668983333334,17.696333983333332,2.2375002
2025-04-23 09:00:00,2.0923360000000004,18.610000383333336,3.2073334666666664
2025-04-23 10:00:00,3.3610023333333334,18.272333700000004,2.6363335666666665
2025-04-23 11:00:00,4.39366845,9.392334883333334,3.104000116666667
2025-04-23 12:00:00,4.82000135,11.323333983333335,3.5706666666666664
2025-04-23 13:00:00,4.212001616666666,14.01866685,3.87300005
2025-04-23 14:00:00,6.5983352,14.536666733333334,3.6685
2025-04-23 15:00:00,6.606668816666668,14.196666800000001,3.57883335
2025-04-23 16:00:00,5.780001933333334,14.296666783333333,3.6926666666666663
2025-04-23 17:00:00,0.9166680166666666,12.951666833333332,3.365833483333333
2025-04-23 18:00:00,1.33600115,13.41633345,3.174833416666667
2025-04-23 19:00:00,0.20400050000000003,6.863334449999999,2.255333483333333
2025-04-23 20:00:00,0.0,2.331333983333333,1.0520002833333333
2025-04-23 21:00:00,0.0,0.00800005,0.3826666666666667
2025-04-23 22:00:00,0.0,0.0,0.5186666666666666
2025-04-23 23:00:00,0.0,0.0,0.39366666666666666
2025-04-24 00:00:00,0.0,0.0,0.29933336666666666
2025-04-24 01:00:00,0.0,0.0,0.3446666666666667
2025-04-24 02:00:00,0.0,0.0,0.31733336666666667
2025-04-24 03:00:00,0.0,0.0,0.294
2025-04-24 04:00:00,0.0,0.0,0.4851666666666667
2025-04-24 05:00:00,0.0,4.20100025,0.37933336666666667
2025-04-24 06:00:00,6.666666666666666e-07,9.13466725,0.4596666833333333
2025-04-24 07:00:00,2.781334666666667,6.975668216666667,0.44700001666666667
2025-04-24 08:00:00,3.1400016666666666,12.899333666666667,0.5606667166666666
2025-04-24 09:00:00,6.536668833333334,14.028666733333333,1.2993334333333333
2025-04-24 10:00:00,3.5806694,13.563666766666667,3.292166816666666
2025-04-24 11:00:00,3.7843359166666666,13.650666816666666,2.9423334666666663
2025-04-24 12:00:00,6.19966855,14.09666675,3.088333383333333
2025-04-24 13:00:00,6.189001616666666,13.826666966666668,2.7881666666666667
2025-04-24 14:00:00,6.086668633333334,6.600000883333333,2.82833335
2025-04-24 15:00:00,4.693335616666667,9.036667233333334,3.10083335
2025-04-24 16:00:00,1.2300015999999998,8.593333349999998,3.1093333666666667
2025-04-24 17:00:00,1.2920011999999998,8.316667016666667,3.2600003
2025-04-24 18:00:00,0.12666681666666665,7.736000583333333,3.2931666833333333
2025-04-24 19:00:00,0.0,3.3763341000000002,1.8236667833333333
2025-04-24 20:00:00,0.0,1.9173336166666666,0.43083335
2025-04-24 21:00:00,0.0,0.0,0.2823333333333333
2025-04-24 22:00:00,0.0,0.0,0.29983333333333334
2025-04-24 23:00:00,0.0,0.0,0.4316666833333333
2025-04-25 00:00:00,0.0,0.0,0.282
2025-04-25 01:00:00,0.0,0.0,0.49583335
2025-04-25 02:00:00,0.0,0.0,0.18
2025-04-25 03:00:00,0.0,0.0,0.33883338333333335
2025-04-25 04:00:00,0.0,0.502,0.5066666666666667
2025-04-25 05:00:00,0.0,0.7850000666666668,0.4053333333333333
2025-04-25 06:00:00,4.0000000000000003e-07,5.583334083333333,0.46683335
2025-04-25 07:00:00,0.3200010166666667,8.460001016666666,0.45066666666666666
2025-04-25 08:00:00,1.9226686000000002,12.380000466666669,0.4393333333333333
2025-04-25 09:00:00,2.342002633333334,11.646666833333333,1.9826667166666667
2025-04-25 10:00:00,3.421668666666667,12.110000233333333,3.07683345
2025-04-25 11:00:00,3.4433349833333335,12.703333800000001,2.8756667333333334
2025-04-25 12:00:00,5.010001366666667,11.090000533333335,3.3966667000000004
2025-04-25 13:00:00,3.228334816666667,15.010000216666667,3.17333335
2025-04-25 14:00:00,4.36333595,18.12,3.146666683333333
2025-04-25 15:00:00,6.637335233333333,17.796000266666667,2.7283335
2025-04-25 16:00:00,6.0746684,18.38800021666667,3.3166666833333336
2025-04-25 17:00:00,4.4173345500000005,18.138000066666667,3.3616667333333337
2025-04-25 18:00:00,3.8100011500000006,16.923000583333334,3.2575001666666665
2025-04-25 19:00:00,2.4166667000000004,13.285000616666666,1.92500005
2025-04-25 20:00:00,0.0,5.916666933333333,0.265
2025-04-25 21:00:00,0.0,0.0,0.18
2025-04-25 22:00:00,0.0,0.0,0.265
2025-04-25 23:00:00,0.0,0.0,0.25916669999999997
2025-04-26 00:00:00,0.0,0.0,0.46583335
2025-04-26 01:00:00,0.0,0.0,0.4846666666666667
2025-04-26 02:00:00,0.0,0.0,0.4053333333333333
2025-04-26 03:00:00,0.0,0.0,0.45066666666666666
2025-04-26 04:00:00,0.0,0.0,0.4393333333333333
2025-04-26 05:00:00,0.0,1.2370001833333333,0.4166666666666667
2025-04-26 06:00:00,0.0,2.6260007,0.47333333333333333
2025-04-26 07:00:00,0.0,10.970666999999999,0.3826666666666667
2025-04-26 08:00:00,0.0,12.753333466666668,1.3575000833333333
2025-04-26 09:00:00,0.0,12.391333683333333,3.2365001333333336
2025-04-26 10:00:00,0.0,18.431,2.4616667833333334
2025-04-26 11:00:00,0.0,17.140000666666666,2.93000025
2025-04-26 12:00:00,0.0,17.77600055,3.3180001
2025-04-26 13:00:00,0.0,18.546667033333335,2.8706667333333336
2025-04-26 14:00:00,0.0,18.513333633333332,3.11250005
2025-04-26 15:00:00,0.0,18.76,2.8895000166666662
2025-04-26 16:00:00,0.0,18.4550003,2.2583334666666666
2025-04-26 17:00:00,0.0,18.347666816666667,2.2908336
2025-04-26 18:00:00,0.0,16.867333383333335,2.6741668
2025-04-26 19:00:00,0.0,11.750000216666667,1.9900001
2025-04-26 20:00:00,0.0,0.1666675,1.2593334833333334
2025-04-26 21:00:00,0.0,0.0,0.33483338333333335
2025-04-26 22:00:00,0.0,0.0,0.5308333833333334
2025-04-26 23:00:00,0.0,0.0,0.30550003333333337
2025-04-27 00:00:00,0.0,0.0,0.4841666666666667
2025-04-27 01:00:00,0.0,0.0,0.3166667166666667
2025-04-27 02:00:00,0.0,0.0,0.4746666833333333
2025-04-27 03:00:00,0.0,0.0,0.4053333333333333
2025-04-27 04:00:00,0.0,0.0,0.45066666666666666
2025-04-27 05:00:00,0.0,4.3333333333333335e-07,0.4393333333333333
2025-04-27 06:00:00,0.0,1.4580005166666667,0.49850003333333337
2025-04-27 07:00:00,0.0,8.164666983333333,0.26500001666666667
2025-04-27 08:00:00,0.0,13.2586667,0.5048333333333334
2025-04-27 09:00:00,0.0,11.572000866666666,1.8926670166666666
2025-04-27 10:00:00,0.0,12.411666983333333,2.4583335666666666
2025-04-27 11:00:00,0.0,11.915000183333333,2.781666733333333
2025-04-27 12:00:00,0.0,16.067333483333332,2.8416666833333335
2025-04-27 13:00:00,0.0,11.906666766666667,2.516000483333334
2025-04-27 14:00:00,0.0,12.466666666666667,2.6808337
2025-04-27 15:00:00,0.0,12.186666666666666,3.74
2025-04-27 16:00:00,0.0,11.693333466666667,3.5176667833333335
2025-04-27 17:00:00,0.0,10.276001033333333,2.9011667333333335
2025-04-27 18:00:00,0.0,10.891001016666667,2.8878334000000003
2025-04-27 19:00:00,0.0,3.4103349499999998,1.5410003666666667
2025-04-27 20:00:00,0.0,1.2010009,1.1756667666666665
2025-04-27 21:00:00,0.0,0.056,0.18566666666666665
2025-04-27 22:00:00,0.0,0.0,0.2593333333333333
2025-04-27 23:00:00,0.0,0.0,0.22566666666666665
2025-04-28 00:00:00,0.0,0.0,0.4083334
2025-04-28 01:00:00,0.0,0.0,0.265
2025-04-28 02:00:00,0.0,0.0,0.3
2025-04-28 03:00:00,0.0,0.0,0.4751666666666667
2025-04-28 04:00:00,0.0,0.0,0.4275
2025-04-28 05:00:00,0.0,1.92733345,0.4016667
2025-04-28 06:00:00,0.0,11.934000033333334,0.4608333666666667
2025-04-28 07:00:00,0.3173336666666667,13.423333816666668,0.45766666666666667
2025-04-28 08:00:00,2.5286681166666667,12.527000966666666,0.2708333333333333
2025-04-28 09:00:00,4.111335,10.986667616666667,2.3268335
2025-04-28 10:00:00,4.353335866666667,11.742667283333335,3.129000066666667
2025-04-28 11:00:00,3.748335333333334,11.842666933333334,3.0035000166666665
2025-04-28 12:00:00,3.8466685500000004,14.190667466666666,3.1556667666666667
2025-04-28 13:00:00,4.59500125,13.65,3.12200005
2025-04-28 14:00:00,4.1983344166666665,12.75033395,3.3163333833333333
2025-04-28 15:00:00,4.645002083333334,13.041667,3.2750000833333335
2025-04-28 16:00:00,1.7330021333333336,13.492333533333333,3.179166716666667
2025-04-28 17:00:00,0.28333391666666663,13.12700055,3.2091667000000004
2025-04-28 18:00:00,0.0,12.055334116666668,2.94250015
2025-04-28 19:00:00,0.0,3.36033385,0.46750005
2025-04-28 20:00:00,0.0,0.026666883333333332,0.265
2025-04-28 21:00:00,0.0,0.0,0.18
2025-04-28 22:00:00,0.0,0.0,0.265
2025-04-28 23:00:00,0.0,0.0,0.4341666833333333
2025-04-29 00:00:00,0.0,0.0,0.2765000166666667
2025-04-29 01:00:00,0.0,0.0,0.46666675
2025-04-29 02:00:00,0.0,0.0,0.3826666666666667
2025-04-29 03:00:00,0.0,0.0,0.40583335
2025-04-29 04:00:00,0.0,0.0,0.3863333333333333
2025-04-29 05:00:00,0.0,0.0,0.5073333333333333
2025-04-29 06:00:00,4.166666666666667e-07,1.1166671833333335,0.3291667
2025-04-29 07:00:00,1e-06,12.242000033333333,0.2705000166666667
2025-04-29 08:00:00,0.23133458333333332,12.593333583333333,0.4058335166666666
2025-04-29 09:00:00,2.3290021333333333,14.163333716666667,2.5840001666666668
2025-04-29 10:00:00,4.03666865,12.43000055,3.320833416666667
2025-04-29 11:00:00,4.2830012,16.052666683333335,3.2958333499999997
2025-04-29 12:00:00,4.5403350499999995,18.785,3.1598333666666667
2025-04-29 13:00:00,3.1173350500000008,17.325000783333333,3.164
2025-04-29 14:00:00,3.803335416666667,13.694001033333334,3.1646666833333335
2025-04-29 15:00:00,3.981336016666667,6.760001099999999,3.1413333333333333
2025-04-29 16:00:00,6.321334633333334,8.120000333333333,3.18733335
2025-04-29 17:00:00,1.4446677,11.58500075,3.1080000166666664
2025-04-29 18:00:00,0.6800009166666666,9.995666866666667,3.1866666666666665
2025-04-29 19:00:00,3.1666670333333333,1.2776667666666666,1.6720002166666668
2025-04-29 20:00:00,0.0,0.156,0.20266666666666666
2025-04-29 21:00:00,0.0,0.0,0.2593333333333333
2025-04-29 22:00:00,0.0,0.0,0.19133333333333336
2025-04-29 23:00:00,0.0,0.0,0.26483335
2025-04-30 00:00:00,0.0,0.0,0.49000003333333336
2025-04-30 01:00:00,0.0,0.0,0.31733336666666667
2025-04-30 02:00:00,0.0,0.0,0.265
2025-04-30 03:00:00,0.0,0.0,0.197
2025-04-30 04:00:00,0.0,0.0,0.2823333333333333
2025-04-30 05:00:00,0.0,0.0,0.4491666833333333
2025-04-30 06:00:00,0.0,8.2366669,0.51333335
2025-04-30 07:00:00,0.0,11.930667316666666,0.9480000666666667
2025-04-30 08:00:00,0.4406666833333333,13.320000799999999,2.1315000833333335
2025-04-30 09:00:00,2.804668116666667,10.198333416666667,3.1530000166666663
2025-04-30 10:00:00,5.228333916666667,10.0786668,3.089000183333333
2025-04-30 11:00:00,3.1966677833333335,14.321666783333333,3.00633335
2025-04-30 12:00:00,2.371667066666667,14.296666783333333,2.8448333333333333
2025-04-30 13:00:00,4.083333583333333,12.43000005,2.9188333833333333
2025-04-30 14:00:00,5.108334183333334,16.676667033333334,3.084000116666667
2025-04-30 15:00:00,3.7720016333333333,9.620333766666667,3.1150002666666667
2025-04-30 16:00:00,4.814667883333334,11.56000095,3.108000116666667
2025-04-30 17:00:00,4.4866668,12.6790006,3.016000083333333
2025-04-30 18:00:00,3.7500002500000003,11.695000750000002,3.1413334500000003
2025-04-30 19:00:00,4.166666716666667,4.547666866666667,1.7151669333333335
2025-04-30 20:00:00,0.0,0.495,0.5073333333333333
2025-04-30 21:00:00,0.0,0.0,0.41083333333333333
2025-04-30 22:00:00,0.0,0.0,0.43750008333333334
2025-04-30 23:00:00,0.0,0.0,0.3451666666666667
2025-05-01 00:00:00,0.0,0.0,0.39083340000000005
2025-05-01 01:00:00,0.0,0.0,0.3281666833333333
2025-05-01 02:00:00,0.0,0.0,0.48883333333333334
2025-05-01 03:00:00,0.0,0.0,0.462
2025-05-01 04:00:00,0.0,0.0,0.462
2025-05-01 05:00:00,0.0,0.0,0.428
2025-05-01 06:00:00,0.0,1.5020002833333332,0.496
2025-05-01 07:00:00,1.0966677833333336,10.76400085,0.394
2025-05-01 08:00:00,6.340002200000001,13.560000666666667,1.13783385
2025-05-01 09:00:00,5.9086690666666675,12.146667566666666,2.6491670666666667
2025-05-01 10:00:00,5.665336033333334,14.030333350000001,3.2323333499999998
2025-05-01 11:00:00,2.7643360833333337,18.84133333333333,2.854000183333333
2025-05-01 12:00:00,4.55033545,19.0386667,3.0080000666666664
2025-05-01 13:00:00,3.6963351833333338,18.236000500000003,2.721833816666667
2025-05-01 14:00:00,4.508335583333333,16.112000883333334,3.6110000833333333
2025-05-01 15:00:00,5.060002366666667,18.791333650000002,3.3823333333333334
2025-05-01 16:00:00,6.313335416666667,18.720000466666665,3.33633335
2025-05-01 17:00:00,6.098001383333334,18.798000249999998,2.1570007
2025-05-01 18:00:00,3.2760018833333335,14.641333633333334,2.2108336
2025-05-01 19:00:00,0.6666673666666667,6.533667133333333,0.7450003
2025-05-01 20:00:00,0.0,1.5000000000000002e-07,0.25366666666666665
2025-05-01 21:00:00,0.0,0.0,0.19133333333333336
2025-05-01 22:00:00,0.0,0.0,0.41416673333333337
2025-05-01 23:00:00,0.0,0.0,0.36333336666666666
2025-05-02 00:00:00,0.0,0.0,0.42000005
2025-05-02 01:00:00,0.0,0.0,0.2591666833333333
2025-05-02 02:00:00,0.0,0.0,0.24233333333333335
2025-05-02 03:00:00,0.0,0.0,0.20266666666666666
2025-05-02 04:00:00,0.0,1.4166667166666667,0.22533333333333333
2025-05-02 05:00:00,0.0,5.166667066666666,0.21966666666666665
2025-05-02 06:00:00,1.0000002666666667,3.68366755,0.20833333333333334
2025-05-02 07:00:00,2.50000015,10.612334483333335,0.42583333333333334
2025-05-02 08:00:00,3.168666916666667,7.7456678666666665,1.7733334333333333
2025-05-02 09:00:00,3.4846671000000002,9.35666735,3.244166816666666
2025-05-02 10:00:00,3.1763342,10.600000866666667,2.9650003166666665
2025-05-02 11:00:00,2.0833351500000004,12.143000183333333,2.83
2025-05-02 12:00:00,4.1253348333333335,13.910666666666666,2.8816666833333335
2025-05-02 13:00:00,6.99466735,10.951333966666667,2.892666683333333
2025-05-02 14:00:00,6.920000183333333,14.113333883333334,3.0076667333333336
2025-05-02 15:00:00,6.566667833333334,17.96666666666667,3.399166683333333
2025-05-02 16:00:00,3.5680015666666667,18.409333333333333,3.6913333333333336
2025-05-02 17:00:00,1.2560018666666666,18.234000466666664,3.7536666666666667
2025-05-02 18:00:00,0.25000095,17.443666850000003,2.765833483333333
2025-05-02 19:00:00,9.166666666666666e-07,6.21966705,0.42416676666666664
2025-05-02 20:00:00,0.0,0.8333337833333334,0.18
2025-05-02 21:00:00,0.0,0.0,0.3675
2025-05-02 22:00:00,0.0,0.0,0.35083338333333336
2025-05-02 23:00:00,0.0,0.0,0.4025
2025-05-03 00:00:00,0.0,0.0,0.3516667
2025-05-03 01:00:00,0.0,0.0,0.3441667666666667
2025-05-03 02:00:00,0.0,0.0,0.47166671666666665
2025-05-03 03:00:00,0.0,0.0,0.4393333333333333
2025-05-03 04:00:00,0.0,4.25,0.43533336666666667
2025-05-03 05:00:00,0.0,15.0,0.20833333333333334
2025-05-03 06:00:00,0.0,15.0,0.23666666666666666
2025-05-03 07:00:00,0.0,16.697000416666665,0.20833333333333334
2025-05-03 08:00:00,0.0,15.696333666666668,0.7125
2025-05-03 09:00:00,0.0,6.811000849999999,1.3975000666666668
2025-05-03 10:00:00,0.0,10.516334216666666,3.505833416666667
2025-05-03 11:00:00,0.0,2.4290016499999996,3.18333335
2025-05-03 12:00:00,0.0,7.6500010000000005,2.88250005
2025-05-03 13:00:00,0.0,11.9600002,3.4208333333333334
2025-05-03 14:00:00,0.0,16.56,3.5033333499999997
2025-05-03 15:00:00,0.0,18.65000015,3.4583333499999998
2025-05-03 16:00:00,0.0,9.353333766666667,3.1316667000000002
2025-05-03 17:00:00,0.0,13.220000066666666,2.9333333833333333
2025-05-03 18:00:00,0.0,10.966667083333334,2.885
2025-05-03 19:00:00,0.0,7.032667483333333,0.8958333333333334
2025-05-03 20:00:00,0.0,4.494333516666667,0.53
2025-05-03 21:00:00,0.0,0.0,0.36
2025-05-03 22:00:00,0.0,0.0,0.53
2025-05-03 23:00:00,0.0,0.0,0.4133333666666667
2025-05-04 00:00:00,0.0,0.0,0.46083335
2025-05-04 01:00:00,0.0,0.0,0.2765000166666667
2025-05-04 02:00:00,0.0,0.0,0.4538333333333333
2025-05-04 03:00:00,0.0,0.0,0.38500001666666667
2025-05-04 04:00:00,0.0,0.0,0.26483335
2025-05-04 05:00:00,0.0,7.333333333333333e-07,0.4048333333333333
2025-05-04 06:00:00,0.0,8.437334566666667,0.5133333666666666
2025-05-04 07:00:00,0.0,17.2200007,0.3161666666666667
2025-05-04 08:00:00,0.0,16.420000966666667,0.3048333333333333
2025-05-04 09:00:00,0.0,14.806667,2.0098334666666666
2025-05-04 10:00:00,0.0,18.574333333333332,3.0090001833333333
2025-05-04 11:00:00,0.0,18.720333349999997,3.548
2025-05-04 12:00:00,0.0,15.451333433333335,3.5631667
2025-05-04 13:00:00,0.0,12.38000025,3.55333335
2025-05-04 14:00:00,0.0,16.890000066666666,3.343
2025-05-04 15:00:00,0.0,17.61866666666667,3.2258333333333336
2025-05-04 16:00:00,0.0,14.945666833333332,2.562000416666667
2025-05-04 17:00:00,0.0,18.353333349999996,3.0016669499999997
2025-05-04 18:00:00,0.0,12.220000483333333,2.8211669333333336
2025-05-04 19:00:00,0.0,2.8473341333333333,2.825000183333333
2025-05-04 20:00:00,0.0,0.6666671666666666,1.0373336333333332
2025-05-04 21:00:00,0.0,0.0,0.19133333333333336
2025-05-04 22:00:00,0.0,0.0,0.265
2025-05-04 23:00:00,0.0,0.0,0.2716666833333333
2025-05-05 00:00:00,0.0,0.0,0.39083340000000005
2025-05-05 01:00:00,0.0,0.0,0.35583335
2025-05-05 02:00:00,0.0,0.0,0.4025000166666667
2025-05-05 03:00:00,0.0,0.0,0.4950000166666667
2025-05-05 04:00:00,0.0,1.5000000666666666,0.53
2025-05-05 05:00:00,0.0,5.3586667,0.36
2025-05-05 06:00:00,3.0000000000000004e-07,12.042000633333334,0.53
2025-05-05 07:00:00,0.3400007166666667,8.9200005,0.36
2025-05-05 08:00:00,0.5080015166666666,9.366666983333333,1.4350001166666666
2025-05-05 09:00:00,2.02366875,18.693666716666666,2.5150001
2025-05-05 10:00:00,4.955668316666667,18.39333335,3.006333383333333
2025-05-05 11:00:00,4.806668850000001,19.3200001,3.2131667333333334
2025-05-05 12:00:00,3.933335183333334,13.741333816666668,3.7141666833333336
2025-05-05 13:00:00,3.4060022000000005,16.47000045,3.3875000166666664
2025-05-05 14:00:00,4.893335316666667,18.197334016666666,3.3080000166666665
2025-05-05 15:00:00,6.100335516666668,17.030667166666667,3.3136666833333335
2025-05-05 16:00:00,6.62600175,7.3566674999999995,2.858000233333333
2025-05-05 17:00:00,6.2760011833333325,8.458000766666668,2.8920001333333336
2025-05-05 18:00:00,4.793000316666667,6.950000883333333,2.69800015
2025-05-05 19:00:00,0.6666667666666667,10.161000533333334,0.8478333666666666
2025-05-05 20:00:00,0.0,1.7166670166666664,0.395
2025-05-05 21:00:00,0.0,0.05000003333333333,0.20816668333333335
2025-05-05 22:00:00,0.0,0.0,0.5026666833333333
2025-05-05 23:00:00,0.0,0.0,0.45083340000000005
2025-05-06 00:00:00,0.0,0.0,0.5785
2025-05-06 01:00:00,0.0,0.0,0.44350001666666666
2025-05-06 02:00:00,0.0,0.0,0.18566666666666665
2025-05-06 03:00:00,0.0,0.0,0.24233333333333335
2025-05-06 04:00:00,0.0,0.0,0.3058333333333333
2025-05-06 05:00:00,0.0,0.014,0.4891666666666667
2025-05-06 06:00:00,1.0000005666666667,5.201000633333333,0.2941666833333333
2025-05-06 07:00:00,2.44366725,10.604001283333336,0.2593333333333333
2025-05-06 08:00:00,2.6300004833333337,7.308667533333334,1.5856668166666668
2025-05-06 09:00:00,2.2750019166666666,7.653334216666667,1.1606675499999999
2025-05-06 10:00:00,4.33933475,17.366667033333336,1.8585007333333332
2025-05-06 11:00:00,3.3740014500000006,18.370000249999997,3.291000183333333
2025-05-06 12:00:00,3.6600002333333332,18.11000015,3.1001668999999996
2025-05-06 13:00:00,3.6360002,18.58400016666667,3.4021666833333333
2025-05-06 14:00:00,2.061334433333333,14.188000783333333,3.172666833333334
2025-05-06 15:00:00,3.886668033333333,6.8000014,3.4015000333333334
2025-05-06 16:00:00,4.6553338166666665,12.283333716666668,3.5173334
2025-05-06 17:00:00,4.16866725,10.100000316666666,2.259834
2025-05-06 18:00:00,0.17400016666666668,8.096667,3.1866668166666665
2025-05-06 19:00:00,0.0,16.23333381666667,2.8843334000000005
2025-05-06 20:00:00,0.0,13.317000266666666,1.1283334333333332
2025-05-06 21:00:00,0.0,2.0146668833333337,0.44833335
2025-05-06 22:00:00,0.0,0.0,0.36
2025-05-06 23:00:00,0.0,0.0,0.5266667
2025-05-07 00:00:00,0.0,0.0,0.4258334166666667
2025-05-07 01:00:00,0.0,0.0,0.46250005
2025-05-07 02:00:00,0.0,0.0,0.394
2025-05-07 03:00:00,0.0,0.0,0.496
2025-05-07 04:00:00,0.0,0.0,0.394
2025-05-07 05:00:00,0.0,6.7400010833333335,0.496
2025-05-07 06:00:00,1.0000004666666666,8.718334033333335,0.394
2025-05-07 07:00:00,2.2900003,8.465001133333333,0.496
2025-05-07 08:00:00,1.7423351833333334,13.637000633333335,0.5181667833333333
2025-05-07 09:00:00,3.7416682500000005,12.246667366666667,1.6118334166666668
2025-05-07 10:00:00,3.4750019500000002,10.635334866666668,3.6148334000000006
2025-05-07 11:00:00,3.4300019333333336,13.945333966666666,2.7510000333333333
2025-05-07 12:00:00,3.5616687000000007,15.621333633333334,2.7623334666666666
2025-05-07 13:00:00,3.8940014833333336,12.97100015,2.9726667333333334
2025-05-07 14:00:00,3.475335616666667,11.769000483333333,3.232333366666667
2025-05-07 15:00:00,3.4160020333333336,8.394000916666666,2.8868333333333336
2025-05-07 16:00:00,1.2003351166666667,7.6883344000000005,3.0865000166666663
2025-05-07 17:00:00,0.1873344,8.09800055,3.2226666833333333
2025-05-07 18:00:00,2.0000000000000002e-07,5.990333483333334,3.2131667833333335
2025-05-07 19:00:00,0.0,1.78600035,1.1835000666666666
2025-05-07 20:00:00,0.0,0.7290002333333334,0.46583338333333335
2025-05-07 21:00:00,0.0,1.6666666666666667e-08,0.5073333333333333
2025-05-07 22:00:00,0.0,0.0,0.3826666666666667
2025-05-07 23:00:00,0.0,0.0,0.41333335
2025-05-08 00:00:00,0.0,0.0,0.5016668
2025-05-08 01:00:00,0.0,0.0,0.36
2025-05-08 02:00:00,0.0,0.0,0.5073333333333333
2025-05-08 03:00:00,0.0,0.0,0.3826666666666667
2025-05-08 04:00:00,0.0,2.6666666666666667e-07,0.47333333333333333
2025-05-08 05:00:00,0.0,8.205667333333333,0.46450003333333334
2025-05-08 06:00:00,1.8333338166666666,11.159000316666667,0.3823333333333333
2025-05-08 07:00:00,2.8250004833333335,10.777000666666666,0.53
2025-05-08 08:00:00,3.096666833333334,15.8066672,0.8125002000000001
2025-05-08 09:00:00,3.634002133333334,18.84100013333333,1.746
2025-05-08 10:00:00,4.500001466666666,18.264000550000002,3.47733335
2025-05-08 11:00:00,3.976668633333334,12.786334183333333,3.712
2025-05-08 12:00:00,2.911335733333334,12.207334166666667,3.6596667333333333
2025-05-08 13:00:00,1.4353371000000001,8.646668233333333,3.6846667666666666
2025-05-08 14:00:00,4.426668050000001,6.193668133333333,3.725333366666667
2025-05-08 15:00:00,6.956668416666667,10.593667383333335,3.629000066666667
2025-05-08 16:00:00,2.8046693000000005,7.720001683333334,3.6785000500000002
2025-05-08 17:00:00,4.281667633333334,11.000001066666668,2.900000266666667
2025-05-08 18:00:00,1.0040008833333334,14.090000283333334,1.4491672166666665
2025-05-08 19:00:00,0.0,10.474333399999999,1.2833336666666666
2025-05-08 20:00:00,0.0,1.7566674833333333,0.5500000666666667
2025-05-08 21:00:00,0.0,1.8333333333333333e-07,0.36
2025-05-08 22:00:00,0.0,0.0,0.496
2025-05-08 23:00:00,0.0,0.0,0.46483341666666667
2025-05-09 00:00:00,0.0,0.0,0.3166666833333333
2025-05-09 01:00:00,0.0,0.0,0.4266666833333333
2025-05-09 02:00:00,0.0,0.0,0.4083333666666667
2025-05-09 03:00:00,0.0,0.0,0.44566673333333334
2025-05-09 04:00:00,0.0,2.6666667833333335,0.5183333333333334
2025-05-09 05:00:00,0.0,3.341334133333333,0.36
2025-05-09 06:00:00,1.3333333333333334e-07,6.706667683333333,0.6125
2025-05-09 07:00:00,4.5000004166666665,6.916667516666666,0.3033333333333333
2025-05-09 08:00:00,5.716666933333333,12.133334066666666,0.8135002666666666
2025-05-09 09:00:00,6.6720004,12.800000416666668,2.7001668999999997
2025-05-09 10:00:00,6.840001683333334,11.340001766666667,4.013333666666667
2025-05-09 11:00:00,6.306668516666668,14.144667266666666,3.324167166666667
2025-05-09 12:00:00,6.313334900000001,14.125666666666666,3.4031667833333334
2025-05-09 13:00:00,6.876667883333334,13.367333466666667,2.729333533333333
2025-05-09 14:00:00,2.123335833333333,13.402000483333333,2.7125001833333333
2025-05-09 15:00:00,1.2400031999999999,9.581334316666668,3.1125001833333332
2025-05-09 16:00:00,1.1190037333333334,7.520000933333333,2.7616668166666662
2025-05-09 17:00:00,2.9733351,8.710000299999999,2.66950045
2025-05-09 18:00:00,0.07333513333333333,8.382333783333333,1.9138340833333334
2025-05-09 19:00:00,1.1666666666666667e-07,2.74033425,2.9548335999999997
2025-05-09 20:00:00,0.0,0.41600003333333335,1.8316667666666664
2025-05-09 21:00:00,0.0,0.0,0.18
2025-05-09 22:00:00,0.0,0.0,0.265
2025-05-09 23:00:00,0.0,0.0,0.3700000166666667
2025-05-10 00:00:00,0.0,0.0,0.47833343333333334
2025-05-10 01:00:00,0.0,0.0,0.3826666666666667
2025-05-10 02:00:00,0.0,0.0,0.53
2025-05-10 03:00:00,0.0,0.0,0.394
2025-05-10 04:00:00,0.0,0.0,0.462
2025-05-10 05:00:00,0.0,1.4833338166666667,0.462
2025-05-10 06:00:00,0.0,6.530000433333334,0.394
2025-05-10 07:00:00,0.0,9.994000316666666,0.53
2025-05-10 08:00:00,0.0,8.810666666666666,0.4568333333333333
2025-05-10 09:00:00,0.0,8.56,1.4665000166666666
2025-05-10 10:00:00,0.0,9.780000366666668,2.900000016666666
2025-05-10 11:00:00,0.0,13.740000233333332,3.2393333666666666
2025-05-10 12:00:00,0.0,8.541001,3.4563333666666667
2025-05-10 13:00:00,0.0,13.4500007,3.2576666666666667
2025-05-10 14:00:00,0.0,15.816667566666666,3.4096666666666664
2025-05-10 15:00:00,0.0,9.1666675,3.3026667
2025-05-10 16:00:00,0.0,14.606667233333333,2.8696667166666665
2025-05-10 17:00:00,0.0,8.862333883333335,2.68600005
2025-05-10 18:00:00,0.0,6.72866775,0.9591667
2025-05-10 19:00:00,0.0,7.3500008,0.8098333666666666
2025-05-10 20:00:00,0.0,8.79000055,0.3826666666666667
2025-05-10 21:00:00,0.0,1.5833337666666667,0.4375000666666667
2025-05-10 22:00:00,0.0,0.0,0.3336666833333333
2025-05-10 23:00:00,0.0,0.0,0.2473334
2025-05-11 00:00:00,0.0,0.0,0.29933336666666666
2025-05-11 01:00:00,0.0,0.0,0.34466673333333336
2025-05-11 02:00:00,0.0,0.0,0.3571666666666667
2025-05-11 03:00:00,0.0,0.0,0.2825
2025-05-11 04:00:00,0.0,0.0,0.2708333333333333
2025-05-11 05:00:00,0.0,1.9716670166666668,0.3683333833333334
2025-05-11 06:00:00,0.0,8.709000333333334,0.518
2025-05-11 07:00:00,0.0,7.983333533333333,0.4053333333333333
2025-05-11 08:00:00,0.0,13.7513334,1.2586667500000002
2025-05-11 09:00:00,0.0,13.865000066666665,2.78600025
2025-05-11 10:00:00,0.0,15.023000033333334,2.8730003166666664
2025-05-11 11:00:00,0.0,12.537334016666666,3.576000083333333
2025-05-11 12:00:00,0.0,6.850000516666667,3.2233334000000005
2025-05-11 13:00:00,0.0,9.8733341,3.2155
2025-05-11 14:00:00,0.0,16.376667416666667,3.3285000666666664
2025-05-11 15:00:00,0.0,5.740001,3.4535000166666663
2025-05-11 16:00:00,0.0,3.3910014333333334,2.708667066666667
2025-05-11 17:00:00,0.0,5.3333346,2.01900075
2025-05-11 18:00:00,0.0,6.516667616666668,3.205166683333333
2025-05-11 19:00:00,0.0,17.15000001666667,1.6588338333333335
2025-05-11 20:00:00,0.0,10.614333716666668,1.1826668833333336
2025-05-11 21:00:00,0.0,0.08333343333333333,0.5413333333333333
2025-05-11 22:00:00,0.0,0.0,0.34733335
2025-05-11 23:00:00,0.0,0.0,0.46350003333333334
2025-05-12 00:00:00,0.0,0.0,0.5133333833333333
2025-05-12 01:00:00,0.0,0.0,0.4666667
2025-05-12 02:00:00,0.0,0.0,0.4641667
2025-05-12 03:00:00,0.0,0.0,0.4551666833333333
2025-05-12 04:00:00,0.0,2.0000000000000002e-07,0.3796666666666667
2025-05-12 05:00:00,0.0,1e-06,0.496
2025-05-12 06:00:00,0.0,15.150000566666666,0.428
2025-05-12 07:00:00,0.00333365,16.712334066666667,0.428
2025-05-12 08:00:00,0.20000056666666666,17.7276679,1.2293334666666667
2025-05-12 09:00:00,4.530000683333333,18.4,2.291833633333334
2025-05-12 10:00:00,5.4460015,18.96,3.366333366666667
2025-05-12 11:00:00,5.966667666666666,19.006666666666668,2.9326666833333332
2025-05-12 12:00:00,6.393334333333334,16.803334083333336,3.4158333499999998
2025-05-12 13:00:00,5.885334366666667,16.45333485,3.4640002
2025-05-12 14:00:00,6.078668116666667,18.450000616666667,3.6553333833333332
2025-05-12 15:00:00,6.555334433333334,19.076666883333335,3.3020002833333333
2025-05-12 16:00:00,2.9373351,12.253333833333334,3.5993334000000003
2025-05-12 17:00:00,2.603334133333333,5.526667466666667,3.7995000166666664
2025-05-12 18:00:00,2.1033340166666665,4.213668166666667,3.1686669
2025-05-12 19:00:00,0.7186676666666666,0.8966681500000001,3.0273336
2025-05-12 20:00:00,0.0,1.3666666666666666e-06,0.4511667166666667
2025-05-12 21:00:00,0.0,3.8333333333333335e-07,0.3338333666666667
2025-05-12 22:00:00,0.0,0.0,0.33983335
2025-05-12 23:00:00,0.0,0.0,0.4295000166666667
2025-05-13 00:00:00,0.0,0.0,0.2708333333333333
2025-05-13 01:00:00,0.0,0.0,0.18583333333333335
2025-05-13 02:00:00,0.0,0.0,0.46666671666666665
2025-05-13 03:00:00,0.0,0.0,0.3165000333333334
2025-05-13 04:00:00,0.0,3.333333333333333e-07,0.6008333333333333
2025-05-13 05:00:00,0.0,5.57033345,0.3826666666666667
2025-05-13 06:00:00,0.11466725,4.433333983333333,0.4898333333333333
2025-05-13 07:00:00,0.8000008999999999,4.016668133333334,0.5950000333333334
2025-05-13 08:00:00,2.3120012,10.9400006,0.8251669500000001
2025-05-13 09:00:00,5.093001216666668,10.7293337,2.9791668666666666
2025-05-13 10:00:00,3.2783352500000005,5.847334233333333,2.8676668166666666
2025-05-13 11:00:00,3.48466845,16.9463338,3.1025002
2025-05-13 12:00:00,3.442002383333334,19.113333633333333,3.6791666666666667
2025-05-13 13:00:00,3.9266683833333342,18.926666933333333,3.201666816666666
2025-05-13 14:00:00,4.805002066666667,18.486666666666668,2.9833334000000002
2025-05-13 15:00:00,6.2646689,17.91666718333333,2.8541667833333335
2025-05-13 16:00:00,2.7876688333333335,16.66666795,3.7461668333333336
2025-05-13 17:00:00,0.23000178333333332,5.013334833333333,3.2246666666666663
2025-05-13 18:00:00,1e-06,3.7970011500000007,2.5280001333333333
2025-05-13 19:00:00,0.20000083333333332,8.263333766666667,0.8778335333333334
2025-05-13 20:00:00,0.0,3.196667483333333,0.45066666666666666
2025-05-13 21:00:00,0.0,0.0,0.4393333333333333
2025-05-13 22:00:00,0.0,0.0,0.4166666666666667
2025-05-13 23:00:00,0.0,0.0,0.41000005
2025-05-14 00:00:00,0.0,0.0,0.3058333333333333
2025-05-14 01:00:00,0.0,0.0,0.27066666666666667
2025-05-14 02:00:00,0.0,0.0,0.482
2025-05-14 03:00:00,0.0,0.0,0.4846666666666667
2025-05-14 04:00:00,0.0,0.4470000666666667,0.3713333333333333
2025-05-14 05:00:00,0.0,1.3180001666666665,0.5186666666666666
2025-05-14 06:00:00,4.6666666666666666e-07,9.129001483333333,0.36
2025-05-14 07:00:00,0.12000103333333333,10.95400115,0.6633336000000001
2025-05-14 08:00:00,2.4773351833333335,7.616667966666666,2.17900005
2025-05-14 09:00:00,3.18066875,11.6866672,2.8998333499999998
2025-05-14 10:00:00,3.323335366666667,11.796001200000001,3.423333416666667
2025-05-14 11:00:00,4.2006686166666665,13.987000166666666,3.0610000833333335
2025-05-14 12:00:00,5.187001816666667,13.448333816666667,3.65483335
2025-05-14 13:00:00,3.688335183333334,13.403000333333333,2.783166916666667
2025-05-14 14:00:00,3.1780026833333337,15.253333333333334,2.752667033333333
2025-05-14 15:00:00,4.8166681,9.38366725,2.7785003500000003
2025-05-14 16:00:00,4.5800019999999995,5.75666755,2.98500015
2025-05-14 17:00:00,2.24533505,9.313334066666666,2.6100002333333334
2025-05-14 18:00:00,1e-06,9.111000333333333,2.499000116666667
2025-05-14 19:00:00,0.0,6.7916672333333326,0.5400000333333334
2025-05-14 20:00:00,0.0,0.7720003333333334,0.22533333333333333
2025-05-14 21:00:00,0.0,0.0,0.21966666666666665
2025-05-14 22:00:00,0.0,0.0,0.20833333333333334
2025-05-14 23:00:00,0.0,0.0,0.29933336666666666
2025-05-15 00:00:00,0.0,0.0,0.4200000166666667
2025-05-15 01:00:00,0.0,0.0,0.48483335
2025-05-15 02:00:00,0.0,0.0,0.3791666833333333
2025-05-15 03:00:00,0.0,0.0,0.2708333333333333
2025-05-15 04:00:00,0.0,0.0,0.197
2025-05-15 05:00:00,0.0,3.5000006166666666,0.4671667
2025-05-15 06:00:00,0.024000216666666668,12.1740002,0.6066667
2025-05-15 07:00:00,0.46733434999999995,16.262001033333334,0.4525
2025-05-15 08:00:00,0.16400124999999996,14.2710005,0.5291666833333334
2025-05-15 09:00:00,1.4433345166666665,6.09766755,1.1958335
2025-05-15 10:00:00,3.324002266666667,14.300000100000002,2.15133335
2025-05-15 11:00:00,2.436002766666667,14.833333333333334,2.797
2025-05-15 12:00:00,3.1216682500000004,15.066666666666666,3.0758333833333333
2025-05-15 13:00:00,4.165001116666668,15.3,3.222500066666667
2025-05-15 14:00:00,4.708334766666667,15.206666666666665,3.2125001333333336
2025-05-15 15:00:00,6.356001816666667,14.693333333333333,3.562833416666667
2025-05-15 16:00:00,4.384002133333333,15.086666883333333,3.4216667333333333
2025-05-15 17:00:00,3.1866684000000003,14.443333516666668,3.408333383333333
2025-05-15 18:00:00,1.958334016666667,4.80400165,2.658000016666666
2025-05-15 19:00:00,0.0,1.3600009333333332,0.58533335
2025-05-15 20:00:00,0.0,0.6870000333333334,0.18
2025-05-15 21:00:00,0.0,0.0,0.265
2025-05-15 22:00:00,0.0,0.0,0.44933335
2025-05-15 23:00:00,0.0,0.0,0.46083335
2025-05-16 00:00:00,0.0,0.0,0.31733335
2025-05-16 01:00:00,0.0,0.0,0.37400003333333337
2025-05-16 02:00:00,0.0,0.0,0.3803333666666667
2025-05-16 03:00:00,0.0,0.0,0.28833335
2025-05-16 04:00:00,0.0,0.0,0.35000003333333335
2025-05-16 05:00:00,0.0,1.1880001666666664,0.32283335
2025-05-16 06:00:00,0.9583334333333333,3.31333375,0.214
2025-05-16 07:00:00,2.9566668166666665,8.213333800000001,0.231
2025-05-16 08:00:00,3.5800011833333336,9.046667,0.25066668333333336
2025-05-16 09:00:00,3.947334316666667,8.78333415,1.3076667833333333
2025-05-16 10:00:00,3.8540017000000004,16.6800001,2.4248335500000002
2025-05-16 11:00:00,4.21733445,19.74,2.898500266666667
2025-05-16 12:00:00,4.0093339,19.160000683333333,3.6498334000000003
2025-05-16 13:00:00,1.92533485,19.41333333333333,2.99350005
2025-05-16 14:00:00,1.160002,14.030000616666666,2.8215
2025-05-16 15:00:00,1.4066685333333333,16.350000583333333,3.3210002333333333
2025-05-16 16:00:00,1.02333515,8.527000916666665,3.362333383333333
2025-05-16 17:00:00,0.9133342333333333,8.706667450000001,3.1351666833333334
2025-05-16 18:00:00,0.28000088333333334,7.270000866666667,2.83900035
2025-05-16 19:00:00,1.3333333333333334e-07,10.714333733333333,2.016000516666667
2025-05-16 20:00:00,0.0,4.244667233333334,0.214
2025-05-16 21:00:00,0.0,0.0,0.231
2025-05-16 22:00:00,0.0,0.0,0.49600004999999997
2025-05-16 23:00:00,0.0,0.0,0.3741667166666667
2025-05-17 00:00:00,0.0,0.0,0.37916675000000005
2025-05-17 01:00:00,0.0,0.0,0.21983333333333335
2025-05-17 02:00:00,0.0,0.0,0.4255
2025-05-17 03:00:00,0.0,0.0,0.53
2025-05-17 04:00:00,0.0,0.018000016666666667,0.36
2025-05-17 05:00:00,0.0,1.3710000666666666,0.53
2025-05-17 06:00:00,0.0,3.187667466666667,0.36
2025-05-17 07:00:00,0.0,11.083666966666668,0.53
2025-05-17 08:00:00,0.0,18.30666666666667,1.3176668166666667
2025-05-17 09:00:00,0.0,18.246666749999996,2.3248336666666662
2025-05-17 10:00:00,0.0,17.226000850000002,2.91916675
2025-05-17 11:00:00,0.0,18.8400003,3.10433335
2025-05-17 12:00:00,0.0,17.363333366666666,2.548333533333333
2025-05-17 13:00:00,0.0,9.406667183333333,2.9241667333333337
2025-05-17 14:00:00,0.0,6.12333475,2.8601669333333333
2025-05-17 15:00:00,0.0,13.007333716666668,2.667500333333333
2025-05-17 16:00:00,0.0,12.528000616666667,3.2131668333333336
2025-05-17 17:00:00,0.0,12.786666666666665,2.9035004166666667
2025-05-17 18:00:00,0.0,11.420667333333334,2.5506672000000004
2025-05-17 19:00:00,0.0,6.274333933333334,2.881000333333333
2025-05-17 20:00:00,0.0,1.5900002833333333,1.6740006333333333
2025-05-17 21:00:00,0.0,0.0066668,0.2601666833333333
2025-05-17 22:00:00,0.0,0.0,0.2881666833333333
2025-05-17 23:00:00,0.0,0.0,0.4491666833333333
2025-05-18 00:00:00,0.0,0.0,0.4261666666666667
2025-05-18 01:00:00,0.0,0.0,0.19133333333333336
2025-05-18 02:00:00,0.0,0.0,0.3735
2025-05-18 03:00:00,0.0,0.0,0.48650003333333336
2025-05-18 04:00:00,0.0,0.0,0.3683333333333333
2025-05-18 05:00:00,0.0,8.833333333333333e-07,0.2996666666666667
2025-05-18 06:00:00,0.0,1.3760005499999999,0.197
2025-05-18 07:00:00,0.0,5.079667700000001,0.3758333333333333
2025-05-18 08:00:00,0.0,7.422000850000001,0.6433334166666667
2025-05-18 09:00:00,0.0,8.316667383333334,1.2140001
2025-05-18 10:00:00,0.0,12.106666716666666,2.56250015
2025-05-18 11:00:00,0.0,11.306666816666667,3.2391669
2025-05-18 12:00:00,0.0,13.423333416666667,3.0950000999999996
2025-05-18 13:00:00,0.0,13.44,3.1431668
2025-05-18 14:00:00,0.0,9.510000066666665,2.931000083333333
2025-05-18 15:00:00,0.0,7.6700001166666665,3.415000083333333
2025-05-18 16:00:00,0.0,8.44,3.4153334833333333
2025-05-18 17:00:00,0.0,8.552333483333333,3.15750005
2025-05-18 18:00:00,0.0,7.436667683333333,2.98500005
2025-05-18 19:00:00,0.0,6.162001166666667,2.7653334333333333
2025-05-18 20:00:00,0.0,0.6300010166666667,0.4418333333333333
2025-05-18 21:00:00,0.0,1.6666666666666667e-08,0.4483333333333333
2025-05-18 22:00:00,0.0,0.0,0.4268333333333333
2025-05-18 23:00:00,0.0,0.0,0.5075000333333334
2025-05-19 00:00:00,0.0,0.0,0.5891666666666666
2025-05-19 01:00:00,0.0,0.0,0.4538333333333333
2025-05-19 02:00:00,0.0,0.0,0.2823333333333333
2025-05-19 03:00:00,0.0,0.0,0.2823333333333333
2025-05-19 04:00:00,0.0,1.6000000333333335,0.4033333666666667
2025-05-19 05:00:00,0.0,16.396666983333333,0.5425000333333334
2025-05-19 06:00:00,0.0,15.753001016666667,0.3826666666666667
2025-05-19 07:00:00,0.0,16.354001,0.5073333333333333
2025-05-19 08:00:00,0.3753344166666666,17.500001083333334,1.8833334166666669
2025-05-19 09:00:00,2.971334316666667,18.930000833333334,2.8076666833333332
2025-05-19 10:00:00,3.6603344,12.600000533333334,2.100500666666666
2025-05-19 11:00:00,4.099001283333334,3.943667766666667,2.819333566666667
2025-05-19 12:00:00,5.4100014666666665,2.4573354000000003,3.392166733333333
2025-05-19 13:00:00,5.17500065,9.8500007,2.91083385
2025-05-19 14:00:00,5.136667683333333,13.9333335,3.2296667
2025-05-19 15:00:00,6.522001200000001,13.722000233333333,2.899833383333333
2025-05-19 16:00:00,5.971001116666668,13.396666933333334,2.7005002
2025-05-19 17:00:00,1.3033335833333333,12.883333733333332,3.07233335
2025-05-19 18:00:00,0.060000233333333326,12.166666866666667,2.5631668333333337
2025-05-19 19:00:00,0.0,2.3600005499999996,1.0066667666666667
2025-05-19 20:00:00,0.0,1.5300003166666667,0.4583333666666667
2025-05-19 21:00:00,0.0,0.0,0.2765
2025-05-19 22:00:00,0.0,0.0,0.2601666833333333
2025-05-19 23:00:00,0.0,0.0,0.40066673333333336
2025-05-20 00:00:00,0.0,0.0,0.4551667
2025-05-20 01:00:00,0.0,0.0,0.2765
2025-05-20 02:00:00,0.0,0.0,0.5541667166666666
2025-05-20 03:00:00,0.0,0.0,0.3686666833333333
2025-05-20 04:00:00,0.0,0.0,0.41533335
2025-05-20 05:00:00,0.0,3.0000000000000004e-07,0.462
2025-05-20 06:00:00,0.0,3.7323346833333333,0.462
2025-05-20 07:00:00,1.4276671500000002,13.846668150000001,0.37800001666666666
2025-05-20 08:00:00,3.4210018833333335,15.25000175,0.4083333333333333
2025-05-20 09:00:00,4.0650024,17.350000366666666,0.8630006333333333
2025-05-20 10:00:00,4.721002500000001,17.5383335,2.8520002333333334
2025-05-20 11:00:00,4.481668466666667,18.844333416666665,3.535333383333333
2025-05-20 12:00:00,2.4816682500000002,19.0,3.112666933333333
2025-05-20 13:00:00,5.012335316666666,18.662333633333333,3.7805
2025-05-20 14:00:00,6.098668950000001,18.858667150000002,3.4193333333333333
2025-05-20 15:00:00,6.454668683333335,14.97000095,3.006333366666667
2025-05-20 16:00:00,4.826669,13.24933435,2.8476666833333333
2025-05-20 17:00:00,4.796667716666667,12.532000766666666,2.764833383333333
2025-05-20 18:00:00,3.390666916666667,12.276667083333333,2.939000066666667
2025-05-20 19:00:00,0.0,1.6836683666666665,0.8998337166666667
2025-05-20 20:00:00,0.0,4.483334233333333,0.5413333333333333
2025-05-20 21:00:00,0.0,0.0,0.41883335
2025-05-20 22:00:00,0.0,0.0,0.3966666833333333
2025-05-20 23:00:00,0.0,0.0,0.3406666666666667
2025-05-21 00:00:00,0.0,0.0,0.3231666666666667
2025-05-21 01:00:00,0.0,0.0,0.49650001666666665
2025-05-21 02:00:00,0.0,0.0,0.4053333333333333
2025-05-21 03:00:00,0.0,0.0,0.45066666666666666
2025-05-21 04:00:00,0.0,0.15300013333333334,0.47333333333333333
2025-05-21 05:00:00,0.0,0.14900013333333334,0.3826666666666667
2025-05-21 06:00:00,0.0,0.14333386666666667,0.5413333333333333
2025-05-21 07:00:00,0.0,11.193333600000003,0.38266669999999997
2025-05-21 08:00:00,0.17000058333333334,7.47733385,1.4596672666666666
2025-05-21 09:00:00,2.211667916666667,8.233333433333334,1.92733395
2025-05-21 10:00:00,4.334334833333333,17.136666916666666,3.1205001333333335
2025-05-21 11:00:00,4.0666684,18.653333533333335,3.3983334
2025-05-21 12:00:00,3.6723353833333334,16.50333345,3.733333383333333
2025-05-21 13:00:00,3.888001900000001,11.486666866666667,2.5041673833333333
2025-05-21 14:00:00,4.857001783333334,12.035001,2.6290002833333332
2025-05-21 15:00:00,6.230001850000001,12.08866745,2.0826671166666664
2025-05-21 16:00:00,5.4626678,11.29733465,3.16333335
2025-05-21 17:00:00,1.3353344333333335,10.291667566666668,3.3881666666666663
2025-05-21 18:00:00,8.000000000000001e-07,4.870001216666667,3.0278333666666666
2025-05-21 19:00:00,0.0,4.855667683333333,1.8636669666666668
2025-05-21 20:00:00,0.0,4.923667466666667,2.1053334833333333
2025-05-21 21:00:00,0.0,3.0000000833333336,0.35000003333333335
2025-05-21 22:00:00,0.0,0.0,0.5133333999999999
2025-05-21 23:00:00,0.0,0.0,0.47250005
2025-05-22 00:00:00,0.0,0.0,0.3966666833333333
2025-05-22 01:00:00,0.0,0.0,0.6306666833333332
2025-05-22 02:00:00,0.0,0.0,0.5133333833333333
2025-05-22 03:00:00,0.0,0.0,0.40683335
2025-05-22 04:00:00,0.0,0.22100006666666666,0.4713333333333333
2025-05-22 05:00:00,0.0,2.816667733333334,0.5413333333333333
2025-05-22 06:00:00,8.666666666666667e-07,6.306334433333333,0.3826666666666667
2025-05-22 07:00:00,0.040000966666666665,4.19000145,0.5073333333333333
2025-05-22 08:00:00,0.55000095,7.646667666666667,0.49333335
2025-05-22 09:00:00,3.1813353833333333,13.400000316666667,2.261666883333333
2025-05-22 10:00:00,4.468334866666667,7.233334650000001,3.2180001333333332
2025-05-22 11:00:00,5.816335416666667,10.152000616666665,3.0235001833333333
2025-05-22 12:00:00,5.17033475,13.570000183333333,3.2578334666666664
2025-05-22 13:00:00,5.136667733333334,17.6800001,3.042833666666666
2025-05-22 14:00:00,6.661334633333333,14.142000016666668,3.0563335
2025-05-22 15:00:00,6.7866686833333345,13.966000133333333,3.5985001333333333
2025-05-22 16:00:00,4.362667816666667,13.37300015,3.237333416666667
2025-05-22 17:00:00,1.274001,11.523334299999998,3.1085001666666665
2025-05-22 18:00:00,0.033333350000000005,13.504000566666665,3.2268335166666664
2025-05-22 19:00:00,0.0,8.395001,1.03583345
2025-05-22 20:00:00,0.0,1.5833341833333334,0.231
2025-05-22 21:00:00,0.0,0.0,0.231
2025-05-22 22:00:00,0.0,0.0,0.3115
2025-05-22 23:00:00,0.0,0.0,0.4305000166666667
2025-05-23 00:00:00,0.0,0.0,0.42583336666666666
2025-05-23 01:00:00,0.0,0.0,0.19133333333333336
2025-05-23 02:00:00,0.0,0.0,0.3981667
2025-05-23 03:00:00,0.0,0.0,0.55683335
2025-05-23 04:00:00,0.0,0.0,0.36850003333333337
2025-05-23 05:00:00,0.0,2.6233337999999997,0.24233333333333335
2025-05-23 06:00:00,0.0,10.220001049999999,0.46816671666666665
2025-05-23 07:00:00,0.0,11.871000766666667,0.3826666666666667
2025-05-23 08:00:00,0.5306677833333333,13.4200004,0.47500003333333335
2025-05-23 09:00:00,1.3730028833333334,14.2566669,2.86150025
2025-05-23 10:00:00,4.603335116666667,14.541000033333333,3.2051668833333333
2025-05-23 11:00:00,4.163335133333333,13.467333550000001,3.7191667333333336
2025-05-23 12:00:00,2.753335066666667,9.846667166666668,3.3606668166666664
2025-05-23 13:00:00,3.9500010666666667,6.76000065,3.3396668166666665
2025-05-23 14:00:00,4.073334616666667,15.835666833333333,2.967666833333334
2025-05-23 15:00:00,4.2980018,13.944333883333334,2.7026667000000004
2025-05-23 16:00:00,4.737335133333333,12.948000466666668,3.0455001333333334
2025-05-23 17:00:00,5.8766678,13.063333716666667,3.9618333666666667
2025-05-23 18:00:00,5.000001,8.804001183333334,3.44933335
2025-05-23 19:00:00,0.9166673166666667,1.2383344333333335,1.4538336
2025-05-23 20:00:00,0.0,0.08333426666666668,0.5181668333333334
2025-05-23 21:00:00,0.0,0.0,0.6241666666666666
2025-05-23 22:00:00,0.0,0.0,0.49583336666666666
2025-05-23 23:00:00,0.0,0.0,0.3231667
2025-05-24 00:00:00,0.0,0.0,0.4201666833333333
2025-05-24 01:00:00,0.0,0.0,0.24166673333333336
2025-05-24 02:00:00,0.0,0.0,0.214
2025-05-24 03:00:00,0.0,0.0,0.38350005
2025-05-24 04:00:00,0.0,0.0,0.47333333333333333
2025-05-24 05:00:00,0.0,0.23100001666666667,0.3826666666666667
2025-05-24 06:00:00,0.0,8.089666900000001,0.4381667166666667
2025-05-24 07:00:00,0.0,12.52633375,0.47333333333333333
2025-05-24 08:00:00,0.0,17.203333333333333,0.5616668333333333
2025-05-24 09:00:00,0.0,18.244000249999996,1.3335001833333333
2025-05-24 10:00:00,0.0,18.070333583333333,3.8656667000000002
2025-05-24 11:00:00,0.0,8.426000716666668,4.005333333333334
2025-05-24 12:00:00,0.0,12.343333566666667,4.084666666666666
2025-05-24 13:00:00,0.0,11.367333583333332,3.9713333333333334
2025-05-24 14:00:00,0.0,13.423333399999999,4.118666666666667
2025-05-24 15:00:00,0.0,6.645667183333334,3.96
2025-05-24 16:00:00,0.0,8.197000133333333,3.960833383333333
2025-05-24 17:00:00,0.0,10.881667083333333,2.8766669333333335
2025-05-24 18:00:00,0.0,5.922667333333333,3.0540002
2025-05-24 19:00:00,0.0,5.391000016666667,1.6518336000000002
2025-05-24 20:00:00,0.0,8.359666766666667,0.7816667833333334
2025-05-24 21:00:00,0.0,0.6666666833333332,0.4166666666666667
2025-05-24 22:00:00,0.0,0.0,0.5386667166666668
2025-05-24 23:00:00,0.0,0.0,0.4366666833333333
2025-05-25 00:00:00,0.0,0.0,0.3686667
2025-05-25 01:00:00,0.0,0.0,0.3850000333333334
2025-05-25 02:00:00,0.0,0.0,0.3
2025-05-25 03:00:00,0.0,0.0,0.3851667
2025-05-25 04:00:00,0.0,0.0,0.2708333666666667
2025-05-25 05:00:00,0.0,0.039000016666666665,0.30583335
2025-05-25 06:00:00,0.0,1.6996669333333334,0.4630000166666667
2025-05-25 07:00:00,0.0,5.4166675,0.3713337333333333
2025-05-25 08:00:00,0.0,8.200000583333335,2.1645008166666666
2025-05-25 09:00:00,0.0,9.81333395,3.1833336333333335
2025-05-25 10:00:00,0.0,13.449333600000001,3.1850004
2025-05-25 11:00:00,0.0,17.8063334,3.813333383333333
2025-05-25 12:00:00,0.0,16.097333683333332,4.057333333333333
2025-05-25 13:00:00,0.0,15.163333483333332,3.9326666666666665
2025-05-25 14:00:00,0.0,18.24133345,2.6233340333333337
2025-05-25 15:00:00,0.0,18.9000003,2.537000566666667
2025-05-25 16:00:00,0.0,18.14200035,2.875000216666667
2025-05-25 17:00:00,0.0,18.11300025,2.4766667
2025-05-25 18:00:00,0.0,16.870000216666668,3.0531668333333335
2025-05-25 19:00:00,0.0,9.28333395,2.481666966666667
2025-05-25 20:00:00,0.0,8.166666750000001,0.32333401666666667
2025-05-25 21:00:00,0.0,0.0,0.4433333666666667
2025-05-25 22:00:00,0.0,0.0,0.4191666666666667
2025-05-25 23:00:00,0.0,0.0,0.50833335
2025-05-26 00:00:00,0.0,0.0,0.24750006666666666
2025-05-26 01:00:00,0.0,0.0,0.3270000333333334
2025-05-26 02:00:00,0.0,0.0,0.4541666833333333
2025-05-26 03:00:00,0.0,0.0,0.58333335
2025-05-26 04:00:00,0.0,0.0,0.35000003333333335
2025-05-26 05:00:00,0.0,0.0,0.46083335
2025-05-26 06:00:00,6.166666666666667e-07,5.04666705,0.21966666666666665
2025-05-26 07:00:00,1.5833346333333334,12.220001116666667,0.22533333333333333
2025-05-26 08:00:00,2.95566825,10.032334650000001,1.35633335
2025-05-26 09:00:00,3.2683348,9.184667316666665,2.319500166666667
2025-05-26 10:00:00,4.09166945,15.464000300000002,3.0980000999999997
2025-05-26 11:00:00,6.790001183333333,17.635667183333332,2.9895000166666663
2025-05-26 12:00:00,6.400001050000001,17.560000666666667,3.0213333333333336
2025-05-26 13:00:00,6.0846676833333335,19.50700013333333,2.9786667000000002
2025-05-26 14:00:00,6.678668066666667,13.936333849999999,3.1738335500000003
2025-05-26 15:00:00,5.511335633333334,14.104000533333334,3.052000066666667
2025-05-26 16:00:00,5.769335333333333,17.949000416666667,3.096333383333333
2025-05-26 17:00:00,4.1950010833333335,11.359668066666668,3.2411666833333332
2025-05-26 18:00:00,5.0000000000000004e-08,12.125667,1.3080000666666667
2025-05-26 19:00:00,0.0,7.7823340666666665,0.3103334666666667
2025-05-26 20:00:00,0.0,10.89333345,0.21966666666666665
2025-05-26 21:00:00,0.0,0.3060000166666667,0.4270000166666667
2025-05-26 22:00:00,0.0,0.0,0.335
2025-05-26 23:00:00,0.0,0.0,0.3801667166666667
2025-05-27 00:00:00,0.0,0.0,0.38500005
2025-05-27 01:00:00,0.0,0.0,0.4433333833333334
2025-05-27 02:00:00,0.0,0.0,0.4958333833333334
2025-05-27 03:00:00,0.0,0.0,0.36
2025-05-27 04:00:00,0.0,0.37600001666666666,0.53
2025-05-27 05:00:00,0.0,1.1420000499999998,0.3826666666666667
2025-05-27 06:00:00,0.0,2.47500035,0.5073333333333333
2025-05-27 07:00:00,3.3333333333333334e-08,11.27033415,0.4166666666666667
2025-05-27 08:00:00,0.07600138333333332,9.943333883333334,0.47333333333333333
2025-05-27 09:00:00,2.67200135,8.483333833333335,0.9025000333333334
2025-05-27 10:00:00,5.67133495,10.129333433333334,2.9460000833333333
2025-05-27 11:00:00,5.0946681666666676,11.779000083333335,3.09066675
2025-05-27 12:00:00,4.926667683333333,15.455666683333336,3.2206667166666665
2025-05-27 13:00:00,5.218334333333333,18.906666783333336,3.031
2025-05-27 14:00:00,4.8433346,18.777000466666664,3.014
2025-05-27 15:00:00,3.880002133333334,15.85666705,3.386333383333333
2025-05-27 16:00:00,5.893668716666667,14.280333833333334,2.9311668833333333
2025-05-27 17:00:00,4.8850023333333334,14.58833375,3.587500016666666
2025-05-27 18:00:00,0.20833433333333334,8.651000216666665,3.8816666833333335
2025-05-27 19:00:00,7.666666666666667e-07,3.269,3.456500033333333
2025-05-27 20:00:00,0.0,0.0,1.2960000333333335
2025-05-27 21:00:00,0.0,0.0,0.428
2025-05-27 22:00:00,0.0,0.0,0.462
2025-05-27 23:00:00,0.0,0.0,0.3783333833333334
2025-05-28 00:00:00,0.0,0.0,0.2765
2025-05-28 01:00:00,0.0,0.0,0.434
2025-05-28 02:00:00,0.0,0.0,0.5425000166666666
2025-05-28 03:00:00,0.0,0.0,0.5073333333333333
2025-05-28 04:00:00,0.0,0.0,0.4166666666666667
2025-05-28 05:00:00,0.0,0.0,0.4393333333333333
2025-05-28 06:00:00,7e-07,5.7500000333333325,0.4846666666666667
2025-05-28 07:00:00,1e-06,10.75966755,0.3826666666666667
2025-05-28 08:00:00,0.6813352166666666,11.36666705,1.1046666833333334
2025-05-28 09:00:00,3.4776686666666667,11.623334116666667,1.31966675
2025-05-28 10:00:00,5.498668283333333,12.350000399999999,3.1580000333333333
2025-05-28 11:00:00,3.170001416666667,15.752333566666666,3.23900005
2025-05-28 12:00:00,2.943001983333334,15.530334316666668,3.047333383333333
2025-05-28 13:00:00,3.5193348833333338,14.868667466666666,3.045500083333333
2025-05-28 14:00:00,4.153334616666667,18.756,3.067333366666667
2025-05-28 15:00:00,4.951668833333333,15.796666733333334,3.2785000833333333
2025-05-28 16:00:00,5.267001883333333,14.216666683333335,3.357500116666667
2025-05-28 17:00:00,1.85333355,9.564000433333332,3.296833383333333
2025-05-28 18:00:00,0.0,12.940333849999998,3.4115000166666665
2025-05-28 19:00:00,0.0,14.744666733333334,2.1335000666666666
2025-05-28 20:00:00,0.0,8.168000033333334,0.40833338333333336
2025-05-28 21:00:00,0.0,0.0,0.27066666666666667
2025-05-28 22:00:00,0.0,0.0,0.19133333333333336
2025-05-28 23:00:00,0.0,0.0,0.2706667
2025-05-29 00:00:00,0.0,0.0,0.43750001666666666
2025-05-29 01:00:00,0.0,0.0,0.4305
2025-05-29 02:00:00,0.0,0.0,0.42583335
2025-05-29 03:00:00,0.0,0.0,0.19133333333333336
2025-05-29 04:00:00,0.0,0.0,0.4288333333333333
2025-05-29 05:00:00,0.0,0.0,0.45066666666666666
2025-05-29 06:00:00,0.3750002,3.153000866666667,0.4053333333333333
2025-05-29 07:00:00,2.2620002,16.11600101666667,0.4661667
2025-05-29 08:00:00,3.050000783333334,17.492334283333335,1.7550004833333332
2025-05-29 09:00:00,3.2983349000000004,19.414666783333335,2.524000466666666
2025-05-29 10:00:00,0.8646700999999999,18.403333333333332,3.0676667
2025-05-29 11:00:00,0.92166975,15.180000283333333,2.89766675
2025-05-29 12:00:00,0.9886697499999999,18.54333345,2.6020001333333336
2025-05-29 13:00:00,4.301335216666668,15.801666966666668,2.595
2025-05-29 14:00:00,6.532668766666667,13.476666883333333,2.5846667
2025-05-29 15:00:00,5.229335783333333,11.420333733333333,2.5198337333333334
2025-05-29 16:00:00,6.533334866666667,10.224000483333333,2.77216675
2025-05-29 17:00:00,4.331334683333333,8.406667033333333,3.458000166666667
2025-05-29 18:00:00,3.2946678333333335,7.096667383333333,3.084000266666667
2025-05-29 19:00:00,0.020000783333333334,9.446667849999999,0.9515003000000001
2025-05-29 20:00:00,0.0,5.104001183333333,0.6761669
2025-05-29 21:00:00,0.0,0.0,0.31666669999999997
2025-05-29 22:00:00,0.0,0.0,0.39083334999999997
2025-05-29 23:00:00,0.0,0.0,0.46666675
2025-05-30 00:00:00,0.0,0.0,0.41416675000000003
2025-05-30 01:00:00,0.0,0.0,0.2765
2025-05-30 02:00:00,0.0,0.0,0.38016669999999997
2025-05-30 03:00:00,0.0,0.0,0.518
2025-05-30 04:00:00,0.0,2.1666666666666667e-07,0.428
2025-05-30 05:00:00,0.0,1.8166666666666667e-06,0.496
2025-05-30 06:00:00,0.5833341166666667,5.790334483333334,0.5366666666666666
2025-05-30 07:00:00,4.40000065,6.943334283333334,0.5791668000000001
2025-05-30 08:00:00,4.625334633333334,7.1200010166666665,2.49300015
2025-05-30 09:00:00,5.9230023166666665,7.44033415,3.027000183333333
2025-05-30 10:00:00,7.073001916666667,10.020000966666666,3.6103335500000004
2025-05-30 11:00:00,4.928335466666668,14.379333816666668,3.7030001833333333
2025-05-30 12:00:00,4.2800013833333335,14.54,3.506000183333333
2025-05-30 13:00:00,3.9550012500000005,14.4,3.3615001333333336
2025-05-30 14:00:00,4.800001766666667,14.33400005,3.4108336
2025-05-30 15:00:00,3.610002816666667,13.686666666666666,3.0635001833333333
2025-05-30 16:00:00,3.422669166666667,13.218000733333332,2.7971668
2025-05-30 17:00:00,0.6833340499999999,5.735001566666667,2.7056666833333334
2025-05-30 18:00:00,0.16666708333333333,5.39066755,3.2066668166666665
2025-05-30 19:00:00,0.0,7.4203341499999995,1.3701667666666666
2025-05-30 20:00:00,0.0,7.50000025,0.47833333333333333
2025-05-30 21:00:00,0.0,2.5e-07,0.3115
2025-05-30 22:00:00,0.0,0.0,0.2765
2025-05-30 23:00:00,0.0,0.0,0.35233333333333333
2025-05-31 00:00:00,0.0,0.0,0.495
2025-05-31 01:00:00,0.0,0.0,0.5186666666666666
2025-05-31 02:00:00,0.0,0.0,0.3713333333333333
2025-05-31 03:00:00,0.0,0.0,0.5186666666666666
2025-05-31 04:00:00,0.0,0.0,0.3713333333333333
2025-05-31 05:00:00,0.0,2.2410006333333334,0.5293333333333333
2025-05-31 06:00:00,0.0,6.472667683333333,0.4221666666666667
2025-05-31 07:00:00,0.0,15.219667633333332,0.40250005
2025-05-31 08:00:00,0.0,14.573000216666667,0.2535000333333333
2025-05-31 09:00:00,0.0,14.656666783333332,0.9888334666666667
2025-05-31 10:00:00,0.0,9.1533335,2.515166916666667
2025-05-31 11:00:00,0.0,13.733333733333334,3.0605002166666666
2025-05-31 12:00:00,0.0,15.536333849999998,3.0678334666666665
2025-05-31 13:00:00,0.0,8.00933475,3.18633335
2025-05-31 14:00:00,0.0,13.103666816666665,3.0695002
2025-05-31 15:00:00,0.0,13.246666666666666,3.0263333333333335
2025-05-31 16:00:00,0.0,13.5300001,3.0536666833333332
2025-05-31 17:00:00,0.0,12.5756668,3.0521668
2025-05-31 18:00:00,0.0,8.86166695,3.26700005
2025-05-31 19:00:00,0.0,1.4940000833333333,3.13883345
2025-05-31 20:00:00,0.0,0.15600003333333334,1.2586667000000002
2025-05-31 21:00:00,0.0,0.0,0.27083335
2025-05-31 22:00:00,0.0,0.0,0.5016666833333333
2025-05-31 23:00:00,0.0,0.0,0.24750006666666666
2025-06-01 00:00:00,0.0,0.0,0.5548333333333334
2025-06-01 01:00:00,0.0,0.0,0.3343333666666667
2025-06-01 02:00:00,0.0,0.0,0.51400005
2025-06-01 03:00:00,0.0,0.0,0.5066666833333333
2025-06-01 04:00:00,0.0,0.0,0.394
2025-06-01 05:00:00,0.0,0.6000000166666667,0.496
2025-06-01 06:00:00,0.0,15.61933355,0.394
2025-06-01 07:00:00,0.0,12.639333616666667,0.496
2025-06-01 08:00:00,0.0,14.834000216666666,1.2673335666666667
2025-06-01 09:00:00,0.0,8.393334200000002,1.9760004833333333
2025-06-01 10:00:00,0.0,11.91666745,3.0706667833333334
2025-06-01 11:00:00,0.0,8.356667733333333,3.5918334000000005
2025-06-01 12:00:00,0.0,15.280667266666665,2.4740003
2025-06-01 13:00:00,0.0,18.44133336666667,2.612666733333333
2025-06-01 14:00:00,0.0,16.95000075,1.6773338166666665
2025-06-01 15:00:00,0.0,17.706000699999997,2.0860003333333332
2025-06-01 16:00:00,0.0,18.64666666666667,2.6823334500000002
2025-06-01 17:00:00,0.0,16.750001049999998,3.0626667833333334
2025-06-01 18:00:00,0.0,13.515001049999999,3.003000066666667
2025-06-01 19:00:00,0.0,11.8053338,1.7591668166666667
2025-06-01 20:00:00,0.0,1.7563335333333334,0.61116675
2025-06-01 21:00:00,0.0,0.04800003333333334,0.46133335
2025-06-01 22:00:00,0.0,0.0,0.5186666666666666
2025-06-01 23:00:00,0.0,0.0,0.4421667166666667
2025-06-02 00:00:00,0.0,0.0,0.3335000333333334
2025-06-02 01:00:00,0.0,0.0,0.22533333333333333
2025-06-02 02:00:00,0.0,0.0,0.2940000166666667
2025-06-02 03:00:00,0.0,0.0,0.4200000166666667
2025-06-02 04:00:00,0.0,0.0,0.47833335
2025-06-02 05:00:00,0.0,0.344,0.22033333333333335
2025-06-02 06:00:00,0.0,0.9640002666666667,0.43633335
2025-06-02 07:00:00,8.833333333333333e-07,6.5230009,0.5121666666666667
2025-06-02 08:00:00,1.7553360333333334,7.4000010000000005,1.56583365
2025-06-02 09:00:00,4.555002366666667,19.360000083333333,3.50866685
2025-06-02 10:00:00,5.166002116666667,19.40666673333333,2.6670000333333332
2025-06-02 11:00:00,4.650668500000001,18.08000005,2.783
2025-06-02 12:00:00,4.020002083333334,18.040000066666668,2.6426666666666665
2025-06-02 13:00:00,2.26033595,19.556666749999998,2.6486668166666663
2025-06-02 14:00:00,3.93166895,19.206666833333333,2.6431667
2025-06-02 15:00:00,3.677002216666667,14.696667033333334,2.64650005
2025-06-02 16:00:00,3.6296684333333338,11.690000833333334,3.1116667833333334
2025-06-02 17:00:00,2.720667966666667,10.017334183333332,3.2975001666666666
2025-06-02 18:00:00,1.30133425,8.080333583333333,2.788667016666667
2025-06-02 19:00:00,0.0,7.783334033333333,0.8581667333333334
2025-06-02 20:00:00,0.0,0.0,0.496
2025-06-02 21:00:00,0.0,0.0,0.384
2025-06-02 22:00:00,0.0,0.0,0.30583335
2025-06-02 23:00:00,0.0,0.0,0.4316667
2025-06-03 00:00:00,0.0,0.0,0.50750005
2025-06-03 01:00:00,0.0,0.0,0.43750003333333337
2025-06-03 02:00:00,0.0,0.0,0.19133333333333336
2025-06-03 03:00:00,0.0,0.0,0.248
2025-06-03 04:00:00,0.0,0.0,0.214
2025-06-03 05:00:00,0.0,0.0,0.214
2025-06-03 06:00:00,0.0,4.447334416666666,0.248
2025-06-03 07:00:00,0.03866741666666667,8.516000900000002,0.19133333333333336
2025-06-03 08:00:00,0.9373343833333333,12.483334316666667,0.29733333333333334
2025-06-03 09:00:00,4.925669,13.050000216666668,0.39733335
2025-06-03 10:00:00,3.309668966666667,12.370000349999998,2.0840000666666665
2025-06-03 11:00:00,3.1526690833333335,13.009333333333334,3.5790000166666665
2025-06-03 12:00:00,4.090002016666666,12.374000733333332,3.420833383333333
2025-06-03 13:00:00,4.375001533333333,13.796334083333333,3.29000005
2025-06-03 14:00:00,3.8500021833333333,15.195667233333333,3.229666816666666
2025-06-03 15:00:00,4.564669066666667,9.086667566666668,3.1025000166666663
2025-06-03 16:00:00,3.7493355666666672,11.971000383333333,2.9971666833333335
2025-06-03 17:00:00,4.700000833333333,8.8710012,3.1856666833333334
2025-06-03 18:00:00,2.0416671833333333,9.759334650000001,3.01883335
2025-06-03 19:00:00,0.08333335000000001,9.100000216666666,2.9121667166666665
2025-06-03 20:00:00,0.0,5.500000433333334,0.5623333333333334
2025-06-03 21:00:00,0.0,2.000000066666667,0.214
2025-06-03 22:00:00,0.0,0.0,0.248
2025-06-03 23:00:00,0.0,0.0,0.3051667
2025-06-04 00:00:00,0.0,0.0,0.5506666833333332
2025-06-04 01:00:00,0.0,0.0,0.4736666833333333
2025-06-04 02:00:00,0.0,0.0,0.41433333333333333
2025-06-04 03:00:00,0.0,0.0,0.4316666666666667
2025-06-04 04:00:00,0.0,0.0,0.49000004999999996
2025-06-04 05:00:00,0.0,5.5e-07,0.3826666666666667
2025-06-04 06:00:00,0.08333421666666667,1.8500004333333333,0.6008333333333333
2025-06-04 07:00:00,2.5000009999999997,12.063333416666666,0.3826666666666667
2025-06-04 08:00:00,2.68133465,12.141333416666667,1.2448334333333333
2025-06-04 09:00:00,2.9046687000000007,9.00700055,2.4066669333333333
2025-06-04 10:00:00,2.7800020000000005,13.567000316666666,3.7916668166666665
2025-06-04 11:00:00,3.3533354,14.916666750000001,3.9170000166666665
2025-06-04 12:00:00,0.9583356833333332,13.997666833333334,3.7075000333333334
2025-06-04 13:00:00,0.9533355333333333,15.823666750000001,3.268833566666667
2025-06-04 14:00:00,2.075669483333334,14.044333783333334,3.012500066666667
2025-06-04 15:00:00,2.3386690166666666,8.853334583333334,3.1041671
2025-06-04 16:00:00,3.5840021666666666,9.934001033333335,3.385833416666667
2025-06-04 17:00:00,4.646668350000001,8.415000483333333,3.4963335166666667
2025-06-04 18:00:00,5.000000883333334,8.02333375,3.5051667166666665
2025-06-04 19:00:00,3.000000333333333,5.975001,1.37933335
2025-06-04 20:00:00,0.0,1.1110006833333332,0.20833333333333334
2025-06-04 21:00:00,0.0,0.0,0.25366666666666665
2025-06-04 22:00:00,0.0,0.0,0.231
2025-06-04 23:00:00,0.0,0.0,0.4025000166666667
2025-06-05 00:00:00,0.0,0.0,0.48650004999999996
2025-06-05 01:00:00,0.0,0.0,0.4165
2025-06-05 02:00:00,0.0,0.0,0.42583336666666666
2025-06-05 03:00:00,0.0,0.0,0.39733335
2025-06-05 04:00:00,0.0,0.0,0.27066666666666667
2025-06-05 05:00:00,0.0,0.0,0.265
2025-06-05 06:00:00,2.8333333333333336e-07,5.0953340166666665,0.4841667
2025-06-05 07:00:00,1e-06,6.811000933333333,0.595
2025-06-05 08:00:00,0.8333344,3.073669,0.6600001166666666
2025-06-05 09:00:00,3.2276678333333333,4.946667883333333,2.93816685
2025-06-05 10:00:00,3.8053353000000003,5.123333983333333,3.379833416666667
2025-06-05 11:00:00,4.186668716666667,13.550000833333334,3.024000183333333
2025-06-05 12:00:00,4.174668733333334,18.958000366666667,3.3141668333333336
2025-06-05 13:00:00,3.26633545,18.909666916666666,3.32200025
2025-06-05 14:00:00,6.341335266666667,18.18366708333333,3.315333433333333
2025-06-05 15:00:00,4.3733352666666665,18.925000883333333,3.1138335166666664
2025-06-05 16:00:00,6.207334933333334,18.5600011,3.1175000833333333
2025-06-05 17:00:00,4.40533465,18.980000699999998,3.394833483333333
2025-06-05 18:00:00,1.6133336166666667,17.951667450000002,1.4660000499999999
2025-06-05 19:00:00,0.0,8.43700045,0.7883334833333333
2025-06-05 20:00:00,0.0,3.500000366666667,0.5191666833333334
2025-06-05 21:00:00,0.0,0.0,0.27066666666666667
2025-06-05 22:00:00,0.0,0.0,0.19133333333333336
2025-06-05 23:00:00,0.0,0.0,0.2765000166666667
2025-06-06 00:00:00,0.0,0.0,0.37333340000000004
2025-06-06 01:00:00,0.0,0.0,0.4491667
2025-06-06 02:00:00,0.0,0.0,0.19133333333333336
2025-06-06 03:00:00,0.0,0.0,0.265
2025-06-06 04:00:00,0.0,0.191,0.22550003333333332
2025-06-06 05:00:00,0.0,2.2166668,0.2765000166666667
2025-06-06 06:00:00,0.0,17.337333666666666,0.3756666833333333
2025-06-06 07:00:00,2.5833339833333335,11.73533365,0.37566669999999996
2025-06-06 08:00:00,1.6250014166666666,14.154666716666666,1.8230001500000002
2025-06-06 09:00:00,4.677001833333334,10.96000055,2.345000333333333
2025-06-06 10:00:00,6.569334783333334,9.36700095,2.1256669666666665
2025-06-06 11:00:00,6.810001650000001,8.341334566666667,2.336000116666667
2025-06-06 12:00:00,6.018335433333335,13.079333566666666,2.90250005
2025-06-06 13:00:00,5.6933351000000005,11.300000283333333,3.22483335
2025-06-06 14:00:00,6.734668116666667,18.70866666666667,3.762
2025-06-06 15:00:00,6.384668850000001,15.82133405,3.5286667833333336
2025-06-06 16:00:00,2.4016690499999997,13.846667533333333,3.4606667833333336
2025-06-06 17:00:00,1.0726667333333333,13.609667166666668,3.7650001333333334
2025-06-06 18:00:00,0.0,10.007667500000002,3.1543333833333334
2025-06-06 19:00:00,0.0,3.433333816666667,2.170666916666667
2025-06-06 20:00:00,0.0,0.0,0.4500001166666667
2025-06-06 21:00:00,0.0,0.0,0.4393333333333333
2025-06-06 22:00:00,0.0,0.0,0.4275
2025-06-06 23:00:00,0.0,0.0,0.39266673333333335
2025-06-07 00:00:00,0.0,0.0,0.44333335
2025-06-07 01:00:00,0.0,0.0,0.5075000166666667
2025-06-07 02:00:00,0.0,0.0,0.4550000166666667
2025-06-07 03:00:00,0.0,0.0,0.20266666666666666
2025-06-07 04:00:00,0.0,0.5833334,0.26516666666666666
2025-06-07 05:00:00,0.0,5.250000549999999,0.56
2025-06-07 06:00:00,0.0,6.361333866666667,0.4091666666666667
2025-06-07 07:00:00,0.0,7.812000283333333,0.45000001666666667
2025-06-07 08:00:00,0.0,12.555333433333335,2.047000516666667
2025-06-07 09:00:00,0.0,13.726666666666667,2.3030004666666666
2025-06-07 10:00:00,0.0,13.773333333333333,2.5115003500000004
2025-06-07 11:00:00,0.0,13.0220002,3.0716668166666663
2025-06-07 12:00:00,0.0,13.574000250000001,2.97600015
2025-06-07 13:00:00,0.0,12.4700005,2.8691668666666663
2025-06-07 14:00:00,0.0,13.0703339,3.26016675
2025-06-07 15:00:00,0.0,11.056666916666668,3.5065
2025-06-07 16:00:00,0.0,10.130000383333334,2.4230003166666667
2025-06-07 17:00:00,0.0,14.946666966666667,2.7015002
2025-06-07 18:00:00,0.0,12.313333733333334,3.3446667000000003
2025-06-07 19:00:00,0.0,3.7210004,2.023833616666667
2025-06-07 20:00:00,0.0,0.6136671333333332,1.1733336666666667
2025-06-07 21:00:00,0.0,0.0,0.22533333333333333
2025-06-07 22:00:00,0.0,0.0,0.23666666666666666
2025-06-07 23:00:00,0.0,0.0,0.31150001666666666
2025-06-08 00:00:00,0.0,0.0,0.2941666833333333
2025-06-08 01:00:00,0.0,0.0,0.265
2025-06-08 02:00:00,0.0,0.0,0.22566670000000003
2025-06-08 03:00:00,0.0,0.0,0.3383334666666667
2025-06-08 04:00:00,0.0,0.0,0.3291667
2025-06-08 05:00:00,0.0,0.0,0.394
2025-06-08 06:00:00,0.0,9.5770005,0.496
2025-06-08 07:00:00,0.0,9.4466679,0.36
2025-06-08 08:00:00,0.0,14.397666783333332,1.2073335
2025-06-08 09:00:00,0.0,9.294333616666666,2.1601669833333337
2025-06-08 10:00:00,0.0,3.0966676833333335,3.4960001666666667
2025-06-08 11:00:00,0.0,9.865667083333333,3.474000033333333
2025-06-08 12:00:00,0.0,18.487666683333334,3.1221666833333335
2025-06-08 13:00:00,0.0,15.214666983333332,3.1786667000000004
2025-06-08 14:00:00,0.0,12.293667066666666,3.25750005
2025-06-08 15:00:00,0.0,13.183333333333334,2.9405001333333334
2025-06-08 16:00:00,0.0,8.096667516666667,2.9078335
2025-06-08 17:00:00,0.0,5.296667650000001,3.7083333333333335
2025-06-08 18:00:00,0.0,10.266334066666666,2.7525001333333337
2025-06-08 19:00:00,0.0,8.57266685,2.1850001333333333
2025-06-08 20:00:00,0.0,2.83333405,1.4300000666666668
2025-06-08 21:00:00,0.0,0.8333333833333333,0.36
2025-06-08 22:00:00,0.0,0.0,0.462
2025-06-08 23:00:00,0.0,0.0,0.3880000333333334
2025-06-09 00:00:00,0.0,0.0,0.3850000333333334
2025-06-09 01:00:00,0.0,0.0,0.42583333333333334
2025-06-09 02:00:00,0.0,0.0,0.47333333333333333
2025-06-09 03:00:00,0.0,0.0,0.4166666666666667
2025-06-09 04:00:00,0.0,0.0,0.47333333333333333
2025-06-09 05:00:00,0.0,4.166666666666667e-07,0.4166666666666667
2025-06-09 06:00:00,6.499999999999999e-07,7.802667816666667,0.47333333333333333
2025-06-09 07:00:00,1.1166666666666666e-06,9.639668316666668,0.34616668333333334
2025-06-09 08:00:00,0.77266735,6.9966681,1.2950001500000001
2025-06-09 09:00:00,2.520001183333333,8.273333766666667,2.05916685
2025-06-09 10:00:00,3.328335233333333,8.678,3.1591668
2025-06-09 11:00:00,5.208668933333334,5.979334116666667,2.8416669
2025-06-09 12:00:00,3.4866683333333337,13.631000016666666,3.290833533333333
2025-06-09 13:00:00,5.648335266666667,12.753333333333334,3.2650000166666664
2025-06-09 14:00:00,6.473335283333334,13.006666800000001,3.1913333333333336
2025-06-09 15:00:00,6.616001950000001,12.82666765,3.3853333333333335
2025-06-09 16:00:00,6.239334266666667,14.194000399999998,3.3295000999999997
2025-06-09 17:00:00,5.3226670333333335,9.07500135,3.2023336
2025-06-09 18:00:00,1.7083339000000002,2.8296689666666666,3.4475002666666668
2025-06-09 19:00:00,1.6666666666666667e-08,8.574000733333332,2.6333336
2025-06-09 20:00:00,0.0,11.500000233333333,0.288
2025-06-09 21:00:00,0.0,3.583333383333333,0.25366666666666665
2025-06-09 22:00:00,0.0,0.0,0.19133333333333336
2025-06-09 23:00:00,0.0,0.0,0.24783335
2025-06-10 00:00:00,0.0,0.0,0.40250003333333334
2025-06-10 01:00:00,0.0,0.0,0.5308333333333334
2025-06-10 02:00:00,0.0,0.0,0.3826666666666667
2025-06-10 03:00:00,0.0,0.0,0.5276666833333333
2025-06-10 04:00:00,0.0,0.0,0.2881666666666667
2025-06-10 05:00:00,0.0,0.5670000666666667,0.48883335
2025-06-10 06:00:00,0.0,7.266000233333334,0.45066666666666666
2025-06-10 07:00:00,2.0976668833333334,12.4126669,0.47333333333333333
2025-06-10 08:00:00,1.5033347333333333,10.443333966666668,0.64750005
2025-06-10 09:00:00,4.565668116666667,11.970000833333334,1.5791667166666665
2025-06-10 10:00:00,5.793334883333333,11.899000666666668,3.4678334166666667
2025-06-10 11:00:00,6.540001999999999,11.677666850000001,3.3506667333333335
2025-06-10 12:00:00,6.912002116666668,15.566668083333331,3.0471666833333333
2025-06-10 13:00:00,6.8026686000000005,11.783001200000001,3.546
2025-06-10 14:00:00,5.983335633333334,12.844333933333333,3.4081666666666663
2025-06-10 15:00:00,6.053335283333333,13.794666933333334,3.4208334000000002
2025-06-10 16:00:00,2.332669133333334,11.903000616666667,3.52500005
2025-06-10 17:00:00,4.487333966666667,14.015334633333334,3.4411666666666667
2025-06-10 18:00:00,1.7083339833333335,17.316667583333334,1.4275000166666667
2025-06-10 19:00:00,0.08333418333333334,6.5166672,0.5065
2025-06-10 20:00:00,0.0,0.20000006666666667,0.21966666666666665
2025-06-10 21:00:00,0.0,0.0,0.33866668333333333
2025-06-10 22:00:00,0.0,0.0,0.43983335
2025-06-10 23:00:00,0.0,0.0,0.3850000666666667
2025-06-11 00:00:00,0.0,0.0,0.32866666666666666
2025-06-11 01:00:00,0.0,0.0,0.5195000166666667
2025-06-11 02:00:00,0.0,0.0,0.5413333333333333
2025-06-11 03:00:00,0.0,0.0,0.34150003333333334
2025-06-11 04:00:00,0.0,0.0,0.403
2025-06-11 05:00:00,0.0,1.0000008333333334,0.3396666666666667
2025-06-11 06:00:00,1.5000000000000002e-07,5.02100115,0.4670000166666667
2025-06-11 07:00:00,0.21000133333333332,13.273333966666668,0.40100026666666666
2025-06-11 08:00:00,0.7266683166666665,13.388333849999999,1.5573338
2025-06-11 09:00:00,2.1250023833333334,7.835334733333334,3.1133336
2025-06-11 10:00:00,5.594669083333333,17.7800003,3.0791667499999997
2025-06-11 11:00:00,6.150001650000001,18.58233333333333,2.9291666833333334
2025-06-11 12:00:00,6.060001566666668,18.834666983333335,2.9758334000000004
2025-06-11 13:00:00,5.800001483333334,18.477333533333333,3.053000016666666
2025-06-11 14:00:00,5.25333575,16.260333666666668,3.63533335
2025-06-11 15:00:00,6.174669150000001,8.297334333333334,2.14516715
2025-06-11 16:00:00,6.178669183333334,8.68333385,3.1023335166666666
2025-06-11 17:00:00,5.933335333333334,4.107335233333333,2.3660006
2025-06-11 18:00:00,3.8393347,8.350667766666668,3.1260001666666666
2025-06-11 19:00:00,0.0,3.1700006333333337,2.5655
2025-06-11 20:00:00,0.0,1.0500002333333334,1.6373334833333333
2025-06-11 21:00:00,0.0,0.0,0.19133333333333336
2025-06-11 22:00:00,0.0,0.0,0.27066666666666667
2025-06-11 23:00:00,0.0,0.0,0.2651667
2025-06-12 00:00:00,0.0,0.0,0.3966666833333333
2025-06-12 01:00:00,0.0,0.0,0.53
2025-06-12 02:00:00,0.0,0.0,0.36
2025-06-12 03:00:00,0.0,0.0,0.53
2025-06-12 04:00:00,0.0,0.0,0.35933333333333334
2025-06-12 05:00:00,0.0,0.0,0.26500001666666667
2025-06-12 06:00:00,0.0,4.56866755,0.265
2025-06-12 07:00:00,0.6250008500000002,9.398667916666668,0.18
2025-06-12 08:00:00,2.1590028333333335,10.3600006,0.5208333666666666
2025-06-12 09:00:00,2.9366689,9.663333849999999,2.0383333833333332
2025-06-12 10:00:00,3.460002483333334,8.260000233333335,3.51583335
2025-06-12 11:00:00,2.4913360833333336,11.893333433333336,3.4366666666666665
2025-06-12 12:00:00,5.26500215,16.22333355,3.0925000333333332
2025-06-12 13:00:00,6.41200125,14.046667066666666,3.270000083333333
2025-06-12 14:00:00,6.300001416666667,13.326667183333333,3.6183333333333336
2025-06-12 15:00:00,5.996668616666667,13.370000383333334,3.2416666833333334
2025-06-12 16:00:00,2.9606691166666663,13.7333337,3.2258334000000004
2025-06-12 17:00:00,1.6966677000000001,12.196667500000002,3.2833334666666665
2025-06-12 18:00:00,0.16000106666666666,11.693333833333334,2.9626667666666666
2025-06-12 19:00:00,7e-07,1.26,2.0275001
2025-06-12 20:00:00,0.0,0.9420001,0.265
2025-06-12 21:00:00,0.0,0.0,0.18
2025-06-12 22:00:00,0.0,0.0,0.2650000333333334
2025-06-12 23:00:00,0.0,0.0,0.5075000333333334
2025-06-13 00:00:00,0.0,0.0,0.26483335
2025-06-13 01:00:00,0.0,0.0,0.3173333333333333
2025-06-13 02:00:00,0.0,0.0,0.5016666666666667
2025-06-13 03:00:00,0.0,0.0,0.36750003333333336
2025-06-13 04:00:00,0.0,1.1666666666666667e-07,0.5425000333333334
2025-06-13 05:00:00,0.0,8.238000483333334,0.5016667166666666
2025-06-13 06:00:00,1.6666666666666667,12.348000433333333,0.44216669999999997
2025-06-13 07:00:00,5.146000233333334,5.665334016666667,0.4141666833333333
2025-06-13 08:00:00,2.715001333333334,11.2516672,0.8283335000000001
2025-06-13 09:00:00,3.5716674333333334,10.48466735,2.0348340666666664
2025-06-13 10:00:00,3.9106676166666667,17.525334066666666,2.2281673166666667
2025-06-13 11:00:00,3.7816676333333334,17.746667233333334,3.0126667499999997
2025-06-13 12:00:00,4.005333516666666,16.0200016,2.9416667000000003
2025-06-13 13:00:00,3.336000266666667,17.173334233333335,3.0483333666666668
2025-06-13 14:00:00,3.7713339500000003,17.86666711666667,2.8323335666666667
2025-06-13 15:00:00,2.474668316666667,18.163333950000002,2.078167483333333
2025-06-13 16:00:00,1.3760016000000002,18.026667,1.2348344
2025-06-13 17:00:00,0.6566669666666668,18.3,2.688333983333333
2025-06-13 18:00:00,0.0,10.096667633333333,3.84733335
2025-06-13 19:00:00,0.0,2.0576678999999998,3.0956669666666667
2025-06-13 20:00:00,0.0,0.06700008333333334,1.4930005833333335
2025-06-13 21:00:00,0.0,0.0,0.22533333333333333
2025-06-13 22:00:00,0.0,0.0,0.3571666833333333
2025-06-13 23:00:00,0.0,0.0,0.3791666833333333
2025-06-14 00:00:00,0.0,0.0,0.47250006666666666
2025-06-14 01:00:00,0.0,0.0,0.5180000166666666
2025-06-14 02:00:00,0.0,0.0,0.5413333333333333
2025-06-14 03:00:00,0.0,0.0,0.3826666666666667
2025-06-14 04:00:00,0.0,0.0,0.5413333333333333
2025-06-14 05:00:00,0.0,3.8333336666666664,0.3826666666666667
2025-06-14 06:00:00,0.0,5.000000433333334,0.5073333333333333
2025-06-14 07:00:00,0.0,12.626000349999998,0.4166666666666667
2025-06-14 08:00:00,0.0,14.139666666666667,1.2875001333333334
2025-06-14 09:00:00,0.0,11.4716667,3.757333416666667
2025-06-14 10:00:00,0.0,8.970000200000001,3.731833416666667
2025-06-14 11:00:00,0.0,15.9013342,3.4546666833333335
2025-06-14 12:00:00,0.0,18.20133345,3.1603335500000003
2025-06-14 13:00:00,0.0,10.918333833333334,3.0203336666666667
2025-06-14 14:00:00,0.0,15.591667166666667,3.25083365
2025-06-14 15:00:00,0.0,16.95733396666667,3.17816685
2025-06-14 16:00:00,0.0,19.14933333333333,2.77816685
2025-06-14 17:00:00,0.0,12.282666866666666,3.2473336
2025-06-14 18:00:00,0.0,9.627000266666668,3.0390000666666666
2025-06-14 19:00:00,0.0,2.3380006,2.9461668333333337
2025-06-14 20:00:00,0.0,0.4450005166666667,0.34316678333333334
2025-06-14 21:00:00,0.0,0.0,0.231
2025-06-14 22:00:00,0.0,0.0,0.231
2025-06-14 23:00:00,0.0,0.0,0.31733336666666667
2025-06-15 00:00:00,0.0,0.0,0.4596666833333333
2025-06-15 01:00:00,0.0,0.0,0.5413333333333333
2025-06-15 02:00:00,0.0,0.0,0.3826666666666667
2025-06-15 03:00:00,0.0,0.0,0.5296666833333333
2025-06-15 04:00:00,0.0,0.0,0.42583333333333334
2025-06-15 05:00:00,0.0,0.079,0.5956666666666667
2025-06-15 06:00:00,0.0,1.079,0.4053333333333333
2025-06-15 07:00:00,0.0,8.920334166666667,0.5023333833333333
2025-06-15 08:00:00,0.0,18.92,0.5600000166666667
2025-06-15 09:00:00,0.0,18.406666666666666,0.45250001666666667
2025-06-15 10:00:00,0.0,18.5333334,3.094833433333333
2025-06-15 11:00:00,0.0,16.858667033333337,3.3203333666666666
2025-06-15 12:00:00,0.0,12.966666733333334,2.9143335666666665
2025-06-15 13:00:00,0.0,12.326000683333334,2.5850003666666668
2025-06-15 14:00:00,0.0,13.153333383333335,2.864000383333333
2025-06-15 15:00:00,0.0,11.7243335,3.0183334166666667
2025-06-15 16:00:00,0.0,9.745666666666667,2.7423333666666667
2025-06-15 17:00:00,0.0,10.626666666666667,3.2218333333333335
2025-06-15 18:00:00,0.0,7.566667116666666,3.2970000500000003
2025-06-15 19:00:00,0.0,1.1866667000000002,2.597500216666667
2025-06-15 20:00:00,0.0,0.0,1.5410001
2025-06-15 21:00:00,0.0,0.0,0.3133333333333333
2025-06-15 22:00:00,0.0,0.0,0.4200000166666667
2025-06-15 23:00:00,0.0,0.0,0.4476666666666667
2025-06-16 00:00:00,0.0,0.0,0.49583336666666666
2025-06-16 01:00:00,0.0,0.0,0.42000003333333336
2025-06-16 02:00:00,0.0,0.0,0.28850005
2025-06-16 03:00:00,0.0,0.0,0.496
2025-06-16 04:00:00,0.0,0.10400015,0.394
2025-06-16 05:00:00,0.0,7.2630014833333325,0.428
2025-06-16 06:00:00,4.3333333333333335e-07,16.877333766666666,0.462
2025-06-16 07:00:00,1.8166666666666667e-06,7.083334516666667,0.5486667333333334
2025-06-16 08:00:00,1.2553352,8.887000716666668,1.4538333333333333
2025-06-16 09:00:00,2.6316693333333334,8.8293334,3.472333383333333
2025-06-16 10:00:00,3.670002066666667,9.136667516666666,3.10683335
2025-06-16 11:00:00,3.773335066666667,19.033333349999996,2.6026667000000003
2025-06-16 12:00:00,3.7950012166666665,18.7073341,2.9373333666666666
2025-06-16 13:00:00,3.5386681,16.5050016,3.11583335
2025-06-16 14:00:00,2.0083363333333333,16.47200125,3.4926666833333333
2025-06-16 15:00:00,4.195001466666667,16.810668,3.439000033333333
2025-06-16 16:00:00,2.305002516666667,6.59200165,3.1675000333333334
2025-06-16 17:00:00,3.9500023333333334,12.866667016666666,3.6128333833333333
2025-06-16 18:00:00,0.4126677833333333,11.166667366666667,2.30166675
2025-06-16 19:00:00,0.0,7.4103345,0.2666666833333333
2025-06-16 20:00:00,0.0,2.547335,0.231
2025-06-16 21:00:00,0.0,0.07900011666666668,0.214
2025-06-16 22:00:00,0.0,0.0,0.25383333333333336
2025-06-16 23:00:00,0.0,0.0,0.2935000166666667
2025-06-17 00:00:00,0.0,0.0,0.37916669999999997
2025-06-17 01:00:00,0.0,0.0,0.18566666666666665
2025-06-17 02:00:00,0.0,0.0,0.2593333333333333
2025-06-17 03:00:00,0.0,0.0,0.18
2025-06-17 04:00:00,0.0,0.0,0.35700003333333336
2025-06-17 05:00:00,0.0,0.0,0.42033336666666665
2025-06-17 06:00:00,0.0,0.21800086666666665,0.5186666666666666
2025-06-17 07:00:00,0.1556669,15.912001033333334,0.62300005
2025-06-17 08:00:00,3.86500075,18.576666883333335,2.474000116666667
2025-06-17 09:00:00,4.68233455,16.752667833333334,3.0341667666666665
2025-06-17 10:00:00,3.979334216666667,18.718333716666667,3.22250025
2025-06-17 11:00:00,4.357001100000001,18.42,3.0608334333333334
2025-06-17 12:00:00,6.653333433333334,18.84,3.357833483333333
2025-06-17 13:00:00,2.8126672000000004,18.98,3.317166766666667
2025-06-17 14:00:00,4.098334433333333,18.60666666666667,3.8846666666666665
2025-06-17 15:00:00,5.380667566666667,12.903333566666666,3.7386667
2025-06-17 16:00:00,4.896667833333334,11.280000216666668,3.8506666666666667
2025-06-17 17:00:00,4.71933395,7.4723337,3.65266675
2025-06-17 18:00:00,0.12500001666666666,11.0453341,3.5225001333333337
2025-06-17 19:00:00,0.0,9.815334216666667,1.3400000833333334
2025-06-17 20:00:00,0.0,2.9500005999999996,0.6643333666666666
2025-06-17 21:00:00,0.0,1.8333333333333333e-07,0.28900005
2025-06-17 22:00:00,0.0,0.0,0.3290000166666667
2025-06-17 23:00:00,0.0,0.0,0.47833338333333336
2025-06-18 00:00:00,0.0,0.0,0.32800001666666667
2025-06-18 01:00:00,0.0,0.0,0.2653333333333333
2025-06-18 02:00:00,0.0,0.0,0.27066666666666667
2025-06-18 03:00:00,0.0,0.0,0.2823333333333333
2025-06-18 04:00:00,0.0,0.0,0.3223333333333333
2025-06-18 05:00:00,0.0,9.150000433333332,0.483
2025-06-18 06:00:00,0.8333335000000001,14.148333649999998,0.4393333333333333
2025-06-18 07:00:00,2.0000005666666665,6.608000616666667,0.4846666666666667
2025-06-18 08:00:00,2.8113338166666666,10.195667133333334,2.1526666833333334
2025-06-18 09:00:00,3.9206675000000004,12.777333533333332,3.4300000833333333
2025-06-18 10:00:00,3.9460010500000005,13.332333466666666,3.4065
2025-06-18 11:00:00,3.8560012166666664,13.363333550000002,3.5368334333333333
2025-06-18 12:00:00,4.060001116666667,13.075333333333335,3.1540000333333333
2025-06-18 13:00:00,3.8566670500000004,14.0943334,3.1981666666666664
2025-06-18 14:00:00,2.4150016333333335,13.196667266666665,3.2466667
2025-06-18 15:00:00,3.9066677333333337,12.059001016666667,3.7031667166666664
2025-06-18 16:00:00,5.839000883333333,9.222333933333333,3.7475001
2025-06-18 17:00:00,1.82333375,9.075667916666665,3.2516667333333333
2025-06-18 18:00:00,0.0,14.622334050000001,1.6795000166666667
2025-06-18 19:00:00,0.0,4.636666750000001,0.20633335
2025-06-18 20:00:00,0.0,0.0,0.265
2025-06-18 21:00:00,0.0,0.0,0.197
2025-06-18 22:00:00,0.0,0.0,0.34650003333333335
2025-06-18 23:00:00,0.0,0.0,0.47133335
2025-06-19 00:00:00,0.0,0.0,0.46083340000000006
2025-06-19 01:00:00,0.0,0.0,0.3231666833333333
2025-06-19 02:00:00,0.0,0.0,0.2593333333333333
2025-06-19 03:00:00,0.0,0.0,0.3001666833333333
2025-06-19 04:00:00,0.0,0.0,0.27633338333333335
2025-06-19 05:00:00,0.0,0.0,0.4611667
2025-06-19 06:00:00,1.3333333333333334e-07,3.4106666833333334,0.45416666666666666
2025-06-19 07:00:00,0.4166672833333333,5.843001166666667,0.5933334166666666
2025-06-19 08:00:00,1.4703344666666667,5.990335016666667,2.3283336833333332
2025-06-19 09:00:00,2.976668616666667,9.417000349999999,2.76583335
2025-06-19 10:00:00,3.4466684000000005,14.76333335,2.9275
2025-06-19 11:00:00,3.263335633333334,12.841334083333333,2.555833433333333
2025-06-19 12:00:00,3.8750011166666667,11.541667816666665,2.1650006166666667
2025-06-19 13:00:00,5.146667933333333,16.765000066666666,2.6450005166666664
2025-06-19 14:00:00,4.493002250000001,17.932333966666665,3.726666766666667
2025-06-19 15:00:00,5.9593355,8.143333366666667,2.5515003166666665
2025-06-19 16:00:00,4.993668550000001,11.140000133333332,2.7858334166666667
2025-06-19 17:00:00,5.538668250000001,7.590000833333334,3.2826667
2025-06-19 18:00:00,0.47000091666666666,8.830000033333334,2.3623336666666663
2025-06-19 19:00:00,3.5e-07,6.046666983333333,1.78883365
2025-06-19 20:00:00,0.0,2.11900065,0.7576667333333333
2025-06-19 21:00:00,0.0,3.6666666666666667e-07,0.20833333333333334
2025-06-19 22:00:00,0.0,0.0,0.23666666666666666
2025-06-19 23:00:00,0.0,0.0,0.271
2025-06-20 00:00:00,0.0,0.0,0.29983336666666666
2025-06-20 01:00:00,0.0,0.0,0.23666666666666666
2025-06-20 02:00:00,0.0,0.0,0.22533333333333333
2025-06-20 03:00:00,0.0,0.0,0.21966666666666665
2025-06-20 04:00:00,0.0,1.3333333333333334e-07,0.24233333333333335
2025-06-20 05:00:00,0.0,2.4370008000000003,0.20266666666666666
2025-06-20 06:00:00,0.0,8.741001233333334,0.34450003333333334
2025-06-20 07:00:00,0.030000016666666667,6.8500009,0.6518334833333334
2025-06-20 08:00:00,1.8466682000000003,13.216666733333334,2.0863334
2025-06-20 09:00:00,3.361668466666667,13.474334616666667,2.86483335
2025-06-20 10:00:00,6.0996682,11.9590011,2.992666733333333
2025-06-20 11:00:00,4.18933565,13.299000633333335,3.008500116666667
2025-06-20 12:00:00,4.565001383333334,11.401667533333333,2.2996668333333337
2025-06-20 13:00:00,6.593334233333333,15.484000566666666,2.66233335
2025-06-20 14:00:00,6.9100011666666665,18.693333666666664,2.701333383333333
2025-06-20 15:00:00,4.556002366666666,18.333333600000003,2.665666916666667
2025-06-20 16:00:00,4.605334816666668,14.456667116666667,2.198833533333333
2025-06-20 17:00:00,0.242001,10.350001183333333,2.0990003333333336
2025-06-20 18:00:00,8.833333333333333e-07,8.036666816666667,2.0415001166666666
2025-06-20 19:00:00,0.0,8.320000033333333,0.7456666833333333
2025-06-20 20:00:00,0.0,3.4983340166666665,0.2590000333333334
2025-06-20 21:00:00,0.0,0.0,0.5280000166666666
2025-06-20 22:00:00,0.0,0.0,0.4846666666666667
2025-06-20 23:00:00,0.0,0.0,0.4230000166666667
2025-06-21 00:00:00,0.0,0.0,0.37333336666666667
2025-06-21 01:00:00,0.0,0.0,0.4200000166666667
2025-06-21 02:00:00,0.0,0.0,0.20833333333333334
2025-06-21 03:00:00,0.0,0.0,0.3621666833333333
2025-06-21 04:00:00,0.0,3.1666666666666667e-07,0.27066666666666667
2025-06-21 05:00:00,0.0,1.3333333333333332e-06,0.19133333333333336
2025-06-21 06:00:00,0.0,0.3563353166666667,0.46933335
2025-06-21 07:00:00,0.0,2.3000018,0.47333333333333333
2025-06-21 08:00:00,0.0,12.39666675,0.47133335
2025-06-21 09:00:00,0.0,12.646666666666667,1.1113333666666665
2025-06-21 10:00:00,0.0,11.993333333333334,3.2006667333333336
2025-06-21 11:00:00,0.0,12.646666666666667,3.4521667000000003
2025-06-21 12:00:00,0.0,10.739334200000002,3.0783333333333336
2025-06-21 13:00:00,0.0,10.3856672,2.9655000166666663
2025-06-21 14:00:00,0.0,10.552000833333334,2.9960000166666663
2025-06-21 15:00:00,0.0,14.057666683333334,3.2730000500000003
2025-06-21 16:00:00,0.0,13.289666716666666,2.7333333499999997
2025-06-21 17:00:00,0.0,13.113333333333333,3.100333383333333
2025-06-21 18:00:00,0.0,12.683333616666667,3.0183334000000004
2025-06-21 19:00:00,0.0,11.462334216666665,1.9946667500000002
2025-06-21 20:00:00,0.0,4.89133425,0.46733335
2025-06-21 21:00:00,0.0,0.0,0.4846666666666667
2025-06-21 22:00:00,0.0,0.0,0.4393333333333333
2025-06-21 23:00:00,0.0,0.0,0.4433333666666667
2025-06-22 00:00:00,0.0,0.0,0.47250005
2025-06-22 01:00:00,0.0,0.0,0.46716668333333333
2025-06-22 02:00:00,0.0,0.0,0.36950004999999997
2025-06-22 03:00:00,0.0,0.0,0.2708333333333333
2025-06-22 04:00:00,0.0,0.0,0.28833335
2025-06-22 05:00:00,0.0,4.30000025,0.4366666666666667
2025-06-22 06:00:00,0.0,14.147000216666667,0.551
2025-06-22 07:00:00,0.0,12.787667149999999,0.265
2025-06-22 08:00:00,0.0,13.653333333333334,0.194
2025-06-22 09:00:00,0.0,10.141000850000001,1.5718333833333333
2025-06-22 10:00:00,0.0,10.647000383333333,3.03983335
2025-06-22 11:00:00,0.0,12.80866705,3.4451666666666667
2025-06-22 12:00:00,0.0,15.79766695,3.1140000666666667
2025-06-22 13:00:00,0.0,15.6480005,3.0918333333333337
2025-06-22 14:00:00,0.0,18.309333533333334,2.9441667000000002
2025-06-22 15:00:00,0.0,17.2436675,3.7033333666666666
2025-06-22 16:00:00,0.0,12.103667533333333,3.585333383333333
2025-06-22 17:00:00,0.0,10.310000316666667,3.4405
2025-06-22 18:00:00,0.0,8.426667516666667,3.3386667333333335
2025-06-22 19:00:00,0.0,11.633333516666667,2.01083335
2025-06-22 20:00:00,0.0,4.01000015,0.3826666666666667
2025-06-22 21:00:00,0.0,0.7680002833333333,0.4781667
2025-06-22 22:00:00,0.0,0.0,0.5016666666666667
2025-06-22 23:00:00,0.0,0.0,0.42000006666666667
2025-06-23 00:00:00,0.0,0.0,0.3115
2025-06-23 01:00:00,0.0,0.0,0.3616667
2025-06-23 02:00:00,0.0,0.0,0.3056666833333333
2025-06-23 03:00:00,0.0,0.0,0.22533333333333333
2025-06-23 04:00:00,0.0,0.0,0.23666666666666666
2025-06-23 05:00:00,0.0,4.636667333333333,0.19133333333333336
2025-06-23 06:00:00,1.1666666666666667e-07,9.002334200000002,0.27066666666666667
2025-06-23 07:00:00,2.01800035,10.3203335,0.19133333333333336
2025-06-23 08:00:00,3.1013340333333335,8.5743335,0.248
2025-06-23 09:00:00,3.3800009999999996,11.533333766666667,0.92666675
2025-06-23 10:00:00,3.1016676166666666,8.200001066666667,3.1221667166666665
2025-06-23 11:00:00,3.360000333333333,8.353001350000001,3.3088333333333333
2025-06-23 12:00:00,3.2093348,7.78933435,3.4606666833333333
2025-06-23 13:00:00,2.5610017833333334,14.61000115,3.4196666666666666
2025-06-23 14:00:00,3.4106684166666668,13.789000666666666,3.0341667
2025-06-23 15:00:00,0.94333605,10.97100065,3.0728333833333332
2025-06-23 16:00:00,4.2433347,19.064333533333333,3.00666675
2025-06-23 17:00:00,5.4486671666666675,18.5983339,3.2110000833333334
2025-06-23 18:00:00,0.3306669333333333,18.42866666666667,3.4810000166666666
2025-06-23 19:00:00,0.0,13.508667116666668,2.8718333499999997
2025-06-23 20:00:00,0.0,1.7500008166666667,0.80400005
2025-06-23 21:00:00,0.0,0.0,0.46733335
2025-06-23 22:00:00,0.0,0.0,0.214
2025-06-23 23:00:00,0.0,0.0,0.4043333666666667
2025-06-24 00:00:00,0.0,0.0,0.4491667166666667
2025-06-24 01:00:00,0.0,0.0,0.38500008333333335
2025-06-24 02:00:00,0.0,0.0,0.29983335
2025-06-24 03:00:00,0.0,0.0,0.2881666833333333
2025-06-24 04:00:00,0.0,0.0,0.197
2025-06-24 05:00:00,0.0,5.666666666666667e-07,0.4493333666666667
2025-06-24 06:00:00,6.166666666666667e-07,3.9666673166666664,0.496
2025-06-24 07:00:00,0.005001116666666665,9.1383335,0.428
2025-06-24 08:00:00,2.3026687333333333,8.586000216666665,1.4630001166666666
2025-06-24 09:00:00,4.103335483333333,17.227000183333335,3.064333416666667
2025-06-24 10:00:00,4.226668683333333,10.086667216666667,3.2943336666666667
2025-06-24 11:00:00,3.563669150000001,12.666000433333332,3.2863334833333333
2025-06-24 12:00:00,3.8300019666666674,14.851000533333334,2.9040002
2025-06-24 13:00:00,2.7700023999999996,13.307000016666667,3.4053333833333332
2025-06-24 14:00:00,3.8460023000000003,14.302000083333335,3.1923334333333333
2025-06-24 15:00:00,6.4153355,10.936667466666666,2.6255002666666667
2025-06-24 16:00:00,6.535335550000001,12.526667,2.8795001333333334
2025-06-24 17:00:00,2.580001733333333,11.546000433333333,2.8206668
2025-06-24 18:00:00,4.3333333333333335e-07,11.227334366666668,1.3828333833333333
2025-06-24 19:00:00,0.0,7.221667316666667,0.8528335
2025-06-24 20:00:00,0.0,0.0,0.7835001333333333
2025-06-24 21:00:00,0.0,0.0,0.5186666666666666
2025-06-24 22:00:00,0.0,0.0,0.4053333333333333
2025-06-24 23:00:00,0.0,0.0,0.4480000333333334
2025-06-25 00:00:00,0.0,0.0,0.3696666666666667
2025-06-25 01:00:00,0.0,0.0,0.27666668333333333
2025-06-25 02:00:00,0.0,0.0,0.214
2025-06-25 03:00:00,0.0,0.0,0.231
2025-06-25 04:00:00,0.0,0.0,0.18
2025-06-25 05:00:00,0.0,1.0300000333333332,0.393
2025-06-25 06:00:00,4.5e-07,3.4453337833333335,0.5270000666666668
2025-06-25 07:00:00,0.09200098333333334,6.246667766666667,0.33866668333333333
2025-06-25 08:00:00,0.8653344666666667,7.701001016666666,0.35583338333333336
2025-06-25 09:00:00,1.05733485,7.666000683333333,1.7555003333333334
2025-06-25 10:00:00,2.4916691333333336,9.680000483333334,2.58616715
2025-06-25 11:00:00,3.3326687500000003,10.393000116666666,3.3466667333333335
2025-06-25 12:00:00,3.7780020333333337,13.709,3.22450015
2025-06-25 13:00:00,3.1933352166666666,14.1586669,3.4941667
2025-06-25 14:00:00,3.1540022333333337,6.9550003333333335,3.6495000166666665
2025-06-25 15:00:00,5.730001966666666,12.210000316666667,3.528
2025-06-25 16:00:00,6.305334650000001,11.013333866666667,3.293166733333333
2025-06-25 17:00:00,5.02666715,17.717000666666667,3.1343335166666666
2025-06-25 18:00:00,1.0833339333333334,13.658333800000001,2.2581669833333335
2025-06-25 19:00:00,0.0,11.3003336,0.6168335833333333
2025-06-25 20:00:00,0.0,0.60000015,0.18566666666666665
2025-06-25 21:00:00,0.0,0.0,0.2936666833333333
2025-06-25 22:00:00,0.0,0.0,0.47166668333333334
2025-06-25 23:00:00,0.0,0.0,0.46666668333333333
2025-06-26 00:00:00,0.0,0.0,0.46083338333333335
2025-06-26 01:00:00,0.0,0.0,0.4741666833333333
2025-06-26 02:00:00,0.0,0.0,0.2765
2025-06-26 03:00:00,0.0,0.0,0.197
2025-06-26 04:00:00,0.0,0.0,0.48433333333333334
2025-06-26 05:00:00,0.0,1.0000006,0.3826666666666667
2025-06-26 06:00:00,9.166666666666666e-07,7.383000849999999,0.4846666666666667
2025-06-26 07:00:00,0.026667766666666662,10.606667183333332,0.32150008333333335
2025-06-26 08:00:00,2.78833495,5.450000933333333,0.5590000666666667
2025-06-26 09:00:00,2.67466815,7.367001383333333,1.9471667166666666
2025-06-26 10:00:00,3.0126682000000002,16.20000101666667,2.9340000666666666
2025-06-26 11:00:00,2.428335933333334,16.796001083333334,2.6625001
2025-06-26 12:00:00,3.170002416666667,18.523333833333336,3.2346668333333337
2025-06-26 13:00:00,3.045335333333334,18.76900015,3.0891669999999998
2025-06-26 14:00:00,3.0646691500000003,17.813333333333333,3.6873333666666666
2025-06-26 15:00:00,6.0433351,19.056666716666665,3.8835000166666664
2025-06-26 16:00:00,5.196668716666667,10.995000399999999,3.8368334000000006
2025-06-26 17:00:00,4.646668733333334,3.8666678333333335,3.58683345
2025-06-26 18:00:00,0.5973343333333333,8.393666683333333,3.7106666666666666
2025-06-26 19:00:00,0.118001,5.928667466666667,2.6535002833333334
2025-06-26 20:00:00,0.0,2.2800005999999997,0.44400001666666666
2025-06-26 21:00:00,0.0,3.1666666666666667e-07,0.394
2025-06-26 22:00:00,0.0,0.0,0.4570000166666667
2025-06-26 23:00:00,0.0,0.0,0.4463333333333333
2025-06-27 00:00:00,0.0,0.0,0.3795000333333334
2025-06-27 01:00:00,0.0,0.0,0.24233333333333335
2025-06-27 02:00:00,0.0,0.0,0.43350003333333337
2025-06-27 03:00:00,0.0,0.0,0.36
2025-06-27 04:00:00,0.0,0.0,0.53
2025-06-27 05:00:00,0.0,1.3280001666666665,0.36
2025-06-27 06:00:00,0.0,5.394667350000001,0.53
2025-06-27 07:00:00,0.86000005,13.904333849999999,0.36
2025-06-27 08:00:00,4.15766805,8.831001116666668,0.5850000166666667
2025-06-27 09:00:00,3.1250017500000005,9.6753347,1.5241668666666668
2025-06-27 10:00:00,3.1190021833333335,13.762666816666666,2.90116695
2025-06-27 11:00:00,4.038334483333333,13.049000266666669,2.306333866666667
2025-06-27 12:00:00,3.1566678333333336,15.950000133333333,3.06533335
2025-06-27 13:00:00,4.2366679000000005,19.078000016666664,2.574500266666667
2025-06-27 14:00:00,4.656668666666667,18.844000249999997,3.1700000333333334
2025-06-27 15:00:00,6.034669083333333,16.73133341666667,3.1641666833333333
2025-06-27 16:00:00,1.6726682666666668,10.045000533333333,3.3558333333333334
2025-06-27 17:00:00,0.7833340333333333,13.284334066666666,3.430000033333333
2025-06-27 18:00:00,0.68,11.681334066666667,3.2441666666666666
2025-06-27 19:00:00,0.18133346666666667,10.190000516666665,2.2150001333333336
2025-06-27 20:00:00,0.0,2.83333405,1.7696669166666665
2025-06-27 21:00:00,0.0,1.6666666833333335,0.2941666666666667
2025-06-27 22:00:00,0.0,0.0,0.2593333333333333
2025-06-27 23:00:00,0.0,0.0,0.31150003333333337
2025-06-28 00:00:00,0.0,0.0,0.5413333333333333
2025-06-28 01:00:00,0.0,0.0,0.3605
2025-06-28 02:00:00,0.0,0.0,0.2765
2025-06-28 03:00:00,0.0,0.0,0.329
2025-06-28 04:00:00,0.0,0.0,0.41416671666666666
2025-06-28 05:00:00,0.0,0.09000028333333333,0.47133335
2025-06-28 06:00:00,0.0,11.2116674,0.47133335
2025-06-28 07:00:00,0.0,15.1633339,0.4141671166666666
2025-06-28 08:00:00,0.0,17.53000061666667,1.2165010833333334
2025-06-28 09:00:00,0.0,18.523333416666663,3.53433335
2025-06-28 10:00:00,0.0,18.046667033333335,3.5193333333333334
2025-06-28 11:00:00,0.0,18.380000333333335,3.7505
2025-06-28 12:00:00,0.0,17.8800005,3.8413333333333335
2025-06-28 13:00:00,0.0,18.673333366666668,3.1943334500000002
2025-06-28 14:00:00,0.0,18.699333383333336,3.00516675
2025-06-28 15:00:00,0.0,17.992333416666664,3.25433335
2025-06-28 16:00:00,0.0,14.627000616666667,2.8126669499999997
2025-06-28 17:00:00,0.0,7.0140006,1.9626673666666667
2025-06-28 18:00:00,0.0,7.6486673000000005,1.4065010833333333
2025-06-28 19:00:00,0.0,4.270000966666667,0.5981676499999999
2025-06-28 20:00:00,0.0,1.8990004166666667,1.0183334166666667
2025-06-28 21:00:00,0.0,0.0,0.36800010000000005
2025-06-28 22:00:00,0.0,0.0,0.4206666666666667
2025-06-28 23:00:00,0.0,0.0,0.4841666833333333
2025-06-29 00:00:00,0.0,0.0,0.43633335
2025-06-29 01:00:00,0.0,0.0,0.3966667
2025-06-29 02:00:00,0.0,0.0,0.3791666666666667
2025-06-29 03:00:00,0.0,0.0,0.5191667166666667
2025-06-29 04:00:00,0.0,3.1666666666666667e-07,0.29983335
2025-06-29 05:00:00,0.0,2.91933335,0.41733335
2025-06-29 06:00:00,0.0,4.16166755,0.20833333333333334
2025-06-29 07:00:00,0.0,8.768333383333335,0.20266666666666666
2025-06-29 08:00:00,0.0,7.146333566666667,0.27933366666666665
2025-06-29 09:00:00,0.0,9.1700011,0.7605002000000001
2025-06-29 10:00:00,0.0,11.853333833333334,2.2501670666666667
2025-06-29 11:00:00,0.0,15.42333335,2.7116667833333334
2025-06-29 12:00:00,0.0,14.51333345,2.9433335166666668
2025-06-29 13:00:00,0.0,14.780000116666667,3.4188333666666666
2025-06-29 14:00:00,0.0,13.646666683333335,3.28933345
2025-06-29 15:00:00,0.0,10.446667366666667,3.515333366666667
2025-06-29 16:00:00,0.0,6.6113344000000005,2.877000033333333
2025-06-29 17:00:00,0.0,14.994667666666668,3.1148333666666668
2025-06-29 18:00:00,0.0,17.943000416666667,3.1981667166666665
2025-06-29 19:00:00,0.0,2.8923341166666665,2.6761668166666666
2025-06-29 20:00:00,0.0,2.0000003333333334,1.2215000166666665
2025-06-29 21:00:00,0.0,0.016666916666666667,0.31733335
2025-06-29 22:00:00,0.0,0.0,0.27066666666666667
2025-06-29 23:00:00,0.0,0.0,0.36250004999999996
2025-06-30 00:00:00,0.0,0.0,0.5603333666666667
2025-06-30 01:00:00,0.0,0.0,0.3466666666666667
2025-06-30 02:00:00,0.0,0.0,0.248
2025-06-30 03:00:00,0.0,0.0,0.197
2025-06-30 04:00:00,0.0,0.0,0.4958333333333333
2025-06-30 05:00:00,0.0,0.0,0.4558333333333333
2025-06-30 06:00:00,6.666666666666667e-08,1.9593345333333334,0.50083335
2025-06-30 07:00:00,0.2600015333333333,2.341335233333333,0.2683333666666667
2025-06-30 08:00:00,3.316667916666667,12.350000900000001,0.44100005
2025-06-30 09:00:00,6.4800013666666665,18.86266686666667,1.4508333833333333
2025-06-30 10:00:00,6.366001983333334,18.859000166666668,2.41750015
2025-06-30 11:00:00,6.3226687833333335,18.549000866666667,2.9950000500000002
2025-06-30 12:00:00,6.2613345166666665,18.844000699999995,3.09683335
2025-06-30 13:00:00,6.076001333333334,19.269666849999997,2.7240000166666665
2025-06-30 14:00:00,4.09666885,18.682333333333332,2.7053333333333334
2025-06-30 15:00:00,5.476668516666668,17.748000433333335,2.917166716666667
2025-06-30 16:00:00,6.876667833333334,17.669333700000003,2.8388333666666665
2025-06-30 17:00:00,2.4333340666666667,18.020667650000004,3.1853334000000006
2025-06-30 18:00:00,0.26666681666666664,18.203000633333332,2.8866667333333336
2025-06-30 19:00:00,0.0,13.728000833333333,0.9783334
2025-06-30 20:00:00,0.0,0.6586668333333333,0.29333335
2025-06-30 21:00:00,0.0,0.0,0.38866675000000006
2025-06-30 22:00:00,0.0,0.0,0.4053333333333333
2025-06-30 23:00:00,0.0,0.0,0.41416671666666666
2025-07-01 00:00:00,0.0,0.0,0.46666671666666665
2025-07-01 01:00:00,0.0,0.0,0.5370000666666668
2025-07-01 02:00:00,0.0,0.0,0.42033336666666665
2025-07-01 03:00:00,0.0,0.0,0.46666668333333333
2025-07-01 04:00:00,0.0,0.0010001,0.28233335
2025-07-01 05:00:00,0.0,13.036000633333336,0.2823333333333333
2025-07-01 06:00:00,0.0,15.331000349999998,0.424
2025-07-01 07:00:00,0.0,15.800000333333333,1.16233355
2025-07-01 08:00:00,1.9033335333333334,19.790000083333332,3.227833416666667
2025-07-01 09:00:00,5.861334916666667,20.19000008333333,3.83600005
2025-07-01 10:00:00,6.0120024,20.8066667,3.8036666666666665
2025-07-01 11:00:00,6.102002150000001,20.803333383333335,3.41216675
2025-07-01 12:00:00,5.335669283333334,20.120000183333335,2.817500116666667
2025-07-01 13:00:00,4.75166815,20.3833336,2.2203336166666663
2025-07-01 14:00:00,4.263334616666667,14.7900003,2.6876667833333334
2025-07-01 15:00:00,6.607668316666667,8.513333883333333,2.9326667333333334
2025-07-01 16:00:00,4.2423352833333325,11.693333766666667,3.4186668666666664
2025-07-01 17:00:00,2.0860003166666665,7.790000516666667,3.0216668666666666
2025-07-01 18:00:00,0.22333351666666668,8.4333338,2.038000333333333
2025-07-01 19:00:00,0.0,2.7300005333333335,0.3053333833333334
2025-07-01 20:00:00,0.0,0.3330006833333334,0.20833333333333334
2025-07-01 21:00:00,0.0,0.0,0.2655
2025-07-01 22:00:00,0.0,0.0,0.49
2025-07-01 23:00:00,0.0,0.0,0.4456666833333333
2025-07-02 00:00:00,0.0,0.0,0.4316666666666667
2025-07-02 01:00:00,0.0,0.0,0.4301666833333333
2025-07-02 02:00:00,0.0,0.0,0.37333340000000004
2025-07-02 03:00:00,0.0,0.0,0.265
2025-07-02 04:00:00,0.0,0.0,0.18
2025-07-02 05:00:00,0.0,0.9020008833333334,0.265
2025-07-02 06:00:00,0.0,2.3366671500000002,0.46866668333333333
2025-07-02 07:00:00,8.333333333333333e-08,9.773668116666668,0.36
2025-07-02 08:00:00,0.2693364,13.768000316666667,0.8916666833333332
2025-07-02 09:00:00,2.0156694833333337,19.250000116666666,1.2150002
2025-07-02 10:00:00,1.2770026333333333,19.310000616666667,1.5308342833333333
2025-07-02 11:00:00,3.060002266666667,18.600333366666668,3.1638334000000006
2025-07-02 12:00:00,6.163334683333334,18.220667266666666,3.08600015
2025-07-02 13:00:00,6.885333833333334,16.787666766666668,3.5285000833333333
2025-07-02 14:00:00,6.600001383333334,9.770000616666666,3.6698333333333335
2025-07-02 15:00:00,3.6646693000000004,9.486334416666669,3.0666668833333333
2025-07-02 16:00:00,1.7860024166666668,12.75333435,3.035000066666667
2025-07-02 17:00:00,4.755334650000001,12.382333749999999,2.3316669833333337
2025-07-02 18:00:00,5.079333416666667,11.911334066666667,3.3135000999999997
2025-07-02 19:00:00,2.4166667166666667,9.716666933333334,2.4856671333333336
2025-07-02 20:00:00,0.0,0.0,0.3268334666666667
2025-07-02 21:00:00,0.0,0.0,0.18566666666666665
2025-07-02 22:00:00,0.0,0.0,0.2593333333333333
2025-07-02 23:00:00,0.0,0.0,0.2653333333333333
2025-07-03 00:00:00,0.0,0.0,0.49000014999999997
2025-07-03 01:00:00,0.0,0.0,0.265
2025-07-03 02:00:00,0.0,0.0,0.43583336666666667
2025-07-03 03:00:00,0.0,0.0,0.496
2025-07-03 04:00:00,0.0,0.0,0.428
2025-07-03 05:00:00,0.0,1.5770005666666667,0.462
2025-07-03 06:00:00,0.0,9.363667283333335,0.462
2025-07-03 07:00:00,0.15200043333333332,10.824334633333335,0.428
2025-07-03 08:00:00,1.1466670333333333,10.112000616666666,0.496
2025-07-03 09:00:00,2.5616672166666667,9.116667016666666,1.02983335
2025-07-03 10:00:00,5.6253345333333336,9.91766755,2.802500033333333
2025-07-03 11:00:00,6.5966677166666665,14.326666999999999,2.81000005
2025-07-03 12:00:00,6.785000366666666,11.940001816666667,2.975000033333333
2025-07-03 13:00:00,6.8266667,10.05866836666667,3.021666683333333
2025-07-03 14:00:00,6.846666866666666,17.74100071666667,2.945
2025-07-03 15:00:00,6.896667366666667,20.03666675,3.4526667499999997
2025-07-03 16:00:00,5.06333425,19.420000166666668,3.91483335
2025-07-03 17:00:00,0.15200028333333332,10.776667466666666,3.3600000166666666
2025-07-03 18:00:00,0.0,9.084000033333334,2.4216666833333336
2025-07-03 19:00:00,0.0,6.8633337,0.9723333666666666
2025-07-03 20:00:00,0.0,1.9166670666666668,0.4393333333333333
2025-07-03 21:00:00,0.0,0.0,0.4846666666666667
2025-07-03 22:00:00,0.0,0.0,0.43533336666666667
2025-07-03 23:00:00,0.0,0.0,0.5250000333333333
2025-07-04 00:00:00,0.0,0.0,0.357
2025-07-04 01:00:00,0.0,0.0,0.4775000166666667
2025-07-04 02:00:00,0.0,0.0,0.44800001666666667
2025-07-04 03:00:00,0.0,0.0,0.4316667
2025-07-04 04:00:00,0.0,0.0,0.5125
2025-07-04 05:00:00,0.0,0.0,0.4393333333333333
2025-07-04 06:00:00,0.0,1.2460007,0.45066666666666666
2025-07-04 07:00:00,1.0266674666666669,13.342333433333335,0.495
2025-07-04 08:00:00,2.7200001333333335,15.5200006,0.49583336666666666
2025-07-04 09:00:00,2.7783342500000003,18.10000058333333,0.46166666666666667
2025-07-04 10:00:00,2.1723358000000004,19.6866669,2.6441667000000004
2025-07-04 11:00:00,3.2400017833333337,18.819000116666665,3.5166666666666666
2025-07-04 12:00:00,3.94333415,16.584333516666668,3.1636666666666664
2025-07-04 13:00:00,4.08000185,17.543333999999998,3.1396667333333337
2025-07-04 14:00:00,3.026669116666667,17.37333365,3.2175000166666665
2025-07-04 15:00:00,5.59333525,13.380000033333333,3.068833383333333
2025-07-04 16:00:00,2.3733366499999997,12.646667233333334,3.15750005
2025-07-04 17:00:00,4.0263355333333335,12.821334,3.245000033333333
2025-07-04 18:00:00,1.0000021833333335,12.319667599999999,2.9166667333333334
2025-07-04 19:00:00,7.166666666666668e-07,3.588667216666667,2.315833416666667
2025-07-04 20:00:00,0.0,0.6560002833333333,0.27666666666666667
2025-07-04 21:00:00,0.0,0.14200008333333336,0.3641666666666667
2025-07-04 22:00:00,0.0,0.0,0.43166673333333333
2025-07-04 23:00:00,0.0,0.0,0.28833335
2025-07-05 00:00:00,0.0,0.0,0.35000005
2025-07-05 01:00:00,0.0,0.0,0.248
2025-07-05 02:00:00,0.0,0.0,0.39450005
2025-07-05 03:00:00,0.0,0.0,0.45066666666666666
2025-07-05 04:00:00,0.0,2.8333333333333336e-07,0.4393333333333333
2025-07-05 05:00:00,0.0,2.7450012166666666,0.4846666666666667
2025-07-05 06:00:00,0.0,2.7733344833333335,0.4053333333333333
2025-07-05 07:00:00,0.0,10.060001,0.5186666666666666
2025-07-05 08:00:00,0.0,11.310000583333334,0.8301666833333332
2025-07-05 09:00:00,0.0,12.440000066666666,1.20300015
2025-07-05 10:00:00,0.0,12.071000483333334,2.5326666666666666
2025-07-05 11:00:00,0.0,13.031000066666666,3.5391667
2025-07-05 12:00:00,0.0,12.273667183333332,3.3666666666666667
2025-07-05 13:00:00,0.0,12.215000700000001,3.17716675
2025-07-05 14:00:00,0.0,13.659666816666666,3.17033335
2025-07-05 15:00:00,0.0,13.680333366666666,3.314
2025-07-05 16:00:00,0.0,13.263000133333334,3.5531666666666664
2025-07-05 17:00:00,0.0,5.683000783333334,3.3893333333333335
2025-07-05 18:00:00,0.0,3.9233347166666666,3.192333416666667
2025-07-05 19:00:00,0.0,6.208000066666666,2.3741669833333336
2025-07-05 20:00:00,0.0,4.085000283333334,1.94733335
2025-07-05 21:00:00,0.0,2.3333333333333333e-07,0.248
2025-07-05 22:00:00,0.0,0.0,0.3283333333333333
2025-07-05 23:00:00,0.0,0.0,0.37333336666666667
2025-07-06 00:00:00,0.0,0.0,0.2528334333333333
2025-07-06 01:00:00,0.0,0.0,0.2593333333333333
2025-07-06 02:00:00,0.0,0.0,0.19133333333333336
2025-07-06 03:00:00,0.0,0.0,0.5380000166666666
2025-07-06 04:00:00,0.0,0.0,0.52383335
2025-07-06 05:00:00,0.0,1.2130009166666669,0.3826666666666667
2025-07-06 06:00:00,0.0,13.187333583333332,0.5186666666666666
2025-07-06 07:00:00,0.0,10.331000349999998,0.4053333333333333
2025-07-06 08:00:00,0.0,8.8736669,0.45666666666666667
2025-07-06 09:00:00,0.0,7.2456671,0.6790000166666667
2025-07-06 10:00:00,0.0,11.426666850000002,3.0101667333333335
2025-07-06 11:00:00,0.0,12.8476667,3.79050005
2025-07-06 12:00:00,0.0,10.492333566666666,3.7615000999999997
2025-07-06 13:00:00,0.0,13.958333383333335,3.96133335
2025-07-06 14:00:00,0.0,19.260000033333334,3.8781666666666665
2025-07-06 15:00:00,0.0,19.236666883333335,3.7490000166666664
2025-07-06 16:00:00,0.0,17.400001,3.658000016666666
2025-07-06 17:00:00,0.0,16.975001066666668,3.6525
2025-07-06 18:00:00,0.0,18.0433336,2.5878334000000005
2025-07-06 19:00:00,0.0,6.693334200000001,0.52133335
2025-07-06 20:00:00,0.0,1.9083334666666667,0.265
2025-07-06 21:00:00,0.0,0.0,0.197
2025-07-06 22:00:00,0.0,0.0,0.3661667
2025-07-06 23:00:00,0.0,0.0,0.4395000333333334
2025-07-07 00:00:00,0.0,0.0,0.4433333333333333
2025-07-07 01:00:00,0.0,0.0,0.49233335
2025-07-07 02:00:00,0.0,0.0,0.4398333333333333
2025-07-07 03:00:00,0.0,0.0,0.19133333333333336
2025-07-07 04:00:00,0.0,0.004000216666666666,0.27633338333333335
2025-07-07 05:00:00,0.0,3.0900004666666665,0.32800005
2025-07-07 06:00:00,0.0,9.52000055,0.5541667
2025-07-07 07:00:00,1.2483343333333332,10.4533342,0.3826666666666667
2025-07-07 08:00:00,2.499667966666667,8.19666685,0.5015000333333334
2025-07-07 09:00:00,5.083001033333334,11.846000283333332,0.37333335
2025-07-07 10:00:00,5.254001883333333,13.90800045,2.903833383333333
2025-07-07 11:00:00,5.69333535,13.620000333333333,3.2041666666666666
2025-07-07 12:00:00,6.1273345,14.360000266666669,2.7563333333333335
2025-07-07 13:00:00,4.224001916666667,14.193333333333333,2.5690001
2025-07-07 14:00:00,3.4736691166666667,14.296666850000001,3.018833383333333
2025-07-07 15:00:00,5.97800215,12.970000866666668,2.525833516666667
2025-07-07 16:00:00,5.387335233333333,13.1766677,2.683
2025-07-07 17:00:00,0.26000005,12.181667599999999,3.3273333666666667
2025-07-07 18:00:00,0.0,10.601334266666667,3.248833533333333
2025-07-07 19:00:00,0.0,2.6256680333333335,3.041500216666667
2025-07-07 20:00:00,0.0,1.1430002666666668,1.4766666666666668
2025-07-07 21:00:00,0.0,0.3300000166666667,0.3791666666666667
2025-07-07 22:00:00,0.0,0.0,0.45583334999999997
2025-07-07 23:00:00,0.0,0.0,0.39666666666666667
2025-07-08 00:00:00,0.0,0.0,0.51333335
2025-07-08 01:00:00,0.0,0.0,0.28000003333333334
2025-07-08 02:00:00,0.0,0.0,0.20833333333333334
2025-07-08 03:00:00,0.0,0.0,0.265
2025-07-08 04:00:00,0.0,0.0,0.18
2025-07-08 05:00:00,0.0,0.5250009,0.47250005
2025-07-08 06:00:00,0.0,5.2250011999999995,0.49200004999999997
2025-07-08 07:00:00,0.0,8.094333566666666,0.3791667166666667
2025-07-08 08:00:00,1.5000007833333333,7.87033355,0.3000000166666667
2025-07-08 09:00:00,5.504667983333333,8.1733338,0.6806667
2025-07-08 10:00:00,5.8076683000000004,12.640000716666668,3.142666683333333
2025-07-08 11:00:00,6.4193354,13.659000066666666,3.5926667
2025-07-08 12:00:00,6.213335250000001,13.323333683333333,3.399
2025-07-08 13:00:00,6.533334516666667,13.446667300000001,3.9066666833333334
2025-07-08 14:00:00,6.267335350000001,13.833333649999998,3.82333335
2025-07-08 15:00:00,6.348668783333333,13.461334233333334,3.715000066666667
2025-07-08 16:00:00,5.934002266666666,13.752334433333333,3.10483335
2025-07-08 17:00:00,1.0593345666666667,12.003000916666668,2.9635000166666665
2025-07-08 18:00:00,0.3993344,7.8533341666666665,3.2501666833333336
2025-07-08 19:00:00,0.30000095,10.780667316666666,0.9148334
2025-07-08 20:00:00,0.0,6.148334283333334,0.21966666666666665
2025-07-08 21:00:00,0.0,0.0,0.22533333333333333
2025-07-08 22:00:00,0.0,0.0,0.46800003333333334
2025-07-08 23:00:00,0.0,0.0,0.3
2025-07-09 00:00:00,0.0,0.0,0.27066666666666667
2025-07-09 01:00:00,0.0,0.0,0.31183335
2025-07-09 02:00:00,0.0,0.0,0.3693333333333333
2025-07-09 03:00:00,0.0,0.0,0.25366666666666665
2025-07-09 04:00:00,0.0,6.666666666666667e-08,0.43050003333333337
2025-07-09 05:00:00,0.0,1.5660005999999997,0.5413333333333333
2025-07-09 06:00:00,6.499999999999999e-07,3.2966669833333335,0.3768333333333333
2025-07-09 07:00:00,0.27733454999999996,12.6866667,0.44383340000000004
2025-07-09 08:00:00,0.7873352166666666,19.230000183333335,1.6750000666666667
2025-07-09 09:00:00,0.9333361333333333,18.801333616666668,2.5856667000000004
2025-07-09 10:00:00,3.266668783333334,18.66,2.9961667000000003
2025-07-09 11:00:00,3.8733355500000006,15.804334183333333,3.0141667
2025-07-09 12:00:00,3.8633353833333337,13.587334700000001,3.363833366666667
2025-07-09 13:00:00,3.6683352166666667,14.136667033333334,2.2311672166666665
2025-07-09 14:00:00,3.72500145,15.213333350000001,2.5135002833333333
2025-07-09 15:00:00,4.090001883333334,8.776667483333332,3.0515000833333334
2025-07-09 16:00:00,3.763335516666667,9.333333983333334,2.7043337000000003
2025-07-09 17:00:00,2.5900011333333333,9.296667583333333,2.9465002166666667
2025-07-09 18:00:00,0.7816679333333334,10.393000383333334,2.7666668833333334
2025-07-09 19:00:00,2.3333333333333333e-07,7.800000116666666,1.4356668166666668
2025-07-09 20:00:00,0.0,6.448666716666668,0.25133333333333335
2025-07-09 21:00:00,0.0,0.04000003333333334,0.38600001666666667
2025-07-09 22:00:00,0.0,0.0,0.22533333333333333
2025-07-09 23:00:00,0.0,0.0,0.3626666833333333
2025-07-10 00:00:00,0.0,0.0,0.4433333833333334
2025-07-10 01:00:00,0.0,0.0,0.48883333333333334
2025-07-10 02:00:00,0.0,0.0,0.5005000333333334
2025-07-10 03:00:00,0.0,0.0,0.4166666666666667
2025-07-10 04:00:00,0.0,0.8333333833333333,0.4326666833333333
2025-07-10 05:00:00,0.0,4.333334166666667,0.5073333333333333
2025-07-10 06:00:00,1.0000000000000001e-07,13.43233435,0.4166666666666667
2025-07-10 07:00:00,1e-06,16.42700113333333,0.47333333333333333
2025-07-10 08:00:00,0.12800211666666667,18.186667566666667,0.5106666833333333
2025-07-10 09:00:00,2.602001883333333,16.8206681,2.0360000166666667
2025-07-10 10:00:00,4.588335433333334,17.1950009,3.0880001666666668
2025-07-10 11:00:00,4.785001566666668,18.488000116666665,3.2088333666666666
2025-07-10 12:00:00,4.035001016666667,18.768000049999998,3.402333366666667
2025-07-10 13:00:00,4.966667816666667,17.417333483333334,3.6090000333333334
2025-07-10 14:00:00,4.44333445,7.0370008833333335,3.7116667666666667
2025-07-10 15:00:00,4.150001916666667,8.716333616666667,3.4396666833333334
2025-07-10 16:00:00,4.093335133333333,9.643333583333334,3.6015000999999995
2025-07-10 17:00:00,3.5566686166666672,13.42733405,3.6615000833333333
2025-07-10 18:00:00,3.5e-07,7.850001300000001,1.35466675
2025-07-10 19:00:00,0.0,1.1350001,0.6716666833333332
2025-07-10 20:00:00,0.0,0.4600001,0.41066668333333334
2025-07-10 21:00:00,0.0,0.0,0.35433333333333333
2025-07-10 22:00:00,0.0,0.0,0.3218333333333333
2025-07-10 23:00:00,0.0,0.0,0.3516666833333333
2025-07-11 00:00:00,0.0,0.0,0.30516671666666667
2025-07-11 01:00:00,0.0,0.0,0.5241666666666667
2025-07-11 02:00:00,0.0,0.0,0.4053333333333333
2025-07-11 03:00:00,0.0,0.0,0.4846666666666667
2025-07-11 04:00:00,0.0,0.03300006666666666,0.4053333333333333
2025-07-11 05:00:00,0.0,0.8760000333333333,0.4846666666666667
2025-07-11 06:00:00,1.5000000000000002e-07,6.234333899999999,0.4053333333333333
2025-07-11 07:00:00,2.0416677,10.513667033333332,0.4846666666666667
2025-07-11 08:00:00,2.6280017333333334,10.58000065,0.5128333333333334
2025-07-11 09:00:00,3.9316681000000004,9.476667833333336,1.3713333666666665
2025-07-11 10:00:00,4.010001866666667,8.605666833333332,2.5903334000000005
2025-07-11 11:00:00,4.695336450000001,9.314667599999998,3.0771667166666665
2025-07-11 12:00:00,2.6833363500000003,10.253334533333334,3.0928333833333332
2025-07-11 13:00:00,5.06333485,10.836667783333334,2.9961667333333333
2025-07-11 14:00:00,2.5366693000000002,13.960333550000001,3.1066667333333333
2025-07-11 15:00:00,4.366668816666667,14.5300007,2.7158333666666667
2025-07-11 16:00:00,1.8386693166666666,13.646333516666667,3.193333383333333
2025-07-11 17:00:00,4.73666855,10.5866679,3.2690000166666664
2025-07-11 18:00:00,5.156667933333333,12.8736669,1.0390000333333334
2025-07-11 19:00:00,4.0833341333333335,12.03200015,0.3016666666666667
2025-07-11 20:00:00,0.0,4.150000383333334,0.18
2025-07-11 21:00:00,0.0,0.0,0.265
2025-07-11 22:00:00,0.0,0.0,0.18
2025-07-11 23:00:00,0.0,0.0,0.42033336666666665
2025-07-12 00:00:00,0.0,0.0,0.46666673333333336
2025-07-12 01:00:00,0.0,0.0,0.4393333333333333
2025-07-12 02:00:00,0.0,0.0,0.38150001666666666
2025-07-12 03:00:00,0.0,0.0,0.4035
2025-07-12 04:00:00,0.0,1.3333334333333333,0.45066666666666666
2025-07-12 05:00:00,0.0,5.675333983333333,0.4393333333333333
2025-07-12 06:00:00,0.0,7.783001083333334,0.45066666666666666
2025-07-12 07:00:00,0.0,15.4443338,0.4393333333333333
2025-07-12 08:00:00,0.0,9.186667,1.372333933333333
2025-07-12 09:00:00,0.0,3.6613346499999997,3.3176667833333338
2025-07-12 10:00:00,0.0,13.122000233333333,3.501500033333333
2025-07-12 11:00:00,0.0,13.848000033333333,3.3243335166666665
2025-07-12 12:00:00,0.0,13.357333366666666,3.0556667666666666
2025-07-12 13:00:00,0.0,13.340666683333335,2.5401670833333334
2025-07-12 14:00:00,0.0,13.899,2.6823337833333336
2025-07-12 15:00:00,0.0,13.891,3.3035001
2025-07-12 16:00:00,0.0,12.28,3.8358334333333333
2025-07-12 17:00:00,0.0,12.84,3.367666916666667
2025-07-12 18:00:00,0.0,2.5133346166666666,2.6350005166666666
2025-07-12 19:00:00,0.0,2.777000716666667,2.8723335500000005
2025-07-12 20:00:00,0.0,0.9166666833333332,1.1835001666666665
2025-07-12 21:00:00,0.0,0.0,0.5186666666666666
2025-07-12 22:00:00,0.0,0.0,0.3713333333333333
2025-07-12 23:00:00,0.0,0.0,0.48333333333333334
2025-07-13 00:00:00,0.0,0.0,0.4150000166666667
2025-07-13 01:00:00,0.0,0.0,0.31666676666666665
2025-07-13 02:00:00,0.0,0.0,0.4526667
2025-07-13 03:00:00,0.0,0.0,0.462
2025-07-13 04:00:00,0.0,0.0,0.462
2025-07-13 05:00:00,0.0,1.976667266666667,0.428
2025-07-13 06:00:00,0.0,15.84833375,0.496
2025-07-13 07:00:00,0.0,17.199000666666667,0.394
2025-07-13 08:00:00,0.0,16.480000566666664,1.8308334166666669
2025-07-13 09:00:00,0.0,13.510000133333333,3.0191669666666665
2025-07-13 10:00:00,0.0,12.383333583333332,3.5616668
2025-07-13 11:00:00,0.0,14.470000083333334,2.9333336166666664
2025-07-13 12:00:00,0.0,11.623333683333332,3.3491669833333337
2025-07-13 13:00:00,0.0,9.730000500000001,3.1135000500000003
2025-07-13 14:00:00,0.0,17.48,3.59233335
2025-07-13 15:00:00,0.0,15.420000100000001,3.472500033333333
2025-07-13 16:00:00,0.0,11.786667083333334,3.0775000833333332
2025-07-13 17:00:00,0.0,4.7546681,2.834000233333333
2025-07-13 18:00:00,0.0,12.838333866666666,2.5801671333333336
2025-07-13 19:00:00,0.0,11.966667750000001,2.0496670166666666
2025-07-13 20:00:00,0.0,3.7800007,0.44533341666666665
2025-07-13 21:00:00,0.0,0.0,0.5133334166666668
2025-07-13 22:00:00,0.0,0.0,0.248
2025-07-13 23:00:00,0.0,0.0,0.19116668333333334
2025-07-14 00:00:00,0.0,0.0,0.3680000166666667
2025-07-14 01:00:00,0.0,0.0,0.397
2025-07-14 02:00:00,0.0,0.0,0.5413333333333333
2025-07-14 03:00:00,0.0,0.0,0.3826666666666667
2025-07-14 04:00:00,0.0,3.0000000000000004e-07,0.45383334999999997
2025-07-14 05:00:00,0.0,1.2590007333333333,0.36383336666666666
2025-07-14 06:00:00,0.0,8.340000166666666,0.4841667
2025-07-14 07:00:00,7e-07,4.393334366666666,0.2881666833333333
2025-07-14 08:00:00,0.25133445,7.263334016666667,0.5118333333333334
2025-07-14 09:00:00,1.9706683166666668,9.600000366666666,0.8121667
2025-07-14 10:00:00,3.2276693500000007,10.770000750000001,2.7821667333333333
2025-07-14 11:00:00,6.910001633333334,6.276667433333334,2.9955000999999997
2025-07-14 12:00:00,3.0400026500000004,12.596666983333332,2.6366666666666667
2025-07-14 13:00:00,2.2946691500000003,13.46,2.6100000166666666
2025-07-14 14:00:00,4.2553354,13.693333333333333,2.6895
2025-07-14 15:00:00,7.1906680000000005,13.18,2.6198333666666667
2025-07-14 16:00:00,4.762668883333334,13.420000066666665,3.284833383333333
2025-07-14 17:00:00,4.180001766666666,12.703333583333333,3.010500066666667
2025-07-14 18:00:00,4.990666933333333,12.038000883333332,1.7548334166666668
2025-07-14 19:00:00,1.2673338,4.855335233333333,0.5515
2025-07-14 20:00:00,0.0,1.6666670666666668,0.19133333333333336
2025-07-14 21:00:00,0.0,0.0,0.2765
2025-07-14 22:00:00,0.0,0.0,0.4383333333333333
2025-07-14 23:00:00,0.0,0.0,0.2765000166666667
2025-07-15 00:00:00,0.0,0.0,0.317
2025-07-15 01:00:00,0.0,0.0,0.2593333333333333
2025-07-15 02:00:00,0.0,0.0,0.19133333333333336
2025-07-15 03:00:00,0.0,0.0,0.4200000166666667
2025-07-15 04:00:00,0.0,0.0,0.18550001666666668
2025-07-15 05:00:00,0.0,0.0,0.4830000166666667
2025-07-15 06:00:00,8.000000000000001e-07,4.5e-07,0.6241666833333332
2025-07-15 07:00:00,0.3400012833333333,4.1966685,0.265
2025-07-15 08:00:00,0.9806682833333332,10.066667216666668,0.197
2025-07-15 09:00:00,3.2700022833333335,8.00866725,2.0768336
2025-07-15 10:00:00,2.5536692833333334,9.067333849999999,3.1901667166666665
2025-07-15 11:00:00,3.920001716666667,11.410000366666667,2.5203337166666664
2025-07-15 12:00:00,4.013667966666667,19.726666666666667,2.8093335833333337
2025-07-15 13:00:00,5.6723346333333335,19.12,2.76933375
2025-07-15 14:00:00,6.280001616666667,16.6800002,3.1375004833333335
2025-07-15 15:00:00,5.7600027,13.576667099999998,4.037500016666667
2025-07-15 16:00:00,6.428001,11.100000466666668,3.9230000166666663
2025-07-15 17:00:00,4.65533425,10.359000683333333,3.8258333666666666
2025-07-15 18:00:00,0.02000003333333333,10.108334283333333,3.1521666666666666
2025-07-15 19:00:00,0.0,15.876,0.5576669000000001
2025-07-15 20:00:00,0.0,3.500000266666667,0.33333335
2025-07-15 21:00:00,0.0,0.0,0.3391667
2025-07-15 22:00:00,0.0,0.0,0.33433335
2025-07-15 23:00:00,0.0,0.0,0.4608333333333333
2025-07-16 00:00:00,0.0,0.0,0.4316666833333333
2025-07-16 01:00:00,0.0,0.0,0.2823333333333333
2025-07-16 02:00:00,0.0,0.0,0.294
2025-07-16 03:00:00,0.0,0.0,0.4141666666666667
2025-07-16 04:00:00,0.0,0.0,0.3908333333333333
2025-07-16 05:00:00,0.0,9.331000366666666,0.5238333333333334
2025-07-16 06:00:00,1.0833335,4.1876682,0.5183333333333334
2025-07-16 07:00:00,5.460000616666667,14.8926673,0.48433333333333334
2025-07-16 08:00:00,2.8156678333333334,9.6666677,0.50333335
2025-07-16 09:00:00,5.594668,9.0800004,0.9548335000000001
2025-07-16 10:00:00,5.855001283333333,6.9993338666666665,2.02250035
2025-07-16 11:00:00,5.700001933333334,15.328333483333331,2.914833483333333
2025-07-16 12:00:00,3.5010015333333335,17.942334366666667,3.704000033333333
2025-07-16 13:00:00,3.6723343833333337,9.922334000000001,3.8541666833333332
2025-07-16 14:00:00,4.489001766666667,11.133333716666668,3.9370000333333333
2025-07-16 15:00:00,5.588002333333334,6.754667366666666,3.863833366666667
2025-07-16 16:00:00,3.1380009166666665,9.180000866666667,3.817000033333333
2025-07-16 17:00:00,1.0733335333333334,4.946000933333333,3.6510000333333332
2025-07-16 18:00:00,0.41000005,6.231334183333335,3.5453335000000004
2025-07-16 19:00:00,0.0,9.263667066666667,3.3105
2025-07-16 20:00:00,0.0,9.166666933333332,0.7650000666666668
2025-07-16 21:00:00,0.0,1.0000000000000001e-07,0.6125000166666666
2025-07-16 22:00:00,0.0,0.0,0.36750003333333336
2025-07-16 23:00:00,0.0,0.0,0.28233338333333335
2025-07-17 00:00:00,0.0,0.0,0.5833333333333334
2025-07-17 01:00:00,0.0,0.0,0.4851666833333333
2025-07-17 02:00:00,0.0,0.0,0.3231667166666667
2025-07-17 03:00:00,0.0,0.0,0.5183333333333334
2025-07-17 04:00:00,0.0,0.0,0.3826666666666667
2025-07-17 05:00:00,0.0,0.0,0.5073333333333333
2025-07-17 06:00:00,2.6666666666666667e-07,5.016666783333333,0.3826666666666667
2025-07-17 07:00:00,0.12133436666666667,11.722333433333334,0.5073333333333333
2025-07-17 08:00:00,0.4253346166666667,11.9830012,0.7493334666666667
2025-07-17 09:00:00,1.7736683,18.761000266666667,2.42400025
2025-07-17 10:00:00,4.838335183333333,12.737333833333334,3.524333433333333
2025-07-17 11:00:00,3.591335816666667,17.80133355,3.4056668999999995
2025-07-17 12:00:00,4.2083353500000005,16.6490002,3.2210003
2025-07-17 13:00:00,4.046335233333334,14.3163337,3.9573333333333336
2025-07-17 14:00:00,6.135001583333334,13.141666716666666,3.004333416666667
2025-07-17 15:00:00,6.656668633333334,12.587666766666667,2.8356666666666666
2025-07-17 16:00:00,6.471335183333333,19.066666749999996,2.7441667833333336
2025-07-17 17:00:00,4.423334566666667,12.3700013,2.9941666833333334
2025-07-17 18:00:00,2.2593345166666667,11.67533385,3.2200000833333333
2025-07-17 19:00:00,5.833333333333334e-07,3.8853334833333335,2.2401668833333335
2025-07-17 20:00:00,0.0,1.2150000166666666,0.334
2025-07-17 21:00:00,0.0,0.417,0.231
2025-07-17 22:00:00,0.0,0.0,0.3116667166666667
2025-07-17 23:00:00,0.0,0.0,0.40833335
2025-07-18 00:00:00,0.0,0.0,0.3675000166666667
2025-07-18 01:00:00,0.0,0.0,0.23666666666666666
2025-07-18 02:00:00,0.0,0.0,0.22533333333333333
2025-07-18 03:00:00,0.0,0.0,0.2823333333333333
2025-07-18 04:00:00,0.0,0.028000333333333335,0.2823333333333333
2025-07-18 05:00:00,0.0,0.6520003833333334,0.4025
2025-07-18 06:00:00,0.0,0.9400003333333333,0.36300004999999996
2025-07-18 07:00:00,0.13600041666666668,10.436666783333333,0.3733333833333334
2025-07-18 08:00:00,4.4833339500000005,9.209666666666665,0.8476666833333333
2025-07-18 09:00:00,4.906334166666666,11.646000283333333,1.1043333833333333
2025-07-18 10:00:00,3.654334666666667,12.753333433333335,2.6535001333333335
2025-07-18 11:00:00,4.773334366666667,8.610000116666667,2.5246668
2025-07-18 12:00:00,6.540000833333334,12.76000065,2.8706666666666667
2025-07-18 13:00:00,5.02333435,12.9266669,2.7913333333333337
2025-07-18 14:00:00,2.50333505,11.293333416666666,3.2723333833333332
2025-07-18 15:00:00,5.836667,9.130000366666668,3.0655000166666664
2025-07-18 16:00:00,2.520002233333333,15.366667283333333,3.3331667166666668
2025-07-18 17:00:00,2.0266692833333333,10.593000533333333,3.143000066666667
2025-07-18 18:00:00,2.346668166666667,13.30300055,2.2740003166666667
2025-07-18 19:00:00,1.5833335666666666,10.92400045,0.7280000666666667
2025-07-18 20:00:00,0.0,6.6006669,0.29983336666666666
2025-07-18 21:00:00,0.0,0.0,0.5075000166666667
2025-07-18 22:00:00,0.0,0.0,0.31866669999999997
2025-07-18 23:00:00,0.0,0.0,0.3791667166666667
2025-07-19 00:00:00,0.0,0.0,0.2706666833333333
2025-07-19 01:00:00,0.0,0.0,0.24766670000000002
2025-07-19 02:00:00,0.0,0.0,0.48433338333333337
2025-07-19 03:00:00,0.0,0.0,0.4053333333333333
2025-07-19 04:00:00,0.0,0.166667,0.5186666666666666
2025-07-19 05:00:00,0.0,10.333333466666668,0.3826666666666667
2025-07-19 06:00:00,0.0,7.585667383333333,0.5413333333333333
2025-07-19 07:00:00,0.0,6.804000950000001,0.3826666666666667
2025-07-19 08:00:00,0.0,7.428000616666667,0.60666675
2025-07-19 09:00:00,0.0,7.360333799999999,1.3933335500000001
2025-07-19 10:00:00,0.0,7.81000065,2.657500183333333
2025-07-19 11:00:00,0.0,13.020000433333333,2.9970000999999997
2025-07-19 12:00:00,0.0,7.786667716666667,3.3151667000000002
2025-07-19 13:00:00,0.0,12.700000416666668,3.4075
2025-07-19 14:00:00,0.0,18.62,3.3493333499999998
2025-07-19 15:00:00,0.0,8.01133355,3.3986667
2025-07-19 16:00:00,0.0,8.026666666666667,3.1836667833333334
2025-07-19 17:00:00,0.0,8.5,3.35300005
2025-07-19 18:00:00,0.0,8.130333583333334,2.86633345
2025-07-19 19:00:00,0.0,3.1936669666666666,2.1648334166666667
2025-07-19 20:00:00,0.0,0.4000002833333334,0.5303333666666666
2025-07-19 21:00:00,0.0,0.0,0.33316666666666667
2025-07-19 22:00:00,0.0,0.0,0.20833333333333334
2025-07-19 23:00:00,0.0,0.0,0.3791666666666667
2025-07-20 00:00:00,0.0,0.0,0.3920000166666667
2025-07-20 01:00:00,0.0,0.0,0.5366666833333333
2025-07-20 02:00:00,0.0,0.0,0.4316667
2025-07-20 03:00:00,0.0,0.0,0.24233333333333335
2025-07-20 04:00:00,0.0,0.0,0.32850006666666665
2025-07-20 05:00:00,0.0,0.0,0.5066666833333333
2025-07-20 06:00:00,0.0,6.4236671,0.4053333333333333
2025-07-20 07:00:00,0.0,12.920000183333334,0.4846666666666667
2025-07-20 08:00:00,0.0,13.290000433333333,1.24700015
2025-07-20 09:00:00,0.0,14.0466667,3.1780000999999998
2025-07-20 10:00:00,0.0,14.146666666666667,2.560833383333333
2025-07-20 11:00:00,0.0,13.96,2.2350001666666666
2025-07-20 12:00:00,0.0,3.2300014333333333,2.4575
2025-07-20 13:00:00,0.0,13.0413337,2.6600000999999995
2025-07-20 14:00:00,0.0,13.50866695,2.4800001
2025-07-20 15:00:00,0.0,12.225667233333333,3.34583335
2025-07-20 16:00:00,0.0,12.494000333333334,3.28
2025-07-20 17:00:00,0.0,12.909000416666668,3.365
2025-07-20 18:00:00,0.0,13.07900055,3.180833533333333
2025-07-20 19:00:00,0.0,7.58866705,1.4843334
2025-07-20 20:00:00,0.0,2.4540006333333335,0.5073333333333333
2025-07-20 21:00:00,0.0,0.0,0.3826666666666667
2025-07-20 22:00:00,0.0,0.0,0.5073333333333333
2025-07-20 23:00:00,0.0,0.0,0.6018333333333333
2025-07-21 00:00:00,0.0,0.0,0.2648333666666667
2025-07-21 01:00:00,0.0,0.0,0.22533333333333333
2025-07-21 02:00:00,0.0,0.0,0.23666666666666666
2025-07-21 03:00:00,0.0,0.0,0.20833333333333334
2025-07-21 04:00:00,0.0,0.3010000166666667,0.3796667166666667
2025-07-21 05:00:00,0.0,1.4400003499999998,0.4025000166666667
2025-07-21 06:00:00,0.0,3.8233343,0.5355
2025-07-21 07:00:00,8.333333333333333e-08,16.40000021666667,0.3826666666666667
2025-07-21 08:00:00,1.0333333333333333e-06,12.026668299999999,0.5663334
2025-07-21 09:00:00,1.2390029166666667,11.393334633333334,2.0105003833333335
2025-07-21 10:00:00,2.30733575,13.296667183333334,2.88466685
2025-07-21 11:00:00,3.224002116666667,13.490000100000001,2.9758334666666664
2025-07-21 12:00:00,3.8913349666666672,17.949666783333335,2.70166695
2025-07-21 13:00:00,3.21233505,18.296667066666664,3.4653334333333334
2025-07-21 14:00:00,2.3706694166666664,18.931333433333332,3.4096667666666667
2025-07-21 15:00:00,4.0346691,15.760000433333333,3.4756667666666665
2025-07-21 16:00:00,3.52666855,8.2343339,3.0080003166666667
2025-07-21 17:00:00,4.256668433333334,8.219000633333334,3.34233355
2025-07-21 18:00:00,1.9166674166666666,8.853667033333334,2.0446672166666664
2025-07-21 19:00:00,1.83333385,2.483334333333333,1.33933355
2025-07-21 20:00:00,0.0,6.833333333333333e-07,0.20266666666666666
2025-07-21 21:00:00,0.0,0.0,0.3056666666666667
2025-07-21 22:00:00,0.0,0.0,0.5413333333333333
2025-07-21 23:00:00,0.0,0.0,0.29400006666666667
2025-07-22 00:00:00,0.0,0.0,0.4433333333333333
2025-07-22 01:00:00,0.0,0.0,0.3908333333333333
2025-07-22 02:00:00,0.0,0.0,0.4316667
2025-07-22 03:00:00,0.0,0.0,0.665
2025-07-22 04:00:00,0.0,3.1666666666666667e-07,0.3255
2025-07-22 05:00:00,0.0,4.25000015,0.3673333333333333
2025-07-22 06:00:00,6.833333333333333e-07,7.360000566666667,0.5073333333333333
2025-07-22 07:00:00,1.6166666666666667e-06,8.500000716666667,0.3826666666666667
2025-07-22 08:00:00,0.35666906666666665,6.1500013,0.6016667333333333
2025-07-22 09:00:00,1.6850017499999999,9.586667833333333,1.2523334333333331
2025-07-22 10:00:00,4.048334700000001,18.796667000000003,3.06200005
2025-07-22 11:00:00,4.500002016666667,18.326667133333334,3.259500033333333
2025-07-22 12:00:00,3.5000020000000003,18.576667283333332,3.3198335166666664
2025-07-22 13:00:00,3.7650014500000006,19.293333516666667,3.4933333666666666
2025-07-22 14:00:00,3.4866687333333335,17.670000283333334,3.339333416666667
2025-07-22 15:00:00,3.9596689166666676,9.33666755,3.35733345
2025-07-22 16:00:00,5.311002233333333,13.339667383333335,2.8230002
2025-07-22 17:00:00,1.9863359000000003,18.316666766666668,2.9030001333333333
2025-07-22 18:00:00,0.49133363333333335,11.097000816666666,3.1663335166666666
2025-07-22 19:00:00,0.055333650000000005,0.0500009,2.9866667833333334
2025-07-22 20:00:00,0.0,0.0,0.61000005
2025-07-22 21:00:00,0.0,0.0,0.2255000166666667
2025-07-22 22:00:00,0.0,0.0,0.45500008333333336
2025-07-22 23:00:00,0.0,0.0,0.4141666833333333
2025-07-23 00:00:00,0.0,0.0,0.3791666833333333
2025-07-23 01:00:00,0.0,0.0,0.405
2025-07-23 02:00:00,0.0,0.0,0.43750008333333334
2025-07-23 03:00:00,0.0,0.0,0.3908333666666667
2025-07-23 04:00:00,0.0,4.3333333333333335e-07,0.4301666666666667
2025-07-23 05:00:00,0.0,2.4910012166666666,0.47333333333333333
2025-07-23 06:00:00,0.056000216666666665,7.241333549999999,0.425
2025-07-23 07:00:00,0.20533353333333335,9.163333516666668,0.2766667
2025-07-23 08:00:00,1.7340007333333334,12.9246667,0.47750005
2025-07-23 09:00:00,3.10433445,13.817000016666666,0.40083338333333335
2025-07-23 10:00:00,3.243334666666667,12.328000266666669,1.9276666666666666
2025-07-23 11:00:00,3.5640012833333334,12.358001,2.7373334833333334
2025-07-23 12:00:00,3.7150004,14.386667066666666,2.6560001499999997
2025-07-23 13:00:00,4.056000083333333,14.47433335,2.974000066666667
2025-07-23 14:00:00,3.9030003833333335,13.377000516666666,3.34750025
2025-07-23 15:00:00,4.557001633333333,12.57666745,3.4550000166666663
2025-07-23 16:00:00,5.620001050000001,10.903334716666667,3.0833333499999998
2025-07-23 17:00:00,0.16600028333333333,7.146334633333334,3.5035
2025-07-23 18:00:00,0.0,3.7726684,2.9503333499999997
2025-07-23 19:00:00,0.0,0.5600012333333333,0.8158333999999999
2025-07-23 20:00:00,0.0,1e-06,0.6066666833333333
2025-07-23 21:00:00,0.0,1.1666666666666667e-07,0.4846666666666667
2025-07-23 22:00:00,0.0,0.0,0.4395
2025-07-23 23:00:00,0.0,0.0,0.3550000166666667
2025-07-24 00:00:00,0.0,0.0,0.5891666666666666
2025-07-24 01:00:00,0.0,0.0,0.2591666833333333
2025-07-24 02:00:00,0.0,0.0,0.49000003333333336
2025-07-24 03:00:00,0.0,0.0,0.231
2025-07-24 04:00:00,0.0,5.0000000333333325,0.214
2025-07-24 05:00:00,0.0,10.250000016666666,0.214
2025-07-24 06:00:00,0.95833385,7.090666983333334,0.4851666666666667
2025-07-24 07:00:00,1e-06,8.286667616666668,0.3291667
2025-07-24 08:00:00,3.299000283333333,15.543333983333333,0.25366666666666665
2025-07-24 09:00:00,3.1793339166666668,18.300000400000002,0.367
2025-07-24 10:00:00,1.5523353,9.050000683333334,2.1376667333333335
2025-07-24 11:00:00,2.847000833333333,7.880001016666666,2.477000066666667
2025-07-24 12:00:00,1.19866785,12.926666933333333,3.032166683333333
2025-07-24 13:00:00,5.2800004666666664,19.2766669,3.310333383333333
2025-07-24 14:00:00,6.460001016666666,18.8933334,3.2631667
2025-07-24 15:00:00,6.631334316666666,19.293333433333334,3.2525000333333334
2025-07-24 16:00:00,5.950668233333333,14.5666668,3.42033335
2025-07-24 17:00:00,5.116667250000001,11.390000449999999,3.217000033333333
2025-07-24 18:00:00,0.4520011666666667,8.575000399999999,3.1638333666666667
2025-07-24 19:00:00,0.11400031666666664,3.4396668999999997,2.566500066666667
2025-07-24 20:00:00,0.0,0.5480003666666666,0.9391666833333334
2025-07-24 21:00:00,0.0,0.0,0.4366666666666667
2025-07-24 22:00:00,0.0,0.0,0.46666668333333333
2025-07-24 23:00:00,0.0,0.0,0.4433333666666667
2025-07-25 00:00:00,0.0,0.0,0.3278333333333333
2025-07-25 01:00:00,0.0,0.0,0.5483333333333333
2025-07-25 02:00:00,0.0,0.0,0.5321667333333333
2025-07-25 03:00:00,0.0,0.0,0.5186666666666666
2025-07-25 04:00:00,0.0,0.38600013333333333,0.3713333333333333
2025-07-25 05:00:00,0.0,3.555333683333333,0.4901666666666667
2025-07-25 06:00:00,0.0,11.560000166666667,0.4483333666666667
2025-07-25 07:00:00,0.33400076666666667,7.560000883333333,0.5733334333333333
2025-07-25 08:00:00,2.505334716666667,13.523333816666668,2.5291668333333335
2025-07-25 09:00:00,5.11366905,14.04333365,3.4045001999999998
2025-07-25 10:00:00,5.630001933333334,13.92,2.3750007
2025-07-25 11:00:00,6.1340016833333335,12.216666966666667,2.855000283333333
2025-07-25 12:00:00,6.4340011,10.360001266666666,2.445000416666667
2025-07-25 13:00:00,6.330001200000001,10.525333866666665,2.195000416666667
2025-07-25 14:00:00,5.5823355333333335,9.287334033333334,2.098834016666667
2025-07-25 15:00:00,5.901335266666667,10.302333883333334,3.4378334500000003
2025-07-25 16:00:00,6.069334850000001,13.364000266666668,3.610833416666667
2025-07-25 17:00:00,3.750000483333334,16.711000566666666,2.8983335666666665
2025-07-25 18:00:00,0.09133353333333334,16.52400085,2.2350005666666672
2025-07-25 19:00:00,0.0,10.80800125,2.69200025
2025-07-25 20:00:00,0.0,4.255000483333333,1.0416668666666666
2025-07-25 21:00:00,0.0,0.0,0.417
2025-07-25 22:00:00,0.0,0.0,0.46316668333333333
2025-07-25 23:00:00,0.0,0.0,0.3978333333333333
2025-07-26 00:00:00,0.0,0.0,0.4851666833333333
2025-07-26 01:00:00,0.0,0.0,0.43533340000000004
2025-07-26 02:00:00,0.0,0.0,0.43166673333333333
2025-07-26 03:00:00,0.0,0.0,0.5238333333333334
2025-07-26 04:00:00,0.0,0.0,0.4166666666666667
2025-07-26 05:00:00,0.0,0.0,0.5073333333333333
2025-07-26 06:00:00,0.0,0.9190000166666666,0.4166666666666667
2025-07-26 07:00:00,0.0,5.448667483333334,0.5073333333333333
2025-07-26 08:00:00,0.0,6.220667716666667,0.48500068333333335
2025-07-26 09:00:00,0.0,12.1900002,1.8473333500000002
2025-07-26 10:00:00,0.0,17.67233333333333,3.6400000833333332
2025-07-26 11:00:00,0.0,18.468,3.8418333333333337
2025-07-26 12:00:00,0.0,17.582000016666665,3.33950025
2025-07-26 13:00:00,0.0,12.250000733333332,2.8616667333333337
2025-07-26 14:00:00,0.0,9.034333433333336,2.8753333333333333
2025-07-26 15:00:00,0.0,8.651666800000001,2.853333383333333
2025-07-26 16:00:00,0.0,9.533333466666667,2.8753333333333333
2025-07-26 17:00:00,0.0,10.479333716666668,2.9116666666666666
2025-07-26 18:00:00,0.0,9.050333633333334,2.5361673500000004
2025-07-26 19:00:00,0.0,8.986334116666667,2.685000216666667
2025-07-26 20:00:00,0.0,9.186666800000001,0.9420001666666667
2025-07-26 21:00:00,0.0,0.0,0.23666666666666666
2025-07-26 22:00:00,0.0,0.0,0.42583336666666666
2025-07-26 23:00:00,0.0,0.0,0.4855000666666667
2025-07-27 00:00:00,0.0,0.0,0.45966666666666667
2025-07-27 01:00:00,0.0,0.0,0.5163333333333334
2025-07-27 02:00:00,0.0,0.0,0.4466666666666667
2025-07-27 03:00:00,0.0,0.0,0.27066666666666667
2025-07-27 04:00:00,0.0,0.0,0.27066666666666667
2025-07-27 05:00:00,0.0,0.0,0.4893333333333333
2025-07-27 06:00:00,0.0,5.7500001,0.4480000333333334
2025-07-27 07:00:00,0.0,11.591000433333333,1.1075002666666667
2025-07-27 08:00:00,0.0,9.51433375,2.2366666666666664
2025-07-27 09:00:00,0.0,13.62666695,2.3961667
2025-07-27 10:00:00,0.0,12.586666966666668,3.072000066666667
2025-07-27 11:00:00,0.0,16.01666675,3.2606667000000003
2025-07-27 12:00:00,0.0,14.199666816666666,3.6075000333333334
2025-07-27 13:00:00,0.0,10.2146667,3.2838334666666666
2025-07-27 14:00:00,0.0,15.306666733333333,2.8191669499999996
2025-07-27 15:00:00,0.0,9.61666675,2.9523334666666665
2025-07-27 16:00:00,0.0,14.390000066666666,2.5468338
2025-07-27 17:00:00,0.0,18.615333416666665,3.5605000833333333
2025-07-27 18:00:00,0.0,10.68000065,3.3766667999999997
2025-07-27 19:00:00,0.0,5.046333566666667,0.9105001333333334
2025-07-27 20:00:00,0.0,0.157,0.42000003333333336
2025-07-27 21:00:00,0.0,0.0,0.3046666833333333
2025-07-27 22:00:00,0.0,0.0,0.23666666666666666
2025-07-27 23:00:00,0.0,0.0,0.39083334999999997
2025-07-28 00:00:00,0.0,0.0,0.4316667
2025-07-28 01:00:00,0.0,0.0,0.29983336666666666
2025-07-28 02:00:00,0.0,0.0,0.515
2025-07-28 03:00:00,0.0,0.0,0.4393333333333333
2025-07-28 04:00:00,0.0,0.0,0.31150001666666666
2025-07-28 05:00:00,0.0,0.6500005166666667,0.28783338333333336
2025-07-28 06:00:00,0.023334333333333332,3.3826666833333334,0.4901666833333333
2025-07-28 07:00:00,0.12333471666666668,6.044334216666667,0.39083334999999997
2025-07-28 08:00:00,0.22666806666666664,13.629667333333334,0.77983335
2025-07-28 09:00:00,3.927001633333334,12.993666966666668,2.6811668999999996
2025-07-28 10:00:00,3.0633353500000005,17.780001283333334,2.75133345
2025-07-28 11:00:00,3.3933350833333336,18.57666685,2.6933335
2025-07-28 12:00:00,2.9233348666666665,13.343333783333334,3.5575000833333332
2025-07-28 13:00:00,4.118335,8.286667516666666,3.5100000166666665
2025-07-28 14:00:00,4.258335000000001,11.513334233333334,2.9605000666666665
2025-07-28 15:00:00,5.498335666666667,7.92266715,2.3815001333333337
2025-07-28 16:00:00,3.916002416666667,6.679667416666666,2.5753333333333335
2025-07-28 17:00:00,1.1193348166666666,17.899667416666666,2.55333335
2025-07-28 18:00:00,0.24000138333333332,17.767333533333336,2.806500033333333
2025-07-28 19:00:00,0.18000065,15.420000116666666,1.7956667166666667
2025-07-28 20:00:00,0.0,0.29133343333333334,0.19133333333333336
2025-07-28 21:00:00,0.0,0.0,0.4316666666666667
2025-07-28 22:00:00,0.0,0.0,0.25366666666666665
2025-07-28 23:00:00,0.0,0.0,0.3051666666666667
2025-07-29 00:00:00,0.0,0.0,0.29966671666666667
2025-07-29 01:00:00,0.0,0.0,0.5413333333333333
2025-07-29 02:00:00,0.0,0.0,0.4335
2025-07-29 03:00:00,0.0,0.0,0.42583336666666666
2025-07-29 04:00:00,0.0,0.7500000666666667,0.2531667166666667
2025-07-29 05:00:00,0.0,3.7820006,0.5308333833333334
2025-07-29 06:00:00,0.0,13.048666866666666,0.3826666666666667
2025-07-29 07:00:00,0.23466666666666666,7.260000733333333,0.5413333333333333
2025-07-29 08:00:00,0.68,13.634000100000002,1.2268334333333333
2025-07-29 09:00:00,1.9333336666666667,11.617001266666666,2.8271667833333334
2025-07-29 10:00:00,3.210334616666667,12.179667516666667,3.2510000666666667
2025-07-29 11:00:00,3.8360009833333333,12.9546673,3.55550005
2025-07-29 12:00:00,3.5500008833333334,18.679666866666672,3.5426666833333336
2025-07-29 13:00:00,3.396666683333333,17.805666833333333,3.7413333333333334
2025-07-29 14:00:00,2.4850003666666667,11.410333683333333,3.53600005
2025-07-29 15:00:00,2.943334366666667,6.583333716666666,3.6096666833333333
2025-07-29 16:00:00,3.147667333333333,9.311334033333335,3.526833416666667
2025-07-29 17:00:00,2.753333416666667,13.694667149999999,2.8596668
2025-07-29 18:00:00,1.75000015,10.409000833333334,3.0551668333333337
2025-07-29 19:00:00,0.0,0.8870004,1.6730000166666665
2025-07-29 20:00:00,0.0,0.8610000999999999,0.41633335
2025-07-29 21:00:00,0.0,0.0,0.64783335
2025-07-29 22:00:00,0.0,0.0,0.394
2025-07-29 23:00:00,0.0,0.0,0.4771667
2025-07-30 00:00:00,0.0,0.0,0.5250000166666666
2025-07-30 01:00:00,0.0,0.0,0.2881667
2025-07-30 02:00:00,0.0,0.0,0.2823333333333333
2025-07-30 03:00:00,0.0,0.0,0.49583335
2025-07-30 04:00:00,0.0,0.0,0.3675000166666667
2025-07-30 05:00:00,0.0,1.5000000000000002e-07,0.2881666833333333
2025-07-30 06:00:00,5e-07,1.9000003666666667,0.5516666666666666
2025-07-30 07:00:00,0.2560002,9.383333933333333,0.4755
2025-07-30 08:00:00,0.5600001833333333,14.630000066666666,1.0015
2025-07-30 09:00:00,4.670001066666667,18.533334233333335,2.82733365
2025-07-30 10:00:00,3.0916681666666674,18.680001183333335,2.55833335
2025-07-30 11:00:00,3.7250010833333334,18.623333549999998,2.6256668833333334
2025-07-30 12:00:00,3.5566671000000003,19.130000316666667,2.9546668166666663
2025-07-30 13:00:00,3.7250010500000004,15.746666766666667,3.7725
2025-07-30 14:00:00,3.61166775,11.663333566666667,3.7991666666666664
2025-07-30 15:00:00,5.03533535,10.34666705,3.3638335666666666
2025-07-30 16:00:00,3.6856685166666665,8.940000683333334,3.331833416666667
2025-07-30 17:00:00,0.8440015666666667,8.473333933333333,3.158000016666666
2025-07-30 18:00:00,2.5e-07,9.230000433333332,0.9931668499999999
2025-07-30 19:00:00,0.0,7.419666866666667,1.4216668833333335
2025-07-30 20:00:00,0.0,0.0,0.4975002
2025-07-30 21:00:00,0.0,0.0,0.385
2025-07-30 22:00:00,0.0,0.0,0.4083333666666667
2025-07-30 23:00:00,0.0,0.0,0.4771666833333333
2025-07-31 00:00:00,0.0,0.0,0.48300003333333336
2025-07-31 01:00:00,0.0,0.0,0.48883336666666666
2025-07-31 02:00:00,0.0,0.0,0.2931667
2025-07-31 03:00:00,0.0,0.0,0.25950001666666667
2025-07-31 04:00:00,0.0,0.7,0.4771666666666667
2025-07-31 05:00:00,0.0,2.2320002833333334,0.4846666666666667
2025-07-31 06:00:00,2.3333333333333333e-07,8.017667733333333,0.4393333333333333
2025-07-31 07:00:00,1.6666670000000001,13.011000349999998,0.4166666666666667
2025-07-31 08:00:00,2.9733339833333337,13.363333550000002,1.28400005
2025-07-31 09:00:00,4.023335133333333,12.766667183333333,2.99266695
2025-07-31 10:00:00,3.966335066666667,12.443334250000001,2.8875000500000003
2025-07-31 11:00:00,3.7646685833333335,12.576667233333334,3.4115
2025-07-31 12:00:00,2.9713356,11.3800011,3.5553333499999997
2025-07-31 13:00:00,0.6940029333333333,13.32666725,3.862
2025-07-31 14:00:00,1.9026701166666669,13.487000766666666,3.413166733333333
2025-07-31 15:00:00,4.8483354,13.80233345,2.979166766666667
2025-07-31 16:00:00,4.746668916666667,12.163666916666667,2.5676668333333335
2025-07-31 17:00:00,6.160001666666667,6.7200009,3.0831667833333336
2025-07-31 18:00:00,0.75333505,12.162334333333334,3.2483336333333335
2025-07-31 19:00:00,0.05066685,0.8810001833333333,1.9521667666666664
2025-07-31 20:00:00,0.0,0.70200005,0.50050005
2025-07-31 21:00:00,0.0,0.0,0.3826666666666667
2025-07-31 22:00:00,0.0,0.0,0.3406667
2025-07-31 23:00:00,0.0,0.0,0.43166671666666667
2025-08-01 00:00:00,0.0,0.0,0.5063333666666667
2025-08-01 01:00:00,0.0,0.0,0.3826666666666667
2025-08-01 02:00:00,0.0,0.0,0.5413333333333333
2025-08-01 03:00:00,0.0,0.0,0.3826666666666667
2025-08-01 04:00:00,0.0,0.0,0.47333333333333333
2025-08-01 05:00:00,0.0,2.75000005,0.45066666666666666
2025-08-01 06:00:00,5.833333333333334e-07,6.791334016666666,0.4053333333333333
2025-08-01 07:00:00,0.46000061666666664,6.476667616666668,0.5186668499999999
2025-08-01 08:00:00,0.24200106666666665,8.737000733333332,2.1528335166666666
2025-08-01 09:00:00,2.2450016833333333,6.493334783333333,2.9286667499999997
2025-08-01 10:00:00,4.985001783333334,8.299667533333333,3.0433334666666663
2025-08-01 11:00:00,3.167002483333333,10.885667083333333,3.1238334666666665
2025-08-01 12:00:00,1.8550020000000003,18.483000266666664,2.6766667
2025-08-01 13:00:00,2.655668983333334,18.657,2.2470002
2025-08-01 14:00:00,5.242002116666668,18.645,2.2413334833333334
2025-08-01 15:00:00,5.8400020333333345,18.847000016666666,2.0183336666666665
2025-08-01 16:00:00,6.046668,17.486667,2.6020000333333333
2025-08-01 17:00:00,2.4906675333333332,9.617667433333333,2.381000383333333
2025-08-01 18:00:00,0.08000003333333333,10.728666933333333,3.0726668
2025-08-01 19:00:00,0.0,17.566000550000002,1.0661667833333333
2025-08-01 20:00:00,0.0,1.1653342333333334,0.265
2025-08-01 21:00:00,0.0,0.0,0.19133333333333336
2025-08-01 22:00:00,0.0,0.0,0.25366666666666665
2025-08-01 23:00:00,0.0,0.0,0.33916671666666665
2025-08-02 00:00:00,0.0,0.0,0.5118333666666667
2025-08-02 01:00:00,0.0,0.0,0.5073333333333333
2025-08-02 02:00:00,0.0,0.0,0.3826666666666667
2025-08-02 03:00:00,0.0,0.0,0.5073333333333333
2025-08-02 04:00:00,0.0,0.0,0.3826666666666667
2025-08-02 05:00:00,0.0,2.7166672333333333,0.5073333333333333
2025-08-02 06:00:00,0.0,17.346666666666668,0.3826666666666667
2025-08-02 07:00:00,0.0,6.97633435,0.5073333333333333
2025-08-02 08:00:00,0.0,13.18600115,0.4185
2025-08-02 09:00:00,0.0,18.35266695,1.8381666833333334
2025-08-02 10:00:00,0.0,19.566666666666666,2.33683345
2025-08-02 11:00:00,0.0,17.917666983333337,2.93316675
2025-08-02 12:00:00,0.0,16.321001016666667,4.020000033333333
2025-08-02 13:00:00,0.0,18.096666916666667,3.0725000999999996
2025-08-02 14:00:00,0.0,12.830000216666667,3.2783333333333333
2025-08-02 15:00:00,0.0,13.846666666666666,3.221666716666667
2025-08-02 16:00:00,0.0,12.867333350000001,3.0966667833333337
2025-08-02 17:00:00,0.0,12.956666716666666,3.2953334000000005
2025-08-02 18:00:00,0.0,8.970667683333334,3.711666683333333
2025-08-02 19:00:00,0.0,2.595333383333333,2.7691666833333333
2025-08-02 20:00:00,0.0,0.6190000333333333,1.9636667833333334
2025-08-02 21:00:00,0.0,0.0,0.248
2025-08-02 22:00:00,0.0,0.0,0.4336667166666667
2025-08-02 23:00:00,0.0,0.0,0.41166671666666665
2025-08-03 00:00:00,0.0,0.0,0.5075000333333334
2025-08-03 01:00:00,0.0,0.0,0.294
2025-08-03 02:00:00,0.0,0.0,0.3978333333333333
2025-08-03 03:00:00,0.0,0.0,0.57750005
2025-08-03 04:00:00,0.0,0.068,0.2823333333333333
2025-08-03 05:00:00,0.0,7.028333583333334,0.3056666666666667
2025-08-03 06:00:00,0.0,11.143000100000002,0.2593333333333333
2025-08-03 07:00:00,0.0,12.699666716666666,0.20266666666666666
2025-08-03 08:00:00,0.0,13.790666666666667,0.6923337166666667
2025-08-03 09:00:00,0.0,12.181333683333332,1.2338335166666665
2025-08-03 10:00:00,0.0,12.427333733333333,3.1086667666666665
2025-08-03 11:00:00,0.0,17.408000566666665,3.1291667333333333
2025-08-03 12:00:00,0.0,17.928000600000004,3.3116667166666667
2025-08-03 13:00:00,0.0,18.435666783333335,3.1975002166666666
2025-08-03 14:00:00,0.0,14.43166735,3.2476668166666665
2025-08-03 15:00:00,0.0,8.0496667,3.307500166666667
2025-08-03 16:00:00,0.0,9.223000133333333,2.972500266666667
2025-08-03 17:00:00,0.0,7.572667183333334,3.3090003166666664
2025-08-03 18:00:00,0.0,6.9406673,1.7185001500000001
2025-08-03 19:00:00,0.0,2.557000266666667,1.2588335666666668
2025-08-03 20:00:00,0.0,0.40000021666666663,0.3826666833333333
2025-08-03 21:00:00,0.0,0.0,0.5413333333333333
2025-08-03 22:00:00,0.0,0.0,0.3595000166666667
2025-08-03 23:00:00,0.0,0.0,0.40250005
2025-08-04 00:00:00,0.0,0.0,0.26483335
2025-08-04 01:00:00,0.0,0.0,0.19133333333333336
2025-08-04 02:00:00,0.0,0.0,0.231
2025-08-04 03:00:00,0.0,0.0,0.231
2025-08-04 04:00:00,0.0,3.3333333333333334e-08,0.3406666666666667
2025-08-04 05:00:00,0.0,6.32000085,0.47483335
2025-08-04 06:00:00,4.5e-07,12.273667133333335,0.38033335
2025-08-04 07:00:00,0.11466695,12.558333566666667,1.0373333833333334
2025-08-04 08:00:00,2.11833345,7.456667966666666,2.07566675
2025-08-04 09:00:00,3.0300009833333332,18.10666735,2.97383335
2025-08-04 10:00:00,2.9816679000000006,18.633333333333333,3.6413333333333333
2025-08-04 11:00:00,3.0866677,19.090000016666664,3.2281667499999998
2025-08-04 12:00:00,3.8250001333333334,18.58433378333333,3.251666683333333
2025-08-04 13:00:00,3.848333916666667,18.496666766666667,3.2371667000000004
2025-08-04 14:00:00,3.580000933333334,19.212666733333332,2.9913334833333334
2025-08-04 15:00:00,3.8386678000000005,19.191333666666665,3.8123334000000004
2025-08-04 16:00:00,4.04066875,15.083334200000001,3.8046667000000003
2025-08-04 17:00:00,0.6400016166666667,4.68666805,3.8460001333333333
2025-08-04 18:00:00,0.0,7.006667966666666,3.9708334000000005
2025-08-04 19:00:00,0.0,12.223333966666667,1.2646667
2025-08-04 20:00:00,0.0,0.44100105,0.23666666666666666
2025-08-04 21:00:00,0.0,1.0000000000000001e-07,0.2195000166666667
2025-08-04 22:00:00,0.0,0.0,0.4771667
2025-08-04 23:00:00,0.0,0.0,0.35033333333333333
2025-08-05 00:00:00,0.0,0.0,0.36166676666666664
2025-08-05 01:00:00,0.0,0.0,0.4796667333333334
2025-08-05 02:00:00,0.0,0.0,0.394
2025-08-05 03:00:00,0.0,0.0,0.496
2025-08-05 04:00:00,0.0,3.6666666666666667e-07,0.428
2025-08-05 05:00:00,0.0,5.506333916666667,0.462
2025-08-05 06:00:00,0.030000133333333335,13.563000033333333,0.462
2025-08-05 07:00:00,0.26866771666666667,8.147334333333333,0.428
2025-08-05 08:00:00,0.5600015166666668,6.193334050000001,0.5643333833333333
2025-08-05 09:00:00,1.8213355666666668,6.4700003,0.9281666666666666
2025-08-05 10:00:00,4.2100013,3.043334433333334,3.5833334000000003
2025-08-05 11:00:00,4.60433485,14.626666883333334,3.7118333333333333
2025-08-05 12:00:00,4.516001716666667,16.036667416666667,3.5755
2025-08-05 13:00:00,6.448001283333333,4.470001366666667,3.466
2025-08-05 14:00:00,6.5266679000000005,7.4933346,3.7775000333333333
2025-08-05 15:00:00,6.260002433333333,16.95166755,3.2940000333333335
2025-08-05 16:00:00,4.517668683333334,9.60100135,3.46683335
2025-08-05 17:00:00,0.16200031666666667,8.534666933333334,3.1655000166666665
2025-08-05 18:00:00,0.0,7.731000216666667,2.9628334000000005
2025-08-05 19:00:00,0.0,6.550000383333333,0.9870000333333334
2025-08-05 20:00:00,0.0,1.5000000000000002e-07,0.428
2025-08-05 21:00:00,0.0,0.0,0.4785
2025-08-05 22:00:00,0.0,0.0,0.2881667
2025-08-05 23:00:00,0.0,0.0,0.22500005
2025-08-06 00:00:00,0.0,0.0,0.46666668333333333
2025-08-06 01:00:00,0.0,0.0,0.5183333333333334
2025-08-06 02:00:00,0.0,0.0,0.428
2025-08-06 03:00:00,0.0,0.0,0.462
2025-08-06 04:00:00,0.0,0.5500000666666667,0.40833335
2025-08-06 05:00:00,0.0,2.457,0.3000000166666667
2025-08-06 06:00:00,1.8333333333333333e-07,9.157000300000002,0.4550000333333334
2025-08-06 07:00:00,1e-06,12.50000095,0.3855000333333334
2025-08-06 08:00:00,1.500002066666667,13.96666725,0.29700014999999996
2025-08-06 09:00:00,4.034001566666666,14.2,1.0238336166666666
2025-08-06 10:00:00,4.058335166666667,13.733333333333334,2.4170000333333332
2025-08-06 11:00:00,3.358335733333334,13.700000666666666,3.2030000166666666
2025-08-06 12:00:00,4.441335316666667,13.716667266666665,3.491333383333333
2025-08-06 13:00:00,4.067335366666667,15.0613335,2.88666695
2025-08-06 14:00:00,4.247002016666667,11.681667599999999,2.7933336
2025-08-06 15:00:00,5.081002283333334,17.390001016666666,3.3541668333333337
2025-08-06 16:00:00,5.373001283333333,9.064334416666668,3.5626666833333336
2025-08-06 17:00:00,3.420667,6.969001200000001,3.49233335
2025-08-06 18:00:00,0.0,6.530335000000001,2.292500216666667
2025-08-06 19:00:00,0.0,0.35800091666666667,1.3625001333333335
2025-08-06 20:00:00,0.0,1e-06,0.3233336
2025-08-06 21:00:00,0.0,3.6666666666666667e-07,0.18
2025-08-06 22:00:00,0.0,0.0,0.5555
2025-08-06 23:00:00,0.0,0.0,0.3966666833333333
2025-08-07 00:00:00,0.0,0.0,0.3850000333333334
2025-08-07 01:00:00,0.0,0.0,0.18
2025-08-07 02:00:00,0.0,0.0,0.27666666666666667
2025-08-07 03:00:00,0.0,0.0,0.4841666833333333
2025-08-07 04:00:00,0.0,0.0,0.4725
2025-08-07 05:00:00,0.0,2.0000000000000002e-07,0.4166666666666667
2025-08-07 06:00:00,0.6250006833333334,3.9546677333333338,0.47333333333333333
2025-08-07 07:00:00,1.54166705,17.55100031666667,0.3701666666666667
2025-08-07 08:00:00,2.6846666833333335,18.6996669,0.8086667
2025-08-07 09:00:00,3.43733535,20.08666666666667,1.0650001999999998
2025-08-07 10:00:00,7.161668233333334,18.864333349999995,2.01650005
2025-08-07 11:00:00,7.046668600000001,19.946666949999997,3.195833416666667
2025-08-07 12:00:00,6.43866875,18.995000049999998,3.2416668833333335
2025-08-07 13:00:00,5.726668650000001,18.76666666666667,3.1941667333333337
2025-08-07 14:00:00,6.040001999999999,19.00333335,3.5206667499999997
2025-08-07 15:00:00,5.084001483333334,17.880000266666666,3.3891666833333334
2025-08-07 16:00:00,2.0093354166666666,15.973334366666668,3.52833335
2025-08-07 17:00:00,1.9533342,15.513334,2.798333416666667
2025-08-07 18:00:00,0.16666758333333334,10.181001049999999,3.1650001333333333
2025-08-07 19:00:00,0.0,1.0546677166666667,2.5458335666666665
2025-08-07 20:00:00,0.0,1.6666666666666665e-07,1.165
2025-08-07 21:00:00,0.0,0.0,0.51333335
2025-08-07 22:00:00,0.0,0.0,0.41483335
2025-08-07 23:00:00,0.0,0.0,0.61833335
2025-08-08 00:00:00,0.0,0.0,0.4841667
2025-08-08 01:00:00,0.0,0.0,0.20266666666666666
2025-08-08 02:00:00,0.0,0.0,0.2593333333333333
2025-08-08 03:00:00,0.0,0.0,0.33933335
2025-08-08 04:00:00,0.0,0.0,0.22533333333333333
2025-08-08 05:00:00,0.0,0.5000004833333334,0.21966666666666665
2025-08-08 06:00:00,8.333333333333333e-08,12.303666916666668,0.44800001666666667
2025-08-08 07:00:00,0.009334100000000001,11.522667183333333,0.4958333333333333
2025-08-08 08:00:00,0.04,9.331334733333334,0.45066666666666666
2025-08-08 09:00:00,1.0816674666666668,3.2133347,0.5866667
2025-08-08 10:00:00,4.437335783333333,12.656666750000001,2.9283333666666667
2025-08-08 11:00:00,5.820002983333334,12.710000516666666,2.807333383333333
2025-08-08 12:00:00,5.934668683333334,13.310000316666667,2.848666733333333
2025-08-08 13:00:00,5.7966686166666666,12.813333333333334,3.05250005
2025-08-08 14:00:00,6.486668233333334,12.7613339,3.47633335
2025-08-08 15:00:00,6.903334533333334,12.662000866666666,3.5973333333333333
2025-08-08 16:00:00,6.170001616666666,13.478333583333333,3.7606666833333335
2025-08-08 17:00:00,5.251333633333333,13.537000616666667,3.74966675
2025-08-08 18:00:00,4.833334366666667,5.182334366666667,3.0911666833333333
2025-08-08 19:00:00,0.83333375,8.71566735,1.1045000166666665
2025-08-08 20:00:00,0.0,0.196001,0.5191667
2025-08-08 21:00:00,0.0,8.333333333333333e-08,0.39083334999999997
2025-08-08 22:00:00,0.0,0.0,0.25933335
2025-08-08 23:00:00,0.0,0.0,0.4690000166666667
2025-08-09 00:00:00,0.0,0.0,0.5133333666666666
2025-08-09 01:00:00,0.0,0.0,0.36
2025-08-09 02:00:00,0.0,0.0,0.5073333333333333
2025-08-09 03:00:00,0.0,0.0,0.3826666666666667
2025-08-09 04:00:00,0.0,0.0,0.4393333333333333
2025-08-09 05:00:00,0.0,1.1256667999999999,0.45066666666666666
2025-08-09 06:00:00,0.0,12.30666705,0.3713333333333333
2025-08-09 07:00:00,0.0,8.420334,0.4736667
2025-08-09 08:00:00,0.0,10.620000583333335,0.9128334499999999
2025-08-09 09:00:00,0.0,10.943333416666666,1.7521668666666668
2025-08-09 10:00:00,0.0,14.273333366666666,3.3413333333333335
2025-08-09 11:00:00,0.0,13.558333633333334,3.526
2025-08-09 12:00:00,0.0,11.147001049999998,3.3016666666666663
2025-08-09 13:00:00,0.0,11.700000733333333,2.7126666833333335
2025-08-09 14:00:00,0.0,12.807333733333333,2.7906666833333333
2025-08-09 15:00:00,0.0,11.894000466666668,2.8888335
2025-08-09 16:00:00,0.0,8.707667383333334,3.397833383333333
2025-08-09 17:00:00,0.0,10.53666725,3.3741667000000004
2025-08-09 18:00:00,0.0,14.033333383333334,1.2858333833333333
2025-08-09 19:00:00,0.0,4.053001150000001,0.45116676666666666
2025-08-09 20:00:00,0.0,0.49000031666666666,0.38183335
2025-08-09 21:00:00,0.0,0.0,0.2878333666666667
2025-08-09 22:00:00,0.0,0.0,0.248
2025-08-09 23:00:00,0.0,0.0,0.2591667166666667
2025-08-10 00:00:00,0.0,0.0,0.5238333333333334
2025-08-10 01:00:00,0.0,0.0,0.44333335
2025-08-10 02:00:00,0.0,0.0,0.30566671666666667
2025-08-10 03:00:00,0.0,0.0,0.36166675000000004
2025-08-10 04:00:00,0.0,0.0,0.2996666666666667
2025-08-10 05:00:00,0.0,0.0,0.20266666666666666
2025-08-10 06:00:00,0.0,3.0833334333333333,0.26516666666666666
2025-08-10 07:00:00,0.0,7.170667133333334,0.4421666833333333
2025-08-10 08:00:00,0.0,10.543334366666668,0.6530000666666668
2025-08-10 09:00:00,0.0,15.073333649999999,0.5326666666666666
2025-08-10 10:00:00,0.0,12.556667033333333,1.9031667666666665
2025-08-10 11:00:00,0.0,11.696666916666667,3.068333433333333
2025-08-10 12:00:00,0.0,12.521000149999999,3.1833333666666666
2025-08-10 13:00:00,0.0,13.491666683333335,2.6723336166666662
2025-08-10 14:00:00,0.0,12.02300015,2.86433345
2025-08-10 15:00:00,0.0,13.563333333333334,2.4246670833333335
2025-08-10 16:00:00,0.0,13.646666699999999,3.077000066666667
2025-08-10 17:00:00,0.0,10.890333683333333,3.602833566666667
2025-08-10 18:00:00,0.0,7.389667016666667,3.84950015
2025-08-10 19:00:00,0.0,6.4563337999999995,2.9840001333333332
2025-08-10 20:00:00,0.0,1.005,0.6308339666666667
2025-08-10 21:00:00,0.0,0.0,0.4393333333333333
2025-08-10 22:00:00,0.0,0.0,0.45066666666666666
2025-08-10 23:00:00,0.0,0.0,0.5036667166666666
2025-08-11 00:00:00,0.0,0.0,0.4425000333333334
2025-08-11 01:00:00,0.0,0.0,0.5133333833333333
2025-08-11 02:00:00,0.0,0.0,0.2936666833333333
2025-08-11 03:00:00,0.0,0.0,0.197
2025-08-11 04:00:00,0.0,0.0,0.4146666666666667
2025-08-11 05:00:00,0.0,1.00000055,0.36916671666666667
2025-08-11 06:00:00,0.0,6.8333336,0.43383340000000004
2025-08-11 07:00:00,0.20833335,11.432000416666668,0.4600000166666667
2025-08-11 08:00:00,4.413000133333334,9.633334250000003,2.298333566666667
2025-08-11 09:00:00,5.385000216666667,8.951667599999999,3.0275000999999997
2025-08-11 10:00:00,5.029000666666668,18.590333533333336,3.1933336833333335
2025-08-11 11:00:00,4.271334233333333,18.612,2.7225001499999997
2025-08-11 12:00:00,5.699334433333333,18.75666686666667,3.068333433333333
2025-08-11 13:00:00,6.464000666666668,12.656667116666668,2.542500383333333
2025-08-11 14:00:00,6.4280011166666675,8.0966674,3.2916668833333333
2025-08-11 15:00:00,5.931001116666668,9.900000266666666,3.1458336333333334
2025-08-11 16:00:00,2.7233341500000003,6.506667416666666,3.1650000166666663
2025-08-11 17:00:00,0.2,11.760000116666665,2.5100001499999998
2025-08-11 18:00:00,0.6666666833333332,13.205666666666666,2.7616668666666664
2025-08-11 19:00:00,0.18666685000000002,11.38633365,2.569167066666667
2025-08-11 20:00:00,0.0,3.4123336166666665,0.9700002666666667
2025-08-11 21:00:00,0.0,0.403,0.36
2025-08-11 22:00:00,0.0,0.0,0.53
2025-08-11 23:00:00,0.0,0.0,0.41400003333333335
2025-08-12 00:00:00,0.0,0.0,0.4891667
2025-08-12 01:00:00,0.0,0.0,0.4166666666666667
2025-08-12 02:00:00,0.0,0.0,0.47333333333333333
2025-08-12 03:00:00,0.0,0.0,0.3291666833333333
2025-08-12 04:00:00,0.0,0.192,0.25366666666666665
2025-08-12 05:00:00,0.0,0.6480002833333333,0.19133333333333336
2025-08-12 06:00:00,0.076,2.1190006833333332,0.3383334333333333
2025-08-12 07:00:00,0.24,7.571333750000001,0.2883333666666667
2025-08-12 08:00:00,0.4483342166666667,8.866667816666666,0.49350003333333337
2025-08-12 09:00:00,3.3736680333333338,11.279333716666669,0.8961667833333333
2025-08-12 10:00:00,6.251334333333333,8.806667233333334,2.7138335333333328
2025-08-12 11:00:00,5.906668050000001,13.198333583333334,3.0453333666666667
2025-08-12 12:00:00,5.848667833333334,18.822000383333336,3.4238334333333333
2025-08-12 13:00:00,5.880001200000001,13.990000366666667,2.8570002333333333
2025-08-12 14:00:00,5.550667916666667,12.663333383333335,3.2071669666666667
2025-08-12 15:00:00,6.293334233333333,15.3566667,3.52616675
2025-08-12 16:00:00,5.522667749999999,16.65133335,3.49550005
2025-08-12 17:00:00,1.2986682,13.164333916666667,3.4878334833333335
2025-08-12 18:00:00,0.059333949999999996,8.411667900000001,3.0546668833333332
2025-08-12 19:00:00,0.0,2.0000002,2.60866675
2025-08-12 20:00:00,0.0,0.0,1.9280001666666664
2025-08-12 21:00:00,0.0,0.0,0.462
2025-08-12 22:00:00,0.0,0.0,0.428
2025-08-12 23:00:00,0.0,0.0,0.40450003333333334
2025-08-13 00:00:00,0.0,0.0,0.5066666666666667
2025-08-13 01:00:00,0.0,0.0,0.3981666833333333
2025-08-13 02:00:00,0.0,0.0,0.2593333333333333
2025-08-13 03:00:00,0.0,0.0,0.3581667333333334
2025-08-13 04:00:00,0.0,0.0,0.4541666833333333
2025-08-13 05:00:00,0.0,3.3333334333333333,0.44250001666666666
2025-08-13 06:00:00,0.0,5.55000095,0.45350001666666667
2025-08-13 07:00:00,0.9166666666666666,7.14600085,0.5073333833333333
2025-08-13 08:00:00,3.208333366666667,9.261000266666668,0.6900001499999999
2025-08-13 09:00:00,3.8513344166666665,16.816666816666668,2.903667083333333
2025-08-13 10:00:00,3.8266684166666667,17.746667466666665,2.7433336666666666
2025-08-13 11:00:00,3.5806685000000003,19.298333433333333,2.231667233333333
2025-08-13 12:00:00,3.4073355333333337,18.3600002,3.113333433333333
2025-08-13 13:00:00,4.5360018,17.98,3.065500116666667
2025-08-13 14:00:00,4.733334466666667,16.716667483333335,2.7053335666666665
2025-08-13 15:00:00,4.123335466666667,11.353334,2.4235003166666664
2025-08-13 16:00:00,1.2073346833333334,10.442000683333333,2.197333766666667
2025-08-13 17:00:00,0.52333375,7.9846671166666665,2.9973333666666666
2025-08-13 18:00:00,0.0,7.979333933333334,2.79350025
2025-08-13 19:00:00,0.0,2.33000025,2.5813335000000004
2025-08-13 20:00:00,0.0,0.0,1.6258336833333333
2025-08-13 21:00:00,0.0,0.0,0.41133338333333336
2025-08-13 22:00:00,0.0,0.0,0.197
2025-08-13 23:00:00,0.0,0.0,0.4141666833333333
2025-08-14 00:00:00,0.0,0.0,0.46000005
2025-08-14 01:00:00,0.0,0.0,0.462
2025-08-14 02:00:00,0.0,0.0,0.428
2025-08-14 03:00:00,0.0,0.0,0.36600003333333336
2025-08-14 04:00:00,0.0,0.0,0.25433336666666667
2025-08-14 05:00:00,0.0,0.024,0.4608333666666667
2025-08-14 06:00:00,0.0,5.242667033333333,0.496
2025-08-14 07:00:00,3.3333333333333334e-08,9.021000050000001,0.394
2025-08-14 08:00:00,2.328335116666667,10.335666933333332,0.82966685
2025-08-14 09:00:00,6.143335166666668,10.91866705,1.6278339000000002
2025-08-14 10:00:00,4.8400015000000005,10.100000433333333,2.45000045
2025-08-14 11:00:00,4.334001933333334,12.002333533333333,3.6700000999999998
2025-08-14 12:00:00,4.276335366666667,13.556666766666668,3.093333416666667
2025-08-14 13:00:00,3.972335366666667,11.495000616666665,3.4416666666666664
2025-08-14 14:00:00,5.255001999999999,9.817333733333333,3.13333335
2025-08-14 15:00:00,6.133668850000001,10.125667916666668,3.43783335
2025-08-14 16:00:00,1.47033545,11.849334666666667,3.6346667666666668
2025-08-14 17:00:00,0.12666824999999998,11.579334500000002,2.751667
2025-08-14 18:00:00,1e-06,12.847000633333336,3.4436667833333336
2025-08-14 19:00:00,0.1800008,11.024666999999999,2.458000333333333
2025-08-14 20:00:00,0.0,4.356667066666667,1.1675000333333332
2025-08-14 21:00:00,0.0,0.02766675,0.5250000166666666
2025-08-14 22:00:00,0.0,0.0,0.29883338333333337
2025-08-14 23:00:00,0.0,0.0,0.37916669999999997
2025-08-15 00:00:00,0.0,0.0,0.2648333666666667
2025-08-15 01:00:00,0.0,0.0,0.2881667
2025-08-15 02:00:00,0.0,0.0,0.20833333333333334
2025-08-15 03:00:00,0.0,0.0,0.25366666666666665
2025-08-15 04:00:00,0.0,0.0,0.4126667
2025-08-15 05:00:00,0.0,6.5000003500000005,0.45066666666666666
2025-08-15 06:00:00,0.0,9.955667483333333,0.4053333333333333
2025-08-15 07:00:00,3.0000000000000004e-07,7.3966678,0.5186666666666666
2025-08-15 08:00:00,1.5736690000000004,6.720667283333333,0.4310001166666667
2025-08-15 09:00:00,2.722336016666667,7.600000733333333,1.4186667833333333
2025-08-15 10:00:00,2.7766692333333336,12.517334299999998,3.4853334000000005
2025-08-15 11:00:00,3.62500255,13.686667133333334,3.3525000333333335
2025-08-15 12:00:00,2.868335233333333,13.310000483333333,3.2318335166666667
2025-08-15 13:00:00,2.413002216666667,6.493334316666666,3.7405000333333334
2025-08-15 14:00:00,3.4933351333333333,6.030001,3.9888333333333335
2025-08-15 15:00:00,4.530001683333333,8.860000166666667,3.80583335
2025-08-15 16:00:00,4.106668183333333,8.576666750000001,3.028166683333333
2025-08-15 17:00:00,3.8983343833333337,7.5500005,2.550500233333333
2025-08-15 18:00:00,5.014000383333333,7.333333833333334,1.834000216666667
2025-08-15 19:00:00,3.5833335833333337,2.7833340000000004,0.59050015
2025-08-15 20:00:00,0.0,0.09,0.24800001666666668
2025-08-15 21:00:00,0.0,0.0,0.214
2025-08-15 22:00:00,0.0,0.0,0.214
2025-08-15 23:00:00,0.0,0.0,0.26533341666666665
2025-08-16 00:00:00,0.0,0.0,0.5600000333333334
2025-08-16 01:00:00,0.0,0.0,0.36
2025-08-16 02:00:00,0.0,0.0,0.53
2025-08-16 03:00:00,0.0,0.0,0.3770000333333334
2025-08-16 04:00:00,0.0,0.0,0.5075
2025-08-16 05:00:00,0.0,0.05000043333333333,0.394
2025-08-16 06:00:00,0.0,2.700667866666667,0.496
2025-08-16 07:00:00,0.0,6.9833346,0.40166668333333333
2025-08-16 08:00:00,0.0,10.646667116666668,0.9466667333333334
2025-08-16 09:00:00,0.0,12.936667216666667,1.9433333833333333
2025-08-16 10:00:00,0.0,13.100000666666666,2.8980000500000003
2025-08-16 11:00:00,0.0,13.545666733333334,3.0770000166666662
2025-08-16 12:00:00,0.0,11.020000583333335,3.2880000833333334
2025-08-16 13:00:00,0.0,17.07000055,2.94833335
2025-08-16 14:00:00,0.0,16.893000166666667,2.6520000500000003
2025-08-16 15:00:00,0.0,18.17766668333333,2.9978333666666668
2025-08-16 16:00:00,0.0,18.296666749999996,3.0213333333333336
2025-08-16 17:00:00,0.0,16.92300065,3.1695000166666665
2025-08-16 18:00:00,0.0,5.8596676,1.1880000333333331
2025-08-16 19:00:00,0.0,8.309,0.5095000333333334
2025-08-16 20:00:00,0.0,4.3173339,0.37033335
2025-08-16 21:00:00,0.0,0.10000005000000001,0.3456666666666667
2025-08-16 22:00:00,0.0,0.0,0.5308333333333334
2025-08-16 23:00:00,0.0,0.0,0.4433333666666667
2025-08-17 00:00:00,0.0,0.0,0.4608334666666667
2025-08-17 01:00:00,0.0,0.0,0.4053333333333333
2025-08-17 02:00:00,0.0,0.0,0.4846666666666667
2025-08-17 03:00:00,0.0,0.0,0.3713333333333333
2025-08-17 04:00:00,0.0,1.6666666666666665e-07,0.5186666666666666
2025-08-17 05:00:00,0.0,0.45000085,0.36
2025-08-17 06:00:00,0.0,6.762334449999999,0.53
2025-08-17 07:00:00,0.0,6.9510005,0.4600001166666667
2025-08-17 08:00:00,0.0,7.967666733333333,1.9908339166666666
2025-08-17 09:00:00,0.0,7.333333566666667,3.5283335833333336
2025-08-17 10:00:00,0.0,10.730000683333333,3.717500066666667
2025-08-17 11:00:00,0.0,17.380000233333334,4.001666833333334
2025-08-17 12:00:00,0.0,17.436333366666666,2.977166883333333
2025-08-17 13:00:00,0.0,17.03333333333333,2.432833733333333
2025-08-17 14:00:00,0.0,17.007666699999998,3.2925000333333334
2025-08-17 15:00:00,0.0,18.834333383333334,2.7508336666666664
2025-08-17 16:00:00,0.0,16.604000616666667,2.5091670499999994
2025-08-17 17:00:00,0.0,11.311000316666666,3.180166766666667
2025-08-17 18:00:00,0.0,8.546666916666666,2.6531667833333334
2025-08-17 19:00:00,0.0,6.323333533333334,1.9773335833333332
2025-08-17 20:00:00,0.0,1.4740000666666668,0.23600003333333333
2025-08-17 21:00:00,0.0,0.17000003333333333,0.46
2025-08-17 22:00:00,0.0,0.0,0.46000003333333334
2025-08-17 23:00:00,0.0,0.0,0.39083334999999997
2025-08-18 00:00:00,0.0,0.0,0.3858333333333333
2025-08-18 01:00:00,0.0,0.0,0.33416666666666667
2025-08-18 02:00:00,0.0,0.0,0.3058333333333333
2025-08-18 03:00:00,0.0,0.0,0.6416666666666666
2025-08-18 04:00:00,0.0,0.0,0.4438333333333333
2025-08-18 05:00:00,0.0,7.009333516666667,0.5073333333333333
2025-08-18 06:00:00,0.416667,11.143000216666668,0.3826666666666667
2025-08-18 07:00:00,1.3750005166666668,11.557334800000001,0.9406668499999999
2025-08-18 08:00:00,4.166667633333334,12.536668116666668,2.3826666666666667
2025-08-18 09:00:00,2.4683358500000003,13.186667683333333,2.718333383333333
2025-08-18 10:00:00,4.3480021833333335,14.531000100000002,3.18916675
2025-08-18 11:00:00,4.556668266666667,13.119000416666667,3.4100000500000003
2025-08-18 12:00:00,4.196334666666667,8.366000916666666,3.7931667166666667
2025-08-18 13:00:00,3.7733351500000003,8.813333649999999,3.6596667166666665
2025-08-18 14:00:00,2.8700025333333334,8.33333375,2.3926674333333335
2025-08-18 15:00:00,4.447668766666667,4.863334383333334,2.914000516666667
2025-08-18 16:00:00,4.748668883333334,10.343333783333334,3.5441668999999996
2025-08-18 17:00:00,0.2066672333333333,12.075333600000002,2.912833916666667
2025-08-18 18:00:00,0.0,15.745000633333335,1.9470006166666667
2025-08-18 19:00:00,0.0,1.5833347500000001,1.8813337833333332
2025-08-18 20:00:00,0.0,1.6833336166666668,0.5008333333333334
2025-08-18 21:00:00,0.0,1.1666666666666667e-07,0.45066666666666666
2025-08-18 22:00:00,0.0,0.0,0.481
2025-08-18 23:00:00,0.0,0.0,0.3291666833333333
2025-08-19 00:00:00,0.0,0.0,0.6008333833333332
2025-08-19 01:00:00,0.0,0.0,0.6031666666666666
2025-08-19 02:00:00,0.0,0.0,0.4393333333333333
2025-08-19 03:00:00,0.0,0.0,0.45066666666666666
2025-08-19 04:00:00,0.0,3.333333333333333e-07,0.37450001666666666
2025-08-19 05:00:00,0.0,0.6940009666666667,0.42
2025-08-19 06:00:00,0.041667649999999994,5.738667166666667,0.5105
2025-08-19 07:00:00,2.4796677333333337,15.0066674,0.46583335
2025-08-19 08:00:00,2.8430021500000002,18.853334283333332,0.8740002333333334
2025-08-19 09:00:00,3.846669166666667,18.780334166666666,1.3610008166666667
2025-08-19 10:00:00,3.223335033333334,16.915000916666667,2.769000266666667
2025-08-19 11:00:00,3.1250021666666665,18.256000683333333,3.1851666666666665
2025-08-19 12:00:00,2.9650019333333333,17.98866721666667,3.6573333333333333
2025-08-19 13:00:00,3.691668766666667,19.0060004,3.5326666666666666
2025-08-19 14:00:00,4.533335083333334,18.558333349999998,3.7233333333333336
2025-08-19 15:00:00,6.456668583333334,10.191666916666668,3.0841667000000004
2025-08-19 16:00:00,5.270669333333334,13.756667016666666,2.820000116666667
2025-08-19 17:00:00,0.23466831666666665,11.943000166666666,2.9931667
2025-08-19 18:00:00,0.13266743333333333,16.502001183333334,2.0110007333333333
2025-08-19 19:00:00,0.0,6.6666669,1.9873335166666666
2025-08-19 20:00:00,0.0,0.41666675000000003,1.5648337333333333
2025-08-19 21:00:00,0.0,0.0,0.46666671666666665
2025-08-19 22:00:00,0.0,0.0,0.5073333333333333
2025-08-19 23:00:00,0.0,0.0,0.4885000166666667
2025-08-20 00:00:00,0.0,0.0,0.4200000166666667
2025-08-20 01:00:00,0.0,0.0,0.25333336666666667
2025-08-20 02:00:00,0.0,0.0,0.3791666833333333
2025-08-20 03:00:00,0.0,0.0,0.47266668333333334
2025-08-20 04:00:00,0.0,0.0,0.43483336666666667
2025-08-20 05:00:00,0.0,0.47100006666666666,0.462
2025-08-20 06:00:00,0.6250003333333333,3.7536668,0.495
2025-08-20 07:00:00,1.3500011833333336,7.714000416666667,0.4083334
2025-08-20 08:00:00,2.806668716666667,9.750000700000001,1.5100002833333332
2025-08-20 09:00:00,2.6043352500000005,10.573334366666668,3.208166816666666
2025-08-20 10:00:00,4.172002366666667,13.740000133333332,3.7593333833333333
2025-08-20 11:00:00,4.34933625,10.785001183333334,3.36333355
2025-08-20 12:00:00,3.328002066666667,13.3993346,2.832500333333333
2025-08-20 13:00:00,1.8683358666666667,17.506666983333336,2.827667083333333
2025-08-20 14:00:00,3.7400020500000006,18.758333349999997,3.5515000833333334
2025-08-20 15:00:00,4.206668666666667,18.764333999999998,3.1241667333333334
2025-08-20 16:00:00,3.9833354000000005,8.849000766666666,3.28
2025-08-20 17:00:00,1.3493349666666665,16.986667683333334,3.2541666833333336
2025-08-20 18:00:00,0.26133435,12.130001,2.787833616666666
2025-08-20 19:00:00,0.10733353333333334,7.794667116666666,0.44833335
2025-08-20 20:00:00,0.0,0.7633333833333332,0.3966667
2025-08-20 21:00:00,0.0,0.0,0.265
2025-08-20 22:00:00,0.0,0.0,0.197
2025-08-20 23:00:00,0.0,0.0,0.248
2025-08-21 00:00:00,0.0,0.0,0.5075000333333334
2025-08-21 01:00:00,0.0,0.0,0.32166669999999997
2025-08-21 02:00:00,0.0,0.0,0.21966666666666665
2025-08-21 03:00:00,0.0,0.0,0.31200001666666666
2025-08-21 04:00:00,0.0,0.0,0.4638333666666667
2025-08-21 05:00:00,0.0,8.666666666666667e-07,0.462
2025-08-21 06:00:00,0.25000025,1.0833333333333333e-06,0.428
2025-08-21 07:00:00,2.585000283333333,10.004000366666666,0.9286667166666667
2025-08-21 08:00:00,2.4566682500000003,13.798666666666666,3.132166916666667
2025-08-21 09:00:00,2.624001766666667,13.345000050000001,3.0986670833333334
2025-08-21 10:00:00,4.57666795,14.120000016666667,3.8796666666666666
2025-08-21 11:00:00,2.2293350166666666,12.778334000000001,3.5120002
2025-08-21 12:00:00,2.0596678,12.079001,3.6163334666666667
2025-08-21 13:00:00,0.8886683166666667,11.462001,3.9036667166666668
2025-08-21 14:00:00,2.4350015666666667,13.314667216666667,3.9545
2025-08-21 15:00:00,4.077333933333334,17.44000015,2.613333566666667
2025-08-21 16:00:00,3.8533335666666666,8.460000299999999,2.89633345
2025-08-21 17:00:00,5.40100025,9.380000149999999,3.0263335666666666
2025-08-21 18:00:00,2.5806675833333332,5.753333933333334,1.64750055
2025-08-21 19:00:00,0.0,5.6696676166666675,1.0025003333333333
2025-08-21 20:00:00,0.0,4.1643344,0.48166675000000003
2025-08-21 21:00:00,0.0,0.25000018333333335,0.3791666833333333
2025-08-21 22:00:00,0.0,0.0,0.5366666999999999
2025-08-21 23:00:00,0.0,0.0,0.36750003333333336
2025-08-22 00:00:00,0.0,0.0,0.45150005
2025-08-22 01:00:00,0.0,0.0,0.4393333333333333
2025-08-22 02:00:00,0.0,0.0,0.4166666666666667
2025-08-22 03:00:00,0.0,0.0,0.47333333333333333
2025-08-22 04:00:00,0.0,1.7516667000000001,0.3826666666666667
2025-08-22 05:00:00,0.0,6.293333633333333,0.5073333333333333
2025-08-22 06:00:00,0.06000078333333333,7.696666716666668,0.36
2025-08-22 07:00:00,1e-06,8.650000183333333,0.53
2025-08-22 08:00:00,3.1846677333333338,7.1583347,0.3950000166666667
2025-08-22 09:00:00,5.396667783333334,7.381001483333335,1.0045
2025-08-22 10:00:00,3.883335616666667,19.110666883333334,2.67300005
2025-08-22 11:00:00,4.423002266666668,18.604000416666665,3.4496667833333334
2025-08-22 12:00:00,4.6750013500000005,18.406667000000002,2.8961668333333335
2025-08-22 13:00:00,4.350001866666667,16.7266671,3.049
2025-08-22 14:00:00,4.34333535,19.000000266666667,3.0876666666666663
2025-08-22 15:00:00,4.784335550000001,6.68000105,2.9900000833333333
2025-08-22 16:00:00,0.9066690833333333,13.300333883333334,3.0500000166666665
2025-08-22 17:00:00,0.4513343166666666,8.395334133333334,2.9516666666666667
2025-08-22 18:00:00,0.13200013333333332,4.491001416666667,3.025833366666667
2025-08-22 19:00:00,0.0,13.520667316666666,2.7550002
2025-08-22 20:00:00,0.0,0.4650000166666667,0.9898333833333333
2025-08-22 21:00:00,0.0,0.0,0.481
2025-08-22 22:00:00,0.0,0.0,0.42816671666666667
2025-08-22 23:00:00,0.0,0.0,0.3
2025-08-23 00:00:00,0.0,0.0,0.42583335
2025-08-23 01:00:00,0.0,0.0,0.2881666666666667
2025-08-23 02:00:00,0.0,0.0,0.5198333333333334
2025-08-23 03:00:00,0.0,0.0,0.4573333666666667
2025-08-23 04:00:00,0.0,0.0,0.518
2025-08-23 05:00:00,0.0,0.95700005,0.5191666833333334
2025-08-23 06:00:00,0.0,4.769666916666667,0.3826666666666667
2025-08-23 07:00:00,0.0,18.31733363333333,0.4900000166666667
2025-08-23 08:00:00,0.0,13.406000566666666,0.4565000333333334
2025-08-23 09:00:00,0.0,17.9403335,1.3556667500000001
2025-08-23 10:00:00,0.0,15.900001,2.5303333666666665
2025-08-23 11:00:00,0.0,18.744000216666667,3.2866666666666666
2025-08-23 12:00:00,0.0,19.05333333333333,3.0750000999999996
2025-08-23 13:00:00,0.0,18.1813335,3.199500083333333
2025-08-23 14:00:00,0.0,18.26666666666667,3.1906668
2025-08-23 15:00:00,0.0,12.343333933333334,3.33916675
2025-08-23 16:00:00,0.0,13.053333466666666,3.516500033333333
2025-08-23 17:00:00,0.0,12.600000533333334,3.425000066666667
2025-08-23 18:00:00,0.0,11.82133405,3.1100001833333333
2025-08-23 19:00:00,0.0,0.14700013333333334,1.1458334833333332
2025-08-23 20:00:00,0.0,0.0,0.40833338333333336
2025-08-23 21:00:00,0.0,0.0,0.4025000166666667
2025-08-23 22:00:00,0.0,0.0,0.2706666833333333
2025-08-23 23:00:00,0.0,0.0,0.40266668333333333
2025-08-24 00:00:00,0.0,0.0,0.2825000166666667
2025-08-24 01:00:00,0.0,0.0,0.5023333833333333
2025-08-24 02:00:00,0.0,0.0,0.3826666666666667
2025-08-24 03:00:00,0.0,0.0,0.47333333333333333
2025-08-24 04:00:00,0.0,0.0,0.4166666666666667
2025-08-24 05:00:00,0.0,2.3333333333333333e-07,0.4393333333333333
2025-08-24 06:00:00,0.0,2.5940005333333334,0.45066666666666666
2025-08-24 07:00:00,0.0,13.8190009,0.3761666833333333
2025-08-24 08:00:00,0.0,10.436666783333333,0.3053333333333333
2025-08-24 09:00:00,0.0,10.740000100000001,0.6630000333333333
2025-08-24 10:00:00,0.0,8.026666666666667,2.74833335
2025-08-24 11:00:00,0.0,7.7100004166666665,3.27666675
2025-08-24 12:00:00,0.0,7.886666666666667,3.5583333333333336
2025-08-24 13:00:00,0.0,10.028667016666667,3.8258333333333336
2025-08-24 14:00:00,0.0,12.133333649999999,3.90250005
2025-08-24 15:00:00,0.0,8.970000116666666,3.7275000333333335
2025-08-24 16:00:00,0.0,7.8140005666666665,3.7241666833333333
2025-08-24 17:00:00,0.0,9.613333333333333,3.40916675
2025-08-24 18:00:00,0.0,11.250000083333335,3.0991667
2025-08-24 19:00:00,0.0,2.6310007333333334,2.1583334
2025-08-24 20:00:00,0.0,0.0,0.25366666666666665
2025-08-24 21:00:00,0.0,0.0,0.19133334999999999
2025-08-24 22:00:00,0.0,0.0,0.39083334999999997
2025-08-24 23:00:00,0.0,0.0,0.5541667
2025-08-25 00:00:00,0.0,0.0,0.5191666833333334
2025-08-25 01:00:00,0.0,0.0,0.4025000166666667
2025-08-25 02:00:00,0.0,0.0,0.4550000333333334
2025-08-25 03:00:00,0.0,0.0,0.5238333333333334
2025-08-25 04:00:00,0.0,0.0,0.6066666666666666
2025-08-25 05:00:00,0.0,0.297,0.5075000333333334
2025-08-25 06:00:00,1.5000000000000002e-07,1.00400035,0.4496667166666667
2025-08-25 07:00:00,2.4070006333333334,9.207667383333336,0.3826666666666667
2025-08-25 08:00:00,2.9456672666666663,10.713333483333331,0.5746668
2025-08-25 09:00:00,3.1616669333333336,18.25333335,0.8060002
2025-08-25 10:00:00,3.0920014333333334,18.720667166666665,2.488000183333333
2025-08-25 11:00:00,3.186334716666667,15.654334416666668,3.5810000333333334
2025-08-25 12:00:00,4.761667700000001,13.3203341,3.13333335
2025-08-25 13:00:00,5.720001,15.455000216666667,3.1840001333333334
2025-08-25 14:00:00,5.8300009,13.518666683333334,2.9701668
2025-08-25 15:00:00,6.6673342,13.989000366666668,3.1433333833333332
2025-08-25 16:00:00,2.660001016666667,13.066667783333335,3.34983335
2025-08-25 17:00:00,1.21000055,11.837667683333333,3.6486668166666663
2025-08-25 18:00:00,0.055333933333333335,8.470333933333333,3.5848336
2025-08-25 19:00:00,0.0,3.82533375,2.5208335666666666
2025-08-25 20:00:00,0.0,2.7960003833333333,1.1426666833333334
2025-08-25 21:00:00,0.0,2.0000000000000002e-07,0.5308333666666666
2025-08-25 22:00:00,0.0,0.0,0.5366666666666666
2025-08-25 23:00:00,0.0,0.0,0.42000003333333336
2025-08-26 00:00:00,0.0,0.0,0.27066666666666667
2025-08-26 01:00:00,0.0,0.0,0.19133333333333336
2025-08-26 02:00:00,0.0,0.0,0.37933336666666667
2025-08-26 03:00:00,0.0,0.0,0.5726667
2025-08-26 04:00:00,0.0,3.5e-07,0.4166666666666667
2025-08-26 05:00:00,0.0,1.2500005833333334,0.4393333333333333
2025-08-26 06:00:00,0.0,4.462333833333334,0.5506667166666667
2025-08-26 07:00:00,3.0000000000000004e-07,7.059000433333334,0.47333386666666666
2025-08-26 08:00:00,2.421335866666667,12.480000316666667,0.9881676333333332
2025-08-26 09:00:00,3.70066915,13.750000750000002,1.57983415
2025-08-26 10:00:00,5.283003533333335,14.4200005,2.9681668333333335
2025-08-26 11:00:00,6.482002516666666,15.016666733333334,2.8373335666666666
2025-08-26 12:00:00,6.7400010833333335,13.173334383333334,3.1768333333333336
2025-08-26 13:00:00,6.57000155,13.650000716666668,2.8521667833333337
2025-08-26 14:00:00,6.720001533333333,12.233333666666667,2.799333483333333
2025-08-26 15:00:00,5.433335266666667,20.1,3.3803334
2025-08-26 16:00:00,0.8766697999999999,11.120000233333332,3.3553333333333333
2025-08-26 17:00:00,1.09200235,7.550001233333333,3.4431666666666665
2025-08-26 18:00:00,2.756668833333334,5.11666795,2.202500533333333
2025-08-26 19:00:00,0.12200064999999999,5.840001066666667,2.3953333333333333
2025-08-26 20:00:00,0.0,12.451000433333332,1.9631669333333335
2025-08-26 21:00:00,0.0,0.1666668166666667,0.50883345
2025-08-26 22:00:00,0.0,0.0,0.4025000166666667
2025-08-26 23:00:00,0.0,0.0,0.364
2025-08-27 00:00:00,0.0,0.0,0.3791666666666667
2025-08-27 01:00:00,0.0,0.0,0.2820000166666667
2025-08-27 02:00:00,0.0,0.0,0.248
2025-08-27 03:00:00,0.0,0.0,0.214
2025-08-27 04:00:00,0.0,0.0,0.4730000166666667
2025-08-27 05:00:00,0.0,0.0,0.462
2025-08-27 06:00:00,0.0,2.500000366666667,0.428
2025-08-27 07:00:00,1.7916666833333335,9.256001333333332,0.496
2025-08-27 08:00:00,2.7760000333333332,10.806667500000001,0.9698333333333333
2025-08-27 09:00:00,3.4313339833333334,12.481000366666667,2.847500066666667
2025-08-27 10:00:00,3.660001,10.506667816666667,3.2566667166666665
2025-08-27 11:00:00,5.203000716666667,12.22400115,3.1775001499999997
2025-08-27 12:00:00,4.231000416666666,14.054333333333334,2.940000116666667
2025-08-27 13:00:00,4.3963339333333336,13.643333516666667,3.21000005
2025-08-27 14:00:00,3.7010012666666667,12.13500055,3.115
2025-08-27 15:00:00,3.929334383333334,6.366667250000001,3.015
2025-08-27 16:00:00,6.050334166666667,11.035667583333334,3.05416675
2025-08-27 17:00:00,2.4446675666666664,8.838668033333333,2.90083335
2025-08-27 18:00:00,0.18000003333333334,8.9500008,0.86416675
2025-08-27 19:00:00,0.0,5.9353345666666675,0.47916671666666666
2025-08-27 20:00:00,0.0,13.428667216666666,0.2593333333333333
2025-08-27 21:00:00,0.0,2.0000002833333337,0.399
2025-08-27 22:00:00,0.0,0.0,0.36283336666666666
2025-08-27 23:00:00,0.0,0.0,0.39083334999999997
2025-08-28 00:00:00,0.0,0.0,0.53666675
2025-08-28 01:00:00,0.0,0.0,0.3858333333333333
2025-08-28 02:00:00,0.0,0.0,0.48
2025-08-28 03:00:00,0.0,0.0,0.54283335
2025-08-28 04:00:00,0.0,3.8333333333333335e-07,0.38500005
2025-08-28 05:00:00,0.0,3.606668016666667,0.265
2025-08-28 06:00:00,0.5833338666666666,7.834668233333333,0.18
2025-08-28 07:00:00,2.5000003,16.944000799999998,0.265
2025-08-28 08:00:00,3.3863341833333336,16.699667683333335,1.8258337166666667
2025-08-28 09:00:00,2.693335616666667,18.116666916666667,3.3950000166666663
2025-08-28 10:00:00,3.0216691166666663,17.976667033333335,2.88000025
2025-08-28 11:00:00,4.161668783333334,17.28666683333333,3.36500005
2025-08-28 12:00:00,2.3500026166666665,17.950000066666668,3.4148333333333336
2025-08-28 13:00:00,2.1366694833333337,16.456667016666668,3.20150005
2025-08-28 14:00:00,4.78366845,3.330001016666667,3.459166683333333
2025-08-28 15:00:00,5.920001916666667,7.813333683333333,3.69833335
2025-08-28 16:00:00,5.8800017,7.1400001,3.377500266666667
2025-08-28 17:00:00,3.2213351666666665,6.7800011,2.9858335833333336
2025-08-28 18:00:00,3.5866676833333337,4.543334450000001,2.61150015
2025-08-28 19:00:00,3.4166672333333334,1.0886676666666668,0.83766685
2025-08-28 20:00:00,0.0,0.0,0.32333335
2025-08-28 21:00:00,0.0,0.0,0.48333335
2025-08-28 22:00:00,0.0,0.0,0.4841666666666667
2025-08-28 23:00:00,0.0,0.0,0.4491666833333333
2025-08-29 00:00:00,0.0,0.0,0.34466675
2025-08-29 01:00:00,0.0,0.0,0.197
2025-08-29 02:00:00,0.0,0.0,0.33850003333333334
2025-08-29 03:00:00,0.0,0.0,0.2825000166666667
2025-08-29 04:00:00,0.0,0.0,0.265
2025-08-29 05:00:00,0.0,0.0,0.18
2025-08-29 06:00:00,0.0,5.517333633333333,0.514
2025-08-29 07:00:00,0.09666666666666666,6.5666672833333335,1.1305000166666666
2025-08-29 08:00:00,1.8320003499999997,6.936667016666667,2.717666833333334
2025-08-29 09:00:00,5.75366855,6.996667533333334,3.104333366666667
2025-08-29 10:00:00,6.168334766666667,8.533333899999999,2.9656667833333334
2025-08-29 11:00:00,4.140002133333334,17.31666718333333,2.6026668833333333
2025-08-29 12:00:00,6.260001983333334,17.2340005,3.2123333499999998
2025-08-29 13:00:00,6.240001183333333,18.73333365,3.7866666666666666
2025-08-29 14:00:00,6.3533351666666675,18.292333600000003,2.7841667333333335
2025-08-29 15:00:00,6.8616684,13.021333550000001,1.8233336666666666
2025-08-29 16:00:00,4.039334283333333,13.662666699999999,2.805000216666667
2025-08-29 17:00:00,2.3333335166666664,10.68533385,3.0166668166666666
2025-08-29 18:00:00,0.0,9.147001016666668,2.2608335999999998
2025-08-29 19:00:00,0.0,15.550000599999999,0.3910000333333334
2025-08-29 20:00:00,0.0,4.428334266666667,0.53
2025-08-29 21:00:00,0.0,0.0,0.21633333333333335
2025-08-29 22:00:00,0.0,0.0,0.2593333333333333
2025-08-29 23:00:00,0.0,0.0,0.35066673333333337
2025-08-30 00:00:00,0.0,0.0,0.39683338333333334
2025-08-30 01:00:00,0.0,0.0,0.3745
2025-08-30 02:00:00,0.0,0.0,0.5733333333333334
2025-08-30 03:00:00,0.0,0.0,0.36
2025-08-30 04:00:00,0.0,0.0,0.53
2025-08-30 05:00:00,0.0,0.15000056666666667,0.36
2025-08-30 06:00:00,0.0,8.743333816666667,0.496
2025-08-30 07:00:00,0.0,10.991001,0.42733366666666667
2025-08-30 08:00:00,0.0,11.960000666666668,1.6841670333333334
2025-08-30 09:00:00,0.0,12.930000016666666,3.09150015
2025-08-30 10:00:00,0.0,12.1600006,1.30600095
2025-08-30 11:00:00,0.0,12.139000633333335,2.768333833333333
2025-08-30 12:00:00,0.0,13.892666766666666,3.63916685
2025-08-30 13:00:00,0.0,12.613000333333334,4.015000083333334
2025-08-30 14:00:00,0.0,18.630666700000003,4.068666666666666
2025-08-30 15:00:00,0.0,18.933333333333334,2.73416715
2025-08-30 16:00:00,0.0,16.2936667,2.6355000166666662
2025-08-30 17:00:00,0.0,9.841333566666666,3.0028333666666667
2025-08-30 18:00:00,0.0,16.7043334,3.620000033333333
2025-08-30 19:00:00,0.0,1.44333365,2.7195000333333335
2025-08-30 20:00:00,0.0,1.1000006333333334,1.0180005166666668
2025-08-30 21:00:00,0.0,3.6666666666666667e-07,0.3713333333333333
2025-08-30 22:00:00,0.0,0.0,0.5186666666666666
2025-08-30 23:00:00,0.0,0.0,0.3758333333333333
2025-08-31 00:00:00,0.0,0.0,0.42583338333333337
2025-08-31 01:00:00,0.0,0.0,0.3721666666666667
2025-08-31 02:00:00,0.0,0.0,0.20266666666666666
2025-08-31 03:00:00,0.0,0.0,0.49
2025-08-31 04:00:00,0.0,0.0,0.26600001666666667
2025-08-31 05:00:00,0.0,4.16666675,0.31133335
2025-08-31 06:00:00,0.0,5.193667250000001,0.518
2025-08-31 07:00:00,0.0,6.0480010166666665,0.3826670666666667
2025-08-31 08:00:00,0.0,8.973333416666666,0.8475009666666666
2025-08-31 09:00:00,0.0,8.536667033333334,1.9721673499999999
2025-08-31 10:00:00,0.0,11.358000100000002,2.8620003
2025-08-31 11:00:00,0.0,12.797333516666667,3.289
2025-08-31 12:00:00,0.0,12.206000566666665,3.3066666666666666
2025-08-31 13:00:00,0.0,10.900001,2.5291673166666664
2025-08-31 14:00:00,0.0,12.586667,3.59433335
2025-08-31 15:00:00,0.0,14.20900015,3.8856666833333335
2025-08-31 16:00:00,0.0,12.296666933333334,3.351000116666667
2025-08-31 17:00:00,0.0,18.488000033333332,2.8106668999999997
2025-08-31 18:00:00,0.0,14.826667183333333,2.949500483333334
2025-08-31 19:00:00,0.0,9.120000266666667,1.1341678833333333
2025-08-31 20:00:00,0.0,1.5590000499999999,1.51966695
2025-08-31 21:00:00,0.0,0.172,0.23650003333333333
2025-08-31 22:00:00,0.0,0.0,0.4608333333333333
2025-08-31 23:00:00,0.0,0.0,0.294
2025-09-01 00:00:00,0.0,0.0,0.44250001666666666
2025-09-01 01:00:00,0.0,0.0,0.6086666666666666
2025-09-01 02:00:00,0.0,0.0,0.3988333333333333
2025-09-01 03:00:00,0.0,0.0,0.53
2025-09-01 04:00:00,0.0,0.2990000666666667,0.3713333333333333
2025-09-01 05:00:00,0.0,0.9020002333333335,0.5186666666666666
2025-09-01 06:00:00,2.3333333333333333e-07,3.127000066666667,0.44383335
2025-09-01 07:00:00,0.21666715000000003,10.477667316666667,0.5366666999999999
2025-09-01 08:00:00,0.7600011666666667,12.091667633333332,0.5125
2025-09-01 09:00:00,0.8686696999999999,8.398334333333334,1.31083335
2025-09-01 10:00:00,0.7540031,8.358667583333334,2.7866667833333336
2025-09-01 11:00:00,0.6440033166666667,9.806666850000001,3.3791666833333336
2025-09-01 12:00:00,5.4233352,8.901666933333335,3.8600000166666666
2025-09-01 13:00:00,6.700000950000001,8.334000166666666,3.8171666666666666
2025-09-01 14:00:00,6.640001333333333,12.616667033333334,3.812
2025-09-01 15:00:00,6.960001466666666,12.210000599999999,3.7330000166666664
2025-09-01 16:00:00,6.6650013333333336,9.582334066666666,3.713666716666667
2025-09-01 17:00:00,5.779334650000001,9.690000733333333,3.723833383333333
2025-09-01 18:00:00,5.098668133333334,6.161333983333333,3.460833366666667
2025-09-01 19:00:00,2.6666671,2.7150005833333335,1.4638334833333333
2025-09-01 20:00:00,0.0,0.9500006833333333,0.2708333333333333
2025-09-01 21:00:00,0.0,6.666666666666667e-08,0.2708333333333333
2025-09-01 22:00:00,0.0,0.0,0.48416671666666666
2025-09-01 23:00:00,0.0,0.0,0.40833338333333336
2025-09-02 00:00:00,0.0,0.0,0.2823333666666667
2025-09-02 01:00:00,0.0,0.0,0.3688333333333333
2025-09-02 02:00:00,0.0,0.0,0.5778333666666666
2025-09-02 03:00:00,0.0,0.0,0.3516667
2025-09-02 04:00:00,0.0,0.5000001333333334,0.4316667
2025-09-02 05:00:00,0.0,5.4166669,0.5075000333333334
2025-09-02 06:00:00,1.4166668999999998,7.6500004,0.3231666666666667
2025-09-02 07:00:00,2.4933343666666667,11.9330005,0.518
2025-09-02 08:00:00,2.290335066666667,12.636666783333332,1.6698333833333334
2025-09-02 09:00:00,3.400002516666667,13.052666866666666,2.7633333833333333
2025-09-02 10:00:00,5.605002216666667,12.563333483333333,2.84
2025-09-02 11:00:00,5.1380024,14.013333416666667,2.8565000333333335
2025-09-02 12:00:00,4.366334816666667,11.404334166666667,2.8061666666666665
2025-09-02 13:00:00,5.985001050000001,17.620000333333333,3.0415000500000002
2025-09-02 14:00:00,5.9950018,7.28100095,2.9701667
2025-09-02 15:00:00,6.273335433333335,10.511000349999998,2.6011667000000003
2025-09-02 16:00:00,4.430001716666666,7.297001116666666,3.5416667833333335
2025-09-02 17:00:00,0.8980009666666666,12.114667283333334,3.5838333666666666
2025-09-02 18:00:00,1e-06,7.590667566666667,1.278
2025-09-02 19:00:00,8.5e-07,5.0000006,0.43933335
2025-09-02 20:00:00,0.0,4.9166667166666675,0.44916666666666666
2025-09-02 21:00:00,0.0,0.0,0.19133333333333336
2025-09-02 22:00:00,0.0,0.0,0.2881666666666667
2025-09-02 23:00:00,0.0,0.0,0.5016666666666667
2025-09-03 00:00:00,0.0,0.0,0.4841666833333333
2025-09-03 01:00:00,0.0,0.0,0.19133333333333336
2025-09-03 02:00:00,0.0,0.0,0.27066666666666667
2025-09-03 03:00:00,0.0,0.0,0.19133333333333336
2025-09-03 04:00:00,0.0,0.0,0.265
2025-09-03 05:00:00,0.0,0.0,0.29433335
2025-09-03 06:00:00,0.9166666666666666,1.2190014999999998,0.2823333333333333
2025-09-03 07:00:00,2.8273337833333336,10.442000850000001,0.45033335
2025-09-03 08:00:00,3.2833346833333334,18.333333349999997,0.3893333333333333
2025-09-03 09:00:00,3.8633348666666665,18.833333500000002,0.9686667
2025-09-03 10:00:00,3.6233355,12.473333783333333,2.2786666833333333
2025-09-03 11:00:00,3.7173352000000004,12.0100006,2.8158334666666667
2025-09-03 12:00:00,3.8023356833333333,16.336667033333335,3.1366667
2025-09-03 13:00:00,3.2580022166666667,12.770000616666666,3.0981667333333336
2025-09-03 14:00:00,3.9100018500000004,12.100001166666667,3.205
2025-09-03 15:00:00,2.55533615,16.707001016666666,3.1253333333333333
2025-09-03 16:00:00,3.255001916666667,16.62066785,3.1271666833333334
2025-09-03 17:00:00,1.5913348,17.403334233333336,2.9298333666666667
2025-09-03 18:00:00,7.333333333333333e-07,19.14666666666667,2.97166675
2025-09-03 19:00:00,0.0,16.104666766666668,1.6886666666666668
2025-09-03 20:00:00,0.0,6.8033341499999995,0.19133333333333336
2025-09-03 21:00:00,0.0,5.166666666666667e-07,0.27066666666666667
2025-09-03 22:00:00,0.0,0.0,0.26000001666666667
2025-09-03 23:00:00,0.0,0.0,0.46666675
2025-09-04 00:00:00,0.0,0.0,0.42000005
2025-09-04 01:00:00,0.0,0.0,0.44333340000000004
2025-09-04 02:00:00,0.0,0.0,0.231
2025-09-04 03:00:00,0.0,0.0,0.38650001666666667
2025-09-04 04:00:00,0.0,0.0,0.3758333333333333
2025-09-04 05:00:00,0.0,0.7930008666666668,0.394
2025-09-04 06:00:00,1.05600115,6.2723337500000005,0.496
2025-09-04 07:00:00,5.6193345,17.67900058333333,0.394
2025-09-04 08:00:00,1.6116694500000002,17.336334333333337,0.4596666833333333
2025-09-04 09:00:00,2.6666695166666674,16.87000071666667,2.4541668333333337
2025-09-04 10:00:00,3.902002316666667,17.840000566666667,2.78916685
2025-09-04 11:00:00,3.0600020000000003,17.790000266666667,3.0616667166666667
2025-09-04 12:00:00,3.49700135,7.413334066666667,2.8953333333333333
2025-09-04 13:00:00,3.7966685,12.7066668,2.494666916666667
2025-09-04 14:00:00,3.371668383333334,13.130000266666668,2.647500216666667
2025-09-04 15:00:00,3.6586690833333337,13.620000300000001,2.0041671
2025-09-04 16:00:00,2.134002483333333,13.530000433333333,2.3433335833333335
2025-09-04 17:00:00,0.8983348666666666,13.286666883333334,2.8866667
2025-09-04 18:00:00,0.0,10.040000566666667,2.6983334
2025-09-04 19:00:00,0.0,6.04900145,2.4973334666666664
2025-09-04 20:00:00,0.0,1.0763340333333333,1.1183335166666666
2025-09-04 21:00:00,0.0,0.0,0.2708333333333333
2025-09-04 22:00:00,0.0,0.0,0.5066666666666667
2025-09-04 23:00:00,0.0,0.0,0.472
2025-09-05 00:00:00,0.0,0.0,0.49583335
2025-09-05 01:00:00,0.0,0.0,0.4841666666666667
2025-09-05 02:00:00,0.0,0.0,0.19133333333333336
2025-09-05 03:00:00,0.0,0.0,0.4141666666666667
2025-09-05 04:00:00,0.0,0.33333366666666664,0.5016666666666667
2025-09-05 05:00:00,0.0,9.6666667,0.45066666666666666
2025-09-05 06:00:00,0.0,11.88600025,0.47333333333333333
2025-09-05 07:00:00,0.27333356666666664,12.75166705,0.3826666833333333
2025-09-05 08:00:00,1.3336673999999997,13.4033339,1.1921667500000002
2025-09-05 09:00:00,3.095000516666667,11.846667666666669,2.1118335500000005
2025-09-05 10:00:00,4.0486679500000005,10.50333395,3.5868336
2025-09-05 11:00:00,6.304000533333334,15.9533334,3.2005002166666667
2025-09-05 12:00:00,6.680001,18.506666933333335,3.11300015
2025-09-05 13:00:00,6.541334333333333,18.013000699999996,3.2643335
2025-09-05 14:00:00,6.425334066666666,7.419667266666667,3.3493337000000003
2025-09-05 15:00:00,6.3600010000000005,5.33033425,2.885500383333333
2025-09-05 16:00:00,6.000000466666666,7.42666745,3.0781669833333334
2025-09-05 17:00:00,5.535333433333333,12.603334083333333,3.050667
2025-09-05 18:00:00,2.333333866666667,13.467000300000002,3.0738335666666665
2025-09-05 19:00:00,6.666666666666667e-08,5.516001433333334,1.3636669666666668
2025-09-05 20:00:00,0.0,2.0100006500000003,0.4166666666666667
2025-09-05 21:00:00,0.0,1.5000000000000002e-07,0.46700005
2025-09-05 22:00:00,0.0,0.0,0.5413333333333333
2025-09-05 23:00:00,0.0,0.0,0.3418333666666667
2025-09-06 00:00:00,0.0,0.0,0.38533345
2025-09-06 01:00:00,0.0,0.0,0.45383340000000005
2025-09-06 02:00:00,0.0,0.0,0.5413333333333333
2025-09-06 03:00:00,0.0,0.0,0.3826666666666667
2025-09-06 04:00:00,0.0,0.0,0.5073333333333333
2025-09-06 05:00:00,0.0,0.0,0.4166666666666667
2025-09-06 06:00:00,0.0,3.369333833333333,0.47333333333333333
2025-09-06 07:00:00,0.0,8.246668,0.68400025
2025-09-06 08:00:00,0.0,12.63900015,2.1726668
2025-09-06 09:00:00,0.0,12.194000333333333,3.2963333333333336
2025-09-06 10:00:00,0.0,11.003000766666666,4.015333366666667
2025-09-06 11:00:00,0.0,12.45000055,4.140333366666667
2025-09-06 12:00:00,0.0,12.718667183333332,4.001
2025-09-06 13:00:00,0.0,11.673333533333333,4.008000066666667
2025-09-06 14:00:00,0.0,13.0400002,3.6176668666666663
2025-09-06 15:00:00,0.0,13.85166685,3.56633345
2025-09-06 16:00:00,0.0,12.865000033333335,2.987666833333334
2025-09-06 17:00:00,0.0,11.232333783333333,3.4073333333333333
2025-09-06 18:00:00,0.0,9.386666816666667,2.638333483333333
2025-09-06 19:00:00,0.0,2.0300007166666667,0.49
2025-09-06 20:00:00,0.0,0.8200000166666668,0.45066666666666666
2025-09-06 21:00:00,0.0,0.0,0.4393333333333333
2025-09-06 22:00:00,0.0,0.0,0.4846666666666667
2025-09-06 23:00:00,0.0,0.0,0.37216673333333333
2025-09-07 00:00:00,0.0,0.0,0.39666666666666667
2025-09-07 01:00:00,0.0,0.0,0.35133335
2025-09-07 02:00:00,0.0,0.0,0.27066666666666667
2025-09-07 03:00:00,0.0,0.0,0.19133333333333336
2025-09-07 04:00:00,0.0,0.0,0.27066666666666667
2025-09-07 05:00:00,0.0,0.28800005,0.19133333333333336
2025-09-07 06:00:00,0.0,2.25,0.44083340000000004
2025-09-07 07:00:00,0.0,7.87400075,0.44950001666666667
2025-09-07 08:00:00,0.0,14.476666766666668,1.4480001833333334
2025-09-07 09:00:00,0.0,10.033333816666667,2.5381667333333335
2025-09-07 10:00:00,0.0,10.042000633333334,2.3805001
2025-09-07 11:00:00,0.0,16.991000116666665,3.0931668
2025-09-07 12:00:00,0.0,18.730000216666667,3.7420000333333334
2025-09-07 13:00:00,0.0,15.246666716666667,3.49583335
2025-09-07 14:00:00,0.0,16.1366671,3.2765002500000002
2025-09-07 15:00:00,0.0,17.50800081666667,3.1350001166666672
2025-09-07 16:00:00,0.0,17.434666816666667,3.6231667
2025-09-07 17:00:00,0.0,17.26366685,3.2925001
2025-09-07 18:00:00,0.0,8.627000083333334,2.1490001500000004
2025-09-07 19:00:00,0.0,2.179333833333333,0.9498333833333332
2025-09-07 20:00:00,0.0,2.2696673166666663,0.462
2025-09-07 21:00:00,0.0,1.6666666666666667e-08,0.4713333333333333
2025-09-07 22:00:00,0.0,0.0,0.518
2025-09-07 23:00:00,0.0,0.0,0.39666675
2025-09-08 00:00:00,0.0,0.0,0.4146666666666667
2025-09-08 01:00:00,0.0,0.0,0.197
2025-09-08 02:00:00,0.0,0.0,0.2593333333333333
2025-09-08 03:00:00,0.0,0.0,0.5125000166666667
2025-09-08 04:00:00,0.0,0.0,0.5008333333333334
2025-09-08 05:00:00,0.0,1.1666668999999998,0.53
2025-09-08 06:00:00,0.0,5.916666866666667,0.36
2025-09-08 07:00:00,1.3333333833333334,7.690000683333333,0.43083336666666666
2025-09-08 08:00:00,2.8026668666666663,10.690000666666666,0.2591666833333333
2025-09-08 09:00:00,2.863334566666667,7.323334483333334,0.7833334833333333
2025-09-08 10:00:00,3.0966682500000005,10.213667300000001,3.4908334666666665
2025-09-08 11:00:00,3.2800020500000007,12.326667233333334,3.3113333333333337
2025-09-08 12:00:00,3.10833445,19.31300015,3.1036667666666666
2025-09-08 13:00:00,3.22166775,18.482333733333334,3.165
2025-09-08 14:00:00,3.6516689500000004,18.84000013333333,3.2716667999999998
2025-09-08 15:00:00,6.009335366666667,19.083333383333333,3.2325000833333335
2025-09-08 16:00:00,3.2700022000000004,18.746666949999998,2.4366667000000004
2025-09-08 17:00:00,0.2100011333333333,18.630000483333333,2.9833334666666667
2025-09-08 18:00:00,0.0,17.22333385,3.106666966666667
2025-09-08 19:00:00,0.0,10.8030003,1.2983333833333333
2025-09-08 20:00:00,0.0,4.2500002666666665,0.18
2025-09-08 21:00:00,0.0,0.0,0.265
2025-09-08 22:00:00,0.0,0.0,0.18
2025-09-08 23:00:00,0.0,0.0,0.37333336666666667
2025-09-09 00:00:00,0.0,0.0,0.4141666833333333
2025-09-09 01:00:00,0.0,0.0,0.34
2025-09-09 02:00:00,0.0,0.0,0.61833335
2025-09-09 03:00:00,0.0,0.0,0.4555000333333334
2025-09-09 04:00:00,0.0,1.25000015,0.2936666666666667
2025-09-09 05:00:00,0.0,4.090667066666667,0.2825000166666667
2025-09-09 06:00:00,0.0,5.2566668,0.265
2025-09-09 07:00:00,0.10733333333333332,7.5560009,0.18
2025-09-09 08:00:00,2.4056676,8.308667033333332,0.8275001166666666
2025-09-09 09:00:00,6.111335283333334,8.625334500000001,2.3366669333333334
2025-09-09 10:00:00,6.420668816666668,12.750667116666667,2.432500183333333
2025-09-09 11:00:00,5.00466855,8.851667883333333,2.4675004666666664
2025-09-09 12:00:00,4.171668433333334,14.126667683333332,3.3800002166666667
2025-09-09 13:00:00,5.43833455,17.840667416666665,2.67666675
2025-09-09 14:00:00,5.2996687499999995,7.057334483333334,2.3650002
2025-09-09 15:00:00,6.3203350333333335,8.240333833333334,2.546666733333333
2025-09-09 16:00:00,2.6473349333333336,7.506667233333332,2.3541669333333335
2025-09-09 17:00:00,0.006667266666666666,8.278000283333332,2.369500266666667
2025-09-09 18:00:00,0.0,7.4923337666666665,2.4896668166666664
2025-09-09 19:00:00,0.0,3.38066775,2.1211670666666667
2025-09-09 20:00:00,0.0,2.677333433333333,0.32366666666666666
2025-09-09 21:00:00,0.0,0.30000021666666665,0.3900000333333334
2025-09-09 22:00:00,0.0,0.0,0.3850000333333334
2025-09-09 23:00:00,0.0,0.0,0.3850000666666667
2025-09-10 00:00:00,0.0,0.0,0.481
2025-09-10 01:00:00,0.0,0.0,0.43833336666666667
2025-09-10 02:00:00,0.0,0.0,0.5016666666666667
2025-09-10 03:00:00,0.0,0.0,0.6375
2025-09-10 04:00:00,0.0,0.1620001,0.4166666666666667
2025-09-10 05:00:00,0.0,1.1870010833333333,0.4393333333333333
2025-09-10 06:00:00,0.08666666666666667,1.380001,0.4088333333333333
2025-09-10 07:00:00,1.3883337166666667,5.0466679333333335,0.5428333333333334
2025-09-10 08:00:00,3.2166669833333335,9.560000483333333,1.4918335666666667
2025-09-10 09:00:00,4.6933348,13.15333385,2.5221669333333336
2025-09-10 10:00:00,2.854669216666667,17.84333385,3.00933335
2025-09-10 11:00:00,2.4416698500000003,16.780001,2.8470001666666667
2025-09-10 12:00:00,2.903336316666667,17.281000866666666,2.814166966666667
2025-09-10 13:00:00,2.853335233333333,16.087000633333336,3.4991667333333334
2025-09-10 14:00:00,2.93333585,12.34000095,2.2325006166666665
2025-09-10 15:00:00,3.3983361333333333,12.985000433333333,3.1738334666666663
2025-09-10 16:00:00,4.6116688,8.746334016666665,3.424333433333333
2025-09-10 17:00:00,1.3466686333333335,12.676666816666666,2.8581670166666666
2025-09-10 18:00:00,0.17800001666666668,12.876333350000001,2.6263337
2025-09-10 19:00:00,0.0,12.3506668,2.0458336000000004
2025-09-10 20:00:00,0.0,9.916667616666668,1.7666670500000001
2025-09-10 21:00:00,0.0,2.5e-07,0.404
2025-09-10 22:00:00,0.0,0.0,0.19133333333333336
2025-09-10 23:00:00,0.0,0.0,0.3576666666666667
2025-09-11 00:00:00,0.0,0.0,0.40833343333333333
2025-09-11 01:00:00,0.0,0.0,0.248
2025-09-11 02:00:00,0.0,0.0,0.214
2025-09-11 03:00:00,0.0,0.0,0.231
2025-09-11 04:00:00,0.0,0.0,0.231
2025-09-11 05:00:00,0.0,0.7830008666666667,0.214
2025-09-11 06:00:00,0.02800043333333333,4.023666683333333,0.248
2025-09-11 07:00:00,0.5620001833333333,9.4726672,0.197
2025-09-11 08:00:00,3.57333425,11.116000716666667,0.265
2025-09-11 09:00:00,4.220002,17.62333411666667,0.5655000666666667
2025-09-11 10:00:00,4.226668283333334,16.7860016,2.32733355
2025-09-11 11:00:00,4.118335283333333,15.367000483333333,2.508000233333333
2025-09-11 12:00:00,6.431667683333333,18.23333345,2.7008335999999997
2025-09-11 13:00:00,6.306667733333334,12.233334333333334,3.147
2025-09-11 14:00:00,7.120001266666667,13.046000816666666,3.1963333499999997
2025-09-11 15:00:00,3.85733645,13.053333816666667,3.1640000166666664
2025-09-11 16:00:00,4.54666965,10.09000165,3.1626667166666667
2025-09-11 17:00:00,3.458336633333334,12.344333483333331,3.365166766666667
2025-09-11 18:00:00,1e-06,16.745667283333333,3.21400015
2025-09-11 19:00:00,1.6666666666666665e-07,13.483334116666667,2.97133345
2025-09-11 20:00:00,0.0,8.046666916666666,1.9611667666666666
2025-09-11 21:00:00,0.0,2.8333333333333336e-07,0.265
2025-09-11 22:00:00,0.0,0.0,0.2531667833333333
2025-09-11 23:00:00,0.0,0.0,0.27650003333333334
2025-09-12 00:00:00,0.0,0.0,0.4900000166666667
2025-09-12 01:00:00,0.0,0.0,0.30583336666666666
2025-09-12 02:00:00,0.0,0.0,0.4191666666666667
2025-09-12 03:00:00,0.0,0.0,0.214
2025-09-12 04:00:00,0.0,1.8333333333333333e-07,0.25433333333333336
2025-09-12 05:00:00,0.0,0.21600123333333335,0.5311666833333334
2025-09-12 06:00:00,8.5e-07,6.4330013,0.43633336666666667
2025-09-12 07:00:00,1.1666678333333333,11.406334066666666,0.43083335
2025-09-12 08:00:00,5.7820016,7.6900009166666665,0.58
2025-09-12 09:00:00,6.028002116666667,10.4540007,1.02166675
2025-09-12 10:00:00,1.7600026666666668,7.0136674999999995,2.7595001
2025-09-12 11:00:00,3.7700018166666673,16.404667033333336,3.165000066666667
2025-09-12 12:00:00,3.8600012166666664,17.623333600000002,2.9833334000000002
2025-09-12 13:00:00,2.74033545,14.160000266666668,3.461666683333333
2025-09-12 14:00:00,3.3886696833333336,10.650000133333332,3.5675000666666667
2025-09-12 15:00:00,6.669335366666667,12.213333416666666,3.5811667333333337
2025-09-12 16:00:00,3.93133515,13.713333566666666,3.122500033333333
2025-09-12 17:00:00,1.0533355333333334,9.883335016666667,3.1983333666666667
2025-09-12 18:00:00,3.7433344500000003,14.0000002,1.8533334
2025-09-12 19:00:00,0.6666674333333334,8.916667649999999,0.7208334
2025-09-12 20:00:00,0.0,1.6810010333333334,0.34083335
2025-09-12 21:00:00,0.0,3.5e-07,0.18
2025-09-12 22:00:00,0.0,0.0,0.25366666666666665
2025-09-12 23:00:00,0.0,0.0,0.4396666666666667
2025-09-13 00:00:00,0.0,0.0,0.5133333666666666
2025-09-13 01:00:00,0.0,0.0,0.26500001666666667
2025-09-13 02:00:00,0.0,0.0,0.197
2025-09-13 03:00:00,0.0,0.0,0.473
2025-09-13 04:00:00,0.0,0.0,0.32450001666666667
2025-09-13 05:00:00,0.0,0.8420002000000001,0.42683335
2025-09-13 06:00:00,0.0,2.5406673833333335,0.4245
2025-09-13 07:00:00,0.0,5.882001166666667,0.3238333666666667
2025-09-13 08:00:00,0.0,7.490334316666666,0.26150006666666664
2025-09-13 09:00:00,0.0,12.5870002,2.5010001833333333
2025-09-13 10:00:00,0.0,10.05333445,3.1598333666666667
2025-09-13 11:00:00,0.0,10.769667066666667,3.007500066666667
2025-09-13 12:00:00,0.0,8.486666666666666,2.7803333666666665
2025-09-13 13:00:00,0.0,12.353333433333335,2.888833416666667
2025-09-13 14:00:00,0.0,16.780000066666666,2.9166667000000004
2025-09-13 15:00:00,0.0,15.996666716666667,2.8525000333333335
2025-09-13 16:00:00,0.0,19.506666666666668,3.2116668166666664
2025-09-13 17:00:00,0.0,12.502000216666667,3.1700000833333335
2025-09-13 18:00:00,0.0,10.894000233333331,1.4033333666666665
2025-09-13 19:00:00,0.0,9.410000949999999,0.48500003333333336
2025-09-13 20:00:00,0.0,5.511000433333334,0.2591666833333333
2025-09-13 21:00:00,0.0,0.0,0.42583335
2025-09-13 22:00:00,0.0,0.0,0.53
2025-09-13 23:00:00,0.0,0.0,0.23316670000000003
2025-09-14 00:00:00,0.0,0.0,0.455
2025-09-14 01:00:00,0.0,0.0,0.4891666666666667
2025-09-14 02:00:00,0.0,0.0,0.496
2025-09-14 03:00:00,0.0,0.0,0.394
2025-09-14 04:00:00,0.0,0.0,0.5140000333333333
2025-09-14 05:00:00,0.0,0.143,0.44333335
2025-09-14 06:00:00,0.0,2.2873334666666665,0.49000004999999996
2025-09-14 07:00:00,0.0,12.013333566666667,0.2825000166666667
2025-09-14 08:00:00,0.0,10.613333516666668,0.9266667666666667
2025-09-14 09:00:00,0.0,13.883333350000001,2.5755003500000004
2025-09-14 10:00:00,0.0,18.79033336666667,3.047000216666667
2025-09-14 11:00:00,0.0,18.06433355,3.4030000333333335
2025-09-14 12:00:00,0.0,18.6353335,3.1420001666666666
2025-09-14 13:00:00,0.0,18.70900015,3.43633335
2025-09-14 14:00:00,0.0,18.653333433333334,3.275333433333333
2025-09-14 15:00:00,0.0,13.513333383333334,3.4046667000000004
2025-09-14 16:00:00,0.0,9.370000083333334,3.5370000833333335
2025-09-14 17:00:00,0.0,10.665333466666667,3.60666675
2025-09-14 18:00:00,0.0,10.872666866666666,3.2488336333333336
2025-09-14 19:00:00,0.0,0.0,1.5866669500000001
2025-09-14 20:00:00,0.0,0.0,0.5186666666666666
2025-09-14 21:00:00,0.0,0.0,0.39583335
2025-09-14 22:00:00,0.0,0.0,0.4783333666666667
2025-09-14 23:00:00,0.0,0.0,0.3630000666666667
2025-09-15 00:00:00,0.0,0.0,0.5691666833333332
2025-09-15 01:00:00,0.0,0.0,0.433
2025-09-15 02:00:00,0.0,0.0,0.4393333333333333
2025-09-15 03:00:00,0.0,0.0,0.4846666666666667
2025-09-15 04:00:00,0.0,2.1666668,0.4053333333333333
2025-09-15 05:00:00,0.0,5.0,0.5186666666666666
2025-09-15 06:00:00,0.0,5.783334133333334,0.3826666666666667
2025-09-15 07:00:00,0.0,11.489667500000001,0.46083340000000006
2025-09-15 08:00:00,2.6446678,7.43033445,1.0690001
2025-09-15 09:00:00,6.5160005000000005,7.3973345833333335,2.7648336333333337
2025-09-15 10:00:00,3.7456678333333335,14.205333983333334,2.4830002833333333
2025-09-15 11:00:00,3.2966679500000007,19.68,2.533333533333333
2025-09-15 12:00:00,3.5813345500000002,18.750000016666664,2.262000266666667
2025-09-15 13:00:00,3.670667783333333,14.1433338,2.224667016666667
2025-09-15 14:00:00,3.264666966666667,12.189334133333332,3.0856669333333335
2025-09-15 15:00:00,5.436667816666667,8.667667,3.39100005
2025-09-15 16:00:00,6.170667933333333,9.866666866666666,3.431
2025-09-15 17:00:00,1.9033341499999998,7.89333385,3.414
2025-09-15 18:00:00,0.6880000333333334,8.583333699999999,3.2738335166666666
2025-09-15 19:00:00,0.017333416666666664,2.6060006666666666,2.0320004666666667
2025-09-15 20:00:00,0.0,1.65000045,0.3316666833333333
2025-09-15 21:00:00,0.0,0.1500001,0.35200003333333335
2025-09-15 22:00:00,0.0,0.0,0.45500005
2025-09-15 23:00:00,0.0,0.0,0.4375000666666667
2025-09-16 00:00:00,0.0,0.0,0.4258334166666667
2025-09-16 01:00:00,0.0,0.0,0.33483335
2025-09-16 02:00:00,0.0,0.0,0.265
2025-09-16 03:00:00,0.0,0.0,0.29966671666666667
2025-09-16 04:00:00,0.0,0.2870001833333333,0.3465
2025-09-16 05:00:00,0.0,0.47500015,0.43633336666666667
2025-09-16 06:00:00,0.0,0.6620000666666668,0.53
2025-09-16 07:00:00,0.20066726666666668,10.903001249999999,0.7606670166666667
2025-09-16 08:00:00,0.36000099999999996,12.8053338,2.496
2025-09-16 09:00:00,2.5560017000000004,13.6966667,2.647166716666667
2025-09-16 10:00:00,4.428335000000001,12.356333916666667,3.345333383333333
2025-09-16 11:00:00,3.8783350500000005,12.453333800000001,3.8661666666666665
2025-09-16 12:00:00,3.7400020000000005,13.170000416666667,3.4013333666666665
2025-09-16 13:00:00,3.46533535,12.93333465,3.0893333333333333
2025-09-16 14:00:00,3.490002433333334,13.114334050000002,3.2656666833333334
2025-09-16 15:00:00,4.300001666666667,12.493667733333334,3.3300003
2025-09-16 16:00:00,4.256668133333333,12.75,3.3160002333333334
2025-09-16 17:00:00,1.783334416666667,13.031000816666667,4.01633335
2025-09-16 18:00:00,0.4926679666666667,11.981667466666666,2.1426673833333334
2025-09-16 19:00:00,8.833333333333333e-07,2.9423334666666663,1.0058342666666666
2025-09-16 20:00:00,0.0,0.27400003333333334,0.394
2025-09-16 21:00:00,0.0,0.0,0.496
2025-09-16 22:00:00,0.0,0.0,0.428
2025-09-16 23:00:00,0.0,0.0,0.48300006666666667
2025-09-17 00:00:00,0.0,0.0,0.4946666666666667
2025-09-17 01:00:00,0.0,0.0,0.43633335
2025-09-17 02:00:00,0.0,0.0,0.21966666666666665
2025-09-17 03:00:00,0.0,0.0,0.24233333333333335
2025-09-17 04:00:00,0.0,8.333333333333333e-08,0.29433336666666665
2025-09-17 05:00:00,0.0,0.8333341666666667,0.25366668333333336
2025-09-17 06:00:00,8.333333333333333e-08,5.166668033333333,0.46550003333333334
2025-09-17 07:00:00,1.4943348833333334,8.011000883333333,0.496
2025-09-17 08:00:00,2.3896683333333337,7.9110005333333335,1.3920000833333332
2025-09-17 09:00:00,4.280668966666667,8.69200005,2.658166783333334
2025-09-17 10:00:00,6.123334983333334,9.297333766666666,2.7096667833333337
2025-09-17 11:00:00,6.202335250000001,8.774000399999998,2.4528334833333334
2025-09-17 12:00:00,6.4153352166666675,8.343333466666667,3.039000116666667
2025-09-17 13:00:00,5.997667933333333,12.47000015,3.1771666666666665
2025-09-17 14:00:00,6.2833346,13.869333333333334,3.2826666833333333
2025-09-17 15:00:00,5.871335533333334,14.010000016666666,2.903500183333333
2025-09-17 16:00:00,4.334668416666666,11.904000066666665,2.8463334833333334
2025-09-17 17:00:00,0.92000135,7.65000065,2.9316667833333336
2025-09-17 18:00:00,0.32000073333333334,3.5800021333333336,2.31283355
2025-09-17 19:00:00,4.5e-07,3.0430006166666668,1.0533333500000002
2025-09-17 20:00:00,0.0,0.11400099999999999,0.5296666666666666
2025-09-17 21:00:00,0.0,2.8333333333333336e-07,0.4221666666666667
2025-09-17 22:00:00,0.0,0.0,0.5075000333333334
2025-09-17 23:00:00,0.0,0.0,0.35583338333333336
2025-09-18 00:00:00,0.0,0.0,0.33833338333333335
2025-09-18 01:00:00,0.0,0.0,0.2883333666666667
2025-09-18 02:00:00,0.0,0.0,0.5125000166666667
2025-09-18 03:00:00,0.0,0.0,0.428
2025-09-18 04:00:00,0.0,0.0,0.462
2025-09-18 05:00:00,0.0,0.10000075,0.394
2025-09-18 06:00:00,1.2000000000000002e-06,3.378333833333333,0.496
2025-09-18 07:00:00,2e-06,8.89700065,0.36000031666666665
2025-09-18 08:00:00,2.0000015666666666,7.3626672,2.2483335
2025-09-18 09:00:00,3.4833344833333335,9.203334183333332,2.023333716666667
2025-09-18 10:00:00,3.8380018166666674,9.483668133333333,3.5375
2025-09-18 11:00:00,3.9420020000000005,8.931333983333333,3.36
2025-09-18 12:00:00,2.2026689833333335,13.538000383333333,3.1901667666666667
2025-09-18 13:00:00,1.8840024333333334,12.213334983333334,2.86733335
2025-09-18 14:00:00,3.5800025000000004,12.1133346,2.9740002
2025-09-18 15:00:00,3.092669533333334,11.703333866666666,3.1966667
2025-09-18 16:00:00,5.5193363,11.319000616666667,2.5625005
2025-09-18 17:00:00,5.820001883333333,13.414000283333333,2.5033335833333337
2025-09-18 18:00:00,3.2493349166666667,10.135667733333333,1.0446670333333334
2025-09-18 19:00:00,0.016667899999999996,11.608667216666667,0.5086667166666666
2025-09-18 20:00:00,0.0,6.736000333333333,0.231
2025-09-18 21:00:00,0.0,0.0,0.214
2025-09-18 22:00:00,0.0,0.0,0.214
2025-09-18 23:00:00,0.0,0.0,0.3510000833333333
2025-09-19 00:00:00,0.0,0.0,0.46666673333333336
2025-09-19 01:00:00,0.0,0.0,0.4025
2025-09-19 02:00:00,0.0,0.0,0.231
2025-09-19 03:00:00,0.0,0.0,0.214
2025-09-19 04:00:00,0.0,0.0,0.231
2025-09-19 05:00:00,0.0,4.833333333333333e-07,0.38066669999999997
2025-09-19 06:00:00,0.0,1.6173336000000003,0.4141667
2025-09-19 07:00:00,0.048666683333333335,6.4266672,0.45116666666666666
2025-09-19 08:00:00,0.34733420000000004,6.57566755,0.44133351666666665
2025-09-19 09:00:00,2.208667933333333,8.330333483333334,0.7253333500000001
2025-09-19 10:00:00,3.6850023000000007,8.45633335,3.1580000833333335
2025-09-19 11:00:00,3.9286688833333336,7.66333335,3.912
2025-09-19 12:00:00,3.8646688333333334,8.3266667,3.945
2025-09-19 13:00:00,3.7046685500000005,8.338666733333334,3.9891668666666664
2025-09-19 14:00:00,5.431001466666666,7.910000033333333,3.651667066666667
2025-09-19 15:00:00,6.211668749999999,7.100000666666667,3.79716685
2025-09-19 16:00:00,5.319334966666666,10.775333550000001,3.90583335
2025-09-19 17:00:00,5.178001833333334,7.502333966666667,3.63000005
2025-09-19 18:00:00,2.5016681166666666,4.87033445,3.7966667166666666
2025-09-19 19:00:00,1.2466671666666667,8.913334016666665,1.6825002
2025-09-19 20:00:00,0.0,5.56500045,0.265
2025-09-19 21:00:00,0.0,0.0,0.6023333333333334
2025-09-19 22:00:00,0.0,0.0,0.3768333333333333
2025-09-19 23:00:00,0.0,0.0,0.5016666666666667
2025-09-20 00:00:00,0.0,0.0,0.49583345
2025-09-20 01:00:00,0.0,0.0,0.4550000333333334
2025-09-20 02:00:00,0.0,0.0,0.4316666833333333
2025-09-20 03:00:00,0.0,0.0,0.5241666666666667
2025-09-20 04:00:00,0.0,0.0,0.4053333333333333
2025-09-20 05:00:00,0.0,1.8416671,0.4846666666666667
2025-09-20 06:00:00,0.0,15.951333733333334,0.3713333333333333
2025-09-20 07:00:00,0.0,17.130000850000002,0.5186666666666666
2025-09-20 08:00:00,0.0,18.280000466666664,0.4116666666666667
2025-09-20 09:00:00,0.0,18.530000383333334,1.4166668166666667
2025-09-20 10:00:00,0.0,7.902334300000001,3.2216667666666665
2025-09-20 11:00:00,0.0,10.698000416666668,3.519000183333333
2025-09-20 12:00:00,0.0,13.583333600000001,3.0293336333333336
2025-09-20 13:00:00,0.0,18.172666683333333,3.427500033333333
2025-09-20 14:00:00,0.0,19.253333333333334,3.7016666833333334
2025-09-20 15:00:00,0.0,18.072000016666664,3.6443333333333334
2025-09-20 16:00:00,0.0,18.591,3.6956667000000003
2025-09-20 17:00:00,0.0,17.44333395,3.58200005
2025-09-20 18:00:00,0.0,16.035001066666666,1.828
2025-09-20 19:00:00,0.0,2.783334266666667,1.1005000999999999
2025-09-20 20:00:00,0.0,1.5633335333333334,0.7686666833333332
2025-09-20 21:00:00,0.0,0.0,0.42333338333333337
2025-09-20 22:00:00,0.0,0.0,0.4161666833333333
2025-09-20 23:00:00,0.0,0.0,0.3985000166666667
2025-09-21 00:00:00,0.0,0.0,0.4608334333333333
2025-09-21 01:00:00,0.0,0.0,0.4541666833333333
2025-09-21 02:00:00,0.0,0.0,0.4065000166666667
2025-09-21 03:00:00,0.0,0.0,0.2705000166666667
2025-09-21 04:00:00,0.0,0.0,0.23683333333333334
2025-09-21 05:00:00,0.0,0.0,0.3811666833333333
2025-09-21 06:00:00,0.0,7.279666883333333,0.24233333333333335
2025-09-21 07:00:00,0.0,10.956333716666668,0.45250001666666667
2025-09-21 08:00:00,0.0,12.203333933333333,0.5216667166666668
2025-09-21 09:00:00,0.0,7.323334016666666,1.7025001666666664
2025-09-21 10:00:00,0.0,8.329333466666666,3.4691668666666664
2025-09-21 11:00:00,0.0,13.569666883333333,2.600333516666667
2025-09-21 12:00:00,0.0,8.816666816666666,2.867833533333333
2025-09-21 13:00:00,0.0,15.763000116666666,2.8213334333333333
2025-09-21 14:00:00,0.0,12.040333433333336,2.3490004833333336
2025-09-21 15:00:00,0.0,8.42,3.2323334833333335
2025-09-21 16:00:00,0.0,8.0650002,2.9263336666666664
2025-09-21 17:00:00,0.0,8.435333366666665,3.5103333833333332
2025-09-21 18:00:00,0.0,8.578333500000001,2.8548335500000004
2025-09-21 19:00:00,0.0,4.86233385,1.6343337
2025-09-21 20:00:00,0.0,0.58333335,1.0800004166666668
2025-09-21 21:00:00,0.0,0.0,0.24233333333333335
2025-09-21 22:00:00,0.0,0.0,0.20266666666666666
2025-09-21 23:00:00,0.0,0.0,0.43800005
2025-09-22 00:00:00,0.0,0.0,0.43750005
2025-09-22 01:00:00,0.0,0.0,0.42583336666666666
2025-09-22 02:00:00,0.0,0.0,0.4323333333333333
2025-09-22 03:00:00,0.0,0.0,0.32800005
2025-09-22 04:00:00,0.0,0.47500003333333335,0.4553333666666667
2025-09-22 05:00:00,0.0,1.2600006333333333,0.214
2025-09-22 06:00:00,0.0,7.643334266666667,0.248
2025-09-22 07:00:00,0.0,13.556666683333335,0.237
2025-09-22 08:00:00,1.3620002500000001,12.476667266666665,0.43650015
2025-09-22 09:00:00,2.716334366666667,14.0833335,1.14166685
2025-09-22 10:00:00,4.886668500000001,8.653334300000001,2.736333383333333
2025-09-22 11:00:00,4.066001666666668,3.330001316666667,3.2753333333333337
2025-09-22 12:00:00,5.5536677333333335,3.9566676833333334,3.2866666666666666
2025-09-22 13:00:00,5.906668033333333,12.176334033333335,3.275
2025-09-22 14:00:00,5.8090016,18.60333365,3.306166683333333
2025-09-22 15:00:00,6.1193355,19.2206669,3.1316667166666665
2025-09-22 16:00:00,4.065335233333334,18.25966685,3.8368333333333333
2025-09-22 17:00:00,0.015334333333333335,17.65866686666667,3.43516675
2025-09-22 18:00:00,6.333333333333333e-07,17.00400068333333,2.6665001
2025-09-22 19:00:00,0.0,16.400000533333333,1.9100001833333333
2025-09-22 20:00:00,0.0,2.200001,0.43633335
2025-09-22 21:00:00,0.0,0.0,0.5413333333333333
2025-09-22 22:00:00,0.0,0.0,0.3826666666666667
2025-09-22 23:00:00,0.0,0.0,0.5898333666666666
2025-09-23 00:00:00,0.0,0.0,0.5133333833333333
2025-09-23 01:00:00,0.0,0.0,0.3826666666666667
2025-09-23 02:00:00,0.0,0.0,0.5413333333333333
2025-09-23 03:00:00,0.0,0.0,0.3826666666666667
2025-09-23 04:00:00,0.0,0.0,0.4846666666666667
2025-09-23 05:00:00,0.0,2.280000666666667,0.4393333333333333
2025-09-23 06:00:00,0.017334366666666667,5.191001216666668,0.4166666666666667
2025-09-23 07:00:00,0.29466790000000004,5.6273344000000005,0.5073333333333333
2025-09-23 08:00:00,2.6176678833333336,11.209667533333333,2.471000116666667
2025-09-23 09:00:00,2.946668433333333,12.032000983333333,2.2100006666666667
2025-09-23 10:00:00,3.8113359833333336,13.012667316666667,3.4108334166666667
2025-09-23 11:00:00,6.310668350000001,14.011,3.1325001666666665
2025-09-23 12:00:00,6.440002,14.446000033333334,2.6930001666666668
2025-09-23 13:00:00,6.920001633333333,11.083333816666666,2.317333983333333
2025-09-23 14:00:00,6.840001999999999,19.066666666666666,2.966667016666667
2025-09-23 15:00:00,6.006668833333333,18.280000016666666,3.6560000166666664
2025-09-23 16:00:00,4.8126692,19.126000066666666,3.7346666666666666
2025-09-23 17:00:00,0.8613351166666667,13.451667466666667,3.1318335000000004
2025-09-23 18:00:00,1e-06,5.546668433333334,3.178000233333333
2025-09-23 19:00:00,9.833333333333334e-07,4.064001016666667,1.9918336
2025-09-23 20:00:00,0.0,7e-07,0.4846666666666667
2025-09-23 21:00:00,0.0,0.0,0.4580000333333334
2025-09-23 22:00:00,0.0,0.0,0.32783338333333334
2025-09-23 23:00:00,0.0,0.0,0.4783334166666667
2025-09-24 00:00:00,0.0,0.0,0.4841667333333334
2025-09-24 01:00:00,0.0,0.0,0.26483335
2025-09-24 02:00:00,0.0,0.0,0.4316666833333333
2025-09-24 03:00:00,0.0,0.0,0.19133333333333336
2025-09-24 04:00:00,0.0,0.0,0.27066666666666667
2025-09-24 05:00:00,0.0,1.833334866666667,0.3465
2025-09-24 06:00:00,0.0,8.714000716666668,0.53
2025-09-24 07:00:00,0.0,17.58333358333333,0.4256667
2025-09-24 08:00:00,1.0946670833333334,19.303333449999997,0.3081666666666667
2025-09-24 09:00:00,3.456668516666667,19.476666883333333,1.5000001
2025-09-24 10:00:00,3.611668833333334,17.9633343,2.629666733333333
2025-09-24 11:00:00,4.241668083333334,18.933334,3.6433333666666665
2025-09-24 12:00:00,4.461668566666666,18.96666713333333,3.737166766666667
2025-09-24 13:00:00,4.110001883333333,19.036667066666666,3.5998333333333337
2025-09-24 14:00:00,4.648335483333334,19.333333333333332,3.573333416666667
2025-09-24 15:00:00,5.98666865,18.05133378333333,3.4750000166666664
2025-09-24 16:00:00,4.6740018,8.0303335,3.2920001666666665
2025-09-24 17:00:00,0.10333445,8.0033336,3.1950000833333334
2025-09-24 18:00:00,6.333333333333333e-07,6.1300007333333335,3.3053333333333335
2025-09-24 19:00:00,0.0,1.6013338666666668,1.6091667666666665
2025-09-24 20:00:00,0.0,0.8580002333333334,0.2995000166666667
2025-09-24 21:00:00,0.0,0.17000011666666665,0.2881666666666667
2025-09-24 22:00:00,0.0,0.0,0.2765000166666667
2025-09-24 23:00:00,0.0,0.0,0.42783335
2025-09-25 00:00:00,0.0,0.0,0.50533335
2025-09-25 01:00:00,0.0,0.0,0.2941666666666667
2025-09-25 02:00:00,0.0,0.0,0.4675
2025-09-25 03:00:00,0.0,0.0,0.2708333333333333
2025-09-25 04:00:00,0.0,0.0,0.36800003333333337
2025-09-25 05:00:00,0.0,0.0,0.19133333333333336
2025-09-25 06:00:00,0.0,0.50000035,0.4950000166666667
2025-09-25 07:00:00,0.3286667833333333,2.523334283333333,0.36
2025-09-25 08:00:00,0.9773350166666666,16.773334066666667,0.53
2025-09-25 09:00:00,0.90366815,16.0233334,1.18700005
2025-09-25 10:00:00,4.785002116666668,13.678666983333333,1.8743337166666667
2025-09-25 11:00:00,4.666668216666667,19.066666666666666,2.936000183333333
2025-09-25 12:00:00,4.125001983333333,18.60100025,3.036666766666667
2025-09-25 13:00:00,5.134669366666667,18.53566676666667,2.5120004
2025-09-25 14:00:00,7.025001816666667,18.340333700000002,3.1616666666666666
2025-09-25 15:00:00,7.130001783333334,17.95666681666667,3.411000083333333
2025-09-25 16:00:00,5.5806678000000005,10.160334,3.1356667333333332
2025-09-25 17:00:00,0.4953346333333333,15.195333983333335,3.2280001499999997
2025-09-25 18:00:00,0.13600076666666666,11.806666816666667,2.4128339333333333
2025-09-25 19:00:00,0.07200013333333333,9.645667083333334,2.6875000666666664
2025-09-25 20:00:00,0.0,4.418666783333333,1.79500025
2025-09-25 21:00:00,0.0,1.3333334833333332,0.436
2025-09-25 22:00:00,0.0,0.0,0.5140000166666666
2025-09-25 23:00:00,0.0,0.0,0.5081667166666667
2025-09-26 00:00:00,0.0,0.0,0.5296666666666666
2025-09-26 01:00:00,0.0,0.0,0.44833335
2025-09-26 02:00:00,0.0,0.0,0.329
2025-09-26 03:00:00,0.0,0.0,0.6066667
2025-09-26 04:00:00,0.0,0.6000000166666667,0.53833335
2025-09-26 05:00:00,0.0,1.0580010666666666,0.2706666833333333
2025-09-26 06:00:00,0.16666666666666666,6.776334233333333,0.47933335
2025-09-26 07:00:00,3.5000002,7.79366755,0.5075000166666667
2025-09-26 08:00:00,0.9166681500000001,10.418001266666666,1.5395001
2025-09-26 09:00:00,4.116334316666666,11.1233339,2.45850005
2025-09-26 10:00:00,4.308334583333333,11.130000683333334,3.1513333833333332
2025-09-26 11:00:00,3.758335183333334,14.566667116666668,3.032
2025-09-26 12:00:00,2.318335116666667,16.033333633333335,2.834666816666666
2025-09-26 13:00:00,3.1570017666666668,19.063333966666665,3.0856666833333333
2025-09-26 14:00:00,3.986002316666667,18.89800065,2.927666733333333
2025-09-26 15:00:00,5.405335550000001,18.15166721666667,2.83266685
2025-09-26 16:00:00,0.8473354166666667,16.140000216666667,2.896500216666667
2025-09-26 17:00:00,1.3333333333333332e-06,16.8026678,3.0160000333333334
2025-09-26 18:00:00,1e-06,15.146000766666667,2.352000066666667
2025-09-26 19:00:00,8.833333333333333e-07,6.22833385,1.0466666666666666
2025-09-26 20:00:00,0.0,0.0,0.2881667
2025-09-26 21:00:00,0.0,0.0,0.40283335
2025-09-26 22:00:00,0.0,0.0,0.3791666666666667
2025-09-26 23:00:00,0.0,0.0,0.4323333833333334
2025-09-27 00:00:00,0.0,0.0,0.47250010000000003
2025-09-27 01:00:00,0.0,0.0,0.4783333666666667
2025-09-27 02:00:00,0.0,0.0,0.41416671666666666
2025-09-27 03:00:00,0.0,0.0,0.4900000166666667
2025-09-27 04:00:00,0.0,0.0,0.3231666666666667
2025-09-27 05:00:00,0.0,0.0,0.3576666833333333
2025-09-27 06:00:00,0.0,1.6910008166666666,0.27066666666666667
2025-09-27 07:00:00,0.0,7.5016673,0.32466673333333335
2025-09-27 08:00:00,0.0,10.650001049999998,2.2593333333333336
2025-09-27 09:00:00,0.0,17.53000045,2.4526668
2025-09-27 10:00:00,0.0,15.013333566666667,2.3231667666666667
2025-09-27 11:00:00,0.0,17.996666700000002,2.3746667666666665
2025-09-27 12:00:00,0.0,12.774666816666667,2.9781668999999997
2025-09-27 13:00:00,0.0,10.558666816666666,3.631000033333333
2025-09-27 14:00:00,0.0,6.986667183333334,3.3018333833333333
2025-09-27 15:00:00,0.0,9.506667216666667,3.415000116666667
2025-09-27 16:00:00,0.0,9.467333533333333,3.4800000166666663
2025-09-27 17:00:00,0.0,9.028000316666667,3.3256667
2025-09-27 18:00:00,0.0,8.910000416666668,3.2046668333333335
2025-09-27 19:00:00,0.0,5.358666933333333,1.2006668
2025-09-27 20:00:00,0.0,0.0,0.23666666666666666
2025-09-27 21:00:00,0.0,0.0,0.22533333333333333
2025-09-27 22:00:00,0.0,0.0,0.21966666666666665
2025-09-27 23:00:00,0.0,0.0,0.3108333333333333
2025-09-28 00:00:00,0.0,0.0,0.35000006666666666
2025-09-28 01:00:00,0.0,0.0,0.20266666666666666
2025-09-28 02:00:00,0.0,0.0,0.3106666833333333
2025-09-28 03:00:00,0.0,0.0,0.20833333333333334
2025-09-28 04:00:00,0.0,0.0,0.23666666666666666
2025-09-28 05:00:00,0.0,1.8333340166666667,0.31083335
2025-09-28 06:00:00,0.0,10.0713344,0.24833335
2025-09-28 07:00:00,0.0,8.35233445,0.265
2025-09-28 08:00:00,0.0,10.95466735,0.3305001833333333
2025-09-28 09:00:00,0.0,11.024334316666668,0.9611666666666666
2025-09-28 10:00:00,0.0,10.099667716666668,2.7146668666666667
2025-09-28 11:00:00,0.0,11.852666716666667,3.151166833333334
2025-09-28 12:00:00,0.0,15.866666683333335,3.8413334333333333
2025-09-28 13:00:00,0.0,11.540000016666667,3.862
2025-09-28 14:00:00,0.0,11.840000083333335,3.3445000166666663
2025-09-28 15:00:00,0.0,8.207333349999999,3.2095002166666666
2025-09-28 16:00:00,0.0,8.05633335,2.629667
2025-09-28 17:00:00,0.0,8.97866675,3.013333433333333
2025-09-28 18:00:00,0.0,9.927333366666666,3.0416668333333337
2025-09-28 19:00:00,0.0,2.3,2.6366668
2025-09-28 20:00:00,0.0,0.4000003,1.9275000333333332
2025-09-28 21:00:00,0.0,0.0,0.3058333333333333
2025-09-28 22:00:00,0.0,0.0,0.5668333666666666
2025-09-28 23:00:00,0.0,0.0,0.4016667
2025-09-29 00:00:00,0.0,0.0,0.4316666833333333
2025-09-29 01:00:00,0.0,0.0,0.3348333666666667
2025-09-29 02:00:00,0.0,0.0,0.4433333333333333
2025-09-29 03:00:00,0.0,0.0,0.2823333333333333
2025-09-29 04:00:00,0.0,0.0,0.214
2025-09-29 05:00:00,0.0,0.0,0.248
2025-09-29 06:00:00,0.016000416666666666,0.9920002000000001,0.19133333333333336
2025-09-29 07:00:00,0.15666866666666665,12.642667133333335,0.385
2025-09-29 08:00:00,1.2833353333333333,18.0303338,0.6121667666666667
2025-09-29 09:00:00,3.7533355000000004,14.007333416666667,1.98666685
2025-09-29 10:00:00,3.330002216666667,12.48333375,2.7226667499999997
2025-09-29 11:00:00,4.000002050000001,18.197000733333333,2.665000116666667
2025-09-29 12:00:00,4.3036692,18.800666716666665,2.9198334833333335
2025-09-29 13:00:00,3.9283358666666675,18.247334,2.536833833333333
2025-09-29 14:00:00,3.725335616666667,19.323666816666666,2.74550005
2025-09-29 15:00:00,4.5916681,16.303333833333333,3.5443334000000006
2025-09-29 16:00:00,3.8133356500000004,13.550000233333332,3.473666683333333
2025-09-29 17:00:00,0.08333535,10.514000366666668,3.4743335
2025-09-29 18:00:00,0.30800015,9.717666866666667,2.963333533333333
2025-09-29 19:00:00,0.0,0.8500003,2.0821667833333333
2025-09-29 20:00:00,0.0,0.0,0.3648333333333333
2025-09-29 21:00:00,0.0,0.0,0.35200005
2025-09-29 22:00:00,0.0,0.0,0.4771667
2025-09-29 23:00:00,0.0,0.0,0.5238333333333334
2025-09-30 00:00:00,0.0,0.0,0.2650000333333334
2025-09-30 01:00:00,0.0,0.0,0.25366666666666665
2025-09-30 02:00:00,0.0,0.0,0.19133333333333336
2025-09-30 03:00:00,0.0,0.0,0.25366666666666665
2025-09-30 04:00:00,0.0,3.1666666666666667e-07,0.19133333333333336
2025-09-30 05:00:00,0.0,0.30000103333333333,0.25366666666666665
2025-09-30 06:00:00,2.1666666666666667e-07,2.6740010166666672,0.19133333333333336
2025-09-30 07:00:00,1.5300007166666667,16.051000816666665,0.5213336000000001
2025-09-30 08:00:00,2.5636673500000002,16.323334133333333,2.03833365
2025-09-30 09:00:00,4.063334483333334,18.119333566666665,2.1833337833333335
2025-09-30 10:00:00,3.55333545,18.012667066666666,3.04166675
2025-09-30 11:00:00,3.673335583333334,18.52300005,3.13583335
2025-09-30 12:00:00,3.8200012500000002,18.616000216666666,2.972500066666667
2025-09-30 13:00:00,3.3016681333333335,18.637000200000003,2.9075000166666665
2025-09-30 14:00:00,4.761668266666667,18.96,2.562500183333333
2025-09-30 15:00:00,6.093668383333334,18.376666783333334,2.3008337
2025-09-30 16:00:00,1.8346694,19.003333666666666,2.7103335833333335
2025-09-30 17:00:00,1.0433349833333332,13.853334466666665,2.2013336333333338
2025-09-30 18:00:00,0.13000131666666667,3.2410010833333334,2.2928338166666666
2025-09-30 19:00:00,0.0,3.9950012000000004,1.98966685
2025-09-30 20:00:00,0.0,0.260001,0.5303335166666667
2025-09-30 21:00:00,0.0,0.0,0.248
2025-09-30 22:00:00,0.0,0.0,0.3915000333333334
2025-09-30 23:00:00,0.0,0.0,0.334
2025-10-01 00:00:00,0.0,0.0,0.5308333666666666
2025-10-01 01:00:00,0.0,0.0,0.5066666666666667
2025-10-01 02:00:00,0.0,0.0,0.4166666666666667
2025-10-01 03:00:00,0.0,0.0,0.47333333333333333
2025-10-01 04:00:00,0.0,0.0,0.4166666666666667
2025-10-01 05:00:00,0.0,7.166666666666668e-07,0.47333333333333333
2025-10-01 06:00:00,0.0,6.9600000500000005,0.49983335
2025-10-01 07:00:00,0.29133370000000003,14.582333649999999,0.37350001666666666
2025-10-01 08:00:00,4.3886669000000005,11.819333966666667,0.3055000166666667
2025-10-01 09:00:00,3.530333866666667,11.811667083333333,0.6716669166666667
2025-10-01 10:00:00,3.3833345333333336,13.011000266666668,2.542500283333333
2025-10-01 11:00:00,4.0493341,13.687334066666667,2.690000066666667
2025-10-01 12:00:00,4.503334166666667,15.079333816666667,2.8350000833333335
2025-10-01 13:00:00,3.0033341333333334,16.581667133333333,2.5766666833333334
2025-10-01 14:00:00,5.713001233333333,17.176666933333333,2.78
2025-10-01 15:00:00,6.798001,15.930000816666666,2.798333416666667
2025-10-01 16:00:00,4.241335233333333,12.019334766666667,3.33
2025-10-01 17:00:00,2.125000233333333,10.87466805,3.2723333333333335
2025-10-01 18:00:00,0.10000026666666666,7.319667616666668,3.052000083333333
2025-10-01 19:00:00,0.0,12.200667016666666,1.5786669
2025-10-01 20:00:00,0.0,10.466334083333333,0.7291667333333334
2025-10-01 21:00:00,0.0,1.5000000000000002e-07,0.43750003333333337
2025-10-01 22:00:00,0.0,0.0,0.53
2025-10-01 23:00:00,0.0,0.0,0.39000001666666667
2025-10-02 00:00:00,0.0,0.0,0.4511667
2025-10-02 01:00:00,0.0,0.0,0.428
2025-10-02 02:00:00,0.0,0.0,0.5308333833333334
2025-10-02 03:00:00,0.0,0.0,0.3116666833333333
2025-10-02 04:00:00,0.0,0.0,0.2825
2025-10-02 05:00:00,0.0,0.1500009,0.4550000166666667
2025-10-02 06:00:00,0.22400073333333334,15.163000166666667,0.3253333333333333
2025-10-02 07:00:00,0.44333475,19.106666683333334,0.3681666833333333
2025-10-02 08:00:00,3.1813352833333335,19.210000333333333,0.9346667166666666
2025-10-02 09:00:00,6.404668716666667,19.106666783333335,1.1030001500000002
2025-10-02 10:00:00,1.5110031166666666,19.666666666666668,2.56900025
2025-10-02 11:00:00,3.3750021833333337,17.48566745,3.156833483333333
2025-10-02 12:00:00,3.1773354500000006,2.527335266666667,2.899333383333333
2025-10-02 13:00:00,3.1800018500000005,15.926667233333333,3.28233335
2025-10-02 14:00:00,2.7290020000000004,6.106667566666667,3.17666675
2025-10-02 15:00:00,1.2246699833333332,8.688000749999999,3.4118334166666666
2025-10-02 16:00:00,5.840001083333333,12.250000283333334,3.2615001833333332
2025-10-02 17:00:00,3.5926684333333334,12.746000316666667,3.223000066666667
2025-10-02 18:00:00,0.34133473333333336,11.798000816666667,2.597000183333333
2025-10-02 19:00:00,3.3333333333333334e-08,11.600000416666667,2.529333433333333
2025-10-02 20:00:00,0.0,0.6666675666666666,1.4395001666666665
2025-10-02 21:00:00,0.0,0.0,0.3806666666666667
2025-10-02 22:00:00,0.0,0.0,0.45066666666666666
2025-10-02 23:00:00,0.0,0.0,0.34000003333333334
2025-10-03 00:00:00,0.0,0.0,0.4433333666666667
2025-10-03 01:00:00,0.0,0.0,0.3810000333333334
2025-10-03 02:00:00,0.0,0.0,0.3333333333333333
2025-10-03 03:00:00,0.0,0.0,0.197
2025-10-03 04:00:00,0.0,0.8523333833333332,0.248
2025-10-03 05:00:00,0.0,6.685334449999999,0.3061666666666667
2025-10-03 06:00:00,0.020666983333333333,8.548667516666667,0.44666669999999997
2025-10-03 07:00:00,0.4886677833333333,9.5833338,0.27666668333333333
2025-10-03 08:00:00,2.736668433333333,14.746667383333335,0.4483333666666667
2025-10-03 09:00:00,3.0816683333333335,19.9733337,1.8468338166666665
2025-10-03 10:00:00,3.6600017333333335,19.174666666666667,2.869
2025-10-03 11:00:00,2.1683357666666665,13.843333616666667,3.1703335666666668
2025-10-03 12:00:00,1.4966689166666665,15.130000183333333,2.7963336166666664
2025-10-03 13:00:00,2.4523356333333335,9.590000466666668,3.1138335166666664
2025-10-03 14:00:00,2.1386692500000004,12.733333583333334,3.3220001
2025-10-03 15:00:00,5.122668783333333,10.770668083333332,3.43233335
2025-10-03 16:00:00,5.603335083333334,13.575333916666667,3.4268334666666664
2025-10-03 17:00:00,5.006666699999999,11.9366679,3.25916685
2025-10-03 18:00:00,5.0,10.455334516666666,3.3958335166666664
2025-10-03 19:00:00,2.8333335666666666,11.01833395,3.0825001333333333
2025-10-03 20:00:00,0.0,2.333333416666667,1.2136671333333333
2025-10-03 21:00:00,0.0,0.0,0.43533335
2025-10-03 22:00:00,0.0,0.0,0.19133333333333336
2025-10-03 23:00:00,0.0,0.0,0.27683340000000006
2025-10-04 00:00:00,0.0,0.0,0.47833335
2025-10-04 01:00:00,0.0,0.0,0.3231666666666667
2025-10-04 02:00:00,0.0,0.0,0.27066666666666667
2025-10-04 03:00:00,0.0,0.0,0.294
2025-10-04 04:00:00,0.0,0.16666721666666667,0.32800001666666667
2025-10-04 05:00:00,0.0,6.372334683333333,0.5296666666666666
2025-10-04 06:00:00,0.0,12.673333866666665,0.49583335
2025-10-04 07:00:00,0.0,8.131667216666667,0.265
2025-10-04 08:00:00,0.0,10.397667066666667,1.897
2025-10-04 09:00:00,0.0,10.063334583333333,2.705166683333333
2025-10-04 10:00:00,0.0,8.646667983333334,3.1170000166666663
2025-10-04 11:00:00,0.0,9.730001366666666,3.215666683333333
2025-10-04 12:00:00,0.0,16.928667166666667,2.842333433333333
2025-10-04 13:00:00,0.0,17.879000200000004,3.303833366666667
2025-10-04 14:00:00,0.0,16.34700013333333,3.4425000833333335
2025-10-04 15:00:00,0.0,8.55333365,3.7233333833333333
2025-10-04 16:00:00,0.0,11.0740002,3.5923333333333334
2025-10-04 17:00:00,0.0,12.93900005,3.078
2025-10-04 18:00:00,0.0,13.28800015,2.6998334000000006
2025-10-04 19:00:00,0.0,5.4920005000000005,1.4863333666666665
2025-10-04 20:00:00,0.0,0.7490011499999999,0.4381667166666667
2025-10-04 21:00:00,0.0,3.1666666666666667e-07,0.38500005
2025-10-04 22:00:00,0.0,0.0,0.386
2025-10-04 23:00:00,0.0,0.0,0.3056666666666667
2025-10-05 00:00:00,0.0,0.0,0.502
2025-10-05 01:00:00,0.0,0.0,0.26266666666666666
2025-10-05 02:00:00,0.0,0.0,0.3448333333333333
2025-10-05 03:00:00,0.0,0.0,0.47266668333333334
2025-10-05 04:00:00,0.0,0.0,0.3826666666666667
2025-10-05 05:00:00,0.0,0.0,0.5413333333333333
2025-10-05 06:00:00,0.0,2.6613334000000006,0.4855000166666667
2025-10-05 07:00:00,0.0,11.724333616666668,0.3826666666666667
2025-10-05 08:00:00,0.0,12.700666733333334,0.5073333333333333
2025-10-05 09:00:00,0.0,12.072000133333333,0.9175001166666666
2025-10-05 10:00:00,0.0,14.106666783333333,2.0716667
2025-10-05 11:00:00,0.0,14.870000116666667,2.757333366666667
2025-10-05 12:00:00,0.0,18.040000066666668,3.156833533333333
2025-10-05 13:00:00,0.0,18.846666666666668,3.6180000333333333
2025-10-05 14:00:00,0.0,14.823333466666666,3.3596667166666667
2025-10-05 15:00:00,0.0,14.013333333333334,3.2678333333333334
2025-10-05 16:00:00,0.0,13.346666833333332,3.2981668
2025-10-05 17:00:00,0.0,18.93700015,3.299166916666667
2025-10-05 18:00:00,0.0,16.393333549999998,3.8375000666666668
2025-10-05 19:00:00,0.0,1.8740000166666666,3.125500066666667
2025-10-05 20:00:00,0.0,0.243,0.5981669333333334
2025-10-05 21:00:00,0.0,0.0,0.3520000166666667
2025-10-05 22:00:00,0.0,0.0,0.46083335
2025-10-05 23:00:00,0.0,0.0,0.3741667
2025-10-06 00:00:00,0.0,0.0,0.2825
2025-10-06 01:00:00,0.0,0.0,0.197
2025-10-06 02:00:00,0.0,0.0,0.28883333333333333
2025-10-06 03:00:00,0.0,0.0,0.4141667
2025-10-06 04:00:00,0.0,0.09000013333333333,0.5078333333333334
2025-10-06 05:00:00,0.0,1.6650001333333335,0.3713333333333333
2025-10-06 06:00:00,0.0,4.856667033333333,0.4846666666666667
2025-10-06 07:00:00,0.1533335,13.973333616666666,0.4053333333333333
2025-10-06 08:00:00,2.4896679,12.675000716666668,1.0945008500000002
2025-10-06 09:00:00,4.248667716666667,8.557334516666666,2.4531667
2025-10-06 10:00:00,3.4520012,7.152000833333333,2.565833766666667
2025-10-06 11:00:00,4.3533336,9.6300012,2.6958333666666667
2025-10-06 12:00:00,3.2006675666666666,11.367001366666667,2.7425
2025-10-06 13:00:00,2.9713339333333337,12.200000983333334,2.83
2025-10-06 14:00:00,4.733001316666667,14.416667516666667,2.193333566666667
2025-10-06 15:00:00,6.792001033333334,13.816667116666668,2.4293335166666665
2025-10-06 16:00:00,1.9013337,12.696667666666668,3.222333383333333
2025-10-06 17:00:00,0.16666676666666666,12.033333716666668,3.1853336333333337
2025-10-06 18:00:00,0.0,11.193333633333333,3.24716715
2025-10-06 19:00:00,0.0,9.316667266666666,1.7131672666666666
2025-10-06 20:00:00,0.0,1.1600002666666667,0.9191669
2025-10-06 21:00:00,0.0,0.0,0.5716667
2025-10-06 22:00:00,0.0,0.0,0.3986667166666667
2025-10-06 23:00:00,0.0,0.0,0.3570000166666667
2025-10-07 00:00:00,0.0,0.0,0.4433333833333334
2025-10-07 01:00:00,0.0,0.0,0.4393333333333333
2025-10-07 02:00:00,0.0,0.0,0.4846666666666667
2025-10-07 03:00:00,0.0,0.0,0.3826666666666667
2025-10-07 04:00:00,0.0,0.0,0.5413333333333333
2025-10-07 05:00:00,0.0,0.8500000833333332,0.3826666666666667
2025-10-07 06:00:00,0.0,2.7316668166666664,0.47133335
2025-10-07 07:00:00,0.0,13.869000616666666,0.5238333333333334
2025-10-07 08:00:00,0.49333363333333335,17.283333883333334,0.3663333333333333
2025-10-07 09:00:00,0.93533375,12.16333345,2.3558334333333333
2025-10-07 10:00:00,3.30866825,11.640000283333332,2.8036666666666665
2025-10-07 11:00:00,3.9813343333333333,13.4100002,2.7413333333333334
2025-10-07 12:00:00,3.0146681333333336,13.560000050000001,3.1100000333333333
2025-10-07 13:00:00,2.4096680666666668,13.541000216666667,3.494500016666666
2025-10-07 14:00:00,4.1336678000000004,12.0603334,3.5976666833333333
2025-10-07 15:00:00,5.4700008166666665,7.7370010166666665,3.631
2025-10-07 16:00:00,6.065334033333333,11.047000766666667,3.5303333666666665
2025-10-07 17:00:00,5.481333750000001,9.602333966666666,3.8798333499999997
2025-10-07 18:00:00,3.5833335166666664,16.120000833333332,3.2451667499999997
2025-10-07 19:00:00,0.0,7.809000050000001,0.4450000666666667
2025-10-07 20:00:00,0.0,0.0,0.40833338333333336
2025-10-07 21:00:00,0.0,0.0,0.265
2025-10-07 22:00:00,0.0,0.0,0.197
2025-10-07 23:00:00,0.0,0.0,0.44916675000000006
2025-10-08 00:00:00,0.0,0.0,0.3733333833333334
2025-10-08 01:00:00,0.0,0.0,0.3806666833333333
2025-10-08 02:00:00,0.0,0.0,0.26566666666666666
2025-10-08 03:00:00,0.0,0.0,0.23666666666666666
2025-10-08 04:00:00,0.0,0.0,0.29883336666666666
2025-10-08 05:00:00,0.0,1.7260003166666669,0.19133333333333336
2025-10-08 06:00:00,0.7500003833333334,10.0710011,0.2593333333333333
2025-10-08 07:00:00,1.4583338333333333,17.763666949999998,0.9936668166666666
2025-10-08 08:00:00,2.8913348,18.775333683333333,2.6713335833333334
2025-10-08 09:00:00,3.70200215,18.641333916666667,3.3536667166666665
2025-10-08 10:00:00,3.874002083333334,19.56333345,3.4083333333333337
2025-10-08 11:00:00,4.901668066666667,19.185333500000002,3.1271667333333335
2025-10-08 12:00:00,3.9780021500000005,16.96333435,3.4056668500000002
2025-10-08 13:00:00,3.40133545,16.956667799999998,3.408000116666667
2025-10-08 14:00:00,3.527001466666667,18.62333381666667,3.88500005
2025-10-08 15:00:00,5.403335566666667,12.312666916666666,2.5901667666666666
2025-10-08 16:00:00,2.224335416666667,6.016666983333334,2.7693334833333334
2025-10-08 17:00:00,0.2883349333333334,15.703667300000001,2.9038335
2025-10-08 18:00:00,7.166666666666668e-07,14.472001350000001,2.301833433333333
2025-10-08 19:00:00,0.0,4.08466765,0.21766671666666668
2025-10-08 20:00:00,0.0,2.1166676833333335,0.22533333333333333
2025-10-08 21:00:00,0.0,0.0,0.4443333333333333
2025-10-08 22:00:00,0.0,0.0,0.37333340000000004
2025-10-08 23:00:00,0.0,0.0,0.43750005
2025-10-09 00:00:00,0.0,0.0,0.38583335
2025-10-09 01:00:00,0.0,0.0,0.5121666666666667
2025-10-09 02:00:00,0.0,0.0,0.45066666666666666
2025-10-09 03:00:00,0.0,0.0,0.47333333333333333
2025-10-09 04:00:00,0.0,0.0,0.4166666666666667
2025-10-09 05:00:00,0.0,0.21900001666666669,0.5073333333333333
2025-10-09 06:00:00,0.0126667,2.8750000333333334,0.3826666666666667
2025-10-09 07:00:00,0.5706667666666667,13.130000066666666,0.5413333333333333
2025-10-09 08:00:00,0.4493337666666667,9.326666683333334,0.6710004833333334
2025-10-09 09:00:00,1.8690024500000002,16.04933335,2.373000183333333
2025-10-09 10:00:00,3.5716685000000004,14.350333466666667,3.2135002
2025-10-09 11:00:00,3.2600020000000005,12.891667,3.01866675
2025-10-09 12:00:00,1.8093360000000003,13.480000066666666,2.74200015
2025-10-09 13:00:00,3.415001016666667,13.613333366666666,3.3013333333333335
2025-10-09 14:00:00,4.528668049999999,13.353333333333333,3.8893333333333335
2025-10-09 15:00:00,4.658335316666666,13.65266675,3.41483335
2025-10-09 16:00:00,4.338334550000001,13.816667333333335,2.7991671166666667
2025-10-09 17:00:00,4.091335283333334,12.445667433333332,3.3833335
2025-10-09 18:00:00,4.500000833333334,7.1776670666666655,3.0283336666666663
2025-10-09 19:00:00,2.5416671166666664,8.335000183333333,3.080667066666667
2025-10-09 20:00:00,0.0,0.05700001666666667,1.2316670166666666
2025-10-09 21:00:00,0.0,0.0,0.43750003333333337
2025-10-09 22:00:00,0.0,0.0,0.43633336666666667
2025-10-09 23:00:00,0.0,0.0,0.3921666833333333
2025-10-10 00:00:00,0.0,0.0,0.38616666666666666
2025-10-10 01:00:00,0.0,0.0,0.3338333666666667
2025-10-10 02:00:00,0.0,0.0,0.5425000333333334
2025-10-10 03:00:00,0.0,0.0,0.5280000333333333
2025-10-10 04:00:00,0.0,0.0,0.43633336666666667
2025-10-10 05:00:00,0.0,2.2500002,0.53
2025-10-10 06:00:00,1.1666673,4.894000783333333,0.394
2025-10-10 07:00:00,3.5843344833333335,7.629001616666667,0.462
2025-10-10 08:00:00,4.060001916666667,12.993335283333332,1.62283375
2025-10-10 09:00:00,3.626002133333334,11.009667883333334,3.175000066666667
2025-10-10 10:00:00,3.3113360000000003,18.58000051666667,3.0620003166666665
2025-10-10 11:00:00,5.611668866666668,18.083333833333334,2.6125003
2025-10-10 12:00:00,4.3036688666666665,18.383333883333332,2.81050005
2025-10-10 13:00:00,3.1483361000000003,18.5400001,3.173166683333333
2025-10-10 14:00:00,4.41000155,18.663333650000002,2.8540001333333334
2025-10-10 15:00:00,3.3083358833333336,11.7533335,3.0413333333333337
2025-10-10 16:00:00,4.208002816666667,13.646666699999999,3.0866666666666664
2025-10-10 17:00:00,1.6223351333333336,13.620000233333332,3.0186667833333334
2025-10-10 18:00:00,0.41666691666666666,9.072667283333335,2.9931666666666663
2025-10-10 19:00:00,0.0,2.31266775,0.9600001333333333
2025-10-10 20:00:00,0.0,1.3333333333333334e-07,0.41283335
2025-10-10 21:00:00,0.0,0.0,0.3676666833333333
2025-10-10 22:00:00,0.0,0.0,0.4221666666666667
2025-10-10 23:00:00,0.0,0.0,0.354
2025-10-11 00:00:00,0.0,0.0,0.2995000166666667
2025-10-11 01:00:00,0.0,0.0,0.2941666833333333
2025-10-11 02:00:00,0.0,0.0,0.248
2025-10-11 03:00:00,0.0,0.0,0.197
2025-10-11 04:00:00,0.0,0.1800001,0.26516666666666666
2025-10-11 05:00:00,0.0,4.002667416666666,0.47833338333333336
2025-10-11 06:00:00,0.0,5.629334683333333,0.6416666666666666
2025-10-11 07:00:00,0.0,5.705001333333334,0.49500004999999997
2025-10-11 08:00:00,0.0,11.187000616666666,2.1160001333333334
2025-10-11 09:00:00,0.0,18.171000066666668,3.00316685
2025-10-11 10:00:00,0.0,18.96,3.0458334666666667
2025-10-11 11:00:00,0.0,15.096666866666666,3.0353334000000003
2025-10-11 12:00:00,0.0,19.14666666666667,2.9783333333333335
2025-10-11 13:00:00,0.0,18.493333333333332,3.3516666833333333
2025-10-11 14:00:00,0.0,14.230000200000001,3.3283334166666667
2025-10-11 15:00:00,0.0,8.23566725,3.142833383333333
2025-10-11 16:00:00,0.0,11.646667033333333,3.253833533333333
2025-10-11 17:00:00,0.0,8.182001600000001,3.3991666666666664
2025-10-11 18:00:00,0.0,6.388667583333333,1.4166667166666667
2025-10-11 19:00:00,0.0,1.330000216666667,0.31300003333333337
2025-10-11 20:00:00,0.0,0.0,0.22533333333333333
2025-10-11 21:00:00,0.0,0.0,0.31733335
2025-10-11 22:00:00,0.0,0.0,0.5396666833333333
2025-10-11 23:00:00,0.0,0.0,0.26500006666666664
2025-10-12 00:00:00,0.0,0.0,0.46083335
2025-10-12 01:00:00,0.0,0.0,0.43166673333333333
2025-10-12 02:00:00,0.0,0.0,0.27066666666666667
2025-10-12 03:00:00,0.0,0.0,0.48883333333333334
2025-10-12 04:00:00,0.0,0.0,0.45066666666666666
2025-10-12 05:00:00,0.0,3.7900005333333335,0.47333333333333333
2025-10-12 06:00:00,0.0,6.0680009833333335,0.3826666666666667
2025-10-12 07:00:00,0.0,8.704666683333333,0.5413333333333333
2025-10-12 08:00:00,0.0,7.726667,2.0335002833333333
2025-10-12 09:00:00,0.0,8.004666866666666,2.9860002
2025-10-12 10:00:00,0.0,7.7776668,3.2846668500000002
2025-10-12 11:00:00,0.0,7.95600055,2.8980004
2025-10-12 12:00:00,0.0,7.716667266666668,3.746
2025-10-12 13:00:00,0.0,7.234000683333334,3.6326666666666667
2025-10-12 14:00:00,0.0,8.377000066666668,3.7913333333333337
2025-10-12 15:00:00,0.0,8.379333366666666,3.1626667000000004
2025-10-12 16:00:00,0.0,8.811666816666666,3.2283335833333338
2025-10-12 17:00:00,0.0,3.168334333333333,2.37583395
2025-10-12 18:00:00,0.0,5.6980009,3.0166670166666667
2025-10-12 19:00:00,0.0,4.594000966666667,2.2331667833333335
2025-10-12 20:00:00,0.0,1.2500003666666666,0.8203334166666666
2025-10-12 21:00:00,0.0,0.0,0.20833333333333334
2025-10-12 22:00:00,0.0,0.0,0.21966666666666665
2025-10-12 23:00:00,0.0,0.0,0.41433338333333336
2025-10-13 00:00:00,0.0,0.0,0.5088333666666667
2025-10-13 01:00:00,0.0,0.0,0.4053333333333333
2025-10-13 02:00:00,0.0,0.0,0.4846666666666667
2025-10-13 03:00:00,0.0,0.0,0.4053333333333333
2025-10-13 04:00:00,0.0,0.0,0.4846666666666667
2025-10-13 05:00:00,0.0,1.05e-06,0.4053333333333333
2025-10-13 06:00:00,0.0,6.3713338833333335,0.4846666666666667
2025-10-13 07:00:00,0.0,9.78200045,0.4053333333333333
2025-10-13 08:00:00,0.22666708333333332,10.742000733333333,1.0596668500000002
2025-10-13 09:00:00,1.8523356333333334,3.7213348666666666,1.98616705
2025-10-13 10:00:00,5.93866875,10.589333716666667,3.1125001666666665
2025-10-13 11:00:00,6.6750017,14.125333416666667,3.8526667666666667
2025-10-13 12:00:00,6.1783351,13.437333666666667,4.064166683333333
2025-10-13 13:00:00,4.345001866666667,13.99000045,3.8456667166666665
2025-10-13 14:00:00,4.280001883333333,14.046667416666667,4.08
2025-10-13 15:00:00,6.736668666666667,13.490000250000001,3.9341666666666666
2025-10-13 16:00:00,6.630668066666667,13.746667133333334,3.8091667
2025-10-13 17:00:00,4.67066815,13.700000566666665,3.693666716666667
2025-10-13 18:00:00,0.26866686666666667,12.486333833333335,2.3805005333333336
2025-10-13 19:00:00,0.0,8.833333516666668,2.60533375
2025-10-13 20:00:00,0.0,0.0,0.64216685
2025-10-13 21:00:00,0.0,0.0,0.22533333333333333
2025-10-13 22:00:00,0.0,0.0,0.21966666666666665
2025-10-13 23:00:00,0.0,0.0,0.37933340000000004
2025-10-14 00:00:00,0.0,0.0,0.3175
2025-10-14 01:00:00,0.0,0.0,0.5016667166666666
2025-10-14 02:00:00,0.0,0.0,0.5201667
2025-10-14 03:00:00,0.0,0.0,0.36
2025-10-14 04:00:00,0.0,0.0,0.53
2025-10-14 05:00:00,0.0,2.6716668500000003,0.36
2025-10-14 06:00:00,0.0,5.450666816666667,0.53
2025-10-14 07:00:00,0.0,7.550000233333334,0.36
2025-10-14 08:00:00,0.6400000666666668,8.5733338,2.448333433333333
2025-10-14 09:00:00,5.756666833333334,7.760000716666666,2.7958335500000002
2025-10-14 10:00:00,3.6473344500000002,8.873000300000001,3.7050001333333333
2025-10-14 11:00:00,3.7490009833333335,6.56333385,3.285000116666667
2025-10-14 12:00:00,4.578333866666667,9.5133339,2.7325000999999998
2025-10-14 13:00:00,5.233334133333334,17.963333533333333,2.3175000833333335
2025-10-14 14:00:00,5.841667700000001,18.06200008333333,2.966500016666666
2025-10-14 15:00:00,5.953667749999999,18.4776671,3.021833366666667
2025-10-14 16:00:00,4.813333966666667,18.26233373333333,3.2791667166666665
2025-10-14 17:00:00,0.32666673333333335,14.746666999999999,3.2975000833333334
2025-10-14 18:00:00,0.17933358333333332,8.78333395,1.78833335
2025-10-14 19:00:00,0.0,4.8766672333333325,0.6416668499999999
2025-10-14 20:00:00,0.0,0.0,0.46416666666666667
2025-10-14 21:00:00,0.0,0.0,0.2593333333333333
2025-10-14 22:00:00,0.0,0.0,0.18566666666666665
2025-10-14 23:00:00,0.0,0.0,0.27666668333333333
2025-10-15 00:00:00,0.0,0.0,0.2763333666666667
2025-10-15 01:00:00,0.0,0.0,0.43400008333333334
2025-10-15 02:00:00,0.0,0.0,0.462
2025-10-15 03:00:00,0.0,0.0,0.428
2025-10-15 04:00:00,0.0,1.1666666666666667e-07,0.496
2025-10-15 05:00:00,0.0,1.0666666666666667e-06,0.394
2025-10-15 06:00:00,8.833333333333333e-07,4.250001566666667,0.53
2025-10-15 07:00:00,0.9270016833333334,7.283333616666667,0.3826666666666667
2025-10-15 08:00:00,1.67566865,6.4400011,1.9646666833333333
2025-10-15 09:00:00,2.7716694666666672,8.2513341,2.459333433333333
2025-10-15 10:00:00,3.5773356166666668,6.193334200000001,3.2750000666666668
2025-10-15 11:00:00,3.321335366666667,9.913333766666666,2.9081668
2025-10-15 12:00:00,3.185668816666667,10.696667016666666,2.9201666666666664
2025-10-15 13:00:00,3.3163350833333336,11.760000466666668,2.9446666833333333
2025-10-15 14:00:00,6.940001650000001,18.443333433333333,3.042833416666667
2025-10-15 15:00:00,3.7113359,13.010000383333335,3.52783335
2025-10-15 16:00:00,5.0886687,11.0500003,3.0888334166666667
2025-10-15 17:00:00,0.8866679833333333,7.810000333333333,3.12050005
2025-10-15 18:00:00,1e-06,8.069333916666668,2.2908334
2025-10-15 19:00:00,2.5e-07,6.333334633333333,0.31500008333333335
2025-10-15 20:00:00,0.0,8.083333666666668,0.3221667166666667
2025-10-15 21:00:00,0.0,0.91666675,0.19133333333333336
2025-10-15 22:00:00,0.0,0.0,0.27066666666666667
2025-10-15 23:00:00,0.0,0.0,0.29400008333333333
2025-10-16 00:00:00,0.0,0.0,0.5075000166666667
2025-10-16 01:00:00,0.0,0.0,0.3000000166666667
2025-10-16 02:00:00,0.0,0.0,0.265
2025-10-16 03:00:00,0.0,0.0,0.18
2025-10-16 04:00:00,0.0,0.0,0.5081666833333333
2025-10-16 05:00:00,0.0,4.3333333333333335e-07,0.3826666666666667
2025-10-16 06:00:00,1.6666666666666667e-08,2.63800045,0.4775000166666667
2025-10-16 07:00:00,1.2083339999999998,5.713334233333333,0.8923335833333333
2025-10-16 08:00:00,2.9266667,10.923334516666666,2.3826666666666667
2025-10-16 09:00:00,3.59200135,11.586667566666668,2.9698333666666668
2025-10-16 10:00:00,2.8873345833333337,8.686667233333333,1.5556676
2025-10-16 11:00:00,3.579667366666667,8.632000016666668,2.9595001666666665
2025-10-16 12:00:00,2.7666685500000003,8.673333349999998,2.7080003833333333
2025-10-16 13:00:00,4.875667866666666,9.322000133333333,2.0028338333333333
2025-10-16 14:00:00,6.213333933333334,18.591000049999998,3.0155000166666666
2025-10-16 15:00:00,6.597334300000001,19.260000100000003,2.7995000166666664
2025-10-16 16:00:00,1.7493342166666666,18.310333833333335,2.6246666833333334
2025-10-16 17:00:00,0.4400002333333333,17.7730001,2.80583335
2025-10-16 18:00:00,0.2186667833333333,6.980000933333333,1.04900035
2025-10-16 19:00:00,0.0,5.133333833333334,0.9276667166666667
2025-10-16 20:00:00,0.0,3.0000000666666664,0.6141666833333332
2025-10-16 21:00:00,0.0,0.0,0.4221666833333333
2025-10-16 22:00:00,0.0,0.0,0.5018333666666667
2025-10-16 23:00:00,0.0,0.0,0.27666668333333333
2025-10-17 00:00:00,0.0,0.0,0.4025
2025-10-17 01:00:00,0.0,0.0,0.49583336666666666
2025-10-17 02:00:00,0.0,0.0,0.265
2025-10-17 03:00:00,0.0,0.0,0.2941666666666667
2025-10-17 04:00:00,0.0,0.0,0.35683335
2025-10-17 05:00:00,0.0,8.574333516666668,0.5396666666666666
2025-10-17 06:00:00,0.0,11.17333345,0.462
2025-10-17 07:00:00,4.166666666666667e-07,7.702668583333334,0.462
2025-10-17 08:00:00,2.3613347333333334,9.716666883333334,0.4963333833333334
2025-10-17 09:00:00,4.32666855,9.784667066666668,0.9685001333333333
2025-10-17 10:00:00,4.095668816666667,13.948667733333334,1.7131674666666665
2025-10-17 11:00:00,4.176668566666667,19.066666666666666,2.263334033333333
2025-10-17 12:00:00,5.487001950000001,18.55333333333333,2.1800007999999997
2025-10-17 13:00:00,5.129668050000001,19.16,2.4658337833333337
2025-10-17 14:00:00,3.3533349,18.79000015,2.5203334
2025-10-17 15:00:00,3.4960012833333334,18.163334216666666,2.623
2025-10-17 16:00:00,3.2703345833333337,17.3600007,2.6750000333333332
2025-10-17 17:00:00,2.6000007,17.56333435,2.4133334166666667
2025-10-17 18:00:00,0.3133338166666666,9.816667566666666,3.208333366666667
2025-10-17 19:00:00,0.0,5.286667350000001,2.8643335833333334
2025-10-17 20:00:00,0.0,1.2750004833333333,2.093166816666667
2025-10-17 21:00:00,0.0,0.0,0.42583335
2025-10-17 22:00:00,0.0,0.0,0.41633335
2025-10-17 23:00:00,0.0,0.0,0.38500005
2025-10-18 00:00:00,0.0,0.0,0.44150001666666666
2025-10-18 01:00:00,0.0,0.0,0.294
2025-10-18 02:00:00,0.0,0.0,0.25366666666666665
2025-10-18 03:00:00,0.0,0.0,0.39733338333333335
2025-10-18 04:00:00,0.0,0.0,0.458
2025-10-18 05:00:00,0.0,0.0,0.41433335
2025-10-18 06:00:00,0.0,0.5000000333333333,0.5186666666666666
2025-10-18 07:00:00,0.0,14.771667016666667,0.3826666666666667
2025-10-18 08:00:00,0.0,11.223333766666666,2.100333366666667
2025-10-18 09:00:00,0.0,14.4966667,3.1220004833333337
2025-10-18 10:00:00,0.0,10.42333345,3.619000066666667
2025-10-18 11:00:00,0.0,14.670000349999999,3.6983334500000002
2025-10-18 12:00:00,0.0,17.0720007,3.257666833333334
2025-10-18 13:00:00,0.0,9.701000599999999,3.14216685
2025-10-18 14:00:00,0.0,13.094667016666666,2.5921670333333333
2025-10-18 15:00:00,0.0,18.670666783333335,3.7733335833333337
2025-10-18 16:00:00,0.0,18.12966666666667,3.6413333333333333
2025-10-18 17:00:00,0.0,17.544666916666664,3.3150002
2025-10-18 18:00:00,0.0,17.40400046666667,2.13616695
2025-10-18 19:00:00,0.0,6.583334566666667,1.40766715
2025-10-18 20:00:00,0.0,7.316666716666668,0.3803333666666667
2025-10-18 21:00:00,0.0,0.0,0.2765
2025-10-18 22:00:00,0.0,0.0,0.2940000166666667
2025-10-18 23:00:00,0.0,0.0,0.3048333333333333
2025-10-19 00:00:00,0.0,0.0,0.4316667
2025-10-19 01:00:00,0.0,0.0,0.5308333333333334
2025-10-19 02:00:00,0.0,0.0,0.288
2025-10-19 03:00:00,0.0,0.0,0.5075
2025-10-19 04:00:00,0.0,0.0,0.36
2025-10-19 05:00:00,0.0,7e-07,0.53
2025-10-19 06:00:00,0.0,2.0166673,0.36
2025-10-19 07:00:00,0.0,9.315000216666668,0.5066666666666667
2025-10-19 08:00:00,0.0,9.461000183333333,1.0416668166666667
2025-10-19 09:00:00,0.0,6.9043337000000005,2.6008334833333335
2025-10-19 10:00:00,0.0,9.483333566666666,3.0075001833333332
2025-10-19 11:00:00,0.0,12.533333333333333,2.985833433333333
2025-10-19 12:00:00,0.0,11.0900002,3.4650001333333336
2025-10-19 13:00:00,0.0,10.150000250000002,3.1208334833333335
2025-10-19 14:00:00,0.0,12.533333333333333,3.1406667833333337
2025-10-19 15:00:00,0.0,13.076333583333334,3.59183345
2025-10-19 16:00:00,0.0,11.734000766666666,3.4718333666666665
2025-10-19 17:00:00,0.0,10.791001033333334,3.330666833333334
2025-10-19 18:00:00,0.0,11.800001,3.5193334000000003
2025-10-19 19:00:00,0.0,10.300001183333334,0.9681667666666667
2025-10-19 20:00:00,0.0,7.57566775,0.40350020000000003
2025-10-19 21:00:00,0.0,0.3630001166666667,0.265
2025-10-19 22:00:00,0.0,0.0,0.42550003333333336
2025-10-19 23:00:00,0.0,0.0,0.4728333666666667
2025-10-20 00:00:00,0.0,0.0,0.4433333666666667
2025-10-20 01:00:00,0.0,0.0,0.40066666666666667
2025-10-20 02:00:00,0.0,0.0,0.25933335
2025-10-20 03:00:00,0.0,0.0,0.2595
2025-10-20 04:00:00,0.0,0.3120002666666667,0.197
2025-10-20 05:00:00,0.0,0.9170002333333335,0.248
2025-10-20 06:00:00,0.0,1.5040004166666665,0.45966666666666667
2025-10-20 07:00:00,0.04800005,8.21933345,0.7111667
2025-10-20 08:00:00,4.874666833333333,13.543000583333335,2.3733334833333335
2025-10-20 09:00:00,5.901334116666667,12.243333766666666,3.426666883333333
2025-10-20 10:00:00,1.8820034,12.8766668,2.9581667833333336
2025-10-20 11:00:00,0.5513366499999999,12.333333566666667,2.9043333333333337
2025-10-20 12:00:00,0.7723359833333333,12.710000016666667,2.9706668
2025-10-20 13:00:00,2.97333535,12.81,2.7818334333333334
2025-10-20 14:00:00,5.8913356666666665,16.163333716666667,3.39916685
2025-10-20 15:00:00,6.6783349166666675,13.723334583333335,3.280833433333333
2025-10-20 16:00:00,5.941001566666667,12.606666983333332,3.1666666833333332
2025-10-20 17:00:00,5.6000014,15.366001083333334,3.2415002166666667
2025-10-20 18:00:00,5.205333933333334,17.261667133333333,1.2435001166666666
2025-10-20 19:00:00,1.7553337166666667,4.272334416666666,0.5908333666666666
2025-10-20 20:00:00,0.0,1.0320007833333333,0.5650000833333333
2025-10-20 21:00:00,0.0,0.0,0.5336666833333333
2025-10-20 22:00:00,0.0,0.0,0.45066666666666666
2025-10-20 23:00:00,0.0,0.0,0.4483333666666667
2025-10-21 00:00:00,0.0,0.0,0.40833338333333336
2025-10-21 01:00:00,0.0,0.0,0.335
2025-10-21 02:00:00,0.0,0.0,0.4846666666666667
2025-10-21 03:00:00,0.0,0.0,0.5101666833333333
2025-10-21 04:00:00,0.0,0.0,0.277
2025-10-21 05:00:00,0.0,0.7750008999999999,0.30533335
2025-10-21 06:00:00,5.833333333333334e-07,5.150334616666666,0.4316666833333333
2025-10-21 07:00:00,0.8750006499999999,7.616334816666668,0.3466669
2025-10-21 08:00:00,2.9800001,11.320001133333333,0.4696678333333333
2025-10-21 09:00:00,2.8146673666666664,8.182334633333333,1.26116745
2025-10-21 10:00:00,4.2440008,15.888000666666667,1.8315008833333333
2025-10-21 11:00:00,3.6420013333333334,13.600000133333333,3.688000183333333
2025-10-21 12:00:00,3.5106668666666665,13.636666983333333,3.5941666666666667
2025-10-21 13:00:00,4.062667333333334,13.313334200000002,3.4
2025-10-21 14:00:00,5.9280010333333335,12.826667733333334,2.59200075
2025-10-21 15:00:00,6.240000583333334,10.670000583333334,3.41633345
2025-10-21 16:00:00,6.364000783333334,12.946667233333333,3.496333566666667
2025-10-21 17:00:00,0.22333456666666668,8.317335116666667,3.2853333499999997
2025-10-21 18:00:00,7.666666666666667e-07,17.883667383333332,3.170833366666667
2025-10-21 19:00:00,0.0,17.843333416666663,1.6241677
2025-10-21 20:00:00,0.0,13.0066675,0.2650005166666667
2025-10-21 21:00:00,0.0,2.0833333499999998,0.18
2025-10-21 22:00:00,0.0,0.0,0.248
2025-10-21 23:00:00,0.0,0.0,0.4161667
2025-10-22 00:00:00,0.0,0.0,0.5908333666666666
2025-10-22 01:00:00,0.0,0.0,0.416
2025-10-22 02:00:00,0.0,0.0,0.4845
2025-10-22 03:00:00,0.0,0.0,0.42433335
2025-10-22 04:00:00,0.0,0.37400005,0.37483336666666667
2025-10-22 05:00:00,0.0,0.8740000666666667,0.27650003333333334
2025-10-22 06:00:00,0.0,1.9830000666666667,0.4771666666666667
2025-10-22 07:00:00,0.0,10.738667183333334,0.3375000166666667
2025-10-22 08:00:00,0.6853334,8.196667383333333,1.3475000499999998
2025-10-22 09:00:00,3.1966681833333337,7.673334100000001,3.0771667833333334
2025-10-22 10:00:00,3.348335333333334,14.069000683333334,2.9396667833333336
2025-10-22 11:00:00,5.478335116666667,13.574667016666666,2.8610002333333333
2025-10-22 12:00:00,3.9733351333333333,13.727000300000002,3.5608334333333334
2025-10-22 13:00:00,4.991668333333334,12.165000383333334,3.5115001333333336
2025-10-22 14:00:00,6.5346681,12.505000433333333,2.9545000833333335
2025-10-22 15:00:00,6.078002300000001,13.747334200000001,2.875333416666667
2025-10-22 16:00:00,3.8900008,14.176666966666668,3.1071666833333333
2025-10-22 17:00:00,0.54066705,8.018000716666666,3.51
2025-10-22 18:00:00,0.29000013333333335,7.578000299999999,3.2741667833333334
2025-10-22 19:00:00,0.0,6.173667,1.7073333833333333
2025-10-22 20:00:00,0.0,0.8590001833333333,0.45166666666666666
2025-10-22 21:00:00,0.0,0.0,0.3791667166666667
2025-10-22 22:00:00,0.0,0.0,0.36233333333333334
2025-10-22 23:00:00,0.0,0.0,0.4678333666666667
2025-10-23 00:00:00,0.0,0.0,0.5191667333333334
2025-10-23 01:00:00,0.0,0.0,0.2940000166666667
2025-10-23 02:00:00,0.0,0.0,0.26483335
2025-10-23 03:00:00,0.0,0.0,0.49000008333333334
2025-10-23 04:00:00,0.0,6.666666666666667e-08,0.41450003333333335
2025-10-23 05:00:00,0.0,1.6100004166666666,0.38
2025-10-23 06:00:00,0.01666695,9.341000349999998,0.47333333333333333
2025-10-23 07:00:00,0.1286669,13.601000266666668,0.45066666666666666
2025-10-23 08:00:00,0.28400165,8.481333549999999,0.7985000166666667
2025-10-23 09:00:00,3.741334516666667,8.863333716666668,3.04500005
2025-10-23 10:00:00,5.8626669499999995,10.900000783333333,3.3456667166666665
2025-10-23 11:00:00,6.350000633333333,16.196667516666665,3.353833383333333
2025-10-23 12:00:00,6.1880012,16.930000349999997,3.5635000166666666
2025-10-23 13:00:00,6.198334000000001,7.983334100000001,3.5885
2025-10-23 14:00:00,4.038334983333334,10.490000366666667,3.7788333333333335
2025-10-23 15:00:00,4.570002016666667,8.583334500000001,3.3643333833333333
2025-10-23 16:00:00,4.398667016666667,9.123000033333334,3.0918333833333334
2025-10-23 17:00:00,2.39500045,6.698001050000001,3.4055000333333334
2025-10-23 18:00:00,0.01666705,9.951667500000001,2.4918334333333334
2025-10-23 19:00:00,0.0,6.922667033333333,0.7526667166666666
2025-10-23 20:00:00,0.0,6.083333616666667,0.4846666666666667
2025-10-23 21:00:00,0.0,0.0,0.3826666666666667
2025-10-23 22:00:00,0.0,0.0,0.5183333333333334
2025-10-23 23:00:00,0.0,0.0,0.2706667
2025-10-24 00:00:00,0.0,0.0,0.3335000333333334
2025-10-24 01:00:00,0.0,0.0,0.22533333333333333
2025-10-24 02:00:00,0.0,0.0,0.21966666666666665
2025-10-24 03:00:00,0.0,0.0,0.24233333333333335
2025-10-24 04:00:00,0.0,0.33333355,0.26516666666666666
2025-10-24 05:00:00,0.0,4.7000008,0.57783335
2025-10-24 06:00:00,0.0,5.006000916666667,0.394
2025-10-24 07:00:00,0.4166667333333334,6.690001433333334,0.496
2025-10-24 08:00:00,2.240334133333333,8.763333666666668,1.6210010833333333
2025-10-24 09:00:00,3.356334983333334,8.637667066666667,2.151501166666667
2025-10-24 10:00:00,5.828002366666667,7.638667116666666,2.7138336333333335
2025-10-24 11:00:00,6.6410018,7.677667333333333,2.9490000833333334
2025-10-24 12:00:00,3.8950018500000003,7.870000816666667,2.7123333499999998
2025-10-24 13:00:00,2.8773356500000005,8.716001216666667,2.828833416666667
2025-10-24 14:00:00,4.0596684000000005,6.956667466666667,2.6700000833333335
2025-10-24 15:00:00,3.512335766666667,6.496667583333333,2.6416667499999997
2025-10-24 16:00:00,6.120002316666667,5.6733345,2.7753334166666668
2025-10-24 17:00:00,2.3450016000000002,9.753334233333334,2.8276668999999997
2025-10-24 18:00:00,0.3180012666666667,13.523333883333335,2.51466715
2025-10-24 19:00:00,0.13466706666666667,6.204667833333334,1.87100015
2025-10-24 20:00:00,0.0,5.050000916666667,0.34400005
2025-10-24 21:00:00,0.0,0.15000015,0.35000005
2025-10-24 22:00:00,0.0,0.0,0.2765
2025-10-24 23:00:00,0.0,0.0,0.3733333333333333
2025-10-25 00:00:00,0.0,0.0,0.4375
2025-10-25 01:00:00,0.0,0.0,0.29983333333333334
2025-10-25 02:00:00,0.0,0.0,0.20266666666666666
2025-10-25 03:00:00,0.0,0.0,0.46700008333333337
2025-10-25 04:00:00,0.0,0.0,0.53
2025-10-25 05:00:00,0.0,0.30000008333333333,0.394
2025-10-25 06:00:00,0.0,2.3000004666666665,0.496
2025-10-25 07:00:00,0.0,3.7166676,0.428
2025-10-25 08:00:00,0.0,10.7436667,0.50533335
2025-10-25 09:00:00,0.0,13.68933335,1.1003333833333333
2025-10-25 10:00:00,0.0,11.4933339,3.7796667333333334
2025-10-25 11:00:00,0.0,6.300001,3.536000083333333
2025-10-25 12:00:00,0.0,11.310000416666668,3.7023334833333332
2025-10-25 13:00:00,0.0,17.443333816666666,2.9080001666666666
2025-10-25 14:00:00,0.0,18.461000366666667,3.1905000833333332
2025-10-25 15:00:00,0.0,9.394000683333333,3.16350005
2025-10-25 16:00:00,0.0,11.665000816666666,3.1753333333333336
2025-10-25 17:00:00,0.0,11.466000716666667,3.1830000833333334
2025-10-25 18:00:00,0.0,11.94500065,3.2356667166666666
2025-10-25 19:00:00,0.0,11.723333566666666,1.761833416666667
2025-10-25 20:00:00,0.0,7.6666668,0.46
2025-10-25 21:00:00,0.0,1.5000000833333333,0.3281666833333333
2025-10-25 22:00:00,0.0,0.0,0.4266666833333333
2025-10-25 23:00:00,0.0,0.0,0.4841666833333333
2025-10-26 00:00:00,0.0,0.0,0.36750003333333336
2025-10-26 01:00:00,0.0,0.0,0.26500001666666667
2025-10-26 02:00:00,0.0,0.0,0.18
2025-10-26 03:00:00,0.0,0.0,0.5308333333333334
2025-10-26 04:00:00,0.0,0.0,0.36
2025-10-26 05:00:00,0.0,0.0,0.4845000166666667
2025-10-26 06:00:00,0.0,7.900000333333334,0.4353333333333333
2025-10-26 07:00:00,0.0,12.966000133333333,0.4846666666666667
2025-10-26 08:00:00,0.0,12.636000033333334,0.9330001
2025-10-26 09:00:00,0.0,12.861333433333336,4.152833333333333
2025-10-26 10:00:00,0.0,10.24966685,4.0813334
2025-10-26 11:00:00,0.0,9.22333375,2.8700002
2025-10-26 12:00:00,0.0,14.783333550000002,2.6100001833333333
2025-10-26 13:00:00,0.0,12.413333600000001,2.4516667833333337
2025-10-26 14:00:00,0.0,15.392333516666667,2.6566667
2025-10-26 15:00:00,0.0,11.653666983333332,2.94500005
2025-10-26 16:00:00,0.0,14.752000383333334,3.0671667
2025-10-26 17:00:00,0.0,10.490001,2.8803334000000005
2025-10-26 18:00:00,0.0,16.316000583333334,2.549333383333333
2025-10-26 19:00:00,0.0,15.0,1.7440001
2025-10-26 20:00:00,0.0,12.75000005,0.3046666666666667
2025-10-26 21:00:00,0.0,0.0,0.44333335
2025-10-26 22:00:00,0.0,0.0,0.3850000333333334
2025-10-26 23:00:00,0.0,0.0,0.49683336666666666
2025-10-27 00:00:00,0.0,0.0,0.35683333333333334
2025-10-27 01:00:00,0.0,0.0,0.4446666666666667
2025-10-27 02:00:00,0.0,0.0,0.44800001666666667
2025-10-27 03:00:00,0.0,0.0,0.41483335
2025-10-27 04:00:00,0.0,0.0,0.2881666666666667
2025-10-27 05:00:00,0.0,4.430000166666667,0.231
2025-10-27 06:00:00,0.0,11.904333966666668,0.44450001666666666
2025-10-27 07:00:00,0.33000043333333334,10.8540011,0.25366666666666665
2025-10-27 08:00:00,0.7316674833333333,12.5870007,0.3635
2025-10-27 09:00:00,1.69566895,13.150000250000002,1.4248334
2025-10-27 10:00:00,3.3126690166666672,10.663333633333334,2.450833483333333
2025-10-27 11:00:00,3.7100021166666677,11.301333566666667,3.1750001166666673
2025-10-27 12:00:00,2.4866689666666666,12.837334133333332,3.2486667333333337
2025-10-27 13:00:00,4.6850013666666666,14.104333866666666,3.0040000333333334
2025-10-27 14:00:00,3.80000215,13.526666783333333,2.9246667833333335
2025-10-27 15:00:00,6.2700018,10.323334533333334,2.569000116666667
2025-10-27 16:00:00,6.044668400000001,14.376667916666667,2.65816675
2025-10-27 17:00:00,5.427334366666667,8.699334183333335,3.2116667166666666
2025-10-27 18:00:00,4.25666695,7.196667466666667,2.8523334000000005
2025-10-27 19:00:00,3.666666916666667,3.54000095,2.1963334
2025-10-27 20:00:00,0.0,0.60000015,0.5756667333333334
2025-10-27 21:00:00,0.0,5.0000000000000004e-08,0.265
2025-10-27 22:00:00,0.0,0.0,0.45133335
2025-10-27 23:00:00,0.0,0.0,0.31150003333333337
2025-10-28 00:00:00,0.0,0.0,0.3233333333333333
2025-10-28 01:00:00,0.0,0.0,0.265
2025-10-28 02:00:00,0.0,0.0,0.18
2025-10-28 03:00:00,0.0,0.0,0.28833333333333333
2025-10-28 04:00:00,0.0,0.8666669333333334,0.39666666666666667
2025-10-28 05:00:00,0.0,3.9443350833333333,0.42000010000000004
2025-10-28 06:00:00,0.0,7.493334483333334,0.5066666666666667
2025-10-28 07:00:00,1.6666666666666665e-07,13.310001116666669,0.4166666666666667
2025-10-28 08:00:00,1.0566680333333336,18.3566674,0.9536667333333334
2025-10-28 09:00:00,4.8140019333333335,15.4600009,2.2158337833333337
2025-10-28 10:00:00,6.607001250000001,13.616666716666666,2.1233337333333333
2025-10-28 11:00:00,6.78166855,8.693334416666666,3.4225
2025-10-28 12:00:00,6.953334716666667,9.330667816666667,3.4108333666666666
2025-10-28 13:00:00,5.975335100000001,18.039333583333335,3.5466666666666664
2025-10-28 14:00:00,6.277335433333334,18.760000266666665,3.5483333666666668
2025-10-28 15:00:00,6.5203354,17.39900075,3.14750025
2025-10-28 16:00:00,5.121001033333334,18.036666933333333,2.393000616666667
2025-10-28 17:00:00,0.6300001333333334,18.881000433333334,3.43533335
2025-10-28 18:00:00,0.0,15.056667416666667,2.9413336166666664
2025-10-28 19:00:00,0.0,3.87000065,0.5181676833333333
2025-10-28 20:00:00,0.0,0.9920002166666667,0.27083393333333333
2025-10-28 21:00:00,0.0,0.0,0.4796667
2025-10-28 22:00:00,0.0,0.0,0.5191667
2025-10-28 23:00:00,0.0,0.0,0.4366666666666667
2025-10-29 00:00:00,0.0,0.0,0.36883336666666666
2025-10-29 01:00:00,0.0,0.0,0.2876666666666667
2025-10-29 02:00:00,0.0,0.0,0.4331666833333333
2025-10-29 03:00:00,0.0,0.0,0.4538333333333333
2025-10-29 04:00:00,0.0,0.117,0.3231666833333333
2025-10-29 05:00:00,0.0,1.0490000166666666,0.5186666666666666
2025-10-29 06:00:00,0.13133351666666668,2.28,0.4053333333333333
2025-10-29 07:00:00,0.8280005833333334,8.606666883333334,0.48466691666666667
2025-10-29 08:00:00,3.0226669,12.353333433333335,1.852667
2025-10-29 09:00:00,3.219334116666667,12.0073334,2.51050005
2025-10-29 10:00:00,3.3816676833333337,9.964000183333333,2.0850003666666668
2025-10-29 11:00:00,3.401667066666667,15.139666716666667,2.369500183333333
2025-10-29 12:00:00,2.4783346333333336,16.01066683333333,2.7305
2025-10-29 13:00:00,4.3076678500000005,19.100000200000004,3.059
2025-10-29 14:00:00,3.83200135,18.673333466666666,3.228333366666667
2025-10-29 15:00:00,4.840001033333334,18.896666983333336,3.4408333499999997
2025-10-29 16:00:00,2.1116675,15.81666705,3.10500005
2025-10-29 17:00:00,0.40000005,8.36166735,2.7900000166666663
2025-10-29 18:00:00,0.0,10.072000316666667,1.9125008166666666
2025-10-29 19:00:00,0.0,7.750000316666667,1.6248338000000002
2025-10-29 20:00:00,0.0,0.0,0.3523340166666667
2025-10-29 21:00:00,0.0,0.0,0.4491666833333333
2025-10-29 22:00:00,0.0,0.0,0.203
2025-10-29 23:00:00,0.0,0.0,0.42000003333333336
2025-10-30 00:00:00,0.0,0.0,0.6125000166666666
2025-10-30 01:00:00,0.0,0.0,0.394
2025-10-30 02:00:00,0.0,0.0,0.496
2025-10-30 03:00:00,0.0,0.0,0.394
2025-10-30 04:00:00,0.0,0.0,0.496
2025-10-30 05:00:00,0.0,0.0,0.394
2025-10-30 06:00:00,0.0,2.80933345,0.496
2025-10-30 07:00:00,2.0416669,8.478333783333333,0.394
2025-10-30 08:00:00,2.8166675333333338,7.2466678,0.50933335
2025-10-30 09:00:00,2.9800020000000003,8.677000416666667,1.8823333833333333
2025-10-30 10:00:00,2.9800020000000003,9.694000449999999,3.0501666833333334
2025-10-30 11:00:00,2.6023356333333334,9.580000349999999,2.99233335
2025-10-30 12:00:00,3.4333354000000003,9.853333516666668,3.146
2025-10-30 13:00:00,5.2200021,9.316667083333334,3.01233335
2025-10-30 14:00:00,5.990001633333334,8.560000566666666,3.3393333666666667
2025-10-30 15:00:00,3.0476693500000005,15.326667149999999,3.2861667000000003
2025-10-30 16:00:00,3.514668,18.478000466666664,3.0316667333333336
2025-10-30 17:00:00,0.9000013833333333,13.966667416666667,3.0625000666666664
2025-10-30 18:00:00,2.3333333333333333e-07,6.056667700000001,3.3446667000000003
2025-10-30 19:00:00,0.0,2.873333983333333,0.4416666833333333
2025-10-30 20:00:00,0.0,0.6483334833333333,0.25383336666666667
2025-10-30 21:00:00,0.0,0.0,0.4201666666666667
2025-10-30 22:00:00,0.0,0.0,0.3850001
2025-10-30 23:00:00,0.0,0.0,0.5250000499999999
2025-10-31 00:00:00,0.0,0.0,0.4550000166666667
2025-10-31 01:00:00,0.0,0.0,0.44333335
2025-10-31 02:00:00,0.0,0.0,0.4845
2025-10-31 03:00:00,0.0,0.0,0.19716666666666666
2025-10-31 04:00:00,0.0,0.0,0.5075000333333334
2025-10-31 05:00:00,0.0,0.0,0.3826666666666667
2025-10-31 06:00:00,0.0,5.216666916666667,0.43633335
2025-10-31 07:00:00,0.09666673333333332,10.221000550000001,0.2881666666666667
2025-10-31 08:00:00,0.72100095,7.35933415,1.324167
2025-10-31 09:00:00,1.4950021000000002,7.926666983333334,2.6925000666666663
2025-10-31 10:00:00,4.93966795,8.498333983333334,3.3308333333333335
2025-10-31 11:00:00,4.255000816666667,12.626667116666667,2.9273333333333333
2025-10-31 12:00:00,3.6520000166666664,13.713333666666667,2.92300005
2025-10-31 13:00:00,3.731000116666667,11.923334633333333,2.959000033333333
2025-10-31 14:00:00,3.716667583333334,19.19266671666667,2.8595002
2025-10-31 15:00:00,3.6350019000000002,18.335333433333332,2.5253336333333336
2025-10-31 16:00:00,4.632334483333334,17.793000566666667,2.9265
2025-10-31 17:00:00,4.250001066666667,11.769334016666665,2.3125006
2025-10-31 18:00:00,2.416667183333333,10.095000583333334,3.436500166666667
2025-10-31 19:00:00,2.3333336666666664,10.993333783333334,0.8600001833333333
2025-10-31 20:00:00,0.0,6.050000150000001,0.3826666666666667
2025-10-31 21:00:00,0.0,0.0,0.4393333333333333
2025-10-31 22:00:00,0.0,0.0,0.5266666666666666
2025-10-31 23:00:00,0.0,0.0,0.36983335
2025-11-01 00:00:00,0.0,0.0,0.40650005
2025-11-01 01:00:00,0.0,0.0,0.37350001666666666
2025-11-01 02:00:00,0.0,0.0,0.29383336666666665
2025-11-01 03:00:00,0.0,0.0,0.19133333333333336
2025-11-01 04:00:00,0.0,0.0,0.4161666666666667
2025-11-01 05:00:00,0.0,1.052,0.3826666666666667
2025-11-01 06:00:00,0.0,3.79666675,0.53
2025-11-01 07:00:00,0.0,7.630000483333333,0.394
2025-11-01 08:00:00,0.0,11.393333533333333,0.5203333666666666
2025-11-01 09:00:00,0.0,13.073333333333334,2.535333416666667
2025-11-01 10:00:00,0.0,14.080000100000001,3.935000066666667
2025-11-01 11:00:00,0.0,13.706666766666666,3.635666916666667
2025-11-01 12:00:00,0.0,10.670000433333332,3.8991667333333333
2025-11-01 13:00:00,0.0,11.020000233333333,3.7486666666666664
2025-11-01 14:00:00,0.0,13.226666683333335,3.137000266666667
2025-11-01 15:00:00,0.0,13.125666716666666,2.9196667499999998
2025-11-01 16:00:00,0.0,7.01266705,3.4995
2025-11-01 17:00:00,0.0,8.15300025,3.1276667166666665
2025-11-01 18:00:00,0.0,7.2560002500000005,2.7203334000000003
2025-11-01 19:00:00,0.0,4.16666705,1.1983334499999998
2025-11-01 20:00:00,0.0,3.5000003166666667,0.28833333333333333
2025-11-01 21:00:00,0.0,0.0,0.29983333333333334
2025-11-01 22:00:00,0.0,0.0,0.2765
2025-11-01 23:00:00,0.0,0.0,0.3861667
2025-11-02 00:00:00,0.0,0.0,0.48033335
2025-11-02 01:00:00,0.0,0.0,0.41483335
2025-11-02 02:00:00,0.0,0.0,0.2876666666666667
2025-11-02 03:00:00,0.0,0.0,0.48066671666666666
2025-11-02 04:00:00,0.0,0.0,0.4053333333333333
2025-11-02 05:00:00,0.0,3.75000015,0.45066666666666666
2025-11-02 06:00:00,0.0,14.100000166666666,0.4393333333333333
2025-11-02 07:00:00,0.0,6.5200006166666675,0.4166666666666667
2025-11-02 08:00:00,0.0,7.8823343,1.1333338333333334
2025-11-02 09:00:00,0.0,12.420666966666667,2.324167
2025-11-02 10:00:00,0.0,14.411000233333333,1.6825007166666668
2025-11-02 11:00:00,0.0,13.1883335,2.6783334
2025-11-02 12:00:00,0.0,13.22366695,2.5466668333333335
2025-11-02 13:00:00,0.0,13.63000025,2.7575000333333333
2025-11-02 14:00:00,0.0,13.000000133333334,3.61900005
2025-11-02 15:00:00,0.0,7.60700035,3.7826667166666668
2025-11-02 16:00:00,0.0,7.6360006333333335,2.8766672666666664
2025-11-02 17:00:00,0.0,8.893666766666668,3.8491666666666666
2025-11-02 18:00:00,0.0,7.138334016666667,3.3685001666666667
2025-11-02 19:00:00,0.0,9.31866715,1.5816672166666665
2025-11-02 20:00:00,0.0,1.5000001833333334,0.19133336666666667
2025-11-02 21:00:00,0.0,0.0,0.25366666666666665
2025-11-02 22:00:00,0.0,0.0,0.18
2025-11-02 23:00:00,0.0,0.0,0.3746666833333333
2025-11-03 00:00:00,0.0,0.0,0.3
2025-11-03 01:00:00,0.0,0.0,0.2941666666666667
2025-11-03 02:00:00,0.0,0.0,0.3850000333333334
2025-11-03 03:00:00,0.0,0.0,0.3908333666666667
2025-11-03 04:00:00,0.0,0.0,0.33966668333333333
2025-11-03 05:00:00,0.0,0.5833334166666667,0.51333335
2025-11-03 06:00:00,0.7500001833333333,8.184000316666667,0.5186666666666666
2025-11-03 07:00:00,4.872667066666666,12.308000349999999,0.34883333333333333
2025-11-03 08:00:00,3.539335716666667,13.176667166666668,0.39666675
2025-11-03 09:00:00,5.1573363,13.840333416666667,2.577333433333333
2025-11-03 10:00:00,5.705335700000001,12.357000616666665,3.5885000333333332
2025-11-03 11:00:00,5.67400265,10.765667316666667,3.6091667000000003
2025-11-03 12:00:00,5.903335566666667,12.791000766666667,3.1561667333333334
2025-11-03 13:00:00,3.3036680833333336,10.85200045,3.2741667000000003
2025-11-03 14:00:00,4.094668966666666,6.616667283333333,2.4253333833333333
2025-11-03 15:00:00,6.440002,10.133000683333334,2.65883335
2025-11-03 16:00:00,6.136668650000001,9.9666678,3.0895000166666664
2025-11-03 17:00:00,3.4400009333333337,13.016667516666667,3.3505
2025-11-03 18:00:00,1.6363342166666666,13.357000016666667,3.26283345
2025-11-03 19:00:00,0.41666678333333335,7.154667216666667,2.9955000166666665
2025-11-03 20:00:00,0.0,0.3000002666666667,1.59700005
2025-11-03 21:00:00,0.0,0.0,0.248
2025-11-03 22:00:00,0.0,0.0,0.197
2025-11-03 23:00:00,0.0,0.0,0.3855
2025-11-04 00:00:00,0.0,0.0,0.5125000166666667
2025-11-04 01:00:00,0.0,0.0,0.5328334
2025-11-04 02:00:00,0.0,0.0,0.4375
2025-11-04 03:00:00,0.0,0.0,0.2876666666666667
2025-11-04 04:00:00,0.0,0.0,0.4498333666666667
2025-11-04 05:00:00,0.0,0.0,0.53
2025-11-04 06:00:00,1.6666666666666667e-08,0.5020004,0.36
2025-11-04 07:00:00,0.14066746666666666,7.298334233333333,0.53
2025-11-04 08:00:00,0.9300016833333333,10.226667016666667,0.7933333666666667
2025-11-04 09:00:00,2.3916686666666664,18.57333333333333,2.6166667666666665
2025-11-04 10:00:00,4.408335166666666,18.423333616666667,3.3975003000000004
2025-11-04 11:00:00,6.3333354333333345,17.070000983333337,3.687500116666667
2025-11-04 12:00:00,4.480002150000001,11.103334700000001,3.56
2025-11-04 13:00:00,4.8550021333333335,17.116667099999997,3.73
2025-11-04 14:00:00,6.560001583333333,12.70333415,3.56
2025-11-04 15:00:00,5.997335800000001,8.932333550000001,3.6633333666666665
2025-11-04 16:00:00,5.716669266666667,10.26666775,3.5266666833333336
2025-11-04 17:00:00,5.658001966666666,18.743334616666665,3.5500001333333335
2025-11-04 18:00:00,1.4166673833333334,13.737000816666667,1.3816668166666668
2025-11-04 19:00:00,0.0,15.234333833333334,1.8008334
2025-11-04 20:00:00,0.0,5.590000150000001,0.4691666666666667
2025-11-04 21:00:00,0.0,0.013333349999999999,0.34416671666666665
2025-11-04 22:00:00,0.0,0.0,0.25333336666666667
2025-11-04 23:00:00,0.0,0.0,0.50750005
2025-11-05 00:00:00,0.0,0.0,0.2648333666666667
2025-11-05 01:00:00,0.0,0.0,0.43800003333333337
2025-11-05 02:00:00,0.0,0.0,0.45066666666666666
2025-11-05 03:00:00,0.0,0.0,0.47333333333333333
2025-11-05 04:00:00,0.0,0.0,0.3826666666666667
2025-11-05 05:00:00,0.0,0.07200070000000001,0.5413333333333333
2025-11-05 06:00:00,0.0,0.7290009833333333,0.3826666666666667
2025-11-05 07:00:00,0.13466670000000003,11.561333583333333,0.496
2025-11-05 08:00:00,0.8940001666666667,13.301333416666667,0.6785003
2025-11-05 09:00:00,2.7783345166666673,12.67000005,2.074667016666667
2025-11-05 10:00:00,3.811001316666667,13.149666766666668,3.084000233333333
2025-11-05 11:00:00,4.222334066666666,13.638333600000001,3.5733333333333337
2025-11-05 12:00:00,3.698667916666667,13.105000533333333,3.4826666666666664
2025-11-05 13:00:00,3.9766675166666667,4.600334233333333,3.2113335500000004
2025-11-05 14:00:00,3.6360004,6.57666755,3.4843333333333333
2025-11-05 15:00:00,6.480001083333334,8.2066668,2.8978337333333335
2025-11-05 16:00:00,6.520667533333334,7.7233335499999995,3.455000083333333
2025-11-05 17:00:00,4.289333533333333,6.446667416666666,2.6375005000000002
2025-11-05 18:00:00,0.030000033333333332,7.856666716666668,3.1115002
2025-11-05 19:00:00,0.0,3.993334666666667,2.6846668666666664
2025-11-05 20:00:00,0.0,1.1840019333333331,0.6406668333333333
2025-11-05 21:00:00,0.0,3.0000000000000004e-07,0.27650003333333334
2025-11-05 22:00:00,0.0,0.0,0.4566667
2025-11-05 23:00:00,0.0,0.0,0.42183333333333334
2025-11-06 00:00:00,0.0,0.0,0.38600001666666667
2025-11-06 01:00:00,0.0,0.0,0.265
2025-11-06 02:00:00,0.0,0.0,0.19133333333333336
2025-11-06 03:00:00,0.0,0.0,0.34633335
2025-11-06 04:00:00,0.0,0.35966681666666667,0.2825
2025-11-06 05:00:00,0.0,4.390334266666667,0.21983334999999998
2025-11-06 06:00:00,2.0416669,10.841001200000001,0.46
2025-11-06 07:00:00,4.291666766666666,8.630668366666667,0.3
2025-11-06 08:00:00,2.5416675166666667,6.4300011333333345,0.3510000166666667
2025-11-06 09:00:00,3.7163345333333337,12.433334216666665,1.3773335500000001
2025-11-06 10:00:00,3.6126677833333334,11.003333566666667,3.0951668
2025-11-06 11:00:00,3.3246676333333336,8.317000683333333,2.7200002
2025-11-06 12:00:00,2.149334066666667,7.433334666666666,2.981666733333333
2025-11-06 13:00:00,4.038667,13.732666683333335,3.2700000333333334
2025-11-06 14:00:00,4.785667616666667,12.864000766666667,3.1191667
2025-11-06 15:00:00,4.905000866666668,13.780000766666666,3.12933335
2025-11-06 16:00:00,3.639668433333333,13.342333333333334,3.0981669
2025-11-06 17:00:00,0.6260009166666666,12.708000250000001,3.044166966666667
2025-11-06 18:00:00,0.37133355,13.602666683333334,2.4726668833333334
2025-11-06 19:00:00,0.0,11.4246668,2.1506667999999998
2025-11-06 20:00:00,0.0,3.08333395,1.4841669666666666
2025-11-06 21:00:00,0.0,3.3333333333333334e-08,0.265
2025-11-06 22:00:00,0.0,0.0,0.29433335
2025-11-06 23:00:00,0.0,0.0,0.3796667166666667
2025-11-07 00:00:00,0.0,0.0,0.36800004999999997
2025-11-07 01:00:00,0.0,0.0,0.4861666833333333
2025-11-07 02:00:00,0.0,0.0,0.5366666833333333
2025-11-07 03:00:00,0.0,0.0,0.43750005
2025-11-07 04:00:00,0.0,0.0,0.43750001666666666
2025-11-07 05:00:00,0.0,5.21000025,0.5125000166666667
2025-11-07 06:00:00,1e-06,7.601667433333334,0.3713333333333333
2025-11-07 07:00:00,1.5010016833333335,11.020000266666667,0.5186666666666666
2025-11-07 08:00:00,3.411668833333334,11.583334116666666,0.39333345000000003
2025-11-07 09:00:00,2.950335733333334,12.579334666666668,1.2416667166666666
2025-11-07 10:00:00,3.440335516666667,13.023333866666666,3.3666668
2025-11-07 11:00:00,2.9036690333333337,14.273333366666666,2.7035000333333334
2025-11-07 12:00:00,4.41000235,9.59800115,2.94916675
2025-11-07 13:00:00,3.31733495,10.783333983333334,3.233333383333333
2025-11-07 14:00:00,6.385001766666667,6.05933445,3.1096668
2025-11-07 15:00:00,5.453002883333333,9.392666733333334,3.1025002
2025-11-07 16:00:00,5.780668766666667,7.650000266666667,3.1163333499999997
2025-11-07 17:00:00,2.336668616666667,8.234666800000001,3.0253333833333333
2025-11-07 18:00:00,0.32666769999999995,7.363333716666666,2.5151668666666667
2025-11-07 19:00:00,5.833333333333334e-07,6.450001516666667,0.3331667166666667
2025-11-07 20:00:00,0.0,0.7980003166666667,0.18566666666666665
2025-11-07 21:00:00,0.0,0.0,0.2593333333333333
2025-11-07 22:00:00,0.0,0.0,0.18
2025-11-07 23:00:00,0.0,0.0,0.40883335
2025-11-08 00:00:00,0.0,0.0,0.46666668333333333
2025-11-08 01:00:00,0.0,0.0,0.3455
2025-11-08 02:00:00,0.0,0.0,0.35833333333333334
2025-11-08 03:00:00,0.0,0.0,0.2828333333333333
2025-11-08 04:00:00,0.0,0.07600011666666666,0.5425000666666667
2025-11-08 05:00:00,0.0,2.776000566666667,0.36
2025-11-08 06:00:00,0.0,3.4486669833333337,0.6125
2025-11-08 07:00:00,0.0,12.4856669,0.3116666666666667
2025-11-08 08:00:00,0.0,12.010000483333334,0.48916671666666667
2025-11-08 09:00:00,0.0,8.67333345,1.1151670333333334
2025-11-08 10:00:00,0.0,15.323333333333334,2.09183365
2025-11-08 11:00:00,0.0,17.406666666666666,3.0756668666666664
2025-11-08 12:00:00,0.0,16.846666666666668,3.1893333333333334
2025-11-08 13:00:00,0.0,16.766667066666663,3.2131666666666665
2025-11-08 14:00:00,0.0,17.110000316666664,1.4816675666666668
2025-11-08 15:00:00,0.0,17.4600002,3.2808336166666665
2025-11-08 16:00:00,0.0,16.1066671,3.8750000333333334
2025-11-08 17:00:00,0.0,17.0840008,3.741333383333333
2025-11-08 18:00:00,0.0,17.555666833333333,3.3100003166666667
2025-11-08 19:00:00,0.0,1.1283338166666665,3.770000116666667
2025-11-08 20:00:00,0.0,1.8333333333333333e-07,1.8786669
2025-11-08 21:00:00,0.0,0.0,0.2880000166666667
2025-11-08 22:00:00,0.0,0.0,0.4035000166666667
2025-11-08 23:00:00,0.0,0.0,0.4775000166666667
2025-11-09 00:00:00,0.0,0.0,0.34416671666666665
2025-11-09 01:00:00,0.0,0.0,0.18
2025-11-09 02:00:00,0.0,0.0,0.265
2025-11-09 03:00:00,0.0,0.0,0.214
2025-11-09 04:00:00,0.0,0.0,0.3918333333333333
2025-11-09 05:00:00,0.0,1.1810001333333335,0.5541667
2025-11-09 06:00:00,0.0,14.20166725,0.45066666666666666
2025-11-09 07:00:00,0.0,18.346666666666668,0.48100003333333335
2025-11-09 08:00:00,0.0,18.953333333333333,0.4191666833333333
2025-11-09 09:00:00,0.0,12.673000583333334,0.7646667333333333
2025-11-09 10:00:00,0.0,14.856667,2.6055001499999997
2025-11-09 11:00:00,0.0,15.6650001,2.5903333666666666
2025-11-09 12:00:00,0.0,15.890000283333332,2.6263333333333336
2025-11-09 13:00:00,0.0,14.034000216666668,3.2066666833333333
2025-11-09 14:00:00,0.0,10.8980006,3.366666716666667
2025-11-09 15:00:00,0.0,8.639333766666667,3.76416675
2025-11-09 16:00:00,0.0,9.563334533333334,3.0150000833333332
2025-11-09 17:00:00,0.0,11.463000733333333,3.1208333666666666
2025-11-09 18:00:00,0.0,12.066333666666667,3.22983335
2025-11-09 19:00:00,0.0,11.4000009,2.62600005
2025-11-09 20:00:00,0.0,4.7500000333333325,0.6266666833333334
2025-11-09 21:00:00,0.0,0.0,0.53
2025-11-09 22:00:00,0.0,0.0,0.36
2025-11-09 23:00:00,0.0,0.0,0.5241666666666667
2025-11-10 00:00:00,0.0,0.0,0.5005
2025-11-10 01:00:00,0.0,0.0,0.4846666666666667
2025-11-10 02:00:00,0.0,0.0,0.4891666833333333
2025-11-10 03:00:00,0.0,0.0,0.4393333333333333
2025-11-10 04:00:00,0.0,3.0000000000000004e-07,0.4846666666666667
2025-11-10 05:00:00,0.0,0.358001,0.4053333333333333
2025-11-10 06:00:00,0.08333338333333333,8.433667333333332,0.5186666666666666
2025-11-10 07:00:00,2.137000216666667,13.718666683333335,0.3826666666666667
2025-11-10 08:00:00,4.333667283333333,8.82666725,0.5796666666666667
2025-11-10 09:00:00,3.8853341500000003,11.133667216666666,1.85850005
2025-11-10 10:00:00,2.6180017666666666,19.069333333333333,3.3096667166666665
2025-11-10 11:00:00,2.9246676500000004,19.181000016666665,3.2521667333333335
2025-11-10 12:00:00,4.814001666666667,18.909000016666663,3.0351667166666667
2025-11-10 13:00:00,2.9016683,19.595,3.8598334000000003
2025-11-10 14:00:00,4.221667816666667,15.738000116666667,3.8406667000000003
2025-11-10 15:00:00,6.113334283333334,11.517000216666668,2.8756667
2025-11-10 16:00:00,6.336667416666666,8.364001416666667,2.7563334333333334
2025-11-10 17:00:00,4.944333933333334,7.765001483333334,3.0091667
2025-11-10 18:00:00,1.0833334166666666,9.570000383333333,3.3016666833333335
2025-11-10 19:00:00,0.0,2.540666733333333,2.619833383333333
2025-11-10 20:00:00,0.0,0.0,0.44916673333333335
2025-11-10 21:00:00,0.0,0.0,0.3400000166666667
2025-11-10 22:00:00,0.0,0.0,0.2706666833333333
2025-11-10 23:00:00,0.0,0.0,0.36750003333333336
2025-11-11 00:00:00,0.0,0.0,0.36750004999999997
2025-11-11 01:00:00,0.0,0.0,0.19133333333333336
2025-11-11 02:00:00,0.0,0.0,0.24233333333333335
2025-11-11 03:00:00,0.0,0.0,0.29933338333333337
2025-11-11 04:00:00,0.0,0.0,0.3346667
2025-11-11 05:00:00,0.0,1.5340007,0.52383335
2025-11-11 06:00:00,4.6666666666666666e-07,11.568000083333335,0.3826666666666667
2025-11-11 07:00:00,1e-06,5.67333425,0.5133333333333334
2025-11-11 08:00:00,1.0683343333333335,8.393334216666666,0.24233333333333335
2025-11-11 09:00:00,4.638334650000001,7.575667433333334,2.403833416666667
2025-11-11 10:00:00,4.965668483333333,7.894667166666667,3.334
2025-11-11 11:00:00,5.46000215,7.613333333333333,3.29900005
2025-11-11 12:00:00,3.788335033333334,8.326666716666667,3.1831667
2025-11-11 13:00:00,4.01633535,11.001000300000001,2.9246666666666665
2025-11-11 14:00:00,6.143334650000001,14.187,2.4866666666666664
2025-11-11 15:00:00,6.8146687,12.914333583333333,2.4753333333333334
2025-11-11 16:00:00,6.73800115,13.304000483333333,2.461
2025-11-11 17:00:00,1.0203340166666666,12.055000716666667,2.571000033333333
2025-11-11 18:00:00,0.2606669333333333,11.954000316666667,2.8146667833333336
2025-11-11 19:00:00,0.13600003333333333,0.0,1.6498333666666665
2025-11-11 20:00:00,0.0,0.0,0.4550000166666667
2025-11-11 21:00:00,0.0,0.0,0.20833333333333334
2025-11-11 22:00:00,0.0,0.0,0.33883340000000006
2025-11-11 23:00:00,0.0,0.0,0.43750001666666666
2025-11-12 00:00:00,0.0,0.0,0.4433333833333334
2025-11-12 01:00:00,0.0,0.0,0.4393333333333333
2025-11-12 02:00:00,0.0,0.0,0.55583335
2025-11-12 03:00:00,0.0,0.0,0.4635
2025-11-12 04:00:00,0.0,1.6666666666666667e-08,0.47333333333333333
2025-11-12 05:00:00,0.0,1.2640006000000001,0.4166666666666667
2025-11-12 06:00:00,0.0,4.6923342,0.5073333333333333
2025-11-12 07:00:00,8.666666666666667e-07,7.516667383333333,0.3826666666666667
2025-11-12 08:00:00,0.5966681166666666,6.850000616666668,0.8838333500000001
2025-11-12 09:00:00,3.3260017166666667,16.306667266666665,3.3743334333333332
2025-11-12 10:00:00,6.1533351000000005,18.41000045,3.241333383333333
2025-11-12 11:00:00,1.7966696166666665,18.640000333333333,3.2426667166666667
2025-11-12 12:00:00,4.22433495,19.330000383333335,3.3338335833333335
2025-11-12 13:00:00,6.520001050000001,8.430001283333333,3.7341667000000003
2025-11-12 14:00:00,6.246668250000001,2.1866687833333334,3.6823333666666667
2025-11-12 15:00:00,3.686002416666667,8.526666983333335,3.8900001
2025-11-12 16:00:00,3.651334166666667,7.970000933333333,3.7605000333333334
2025-11-12 17:00:00,2.960666916666667,8.113333966666668,3.479000083333333
2025-11-12 18:00:00,2.572334066666667,7.010667116666666,3.001833433333333
2025-11-12 19:00:00,0.1666670666666667,5.2546670833333335,0.8146668000000001
2025-11-12 20:00:00,0.0,1.7500002,0.19133333333333336
2025-11-12 21:00:00,0.0,0.0,0.27066666666666667
2025-11-12 22:00:00,0.0,0.0,0.19133333333333336
2025-11-12 23:00:00,0.0,0.0,0.27066666666666667
2025-11-13 00:00:00,0.0,0.0,0.5016667833333334
2025-11-13 01:00:00,0.0,0.0,0.4596666833333333
2025-11-13 02:00:00,0.0,0.0,0.5073333333333333
2025-11-13 03:00:00,0.0,0.0,0.4166666666666667
2025-11-13 04:00:00,0.0,0.0,0.4393333333333333
2025-11-13 05:00:00,0.0,0.734,0.4846666666666667
2025-11-13 06:00:00,0.05133348333333333,9.181333716666668,0.3826666666666667
2025-11-13 07:00:00,0.4400002666666667,16.776000383333336,0.5413333333333333
2025-11-13 08:00:00,0.77333595,19.510000200000004,0.9760001166666666
2025-11-13 09:00:00,2.472002816666667,19.68000013333333,2.90550005
2025-11-13 10:00:00,2.0703363333333336,18.826333533333333,2.6593335000000002
2025-11-13 11:00:00,1.6966691,18.226666666666667,2.7116668
2025-11-13 12:00:00,2.391668816666667,15.413333416666667,3.264
2025-11-13 13:00:00,3.682002266666667,13.440000166666668,3.201000066666667
2025-11-13 14:00:00,5.787002433333333,13.748333366666666,4.025833333333334
2025-11-13 15:00:00,6.823335250000001,14.886666866666667,3.944
2025-11-13 16:00:00,7.262334216666667,13.5156677,3.5228334500000003
2025-11-13 17:00:00,4.6393345833333335,5.2733345,2.4753336833333335
2025-11-13 18:00:00,5.268666933333333,7.008000866666667,2.7256667833333337
2025-11-13 19:00:00,3.6666667833333335,11.126334116666667,2.0916669
2025-11-13 20:00:00,0.0,2.833333533333333,1.2826668833333335
2025-11-13 21:00:00,0.0,0.0,0.4946667166666667
2025-11-13 22:00:00,0.0,0.0,0.5063333666666667
2025-11-13 23:00:00,0.0,0.0,0.37450003333333337
2025-11-14 00:00:00,0.0,0.0,0.5716666666666667
2025-11-14 01:00:00,0.0,0.0,0.33083334999999997
2025-11-14 02:00:00,0.0,0.0,0.3966666833333333
2025-11-14 03:00:00,0.0,0.0,0.20833333333333334
2025-11-14 04:00:00,0.0,0.0,0.3625000166666667
2025-11-14 05:00:00,0.0,0.595667,0.2708333333333333
2025-11-14 06:00:00,0.75,3.764001116666667,0.46450003333333334
2025-11-14 07:00:00,1.4500004833333333,6.911001850000001,0.4666667
2025-11-14 08:00:00,2.1860018666666665,13.030667083333334,1.43750005
2025-11-14 09:00:00,2.3476684000000003,16.810000616666667,2.451666716666667
2025-11-14 10:00:00,2.818335616666667,17.390000283333336,2.7850000999999995
2025-11-14 11:00:00,2.2583354166666667,17.91300023333333,2.4680000166666662
2025-11-14 12:00:00,3.4346687666666673,17.886666966666663,2.7901667333333333
2025-11-14 13:00:00,5.8006679000000005,18.730000049999997,2.709666733333333
2025-11-14 14:00:00,5.754335250000001,18.364333749999997,2.9968334000000003
2025-11-14 15:00:00,6.066668466666667,11.25366795,3.0616668166666665
2025-11-14 16:00:00,5.766668716666667,14.9300007,3.4825
2025-11-14 17:00:00,2.8333341333333335,18.013333749999997,3.3441666833333334
2025-11-14 18:00:00,0.0,17.496666949999998,1.5413334166666668
2025-11-14 19:00:00,0.0,6.829334916666667,0.492
2025-11-14 20:00:00,0.0,4.463668049999999,0.265
2025-11-14 21:00:00,0.0,1.1666666666666667e-07,0.335
2025-11-14 22:00:00,0.0,0.0,0.3348333333333333
2025-11-14 23:00:00,0.0,0.0,0.47166668333333334
2025-11-15 00:00:00,0.0,0.0,0.31150003333333337
2025-11-15 01:00:00,0.0,0.0,0.265
2025-11-15 02:00:00,0.0,0.0,0.197
2025-11-15 03:00:00,0.0,0.0,0.4301666833333333
2025-11-15 04:00:00,0.0,0.042,0.53
2025-11-15 05:00:00,0.0,4.4996672166666665,0.3826666666666667
2025-11-15 06:00:00,0.0,12.572333816666667,0.48883335
2025-11-15 07:00:00,0.0,10.860001,0.3348333333333333
2025-11-15 08:00:00,0.0,13.093333333333334,0.3983335333333333
2025-11-15 09:00:00,0.0,12.926666683333334,2.2361668666666663
2025-11-15 10:00:00,0.0,12.9376668,2.95316675
2025-11-15 11:00:00,0.0,17.533000033333334,2.944333416666667
2025-11-15 12:00:00,0.0,17.14666676666667,2.876000116666667
2025-11-15 13:00:00,0.0,18.813333333333333,2.1255004166666667
2025-11-15 14:00:00,0.0,15.480666733333333,2.8135001666666666
2025-11-15 15:00:00,0.0,8.513333483333334,3.3243334000000004
2025-11-15 16:00:00,0.0,7.7600001333333335,3.2265001333333334
2025-11-15 17:00:00,0.0,7.473333899999999,3.6608335000000003
2025-11-15 18:00:00,0.0,7.4463341666666665,3.464000233333333
2025-11-15 19:00:00,0.0,7.583333933333333,3.62683365
2025-11-15 20:00:00,0.0,0.08333333333333333,0.9040000499999999
2025-11-15 21:00:00,0.0,0.0,0.37500003333333337
2025-11-15 22:00:00,0.0,0.0,0.4433333666666667
2025-11-15 23:00:00,0.0,0.0,0.4305
2025-11-16 00:00:00,0.0,0.0,0.40250003333333334
2025-11-16 01:00:00,0.0,0.0,0.29333333333333333
2025-11-16 02:00:00,0.0,0.0,0.265
2025-11-16 03:00:00,0.0,0.0,0.18
2025-11-16 04:00:00,0.0,1.5000000166666667,0.374
2025-11-16 05:00:00,0.0,6.6833339333333335,0.4786667
2025-11-16 06:00:00,0.0,8.236333733333334,0.21983333333333335
2025-11-16 07:00:00,0.0,5.115667816666667,0.48333333333333334
2025-11-16 08:00:00,0.0,5.998334066666667,1.1225000833333334
2025-11-16 09:00:00,0.0,9.567666916666667,2.4041667
2025-11-16 10:00:00,0.0,17.530333600000002,2.930000116666667
2025-11-16 11:00:00,0.0,18.47233336666667,2.9056667000000003
2025-11-16 12:00:00,0.0,18.373000016666666,3.2901667166666666
2025-11-16 13:00:00,0.0,13.108667083333334,3.375833366666667
2025-11-16 14:00:00,0.0,9.1266678,3.4408333333333334
2025-11-16 15:00:00,0.0,10.403334433333333,3.740000066666667
2025-11-16 16:00:00,0.0,12.863333500000001,3.3316667333333334
2025-11-16 17:00:00,0.0,6.268667816666667,3.0730000166666662
2025-11-16 18:00:00,0.0,9.769667983333335,1.00533335
2025-11-16 19:00:00,0.0,14.933333350000002,0.22966666666666666
2025-11-16 20:00:00,0.0,3.083333916666667,0.22533333333333333
2025-11-16 21:00:00,0.0,0.0,0.21966666666666665
2025-11-16 22:00:00,0.0,0.0,0.22533333333333333
2025-11-16 23:00:00,0.0,0.0,0.28833333333333333
2025-11-17 00:00:00,0.0,0.0,0.6066667
2025-11-17 01:00:00,0.0,0.0,0.3826666666666667
2025-11-17 02:00:00,0.0,0.0,0.5413333333333333
2025-11-17 03:00:00,0.0,0.0,0.3826666666666667
2025-11-17 04:00:00,0.0,1.0000000000000001e-07,0.47333333333333333
2025-11-17 05:00:00,0.0,1.6463338166666666,0.45066666666666666
2025-11-17 06:00:00,6.000000000000001e-07,8.3516669,0.4053333333333333
2025-11-17 07:00:00,2.0283336000000003,10.661333749999999,0.5186666666666666
2025-11-17 08:00:00,2.1933342,12.370333816666667,0.41266691666666666
2025-11-17 09:00:00,0.9653361,11.574333566666667,1.1003334166666667
2025-11-17 10:00:00,2.325002183333333,17.60066708333333,2.1596671166666663
2025-11-17 11:00:00,6.132334883333333,13.896666866666667,3.6900001
2025-11-17 12:00:00,5.8626676,10.996667683333333,3.08233345
2025-11-17 13:00:00,5.638667683333333,15.191668083333331,3.17400005
2025-11-17 14:00:00,5.712668250000001,17.18500136666667,2.93150005
2025-11-17 15:00:00,6.319335383333334,17.760001066666668,2.9140000166666664
2025-11-17 16:00:00,1.9066685333333333,11.62000135,2.7946666666666666
2025-11-17 17:00:00,3.2273338,11.213334233333333,2.960000066666667
2025-11-17 18:00:00,2.6666668999999996,16.0266667,2.8815003166666666
2025-11-17 19:00:00,0.0,2.6843339333333334,3.050500383333333
2025-11-17 20:00:00,0.0,1.4810006166666667,1.2731669666666667
2025-11-17 21:00:00,0.0,0.11600001666666666,0.462
2025-11-17 22:00:00,0.0,0.0,0.4343333333333333
2025-11-17 23:00:00,0.0,0.0,0.3228333666666667
2025-11-18 00:00:00,0.0,0.0,0.4830000166666667
2025-11-18 01:00:00,0.0,0.0,0.5503333833333333
2025-11-18 02:00:00,0.0,0.0,0.5413333333333333
2025-11-18 03:00:00,0.0,0.0,0.3826666666666667
2025-11-18 04:00:00,0.0,0.0,0.5413333333333333
2025-11-18 05:00:00,0.0,0.7500004166666666,0.3826666666666667
2025-11-18 06:00:00,7.166666666666668e-07,9.717666766666667,0.5186666666666666
2025-11-18 07:00:00,0.06666816666666667,13.681000033333333,0.4053333333333333
2025-11-18 08:00:00,2.3833347833333334,13.982333350000001,0.7938342166666666
2025-11-18 09:00:00,3.354668466666667,12.511667433333333,1.8560004166666666
2025-11-18 10:00:00,4.789335533333334,14.367667149999999,2.9290002333333334
2025-11-18 11:00:00,5.0430025333333335,16.28666735,3.838166683333333
2025-11-18 12:00:00,6.812668266666667,17.116666933333335,3.8080001666666665
2025-11-18 13:00:00,6.7846683500000005,16.646666716666665,3.8705000833333334
2025-11-18 14:00:00,6.8033344666666675,4.87666795,3.7121667
2025-11-18 15:00:00,6.698002150000001,14.3266673,3.8375001833333333
2025-11-18 16:00:00,4.360335883333334,8.2900009,2.3026675000000005
2025-11-18 17:00:00,5.264668,7.203333483333334,2.0648342166666667
2025-11-18 18:00:00,1.8150011666666668,5.9826671000000005,3.544
2025-11-18 19:00:00,2.8333333333333336e-07,2.8000005,2.0985005833333337
2025-11-18 20:00:00,0.0,0.0933341,0.3976673166666667
2025-11-18 21:00:00,0.0,0.050000216666666666,0.214
2025-11-18 22:00:00,0.0,0.0,0.32883334999999997
2025-11-18 23:00:00,0.0,0.0,0.3616666833333333
2025-11-19 00:00:00,0.0,0.0,0.46083338333333335
2025-11-19 01:00:00,0.0,0.0,0.29933333333333334
2025-11-19 02:00:00,0.0,0.0,0.2593333333333333
2025-11-19 03:00:00,0.0,0.0,0.33883340000000006
2025-11-19 04:00:00,0.0,0.14400006666666668,0.44833335
2025-11-19 05:00:00,0.0,1.28133385,0.496
2025-11-19 06:00:00,0.41666726666666665,6.668001050000001,0.394
2025-11-19 07:00:00,4.143333533333333,5.102334183333334,1.0716668833333334
2025-11-19 08:00:00,3.7300003166666666,10.500667666666669,1.9568335833333332
2025-11-19 09:00:00,3.9773346333333333,10.835000399999998,3.6896667333333335
2025-11-19 10:00:00,2.6503359833333335,9.405667283333335,3.8645000166666663
2025-11-19 11:00:00,6.060668866666668,7.861667416666666,3.345667066666667
2025-11-19 12:00:00,6.7010017500000005,17.858333733333332,2.424334066666667
2025-11-19 13:00:00,6.444667933333333,3.7423347000000002,3.8056666666666663
2025-11-19 14:00:00,6.000668666666667,4.2176686,3.1981667166666665
2025-11-19 15:00:00,3.11033545,7.556667900000001,2.9226666833333335
2025-11-19 16:00:00,6.1946686500000006,9.360000233333333,3.075333366666667
2025-11-19 17:00:00,3.5130016333333334,9.05666705,3.0588333333333333
2025-11-19 18:00:00,1e-06,13.055666816666665,2.380000116666667
2025-11-19 19:00:00,4.6666666666666666e-07,10.875667683333333,0.75333345
2025-11-19 20:00:00,0.0,7.183000733333333,0.19133333333333336
2025-11-19 21:00:00,0.0,0.0,0.3853333333333333
2025-11-19 22:00:00,0.0,0.0,0.2708333333333333
2025-11-19 23:00:00,0.0,0.0,0.4531667
2025-11-20 00:00:00,0.0,0.0,0.458
2025-11-20 01:00:00,0.0,0.0,0.4541666833333333
2025-11-20 02:00:00,0.0,0.0,0.6066666666666666
2025-11-20 03:00:00,0.0,0.0,0.4946666833333333
2025-11-20 04:00:00,0.0,0.0,0.394
2025-11-20 05:00:00,0.0,0.6500001,0.53
2025-11-20 06:00:00,0.0,7.8806672833333336,0.3826666666666667
2025-11-20 07:00:00,4.0000000000000003e-07,9.539000399999999,0.45066666666666666
2025-11-20 08:00:00,0.6413339666666666,7.7343340666666665,0.47333333333333333
2025-11-20 09:00:00,2.757001616666667,12.51000045,2.67100015
2025-11-20 10:00:00,4.901668666666667,18.468333566666665,2.899000233333333
2025-11-20 11:00:00,4.6200017833333344,17.768667100000002,2.295000383333333
2025-11-20 12:00:00,6.029334783333334,16.860000066666668,2.472000116666667
2025-11-20 13:00:00,6.125335316666667,8.55200035,2.5136668166666665
2025-11-20 14:00:00,6.11800125,13.5036669,2.4330001333333335
2025-11-20 15:00:00,5.7333354,8.996666916666667,3.0406666833333333
2025-11-20 16:00:00,2.3350020833333334,8.253333433333333,3.197
2025-11-20 17:00:00,0.5860016333333333,12.540000833333334,3.173500033333333
2025-11-20 18:00:00,0.1920002,12.323333583333334,2.9548334166666668
2025-11-20 19:00:00,0.06400013333333332,9.541667149999999,2.9300001333333334
2025-11-20 20:00:00,0.0,0.6946667,0.8046668333333333
2025-11-20 21:00:00,0.0,0.0,0.40316675
2025-11-20 22:00:00,0.0,0.0,0.3861666833333333
2025-11-20 23:00:00,0.0,0.0,0.35083335
2025-11-21 00:00:00,0.0,0.0,0.2591667166666667
2025-11-21 01:00:00,0.0,0.0,0.3058333333333333
2025-11-21 02:00:00,0.0,0.0,0.425
2025-11-21 03:00:00,0.0,0.0,0.53
2025-11-21 04:00:00,0.0,0.21900061666666668,0.36
2025-11-21 05:00:00,0.0,12.366667166666668,0.5186666666666666
2025-11-21 06:00:00,0.33333389999999996,10.132001116666668,0.3713333333333333
2025-11-21 07:00:00,2.458334333333333,5.0330016833333335,0.4846666666666667
2025-11-21 08:00:00,3.2626677,6.537000933333333,0.42200018333333333
2025-11-21 09:00:00,1.8806694166666669,7.056333883333334,1.1656670333333334
2025-11-21 10:00:00,3.4356688333333336,12.063001066666668,2.656
2025-11-21 11:00:00,4.273334766666667,16.380001416666666,2.6033335
2025-11-21 12:00:00,3.496667916666667,15.855000833333333,2.710000216666667
2025-11-21 13:00:00,4.380000916666667,18.06133345,2.5460004833333336
2025-11-21 14:00:00,4.0500015000000005,15.592000416666668,2.7006667333333336
2025-11-21 15:00:00,3.8133359333333336,8.224001216666668,2.56
2025-11-21 16:00:00,4.372002083333334,8.555667533333333,2.794166683333333
2025-11-21 17:00:00,1.4413344,8.7173344,3.7420000166666663
2025-11-21 18:00:00,0.016,8.207334366666668,3.5541666833333334
2025-11-21 19:00:00,0.0,4.765667499999999,2.4641669333333334
2025-11-21 20:00:00,0.0,2.78266735,0.8518338833333333
2025-11-21 21:00:00,0.0,0.33500015,0.39083343333333337
2025-11-21 22:00:00,0.0,0.0,0.6025000333333334
2025-11-21 23:00:00,0.0,0.0,0.3821666833333333
2025-11-22 00:00:00,0.0,0.0,0.28233335
2025-11-22 01:00:00,0.0,0.0,0.2823333333333333
2025-11-22 02:00:00,0.0,0.0,0.3115
2025-11-22 03:00:00,0.0,0.0,0.21966666666666665
2025-11-22 04:00:00,0.0,1.3333333333333334e-07,0.24233333333333335
2025-11-22 05:00:00,0.0,4.5833334500000005,0.3798333333333333
2025-11-22 06:00:00,0.0,4.151667066666667,0.19133333333333336
2025-11-22 07:00:00,0.0,10.425333983333333,0.3675000666666667
2025-11-22 08:00:00,0.0,16.524000216666668,0.3631667333333334
2025-11-22 09:00:00,0.0,12.861000383333334,1.2890000333333336
2025-11-22 10:00:00,0.0,11.673334,2.999333366666667
2025-11-22 11:00:00,0.0,13.126667016666666,3.40100005
2025-11-22 12:00:00,0.0,13.8233335,3.27050005
2025-11-22 13:00:00,0.0,11.073333633333334,2.7381667000000003
2025-11-22 14:00:00,0.0,8.273333333333333,2.538166716666667
2025-11-22 15:00:00,0.0,8.584666666666665,2.6675
2025-11-22 16:00:00,0.0,7.793333333333333,2.9431667000000004
2025-11-22 17:00:00,0.0,7.766667,3.007333383333333
2025-11-22 18:00:00,0.0,7.393334183333334,2.513
2025-11-22 19:00:00,0.0,4.83700035,2.3648334
2025-11-22 20:00:00,0.0,4.164333633333333,0.20133333333333334
2025-11-22 21:00:00,0.0,0.064,0.25366666666666665
2025-11-22 22:00:00,0.0,0.0,0.20833333333333334
2025-11-22 23:00:00,0.0,0.0,0.36333338333333337
2025-11-23 00:00:00,0.0,0.0,0.29983335
2025-11-23 01:00:00,0.0,0.0,0.265
2025-11-23 02:00:00,0.0,0.0,0.197
2025-11-23 03:00:00,0.0,0.0,0.248
2025-11-23 04:00:00,0.0,0.0,0.41683335
2025-11-23 05:00:00,0.0,11.083333516666668,0.4166666666666667
2025-11-23 06:00:00,0.0,10.43133365,0.47333333333333333
2025-11-23 07:00:00,0.0,13.776000383333335,0.41683335
2025-11-23 08:00:00,0.0,14.500000300000002,1.0215000666666667
2025-11-23 09:00:00,0.0,10.063333600000002,2.573000066666667
2025-11-23 10:00:00,0.0,12.044333683333333,3.196333366666667
2025-11-23 11:00:00,0.0,13.487666683333334,3.30333335
2025-11-23 12:00:00,0.0,10.757000416666667,3.75283335
2025-11-23 13:00:00,0.0,18.689666783333333,3.2991667666666666
2025-11-23 14:00:00,0.0,13.555667099999999,3.2721667333333335
2025-11-23 15:00:00,0.0,9.816667216666668,3.6013333666666667
2025-11-23 16:00:00,0.0,11.4600005,2.844666683333333
2025-11-23 17:00:00,0.0,13.550000316666667,2.5096667000000004
2025-11-23 18:00:00,0.0,9.29666725,2.4498333666666667
2025-11-23 19:00:00,0.0,7.816666933333333,0.2665
2025-11-23 20:00:00,0.0,1.3120001166666666,0.46083335
2025-11-23 21:00:00,0.0,0.0,0.31733335
2025-11-23 22:00:00,0.0,0.0,0.25366666666666665
2025-11-23 23:00:00,0.0,0.0,0.46083335
2025-11-24 00:00:00,0.0,0.0,0.6066666666666666
2025-11-24 01:00:00,0.0,0.0,0.5260000333333333
2025-11-24 02:00:00,0.0,0.0,0.4166666666666667
2025-11-24 03:00:00,0.0,0.0,0.4393333333333333
2025-11-24 04:00:00,0.0,0.0,0.4846666666666667
2025-11-24 05:00:00,0.0,1.3700000833333335,0.3826666666666667
2025-11-24 06:00:00,0.0,6.2376672,0.5413333333333333
2025-11-24 07:00:00,0.18000041666666666,16.94000043333333,0.3826666666666667
2025-11-24 08:00:00,0.7473345333333333,12.724000483333333,2.5380002
2025-11-24 09:00:00,2.6983356333333335,11.418666766666668,3.488500183333333
2025-11-24 10:00:00,3.7316687333333336,7.552334316666666,3.190000116666667
2025-11-24 11:00:00,2.721669316666667,8.183334783333335,3.3140001999999997
2025-11-24 12:00:00,3.3766687500000003,11.55666775,3.2663334666666666
2025-11-24 13:00:00,3.2013354333333335,11.435001366666667,3.3776667166666665
2025-11-24 14:00:00,3.3033360500000004,10.355001450000001,3.3683333833333333
2025-11-24 15:00:00,6.297335816666668,9.3000003,3.5038333666666666
2025-11-24 16:00:00,4.6783357,13.223333683333333,3.2925001333333332
2025-11-24 17:00:00,6.2793345,9.9600001,3.0856668833333334
2025-11-24 18:00:00,2.425333683333333,10.133000366666668,1.6590003666666666
2025-11-24 19:00:00,0.026666983333333335,6.429666733333334,0.7518338
2025-11-24 20:00:00,0.0,4.1933335666666665,0.3218333666666667
2025-11-24 21:00:00,0.0,0.0,0.248
2025-11-24 22:00:00,0.0,0.0,0.214
2025-11-24 23:00:00,0.0,0.0,0.3231667
2025-11-25 00:00:00,0.0,0.0,0.5098333333333334
2025-11-25 01:00:00,0.0,0.0,0.27083335
2025-11-25 02:00:00,0.0,0.0,0.265
2025-11-25 03:00:00,0.0,0.0,0.4321667
2025-11-25 04:00:00,0.0,0.0,0.42000006666666667
2025-11-25 05:00:00,0.0,10.89166705,0.53
2025-11-25 06:00:00,0.0,10.694333416666666,0.36
2025-11-25 07:00:00,0.0,7.923333416666666,0.53
2025-11-25 08:00:00,0.5900008833333333,8.3833337,0.4211666666666667
2025-11-25 09:00:00,2.310000816666667,10.166000516666665,2.583833533333333
2025-11-25 10:00:00,3.85333435,9.994667166666668,3.030666916666667
2025-11-25 11:00:00,3.8680012500000003,8.737333333333334,3.3801667166666665
2025-11-25 12:00:00,3.783667766666667,8.684667033333334,3.2356667166666666
2025-11-25 13:00:00,3.5030012166666666,14.315333800000001,3.3685001333333333
2025-11-25 14:00:00,5.96366775,14.413333716666667,3.7550000333333333
2025-11-25 15:00:00,5.908668050000001,11.46333445,2.8508334166666667
2025-11-25 16:00:00,5.988334333333333,12.816667633333333,3.290000116666667
2025-11-25 17:00:00,1.9300004166666667,10.252000866666668,3.2583334000000006
2025-11-25 18:00:00,0.3100003666666667,6.441334566666668,3.1416667833333336
2025-11-25 19:00:00,0.013333449999999998,1.3933336666666667,1.6175000333333331
2025-11-25 20:00:00,0.0,2.3333333333333333e-07,0.6646668000000001
2025-11-25 21:00:00,0.0,0.0,0.214
2025-11-25 22:00:00,0.0,0.0,0.37933336666666667
2025-11-25 23:00:00,0.0,0.0,0.27666666666666667
2025-11-26 00:00:00,0.0,0.0,0.483
2025-11-26 01:00:00,0.0,0.0,0.41683333333333333
2025-11-26 02:00:00,0.0,0.0,0.4431666666666667
2025-11-26 03:00:00,0.0,0.0,0.4846666666666667
2025-11-26 04:00:00,0.0,2.0000000000000002e-07,0.4393333333333333
2025-11-26 05:00:00,0.0,1.5833341,0.45066666666666666
2025-11-26 06:00:00,1.1666666666666667e-07,15.756666850000002,0.47333333333333333
2025-11-26 07:00:00,0.6600016666666668,17.38900046666667,0.9166667666666667
2025-11-26 08:00:00,2.3900004666666663,17.9383336,1.0606674166666668
2025-11-26 09:00:00,2.4316674666666667,18.79400006666667,3.2600002666666668
2025-11-26 10:00:00,1.2143353,18.95333336666667,2.83833345
2025-11-26 11:00:00,2.2333349166666667,18.776666666666667,2.3461671500000003
2025-11-26 12:00:00,2.2350014833333334,18.63000005,3.6733333333333333
2025-11-26 13:00:00,4.050001033333333,11.053333933333333,3.09983335
2025-11-26 14:00:00,6.240001166666667,14.803333583333334,2.9888333499999997
2025-11-26 15:00:00,5.4180013166666665,9.006667033333333,3.0483333333333333
2025-11-26 16:00:00,6.2593345,13.033333716666668,2.9078335666666666
2025-11-26 17:00:00,3.1433348333333333,10.31000095,3.1230002
2025-11-26 18:00:00,0.16666793333333335,8.426667666666667,3.097333566666667
2025-11-26 19:00:00,1.6666666666666667e-08,1.07200015,2.4191668166666664
2025-11-26 20:00:00,0.0,0.0,0.3041671166666666
2025-11-26 21:00:00,0.0,0.0,0.3448333666666667
2025-11-26 22:00:00,0.0,0.0,0.27066666666666667
2025-11-26 23:00:00,0.0,0.0,0.4783334
2025-11-27 00:00:00,0.0,0.0,0.49583335
2025-11-27 01:00:00,0.0,0.0,0.5891666833333332
2025-11-27 02:00:00,0.0,0.0,0.5121666833333334
2025-11-27 03:00:00,0.0,0.0,0.5186666666666666
2025-11-27 04:00:00,0.0,0.0,0.4053333333333333
2025-11-27 05:00:00,0.0,0.18000005000000002,0.4846666666666667
2025-11-27 06:00:00,1.6666666666666665e-07,1.4290001333333335,0.4393333333333333
2025-11-27 07:00:00,0.18533403333333334,5.797334416666667,0.45066666666666666
2025-11-27 08:00:00,0.9940008999999999,6.8590010333333336,0.50000005
2025-11-27 09:00:00,2.336669066666667,8.851666933333334,3.0313334833333334
2025-11-27 10:00:00,5.966668783333334,8.573000350000001,3.91083335
2025-11-27 11:00:00,6.203335350000001,12.233000183333333,3.7240000166666665
2025-11-27 12:00:00,4.692001516666667,16.43500016666667,3.6126666666666667
2025-11-27 13:00:00,4.455001283333333,17.937333449999997,3.8326667000000003
2025-11-27 14:00:00,4.17833535,17.917666683333334,3.9233333666666668
2025-11-27 15:00:00,5.0020027166666665,17.770000616666668,3.9275000166666665
2025-11-27 16:00:00,5.45866935,12.013000349999999,3.6175000833333333
2025-11-27 17:00:00,4.166668400000001,9.956667533333333,3.21000005
2025-11-27 18:00:00,0.28000108333333334,9.093334183333333,2.40750005
2025-11-27 19:00:00,3.1666666666666667e-07,6.139001300000001,0.7265002166666666
2025-11-27 20:00:00,0.0,1.1000004333333333,0.2875000166666667
2025-11-27 21:00:00,0.0,0.0,0.2705000333333334
2025-11-27 22:00:00,0.0,0.0,0.4025000166666667
2025-11-27 23:00:00,0.0,0.0,0.47250003333333335
2025-11-28 00:00:00,0.0,0.0,0.329
2025-11-28 01:00:00,0.0,0.0,0.27650003333333334
2025-11-28 02:00:00,0.0,0.0,0.28816671666666666
2025-11-28 03:00:00,0.0,0.0,0.5121666833333334
2025-11-28 04:00:00,0.0,0.0,0.4946667
2025-11-28 05:00:00,0.0,8.833333333333333e-07,0.3826666666666667
2025-11-28 06:00:00,0.0,6.161666933333333,0.462
2025-11-28 07:00:00,0.5370007666666666,9.605333550000001,0.462
2025-11-28 08:00:00,2.1500013000000004,8.424666833333333,1.2135000666666667
2025-11-28 09:00:00,3.4066677666666667,7.232334100000001,1.2545000833333333
2025-11-28 10:00:00,3.1333353500000003,9.213000866666667,2.7053333333333334
2025-11-28 11:00:00,2.1416688833333333,14.030000216666668,2.7166666666666663
2025-11-28 12:00:00,1.6866689666666668,14.180000166666666,2.8073333333333337
2025-11-28 13:00:00,3.18666905,13.408,2.8135000333333333
2025-11-28 14:00:00,5.882669133333334,13.83000015,3.0425000833333335
2025-11-28 15:00:00,5.883669433333333,13.2143339,3.43983335
2025-11-28 16:00:00,4.691002583333334,9.226000466666669,3.41350005
2025-11-28 17:00:00,0.8153349999999999,5.723334333333333,3.3016667166666664
2025-11-28 18:00:00,1e-06,9.146667533333334,2.470166733333333
2025-11-28 19:00:00,0.0800006,5.42333395,0.6216667166666666
2025-11-28 20:00:00,0.0,5.801000366666666,0.4405000333333334
2025-11-28 21:00:00,0.0,0.0,0.4846666666666667
2025-11-28 22:00:00,0.0,0.0,0.3826666666666667
2025-11-28 23:00:00,0.0,0.0,0.5063333666666667
2025-11-29 00:00:00,0.0,0.0,0.42000003333333336
2025-11-29 01:00:00,0.0,0.0,0.45066666666666666
2025-11-29 02:00:00,0.0,0.0,0.4393333333333333
2025-11-29 03:00:00,0.0,0.0,0.4166666666666667
2025-11-29 04:00:00,0.0,0.0,0.47333333333333333
2025-11-29 05:00:00,0.0,0.9166672,0.3826666666666667
2025-11-29 06:00:00,0.0,8.503333916666666,0.5073333333333333
2025-11-29 07:00:00,0.0,8.43033425,0.36
2025-11-29 08:00:00,0.0,6.97533415,2.20166675
2025-11-29 09:00:00,0.0,7.994333466666667,3.3366668333333336
2025-11-29 10:00:00,0.0,7.186667333333334,3.538000066666667
2025-11-29 11:00:00,0.0,14.869666850000002,3.53
2025-11-29 12:00:00,0.0,7.1066674,3.7545000500000003
2025-11-29 13:00:00,0.0,14.579000466666669,3.6266666666666665
2025-11-29 14:00:00,0.0,17.236667250000004,3.3940000166666664
2025-11-29 15:00:00,0.0,17.14700068333333,3.1826669333333335
2025-11-29 16:00:00,0.0,18.69233333333333,3.3541667333333334
2025-11-29 17:00:00,0.0,18.157333383333334,3.2406667000000002
2025-11-29 18:00:00,0.0,16.0926676,1.7891667333333332
2025-11-29 19:00:00,0.0,15.6000008,0.4273334166666667
2025-11-29 20:00:00,0.0,13.013333633333334,0.37916673333333334
2025-11-29 21:00:00,0.0,0.0,0.2825
2025-11-29 22:00:00,0.0,0.0,0.3166666833333333
2025-11-29 23:00:00,0.0,0.0,0.4901667
2025-11-30 00:00:00,0.0,0.0,0.5125000166666667
2025-11-30 01:00:00,0.0,0.0,0.496
2025-11-30 02:00:00,0.0,0.0,0.394
2025-11-30 03:00:00,0.0,0.0,0.496
2025-11-30 04:00:00,0.0,0.0,0.394
2025-11-30 05:00:00,0.0,3.8333339666666664,0.496
2025-11-30 06:00:00,0.0,10.740334066666666,0.394
2025-11-30 07:00:00,0.0,13.505333383333335,0.49600031666666666
2025-11-30 08:00:00,0.0,9.618000233333332,2.2023335833333335
2025-11-30 09:00:00,0.0,8.2433335,1.5018344833333332
2025-11-30 10:00:00,0.0,7.29000025,2.779833916666667
2025-11-30 11:00:00,0.0,7.426667216666667,3.64916675
2025-11-30 12:00:00,0.0,14.720000399999998,3.9663334333333333
2025-11-30 13:00:00,0.0,10.710000349999998,3.88700005
2025-11-30 14:00:00,0.0,14.953333466666667,3.5733334833333332
2025-11-30 15:00:00,0.0,11.423334016666665,3.2058334333333334
2025-11-30 16:00:00,0.0,4.934667733333334,3.2795000166666664
2025-11-30 17:00:00,0.0,9.660001183333334,3.0863334000000004
2025-11-30 18:00:00,0.0,8.623334433333333,3.3258334000000005
2025-11-30 19:00:00,0.0,7.023000383333333,2.4275005333333333
2025-11-30 20:00:00,0.0,6.315333799999999,1.3190004333333334
2025-11-30 21:00:00,0.0,0.11233335000000001,0.25933340000000005
2025-11-30 22:00:00,0.0,0.0,0.3558334
2025-11-30 23:00:00,0.0,0.0,0.35633336666666665
2025-12-01 00:00:00,0.0,0.0,0.49583335
2025-12-01 01:00:00,0.0,0.0,0.27666666666666667
2025-12-01 02:00:00,0.0,0.0,0.265
2025-12-01 03:00:00,0.0,0.0,0.4891666833333333
2025-12-01 04:00:00,0.0,0.2500001666666667,0.4846666666666667
2025-12-01 05:00:00,0.0,8.3506669,0.4053333333333333
2025-12-01 06:00:00,3.333333333333333e-07,11.940000216666668,0.4846666666666667
2025-12-01 07:00:00,1.4360014,12.186000300000002,0.4053333333333333
2025-12-01 08:00:00,2.975000683333333,8.563334533333332,1.9180001833333333
2025-12-01 09:00:00,4.186667966666667,14.48666765,2.410333416666667
2025-12-01 10:00:00,5.96600205,18.859333966666664,2.9975001333333333
2025-12-01 11:00:00,5.825335833333334,18.773000500000002,3.065
2025-12-01 12:00:00,4.953335366666667,17.3933341,3.1816666666666666
2025-12-01 13:00:00,3.431668866666667,14.043333550000002,3.262500033333333
2025-12-01 14:00:00,4.700335166666667,9.83666725,3.2441667333333335
2025-12-01 15:00:00,3.2326692166666673,17.556666916666664,3.3743333499999997
2025-12-01 16:00:00,4.347335616666667,19.43333336666667,3.202333416666667
2025-12-01 17:00:00,1.38066705,16.300000566666665,3.057500183333333
2025-12-01 18:00:00,0.0,8.741333666666668,2.6091666833333336
2025-12-01 19:00:00,0.0,2.26200035,1.0828333666666667
2025-12-01 20:00:00,0.0,0.128,0.5121667666666667
2025-12-01 21:00:00,0.0,0.0,0.42583336666666666
2025-12-01 22:00:00,0.0,0.0,0.2941666666666667
2025-12-01 23:00:00,0.0,0.0,0.38500005
2025-12-02 00:00:00,0.0,0.0,0.40833335
2025-12-02 01:00:00,0.0,0.0,0.42583333333333334
2025-12-02 02:00:00,0.0,0.0,0.4638333666666667
2025-12-02 03:00:00,0.0,0.0,0.39883335
2025-12-02 04:00:00,0.0,0.0,0.2706667
2025-12-02 05:00:00,0.0,0.0,0.35583343333333334
2025-12-02 06:00:00,0.5833342166666666,0.0,0.425
2025-12-02 07:00:00,1.1666676666666667,9.432334700000002,0.20266666666666666
2025-12-02 08:00:00,3.396668183333334,7.613333916666668,0.24816666666666665
2025-12-02 09:00:00,1.7613363,14.5366668,1.6183334333333332
2025-12-02 10:00:00,4.675002200000001,11.636666766666668,3.4166667000000004
2025-12-02 11:00:00,5.533335833333333,10.523333716666668,3.6653333333333333
2025-12-02 12:00:00,6.789668483333333,13.5366667,3.7433333333333336
2025-12-02 13:00:00,6.835334766666667,13.06333345,3.678
2025-12-02 14:00:00,6.808002016666667,12.39666705,3.68700005
2025-12-02 15:00:00,6.467335233333333,7.130000616666667,3.5880001
2025-12-02 16:00:00,4.7833354833333335,7.573333866666667,3.7403333333333335
2025-12-02 17:00:00,1.02400265,8.130000766666667,3.4488333499999997
2025-12-02 18:00:00,0.25000195,6.8640009666666675,3.3070000333333334
2025-12-02 19:00:00,1.0000004000000002,6.5156669,2.768000033333333
2025-12-02 20:00:00,0.0,5.000000150000001,0.39833335
2025-12-02 21:00:00,0.0,0.0,0.4473333333333333
2025-12-02 22:00:00,0.0,0.0,0.28833333333333333
2025-12-02 23:00:00,0.0,0.0,0.3616666833333333
2025-12-03 00:00:00,0.0,0.0,0.43750008333333334
2025-12-03 01:00:00,0.0,0.0,0.4713333666666667
2025-12-03 02:00:00,0.0,0.0,0.4846666666666667
2025-12-03 03:00:00,0.0,0.0,0.5115000166666667
2025-12-03 04:00:00,0.0,0.0,0.4846666666666667
2025-12-03 05:00:00,0.0,1.7050000499999998,0.4393333333333333
2025-12-03 06:00:00,2.8333333333333336e-07,2.7383336,0.4846666666666667
2025-12-03 07:00:00,0.5853334166666666,9.063667666666667,0.4393333333333333
2025-12-03 08:00:00,0.3646676166666667,18.276000216666667,0.4846666666666667
2025-12-03 09:00:00,2.9333355833333337,19.396666683333333,0.6435000166666668
2025-12-03 10:00:00,3.7000017833333336,18.046333816666667,2.7096667
2025-12-03 11:00:00,4.135002216666667,18.128667066666665,3.7935000166666666
2025-12-03 12:00:00,2.298335716666667,19.04600025,3.85133335
2025-12-03 13:00:00,3.436668,18.679666749999996,3.8060000166666663
2025-12-03 14:00:00,4.4920024000000005,18.75800016666667,3.1896666666666667
2025-12-03 15:00:00,6.678668833333333,17.75166685,2.5995
2025-12-03 16:00:00,4.006669166666667,17.750000249999996,2.8443333833333333
2025-12-03 17:00:00,5.014001950000001,16.37533375,2.632000033333333
2025-12-03 18:00:00,3.2500003,3.2870015500000003,3.3386668
2025-12-03 19:00:00,0.0,7.713333733333333,1.4165000666666667
2025-12-03 20:00:00,0.0,3.2633341833333334,0.4573333333333333
2025-12-03 21:00:00,0.0,2.3333333333333333e-07,0.19133333333333336
2025-12-03 22:00:00,0.0,0.0,0.27066666666666667
2025-12-03 23:00:00,0.0,0.0,0.32800006666666665
2025-12-04 00:00:00,0.0,0.0,0.43750001666666666
2025-12-04 01:00:00,0.0,0.0,0.265
2025-12-04 02:00:00,0.0,0.0,0.3166666666666667
2025-12-04 03:00:00,0.0,0.0,0.5016667
2025-12-04 04:00:00,0.0,0.0,0.4958333333333333
2025-12-04 05:00:00,0.0,0.4530000333333334,0.38050001666666666
2025-12-04 06:00:00,0.0,1.4880004166666665,0.5133333333333334
2025-12-04 07:00:00,0.0,9.324333699999999,0.265
2025-12-04 08:00:00,1.7666666666666666e-06,8.980667433333332,0.18166666666666667
2025-12-04 09:00:00,2.144669166666667,13.9300005,1.3708333666666668
2025-12-04 10:00:00,3.6400021000000002,18.3600001,3.6998333333333333
2025-12-04 11:00:00,2.9723353166666664,18.28833335,3.6301667333333336
2025-12-04 12:00:00,3.5933353500000003,18.886666666666667,2.9116667
2025-12-04 13:00:00,4.290001633333334,18.1866669,2.72233335
2025-12-04 14:00:00,3.02666915,18.417000233333333,3.0326666666666666
2025-12-04 15:00:00,5.67000215,17.306667316666665,3.10900005
2025-12-04 16:00:00,6.743335283333334,15.006666733333333,3.476500033333333
2025-12-04 17:00:00,1.9633347333333333,8.403666916666667,3.233000116666667
2025-12-04 18:00:00,0.27600121666666666,9.982000399999999,2.0351667166666667
2025-12-04 19:00:00,0.031334,0.60900015,0.2561667166666667
2025-12-04 20:00:00,0.0,0.0,0.2591666833333333
2025-12-04 21:00:00,0.0,0.0,0.32333335
2025-12-04 22:00:00,0.0,0.0,0.265
2025-12-04 23:00:00,0.0,0.0,0.3276666833333333
2025-12-05 00:00:00,0.0,0.0,0.3056666833333333
2025-12-05 01:00:00,0.0,0.0,0.3115
2025-12-05 02:00:00,0.0,0.0,0.5571666666666666
2025-12-05 03:00:00,0.0,0.0,0.4846666666666667
2025-12-05 04:00:00,0.0,0.25000010000000006,0.3826666666666667
2025-12-05 05:00:00,0.0,5.983000616666667,0.496
2025-12-05 06:00:00,1.6666666666666667e-08,11.6490009,0.428
2025-12-05 07:00:00,0.3853337333333333,8.156667866666666,0.9273334666666667
2025-12-05 08:00:00,2.1823341,6.210000833333334,2.733333366666667
2025-12-05 09:00:00,3.0133347333333336,4.4500011,2.32800025
2025-12-05 10:00:00,2.30166815,14.486666866666667,2.1580009
2025-12-05 11:00:00,3.018334366666667,12.886666833333333,2.3021673999999996
2025-12-05 12:00:00,3.30000135,13.286666816666665,1.7310010333333334
2025-12-05 13:00:00,4.238334283333334,14.330000100000001,1.5901677333333333
2025-12-05 14:00:00,5.66833465,5.5400018499999995,3.042166916666667
2025-12-05 15:00:00,6.400001183333333,14.723333433333336,3.03150005
2025-12-05 16:00:00,4.4466681,14.273333516666668,3.6116668333333335
2025-12-05 17:00:00,2.2570004,18.86900005,2.960000116666667
2025-12-05 18:00:00,0.0,16.86000071666667,3.0383334000000004
2025-12-05 19:00:00,0.0,15.516667416666667,2.34683365
2025-12-05 20:00:00,0.0,6.4000011,1.4031668333333331
2025-12-05 21:00:00,0.0,0.08333335000000001,0.34066668333333333
2025-12-05 22:00:00,0.0,0.0,0.265
2025-12-05 23:00:00,0.0,0.0,0.2880000166666667
2025-12-06 00:00:00,0.0,0.0,0.43750003333333337
2025-12-06 01:00:00,0.0,0.0,0.4433333666666667
2025-12-06 02:00:00,0.0,0.0,0.4995
2025-12-06 03:00:00,0.0,0.0,0.5073333333333333
2025-12-06 04:00:00,0.0,0.0,0.3826666666666667
2025-12-06 05:00:00,0.0,0.15000063333333336,0.53
2025-12-06 06:00:00,0.0,3.1060003166666665,0.43600005
2025-12-06 07:00:00,0.0,11.526666966666667,0.4201667
2025-12-06 08:00:00,0.0,18.126666916666665,0.7966667
2025-12-06 09:00:00,0.0,17.545000799999997,2.5801667000000004
2025-12-06 10:00:00,0.0,17.55000085,3.2186667333333334
2025-12-06 11:00:00,0.0,18.75600006666667,2.9388333833333333
2025-12-06 12:00:00,0.0,19.04,3.347500066666667
2025-12-06 13:00:00,0.0,16.703333399999998,3.394000033333333
2025-12-06 14:00:00,0.0,10.010000166666666,3.2111667
2025-12-06 15:00:00,0.0,8.29000015,3.612
2025-12-06 16:00:00,0.0,9.341334033333334,3.4993333499999997
2025-12-06 17:00:00,0.0,17.620000666666666,3.4511667999999998
2025-12-06 18:00:00,0.0,18.41200015,1.6061667
2025-12-06 19:00:00,0.0,14.87900085,0.5223333333333333
2025-12-06 20:00:00,0.0,0.3500004500000001,0.5008333333333334
2025-12-06 21:00:00,0.0,0.0,0.3663333333333333
2025-12-06 22:00:00,0.0,0.0,0.45500006666666665
2025-12-06 23:00:00,0.0,0.0,0.3791666666666667
2025-12-07 00:00:00,0.0,0.0,0.2881667
2025-12-07 01:00:00,0.0,0.0,0.4491666833333333
2025-12-07 02:00:00,0.0,0.0,0.5296666666666666
2025-12-07 03:00:00,0.0,0.0,0.41133335
2025-12-07 04:00:00,0.0,0.0,0.5121666833333334
2025-12-07 05:00:00,0.0,0.6000004166666666,0.53
2025-12-07 06:00:00,0.0,2.7623337333333335,0.394
2025-12-07 07:00:00,0.0,13.568000266666667,0.43800001666666666
2025-12-07 08:00:00,0.0,7.614667316666667,2.1458334833333335
2025-12-07 09:00:00,0.0,9.785667183333333,2.910666833333334
2025-12-07 10:00:00,0.0,14.639667383333336,3.0115000999999997
2025-12-07 11:00:00,0.0,18.266333466666666,3.7513333333333336
2025-12-07 12:00:00,0.0,17.6213338,3.8350000166666662
2025-12-07 13:00:00,0.0,17.934,3.7136667333333335
2025-12-07 14:00:00,0.0,18.21000031666667,3.8521666666666663
2025-12-07 15:00:00,0.0,18.334000200000002,3.6608334666666664
2025-12-07 16:00:00,0.0,17.090000783333334,3.747666683333333
2025-12-07 17:00:00,0.0,18.6620003,3.7833334666666665
2025-12-07 18:00:00,0.0,18.010000383333335,3.3100001666666667
2025-12-07 19:00:00,0.0,10.884667416666668,1.5831667666666664
2025-12-07 20:00:00,0.0,1.2166671166666667,0.21966666666666665
2025-12-07 21:00:00,0.0,0.0,0.24233333333333335
2025-12-07 22:00:00,0.0,0.0,0.20266666666666666
2025-12-07 23:00:00,0.0,0.0,0.4261667
2025-12-08 00:00:00,0.0,0.0,0.5238333333333334
2025-12-08 01:00:00,0.0,0.0,0.394
2025-12-08 02:00:00,0.0,0.0,0.53
2025-12-08 03:00:00,0.0,0.0,0.3826666666666667
2025-12-08 04:00:00,0.0,6.666666666666667e-08,0.5413333333333333
2025-12-08 05:00:00,0.0,5.033333766666667,0.3826666666666667
2025-12-08 06:00:00,1.5000000000000002e-07,14.143334216666666,0.53
2025-12-08 07:00:00,0.40000066666666667,12.456667033333334,0.394
2025-12-08 08:00:00,1.4700015166666667,14.240000466666668,0.4083334
2025-12-08 09:00:00,2.80666845,13.830000349999999,2.171
2025-12-08 10:00:00,3.658002583333334,13.890000250000002,3.1871667333333336
2025-12-08 11:00:00,4.335334816666666,13.940000466666667,3.214000066666667
2025-12-08 12:00:00,4.013334433333334,14.64,3.1761667
2025-12-08 13:00:00,1.8493351833333334,13.170333883333335,2.9333333333333336
2025-12-08 14:00:00,3.2900020166666666,18.443333349999996,3.7898333333333336
2025-12-08 15:00:00,3.202669333333333,6.95333415,3.644833483333333
2025-12-08 16:00:00,3.927001983333334,4.551668683333333,3.046833383333333
2025-12-08 17:00:00,3.8030011166666666,6.046335233333333,2.85683335
2025-12-08 18:00:00,5.2706672,12.171667433333333,1.95733335
2025-12-08 19:00:00,3.4166669333333335,11.793000516666664,0.3313333333333333
2025-12-08 20:00:00,0.0,3.9193334,0.22533333333333333
2025-12-08 21:00:00,0.0,0.0,0.3451667
2025-12-08 22:00:00,0.0,0.0,0.2706666833333333
2025-12-08 23:00:00,0.0,0.0,0.35583338333333336
2025-12-09 00:00:00,0.0,0.0,0.43166673333333333
2025-12-09 01:00:00,0.0,0.0,0.33300005
2025-12-09 02:00:00,0.0,0.0,0.40500003333333334
2025-12-09 03:00:00,0.0,0.0,0.36
2025-12-09 04:00:00,0.0,0.0,0.53
2025-12-09 05:00:00,0.0,2.9166666833333332,0.36
2025-12-09 06:00:00,0.0,6.540666933333333,0.53
2025-12-09 07:00:00,1.4833337833333333,7.076667333333334,0.36
2025-12-09 08:00:00,4.314334316666667,16.470000416666664,0.6291666833333333
2025-12-09 09:00:00,5.993335250000001,17.846666666666668,2.635000066666667
2025-12-09 10:00:00,7.345001183333332,18.276667033333336,3.70083335
2025-12-09 11:00:00,4.966668500000001,17.27666698333333,3.705000033333333
2025-12-09 12:00:00,6.570001166666667,12.08333345,3.80333335
2025-12-09 13:00:00,4.717334466666667,16.533333849999998,3.7058333333333335
2025-12-09 14:00:00,3.753668216666667,18.300000400000002,3.9125000166666664
2025-12-09 15:00:00,4.985002250000001,15.423334083333334,3.440000016666666
2025-12-09 16:00:00,3.279335483333334,14.340000900000001,2.9866666833333335
2025-12-09 17:00:00,0.27800108333333334,13.79333465,3.06
2025-12-09 18:00:00,0.32066791666666666,13.281667183333333,2.8570001333333335
2025-12-09 19:00:00,0.05133343333333333,3.816667,2.4060000500000003
2025-12-09 20:00:00,0.0,1.9280003333333333,0.8506666666666667
2025-12-09 21:00:00,0.0,0.0,0.4393333333333333
2025-12-09 22:00:00,0.0,0.0,0.3690000166666667
2025-12-09 23:00:00,0.0,0.0,0.3291667166666667
2025-12-10 00:00:00,0.0,0.0,0.5191666833333334
2025-12-10 01:00:00,0.0,0.0,0.3056666833333333
2025-12-10 02:00:00,0.0,0.0,0.27066666666666667
2025-12-10 03:00:00,0.0,0.0,0.237
2025-12-10 04:00:00,0.0,0.0,0.6300000166666666
2025-12-10 05:00:00,0.0,9.166667066666667,0.394
2025-12-10 06:00:00,2.0000000000000002e-07,7.253334066666667,0.53
2025-12-10 07:00:00,2.6666676166666665,3.7240014,0.35400031666666665
2025-12-10 08:00:00,1.1033361666666668,9.336000016666667,2.0771669166666666
2025-12-10 09:00:00,2.3893359166666674,8.878000033333334,2.8413333499999998
2025-12-10 10:00:00,3.910335516666667,7.706667066666666,2.9815000166666663
2025-12-10 11:00:00,3.2316690166666673,8.45666765,2.6760004833333335
2025-12-10 12:00:00,3.1726686500000003,11.5133338,2.323500433333334
2025-12-10 13:00:00,3.1230019333333336,6.356667916666667,3.5205001499999997
2025-12-10 14:00:00,2.7813352166666667,7.790001683333334,3.801
2025-12-10 15:00:00,5.702669083333333,8.596666883333333,3.5371667166666665
2025-12-10 16:00:00,4.602002316666667,8.38300095,3.6575000166666665
2025-12-10 17:00:00,5.52133445,7.972333916666668,2.868000416666667
2025-12-10 18:00:00,0.3640013,7.671334183333334,2.514500333333333
2025-12-10 19:00:00,4.166666666666667e-07,7.7436677666666665,1.7886669166666667
2025-12-10 20:00:00,0.0,0.2500006666666667,0.5073333333333333
2025-12-10 21:00:00,0.0,0.0,0.4166666666666667
2025-12-10 22:00:00,0.0,0.0,0.5005000166666667
2025-12-10 23:00:00,0.0,0.0,0.448
2025-12-11 00:00:00,0.0,0.0,0.5785000499999999
2025-12-11 01:00:00,0.0,0.0,0.4053333333333333
2025-12-11 02:00:00,0.0,0.0,0.5186666666666666
2025-12-11 03:00:00,0.0,0.0,0.3826666666666667
2025-12-11 04:00:00,0.0,0.0,0.5413333333333333
2025-12-11 05:00:00,0.0,1.5633333333333332,0.3826666666666667
2025-12-11 06:00:00,9e-07,1.7396676500000001,0.5413333333333333
2025-12-11 07:00:00,1.8366679333333333,2.823335066666667,0.2915
2025-12-11 08:00:00,3.3773345,6.583334866666667,1.5841669166666665
2025-12-11 09:00:00,3.6260011500000005,11.3233339,2.8573333333333335
2025-12-11 10:00:00,3.68666845,12.140000100000002,3.471333366666667
2025-12-11 11:00:00,3.595001833333334,14.306667366666666,3.0346668166666664
2025-12-11 12:00:00,3.540001016666667,14.056666933333332,2.9333335833333334
2025-12-11 13:00:00,2.9150012500000004,12.706666733333334,2.8953334
2025-12-11 14:00:00,3.48333505,12.930000116666665,2.0868337166666664
2025-12-11 15:00:00,3.85333555,12.950000016666667,3.0765002333333333
2025-12-11 16:00:00,4.236002083333334,10.646668033333333,2.8571669833333333
2025-12-11 17:00:00,1.796667966666667,12.493667883333334,2.5753334333333333
2025-12-11 18:00:00,0.0,13.450000616666665,2.5016668833333333
2025-12-11 19:00:00,0.0,13.298667083333333,0.25333333333333335
2025-12-11 20:00:00,0.0,4.451668433333334,0.25366666666666665
2025-12-11 21:00:00,0.0,0.07300038333333334,0.3913333666666667
2025-12-11 22:00:00,0.0,0.0,0.52083335
2025-12-11 23:00:00,0.0,0.0,0.44333340000000004
2025-12-12 00:00:00,0.0,0.0,0.4375001166666667
2025-12-12 01:00:00,0.0,0.0,0.5250000166666666
2025-12-12 02:00:00,0.0,0.0,0.26500001666666667
2025-12-12 03:00:00,0.0,0.0,0.4305
2025-12-12 04:00:00,0.0,0.14,0.5186666666666666
2025-12-12 05:00:00,0.0,0.849,0.36
2025-12-12 06:00:00,0.0,1.4860014999999998,0.53
2025-12-12 07:00:00,0.07000026666666666,7.33466765,0.36
2025-12-12 08:00:00,5.070000316666667,3.7363345166666666,0.9406670333333332
2025-12-12 09:00:00,6.265001300000001,17.33333466666667,2.62766675
2025-12-12 10:00:00,6.174334966666667,18.902333916666667,2.946666916666667
2025-12-12 11:00:00,5.849335583333334,18.847666916666665,2.841666916666667
2025-12-12 12:00:00,5.856001133333334,18.44333336666667,3.3076666666666665
2025-12-12 13:00:00,6.216667833333334,18.933333333333334,3.4265000999999997
2025-12-12 14:00:00,1.6933354,18.326666666666668,3.3270000833333335
2025-12-12 15:00:00,4.860002300000001,18.933333333333334,3.54133335
2025-12-12 16:00:00,4.688668000000001,14.666667266666666,3.4613333333333336
2025-12-12 17:00:00,3.1046673333333334,8.407000283333334,3.5436666833333335
2025-12-12 18:00:00,0.9166668166666666,7.746000966666667,3.166833416666667
2025-12-12 19:00:00,0.0,0.9500016333333334,2.3040002
2025-12-12 20:00:00,0.0,0.16666764999999997,0.6310000666666667
2025-12-12 21:00:00,0.0,2.2500000666666664,0.4083333666666667
2025-12-12 22:00:00,0.0,0.0,0.5075
2025-12-12 23:00:00,0.0,0.0,0.2650000333333334
2025-12-13 00:00:00,0.0,0.0,0.4946666666666667
2025-12-13 01:00:00,0.0,0.0,0.439
2025-12-13 02:00:00,0.0,0.0,0.4846666666666667
2025-12-13 03:00:00,0.0,0.0,0.3826666666666667
2025-12-13 04:00:00,0.0,0.0,0.496
2025-12-13 05:00:00,0.0,0.0,0.4025000166666667
2025-12-13 06:00:00,0.0,4.86233435,0.45500006666666665
2025-12-13 07:00:00,0.0,13.397666716666667,0.5413333333333333
2025-12-13 08:00:00,0.0,13.758333333333335,0.3971667
2025-12-13 09:00:00,0.0,14.446666666666665,1.27066715
2025-12-13 10:00:00,0.0,13.44833335,2.3196669833333337
2025-12-13 11:00:00,0.0,12.272000433333332,2.3463336666666663
2025-12-13 12:00:00,0.0,17.086667016666667,3.439000033333333
2025-12-13 13:00:00,0.0,12.19000115,3.2736667
2025-12-13 14:00:00,0.0,18.78666666666667,3.4716667333333335
2025-12-13 15:00:00,0.0,17.351333333333333,3.47633335
2025-12-13 16:00:00,0.0,17.406666666666666,3.5000000166666663
2025-12-13 17:00:00,0.0,16.240000466666668,2.574833566666667
2025-12-13 18:00:00,0.0,16.506666966666668,2.43250035
2025-12-13 19:00:00,0.0,11.028667033333333,2.244500116666667
2025-12-13 20:00:00,0.0,3.5713340000000002,0.49833341666666664
2025-12-13 21:00:00,0.0,0.7500002499999999,0.29483333333333334
2025-12-13 22:00:00,0.0,0.0,0.3331667
2025-12-13 23:00:00,0.0,0.0,0.2936667333333334
2025-12-14 00:00:00,0.0,0.0,0.5133333666666666
2025-12-14 01:00:00,0.0,0.0,0.19133333333333336
2025-12-14 02:00:00,0.0,0.0,0.27066666666666667
2025-12-14 03:00:00,0.0,0.0,0.19133333333333336
2025-12-14 04:00:00,0.0,3.5e-07,0.27066666666666667
2025-12-14 05:00:00,0.0,9.36966675,0.19133333333333336
2025-12-14 06:00:00,0.0,11.94500005,0.27066666666666667
2025-12-14 07:00:00,0.0,11.683000300000002,0.19133333333333336
2025-12-14 08:00:00,0.0,7.43333425,1.3706668833333335
2025-12-14 09:00:00,0.0,4.650001016666666,2.8296668333333335
2025-12-14 10:00:00,0.0,12.503333583333333,2.68316685
2025-12-14 11:00:00,0.0,18.406333383333333,2.7055000166666665
2025-12-14 12:00:00,0.0,17.418666716666667,3.4706666666666663
2025-12-14 13:00:00,0.0,17.116666716666668,3.2513333333333336
2025-12-14 14:00:00,0.0,9.0600014,2.9298334
2025-12-14 15:00:00,0.0,5.976667583333333,2.3046668166666664
2025-12-14 16:00:00,0.0,17.20333341666667,2.8198334
2025-12-14 17:00:00,0.0,7.4056674000000005,3.649666766666667
2025-12-14 18:00:00,0.0,8.286666733333334,3.54566685
2025-12-14 19:00:00,0.0,9.041334083333334,1.1285001333333335
2025-12-14 20:00:00,0.0,6.535000683333334,0.58333335
2025-12-14 21:00:00,0.0,0.0,0.34416678333333334
2025-12-14 22:00:00,0.0,0.0,0.3406667
2025-12-14 23:00:00,0.0,0.0,0.2648333666666667
2025-12-15 00:00:00,0.0,0.0,0.40833338333333336
2025-12-15 01:00:00,0.0,0.0,0.265
2025-12-15 02:00:00,0.0,0.0,0.18
2025-12-15 03:00:00,0.0,0.0,0.2593333333333333
2025-12-15 04:00:00,0.0,0.0,0.2545
2025-12-15 05:00:00,0.0,0.24400031666666666,0.4083334
2025-12-15 06:00:00,0.0,1.9500001166666665,0.19133333333333336
2025-12-15 07:00:00,0.09333343333333333,10.975334299999998,0.25366666666666665
2025-12-15 08:00:00,0.9793337166666667,13.670000516666665,0.21500001666666668
2025-12-15 09:00:00,1.2266669,13.1733341,2.0171667
2025-12-15 10:00:00,3.3266680666666666,12.270000816666666,2.7986666833333333
2025-12-15 11:00:00,4.595001166666667,4.733334616666666,2.8220000166666663
2025-12-15 12:00:00,3.8516674833333333,17.496666849999997,2.775833366666667
2025-12-15 13:00:00,4.46000025,17.300000666666666,3.25250005
2025-12-15 14:00:00,4.210000333333333,18.623333349999996,3.5211667
2025-12-15 15:00:00,5.102668600000001,17.94333425,3.303000016666666
2025-12-15 16:00:00,5.688668666666667,9.9000007,3.1866667499999997
2025-12-15 17:00:00,5.344000716666667,9.019667166666668,3.2533334000000003
2025-12-15 18:00:00,5.3093335,9.600000233333333,1.1450000833333334
2025-12-15 19:00:00,2.8233336166666665,7.616667066666666,0.9825001166666666
2025-12-15 20:00:00,0.0,9.443000316666666,0.29900003333333336
2025-12-15 21:00:00,0.0,1.5000000000000002e-07,0.231
2025-12-15 22:00:00,0.0,0.0,0.197
2025-12-15 23:00:00,0.0,0.0,0.4905000166666667
2025-12-16 00:00:00,0.0,0.0,0.27666668333333333
2025-12-16 01:00:00,0.0,0.0,0.3443333666666667
2025-12-16 02:00:00,0.0,0.0,0.49000003333333336
2025-12-16 03:00:00,0.0,0.0,0.5066666666666667
2025-12-16 04:00:00,0.0,0.0,0.394
2025-12-16 05:00:00,0.0,0.28900033333333336,0.496
2025-12-16 06:00:00,0.0,3.0636673500000002,0.36
2025-12-16 07:00:00,1.0000000000000001e-07,15.960000583333334,0.5036667166666666
2025-12-16 08:00:00,0.9266677,10.133333516666667,0.3943333333333333
2025-12-16 09:00:00,3.704668416666667,9.956666883333334,1.4731669499999998
2025-12-16 10:00:00,4.714002016666667,10.760000266666667,3.126833383333333
2025-12-16 11:00:00,3.741335366666667,9.316667166666669,3.213
2025-12-16 12:00:00,4.117334766666667,13.29000025,3.2306666833333333
2025-12-16 13:00:00,3.7016681833333336,12.4333335,3.248333383333333
2025-12-16 14:00:00,4.18833485,16.846666799999998,3.282500183333333
2025-12-16 15:00:00,3.453335116666667,13.486000783333333,3.166333433333333
2025-12-16 16:00:00,4.85500205,17.919000333333333,3.18033345
2025-12-16 17:00:00,5.248667333333334,12.31833465,2.9251668833333335
2025-12-16 18:00:00,0.7280002666666667,10.788334516666666,2.95983345
2025-12-16 19:00:00,0.020000083333333335,16.85700085,0.9240001166666666
2025-12-16 20:00:00,0.0,3.463000933333334,0.3001666666666667
2025-12-16 21:00:00,0.0,0.0,0.6066666833333333
2025-12-16 22:00:00,0.0,0.0,0.3238333666666667
2025-12-16 23:00:00,0.0,0.0,0.4316667
2025-12-17 00:00:00,0.0,0.0,0.42583336666666666
2025-12-17 01:00:00,0.0,0.0,0.5355
2025-12-17 02:00:00,0.0,0.0,0.4841667
2025-12-17 03:00:00,0.0,0.0,0.5308333333333334
2025-12-17 04:00:00,0.0,0.0,0.43633335
2025-12-17 05:00:00,0.0,1.3840000666666668,0.5428333333333334
2025-12-17 06:00:00,0.09800015000000001,4.5360001500000005,0.5238333333333334
2025-12-17 07:00:00,0.42133343333333334,12.88866675,0.4166666666666667
2025-12-17 08:00:00,2.9293340166666666,13.773333600000003,0.4256666666666667
2025-12-17 09:00:00,3.1250017333333333,13.413333483333332,0.7523333833333332
2025-12-17 10:00:00,2.9983342,11.026666983333332,2.8243335166666665
2025-12-17 11:00:00,3.7306678333333334,11.465667266666665,2.7876667333333334
2025-12-17 12:00:00,3.6630003333333327,15.1533338,2.4748336333333336
2025-12-17 13:00:00,2.948333933333333,14.830666800000001,2.51666685
2025-12-17 14:00:00,3.6543346833333334,19.506666666666668,2.854333383333333
2025-12-17 15:00:00,5.451001416666667,10.43666675,3.049000183333333
2025-12-17 16:00:00,2.3953342333333336,9.750000383333333,3.2698334166666667
2025-12-17 17:00:00,0.2820005,9.292666833333334,3.0421668666666664
2025-12-17 18:00:00,0.0,7.855666966666667,2.9918334666666664
2025-12-17 19:00:00,0.0,8.4166667,3.086833383333333
2025-12-17 20:00:00,0.0,0.0,2.290500033333333
2025-12-17 21:00:00,0.0,0.0,0.6125000166666666
2025-12-17 22:00:00,0.0,0.0,0.38383335
2025-12-17 23:00:00,0.0,0.0,0.294
2025-12-18 00:00:00,0.0,0.0,0.29300003333333335
2025-12-18 01:00:00,0.0,0.0,0.22500008333333332
2025-12-18 02:00:00,0.0,0.0,0.23666666666666666
2025-12-18 03:00:00,0.0,0.0,0.50633335
2025-12-18 04:00:00,0.0,1.0000000000000001e-07,0.4846666666666667
2025-12-18 05:00:00,0.0,11.712000283333333,0.4393333333333333
2025-12-18 06:00:00,1.0416673333333333,16.055000116666665,0.4166666666666667
2025-12-18 07:00:00,5.1893336,5.118668583333333,0.5073333333333333
2025-12-18 08:00:00,6.18133415,8.9800014,0.3826666666666667
2025-12-18 09:00:00,6.27533455,12.954667133333334,0.8416667666666667
2025-12-18 10:00:00,6.208668083333334,13.640333333333334,3.5715000333333333
2025-12-18 11:00:00,3.0800015666666667,13.957000016666667,3.922000033333333
2025-12-18 12:00:00,3.357335716666667,13.100000033333334,3.5911667166666668
2025-12-18 13:00:00,3.1276683666666667,13.540000933333333,3.7106666833333333
2025-12-18 14:00:00,6.260000766666667,13.503333783333334,3.88
2025-12-18 15:00:00,2.799668683333334,13.225666933333335,3.7326666666666664
2025-12-18 16:00:00,3.9700010333333333,11.895334783333334,3.8606666666666665
2025-12-18 17:00:00,1.4800001666666665,13.576000599999999,3.7816667166666664
2025-12-18 18:00:00,0.2400002333333333,5.71666725,3.65716675
2025-12-18 19:00:00,0.0,3.0246668,3.06716685
2025-12-18 20:00:00,0.0,0.7740008666666667,0.87300005
2025-12-18 21:00:00,0.0,0.0,0.5891667166666666
2025-12-18 22:00:00,0.0,0.0,0.32966666666666666
2025-12-18 23:00:00,0.0,0.0,0.2823333333333333
2025-12-19 00:00:00,0.0,0.0,0.2825000166666667
2025-12-19 01:00:00,0.0,0.0,0.5183333333333334
2025-12-19 02:00:00,0.0,0.0,0.3841666666666667
2025-12-19 03:00:00,0.0,0.0,0.46000003333333334
2025-12-19 04:00:00,0.0,0.0,0.45066666666666666
2025-12-19 05:00:00,0.0,0.9560004166666667,0.4393333333333333
2025-12-19 06:00:00,0.0,5.414667133333333,0.4166666666666667
2025-12-19 07:00:00,0.07933335000000001,7.4230004,0.8400002000000001
2025-12-19 08:00:00,1.5333341333333335,6.360000666666668,1.1160006333333334
2025-12-19 09:00:00,2.895668716666667,7.18966745,2.12400025
2025-12-19 10:00:00,4.7446689666666675,8.070000383333333,3.275000016666666
2025-12-19 11:00:00,5.913335000000001,15.874333933333334,3.585833366666667
2025-12-19 12:00:00,5.730002116666667,13.216667333333335,3.2783336333333337
2025-12-19 13:00:00,6.040001999999999,15.436666666666666,3.6066668333333336
2025-12-19 14:00:00,6.313334483333334,14.810000116666666,3.2391669333333333
2025-12-19 15:00:00,6.344335133333333,14.85000015,3.6356666666666664
2025-12-19 16:00:00,2.5660023833333336,12.85000055,3.7093333333333334
2025-12-19 17:00:00,2.0100016333333333,11.976667066666668,3.5675000833333335
2025-12-19 18:00:00,0.23666676666666667,7.860001616666667,2.486333866666667
2025-12-19 19:00:00,0.0,2.8290009166666663,1.1770002
2025-12-19 20:00:00,0.0,0.26600101666666665,0.24233333333333335
2025-12-19 21:00:00,0.0,3.8333333333333335e-07,0.271
2025-12-19 22:00:00,0.0,0.0,0.2708333333333333
2025-12-19 23:00:00,0.0,0.0,0.27083338333333334
2025-12-20 00:00:00,0.0,0.0,0.4316666833333333
2025-12-20 01:00:00,0.0,0.0,0.3333333666666667
2025-12-20 02:00:00,0.0,0.0,0.5370000166666666
2025-12-20 03:00:00,0.0,0.0,0.4846666666666667
2025-12-20 04:00:00,0.0,0.0,0.4393333333333333
2025-12-20 05:00:00,0.0,0.053,0.3826666666666667
2025-12-20 06:00:00,0.0,4.63200025,0.5413333333333333
2025-12-20 07:00:00,0.0,6.70200075,0.3826666666666667
2025-12-20 08:00:00,0.0,7.8026672,0.4826666666666667
2025-12-20 09:00:00,0.0,8.340000566666665,1.0671667333333332
2025-12-20 10:00:00,0.0,7.5960006,2.495166766666667
2025-12-20 11:00:00,0.0,9.024333633333333,3.59800015
2025-12-20 12:00:00,0.0,13.273333350000001,3.7625000999999996
2025-12-20 13:00:00,0.0,12.24333345,3.3056667666666666
2025-12-20 14:00:00,0.0,18.462333349999998,3.4321666833333335
2025-12-20 15:00:00,0.0,7.042333733333333,3.5326666666666666
2025-12-20 16:00:00,0.0,8.413333333333334,3.6250000833333336
2025-12-20 17:00:00,0.0,7.813333533333333,3.284000066666667
2025-12-20 18:00:00,0.0,9.869333649999998,1.3135000166666666
2025-12-20 19:00:00,0.0,8.416000733333332,0.565
2025-12-20 20:00:00,0.0,0.212,0.394
2025-12-20 21:00:00,0.0,0.0,0.428
2025-12-20 22:00:00,0.0,0.0,0.496
2025-12-20 23:00:00,0.0,0.0,0.41416673333333337
2025-12-21 00:00:00,0.0,0.0,0.4378333333333333
2025-12-21 01:00:00,0.0,0.0,0.19133333333333336
2025-12-21 02:00:00,0.0,0.0,0.25366666666666665
2025-12-21 03:00:00,0.0,0.0,0.19133333333333336
2025-12-21 04:00:00,0.0,0.04200016666666667,0.2708333666666667
2025-12-21 05:00:00,0.0,1.8230004333333334,0.5075000166666667
2025-12-21 06:00:00,0.0,5.119334066666666,0.53
2025-12-21 07:00:00,0.0,8.347667233333334,0.36
2025-12-21 08:00:00,0.0,8.682666916666667,1.9633333666666666
2025-12-21 09:00:00,0.0,8.306666933333334,2.4100003500000002
2025-12-21 10:00:00,0.0,16.548333766666666,3.3516666833333333
2025-12-21 11:00:00,0.0,16.820667450000002,3.2353333833333333
2025-12-21 12:00:00,0.0,11.700334583333333,2.4166667833333335
2025-12-21 13:00:00,0.0,13.943666716666666,2.6525002166666667
2025-12-21 14:00:00,0.0,11.318000233333333,2.45500035
2025-12-21 15:00:00,0.0,12.629333366666666,3.1691667166666666
2025-12-21 16:00:00,0.0,13.408666816666665,3.1466667166666666
2025-12-21 17:00:00,0.0,10.300000050000001,2.234167066666667
2025-12-21 18:00:00,0.0,9.593334483333335,2.4766668
2025-12-21 19:00:00,0.0,14.183667683333333,0.4916666833333333
2025-12-21 20:00:00,0.0,2.8166673,0.20833333333333334
2025-12-21 21:00:00,0.0,1.6666666666666667e-08,0.23666666666666666
2025-12-21 22:00:00,0.0,0.0,0.39333334999999997
2025-12-21 23:00:00,0.0,0.0,0.36750004999999997
2025-12-22 00:00:00,0.0,0.0,0.4191666666666667
2025-12-22 01:00:00,0.0,0.0,0.3401667
2025-12-22 02:00:00,0.0,0.0,0.2941666666666667
2025-12-22 03:00:00,0.0,0.0,0.18566666666666665
2025-12-22 04:00:00,0.0,1.3333334666666667,0.2593333333333333
2025-12-22 05:00:00,0.0,10.0,0.17416668333333335
2025-12-22 06:00:00,0.0,10.0,0.42000005
2025-12-22 07:00:00,0.0,12.244333833333334,0.3616666833333333
2025-12-22 08:00:00,0.5500003833333333,10.792001383333332,0.4866667
2025-12-22 09:00:00,3.096333766666667,13.413333433333335,1.1258334499999998
2025-12-22 10:00:00,5.2000007833333335,12.933000016666666,2.318666716666667
2025-12-22 11:00:00,5.976667766666666,13.313333333333334,2.9380000166666664
2025-12-22 12:00:00,3.9800008833333336,12.94,3.3425000166666665
2025-12-22 13:00:00,3.3866675500000003,13.08,3.1308333333333334
2025-12-22 14:00:00,4.721667916666667,13.22,3.3276667333333334
2025-12-22 15:00:00,4.911667733333334,12.630000283333333,3.0095000166666663
2025-12-22 16:00:00,5.466001166666667,5.930000833333334,2.908000016666666
2025-12-22 17:00:00,3.9416678833333334,11.313333683333333,2.990500016666666
2025-12-22 18:00:00,0.09400023333333334,3.0850008000000004,3.09283335
2025-12-22 19:00:00,0.0,1.4790000166666666,0.5713334
2025-12-22 20:00:00,0.0,0.211,0.3333333666666667
2025-12-22 21:00:00,0.0,0.0,0.4716666666666667
2025-12-22 22:00:00,0.0,0.0,0.2825
2025-12-22 23:00:00,0.0,0.0,0.2941666666666667
2025-12-23 00:00:00,0.0,0.0,0.4900000166666667
2025-12-23 01:00:00,0.0,0.0,0.38500001666666667
2025-12-23 02:00:00,0.0,0.0,0.4083333666666667
2025-12-23 03:00:00,0.0,0.0,0.3676666666666667
2025-12-23 04:00:00,0.0,0.0,0.46766668333333333
2025-12-23 05:00:00,0.0,0.0,0.47333333333333333
2025-12-23 06:00:00,1.5000004166666665,7.666666733333334,0.4156666666666667
2025-12-23 07:00:00,2.3680007,7.366001016666666,0.47250003333333335
2025-12-23 08:00:00,1.09633525,9.770000566666665,0.4308334166666667
2025-12-23 09:00:00,3.4840020500000004,17.720000383333335,1.2613334333333333
2025-12-23 10:00:00,3.9216691,14.47566705,2.763666683333333
2025-12-23 11:00:00,4.3416682,13.743667633333333,2.84333335
2025-12-23 12:00:00,4.605001483333334,12.708333633333334,2.6705005
2025-12-23 13:00:00,4.3350013,13.2600004,3.39316685
2025-12-23 14:00:00,6.396668016666666,17.593334333333335,3.606500216666667
2025-12-23 15:00:00,5.635001983333334,13.256667216666667,3.6623335999999997
2025-12-23 16:00:00,4.0266688833333335,9.196667783333334,3.7521669833333333
2025-12-23 17:00:00,1.1600010499999998,12.325000483333334,3.7883335000000002
2025-12-23 18:00:00,0.12666751666666667,7.413667216666667,3.4691667666666666
2025-12-23 19:00:00,0.0,16.103000116666667,1.5165004000000002
2025-12-23 20:00:00,0.0,9.8036669,0.41233343333333333
2025-12-23 21:00:00,0.0,0.35966696666666664,0.352
2025-12-23 22:00:00,0.0,0.0,0.43750003333333337
2025-12-23 23:00:00,0.0,0.0,0.2881667
2025-12-24 00:00:00,0.0,0.0,0.48416671666666666
2025-12-24 01:00:00,0.0,0.0,0.5296666666666666
2025-12-24 02:00:00,0.0,0.0,0.3826666666666667
2025-12-24 03:00:00,0.0,0.0,0.5186666666666666
2025-12-24 04:00:00,0.0,0.0,0.4053333333333333
2025-12-24 05:00:00,0.0,0.556,0.45066666666666666
2025-12-24 06:00:00,8.333333333333334e-07,1.1400001166666667,0.47333333333333333
2025-12-24 07:00:00,1.7916679500000001,16.54000063333333,0.41416671666666666
2025-12-24 08:00:00,3.7923345166666667,17.160667583333336,0.6723338500000001
2025-12-24 09:00:00,5.175002200000001,19.10000045,1.1793336833333332
2025-12-24 10:00:00,5.7900019,18.671666716666667,3.0228334833333332
2025-12-24 11:00:00,2.0183356833333335,19.249333333333333,3.0020002833333335
2025-12-24 12:00:00,3.7753360000000007,18.863333433333334,3.19066695
2025-12-24 13:00:00,5.560001650000001,18.526667,3.549000016666666
2025-12-24 14:00:00,6.290001533333333,19.25100015,3.2246669666666667
2025-12-24 15:00:00,4.740002333333334,17.781333583333332,3.66
2025-12-24 16:00:00,4.326669083333333,14.653333733333334,3.547
2025-12-24 17:00:00,0.6513353,11.851000133333333,3.5926666833333334
2025-12-24 18:00:00,0.06400013333333332,11.266667400000001,3.4560000833333335
2025-12-24 19:00:00,0.0,10.883666916666668,3.0853334833333332
2025-12-24 20:00:00,0.0,3.3333333333333334e-08,0.7433334833333334
2025-12-24 21:00:00,0.0,0.0,0.19133333333333336
2025-12-24 22:00:00,0.0,0.0,0.31733335
2025-12-24 23:00:00,0.0,0.0,0.4666667
2025-12-25 00:00:00,0.0,0.0,0.3516667
2025-12-25 01:00:00,0.0,0.0,0.48500003333333336
2025-12-25 02:00:00,0.0,0.0,0.45066666666666666
2025-12-25 03:00:00,0.0,0.0,0.4393333333333333
2025-12-25 04:00:00,0.0,0.0,0.4166666666666667
2025-12-25 05:00:00,0.0,3.4386670499999994,0.46166666666666667
2025-12-25 06:00:00,2.0000000000000002e-07,12.417666866666666,0.5308334
2025-12-25 07:00:00,1e-06,15.902667066666666,0.3600004333333333
2025-12-25 08:00:00,0.37000181666666665,18.064333566666665,2.1293335166666667
2025-12-25 09:00:00,3.5550023833333335,13.151667066666667,2.783166883333333
2025-12-25 10:00:00,4.220002,10.250334166666667,2.3928340833333337
2025-12-25 11:00:00,4.542668466666667,10.336000766666666,2.7480005499999995
2025-12-25 12:00:00,3.9376686666666667,7.348667416666666,3.2446669833333335
2025-12-25 13:00:00,6.732334466666667,11.720000533333334,3.5828334000000006
2025-12-25 14:00:00,7.225001233333334,10.313333833333335,2.3023339666666667
2025-12-25 15:00:00,4.708002466666667,9.693333699999998,2.70683365
2025-12-25 16:00:00,5.715335516666667,9.706666933333334,2.86
2025-12-25 17:00:00,2.622335716666667,8.166666933333333,2.4733336166666664
2025-12-25 18:00:00,3.7293342333333337,5.698001233333334,2.8266666833333334
2025-12-25 19:00:00,0.5000003333333334,6.399000549999999,3.3166668333333336
2025-12-25 20:00:00,0.0,2.0443339833333334,2.243333433333333
2025-12-25 21:00:00,0.0,0.16100003333333335,0.6183333833333332
2025-12-25 22:00:00,0.0,0.0,0.44916666666666666
2025-12-25 23:00:00,0.0,0.0,0.33833341666666666
2025-12-26 00:00:00,0.0,0.0,0.3616667
2025-12-26 01:00:00,0.0,0.0,0.4206666833333333
2025-12-26 02:00:00,0.0,0.0,0.27716668333333333
2025-12-26 03:00:00,0.0,0.0,0.53
2025-12-26 04:00:00,0.0,0.0,0.4053333333333333
2025-12-26 05:00:00,0.0,0.10000008333333334,0.4846666666666667
2025-12-26 06:00:00,0.8750002666666666,3.1073335666666666,0.4393333333333333
2025-12-26 07:00:00,1.6356673666666668,12.930000916666668,0.41650003333333335
2025-12-26 08:00:00,2.1683342166666666,9.600667583333333,0.5766666833333334
2025-12-26 09:00:00,3.4666689500000003,13.210000449999999,1.0591666833333333
2025-12-26 10:00:00,4.356668916666666,11.710000483333333,2.41500025
2025-12-26 11:00:00,4.570002433333333,17.923333616666667,2.923333416666667
2025-12-26 12:00:00,6.222667916666667,16.043333783333335,3.0166667166666667
2025-12-26 13:00:00,5.833334633333334,15.340000416666667,2.83583345
2025-12-26 14:00:00,6.760001983333334,14.976667633333333,2.853000033333333
2025-12-26 15:00:00,6.761335533333334,9.620000633333335,2.9920000333333334
2025-12-26 16:00:00,2.27800245,9.588667383333336,2.450000216666667
2025-12-26 17:00:00,5.718001433333334,9.553667166666669,2.5500002833333335
2025-12-26 18:00:00,0.8326674833333333,11.587666966666667,3.0608334333333334
2025-12-26 19:00:00,0.0,9.638000816666667,1.7900002666666668
2025-12-26 20:00:00,0.0,5.5680002166666664,1.2056667333333333
2025-12-26 21:00:00,0.0,2.1666668,0.5125
2025-12-26 22:00:00,0.0,0.0,0.53
2025-12-26 23:00:00,0.0,0.0,0.40750003333333334
2025-12-27 00:00:00,0.0,0.0,0.4200000166666667
2025-12-27 01:00:00,0.0,0.0,0.4308333333333333
2025-12-27 02:00:00,0.0,0.0,0.53
2025-12-27 03:00:00,0.0,0.0,0.36
2025-12-27 04:00:00,0.0,0.0,0.53
2025-12-27 05:00:00,0.0,0.0,0.36
2025-12-27 06:00:00,0.0,5.3163335,0.53
2025-12-27 07:00:00,0.0,8.715334433333334,0.36
2025-12-27 08:00:00,0.0,14.594000266666669,0.5708333999999999
2025-12-27 09:00:00,0.0,18.949666683333334,1.19333355
2025-12-27 10:00:00,0.0,19.16,2.8550002500000002
2025-12-27 11:00:00,0.0,18.841666683333333,2.6983335999999998
2025-12-27 12:00:00,0.0,18.753333333333334,3.0571668
2025-12-27 13:00:00,0.0,19.22,3.0041668
2025-12-27 14:00:00,0.0,17.667000033333334,3.1316667333333337
2025-12-27 15:00:00,0.0,14.432000066666665,2.516667083333333
2025-12-27 16:00:00,0.0,13.231666666666666,2.2483335833333333
2025-12-27 17:00:00,0.0,10.42000015,2.7190000166666666
2025-12-27 18:00:00,0.0,7.95333345,3.1903334000000005
2025-12-27 19:00:00,0.0,0.295,2.0283337
2025-12-27 20:00:00,0.0,0.0,1.6300001333333334
2025-12-27 21:00:00,0.0,0.0,0.3791666833333333
2025-12-27 22:00:00,0.0,0.0,0.3116666833333333
2025-12-27 23:00:00,0.0,0.0,0.5133333833333333
2025-12-28 00:00:00,0.0,0.0,0.36800003333333337
2025-12-28 01:00:00,0.0,0.0,0.20266666666666666
2025-12-28 02:00:00,0.0,0.0,0.24233333333333335
2025-12-28 03:00:00,0.0,0.0,0.25850009999999995
2025-12-28 04:00:00,0.0,0.25000001666666666,0.23083335
2025-12-28 05:00:00,0.0,5.885667233333333,0.27083338333333334
2025-12-28 06:00:00,0.0,8.550000416666668,0.214
2025-12-28 07:00:00,0.0,8.493333333333334,0.39766666666666667
2025-12-28 08:00:00,0.0,9.5100005,2.1636666833333336
2025-12-28 09:00:00,0.0,7.5666674,3.016333383333333
2025-12-28 10:00:00,0.0,7.01666795,3.2233334166666667
2025-12-28 11:00:00,0.0,17.616667233333335,3.1558334000000006
2025-12-28 12:00:00,0.0,17.730000016666665,3.028333433333333
2025-12-28 13:00:00,0.0,19.323333383333335,3.4600000166666662
2025-12-28 14:00:00,0.0,16.900000966666667,3.4966666833333333
2025-12-28 15:00:00,0.0,14.833334266666666,3.5996666666666663
2025-12-28 16:00:00,0.0,11.980000183333333,3.4803333666666667
2025-12-28 17:00:00,0.0,11.708333516666668,3.5276667166666664
2025-12-28 18:00:00,0.0,11.780000466666667,2.9906667333333337
2025-12-28 19:00:00,0.0,7.193333516666667,1.3223333666666666
2025-12-28 20:00:00,0.0,0.40000021666666663,0.231
2025-12-28 21:00:00,0.0,0.0,0.197
2025-12-28 22:00:00,0.0,0.0,0.4345
2025-12-28 23:00:00,0.0,0.0,0.4421667166666667
2025-12-29 00:00:00,0.0,0.0,0.4433333666666667
2025-12-29 01:00:00,0.0,0.0,0.2706667
2025-12-29 02:00:00,0.0,0.0,0.56
2025-12-29 03:00:00,0.0,0.0,0.5723333666666666
2025-12-29 04:00:00,0.0,0.33800005,0.4053333333333333
2025-12-29 05:00:00,0.0,1.6266671833333335,0.4846666666666667
2025-12-29 06:00:00,0.0,10.409000066666666,0.4393333333333333
2025-12-29 07:00:00,0.1473339,11.328001083333335,0.45066666666666666
2025-12-29 08:00:00,0.7466678666666666,13.310000266666668,0.47333333333333333
2025-12-29 09:00:00,1.9913347000000001,12.433667550000001,2.8116668666666667
2025-12-29 10:00:00,5.389002100000001,13.48,3.3681667833333337
2025-12-29 11:00:00,6.1033354666666675,10.326666916666667,3.533833383333333
2025-12-29 12:00:00,5.895002033333334,12.2563335,3.3291667166666667
2025-12-29 13:00:00,4.648334083333333,13.329667016666667,2.6706666833333332
2025-12-29 14:00:00,4.041668516666667,13.265000616666667,3.0381666666666667
2025-12-29 15:00:00,6.0996683,14.046000399999999,3.1413333333333333
2025-12-29 16:00:00,4.4413353833333336,13.497000966666667,3.215
2025-12-29 17:00:00,0.38333445,12.996000550000002,2.9278333333333335
2025-12-29 18:00:00,0.14000088333333333,8.70666705,2.058833383333333
2025-12-29 19:00:00,1.3333333333333334e-07,1.6770015333333332,0.4633334333333333
2025-12-29 20:00:00,0.0,0.8633339833333333,0.3931666833333333
2025-12-29 21:00:00,0.0,1.1666666666666667e-07,0.42000003333333336
2025-12-29 22:00:00,0.0,0.0,0.42583338333333337
2025-12-29 23:00:00,0.0,0.0,0.4538333333333333
2025-12-30 00:00:00,0.0,0.0,0.265
2025-12-30 01:00:00,0.0,0.0,0.18566666666666665
2025-12-30 02:00:00,0.0,0.0,0.28266671666666665
2025-12-30 03:00:00,0.0,0.0,0.40250003333333334
2025-12-30 04:00:00,0.0,1.8333333333333333e-07,0.38500005
2025-12-30 05:00:00,0.0,1.5500004833333332,0.425
2025-12-30 06:00:00,7.166666666666668e-07,1.0233338833333334,0.53
2025-12-30 07:00:00,1e-06,6.097000833333333,0.36
2025-12-30 08:00:00,2.7266678833333335,7.996667350000001,0.8300000666666667
2025-12-30 09:00:00,4.700668083333334,9.126666916666666,2.5466669833333335
2025-12-30 10:00:00,5.840002116666668,9.579334416666669,3.2536667833333337
2025-12-30 11:00:00,4.946668716666667,11.554000766666666,2.6216668999999997
2025-12-30 12:00:00,3.938335466666667,15.217000433333332,2.8536666833333335
2025-12-30 13:00:00,3.6600012833333335,15.976666966666668,3.0793333333333335
2025-12-30 14:00:00,3.6600012166666667,17.610000416666665,2.95383335
2025-12-30 15:00:00,3.9066684166666668,18.055000500000002,3.01166675
2025-12-30 16:00:00,2.670001283333333,18.374334033333334,3.4366667166666667
2025-12-30 17:00:00,1.2766677333333332,17.3386673,3.0001667666666667
2025-12-30 18:00:00,0.39533361666666667,17.573000283333336,2.2023334000000006
2025-12-30 19:00:00,0.0,17.050000466666667,1.5618334166666668
2025-12-30 20:00:00,0.0,14.000000066666665,0.19983333333333334
2025-12-30 21:00:00,0.0,2.6666667833333335,0.2593333333333333
2025-12-30 22:00:00,0.0,0.0,0.18566666666666665
2025-12-30 23:00:00,0.0,0.0,0.398
2025-12-31 00:00:00,0.0,0.0,0.43166673333333333
2025-12-31 01:00:00,0.0,0.0,0.19133333333333336
2025-12-31 02:00:00,0.0,0.0,0.27066666666666667
2025-12-31 03:00:00,0.0,0.0,0.3990000166666667
2025-12-31 04:00:00,0.0,0.0,0.3826666666666667
2025-12-31 05:00:00,0.0,0.0,0.48883335
2025-12-31 06:00:00,0.0,2.3210001499999997,0.5413333333333333
2025-12-31 07:00:00,0.036000033333333334,6.763334100000001,0.3826666666666667
2025-12-31 08:00:00,3.48266675,10.556666766666668,0.5238333333333334
2025-12-31 09:00:00,5.387333616666667,10.188000283333333,1.8355001
2025-12-31 10:00:00,5.240001,12.890667183333333,2.6706668666666666
2025-12-31 11:00:00,6.043333933333333,13.696666783333333,2.3606667333333333
2025-12-31 12:00:00,5.780000633333333,14.511000016666667,2.4376667166666666
2025-12-31 13:00:00,5.706666683333333,13.577333833333334,2.481
2025-12-31 14:00:00,6.320000216666666,13.873333516666667,2.464
2025-12-31 15:00:00,4.9673342499999995,13.650000066666665,2.498
2025-12-31 16:00:00,3.4926675000000005,13.563333716666667,2.447
2025-12-31 17:00:00,2.273333833333333,11.313333483333333,2.8591666666666664
2025-12-31 18:00:00,0.0,10.923666833333332,2.77966675
2025-12-31 19:00:00,0.0,5.229000116666666,1.0723333333333334
2025-12-31 20:00:00,0.0,0.9910000333333333,0.3421666666666667
2025-12-31 21:00:00,0.0,0.0,0.265
2025-12-31 22:00:00,0.0,0.0,0.4046667
2025-12-31 23:00:00,0.0,0.0,0.3955000333333334
