timestamp,office_1_kWh,small_industry_1_kWh,retail_1_kWh,household_1_kWh,household_2_kWh,household_3_kWh
2025-01-01T00:00:00,0.000,0.000,0.543,0.056,0.041,0.047
2025-01-01T01:00:00,0.000,0.000,0.383,0.054,0.039,0.050
2025-01-01T02:00:00,0.000,0.000,0.541,0.055,0.041,0.051
2025-01-01T03:00:00,0.000,0.000,0.371,0.071,0.040,0.048
2025-01-01T04:00:00,0.000,0.289,0.508,0.103,0.041,0.055
2025-01-01T05:00:00,0.000,4.709,0.417,0.145,0.039,0.053
2025-01-01T06:00:00,0.000,6.300,0.541,0.660,0.570,1.335
2025-01-01T07:00:00,0.000,8.043,0.951,0.816,0.553,0.330
2025-01-01T08:00:00,4.559,12.570,2.507,0.494,0.581,0.998
2025-01-01T09:00:00,4.694,13.787,2.671,0.360,1.770,2.159
2025-01-01T10:00:00,4.395,13.507,3.240,0.069,0.643,1.342
2025-01-01T11:00:00,4.121,13.757,3.232,0.430,0.225,0.172
2025-01-01T12:00:00,5.780,12.710,2.711,0.070,0.254,0.135
2025-01-01T13:00:00,6.820,14.510,3.213,0.936,3.157,3.091
2025-01-01T14:00:00,5.313,13.827,3.073,1.216,2.844,2.726
2025-01-01T15:00:00,5.492,17.827,3.142,0.980,0.361,0.450
2025-01-01T16:00:00,2.210,14.750,2.586,0.860,0.235,0.498
2025-01-01T17:00:00,0.000,14.270,2.368,0.334,0.377,0.482
2025-01-01T18:00:00,0.000,12.227,1.038,0.633,0.388,1.048
2025-01-01T19:00:00,0.000,2.726,1.196,0.266,0.399,1.214
2025-01-01T20:00:00,0.000,0.000,0.804,0.254,0.343,0.369
2025-01-01T21:00:00,0.000,0.000,0.294,0.288,0.221,0.315
2025-01-01T22:00:00,0.000,0.000,0.312,0.199,0.429,0.380
2025-01-01T23:00:00,0.000,0.000,0.432,0.106,0.147,0.129
2025-01-02T00:00:00,0.000,0.000,0.299,0.053,0.041,0.051
2025-01-02T01:00:00,0.000,0.000,0.322,0.054,0.042,0.055
2025-01-02T02:00:00,0.000,0.000,0.203,0.056,0.039,0.048
2025-01-02T03:00:00,0.000,0.000,0.242,0.050,0.041,0.052
2025-01-02T04:00:00,0.000,0.000,0.180,0.252,0.041,0.052
2025-01-02T05:00:00,0.000,1.292,0.259,0.380,0.040,0.046
2025-01-02T06:00:00,0.515,9.360,0.186,0.500,0.042,0.877
2025-01-02T07:00:00,1.190,14.107,0.225,1.086,1.071,2.311
2025-01-02T08:00:00,2.911,10.010,0.337,0.439,0.323,0.398
2025-01-02T09:00:00,3.335,10.837,2.316,0.093,0.302,1.439
2025-01-02T10:00:00,2.413,10.291,3.333,0.059,0.154,0.812
2025-01-02T11:00:00,3.086,12.179,3.627,0.054,0.067,2.207
2025-01-02T12:00:00,2.550,14.379,3.540,0.290,0.150,0.527
2025-01-02T13:00:00,6.422,13.323,3.533,0.207,0.322,1.974
2025-01-02T14:00:00,5.233,12.683,3.148,0.055,0.246,3.170
2025-01-02T15:00:00,6.821,12.958,3.242,0.086,0.318,2.396
2025-01-02T16:00:00,3.976,15.198,3.825,0.176,0.490,0.489
2025-01-02T17:00:00,3.067,15.307,3.838,0.436,0.398,2.349
2025-01-02T18:00:00,1.883,13.638,2.680,0.274,0.470,1.274
2025-01-02T19:00:00,0.000,3.574,1.021,0.279,0.298,0.525
2025-01-02T20:00:00,0.000,1.600,0.428,0.361,0.307,0.446
2025-01-02T21:00:00,0.000,0.700,0.353,0.391,0.496,0.435
2025-01-02T22:00:00,0.000,0.000,0.517,0.175,0.144,0.406
2025-01-02T23:00:00,0.000,0.000,0.424,0.056,0.039,0.118
2025-01-03T00:00:00,0.000,0.000,0.306,0.055,0.039,0.045
2025-01-03T01:00:00,0.000,0.000,0.409,0.057,0.039,0.048
2025-01-03T02:00:00,0.000,0.000,0.346,0.053,0.041,0.055
2025-01-03T03:00:00,0.000,0.000,0.466,0.067,0.043,0.049
2025-01-03T04:00:00,0.000,0.000,0.485,0.254,0.041,0.048
2025-01-03T05:00:00,0.000,0.000,0.323,0.253,0.040,0.050
2025-01-03T06:00:00,0.500,8.467,0.294,0.564,0.775,0.053
2025-01-03T07:00:00,1.750,9.544,0.271,0.601,0.918,1.036
2025-01-03T08:00:00,3.483,9.908,0.532,0.281,0.390,1.889
2025-01-03T09:00:00,1.446,9.181,1.144,0.448,0.376,0.781
2025-01-03T10:00:00,6.087,6.777,2.075,0.305,0.323,1.428
2025-01-03T11:00:00,6.337,4.793,3.026,0.691,0.263,0.399
2025-01-03T12:00:00,6.453,6.597,3.191,0.772,0.535,1.595
2025-01-03T13:00:00,6.333,18.480,3.123,0.635,0.215,0.432
2025-01-03T14:00:00,2.355,13.781,3.041,0.639,0.334,0.895
2025-01-03T15:00:00,3.230,15.612,2.969,0.175,0.112,0.988
2025-01-03T16:00:00,7.047,18.681,2.779,0.353,0.221,0.449
2025-01-03T17:00:00,3.102,15.942,2.983,0.644,0.309,0.415
2025-01-03T18:00:00,2.200,13.009,3.295,0.295,0.427,0.986
2025-01-03T19:00:00,2.714,10.000,1.620,0.259,0.324,1.213
2025-01-03T20:00:00,0.000,9.583,0.310,0.435,0.360,0.517
2025-01-03T21:00:00,0.000,0.000,0.299,0.606,0.411,0.508
2025-01-03T22:00:00,0.000,0.000,0.271,0.177,0.238,0.387
2025-01-03T23:00:00,0.000,0.000,0.554,0.055,0.039,0.160
2025-01-04T00:00:00,0.000,0.000,0.502,0.053,0.042,0.048
2025-01-04T01:00:00,0.000,0.000,0.464,0.054,0.041,0.047
2025-01-04T02:00:00,0.000,0.000,0.537,0.054,0.041,0.049
2025-01-04T03:00:00,0.000,0.000,0.439,0.063,0.040,0.055
2025-01-04T04:00:00,0.000,0.000,0.485,0.269,0.041,0.051
2025-01-04T05:00:00,0.000,0.073,0.439,0.179,0.041,0.047
2025-01-04T06:00:00,0.000,2.549,0.485,0.872,0.512,0.049
2025-01-04T07:00:00,0.000,8.832,0.439,0.499,0.932,0.394
2025-01-04T08:00:00,0.000,9.107,0.485,0.468,1.098,1.994
2025-01-04T09:00:00,0.000,12.244,0.696,0.148,1.829,1.834
2025-01-04T10:00:00,0.000,18.440,3.470,0.118,0.431,1.100
2025-01-04T11:00:00,0.000,18.492,3.933,0.608,3.906,2.171
2025-01-04T12:00:00,0.000,18.173,4.071,0.254,3.687,0.526
2025-01-04T13:00:00,0.000,16.377,3.783,0.254,1.180,1.098
2025-01-04T14:00:00,0.000,16.172,3.700,0.374,1.037,3.285
2025-01-04T15:00:00,0.000,13.031,3.311,0.055,1.504,2.298
2025-01-04T16:00:00,0.000,13.543,3.135,0.054,0.034,1.058
2025-01-04T17:00:00,0.000,18.558,3.078,0.277,0.274,0.452
2025-01-04T18:00:00,0.000,17.096,2.974,0.558,0.322,1.380
2025-01-04T19:00:00,0.000,12.412,0.418,1.099,0.243,1.548
2025-01-04T20:00:00,0.000,7.311,0.271,1.296,0.277,0.615
2025-01-04T21:00:00,0.000,0.000,0.191,0.585,0.283,0.530
2025-01-04T22:00:00,0.000,0.000,0.438,0.080,0.090,0.441
2025-01-04T23:00:00,0.000,0.000,0.293,0.057,0.039,0.369
2025-01-05T00:00:00,0.000,0.000,0.277,0.053,0.039,0.056
2025-01-05T01:00:00,0.000,0.000,0.380,0.048,0.042,0.046
2025-01-05T02:00:00,0.000,0.000,0.271,0.057,0.037,0.047
2025-01-05T03:00:00,0.000,0.000,0.288,0.206,0.042,0.058
2025-01-05T04:00:00,0.000,0.865,0.496,0.096,0.038,0.051
2025-01-05T05:00:00,0.000,2.760,0.209,0.093,0.050,0.049
2025-01-05T06:00:00,0.000,9.927,0.506,0.630,0.688,0.050
2025-01-05T07:00:00,0.000,12.443,0.383,1.390,0.935,0.790
2025-01-05T08:00:00,0.000,16.160,0.503,0.261,0.675,0.751
2025-01-05T09:00:00,0.000,11.270,0.904,0.270,0.329,0.587
2025-01-05T10:00:00,0.000,12.974,2.458,0.315,0.743,0.210
2025-01-05T11:00:00,0.000,13.661,2.836,0.522,1.711,0.223
2025-01-05T12:00:00,0.000,12.473,2.892,0.254,0.224,2.413
2025-01-05T13:00:00,0.000,13.442,3.061,0.910,0.399,1.723
2025-01-05T14:00:00,0.000,13.476,3.178,0.244,0.643,2.353
2025-01-05T15:00:00,0.000,15.148,3.442,0.074,1.222,0.426
2025-01-05T16:00:00,0.000,13.779,3.581,0.247,0.196,0.224
2025-01-05T17:00:00,0.000,12.967,3.294,0.056,0.788,0.380
2025-01-05T18:00:00,0.000,10.899,3.027,0.341,0.590,1.139
2025-01-05T19:00:00,0.000,8.833,0.937,0.561,0.497,1.132
2025-01-05T20:00:00,0.000,0.000,0.265,0.317,0.422,1.101
2025-01-05T21:00:00,0.000,0.000,0.214,0.387,0.393,0.431
2025-01-05T22:00:00,0.000,0.000,0.242,0.104,0.081,0.161
2025-01-05T23:00:00,0.000,0.000,0.282,0.054,0.040,0.069
2025-01-06T00:00:00,0.000,0.000,0.316,0.056,0.040,0.050
2025-01-06T01:00:00,0.000,0.000,0.214,0.055,0.042,0.056
2025-01-06T02:00:00,0.000,0.000,0.368,0.056,0.042,0.047
2025-01-06T03:00:00,0.000,0.000,0.248,0.184,0.041,0.048
2025-01-06T04:00:00,0.000,0.000,0.422,0.123,0.039,0.052
2025-01-06T05:00:00,0.000,4.663,0.237,0.377,0.040,0.056
2025-01-06T06:00:00,0.000,5.893,0.445,0.775,0.963,0.049
2025-01-06T07:00:00,0.210,6.187,0.231,0.866,1.039,0.936
2025-01-06T08:00:00,1.692,8.064,0.717,0.342,0.719,1.436
2025-01-06T09:00:00,4.330,8.748,1.975,0.122,0.606,1.486
2025-01-06T10:00:00,4.085,7.777,2.893,0.239,0.800,1.814
2025-01-06T11:00:00,4.403,7.473,2.856,1.153,0.305,1.371
2025-01-06T12:00:00,5.148,7.433,2.962,0.918,0.488,0.780
2025-01-06T13:00:00,5.597,14.983,2.691,0.341,0.299,2.972
2025-01-06T14:00:00,5.712,15.367,3.454,0.392,0.345,2.693
2025-01-06T15:00:00,4.610,16.137,3.766,0.276,0.395,1.865
2025-01-06T16:00:00,5.547,18.707,2.776,0.092,0.200,0.729
2025-01-06T17:00:00,2.731,18.520,2.951,0.517,0.333,1.654
2025-01-06T18:00:00,0.296,18.677,2.874,0.544,0.368,1.271
2025-01-06T19:00:00,0.000,9.806,3.086,0.400,0.282,0.738
2025-01-06T20:00:00,0.000,0.646,2.315,0.453,0.294,2.183
2025-01-06T21:00:00,0.000,0.000,0.371,0.411,0.325,3.884
2025-01-06T22:00:00,0.000,0.000,0.478,0.076,0.319,1.341
2025-01-06T23:00:00,0.000,0.000,0.508,0.056,0.237,0.049
2025-01-07T00:00:00,0.000,0.000,0.288,0.054,0.041,0.050
2025-01-07T01:00:00,0.000,0.000,0.438,0.054,0.041,0.047
2025-01-07T02:00:00,0.000,0.000,0.439,0.054,0.041,0.048
2025-01-07T03:00:00,0.000,0.000,0.451,0.056,0.041,0.049
2025-01-07T04:00:00,0.000,0.000,0.390,0.217,0.042,0.056
2025-01-07T05:00:00,0.000,2.682,0.513,0.091,0.040,0.047
2025-01-07T06:00:00,0.000,8.721,0.360,0.799,0.041,2.197
2025-01-07T07:00:00,0.097,6.392,0.530,0.712,0.788,1.777
2025-01-07T08:00:00,2.358,8.832,0.360,0.066,0.263,0.262
2025-01-07T09:00:00,4.169,8.175,1.337,0.054,0.034,0.046
2025-01-07T10:00:00,3.960,14.299,3.359,0.057,0.039,0.047
2025-01-07T11:00:00,3.709,10.992,3.581,0.053,0.040,0.050
2025-01-07T12:00:00,3.458,9.103,3.469,0.282,0.043,0.057
2025-01-07T13:00:00,1.280,13.843,4.023,0.979,0.041,0.294
2025-01-07T14:00:00,1.922,14.597,3.733,0.239,0.040,0.472
2025-01-07T15:00:00,4.585,16.963,3.965,0.169,0.041,0.287
2025-01-07T16:00:00,3.633,16.594,3.448,0.258,0.041,0.358
2025-01-07T17:00:00,2.695,10.472,2.895,0.873,0.068,1.212
2025-01-07T18:00:00,1.875,12.663,3.196,0.948,0.278,1.109
2025-01-07T19:00:00,0.000,9.834,1.887,1.435,1.447,0.949
2025-01-07T20:00:00,0.000,2.088,0.394,0.272,0.904,0.476
2025-01-07T21:00:00,0.000,0.800,0.625,0.597,0.604,0.387
2025-01-07T22:00:00,0.000,0.000,0.512,0.059,0.217,0.327
2025-01-07T23:00:00,0.000,0.000,0.368,0.056,0.041,0.199
2025-01-08T00:00:00,0.000,0.000,0.426,0.054,0.042,0.059
2025-01-08T01:00:00,0.000,0.000,0.513,0.054,0.042,0.047
2025-01-08T02:00:00,0.000,0.000,0.518,0.054,0.039,0.047
2025-01-08T03:00:00,0.000,0.000,0.423,0.056,0.042,0.049
2025-01-08T04:00:00,0.000,0.000,0.191,0.308,0.039,0.047
2025-01-08T05:00:00,0.000,1.438,0.271,0.305,0.041,0.048
2025-01-08T06:00:00,0.260,2.032,0.191,0.525,0.504,2.935
2025-01-08T07:00:00,0.240,7.312,0.271,0.200,0.629,1.773
2025-01-08T08:00:00,3.372,13.483,0.376,0.883,2.777,0.315
2025-01-08T09:00:00,5.847,12.787,0.696,0.315,2.508,0.060
2025-01-08T10:00:00,3.203,19.092,2.839,0.114,0.805,0.049
2025-01-08T11:00:00,4.945,18.711,2.573,0.597,0.042,0.050
2025-01-08T12:00:00,3.106,17.951,2.949,0.458,0.041,0.047
2025-01-08T13:00:00,3.293,18.291,3.254,0.385,0.041,0.057
2025-01-08T14:00:00,3.167,19.312,3.227,0.410,0.042,0.048
2025-01-08T15:00:00,3.183,18.367,2.995,0.456,0.041,0.250
2025-01-08T16:00:00,2.777,18.121,2.917,0.146,0.044,0.343
2025-01-08T17:00:00,4.790,11.631,3.113,0.152,0.156,0.953
2025-01-08T18:00:00,0.381,7.460,3.126,0.350,0.354,0.527
2025-01-08T19:00:00,0.000,11.095,1.647,0.397,0.251,1.649
2025-01-08T20:00:00,0.000,9.833,0.508,0.480,0.304,4.184
2025-01-08T21:00:00,0.000,5.500,0.322,0.466,0.395,3.233
2025-01-08T22:00:00,0.000,0.000,0.411,0.104,0.116,0.395
2025-01-08T23:00:00,0.000,0.000,0.502,0.072,0.040,0.053
2025-01-09T00:00:00,0.000,0.000,0.618,0.053,0.040,0.051
2025-01-09T01:00:00,0.000,0.000,0.460,0.053,0.040,0.046
2025-01-09T02:00:00,0.000,0.000,0.501,0.053,0.041,0.046
2025-01-09T03:00:00,0.000,0.000,0.451,0.055,0.041,0.051
2025-01-09T04:00:00,0.000,0.750,0.383,0.053,0.041,0.054
2025-01-09T05:00:00,0.000,6.533,0.530,0.079,0.094,0.050
2025-01-09T06:00:00,0.000,7.167,0.394,0.934,1.294,1.983
2025-01-09T07:00:00,0.000,10.664,0.676,0.509,0.771,1.031
2025-01-09T08:00:00,0.910,9.670,2.761,1.231,0.455,0.710
2025-01-09T09:00:00,4.425,8.015,3.233,0.780,0.043,0.049
2025-01-09T10:00:00,4.253,8.828,3.171,0.309,0.039,0.048
2025-01-09T11:00:00,4.195,5.967,3.198,0.982,0.042,0.050
2025-01-09T12:00:00,4.419,5.994,3.506,0.133,0.041,0.048
2025-01-09T13:00:00,4.143,10.510,3.049,0.113,0.040,0.050
2025-01-09T14:00:00,4.713,13.550,3.325,0.259,0.041,0.090
2025-01-09T15:00:00,6.544,15.990,3.253,0.478,0.042,0.267
2025-01-09T16:00:00,6.007,11.089,3.109,0.388,0.041,1.091
2025-01-09T17:00:00,3.312,11.578,2.611,0.143,0.045,1.902
2025-01-09T18:00:00,0.228,10.027,2.261,0.629,0.305,1.611
2025-01-09T19:00:00,0.000,8.528,0.535,0.509,0.309,1.398
2025-01-09T20:00:00,0.000,1.431,0.265,0.269,0.400,0.309
2025-01-09T21:00:00,0.000,0.000,0.307,0.375,0.487,0.330
2025-01-09T22:00:00,0.000,0.000,0.473,0.069,0.381,0.227
2025-01-09T23:00:00,0.000,0.000,0.484,0.054,0.239,0.059
2025-01-10T00:00:00,0.000,0.000,0.357,0.055,0.277,0.049
2025-01-10T01:00:00,0.000,0.000,0.214,0.053,0.175,0.049
2025-01-10T02:00:00,0.000,0.000,0.248,0.056,0.038,0.048
2025-01-10T03:00:00,0.000,0.000,0.300,0.053,0.041,0.050
2025-01-10T04:00:00,0.000,0.000,0.403,0.439,0.040,0.050
2025-01-10T05:00:00,0.000,1.719,0.484,0.256,0.040,0.054
2025-01-10T06:00:00,0.000,5.207,0.507,1.072,0.382,2.064
2025-01-10T07:00:00,0.480,13.524,0.473,0.871,0.778,1.687
2025-01-10T08:00:00,0.646,13.889,0.804,0.762,0.052,0.351
2025-01-10T09:00:00,2.810,14.378,1.977,0.585,0.040,0.049
2025-01-10T10:00:00,4.702,14.089,2.718,0.054,0.039,0.051
2025-01-10T11:00:00,3.342,13.813,3.329,0.227,0.039,0.049
2025-01-10T12:00:00,3.462,13.071,2.954,0.179,0.040,0.049
2025-01-10T13:00:00,3.899,13.359,3.470,0.637,0.041,0.056
2025-01-10T14:00:00,3.950,12.316,3.488,0.446,0.042,0.347
2025-01-10T15:00:00,5.832,13.615,3.630,0.352,0.041,0.425
2025-01-10T16:00:00,6.215,9.407,3.486,0.246,0.040,0.483
2025-01-10T17:00:00,2.002,4.330,3.796,0.253,0.487,1.555
2025-01-10T18:00:00,0.000,15.637,2.994,0.354,1.664,0.702
2025-01-10T19:00:00,0.000,15.442,0.736,0.771,0.585,1.754
2025-01-10T20:00:00,0.000,12.762,0.402,0.274,0.352,0.516
2025-01-10T21:00:00,0.000,1.250,0.426,0.465,0.540,1.462
2025-01-10T22:00:00,0.000,0.000,0.259,0.093,0.478,3.402
2025-01-10T23:00:00,0.000,0.000,0.391,0.072,0.041,2.385
2025-01-11T00:00:00,0.000,0.000,0.530,0.246,0.046,0.335
2025-01-11T01:00:00,0.000,0.000,0.368,0.256,0.041,0.051
2025-01-11T02:00:00,0.000,0.000,0.197,0.254,0.031,0.050
2025-01-11T03:00:00,0.000,0.000,0.271,0.256,0.043,0.047
2025-01-11T04:00:00,0.000,0.000,0.500,0.254,0.042,0.048
2025-01-11T05:00:00,0.000,1.532,0.531,0.241,0.042,0.049
2025-01-11T06:00:00,0.000,1.681,0.460,0.810,0.978,1.101
2025-01-11T07:00:00,0.000,13.432,0.590,0.337,0.542,1.157
2025-01-11T08:00:00,0.000,17.812,1.242,0.711,3.225,2.010
2025-01-11T09:00:00,0.000,11.805,2.823,0.911,3.054,1.208
2025-01-11T10:00:00,0.000,12.780,3.401,0.677,1.520,1.279
2025-01-11T11:00:00,0.000,11.599,3.200,1.975,3.008,2.045
2025-01-11T12:00:00,0.000,14.009,3.369,1.420,1.604,0.689
2025-01-11T13:00:00,0.000,13.351,2.282,0.766,0.281,0.485
2025-01-11T14:00:00,0.000,13.193,3.026,0.184,0.239,0.535
2025-01-11T15:00:00,0.000,13.367,3.058,0.577,0.302,0.450
2025-01-11T16:00:00,0.000,11.913,3.024,0.342,0.041,0.458
2025-01-11T17:00:00,0.000,12.005,3.205,0.282,0.557,0.420
2025-01-11T18:00:00,0.000,11.277,2.108,1.402,2.853,0.216
2025-01-11T19:00:00,0.000,11.535,2.171,1.083,2.412,1.018
2025-01-11T20:00:00,0.000,7.533,1.225,0.530,0.270,1.797
2025-01-11T21:00:00,0.000,0.000,0.271,0.377,0.457,0.271
2025-01-11T22:00:00,0.000,0.000,0.191,0.077,0.312,0.277
2025-01-11T23:00:00,0.000,0.000,0.519,0.055,0.041,0.267
2025-01-12T00:00:00,0.000,0.000,0.403,0.055,0.041,0.967
2025-01-12T01:00:00,0.000,0.000,0.443,0.055,0.039,0.054
2025-01-12T02:00:00,0.000,0.000,0.607,0.056,0.039,0.048
2025-01-12T03:00:00,0.000,0.000,0.485,0.055,0.041,0.048
2025-01-12T04:00:00,0.000,0.050,0.405,0.325,0.038,0.048
2025-01-12T05:00:00,0.000,2.508,0.451,0.339,0.041,0.047
2025-01-12T06:00:00,0.000,17.018,0.439,0.778,0.840,0.243
2025-01-12T07:00:00,0.000,17.730,0.417,0.731,0.574,0.390
2025-01-12T08:00:00,0.000,16.570,0.473,0.718,0.759,1.565
2025-01-12T09:00:00,0.000,18.320,1.564,0.538,0.615,1.479
2025-01-12T10:00:00,0.000,16.899,3.589,0.114,0.743,1.509
2025-01-12T11:00:00,0.000,18.442,3.627,0.914,1.678,1.692
2025-01-12T12:00:00,0.000,17.100,3.847,0.256,0.213,0.943
2025-01-12T13:00:00,0.000,6.150,3.198,0.683,1.339,3.403
2025-01-12T14:00:00,0.000,3.483,3.605,0.392,1.580,2.817
2025-01-12T15:00:00,0.000,11.054,3.614,0.226,0.465,3.071
2025-01-12T16:00:00,0.000,13.281,3.389,0.086,0.210,1.081
2025-01-12T17:00:00,0.000,11.900,2.962,0.505,0.462,0.267
2025-01-12T18:00:00,0.000,12.274,3.082,0.374,0.511,0.591
2025-01-12T19:00:00,0.000,3.409,2.985,0.373,0.361,1.403
2025-01-12T20:00:00,0.000,0.000,0.560,0.494,0.251,0.475
2025-01-12T21:00:00,0.000,0.000,0.455,0.248,0.304,0.303
2025-01-12T22:00:00,0.000,0.000,0.322,0.053,0.299,0.157
2025-01-12T23:00:00,0.000,0.000,0.294,0.055,0.283,0.048
2025-01-13T00:00:00,0.000,0.000,0.548,0.052,0.044,0.049
2025-01-13T01:00:00,0.000,0.000,0.420,0.054,0.040,0.056
2025-01-13T02:00:00,0.000,0.000,0.208,0.054,0.039,0.047
2025-01-13T03:00:00,0.000,0.000,0.254,0.054,0.041,0.050
2025-01-13T04:00:00,0.000,0.000,0.255,0.091,0.046,0.049
2025-01-13T05:00:00,0.000,0.783,0.443,0.092,0.042,0.049
2025-01-13T06:00:00,0.000,1.417,0.300,0.696,0.041,1.746
2025-01-13T07:00:00,0.000,7.699,0.456,0.829,0.859,1.615
2025-01-13T08:00:00,0.220,14.481,1.594,1.029,0.098,1.791
2025-01-13T09:00:00,1.039,12.763,2.315,0.572,0.042,0.382
2025-01-13T10:00:00,3.327,12.824,3.215,0.820,0.042,0.211
2025-01-13T11:00:00,2.957,11.375,3.627,0.645,0.040,0.332
2025-01-13T12:00:00,3.744,14.653,3.500,0.332,0.039,0.431
2025-01-13T13:00:00,3.225,18.687,3.340,0.374,0.041,0.276
2025-01-13T14:00:00,4.005,18.339,3.262,0.393,0.042,0.347
2025-01-13T15:00:00,6.135,18.527,2.633,0.274,0.041,0.265
2025-01-13T16:00:00,6.080,18.840,2.579,1.459,0.040,0.341
2025-01-13T17:00:00,5.923,18.413,1.711,0.329,0.472,0.300
2025-01-13T18:00:00,4.920,18.285,1.156,0.308,0.275,0.306
2025-01-13T19:00:00,0.000,16.913,0.596,0.381,3.170,1.080
2025-01-13T20:00:00,0.000,4.806,0.383,0.500,2.824,1.204
2025-01-13T21:00:00,0.000,0.000,0.530,0.626,0.633,0.620
2025-01-13T22:00:00,0.000,0.000,0.403,0.068,0.214,0.958
2025-01-13T23:00:00,0.000,0.000,0.368,0.056,0.042,0.047
2025-01-14T00:00:00,0.000,0.000,0.426,0.056,0.040,0.047
2025-01-14T01:00:00,0.000,0.000,0.288,0.056,0.041,0.048
2025-01-14T02:00:00,0.000,0.000,0.385,0.060,0.039,0.050
2025-01-14T03:00:00,0.000,0.000,0.311,0.078,0.042,0.052
2025-01-14T04:00:00,0.000,0.000,0.385,0.114,0.043,0.058
2025-01-14T05:00:00,0.000,0.000,0.535,0.285,0.038,0.053
2025-01-14T06:00:00,0.000,8.842,0.383,0.468,0.629,1.353
2025-01-14T07:00:00,0.000,6.216,0.489,0.188,1.177,1.407
2025-01-14T08:00:00,3.662,7.982,0.621,0.254,1.939,0.361
2025-01-14T09:00:00,3.578,8.365,1.545,0.253,0.039,1.364
2025-01-14T10:00:00,3.598,8.100,2.940,0.088,0.042,0.117
2025-01-14T11:00:00,3.662,8.325,3.223,0.218,0.039,0.192
2025-01-14T12:00:00,3.442,13.261,3.146,0.451,0.039,0.163
2025-01-14T13:00:00,3.425,15.609,3.158,1.148,0.042,0.257
2025-01-14T14:00:00,4.844,16.570,3.128,0.551,0.042,0.176
2025-01-14T15:00:00,5.432,14.440,3.308,1.085,0.041,0.639
2025-01-14T16:00:00,6.189,16.130,3.302,0.453,0.041,0.629
2025-01-14T17:00:00,5.695,13.717,3.268,0.221,0.085,0.907
2025-01-14T18:00:00,2.167,8.159,3.222,0.235,0.995,1.161
2025-01-14T19:00:00,0.000,1.078,2.309,0.446,0.500,1.568
2025-01-14T20:00:00,0.000,0.000,1.151,0.198,1.182,0.786
2025-01-14T21:00:00,0.000,0.000,0.379,0.222,0.590,0.369
2025-01-14T22:00:00,0.000,0.000,0.410,0.056,0.756,2.511
2025-01-14T23:00:00,0.000,0.000,0.454,0.052,0.042,1.775
2025-01-15T00:00:00,0.000,0.000,0.369,0.055,0.040,0.049
2025-01-15T01:00:00,0.000,0.000,0.259,0.054,0.041,0.050
2025-01-15T02:00:00,0.000,0.000,0.180,0.055,0.042,0.051
2025-01-15T03:00:00,0.000,0.000,0.397,0.057,0.039,0.056
2025-01-15T04:00:00,0.000,0.000,0.519,0.279,0.042,0.043
2025-01-15T05:00:00,0.000,0.000,0.371,0.084,0.041,0.165
2025-01-15T06:00:00,0.000,1.790,0.448,0.664,0.779,1.473
2025-01-15T07:00:00,0.000,8.110,0.397,0.171,0.853,1.272
2025-01-15T08:00:00,2.520,13.875,1.149,0.686,0.410,0.766
2025-01-15T09:00:00,3.963,9.009,2.762,0.145,0.042,0.084
2025-01-15T10:00:00,4.032,8.314,3.303,0.054,0.040,0.084
2025-01-15T11:00:00,4.237,6.817,3.131,0.204,0.047,0.249
2025-01-15T12:00:00,4.129,3.000,3.245,0.379,0.042,0.253
2025-01-15T13:00:00,2.138,12.263,2.061,0.251,0.037,0.413
2025-01-15T14:00:00,1.545,12.440,2.230,0.273,0.042,0.485
2025-01-15T15:00:00,1.900,12.580,3.210,0.991,0.040,0.172
2025-01-15T16:00:00,1.560,17.006,3.357,0.340,0.040,0.222
2025-01-15T17:00:00,4.043,17.853,3.197,1.147,0.057,0.402
2025-01-15T18:00:00,3.000,17.233,3.337,0.368,0.213,2.527
2025-01-15T19:00:00,0.000,8.903,2.646,0.338,0.426,1.089
2025-01-15T20:00:00,0.000,2.353,0.685,0.470,0.404,0.818
2025-01-15T21:00:00,0.000,0.000,0.272,0.409,0.437,4.002
2025-01-15T22:00:00,0.000,0.000,0.237,0.068,0.287,3.590
2025-01-15T23:00:00,0.000,0.000,0.271,0.055,0.042,0.055
2025-01-16T00:00:00,0.000,0.000,0.475,0.052,0.039,0.052
2025-01-16T01:00:00,0.000,0.000,0.466,0.056,0.041,0.048
2025-01-16T02:00:00,0.000,0.000,0.530,0.056,0.041,0.048
2025-01-16T03:00:00,0.000,0.000,0.360,0.054,0.041,0.048
2025-01-16T04:00:00,0.000,0.000,0.530,0.193,0.040,0.049
2025-01-16T05:00:00,0.000,0.000,0.360,0.519,0.042,0.050
2025-01-16T06:00:00,0.000,0.633,0.530,0.477,0.743,1.662
2025-01-16T07:00:00,0.616,6.131,0.360,0.236,0.964,2.143
2025-01-16T08:00:00,2.810,3.601,0.547,2.237,0.772,0.282
2025-01-16T09:00:00,3.529,6.817,0.746,0.727,0.253,0.047
2025-01-16T10:00:00,3.593,7.110,3.145,0.161,0.453,0.050
2025-01-16T11:00:00,3.263,7.705,3.243,0.492,0.102,0.047
2025-01-16T12:00:00,2.864,13.313,3.288,0.192,0.040,0.048
2025-01-16T13:00:00,2.992,13.102,3.652,0.256,0.039,0.052
2025-01-16T14:00:00,2.992,13.749,3.693,0.250,0.041,0.305
2025-01-16T15:00:00,2.533,11.861,3.927,1.312,0.040,0.482
2025-01-16T16:00:00,6.073,11.420,4.005,0.520,0.041,0.235
2025-01-16T17:00:00,3.130,12.917,3.887,0.531,0.041,1.862
2025-01-16T18:00:00,2.250,12.873,3.781,0.255,1.466,1.330
2025-01-16T19:00:00,0.083,9.133,2.519,0.250,2.813,1.433
2025-01-16T20:00:00,0.000,1.183,0.443,0.446,1.207,0.507
2025-01-16T21:00:00,0.000,0.000,0.322,0.870,0.391,0.481
2025-01-16T22:00:00,0.000,0.000,0.502,0.067,0.195,0.514
2025-01-16T23:00:00,0.000,0.000,0.277,0.053,0.040,0.066
2025-01-17T00:00:00,0.000,0.000,0.466,0.056,0.042,0.050
2025-01-17T01:00:00,0.000,0.000,0.462,0.053,0.039,0.049
2025-01-17T02:00:00,0.000,0.000,0.428,0.054,0.042,0.049
2025-01-17T03:00:00,0.000,0.000,0.428,0.088,0.041,0.055
2025-01-17T04:00:00,0.000,0.500,0.288,0.091,0.040,0.047
2025-01-17T05:00:00,0.000,4.333,0.356,0.113,0.039,0.051
2025-01-17T06:00:00,0.000,6.527,0.491,0.207,0.106,2.041
2025-01-17T07:00:00,2.417,18.660,0.405,0.537,1.013,1.287
2025-01-17T08:00:00,2.935,18.953,1.226,0.369,0.069,0.237
2025-01-17T09:00:00,6.443,18.553,2.613,0.089,0.041,0.050
2025-01-17T10:00:00,6.380,17.450,2.768,0.055,0.041,0.047
2025-01-17T11:00:00,5.747,17.140,3.257,0.163,0.041,0.048
2025-01-17T12:00:00,5.800,17.490,3.628,0.312,0.041,0.048
2025-01-17T13:00:00,5.657,19.297,3.869,0.051,0.041,0.050
2025-01-17T14:00:00,5.967,19.050,3.717,0.109,0.039,0.050
2025-01-17T15:00:00,1.723,10.413,3.867,0.961,0.039,0.151
2025-01-17T16:00:00,1.694,9.833,3.373,0.213,0.039,0.137
2025-01-17T17:00:00,4.500,14.048,3.838,0.053,0.046,1.374
2025-01-17T18:00:00,2.223,10.093,3.056,0.056,0.955,1.442
2025-01-17T19:00:00,0.875,6.645,1.540,0.467,0.284,0.815
2025-01-17T20:00:00,0.000,4.833,0.883,0.240,0.444,1.286
2025-01-17T21:00:00,0.000,0.167,0.430,0.271,0.313,3.312
2025-01-17T22:00:00,0.000,0.000,0.405,0.070,0.387,1.579
2025-01-17T23:00:00,0.000,0.000,0.479,0.053,0.204,0.051
2025-01-18T00:00:00,0.000,0.000,0.467,0.058,0.041,0.047
2025-01-18T01:00:00,0.000,0.000,0.180,0.054,0.046,0.050
2025-01-18T02:00:00,0.000,0.000,0.265,0.054,0.042,0.051
2025-01-18T03:00:00,0.000,0.000,0.180,0.054,0.036,0.047
2025-01-18T04:00:00,0.000,0.125,0.265,0.155,0.036,0.058
2025-01-18T05:00:00,0.000,8.007,0.180,0.254,0.042,0.048
2025-01-18T06:00:00,0.000,15.799,0.265,0.771,0.085,1.042
2025-01-18T07:00:00,0.000,12.850,0.180,0.715,0.376,0.076
2025-01-18T08:00:00,0.000,7.932,0.376,0.891,1.253,0.047
2025-01-18T09:00:00,0.000,2.896,0.681,0.689,0.697,1.589
2025-01-18T10:00:00,0.000,5.814,3.625,0.054,0.154,1.061
2025-01-18T11:00:00,0.000,17.453,4.091,0.056,1.497,4.279
2025-01-18T12:00:00,0.000,16.847,3.698,0.054,0.444,1.209
2025-01-18T13:00:00,0.000,17.660,3.438,0.055,0.393,0.692
2025-01-18T14:00:00,0.000,17.232,3.257,0.054,1.532,3.716
2025-01-18T15:00:00,0.000,18.045,3.314,0.049,0.262,2.508
2025-01-18T16:00:00,0.000,16.753,3.416,0.055,0.041,0.450
2025-01-18T17:00:00,0.000,18.230,3.704,0.054,0.344,1.724
2025-01-18T18:00:00,0.000,14.072,2.599,0.061,0.254,1.559
2025-01-18T19:00:00,0.000,0.997,0.576,0.907,0.261,0.894
2025-01-18T20:00:00,0.000,0.000,0.578,0.260,0.299,0.541
2025-01-18T21:00:00,0.000,0.000,0.283,0.412,0.251,0.625
2025-01-18T22:00:00,0.000,0.000,0.265,0.057,0.195,0.489
2025-01-18T23:00:00,0.000,0.000,0.392,0.053,0.073,0.176
2025-01-19T00:00:00,0.000,0.000,0.385,0.056,0.041,0.276
2025-01-19T01:00:00,0.000,0.000,0.300,0.054,0.042,0.169
2025-01-19T02:00:00,0.000,0.000,0.520,0.054,0.040,0.052
2025-01-19T03:00:00,0.000,0.000,0.498,0.086,0.039,0.049
2025-01-19T04:00:00,0.000,0.000,0.411,0.089,0.042,0.050
2025-01-19T05:00:00,0.000,2.453,0.513,0.222,0.039,0.046
2025-01-19T06:00:00,0.000,5.663,0.383,0.678,0.991,1.382
2025-01-19T07:00:00,0.000,19.300,0.897,0.736,0.192,0.299
2025-01-19T08:00:00,0.000,17.977,2.079,0.207,1.123,0.910
2025-01-19T09:00:00,0.000,17.227,3.442,0.836,1.239,2.258
2025-01-19T10:00:00,0.000,17.597,3.216,0.058,0.555,1.106
2025-01-19T11:00:00,0.000,18.420,3.688,0.071,1.608,1.460
2025-01-19T12:00:00,0.000,17.770,3.634,0.254,0.570,2.202
2025-01-19T13:00:00,0.000,17.460,3.288,0.092,1.681,0.446
2025-01-19T14:00:00,0.000,17.823,3.368,0.061,2.877,1.239
2025-01-19T15:00:00,0.000,18.007,3.041,0.888,0.718,0.399
2025-01-19T16:00:00,0.000,8.450,2.264,0.781,1.082,1.102
2025-01-19T17:00:00,0.000,13.003,2.908,0.588,0.863,0.406
2025-01-19T18:00:00,0.000,9.454,2.338,0.406,0.234,0.670
2025-01-19T19:00:00,0.000,0.570,0.899,0.265,0.297,1.141
2025-01-19T20:00:00,0.000,0.000,0.497,0.175,0.329,0.556
2025-01-19T21:00:00,0.000,0.000,0.420,0.506,0.302,0.341
2025-01-19T22:00:00,0.000,0.000,0.334,0.088,0.198,0.284
2025-01-19T23:00:00,0.000,0.000,0.486,0.054,0.048,0.215
2025-01-20T00:00:00,0.000,0.000,0.368,0.053,0.039,0.047
2025-01-20T01:00:00,0.000,0.000,0.460,0.055,0.041,0.051
2025-01-20T02:00:00,0.000,0.000,0.507,0.053,0.041,0.060
2025-01-20T03:00:00,0.000,0.000,0.383,0.085,0.039,0.049
2025-01-20T04:00:00,0.000,0.000,0.441,0.253,0.042,0.046
2025-01-20T05:00:00,0.000,1.550,0.490,0.241,0.039,0.048
2025-01-20T06:00:00,0.458,2.726,0.271,0.683,0.940,1.160
2025-01-20T07:00:00,2.167,8.999,0.237,0.817,0.971,2.023
2025-01-20T08:00:00,3.241,7.417,0.359,0.071,0.466,0.573
2025-01-20T09:00:00,4.290,8.457,2.894,0.073,0.365,0.238
2025-01-20T10:00:00,5.605,9.043,3.628,0.076,0.257,0.048
2025-01-20T11:00:00,6.483,11.880,3.120,0.161,0.041,0.049
2025-01-20T12:00:00,6.069,10.483,3.218,0.535,0.390,0.058
2025-01-20T13:00:00,4.053,11.917,3.341,0.378,0.353,0.049
2025-01-20T14:00:00,4.527,13.992,3.574,0.212,0.281,0.068
2025-01-20T15:00:00,5.249,14.531,3.483,1.061,0.263,0.083
2025-01-20T16:00:00,1.393,9.540,3.320,1.369,0.240,0.347
2025-01-20T17:00:00,0.400,13.781,3.224,0.782,0.283,0.300
2025-01-20T18:00:00,0.187,15.800,1.744,0.054,0.320,0.480
2025-01-20T19:00:00,0.000,7.287,1.403,0.055,0.349,2.208
2025-01-20T20:00:00,0.000,0.750,0.406,0.059,0.379,0.486
2025-01-20T21:00:00,0.000,0.000,0.242,0.642,0.298,1.146
2025-01-20T22:00:00,0.000,0.000,0.265,0.112,0.335,0.319
2025-01-20T23:00:00,0.000,0.000,0.421,0.073,0.249,0.048
2025-01-21T00:00:00,0.000,0.000,0.473,0.054,0.274,0.048
2025-01-21T01:00:00,0.000,0.000,0.379,0.053,0.281,0.049
2025-01-21T02:00:00,0.000,0.000,0.352,0.054,0.331,0.050
2025-01-21T03:00:00,0.000,0.000,0.438,0.055,0.276,0.047
2025-01-21T04:00:00,0.000,0.000,0.419,0.066,0.255,0.059
2025-01-21T05:00:00,0.000,1.600,0.519,0.091,0.237,0.048
2025-01-21T06:00:00,0.000,7.770,0.383,0.087,0.309,1.887
2025-01-21T07:00:00,0.000,12.010,0.541,0.754,1.258,1.549
2025-01-21T08:00:00,0.233,10.943,1.067,1.485,0.403,0.791
2025-01-21T09:00:00,3.734,6.543,3.256,0.811,0.112,0.049
2025-01-21T10:00:00,3.930,7.858,3.249,0.060,0.039,0.051
2025-01-21T11:00:00,4.945,13.849,3.500,0.342,0.039,0.055
2025-01-21T12:00:00,5.325,17.992,3.823,0.253,0.037,0.048
2025-01-21T13:00:00,5.870,19.084,3.949,0.774,0.041,0.050
2025-01-21T14:00:00,4.728,19.472,4.075,0.333,0.041,0.053
2025-01-21T15:00:00,4.199,17.578,3.728,0.271,0.041,0.069
2025-01-21T16:00:00,3.267,17.563,3.478,0.251,0.052,0.531
2025-01-21T17:00:00,0.000,14.084,3.353,0.216,0.043,1.623
2025-01-21T18:00:00,0.000,11.830,3.070,0.466,0.191,1.572
2025-01-21T19:00:00,0.000,11.667,1.248,0.360,0.326,3.704
2025-01-21T20:00:00,0.000,0.000,0.381,0.253,0.377,2.373
2025-01-21T21:00:00,0.000,0.000,0.305,0.413,0.416,0.279
2025-01-21T22:00:00,0.000,0.000,0.467,0.101,0.203,0.117
2025-01-21T23:00:00,0.000,0.000,0.506,0.054,0.042,0.048
2025-01-22T00:00:00,0.000,0.000,0.311,0.054,0.041,0.050
2025-01-22T01:00:00,0.000,0.000,0.293,0.056,0.041,0.049
2025-01-22T02:00:00,0.000,0.000,0.191,0.055,0.040,0.049
2025-01-22T03:00:00,0.000,0.000,0.248,0.054,0.040,0.056
2025-01-22T04:00:00,0.000,0.400,0.214,0.329,0.042,0.047
2025-01-22T05:00:00,0.000,2.535,0.214,0.610,0.039,0.748
2025-01-22T06:00:00,0.250,12.303,0.254,0.706,0.578,1.795
2025-01-22T07:00:00,2.428,13.610,0.471,0.943,0.810,1.377
2025-01-22T08:00:00,3.064,13.240,1.649,1.603,0.045,0.196
2025-01-22T09:00:00,3.125,12.470,2.605,0.624,0.042,0.052
2025-01-22T10:00:00,1.919,13.067,3.086,0.163,0.042,0.051
2025-01-22T11:00:00,6.150,11.428,3.457,0.510,0.040,0.049
2025-01-22T12:00:00,4.305,10.978,3.349,0.690,0.041,0.050
2025-01-22T13:00:00,3.833,12.832,3.551,0.272,0.042,0.276
2025-01-22T14:00:00,4.516,12.402,2.869,0.279,0.041,0.281
2025-01-22T15:00:00,5.983,12.860,2.646,0.291,0.041,0.133
2025-01-22T16:00:00,3.671,11.173,2.578,0.092,0.041,0.083
2025-01-22T17:00:00,1.486,10.723,2.999,0.941,0.054,0.360
2025-01-22T18:00:00,0.000,2.460,2.404,0.244,0.992,0.600
2025-01-22T19:00:00,0.000,9.270,0.631,0.253,0.722,1.597
2025-01-22T20:00:00,0.000,3.896,0.541,0.252,0.449,0.386
2025-01-22T21:00:00,0.000,0.098,0.383,0.268,0.522,1.203
2025-01-22T22:00:00,0.000,0.000,0.466,0.093,0.505,0.469
2025-01-22T23:00:00,0.000,0.000,0.259,0.055,0.079,0.245
2025-01-23T00:00:00,0.000,0.000,0.368,0.056,0.043,0.050
2025-01-23T01:00:00,0.000,0.000,0.449,0.056,0.039,0.051
2025-01-23T02:00:00,0.000,0.000,0.480,0.054,0.039,0.061
2025-01-23T03:00:00,0.000,0.000,0.439,0.057,0.043,0.046
2025-01-23T04:00:00,0.000,0.000,0.451,0.085,0.041,0.044
2025-01-23T05:00:00,0.000,1.950,0.473,0.140,0.041,0.051
2025-01-23T06:00:00,0.000,6.903,0.417,1.068,0.921,1.504
2025-01-23T07:00:00,0.112,9.444,0.520,0.134,1.071,0.697
2025-01-23T08:00:00,0.579,8.475,2.302,1.315,0.423,0.142
2025-01-23T09:00:00,1.078,9.210,2.665,0.592,0.083,0.048
2025-01-23T10:00:00,4.099,19.143,3.229,1.252,0.041,0.047
2025-01-23T11:00:00,4.225,18.863,3.112,0.320,0.041,0.053
2025-01-23T12:00:00,4.145,18.733,2.958,0.642,0.040,0.049
2025-01-23T13:00:00,3.915,18.973,3.241,0.270,0.042,0.193
2025-01-23T14:00:00,4.007,18.542,4.200,0.250,0.039,0.415
2025-01-23T15:00:00,4.172,18.683,3.681,0.836,0.041,0.233
2025-01-23T16:00:00,5.305,12.005,3.277,1.320,0.050,0.308
2025-01-23T17:00:00,1.201,7.694,3.192,0.109,0.134,0.979
2025-01-23T18:00:00,0.261,11.777,2.709,0.609,0.354,1.580
2025-01-23T19:00:00,0.000,5.000,0.778,0.212,3.848,1.728
2025-01-23T20:00:00,0.000,0.000,0.341,0.055,3.077,3.529
2025-01-23T21:00:00,0.000,0.000,0.358,0.379,0.504,2.321
2025-01-23T22:00:00,0.000,0.000,0.530,0.884,0.318,0.122
2025-01-23T23:00:00,0.000,0.000,0.312,0.054,0.179,0.068
2025-01-24T00:00:00,0.000,0.000,0.333,0.054,0.042,0.047
2025-01-24T01:00:00,0.000,0.000,0.186,0.055,0.041,0.050
2025-01-24T02:00:00,0.000,0.000,0.259,0.054,0.039,0.048
2025-01-24T03:00:00,0.000,0.000,0.186,0.054,0.041,0.051
2025-01-24T04:00:00,0.000,0.000,0.259,0.053,0.042,0.055
2025-01-24T05:00:00,0.000,0.300,0.186,0.267,0.040,0.058
2025-01-24T06:00:00,0.000,2.335,0.312,0.739,0.038,1.340
2025-01-24T07:00:00,0.190,9.215,0.455,0.799,0.837,1.481
2025-01-24T08:00:00,1.844,13.571,0.534,0.084,0.267,0.334
2025-01-24T09:00:00,2.250,14.430,1.195,0.076,0.041,0.211
2025-01-24T10:00:00,2.343,13.230,3.115,0.056,0.037,0.047
2025-01-24T11:00:00,3.470,13.983,3.180,0.070,0.041,0.051
2025-01-24T12:00:00,3.609,10.790,3.253,0.654,0.041,0.243
2025-01-24T13:00:00,4.091,9.347,3.308,1.097,0.042,0.288
2025-01-24T14:00:00,4.007,9.683,2.974,1.138,0.040,0.345
2025-01-24T15:00:00,3.988,9.093,3.120,0.326,0.040,0.230
2025-01-24T16:00:00,5.080,13.687,2.549,0.814,0.041,0.108
2025-01-24T17:00:00,4.679,14.740,3.214,0.417,0.038,0.127
2025-01-24T18:00:00,4.000,12.298,2.942,0.195,0.039,2.348
2025-01-24T19:00:00,1.333,1.920,2.853,0.248,0.046,4.003
2025-01-24T20:00:00,0.000,0.393,1.190,0.494,0.572,2.710
2025-01-24T21:00:00,0.000,0.000,0.391,0.325,0.310,0.227
2025-01-24T22:00:00,0.000,0.000,0.514,0.171,0.083,0.224
2025-01-24T23:00:00,0.000,0.000,0.331,0.056,0.052,0.047
2025-01-25T00:00:00,0.000,0.000,0.316,0.060,0.039,0.056
2025-01-25T01:00:00,0.000,0.000,0.328,0.053,0.041,0.046
2025-01-25T02:00:00,0.000,0.000,0.231,0.056,0.040,0.047
2025-01-25T03:00:00,0.000,0.000,0.322,0.078,0.042,0.055
2025-01-25T04:00:00,0.000,0.665,0.495,0.133,0.034,0.048
2025-01-25T05:00:00,0.000,1.038,0.405,0.134,0.515,0.047
2025-01-25T06:00:00,0.000,5.916,0.519,0.745,0.507,0.070
2025-01-25T07:00:00,0.000,11.007,0.383,0.501,0.724,2.131
2025-01-25T08:00:00,0.000,13.504,0.519,0.886,2.073,3.282
2025-01-25T09:00:00,0.000,11.848,0.586,0.572,0.438,1.889
2025-01-25T10:00:00,0.000,13.516,2.859,0.056,2.937,2.153
2025-01-25T11:00:00,0.000,9.943,3.398,0.056,4.224,2.748
2025-01-25T12:00:00,0.000,7.460,3.116,0.053,0.430,0.586
2025-01-25T13:00:00,0.000,11.799,3.441,0.053,0.543,2.108
2025-01-25T14:00:00,0.000,12.605,3.296,0.664,1.550,3.346
2025-01-25T15:00:00,0.000,11.953,3.113,0.757,0.197,2.704
2025-01-25T16:00:00,0.000,11.379,2.970,0.601,0.041,0.197
2025-01-25T17:00:00,0.000,10.225,3.583,0.213,0.047,0.366
2025-01-25T18:00:00,0.000,11.950,3.206,0.184,3.100,0.339
2025-01-25T19:00:00,0.000,9.496,2.394,0.386,2.306,0.330
2025-01-25T20:00:00,0.000,8.306,0.795,0.520,0.083,0.472
2025-01-25T21:00:00,0.000,0.000,0.462,0.232,0.375,0.127
2025-01-25T22:00:00,0.000,0.000,0.518,0.055,0.085,0.298
2025-01-25T23:00:00,0.000,0.000,0.350,0.054,0.043,0.085
2025-01-26T00:00:00,0.000,0.000,0.583,0.054,0.040,0.054
2025-01-26T01:00:00,0.000,0.000,0.396,0.054,0.040,0.056
2025-01-26T02:00:00,0.000,0.000,0.237,0.055,0.041,0.048
2025-01-26T03:00:00,0.000,0.000,0.391,0.256,0.041,0.048
2025-01-26T04:00:00,0.000,0.000,0.265,0.252,0.040,0.048
2025-01-26T05:00:00,0.000,1.750,0.180,0.415,0.119,0.049
2025-01-26T06:00:00,0.000,7.215,0.254,0.710,0.360,1.040
2025-01-26T07:00:00,0.000,15.577,0.272,1.028,1.044,0.674
2025-01-26T08:00:00,0.000,17.290,0.784,0.587,1.078,1.458
2025-01-26T09:00:00,0.000,18.442,2.826,0.293,0.772,0.753
2025-01-26T10:00:00,0.000,18.527,3.117,0.172,0.434,0.201
2025-01-26T11:00:00,0.000,11.329,3.360,0.567,0.044,0.143
2025-01-26T12:00:00,0.000,10.204,3.447,0.077,0.038,0.816
2025-01-26T13:00:00,0.000,14.321,3.369,0.280,1.317,0.448
2025-01-26T14:00:00,0.000,18.087,3.307,0.502,0.939,1.879
2025-01-26T15:00:00,0.000,18.303,3.311,0.870,0.104,0.090
2025-01-26T16:00:00,0.000,17.469,3.268,0.599,0.070,0.062
2025-01-26T17:00:00,0.000,19.082,3.130,0.218,0.248,2.783
2025-01-26T18:00:00,0.000,14.472,3.341,0.109,1.248,1.493
2025-01-26T19:00:00,0.000,3.176,1.097,0.218,0.703,1.347
2025-01-26T20:00:00,0.000,0.436,0.373,0.788,0.582,0.546
2025-01-26T21:00:00,0.000,0.000,0.248,0.323,0.486,1.738
2025-01-26T22:00:00,0.000,0.000,0.391,0.171,0.352,2.808
2025-01-26T23:00:00,0.000,0.000,0.300,0.170,0.050,1.226
2025-01-27T00:00:00,0.000,0.000,0.449,0.058,0.040,0.309
2025-01-27T01:00:00,0.000,0.000,0.373,0.055,0.041,0.367
2025-01-27T02:00:00,0.000,0.000,0.180,0.057,0.042,0.347
2025-01-27T03:00:00,0.000,0.000,0.364,0.082,0.040,0.302
2025-01-27T04:00:00,0.000,0.000,0.491,0.251,0.040,0.335
2025-01-27T05:00:00,0.000,6.267,0.360,0.436,0.041,0.345
2025-01-27T06:00:00,0.000,8.349,0.496,0.542,0.865,1.711
2025-01-27T07:00:00,1.922,8.030,0.394,0.434,0.119,2.076
2025-01-27T08:00:00,1.013,6.636,1.275,0.584,0.064,1.508
2025-01-27T09:00:00,2.713,10.573,3.420,0.056,0.040,0.313
2025-01-27T10:00:00,1.978,2.630,3.344,0.053,0.040,0.221
2025-01-27T11:00:00,1.017,7.200,3.230,0.055,0.040,0.212
2025-01-27T12:00:00,6.043,7.767,3.156,0.247,0.041,0.246
2025-01-27T13:00:00,6.127,17.370,3.426,0.119,0.043,0.196
2025-01-27T14:00:00,6.309,17.323,3.183,0.397,0.038,0.327
2025-01-27T15:00:00,6.733,13.307,3.164,0.086,0.040,0.156
2025-01-27T16:00:00,5.667,18.233,3.013,0.060,0.041,0.281
2025-01-27T17:00:00,5.728,17.462,3.140,0.054,0.039,0.326
2025-01-27T18:00:00,1.016,16.564,3.352,0.174,0.220,0.331
2025-01-27T19:00:00,0.000,12.995,2.260,0.141,0.411,0.696
2025-01-27T20:00:00,0.000,9.011,0.538,0.076,0.527,1.226
2025-01-27T21:00:00,0.000,0.000,0.294,0.125,0.334,0.306
2025-01-27T22:00:00,0.000,0.000,0.305,0.110,0.284,0.346
2025-01-27T23:00:00,0.000,0.000,0.467,0.056,0.041,0.282
2025-01-28T00:00:00,0.000,0.000,0.300,0.056,0.042,0.104
2025-01-28T01:00:00,0.000,0.000,0.391,0.056,0.041,0.055
2025-01-28T02:00:00,0.000,0.000,0.231,0.053,0.042,0.046
2025-01-28T03:00:00,0.000,0.000,0.214,0.053,0.040,0.048
2025-01-28T04:00:00,0.000,0.000,0.214,0.184,0.041,0.056
2025-01-28T05:00:00,0.000,1.583,0.231,0.701,0.041,0.048
2025-01-28T06:00:00,0.000,4.646,0.197,0.630,0.852,1.034
2025-01-28T07:00:00,0.000,8.663,0.289,0.376,0.146,0.952
2025-01-28T08:00:00,2.663,8.102,0.490,2.061,0.561,0.341
2025-01-28T09:00:00,2.113,9.382,0.830,1.453,0.130,0.118
2025-01-28T10:00:00,3.638,7.740,3.218,0.826,0.042,0.506
2025-01-28T11:00:00,3.548,9.370,3.282,0.525,0.043,0.091
2025-01-28T12:00:00,3.610,6.768,3.017,0.056,0.041,0.124
2025-01-28T13:00:00,3.607,11.902,3.148,0.185,0.041,0.218
2025-01-28T14:00:00,3.328,13.503,3.790,0.185,0.038,0.174
2025-01-28T15:00:00,3.717,12.977,3.238,0.061,0.035,0.067
2025-01-28T16:00:00,3.685,13.850,2.967,0.574,0.042,1.477
2025-01-28T17:00:00,0.421,18.860,3.108,1.002,0.041,0.533
2025-01-28T18:00:00,0.000,18.650,3.117,0.947,0.040,0.606
2025-01-28T19:00:00,0.000,12.070,2.492,0.615,0.830,0.621
2025-01-28T20:00:00,0.000,0.787,1.754,0.266,0.487,1.703
2025-01-28T21:00:00,0.000,0.000,0.292,0.244,0.282,0.442
2025-01-28T22:00:00,0.000,0.000,0.473,0.054,0.246,0.102
2025-01-28T23:00:00,0.000,0.000,0.455,0.054,0.131,0.056
2025-01-29T00:00:00,0.000,0.000,0.277,0.054,0.040,0.048
2025-01-29T01:00:00,0.000,0.000,0.294,0.054,0.042,0.050
2025-01-29T02:00:00,0.000,0.000,0.495,0.054,0.041,0.048
2025-01-29T03:00:00,0.000,0.000,0.371,0.065,0.039,0.047
2025-01-29T04:00:00,0.000,0.000,0.519,0.254,0.040,0.055
2025-01-29T05:00:00,0.000,5.083,0.360,0.333,0.041,0.050
2025-01-29T06:00:00,0.000,5.872,0.485,0.971,0.794,1.471
2025-01-29T07:00:00,0.000,11.314,0.405,0.854,1.058,0.828
2025-01-29T08:00:00,0.533,12.663,1.095,0.442,0.488,0.580
2025-01-29T09:00:00,1.018,8.064,1.691,0.299,0.066,0.057
2025-01-29T10:00:00,2.857,8.750,3.349,0.058,0.042,0.049
2025-01-29T11:00:00,4.067,6.273,2.581,0.230,0.041,0.049
2025-01-29T12:00:00,4.412,14.053,3.088,0.054,0.042,0.048
2025-01-29T13:00:00,2.840,15.314,3.418,2.185,0.041,0.086
2025-01-29T14:00:00,4.357,14.279,3.525,0.433,0.040,0.118
2025-01-29T15:00:00,5.760,16.909,3.427,0.053,0.043,0.282
2025-01-29T16:00:00,6.272,14.325,3.214,0.054,1.420,0.108
2025-01-29T17:00:00,5.339,13.550,3.435,0.937,3.189,0.320
2025-01-29T18:00:00,3.197,9.800,3.588,0.341,2.124,1.512
2025-01-29T19:00:00,1.124,4.818,1.393,0.293,1.079,1.023
2025-01-29T20:00:00,0.000,0.650,1.452,0.076,0.298,0.275
2025-01-29T21:00:00,0.000,0.000,0.386,0.354,0.285,4.051
2025-01-29T22:00:00,0.000,0.000,0.368,0.093,0.208,2.535
2025-01-29T23:00:00,0.000,0.000,0.368,0.054,0.040,0.209
2025-01-30T00:00:00,0.000,0.000,0.385,0.054,0.043,0.051
2025-01-30T01:00:00,0.000,0.000,0.426,0.054,0.040,0.047
2025-01-30T02:00:00,0.000,0.000,0.502,0.053,0.040,0.050
2025-01-30T03:00:00,0.000,0.000,0.518,0.054,0.042,0.051
2025-01-30T04:00:00,0.000,0.000,0.493,0.055,0.040,0.047
2025-01-30T05:00:00,0.000,0.000,0.254,0.361,0.047,0.051
2025-01-30T06:00:00,0.000,6.337,0.561,0.830,0.964,1.143
2025-01-30T07:00:00,0.000,10.177,0.383,0.651,0.589,2.171
2025-01-30T08:00:00,0.108,8.165,0.473,0.055,1.392,0.971
2025-01-30T09:00:00,1.587,7.859,1.820,0.056,0.133,0.048
2025-01-30T10:00:00,3.733,7.913,3.204,0.053,0.041,0.049
2025-01-30T11:00:00,3.705,6.653,3.201,0.216,0.041,0.050
2025-01-30T12:00:00,4.815,8.853,3.207,0.829,0.039,0.047
2025-01-30T13:00:00,6.360,11.090,3.111,1.122,0.041,0.053
2025-01-30T14:00:00,5.568,16.676,3.031,0.280,0.040,0.088
2025-01-30T15:00:00,4.492,17.682,3.451,0.064,0.039,0.062
2025-01-30T16:00:00,4.542,17.460,3.948,0.072,0.041,0.051
2025-01-30T17:00:00,4.716,14.819,3.997,0.305,0.039,1.090
2025-01-30T18:00:00,4.375,10.942,1.634,0.355,0.122,0.376
2025-01-30T19:00:00,2.083,12.881,0.498,0.258,0.413,1.505
2025-01-30T20:00:00,0.000,4.979,0.449,0.391,0.272,0.807
2025-01-30T21:00:00,0.000,0.000,0.259,0.229,0.306,0.767
2025-01-30T22:00:00,0.000,0.000,0.231,0.130,0.144,0.731
2025-01-30T23:00:00,0.000,0.000,0.427,0.056,0.039,0.047
2025-01-31T00:00:00,0.000,0.000,0.449,0.089,0.042,0.048
2025-01-31T01:00:00,0.000,0.000,0.420,0.055,0.039,0.049
2025-01-31T02:00:00,0.000,0.000,0.380,0.055,0.039,0.050
2025-01-31T03:00:00,0.000,0.000,0.306,0.054,0.042,0.059
2025-01-31T04:00:00,0.000,0.083,0.265,0.056,0.042,0.048
2025-01-31T05:00:00,0.000,7.167,0.265,0.244,0.042,0.048
2025-01-31T06:00:00,0.000,11.686,0.180,0.700,0.707,2.357
2025-01-31T07:00:00,2.163,11.733,0.265,0.395,0.568,2.355
2025-01-31T08:00:00,1.948,4.999,1.143,0.889,0.229,0.892
2025-01-31T09:00:00,3.570,9.059,2.708,0.754,0.048,0.061
2025-01-31T10:00:00,4.140,12.886,3.358,0.987,0.036,0.049
2025-01-31T11:00:00,3.835,12.809,2.943,0.823,0.041,0.049
2025-01-31T12:00:00,3.048,13.903,2.415,1.063,0.039,0.129
2025-01-31T13:00:00,2.404,13.793,3.217,0.208,0.040,0.293
2025-01-31T14:00:00,0.429,13.789,3.185,0.201,0.042,0.478
2025-01-31T15:00:00,0.655,14.147,3.117,0.544,0.040,0.232
2025-01-31T16:00:00,3.438,13.862,2.840,0.203,0.041,0.327
2025-01-31T17:00:00,5.877,13.487,3.117,0.306,0.064,0.385
2025-01-31T18:00:00,0.583,11.963,3.082,0.377,0.656,0.831
2025-01-31T19:00:00,0.123,4.720,2.337,0.274,0.699,1.230
2025-01-31T20:00:00,0.000,2.025,0.473,0.276,3.180,1.028
2025-01-31T21:00:00,0.000,0.000,0.417,0.289,2.633,1.522
2025-01-31T22:00:00,0.000,0.000,0.522,0.072,1.246,0.282
2025-01-31T23:00:00,0.000,0.000,0.459,0.054,0.040,0.134
2025-02-01T00:00:00,0.000,0.000,0.414,0.054,0.041,0.054
2025-02-01T01:00:00,0.000,0.000,0.478,0.054,0.039,0.051
2025-02-01T02:00:00,0.000,0.000,0.403,0.055,0.042,0.050
2025-02-01T03:00:00,0.000,0.000,0.461,0.053,0.042,0.049
2025-02-01T04:00:00,0.000,0.000,0.191,0.054,0.039,0.048
2025-02-01T05:00:00,0.000,0.000,0.259,0.418,0.041,0.050
2025-02-01T06:00:00,0.000,1.081,0.203,0.592,0.047,1.175
2025-02-01T07:00:00,0.000,11.156,0.271,0.932,1.076,1.456
2025-02-01T08:00:00,0.000,13.093,1.032,0.063,1.848,1.210
2025-02-01T09:00:00,0.000,13.200,2.382,0.055,0.791,1.439
2025-02-01T10:00:00,0.000,12.200,2.882,0.054,0.440,0.812
2025-02-01T11:00:00,0.000,16.057,2.459,0.053,2.165,2.481
2025-02-01T12:00:00,0.000,13.285,3.526,0.054,0.646,3.309
2025-02-01T13:00:00,0.000,14.517,3.572,0.053,0.331,0.756
2025-02-01T14:00:00,0.000,17.780,3.538,0.054,1.015,0.298
2025-02-01T15:00:00,0.000,18.069,3.329,0.058,0.083,3.705
2025-02-01T16:00:00,0.000,17.679,2.925,0.056,0.082,2.693
2025-02-01T17:00:00,0.000,18.025,2.846,0.054,0.041,0.476
2025-02-01T18:00:00,0.000,17.066,2.720,0.821,0.216,0.515
2025-02-01T19:00:00,0.000,0.178,1.843,1.252,0.295,1.197
2025-02-01T20:00:00,0.000,0.000,0.374,0.171,0.287,0.539
2025-02-01T21:00:00,0.000,0.000,0.340,0.725,0.440,0.506
2025-02-01T22:00:00,0.000,0.000,0.237,0.055,0.318,0.306
2025-02-01T23:00:00,0.000,0.000,0.277,0.054,0.077,0.141
2025-02-02T00:00:00,0.000,0.000,0.323,0.068,0.035,0.050
2025-02-02T01:00:00,0.000,0.000,0.530,0.054,0.039,0.058
2025-02-02T02:00:00,0.000,0.000,0.431,0.054,0.040,0.052
2025-02-02T03:00:00,0.000,0.000,0.300,0.054,0.043,0.048
2025-02-02T04:00:00,0.000,0.000,0.630,0.185,0.046,0.048
2025-02-02T05:00:00,0.000,0.000,0.347,0.367,0.041,0.049
2025-02-02T06:00:00,0.000,3.250,0.351,0.632,0.646,0.048
2025-02-02T07:00:00,0.000,10.659,0.596,0.225,0.451,1.025
2025-02-02T08:00:00,0.000,13.592,0.791,1.502,1.372,2.335
2025-02-02T09:00:00,0.000,9.887,1.068,0.805,1.706,4.679
2025-02-02T10:00:00,0.000,14.577,2.569,0.071,1.818,4.087
2025-02-02T11:00:00,0.000,14.030,3.130,0.076,1.732,3.330
2025-02-02T12:00:00,0.000,13.987,3.182,0.057,0.127,0.417
2025-02-02T13:00:00,0.000,17.928,3.097,0.072,1.107,1.119
2025-02-02T14:00:00,0.000,18.103,3.280,0.291,0.064,0.950
2025-02-02T15:00:00,0.000,17.846,3.270,0.546,0.040,0.140
2025-02-02T16:00:00,0.000,14.598,3.074,0.053,0.156,2.057
2025-02-02T17:00:00,0.000,16.099,2.848,0.055,0.243,2.135
2025-02-02T18:00:00,0.000,10.764,3.013,0.141,0.170,2.947
2025-02-02T19:00:00,0.000,4.923,2.413,0.446,0.284,2.949
2025-02-02T20:00:00,0.000,2.847,0.397,0.331,0.136,1.657
2025-02-02T21:00:00,0.000,0.650,0.300,0.389,0.367,0.296
2025-02-02T22:00:00,0.000,0.000,0.248,0.165,0.086,0.447
2025-02-02T23:00:00,0.000,0.000,0.329,0.053,0.039,0.049
2025-02-03T00:00:00,0.000,0.000,0.271,0.054,0.043,0.050
2025-02-03T01:00:00,0.000,0.000,0.271,0.054,0.041,0.052
2025-02-03T02:00:00,0.000,0.000,0.283,0.055,0.039,0.046
2025-02-03T03:00:00,0.000,0.000,0.471,0.053,0.042,0.052
2025-02-03T04:00:00,0.000,0.000,0.462,0.053,0.041,0.058
2025-02-03T05:00:00,0.000,3.721,0.462,0.104,0.142,0.047
2025-02-03T06:00:00,0.000,10.528,0.394,0.767,0.619,1.675
2025-02-03T07:00:00,0.360,10.186,0.763,0.848,0.853,1.896
2025-02-03T08:00:00,0.356,13.547,2.316,0.757,0.083,0.595
2025-02-03T09:00:00,3.283,14.257,2.577,0.293,0.041,0.117
2025-02-03T10:00:00,4.828,14.526,3.364,0.479,0.041,0.048
2025-02-03T11:00:00,5.328,13.113,3.484,0.056,0.042,0.049
2025-02-03T12:00:00,3.177,13.250,3.546,0.057,0.039,0.050
2025-02-03T13:00:00,3.455,13.102,3.636,0.281,0.038,0.055
2025-02-03T14:00:00,3.361,13.742,3.026,0.059,0.041,0.104
2025-02-03T15:00:00,4.525,12.327,2.953,0.411,0.042,0.250
2025-02-03T16:00:00,5.808,1.574,3.071,0.053,0.040,0.095
2025-02-03T17:00:00,2.327,7.514,3.369,0.054,0.224,0.140
2025-02-03T18:00:00,0.000,17.293,1.219,0.049,0.390,0.321
2025-02-03T19:00:00,0.000,7.720,0.606,0.056,0.637,1.751
2025-02-03T20:00:00,0.000,3.697,0.383,0.985,0.114,1.085
2025-02-03T21:00:00,0.000,0.000,0.530,0.242,0.039,0.206
2025-02-03T22:00:00,0.000,0.000,0.376,0.154,0.039,0.282
2025-02-03T23:00:00,0.000,0.000,0.484,0.056,0.042,0.213
2025-02-04T00:00:00,0.000,0.000,0.590,0.054,0.041,0.054
2025-02-04T01:00:00,0.000,0.000,0.443,0.054,0.041,0.047
2025-02-04T02:00:00,0.000,0.000,0.518,0.054,0.040,0.048
2025-02-04T03:00:00,0.000,0.000,0.383,0.054,0.039,0.048
2025-02-04T04:00:00,0.000,0.000,0.507,0.221,0.044,0.050
2025-02-04T05:00:00,0.000,0.000,0.360,0.133,0.041,0.623
2025-02-04T06:00:00,0.000,9.773,0.530,0.859,0.041,1.827
2025-02-04T07:00:00,1.118,13.118,0.393,0.897,0.041,0.582
2025-02-04T08:00:00,5.499,12.673,2.452,0.108,0.040,0.208
2025-02-04T09:00:00,3.469,12.791,2.521,1.589,0.042,0.051
2025-02-04T10:00:00,5.844,12.827,3.219,1.491,0.033,0.049
2025-02-04T11:00:00,6.374,15.833,2.918,0.801,0.040,0.050
2025-02-04T12:00:00,5.839,16.383,3.435,2.525,0.042,0.083
2025-02-04T13:00:00,6.045,13.090,2.938,1.247,0.041,0.299
2025-02-04T14:00:00,5.868,13.570,2.898,0.278,0.038,0.349
2025-02-04T15:00:00,3.277,13.450,2.999,0.081,0.041,0.298
2025-02-04T16:00:00,3.263,13.334,3.216,0.165,0.047,0.364
2025-02-04T17:00:00,1.961,12.616,3.034,0.216,0.042,1.687
2025-02-04T18:00:00,0.355,11.836,3.073,0.546,0.040,0.468
2025-02-04T19:00:00,0.219,12.156,0.823,0.266,0.042,0.517
2025-02-04T20:00:00,0.000,6.085,0.432,0.230,0.040,1.566
2025-02-04T21:00:00,0.000,0.000,0.243,0.127,0.042,0.417
2025-02-04T22:00:00,0.000,0.000,0.265,0.059,0.040,0.093
2025-02-04T23:00:00,0.000,0.000,0.540,0.054,0.040,0.048
2025-02-05T00:00:00,0.000,0.000,0.259,0.056,0.039,0.049
2025-02-05T01:00:00,0.000,0.000,0.180,0.055,0.041,0.047
2025-02-05T02:00:00,0.000,0.000,0.265,0.054,0.041,0.048
2025-02-05T03:00:00,0.000,0.000,0.180,0.054,0.039,0.048
2025-02-05T04:00:00,0.000,0.000,0.259,0.077,0.040,0.048
2025-02-05T05:00:00,0.000,4.925,0.503,0.091,0.041,0.060
2025-02-05T06:00:00,1.167,11.956,0.323,0.525,0.040,1.935
2025-02-05T07:00:00,1.375,6.763,0.265,0.945,0.041,1.167
2025-02-05T08:00:00,3.152,11.371,0.254,0.602,0.041,0.340
2025-02-05T09:00:00,3.446,16.340,1.041,0.189,0.041,0.088
2025-02-05T10:00:00,3.152,11.959,2.316,0.124,0.042,0.047
2025-02-05T11:00:00,1.219,9.519,2.880,1.158,0.039,0.058
2025-02-05T12:00:00,2.537,11.081,3.184,0.840,0.039,0.052
2025-02-05T13:00:00,3.300,19.402,3.533,0.882,0.040,0.181
2025-02-05T14:00:00,3.625,19.440,3.023,0.258,0.041,0.282
2025-02-05T15:00:00,6.323,19.273,2.744,0.477,0.042,0.237
2025-02-05T16:00:00,4.345,19.098,2.718,0.088,0.039,0.069
2025-02-05T17:00:00,4.230,16.913,2.901,0.053,0.040,3.146
2025-02-05T18:00:00,0.000,10.576,3.377,0.634,0.040,3.159
2025-02-05T19:00:00,0.000,1.378,3.079,0.273,0.039,2.982
2025-02-05T20:00:00,0.000,0.000,2.289,0.399,0.042,1.569
2025-02-05T21:00:00,0.000,0.000,0.271,0.422,0.041,1.763
2025-02-05T22:00:00,0.000,0.000,0.381,0.171,0.042,0.888
2025-02-05T23:00:00,0.000,0.000,0.265,0.147,0.041,0.058
2025-02-06T00:00:00,0.000,0.000,0.525,0.054,0.041,0.049
2025-02-06T01:00:00,0.000,0.000,0.530,0.055,0.039,0.051
2025-02-06T02:00:00,0.000,0.000,0.360,0.057,0.040,0.053
2025-02-06T03:00:00,0.000,0.000,0.496,0.050,0.041,0.046
2025-02-06T04:00:00,0.000,0.006,0.394,0.209,0.040,0.050
2025-02-06T05:00:00,0.000,0.962,0.462,0.382,0.040,0.050
2025-02-06T06:00:00,0.125,0.833,0.428,0.525,0.041,1.591
2025-02-06T07:00:00,4.750,7.241,0.828,0.629,0.039,1.295
2025-02-06T08:00:00,5.737,10.897,2.002,0.169,0.040,0.501
2025-02-06T09:00:00,5.749,9.910,2.937,0.055,0.047,0.167
2025-02-06T10:00:00,4.954,8.273,3.364,0.053,0.038,0.050
2025-02-06T11:00:00,2.633,6.960,3.253,0.204,0.042,0.047
2025-02-06T12:00:00,3.467,10.404,3.313,0.109,0.041,0.050
2025-02-06T13:00:00,3.239,15.769,3.399,0.164,0.039,0.180
2025-02-06T14:00:00,2.686,15.919,2.696,0.217,0.038,0.265
2025-02-06T15:00:00,4.365,17.774,2.753,0.391,0.045,0.398
2025-02-06T16:00:00,3.467,17.677,2.892,0.270,0.041,0.368
2025-02-06T17:00:00,0.717,13.645,3.499,0.054,0.040,0.584
2025-02-06T18:00:00,0.000,11.044,2.966,0.218,0.038,1.529
2025-02-06T19:00:00,0.000,8.876,1.203,0.970,0.035,1.238
2025-02-06T20:00:00,0.000,1.497,0.605,1.073,0.042,0.483
2025-02-06T21:00:00,0.000,0.000,0.277,0.726,0.042,1.048
2025-02-06T22:00:00,0.000,0.000,0.277,0.089,0.042,0.340
2025-02-06T23:00:00,0.000,0.000,0.525,0.069,0.039,0.146
2025-02-07T00:00:00,0.000,0.000,0.397,0.054,0.043,0.049
2025-02-07T01:00:00,0.000,0.000,0.489,0.058,0.041,0.048
2025-02-07T02:00:00,0.000,0.000,0.461,0.055,0.038,0.053
2025-02-07T03:00:00,0.000,0.000,0.323,0.054,0.042,0.054
2025-02-07T04:00:00,0.000,0.000,0.271,0.055,0.040,0.049
2025-02-07T05:00:00,0.000,0.000,0.306,0.259,0.040,0.052
2025-02-07T06:00:00,0.000,4.106,0.450,0.861,0.040,2.110
2025-02-07T07:00:00,4.020,7.665,0.292,0.830,0.041,1.760
2025-02-07T08:00:00,5.083,8.643,1.916,1.317,0.041,0.322
2025-02-07T09:00:00,3.781,9.069,1.565,0.492,0.041,0.067
2025-02-07T10:00:00,3.441,8.130,2.134,2.485,0.040,0.046
2025-02-07T11:00:00,4.862,15.810,3.139,0.071,0.042,0.059
2025-02-07T12:00:00,4.965,19.250,3.736,0.295,0.041,0.052
2025-02-07T13:00:00,3.886,18.883,3.583,0.270,0.041,0.077
2025-02-07T14:00:00,4.275,18.480,3.712,0.143,0.039,0.055
2025-02-07T15:00:00,4.482,18.541,3.128,0.152,0.039,0.048
2025-02-07T16:00:00,2.266,19.182,3.482,0.732,0.041,0.206
2025-02-07T17:00:00,0.534,14.860,3.101,0.221,0.042,0.946
2025-02-07T18:00:00,0.511,9.647,2.376,0.256,0.041,0.513
2025-02-07T19:00:00,0.170,1.259,1.861,0.431,0.042,3.938
2025-02-07T20:00:00,0.000,0.746,0.472,1.423,0.041,3.515
2025-02-07T21:00:00,0.000,0.000,0.484,1.177,0.042,1.307
2025-02-07T22:00:00,0.000,0.000,0.489,0.064,0.040,0.697
2025-02-07T23:00:00,0.000,0.000,0.478,0.056,0.041,0.191
2025-02-08T00:00:00,0.000,0.000,0.351,0.054,0.039,0.048
2025-02-08T01:00:00,0.000,0.000,0.464,0.053,0.041,0.049
2025-02-08T02:00:00,0.000,0.000,0.271,0.057,0.038,0.048
2025-02-08T03:00:00,0.000,0.000,0.191,0.117,0.042,0.050
2025-02-08T04:00:00,0.000,0.000,0.271,0.325,0.042,0.054
2025-02-08T05:00:00,0.000,2.333,0.191,0.327,0.039,0.055
2025-02-08T06:00:00,0.000,2.882,0.254,0.676,0.038,0.227
2025-02-08T07:00:00,0.000,9.803,0.288,0.710,0.043,2.703
2025-02-08T08:00:00,0.000,9.922,0.649,0.285,0.041,3.147
2025-02-08T09:00:00,0.000,13.075,2.784,0.076,0.042,1.407
2025-02-08T10:00:00,0.000,9.897,2.897,0.058,0.041,1.140
2025-02-08T11:00:00,0.000,15.237,3.278,0.056,0.042,2.230
2025-02-08T12:00:00,0.000,12.368,3.642,0.052,0.039,0.455
2025-02-08T13:00:00,0.000,14.423,3.556,0.163,0.040,0.264
2025-02-08T14:00:00,0.000,15.535,3.600,0.127,0.042,3.557
2025-02-08T15:00:00,0.000,14.192,3.372,0.304,0.041,2.401
2025-02-08T16:00:00,0.000,8.413,3.153,0.755,0.039,0.278
2025-02-08T17:00:00,0.000,11.627,3.128,0.196,0.042,1.021
2025-02-08T18:00:00,0.000,12.669,2.582,0.251,0.042,2.014
2025-02-08T19:00:00,0.000,11.195,2.117,0.256,0.039,1.226
2025-02-08T20:00:00,0.000,5.384,0.281,0.444,0.039,0.649
2025-02-08T21:00:00,0.000,0.000,0.214,0.373,0.039,0.296
2025-02-08T22:00:00,0.000,0.000,0.357,0.094,0.042,2.903
2025-02-08T23:00:00,0.000,0.000,0.328,0.075,0.041,1.974
2025-02-09T00:00:00,0.000,0.000,0.391,0.051,0.040,0.050
2025-02-09T01:00:00,0.000,0.000,0.507,0.048,0.039,0.047
2025-02-09T02:00:00,0.000,0.000,0.383,0.056,0.039,0.059
2025-02-09T03:00:00,0.000,0.000,0.295,0.054,0.041,0.046
2025-02-09T04:00:00,0.000,0.000,0.426,0.061,0.039,0.056
2025-02-09T05:00:00,0.000,0.000,0.432,0.419,0.041,0.049
2025-02-09T06:00:00,0.000,7.269,0.486,0.757,0.041,0.665
2025-02-09T07:00:00,0.000,11.710,0.428,0.765,0.039,0.663
2025-02-09T08:00:00,0.000,8.629,2.384,0.917,0.042,0.490
2025-02-09T09:00:00,0.000,7.810,3.187,1.322,0.041,2.119
2025-02-09T10:00:00,0.000,15.390,3.459,0.162,0.040,0.728
2025-02-09T11:00:00,0.000,18.833,3.546,0.491,0.042,2.075
2025-02-09T12:00:00,0.000,18.834,2.217,0.092,0.041,1.635
2025-02-09T13:00:00,0.000,15.462,3.607,0.530,0.043,0.283
2025-02-09T14:00:00,0.000,12.853,3.423,0.223,0.042,0.850
2025-02-09T15:00:00,0.000,11.774,3.365,0.150,0.035,0.210
2025-02-09T16:00:00,0.000,17.650,3.406,0.118,0.038,0.150
2025-02-09T17:00:00,0.000,12.109,3.324,0.190,0.042,0.538
2025-02-09T18:00:00,0.000,7.680,2.985,0.056,0.040,0.974
2025-02-09T19:00:00,0.000,2.660,0.973,0.760,0.040,1.087
2025-02-09T20:00:00,0.000,0.967,0.420,0.283,0.041,0.568
2025-02-09T21:00:00,0.000,0.000,0.288,0.312,0.042,0.572
2025-02-09T22:00:00,0.000,0.000,0.438,0.356,0.041,0.534
2025-02-09T23:00:00,0.000,0.000,0.473,0.057,0.043,0.355
2025-02-10T00:00:00,0.000,0.000,0.403,0.056,0.041,0.049
2025-02-10T01:00:00,0.000,0.000,0.432,0.052,0.041,0.056
2025-02-10T02:00:00,0.000,0.000,0.462,0.052,0.042,0.053
2025-02-10T03:00:00,0.000,0.000,0.462,0.050,0.041,0.046
2025-02-10T04:00:00,0.000,0.112,0.394,0.140,0.041,0.047
2025-02-10T05:00:00,0.000,3.260,0.530,0.182,0.041,0.047
2025-02-10T06:00:00,0.000,2.160,0.383,0.861,0.042,1.433
2025-02-10T07:00:00,0.075,5.973,0.507,0.787,0.038,1.577
2025-02-10T08:00:00,1.452,3.391,1.583,0.069,0.040,1.085
2025-02-10T09:00:00,0.817,17.560,2.588,0.054,0.040,0.094
2025-02-10T10:00:00,3.483,17.093,2.934,0.052,0.040,0.216
2025-02-10T11:00:00,3.670,17.277,3.646,0.066,0.041,0.351
2025-02-10T12:00:00,3.583,18.648,3.702,0.584,0.041,0.258
2025-02-10T13:00:00,5.508,17.739,3.468,1.323,0.041,0.177
2025-02-10T14:00:00,6.522,19.023,3.349,1.172,0.039,0.050
2025-02-10T15:00:00,6.377,18.340,3.199,0.761,0.042,0.094
2025-02-10T16:00:00,6.178,10.896,3.573,0.054,0.043,0.278
2025-02-10T17:00:00,5.578,12.722,3.063,0.056,0.044,1.220
2025-02-10T18:00:00,5.000,11.587,2.698,0.355,0.039,1.676
2025-02-10T19:00:00,1.417,12.088,2.140,0.405,0.039,1.616
2025-02-10T20:00:00,0.000,10.559,0.277,0.276,0.039,1.108
2025-02-10T21:00:00,0.000,0.000,0.340,0.326,0.042,3.949
2025-02-10T22:00:00,0.000,0.000,0.288,0.111,0.041,2.145
2025-02-10T23:00:00,0.000,0.000,0.496,0.056,0.041,0.046
2025-02-11T00:00:00,0.000,0.000,0.345,0.053,0.040,0.047
2025-02-11T01:00:00,0.000,0.000,0.311,0.049,0.042,0.048
2025-02-11T02:00:00,0.000,0.000,0.469,0.055,0.041,0.053
2025-02-11T03:00:00,0.000,0.000,0.383,0.054,0.040,0.057
2025-02-11T04:00:00,0.000,0.000,0.507,0.054,0.040,0.052
2025-02-11T05:00:00,0.000,0.010,0.383,0.360,0.040,0.051
2025-02-11T06:00:00,0.000,6.165,0.507,0.624,0.038,1.492
2025-02-11T07:00:00,0.067,7.673,0.383,0.818,0.039,1.609
2025-02-11T08:00:00,0.179,5.625,0.926,0.270,0.039,1.614
2025-02-11T09:00:00,1.694,4.515,1.045,0.181,0.042,0.088
2025-02-11T10:00:00,3.120,5.564,2.334,0.225,0.039,0.368
2025-02-11T11:00:00,5.207,9.395,2.772,1.235,0.042,0.399
2025-02-11T12:00:00,6.040,12.575,2.508,0.600,0.039,0.278
2025-02-11T13:00:00,6.040,18.137,2.794,0.286,0.040,0.375
2025-02-11T14:00:00,6.115,18.194,3.067,0.353,0.041,0.293
2025-02-11T15:00:00,5.880,18.587,3.385,0.135,0.041,0.116
2025-02-11T16:00:00,3.721,18.197,3.167,0.151,0.042,0.066
2025-02-11T17:00:00,1.021,18.273,3.278,0.200,0.040,0.395
2025-02-11T18:00:00,0.024,16.112,3.174,0.256,0.040,0.821
2025-02-11T19:00:00,0.000,16.243,1.673,0.321,0.040,0.845
2025-02-11T20:00:00,0.000,10.802,0.248,0.347,0.041,1.796
2025-02-11T21:00:00,0.000,1.250,0.197,0.159,0.042,1.061
2025-02-11T22:00:00,0.000,0.000,0.248,0.066,0.039,0.406
2025-02-11T23:00:00,0.000,0.000,0.358,0.054,0.042,0.236
2025-02-12T00:00:00,0.000,0.000,0.426,0.053,0.042,0.049
2025-02-12T01:00:00,0.000,0.000,0.220,0.054,0.038,0.050
2025-02-12T02:00:00,0.000,0.000,0.242,0.058,0.042,0.049
2025-02-12T03:00:00,0.000,0.000,0.282,0.049,0.041,0.056
2025-02-12T04:00:00,0.000,0.000,0.237,0.205,0.041,0.051
2025-02-12T05:00:00,0.000,0.000,0.225,0.436,0.040,0.049
2025-02-12T06:00:00,0.000,9.071,0.237,0.990,0.039,1.709
2025-02-12T07:00:00,0.193,16.601,1.059,0.599,0.041,2.095
2025-02-12T08:00:00,1.031,10.894,1.937,0.539,0.041,1.327
2025-02-12T09:00:00,2.363,13.767,2.386,0.091,0.041,0.191
2025-02-12T10:00:00,3.812,13.243,2.263,0.168,0.041,0.285
2025-02-12T11:00:00,3.631,13.723,2.375,0.135,0.041,0.122
2025-02-12T12:00:00,3.875,12.089,2.412,0.633,0.040,0.106
2025-02-12T13:00:00,4.710,13.484,2.545,0.315,0.038,0.215
2025-02-12T14:00:00,6.608,18.332,2.787,0.055,0.039,0.263
2025-02-12T15:00:00,4.165,17.531,2.233,0.054,0.039,0.132
2025-02-12T16:00:00,3.346,13.605,2.253,0.880,0.041,0.197
2025-02-12T17:00:00,3.621,16.230,2.866,0.333,0.041,1.470
2025-02-12T18:00:00,2.327,11.248,3.117,1.202,0.042,0.421
2025-02-12T19:00:00,0.000,2.098,1.016,0.345,0.041,1.126
2025-02-12T20:00:00,0.000,0.000,0.572,0.374,0.042,0.804
2025-02-12T21:00:00,0.000,0.000,0.420,0.325,0.039,0.868
2025-02-12T22:00:00,0.000,0.000,0.530,0.203,0.041,3.097
2025-02-12T23:00:00,0.000,0.000,0.543,0.073,0.042,2.301
2025-02-13T00:00:00,0.000,0.000,0.294,0.054,0.041,0.048
2025-02-13T01:00:00,0.000,0.000,0.203,0.054,0.041,0.047
2025-02-13T02:00:00,0.000,0.000,0.242,0.053,0.041,0.053
2025-02-13T03:00:00,0.000,0.000,0.174,0.054,0.042,0.059
2025-02-13T04:00:00,0.000,0.000,0.404,0.181,0.038,0.049
2025-02-13T05:00:00,0.000,1.669,0.562,0.221,0.039,0.047
2025-02-13T06:00:00,0.000,14.807,0.405,0.659,0.040,1.074
2025-02-13T07:00:00,4.181,18.857,0.417,0.605,0.042,1.551
2025-02-13T08:00:00,5.397,19.693,1.535,0.368,0.042,0.335
2025-02-13T09:00:00,5.943,18.227,3.006,0.056,0.041,0.049
2025-02-13T10:00:00,3.105,14.800,3.877,0.055,0.042,0.073
2025-02-13T11:00:00,2.813,8.734,3.601,0.376,0.039,0.229
2025-02-13T12:00:00,4.156,12.794,3.451,0.308,0.041,0.223
2025-02-13T13:00:00,2.369,17.998,3.516,0.810,0.038,0.083
2025-02-13T14:00:00,3.351,19.173,3.431,2.730,0.042,0.246
2025-02-13T15:00:00,5.816,18.313,3.516,2.020,0.041,0.263
2025-02-13T16:00:00,6.947,14.823,3.747,0.599,0.042,0.078
2025-02-13T17:00:00,1.600,15.185,4.041,0.689,0.040,0.278
2025-02-13T18:00:00,0.000,13.823,3.614,0.058,0.039,0.638
2025-02-13T19:00:00,0.000,4.814,1.306,0.788,0.039,1.765
2025-02-13T20:00:00,0.000,1.350,0.470,0.270,0.042,1.338
2025-02-13T21:00:00,0.000,0.000,0.522,0.260,0.041,0.740
2025-02-13T22:00:00,0.000,0.000,0.373,0.214,0.038,0.463
2025-02-13T23:00:00,0.000,0.000,0.248,0.142,0.043,0.050
2025-02-14T00:00:00,0.000,0.000,0.538,0.054,0.040,0.051
2025-02-14T01:00:00,0.000,0.000,0.524,0.053,0.042,0.048
2025-02-14T02:00:00,0.000,0.000,0.360,0.049,0.040,0.048
2025-02-14T03:00:00,0.000,0.000,0.443,0.054,0.039,0.050
2025-02-14T04:00:00,0.000,0.000,0.397,0.055,0.040,0.055
2025-02-14T05:00:00,0.000,1.633,0.478,0.097,0.042,0.049
2025-02-14T06:00:00,0.000,10.569,0.335,0.102,0.042,1.263
2025-02-14T07:00:00,0.273,8.398,0.567,0.712,0.042,1.258
2025-02-14T08:00:00,1.682,13.113,0.444,1.588,0.039,1.091
2025-02-14T09:00:00,4.315,13.990,1.836,0.119,0.040,0.049
2025-02-14T10:00:00,4.162,14.287,2.748,0.205,0.039,0.049
2025-02-14T11:00:00,4.070,13.207,3.440,0.312,0.041,0.046
2025-02-14T12:00:00,4.060,13.656,3.584,0.263,0.039,0.051
2025-02-14T13:00:00,4.958,13.552,3.699,0.504,0.041,0.354
2025-02-14T14:00:00,4.787,13.920,3.601,0.405,0.042,0.421
2025-02-14T15:00:00,4.325,6.147,3.376,0.196,0.038,0.122
2025-02-14T16:00:00,1.928,9.413,3.225,0.156,0.041,0.176
2025-02-14T17:00:00,0.536,9.900,3.245,0.173,0.041,2.134
2025-02-14T18:00:00,0.050,8.372,3.172,0.381,0.040,1.593
2025-02-14T19:00:00,0.000,5.495,2.287,0.225,0.041,2.079
2025-02-14T20:00:00,0.000,1.376,0.670,0.499,0.042,1.440
2025-02-14T21:00:00,0.000,0.000,0.293,0.291,0.040,2.876
2025-02-14T22:00:00,0.000,0.000,0.503,0.074,0.041,1.231
2025-02-14T23:00:00,0.000,0.000,0.435,0.062,0.042,0.095
2025-02-15T00:00:00,0.000,0.000,0.420,0.055,0.041,0.051
2025-02-15T01:00:00,0.000,0.000,0.402,0.054,0.042,0.049
2025-02-15T02:00:00,0.000,0.000,0.186,0.053,0.042,0.048
2025-02-15T03:00:00,0.000,0.000,0.259,0.273,0.041,0.049
2025-02-15T04:00:00,0.000,0.000,0.203,0.253,0.039,0.050
2025-02-15T05:00:00,0.000,2.333,0.242,0.429,0.041,0.052
2025-02-15T06:00:00,0.000,5.161,0.220,0.541,0.042,1.283
2025-02-15T07:00:00,0.000,7.093,0.451,0.895,0.039,1.320
2025-02-15T08:00:00,0.000,8.057,0.630,0.747,0.041,0.314
2025-02-15T09:00:00,0.000,7.997,1.455,0.403,0.040,1.311
2025-02-15T10:00:00,0.000,11.163,3.070,0.377,0.039,1.461
2025-02-15T11:00:00,0.000,11.736,3.210,0.056,0.041,2.024
2025-02-15T12:00:00,0.000,12.220,3.070,0.054,0.041,0.547
2025-02-15T13:00:00,0.000,12.722,3.237,0.053,0.041,1.428
2025-02-15T14:00:00,0.000,8.850,3.033,0.054,0.039,1.759
2025-02-15T15:00:00,0.000,14.826,2.915,0.053,0.040,0.395
2025-02-15T16:00:00,0.000,12.794,2.836,0.054,0.042,0.156
2025-02-15T17:00:00,0.000,13.083,2.888,0.053,0.041,0.155
2025-02-15T18:00:00,0.000,10.967,1.767,0.655,0.041,1.180
2025-02-15T19:00:00,0.000,11.967,0.572,0.400,0.039,0.886
2025-02-15T20:00:00,0.000,7.952,0.220,0.400,0.039,0.458
2025-02-15T21:00:00,0.000,0.000,0.336,0.339,0.048,0.421
2025-02-15T22:00:00,0.000,0.000,0.451,0.338,0.041,0.397
2025-02-15T23:00:00,0.000,0.000,0.364,0.091,0.035,0.161
2025-02-16T00:00:00,0.000,0.000,0.373,0.056,0.038,0.047
2025-02-16T01:00:00,0.000,0.000,0.283,0.053,0.042,0.048
2025-02-16T02:00:00,0.000,0.000,0.237,0.055,0.042,0.052
2025-02-16T03:00:00,0.000,0.000,0.208,0.055,0.040,0.054
2025-02-16T04:00:00,0.000,1.000,0.237,0.052,0.042,0.049
2025-02-16T05:00:00,0.000,7.229,0.208,0.087,0.042,0.047
2025-02-16T06:00:00,0.000,8.014,0.237,0.238,0.040,0.051
2025-02-16T07:00:00,0.000,8.738,0.208,0.946,0.041,1.069
2025-02-16T08:00:00,0.000,9.877,0.824,1.202,0.042,0.995
2025-02-16T09:00:00,0.000,6.677,3.410,0.142,0.041,1.836
2025-02-16T10:00:00,0.000,11.669,4.074,0.091,0.041,2.542
2025-02-16T11:00:00,0.000,14.620,4.168,0.075,0.042,2.987
2025-02-16T12:00:00,0.000,17.931,4.147,0.238,0.040,0.842
2025-02-16T13:00:00,0.000,18.199,4.204,0.738,0.041,1.752
2025-02-16T14:00:00,0.000,12.900,4.090,0.141,0.041,3.594
2025-02-16T15:00:00,0.000,5.063,4.135,0.054,0.040,2.006
2025-02-16T16:00:00,0.000,10.627,3.664,0.056,0.038,0.231
2025-02-16T17:00:00,0.000,11.152,3.179,0.053,0.042,0.370
2025-02-16T18:00:00,0.000,17.826,3.035,0.053,0.041,0.442
2025-02-16T19:00:00,0.000,8.820,3.321,0.054,0.040,0.712
2025-02-16T20:00:00,0.000,5.513,0.723,0.061,0.040,1.417
2025-02-16T21:00:00,0.000,0.050,0.403,0.586,0.042,0.618
2025-02-16T22:00:00,0.000,0.000,0.254,0.066,0.041,0.301
2025-02-16T23:00:00,0.000,0.000,0.368,0.056,0.040,0.086
2025-02-17T00:00:00,0.000,0.000,0.432,0.055,0.038,0.368
2025-02-17T01:00:00,0.000,0.000,0.220,0.056,0.041,0.391
2025-02-17T02:00:00,0.000,0.000,0.351,0.053,0.247,0.293
2025-02-17T03:00:00,0.000,0.000,0.438,0.053,0.258,0.287
2025-02-17T04:00:00,0.000,0.000,0.391,1.021,0.338,0.267
2025-02-17T05:00:00,0.000,0.000,0.214,2.001,0.394,0.282
2025-02-17T06:00:00,0.000,12.231,0.462,0.686,0.378,2.397
2025-02-17T07:00:00,2.710,14.369,0.371,0.265,0.957,1.930
2025-02-17T08:00:00,2.837,8.687,1.795,1.118,0.069,0.421
2025-02-17T09:00:00,4.693,12.773,2.994,0.811,0.054,0.402
2025-02-17T10:00:00,4.001,8.870,4.128,0.191,1.539,0.100
2025-02-17T11:00:00,5.244,17.820,3.804,0.056,3.426,0.086
2025-02-17T12:00:00,5.265,16.600,3.436,0.733,1.257,0.088
2025-02-17T13:00:00,3.943,16.560,2.939,0.056,1.524,0.088
2025-02-17T14:00:00,4.248,12.161,3.232,0.752,1.092,0.145
2025-02-17T15:00:00,3.841,5.920,2.843,0.176,0.393,0.087
2025-02-17T16:00:00,4.657,7.637,2.638,0.125,0.056,3.097
2025-02-17T17:00:00,0.511,9.457,3.000,0.054,0.603,2.805
2025-02-17T18:00:00,0.153,7.550,2.933,0.054,2.981,1.111
2025-02-17T19:00:00,0.010,5.717,2.151,0.615,2.584,1.448
2025-02-17T20:00:00,0.000,0.000,0.801,0.900,0.248,1.562
2025-02-17T21:00:00,0.000,0.000,0.560,0.730,0.042,0.842
2025-02-17T22:00:00,0.000,0.000,0.542,0.207,0.039,1.773
2025-02-17T23:00:00,0.000,0.000,0.467,0.067,0.041,0.047
2025-02-18T00:00:00,0.000,0.000,0.420,0.054,0.042,0.048
2025-02-18T01:00:00,0.000,0.000,0.271,0.055,0.042,0.057
2025-02-18T02:00:00,0.000,0.000,0.191,0.055,0.042,0.051
2025-02-18T03:00:00,0.000,0.000,0.248,0.053,0.035,0.048
2025-02-18T04:00:00,0.000,0.000,0.214,0.066,0.038,0.050
2025-02-18T05:00:00,0.000,2.333,0.214,0.092,0.040,0.076
2025-02-18T06:00:00,0.000,6.550,0.248,0.121,0.041,1.581
2025-02-18T07:00:00,1.481,11.636,0.439,1.002,0.040,1.869
2025-02-18T08:00:00,3.106,13.075,0.761,0.522,0.042,0.960
2025-02-18T09:00:00,3.534,10.389,1.680,1.234,0.039,0.321
2025-02-18T10:00:00,3.680,19.496,3.068,0.097,0.042,0.182
2025-02-18T11:00:00,3.773,18.886,3.177,0.330,0.040,0.162
2025-02-18T12:00:00,3.739,19.298,3.583,0.577,0.041,0.252
2025-02-18T13:00:00,5.175,18.987,3.788,0.265,0.039,0.397
2025-02-18T14:00:00,3.732,19.490,4.042,0.274,0.041,0.462
2025-02-18T15:00:00,5.783,18.687,3.932,0.092,0.041,0.437
2025-02-18T16:00:00,3.196,18.843,3.442,0.053,0.038,0.398
2025-02-18T17:00:00,0.454,18.259,2.593,0.258,0.043,1.117
2025-02-18T18:00:00,0.026,13.323,3.067,0.221,0.122,0.499
2025-02-18T19:00:00,0.000,1.445,2.822,0.426,0.249,1.200
2025-02-18T20:00:00,0.000,1.079,2.151,0.450,0.372,1.029
2025-02-18T21:00:00,0.000,0.000,0.277,0.523,0.504,1.207
2025-02-18T22:00:00,0.000,0.000,0.613,0.211,0.214,2.835
2025-02-18T23:00:00,0.000,0.000,0.377,0.056,0.044,2.430
2025-02-19T00:00:00,0.000,0.000,0.554,0.054,0.041,0.150
2025-02-19T01:00:00,0.000,0.000,0.396,0.053,0.040,0.048
2025-02-19T02:00:00,0.000,0.000,0.379,0.054,0.039,0.048
2025-02-19T03:00:00,0.000,0.000,0.180,0.057,0.040,0.051
2025-02-19T04:00:00,0.000,0.202,0.265,0.208,0.040,0.051
2025-02-19T05:00:00,0.000,1.192,0.180,0.538,0.042,0.057
2025-02-19T06:00:00,0.000,4.821,0.265,0.672,0.043,1.812
2025-02-19T07:00:00,1.167,11.677,0.180,0.853,0.902,1.883
2025-02-19T08:00:00,2.833,14.080,1.222,1.052,0.054,1.213
2025-02-19T09:00:00,6.050,11.907,2.501,0.682,0.043,0.167
2025-02-19T10:00:00,4.792,7.657,2.920,0.146,0.039,0.457
2025-02-19T11:00:00,4.853,11.040,2.807,0.618,0.039,0.407
2025-02-19T12:00:00,4.220,16.650,2.965,0.344,0.040,0.291
2025-02-19T13:00:00,3.798,9.113,2.847,0.289,0.043,0.299
2025-02-19T14:00:00,4.517,12.807,2.842,0.101,0.038,0.123
2025-02-19T15:00:00,6.076,9.061,3.024,0.054,0.043,0.062
2025-02-19T16:00:00,3.371,7.282,3.372,0.054,0.038,0.060
2025-02-19T17:00:00,0.013,7.547,3.795,0.456,1.019,0.194
2025-02-19T18:00:00,0.000,7.276,2.903,0.220,0.300,1.685
2025-02-19T19:00:00,0.000,5.761,1.008,0.252,1.572,1.526
2025-02-19T20:00:00,0.000,1.317,0.180,0.280,0.461,0.596
2025-02-19T21:00:00,0.000,0.000,0.265,0.491,0.498,1.101
2025-02-19T22:00:00,0.000,0.000,0.197,0.176,0.411,0.410
2025-02-19T23:00:00,0.000,0.000,0.259,0.054,0.136,0.093
2025-02-20T00:00:00,0.000,0.000,0.363,0.057,0.041,0.055
2025-02-20T01:00:00,0.000,0.000,0.340,0.058,0.040,0.049
2025-02-20T02:00:00,0.000,0.000,0.466,0.056,0.042,0.049
2025-02-20T03:00:00,0.000,0.000,0.541,0.054,0.041,0.047
2025-02-20T04:00:00,0.000,0.000,0.383,0.053,0.042,0.048
2025-02-20T05:00:00,0.000,0.000,0.541,0.322,0.427,0.052
2025-02-20T06:00:00,0.000,17.550,0.383,0.754,0.225,2.159
2025-02-20T07:00:00,2.500,15.918,0.507,0.355,1.066,1.590
2025-02-20T08:00:00,2.964,17.802,1.882,0.546,0.061,1.447
2025-02-20T09:00:00,3.667,18.622,2.704,0.188,0.041,0.142
2025-02-20T10:00:00,1.717,18.210,2.697,0.054,0.042,0.478
2025-02-20T11:00:00,1.174,19.164,2.729,0.077,0.040,0.308
2025-02-20T12:00:00,3.600,18.853,2.085,0.762,0.043,0.196
2025-02-20T13:00:00,6.626,18.310,2.155,1.503,0.039,0.183
2025-02-20T14:00:00,4.544,5.270,2.259,0.577,0.040,0.105
2025-02-20T15:00:00,4.051,8.730,2.239,0.182,0.041,0.083
2025-02-20T16:00:00,4.151,8.113,2.256,0.054,0.126,0.053
2025-02-20T17:00:00,5.923,8.364,2.133,0.053,0.063,0.612
2025-02-20T18:00:00,0.000,5.527,2.726,0.057,0.758,1.676
2025-02-20T19:00:00,0.000,2.383,2.344,0.069,0.373,1.451
2025-02-20T20:00:00,0.000,0.250,1.993,0.795,0.250,0.371
2025-02-20T21:00:00,0.000,0.000,0.340,0.245,0.042,1.862
2025-02-20T22:00:00,0.000,0.000,0.374,0.169,0.040,2.711
2025-02-20T23:00:00,0.000,0.000,0.403,0.058,0.042,2.149
2025-02-21T00:00:00,0.000,0.000,0.426,0.054,0.040,0.049
2025-02-21T01:00:00,0.000,0.000,0.277,0.056,0.037,0.054
2025-02-21T02:00:00,0.000,0.000,0.265,0.056,0.041,0.052
2025-02-21T03:00:00,0.000,0.000,0.277,0.054,0.043,0.049
2025-02-21T04:00:00,0.000,0.000,0.350,0.054,0.039,0.051
2025-02-21T05:00:00,0.000,0.293,0.254,0.190,0.042,0.047
2025-02-21T06:00:00,0.000,1.171,0.467,1.133,0.041,0.948
2025-02-21T07:00:00,0.000,5.364,0.383,0.784,0.042,2.267
2025-02-21T08:00:00,0.207,8.193,0.414,0.597,0.041,1.306
2025-02-21T09:00:00,2.838,7.603,2.234,0.074,0.041,0.053
2025-02-21T10:00:00,5.123,9.950,3.772,0.073,0.041,0.049
2025-02-21T11:00:00,4.143,13.210,3.733,0.073,0.040,0.048
2025-02-21T12:00:00,4.335,12.610,3.385,1.016,0.035,0.047
2025-02-21T13:00:00,3.147,13.643,3.004,0.838,0.039,0.088
2025-02-21T14:00:00,3.403,13.497,3.175,0.225,0.041,0.255
2025-02-21T15:00:00,3.535,12.663,3.562,0.282,0.043,0.083
2025-02-21T16:00:00,3.751,13.359,4.135,0.276,1.329,0.455
2025-02-21T17:00:00,2.703,14.668,4.180,0.382,2.645,0.658
2025-02-21T18:00:00,3.622,17.759,3.397,0.473,1.552,2.472
2025-02-21T19:00:00,3.000,14.065,0.638,0.265,2.075,1.679
2025-02-21T20:00:00,0.000,7.636,0.277,0.301,1.359,0.800
2025-02-21T21:00:00,0.000,0.000,0.636,0.561,0.355,1.042
2025-02-21T22:00:00,0.000,0.000,0.425,0.294,0.437,0.551
2025-02-21T23:00:00,0.000,0.000,0.379,0.062,0.122,0.047
2025-02-22T00:00:00,0.000,0.000,0.514,0.053,0.042,0.050
2025-02-22T01:00:00,0.000,0.000,0.271,0.054,0.042,0.059
2025-02-22T02:00:00,0.000,0.000,0.260,0.054,0.039,0.047
2025-02-22T03:00:00,0.000,0.000,0.248,0.056,0.037,0.047
2025-02-22T04:00:00,0.000,0.000,0.443,0.161,0.037,0.056
2025-02-22T05:00:00,0.000,0.000,0.508,0.236,0.042,0.047
2025-02-22T06:00:00,0.000,0.000,0.373,0.481,0.883,0.047
2025-02-22T07:00:00,0.000,10.228,0.819,0.890,0.848,1.406
2025-02-22T08:00:00,0.000,15.353,2.485,0.515,0.877,3.326
2025-02-22T09:00:00,0.000,9.986,2.079,0.434,0.498,1.934
2025-02-22T10:00:00,0.000,12.703,3.553,0.124,0.074,0.903
2025-02-22T11:00:00,0.000,14.203,3.434,0.064,0.039,2.285
2025-02-22T12:00:00,0.000,14.126,3.233,0.054,0.042,0.274
2025-02-22T13:00:00,0.000,15.636,2.942,0.054,0.039,0.873
2025-02-22T14:00:00,0.000,12.541,3.058,0.060,0.501,2.936
2025-02-22T15:00:00,0.000,13.368,3.169,0.056,0.794,2.261
2025-02-22T16:00:00,0.000,14.867,3.060,2.032,0.039,0.281
2025-02-22T17:00:00,0.000,14.178,3.304,0.991,0.168,0.582
2025-02-22T18:00:00,0.000,17.163,1.906,0.276,0.397,0.897
2025-02-22T19:00:00,0.000,14.132,2.202,1.221,0.297,1.127
2025-02-22T20:00:00,0.000,2.289,0.674,0.668,0.461,0.591
2025-02-22T21:00:00,0.000,0.345,0.420,0.638,0.537,0.503
2025-02-22T22:00:00,0.000,0.000,0.329,0.055,0.111,0.086
2025-02-22T23:00:00,0.000,0.000,0.426,0.056,0.041,0.050
2025-02-23T00:00:00,0.000,0.000,0.356,0.054,0.040,0.056
2025-02-23T01:00:00,0.000,0.000,0.541,0.053,0.041,0.047
2025-02-23T02:00:00,0.000,0.000,0.383,0.055,0.039,0.050
2025-02-23T03:00:00,0.000,0.000,0.485,0.261,0.042,0.050
2025-02-23T04:00:00,0.000,0.154,0.488,0.256,0.042,0.049
2025-02-23T05:00:00,0.000,0.674,0.441,0.242,0.035,0.049
2025-02-23T06:00:00,0.000,9.047,0.271,0.538,0.882,0.050
2025-02-23T07:00:00,0.000,7.713,0.191,1.002,0.528,1.160
2025-02-23T08:00:00,0.000,8.060,0.455,1.170,0.899,1.066
2025-02-23T09:00:00,0.000,11.747,1.371,0.111,0.423,0.225
2025-02-23T10:00:00,0.000,12.043,3.215,0.892,0.642,1.573
2025-02-23T11:00:00,0.000,8.253,3.546,0.533,1.310,0.288
2025-02-23T12:00:00,0.000,10.147,3.590,0.093,0.092,2.267
2025-02-23T13:00:00,0.000,11.253,3.662,0.157,0.040,1.517
2025-02-23T14:00:00,0.000,13.251,3.556,0.114,3.174,0.223
2025-02-23T15:00:00,0.000,15.854,3.099,0.071,3.248,0.123
2025-02-23T16:00:00,0.000,16.860,3.080,0.063,0.574,0.187
2025-02-23T17:00:00,0.000,15.688,3.132,0.056,0.040,0.263
2025-02-23T18:00:00,0.000,15.940,3.436,0.537,1.426,0.359
2025-02-23T19:00:00,0.000,6.244,1.064,1.117,0.754,1.226
2025-02-23T20:00:00,0.000,0.000,0.530,0.842,0.464,0.590
2025-02-23T21:00:00,0.000,0.000,0.398,0.248,0.252,0.516
2025-02-23T22:00:00,0.000,0.000,0.373,0.058,0.232,0.483
2025-02-23T23:00:00,0.000,0.000,0.312,0.055,0.041,0.059
2025-02-24T00:00:00,0.000,0.000,0.317,0.056,0.040,0.055
2025-02-24T01:00:00,0.000,0.000,0.449,0.053,0.041,0.047
2025-02-24T02:00:00,0.000,0.000,0.265,0.056,0.039,0.050
2025-02-24T03:00:00,0.000,0.000,0.393,0.055,0.041,0.050
2025-02-24T04:00:00,0.000,0.000,0.496,0.354,0.039,0.051
2025-02-24T05:00:00,0.000,0.000,0.478,0.254,0.039,0.052
2025-02-24T06:00:00,0.000,6.524,0.191,0.673,0.867,2.123
2025-02-24T07:00:00,3.906,10.086,0.282,0.293,0.939,1.726
2025-02-24T08:00:00,6.626,8.920,1.825,0.054,0.512,1.274
2025-02-24T09:00:00,6.368,15.463,2.925,0.054,0.044,0.175
2025-02-24T10:00:00,3.326,18.893,2.293,0.054,0.044,0.051
2025-02-24T11:00:00,2.865,18.950,2.231,0.269,0.039,0.050
2025-02-24T12:00:00,2.322,12.156,2.742,0.100,0.039,0.076
2025-02-24T13:00:00,3.508,10.277,2.487,0.544,0.042,0.061
2025-02-24T14:00:00,4.938,13.324,3.764,0.164,0.042,0.136
2025-02-24T15:00:00,6.175,13.400,3.378,0.075,0.042,0.189
2025-02-24T16:00:00,5.984,13.700,3.028,0.054,0.091,0.060
2025-02-24T17:00:00,0.639,14.975,2.463,0.054,0.333,1.771
2025-02-24T18:00:00,0.143,10.633,3.658,0.074,0.248,0.532
2025-02-24T19:00:00,0.000,1.907,1.691,0.052,0.381,1.367
2025-02-24T20:00:00,0.000,0.050,0.809,0.052,0.512,0.791
2025-02-24T21:00:00,0.000,0.000,0.583,0.648,0.428,0.955
2025-02-24T22:00:00,0.000,0.000,0.383,0.056,0.285,0.286
2025-02-24T23:00:00,0.000,0.000,0.440,0.053,0.054,0.050
2025-02-25T00:00:00,0.000,0.000,0.419,0.055,0.047,0.056
2025-02-25T01:00:00,0.000,0.000,0.512,0.055,0.039,0.047
2025-02-25T02:00:00,0.000,0.000,0.468,0.055,0.042,0.049
2025-02-25T03:00:00,0.000,0.000,0.398,0.122,0.042,0.052
2025-02-25T04:00:00,0.000,0.000,0.485,0.253,0.040,0.054
2025-02-25T05:00:00,0.000,0.000,0.376,0.367,0.033,0.046
2025-02-25T06:00:00,1.833,0.287,0.502,1.149,0.626,1.635
2025-02-25T07:00:00,1.348,5.170,0.360,0.854,0.383,1.472
2025-02-25T08:00:00,0.087,6.420,0.563,1.215,0.043,0.994
2025-02-25T09:00:00,0.617,8.203,2.568,1.072,0.043,0.056
2025-02-25T10:00:00,2.603,8.147,2.837,0.063,0.043,0.049
2025-02-25T11:00:00,3.295,6.853,2.493,0.054,0.041,0.047
2025-02-25T12:00:00,3.587,9.227,3.471,0.053,0.041,0.047
2025-02-25T13:00:00,4.487,16.627,3.196,0.248,0.040,0.062
2025-02-25T14:00:00,4.200,17.386,2.615,0.570,0.040,0.256
2025-02-25T15:00:00,5.847,17.359,2.611,0.164,0.042,0.394
2025-02-25T16:00:00,6.853,17.503,3.150,0.215,0.040,0.795
2025-02-25T17:00:00,4.253,13.284,3.026,0.365,0.055,0.723
2025-02-25T18:00:00,3.500,13.205,2.891,0.375,0.129,1.143
2025-02-25T19:00:00,1.083,1.740,2.369,0.255,0.322,4.127
2025-02-25T20:00:00,0.000,0.567,1.264,0.253,0.383,2.099
2025-02-25T21:00:00,0.000,0.000,0.340,0.246,0.398,2.111
2025-02-25T22:00:00,0.000,0.000,0.180,0.056,0.332,0.965
2025-02-25T23:00:00,0.000,0.000,0.374,0.054,0.047,0.059
2025-02-26T00:00:00,0.000,0.000,0.449,0.053,0.041,0.046
2025-02-26T01:00:00,0.000,0.000,0.335,0.054,0.041,0.045
2025-02-26T02:00:00,0.000,0.000,0.466,0.056,0.041,0.051
2025-02-26T03:00:00,0.000,0.000,0.530,0.048,0.042,0.057
2025-02-26T04:00:00,0.000,0.000,0.349,0.207,0.039,0.049
2025-02-26T05:00:00,0.000,0.000,0.578,0.244,0.042,0.061
2025-02-26T06:00:00,0.000,4.950,0.530,0.475,0.047,1.527
2025-02-26T07:00:00,0.113,7.029,1.227,0.452,1.030,0.618
2025-02-26T08:00:00,0.388,13.601,1.730,0.764,0.085,0.311
2025-02-26T09:00:00,1.740,17.684,2.273,0.943,0.041,0.048
2025-02-26T10:00:00,4.918,17.802,3.804,0.924,0.040,0.048
2025-02-26T11:00:00,6.135,17.772,3.534,1.456,0.042,0.046
2025-02-26T12:00:00,5.785,17.061,3.583,0.163,0.039,0.056
2025-02-26T13:00:00,5.947,18.501,3.773,0.055,0.040,0.049
2025-02-26T14:00:00,5.665,5.970,2.867,0.265,0.043,0.167
2025-02-26T15:00:00,6.335,19.467,2.927,0.160,0.040,0.292
2025-02-26T16:00:00,4.300,15.950,3.495,0.333,0.685,0.106
2025-02-26T17:00:00,0.000,12.120,2.527,0.056,0.346,1.464
2025-02-26T18:00:00,0.000,9.523,2.008,0.240,0.802,1.267
2025-02-26T19:00:00,0.000,15.290,1.658,0.132,3.346,1.499
2025-02-26T20:00:00,0.000,2.517,0.707,0.570,2.854,0.555
2025-02-26T21:00:00,0.000,0.300,0.408,0.515,2.434,1.869
2025-02-26T22:00:00,0.000,0.000,0.373,0.351,0.320,3.073
2025-02-26T23:00:00,0.000,0.000,0.340,0.150,0.042,1.281
2025-02-27T00:00:00,0.000,0.000,0.496,0.054,0.041,0.047
2025-02-27T01:00:00,0.000,0.000,0.334,0.054,0.040,0.048
2025-02-27T02:00:00,0.000,0.000,0.572,0.052,0.040,0.050
2025-02-27T03:00:00,0.000,0.000,0.478,0.083,0.042,0.050
2025-02-27T04:00:00,0.000,0.000,0.502,0.250,0.041,0.048
2025-02-27T05:00:00,0.000,0.672,0.300,0.257,0.040,0.059
2025-02-27T06:00:00,0.000,0.940,0.347,0.598,0.357,2.588
2025-02-27T07:00:00,0.040,8.119,0.391,0.507,0.993,1.006
2025-02-27T08:00:00,0.313,15.723,0.911,0.770,0.199,0.285
2025-02-27T09:00:00,1.172,13.973,3.207,0.062,0.042,0.188
2025-02-27T10:00:00,5.235,13.618,3.386,0.053,0.042,0.067
2025-02-27T11:00:00,3.437,13.620,3.421,0.406,0.035,0.118
2025-02-27T12:00:00,4.153,12.967,3.705,0.457,0.038,0.198
2025-02-27T13:00:00,2.223,13.475,3.600,1.211,0.044,0.171
2025-02-27T14:00:00,4.171,13.295,3.424,1.036,0.042,0.400
2025-02-27T15:00:00,4.126,15.783,3.514,0.407,0.037,0.318
2025-02-27T16:00:00,2.641,12.433,2.715,0.184,0.041,0.352
2025-02-27T17:00:00,2.539,10.553,3.091,0.177,0.046,0.148
2025-02-27T18:00:00,2.602,10.147,3.234,0.056,0.265,0.690
2025-02-27T19:00:00,0.875,3.917,0.241,0.056,0.296,2.398
2025-02-27T20:00:00,0.000,0.000,0.351,0.400,0.405,0.440
2025-02-27T21:00:00,0.000,0.000,0.380,0.448,0.457,0.437
2025-02-27T22:00:00,0.000,0.000,0.461,0.083,0.427,0.395
2025-02-27T23:00:00,0.000,0.000,0.403,0.056,0.082,0.287
2025-02-28T00:00:00,0.000,0.000,0.357,0.053,0.055,0.074
2025-02-28T01:00:00,0.000,0.000,0.385,0.053,0.043,0.050
2025-02-28T02:00:00,0.000,0.000,0.484,0.053,0.042,0.047
2025-02-28T03:00:00,0.000,0.000,0.462,0.130,0.042,0.049
2025-02-28T04:00:00,0.000,0.329,0.420,0.327,0.035,0.050
2025-02-28T05:00:00,0.000,1.142,0.271,0.253,0.039,0.050
2025-02-28T06:00:00,0.000,5.875,0.220,0.218,0.048,1.576
2025-02-28T07:00:00,2.575,6.773,0.386,0.978,0.975,1.335
2025-02-28T08:00:00,4.152,11.373,1.145,1.259,0.057,0.163
2025-02-28T09:00:00,5.073,18.657,2.943,0.615,0.039,0.049
2025-02-28T10:00:00,4.323,12.947,2.561,0.463,0.034,0.259
2025-02-28T11:00:00,4.855,9.238,3.478,0.382,0.042,0.125
2025-02-28T12:00:00,4.420,13.827,2.602,1.550,0.041,0.049
2025-02-28T13:00:00,3.659,14.013,3.241,1.236,0.042,0.222
2025-02-28T14:00:00,4.043,13.407,3.150,0.053,0.039,0.087
2025-02-28T15:00:00,3.557,14.013,2.968,0.055,0.046,0.151
2025-02-28T16:00:00,2.213,13.640,3.016,0.071,0.037,0.226
2025-02-28T17:00:00,0.097,13.693,2.578,0.086,0.484,0.497
2025-02-28T18:00:00,0.000,9.230,1.515,0.238,0.316,2.587
2025-02-28T19:00:00,0.000,2.214,1.616,0.546,0.244,1.489
2025-02-28T20:00:00,0.000,0.000,0.359,0.865,0.347,0.553
2025-02-28T21:00:00,0.000,0.000,0.265,0.814,0.392,0.285
2025-02-28T22:00:00,0.000,0.000,0.180,0.078,0.319,0.306
2025-02-28T23:00:00,0.000,0.000,0.271,0.055,0.107,0.117
2025-03-01T00:00:00,0.000,0.000,0.350,0.056,0.041,0.052
2025-03-01T01:00:00,0.000,0.000,0.323,0.056,0.041,0.051
2025-03-01T02:00:00,0.000,0.000,0.259,0.053,0.040,0.050
2025-03-01T03:00:00,0.000,0.000,0.191,0.088,0.039,0.050
2025-03-01T04:00:00,0.000,0.000,0.397,0.378,0.041,0.050
2025-03-01T05:00:00,0.000,1.250,0.578,0.243,0.041,0.047
2025-03-01T06:00:00,0.000,4.037,0.513,1.030,0.044,0.047
2025-03-01T07:00:00,0.000,12.206,0.737,0.679,0.868,1.312
2025-03-01T08:00:00,0.000,13.730,1.792,0.675,1.359,1.556
2025-03-01T09:00:00,0.000,7.387,2.356,0.073,0.746,0.521
2025-03-01T10:00:00,0.000,12.245,2.931,0.054,1.543,0.391
2025-03-01T11:00:00,0.000,12.827,3.581,0.054,0.193,0.543
2025-03-01T12:00:00,0.000,10.507,3.844,0.054,3.870,0.276
2025-03-01T13:00:00,0.000,15.827,3.876,0.053,2.494,0.770
2025-03-01T14:00:00,0.000,12.393,4.102,0.054,0.390,0.458
2025-03-01T15:00:00,0.000,7.418,3.983,0.057,0.412,2.624
2025-03-01T16:00:00,0.000,11.458,4.030,0.054,0.128,2.817
2025-03-01T17:00:00,0.000,14.048,3.261,0.056,0.246,2.269
2025-03-01T18:00:00,0.000,13.868,3.786,0.863,0.201,0.254
2025-03-01T19:00:00,0.000,9.800,1.769,1.299,0.354,0.303
2025-03-01T20:00:00,0.000,5.000,0.619,0.823,0.457,0.679
2025-03-01T21:00:00,0.000,0.000,0.455,0.847,0.299,1.466
2025-03-01T22:00:00,0.000,0.000,0.502,0.067,0.347,1.468
2025-03-01T23:00:00,0.000,0.000,0.490,0.054,0.054,0.054
2025-03-02T00:00:00,0.000,0.000,0.420,0.055,0.036,0.047
2025-03-02T01:00:00,0.000,0.000,0.531,0.057,0.039,0.050
2025-03-02T02:00:00,0.000,0.000,0.541,0.054,0.041,0.051
2025-03-02T03:00:00,0.000,0.000,0.383,0.054,0.041,0.049
2025-03-02T04:00:00,0.000,0.750,0.485,0.069,0.042,0.050
2025-03-02T05:00:00,0.000,9.333,0.439,0.361,0.041,0.047
2025-03-02T06:00:00,0.000,12.731,0.417,0.403,0.592,1.207
2025-03-02T07:00:00,0.000,17.468,0.507,0.628,0.550,0.285
2025-03-02T08:00:00,0.000,13.179,0.456,0.304,2.221,1.291
2025-03-02T09:00:00,0.000,10.005,0.905,0.385,3.042,0.935
2025-03-02T10:00:00,0.000,7.191,3.273,0.054,2.200,1.607
2025-03-02T11:00:00,0.000,7.603,3.232,0.056,1.678,2.033
2025-03-02T12:00:00,0.000,7.173,3.842,0.822,0.108,0.664
2025-03-02T13:00:00,0.000,11.530,3.999,0.057,0.045,1.950
2025-03-02T14:00:00,0.000,17.906,3.833,0.054,2.406,3.579
2025-03-02T15:00:00,0.000,17.893,2.882,0.054,1.678,1.092
2025-03-02T16:00:00,0.000,15.833,3.137,0.054,0.283,0.292
2025-03-02T17:00:00,0.000,12.268,3.344,0.056,0.358,0.181
2025-03-02T18:00:00,0.000,10.057,3.187,0.053,0.256,0.311
2025-03-02T19:00:00,0.000,1.125,1.606,0.054,0.360,0.456
2025-03-02T20:00:00,0.000,0.000,0.386,0.359,0.383,1.089
2025-03-02T21:00:00,0.000,0.000,0.242,0.207,0.679,0.660
2025-03-02T22:00:00,0.000,0.000,0.220,0.182,0.391,0.335
2025-03-02T23:00:00,0.000,0.000,0.323,0.063,0.165,0.153
2025-03-03T00:00:00,0.000,0.000,0.386,0.053,0.041,0.046
2025-03-03T01:00:00,0.000,0.000,0.439,0.054,0.043,0.047
2025-03-03T02:00:00,0.000,0.000,0.451,0.053,0.042,0.047
2025-03-03T03:00:00,0.000,0.000,0.439,0.057,0.040,0.056
2025-03-03T04:00:00,0.000,0.000,0.451,0.053,0.042,0.048
2025-03-03T05:00:00,0.000,0.563,0.439,0.070,0.041,0.053
2025-03-03T06:00:00,0.000,2.206,0.451,0.459,0.042,1.283
2025-03-03T07:00:00,0.217,7.439,0.354,0.819,0.859,1.310
2025-03-03T08:00:00,1.074,12.680,1.077,0.997,0.884,0.660
2025-03-03T09:00:00,3.050,9.590,2.730,0.426,0.693,2.170
2025-03-03T10:00:00,4.037,14.234,2.943,0.359,0.564,1.709
2025-03-03T11:00:00,3.637,13.317,3.142,0.250,0.147,0.365
2025-03-03T12:00:00,3.777,13.427,2.876,2.610,0.043,0.247
2025-03-03T13:00:00,3.830,13.613,2.807,1.469,0.038,0.792
2025-03-03T14:00:00,4.012,14.100,2.813,1.005,0.093,2.978
2025-03-03T15:00:00,4.749,14.600,2.714,0.167,0.488,2.794
2025-03-03T16:00:00,3.181,12.243,2.798,0.213,0.426,1.263
2025-03-03T17:00:00,1.829,9.329,3.033,0.376,0.286,2.416
2025-03-03T18:00:00,2.167,10.863,3.081,0.469,0.296,1.712
2025-03-03T19:00:00,0.083,8.823,0.873,0.274,0.401,1.198
2025-03-03T20:00:00,0.000,3.660,0.369,0.380,0.377,0.441
2025-03-03T21:00:00,0.000,0.000,0.197,0.372,0.276,0.433
2025-03-03T22:00:00,0.000,0.000,0.305,0.110,0.177,0.221
2025-03-03T23:00:00,0.000,0.000,0.180,0.055,0.041,0.050
2025-03-04T00:00:00,0.000,0.000,0.437,0.056,0.043,0.049
2025-03-04T01:00:00,0.000,0.000,0.530,0.056,0.044,0.058
2025-03-04T02:00:00,0.000,0.000,0.431,0.054,0.042,0.046
2025-03-04T03:00:00,0.000,0.000,0.356,0.069,0.039,0.047
2025-03-04T04:00:00,0.000,0.314,0.424,0.247,0.042,0.046
2025-03-04T05:00:00,0.000,0.536,0.496,0.391,0.041,0.057
2025-03-04T06:00:00,0.000,1.927,0.394,0.507,1.009,1.515
2025-03-04T07:00:00,0.201,14.072,0.490,0.729,0.313,1.654
2025-03-04T08:00:00,1.360,19.287,2.107,0.091,0.772,0.471
2025-03-04T09:00:00,5.038,18.673,3.686,0.054,0.083,0.121
2025-03-04T10:00:00,4.125,10.426,3.255,0.056,0.041,0.062
2025-03-04T11:00:00,2.583,3.891,2.990,0.553,0.039,0.047
2025-03-04T12:00:00,4.181,8.211,3.060,0.129,0.042,0.048
2025-03-04T13:00:00,3.309,6.272,3.081,0.407,0.040,0.049
2025-03-04T14:00:00,3.711,8.367,2.737,1.158,0.042,0.048
2025-03-04T15:00:00,3.729,9.294,3.210,0.749,0.039,0.049
2025-03-04T16:00:00,5.933,7.819,3.482,0.103,0.041,0.058
2025-03-04T17:00:00,2.882,7.496,3.459,0.056,0.055,0.094
2025-03-04T18:00:00,5.153,6.155,1.222,0.054,0.332,0.264
2025-03-04T19:00:00,0.625,10.876,0.600,0.059,0.795,0.968
2025-03-04T20:00:00,0.000,5.451,0.414,0.846,0.381,1.045
2025-03-04T21:00:00,0.000,0.910,0.455,0.206,0.262,0.505
2025-03-04T22:00:00,0.000,0.000,0.388,0.064,0.258,0.906
2025-03-04T23:00:00,0.000,0.000,0.449,0.045,0.050,0.287
2025-03-05T00:00:00,0.000,0.000,0.487,0.056,0.041,0.286
2025-03-05T01:00:00,0.000,0.000,0.485,0.055,0.042,0.286
2025-03-05T02:00:00,0.000,0.000,0.405,0.055,0.031,0.270
2025-03-05T03:00:00,0.000,0.000,0.519,0.056,0.044,0.383
2025-03-05T04:00:00,0.000,0.000,0.383,0.304,0.041,0.285
2025-03-05T05:00:00,0.000,0.070,0.541,0.074,0.040,0.275
2025-03-05T06:00:00,0.000,8.529,0.383,0.562,0.204,2.321
2025-03-05T07:00:00,0.145,10.327,0.541,0.591,0.938,0.653
2025-03-05T08:00:00,0.423,12.357,0.996,0.298,0.061,0.418
2025-03-05T09:00:00,3.174,11.753,2.646,0.525,0.038,0.293
2025-03-05T10:00:00,4.544,11.337,3.063,0.061,0.040,0.287
2025-03-05T11:00:00,4.071,11.932,3.449,1.029,0.042,0.053
2025-03-05T12:00:00,4.404,18.662,3.314,0.843,0.038,0.082
2025-03-05T13:00:00,3.232,18.425,3.074,0.358,0.041,0.214
2025-03-05T14:00:00,3.810,16.497,3.325,0.394,0.042,0.256
2025-03-05T15:00:00,5.322,17.990,3.323,0.441,0.042,0.385
2025-03-05T16:00:00,5.515,11.853,3.395,0.088,0.042,0.140
2025-03-05T17:00:00,2.875,14.460,3.075,0.562,0.043,0.334
2025-03-05T18:00:00,0.250,15.087,2.918,0.242,2.780,0.604
2025-03-05T19:00:00,0.000,1.170,0.800,0.292,2.547,1.892
2025-03-05T20:00:00,0.000,0.523,0.432,0.370,0.488,1.056
2025-03-05T21:00:00,0.000,0.000,0.345,0.452,0.342,0.580
2025-03-05T22:00:00,0.000,0.000,0.288,0.081,0.391,0.325
2025-03-05T23:00:00,0.000,0.000,0.449,0.074,0.070,0.051
2025-03-06T00:00:00,0.000,0.000,0.601,0.058,0.042,0.048
2025-03-06T01:00:00,0.000,0.000,0.344,0.054,0.043,0.053
2025-03-06T02:00:00,0.000,0.000,0.334,0.057,0.042,0.051
2025-03-06T03:00:00,0.000,0.000,0.524,0.052,0.044,0.053
2025-03-06T04:00:00,0.000,0.000,0.472,0.372,0.040,0.054
2025-03-06T05:00:00,0.000,0.000,0.485,0.328,0.035,0.048
2025-03-06T06:00:00,0.000,4.823,0.405,0.527,0.041,2.551
2025-03-06T07:00:00,0.000,10.978,0.451,0.254,0.917,0.945
2025-03-06T08:00:00,0.715,10.370,0.439,0.843,0.291,0.281
2025-03-06T09:00:00,4.928,14.013,1.933,0.430,0.040,1.171
2025-03-06T10:00:00,6.143,13.419,3.153,0.089,0.041,0.294
2025-03-06T11:00:00,5.666,13.245,3.121,0.089,0.039,0.193
2025-03-06T12:00:00,5.643,9.030,3.446,0.055,0.043,0.082
2025-03-06T13:00:00,4.042,11.816,3.302,0.604,0.037,0.693
2025-03-06T14:00:00,4.291,17.830,3.438,0.312,0.042,0.188
2025-03-06T15:00:00,5.916,18.893,3.278,0.223,0.045,0.341
2025-03-06T16:00:00,5.337,14.590,3.430,0.098,0.042,0.225
2025-03-06T17:00:00,4.224,10.647,3.231,0.071,0.591,1.036
2025-03-06T18:00:00,3.278,11.310,2.962,0.296,0.591,0.815
2025-03-06T19:00:00,0.000,14.499,1.400,0.437,0.972,2.453
2025-03-06T20:00:00,0.000,12.156,0.288,0.287,0.673,0.306
2025-03-06T21:00:00,0.000,0.000,0.237,0.264,0.527,0.194
2025-03-06T22:00:00,0.000,0.000,0.208,0.068,0.408,0.288
2025-03-06T23:00:00,0.000,0.000,0.502,0.054,0.067,0.070
2025-03-07T00:00:00,0.000,0.000,0.484,0.057,0.041,0.053
2025-03-07T01:00:00,0.000,0.000,0.271,0.045,0.039,0.052
2025-03-07T02:00:00,0.000,0.000,0.467,0.057,0.042,0.051
2025-03-07T03:00:00,0.000,0.000,0.524,0.075,0.040,0.048
2025-03-07T04:00:00,0.000,0.000,0.428,0.106,0.039,0.057
2025-03-07T05:00:00,0.000,9.667,0.462,0.196,0.041,0.050
2025-03-07T06:00:00,0.277,11.250,0.428,0.917,0.917,1.954
2025-03-07T07:00:00,5.347,11.698,0.462,0.810,1.229,0.966
2025-03-07T08:00:00,5.246,13.810,0.451,0.686,0.457,1.207
2025-03-07T09:00:00,2.547,13.908,0.555,0.568,0.042,0.356
2025-03-07T10:00:00,1.955,13.944,2.851,0.194,0.040,0.379
2025-03-07T11:00:00,3.917,6.173,3.343,0.190,0.040,0.122
2025-03-07T12:00:00,3.767,5.470,2.966,0.271,0.038,0.058
2025-03-07T13:00:00,3.720,9.053,2.663,0.057,0.039,0.089
2025-03-07T14:00:00,3.157,12.855,2.527,0.807,0.043,0.102
2025-03-07T15:00:00,0.635,13.312,2.123,1.319,0.041,0.172
2025-03-07T16:00:00,3.763,13.283,2.680,1.165,0.041,0.239
2025-03-07T17:00:00,3.032,12.960,3.068,0.200,0.041,0.264
2025-03-07T18:00:00,0.583,6.342,3.029,0.327,0.065,0.391
2025-03-07T19:00:00,0.167,1.235,2.953,0.284,0.361,2.170
2025-03-07T20:00:00,0.000,0.950,1.436,0.338,1.660,1.666
2025-03-07T21:00:00,0.000,0.000,0.277,0.832,0.617,0.263
2025-03-07T22:00:00,0.000,0.000,0.516,0.062,0.592,0.057
2025-03-07T23:00:00,0.000,0.000,0.362,0.051,0.370,0.052
2025-03-08T00:00:00,0.000,0.000,0.385,0.058,0.037,0.052
2025-03-08T01:00:00,0.000,0.000,0.237,0.055,0.039,0.050
2025-03-08T02:00:00,0.000,0.000,0.335,0.048,0.039,0.048
2025-03-08T03:00:00,0.000,0.000,0.379,0.053,0.041,0.051
2025-03-08T04:00:00,0.000,0.000,0.450,0.347,0.045,0.049
2025-03-08T05:00:00,0.000,0.691,0.530,0.383,0.044,0.047
2025-03-08T06:00:00,0.000,12.754,0.360,0.541,0.041,0.053
2025-03-08T07:00:00,0.000,15.265,0.530,0.794,0.404,1.304
2025-03-08T08:00:00,0.000,17.510,0.763,0.809,0.616,1.150
2025-03-08T09:00:00,0.000,15.523,2.248,0.566,3.407,1.408
2025-03-08T10:00:00,0.000,7.852,3.124,0.059,3.575,0.656
2025-03-08T11:00:00,0.000,8.360,3.653,0.052,1.332,0.266
2025-03-08T12:00:00,0.000,9.473,3.458,0.051,0.061,0.261
2025-03-08T13:00:00,0.000,13.473,3.933,0.053,1.241,0.141
2025-03-08T14:00:00,0.000,12.373,3.644,0.403,0.465,0.246
2025-03-08T15:00:00,0.000,12.773,3.746,0.067,0.247,0.422
2025-03-08T16:00:00,0.000,10.197,3.644,0.082,0.091,0.149
2025-03-08T17:00:00,0.000,12.617,3.646,0.246,0.216,0.473
2025-03-08T18:00:00,0.000,16.937,2.911,0.297,0.283,0.906
2025-03-08T19:00:00,0.000,6.626,1.600,0.509,0.315,1.309
2025-03-08T20:00:00,0.000,1.781,0.454,0.396,0.243,0.423
2025-03-08T21:00:00,0.000,0.000,0.496,0.167,0.321,0.672
2025-03-08T22:00:00,0.000,0.000,0.394,0.054,0.248,0.798
2025-03-08T23:00:00,0.000,0.000,0.421,0.054,0.040,0.056
2025-03-09T00:00:00,0.000,0.000,0.457,0.054,0.042,0.051
2025-03-09T01:00:00,0.000,0.000,0.483,0.055,0.042,0.049
2025-03-09T02:00:00,0.000,0.000,0.462,0.054,0.040,0.046
2025-03-09T03:00:00,0.000,0.000,0.428,0.072,0.039,0.056
2025-03-09T04:00:00,0.000,0.000,0.496,0.105,0.042,0.047
2025-03-09T05:00:00,0.000,0.580,0.394,0.075,0.041,0.047
2025-03-09T06:00:00,0.000,2.303,0.530,0.717,0.832,0.087
2025-03-09T07:00:00,0.000,7.068,0.383,0.795,0.943,1.648
2025-03-09T08:00:00,0.000,8.227,1.037,0.520,1.302,1.748
2025-03-09T09:00:00,0.000,8.080,3.148,0.101,0.669,1.231
2025-03-09T10:00:00,0.000,8.904,3.195,0.658,0.194,0.485
2025-03-09T11:00:00,0.000,10.497,3.555,2.315,1.327,0.242
2025-03-09T12:00:00,0.000,12.646,3.503,0.836,0.146,0.149
2025-03-09T13:00:00,0.000,15.343,3.547,0.762,1.169,0.131
2025-03-09T14:00:00,0.000,15.133,3.391,1.052,0.100,0.117
2025-03-09T15:00:00,0.000,12.180,2.877,0.220,0.247,0.547
2025-03-09T16:00:00,0.000,12.573,2.740,0.711,0.187,0.218
2025-03-09T17:00:00,0.000,16.853,2.989,0.054,0.188,0.081
2025-03-09T18:00:00,0.000,16.371,0.783,0.056,0.249,0.294
2025-03-09T19:00:00,0.000,11.531,1.387,0.433,0.311,1.564
2025-03-09T20:00:00,0.000,4.933,0.510,0.390,0.102,0.529
2025-03-09T21:00:00,0.000,0.163,0.370,0.389,0.282,0.323
2025-03-09T22:00:00,0.000,0.000,0.461,0.099,0.384,0.231
2025-03-09T23:00:00,0.000,0.000,0.265,0.054,0.040,0.051
2025-03-10T00:00:00,0.000,0.000,0.548,0.054,0.042,0.051
2025-03-10T01:00:00,0.000,0.000,0.231,0.053,0.038,0.050
2025-03-10T02:00:00,0.000,0.000,0.214,0.055,0.040,0.050
2025-03-10T03:00:00,0.000,0.000,0.248,0.054,0.042,0.049
2025-03-10T04:00:00,0.000,0.000,0.197,0.245,0.041,0.060
2025-03-10T05:00:00,0.000,0.000,0.508,0.431,0.041,0.046
2025-03-10T06:00:00,0.000,6.053,0.410,0.738,0.042,2.548
2025-03-10T07:00:00,0.117,12.703,0.374,0.289,1.097,1.183
2025-03-10T08:00:00,0.711,14.286,1.038,0.291,0.112,0.290
2025-03-10T09:00:00,2.266,13.183,2.947,0.421,0.042,0.274
2025-03-10T10:00:00,3.363,13.193,3.646,0.259,0.042,0.272
2025-03-10T11:00:00,3.703,13.522,3.320,0.091,0.040,0.099
2025-03-10T12:00:00,3.714,13.100,3.077,0.172,0.042,0.146
2025-03-10T13:00:00,3.199,12.503,3.025,0.054,0.041,0.162
2025-03-10T14:00:00,3.941,5.523,3.013,0.137,0.043,0.583
2025-03-10T15:00:00,4.780,11.040,2.828,1.295,0.041,0.419
2025-03-10T16:00:00,3.699,18.287,1.734,0.247,0.042,0.138
2025-03-10T17:00:00,1.000,13.638,2.029,0.052,0.103,2.682
2025-03-10T18:00:00,0.000,8.642,2.397,0.249,0.198,3.596
2025-03-10T19:00:00,0.000,1.151,2.932,0.256,0.944,2.130
2025-03-10T20:00:00,0.000,1.770,0.878,1.113,0.560,0.361
2025-03-10T21:00:00,0.000,0.146,0.265,0.564,0.300,0.373
2025-03-10T22:00:00,0.000,0.000,0.186,0.534,0.411,0.291
2025-03-10T23:00:00,0.000,0.000,0.299,0.054,0.280,0.198
2025-03-11T00:00:00,0.000,0.000,0.531,0.055,0.124,0.046
2025-03-11T01:00:00,0.000,0.000,0.417,0.052,0.042,0.055
2025-03-11T02:00:00,0.000,0.000,0.520,0.057,0.041,0.053
2025-03-11T03:00:00,0.000,0.000,0.271,0.054,0.041,0.048
2025-03-11T04:00:00,0.000,0.000,0.271,0.264,0.041,0.050
2025-03-11T05:00:00,0.000,0.000,0.345,0.075,0.041,0.048
2025-03-11T06:00:00,0.000,0.050,0.511,0.296,0.040,1.279
2025-03-11T07:00:00,0.117,6.443,0.485,0.549,0.048,1.510
2025-03-11T08:00:00,1.083,8.521,0.755,0.506,1.186,0.446
2025-03-11T09:00:00,2.837,10.702,2.645,0.220,0.098,0.072
2025-03-11T10:00:00,2.769,18.702,3.664,0.169,0.041,0.059
2025-03-11T11:00:00,2.783,18.429,3.907,0.071,0.041,0.049
2025-03-11T12:00:00,2.840,18.697,3.138,0.616,0.043,0.048
2025-03-11T13:00:00,2.740,19.007,3.463,0.337,0.040,0.067
2025-03-11T14:00:00,2.790,18.800,3.614,0.056,0.041,0.099
2025-03-11T15:00:00,4.213,18.580,3.971,0.789,0.041,0.195
2025-03-11T16:00:00,4.727,11.393,3.862,0.209,0.039,0.135
2025-03-11T17:00:00,1.103,16.767,3.887,0.598,0.041,3.572
2025-03-11T18:00:00,0.167,12.514,3.437,0.305,0.065,4.435
2025-03-11T19:00:00,0.000,11.430,1.275,0.620,1.855,0.587
2025-03-11T20:00:00,0.000,3.063,0.485,0.632,2.856,1.530
2025-03-11T21:00:00,0.000,0.000,0.405,0.290,2.534,0.711
2025-03-11T22:00:00,0.000,0.000,0.519,0.191,0.300,0.320
2025-03-11T23:00:00,0.000,0.000,0.425,0.078,0.040,0.046
2025-03-12T00:00:00,0.000,0.000,0.473,0.056,0.039,0.058
2025-03-12T01:00:00,0.000,0.000,0.455,0.055,0.039,0.051
2025-03-12T02:00:00,0.000,0.000,0.578,0.054,0.041,0.049
2025-03-12T03:00:00,0.000,0.000,0.379,0.055,0.040,0.050
2025-03-12T04:00:00,0.000,0.000,0.578,0.180,0.040,0.047
2025-03-12T05:00:00,0.000,2.445,0.383,0.379,0.040,0.047
2025-03-12T06:00:00,1.792,6.381,0.541,0.769,0.539,1.775
2025-03-12T07:00:00,2.510,7.934,0.383,1.022,0.318,1.640
2025-03-12T08:00:00,3.635,3.418,0.524,0.786,0.041,0.621
2025-03-12T09:00:00,1.678,10.678,0.802,1.428,0.041,0.050
2025-03-12T10:00:00,2.788,16.560,1.907,0.260,0.039,0.050
2025-03-12T11:00:00,2.958,16.410,3.417,0.524,0.042,0.059
2025-03-12T12:00:00,2.088,17.700,3.019,0.213,0.042,0.050
2025-03-12T13:00:00,2.306,17.793,3.061,0.139,0.041,0.048
2025-03-12T14:00:00,4.199,17.273,3.291,0.736,0.042,0.050
2025-03-12T15:00:00,6.201,9.983,3.325,2.028,0.039,0.046
2025-03-12T16:00:00,3.893,17.150,3.168,0.053,0.042,0.060
2025-03-12T17:00:00,2.497,17.070,3.222,0.140,0.248,4.582
2025-03-12T18:00:00,0.081,17.462,1.982,0.394,0.348,4.122
2025-03-12T19:00:00,0.000,4.237,0.842,0.720,1.205,1.660
2025-03-12T20:00:00,0.000,0.000,0.473,0.336,0.499,0.239
2025-03-12T21:00:00,0.000,0.000,0.524,0.431,0.539,0.553
2025-03-12T22:00:00,0.000,0.000,0.399,0.077,0.443,0.948
2025-03-12T23:00:00,0.000,0.000,0.282,0.054,0.317,0.049
2025-03-13T00:00:00,0.000,0.000,0.572,0.055,0.331,0.049
2025-03-13T01:00:00,0.000,0.000,0.383,0.054,0.047,0.046
2025-03-13T02:00:00,0.000,0.000,0.541,0.056,0.041,0.058
2025-03-13T03:00:00,0.000,0.000,0.383,0.054,0.039,0.050
2025-03-13T04:00:00,0.000,0.000,0.519,0.126,0.039,0.048
2025-03-13T05:00:00,0.000,0.028,0.356,0.075,0.039,0.049
2025-03-13T06:00:00,0.000,0.765,0.445,0.684,0.039,2.430
2025-03-13T07:00:00,0.417,10.928,0.282,0.318,0.723,2.320
2025-03-13T08:00:00,1.664,18.773,0.632,0.420,0.297,0.203
2025-03-13T09:00:00,3.778,19.373,2.538,1.609,0.042,0.059
2025-03-13T10:00:00,3.674,18.689,3.156,0.556,0.041,0.048
2025-03-13T11:00:00,4.918,7.010,3.795,0.746,0.039,0.052
2025-03-13T12:00:00,3.860,6.297,3.869,0.486,0.042,0.056
2025-03-13T13:00:00,3.912,9.399,3.200,0.304,0.040,0.047
2025-03-13T14:00:00,6.615,8.779,2.802,0.241,0.041,0.047
2025-03-13T15:00:00,5.833,9.387,3.006,0.204,0.042,0.052
2025-03-13T16:00:00,1.243,8.965,3.180,0.053,0.042,0.107
2025-03-13T17:00:00,1.040,9.605,3.123,0.054,0.759,0.519
2025-03-13T18:00:00,1.415,8.224,2.874,0.372,0.418,5.260
2025-03-13T19:00:00,0.047,2.792,1.910,0.471,2.020,3.567
2025-03-13T20:00:00,0.000,0.000,0.442,0.634,3.039,2.043
2025-03-13T21:00:00,0.000,0.000,0.525,0.451,2.114,1.387
2025-03-13T22:00:00,0.000,0.000,0.496,0.340,1.265,0.408
2025-03-13T23:00:00,0.000,0.000,0.400,0.148,0.039,0.221
2025-03-14T00:00:00,0.000,0.000,0.502,0.053,0.039,0.052
2025-03-14T01:00:00,0.000,0.000,0.383,0.055,0.042,0.050
2025-03-14T02:00:00,0.000,0.000,0.541,0.054,0.041,0.051
2025-03-14T03:00:00,0.000,0.000,0.383,0.056,0.040,0.049
2025-03-14T04:00:00,0.000,0.833,0.541,0.103,0.042,0.050
2025-03-14T05:00:00,0.000,5.715,0.383,0.365,0.040,0.048
2025-03-14T06:00:00,0.000,8.454,0.541,0.595,1.045,1.399
2025-03-14T07:00:00,1.792,8.343,0.390,0.662,0.861,1.631
2025-03-14T08:00:00,2.550,9.271,0.581,0.063,1.006,1.240
2025-03-14T09:00:00,3.865,8.007,2.738,0.052,0.056,0.056
2025-03-14T10:00:00,5.517,9.033,3.471,0.054,0.041,0.050
2025-03-14T11:00:00,6.354,9.136,3.052,1.030,0.041,0.061
2025-03-14T12:00:00,3.754,8.590,3.272,0.540,0.042,0.049
2025-03-14T13:00:00,3.874,7.883,3.899,0.827,0.040,0.048
2025-03-14T14:00:00,3.526,9.137,3.479,0.158,0.041,0.082
2025-03-14T15:00:00,4.215,9.513,3.302,0.256,0.042,0.251
2025-03-14T16:00:00,2.522,9.289,2.707,0.151,0.040,0.232
2025-03-14T17:00:00,0.247,12.403,3.349,0.481,0.041,2.681
2025-03-14T18:00:00,0.190,13.280,2.215,0.243,0.284,3.640
2025-03-14T19:00:00,0.144,4.730,0.556,0.463,2.662,3.200
2025-03-14T20:00:00,0.000,0.711,0.439,0.462,2.881,0.778
2025-03-14T21:00:00,0.000,0.000,0.530,0.332,1.202,1.105
2025-03-14T22:00:00,0.000,0.000,0.436,0.068,0.397,0.322
2025-03-14T23:00:00,0.000,0.000,0.317,0.055,0.117,0.111
2025-03-15T00:00:00,0.000,0.000,0.356,0.045,0.042,0.049
2025-03-15T01:00:00,0.000,0.000,0.364,0.055,0.040,0.047
2025-03-15T02:00:00,0.000,0.000,0.363,0.054,0.039,0.049
2025-03-15T03:00:00,0.000,0.000,0.208,0.056,0.042,0.052
2025-03-15T04:00:00,0.000,0.000,0.502,0.306,0.042,0.049
2025-03-15T05:00:00,0.000,1.573,0.398,0.086,0.042,0.049
2025-03-15T06:00:00,0.000,11.060,0.323,0.684,0.043,0.071
2025-03-15T07:00:00,0.000,10.860,0.420,0.775,0.908,1.299
2025-03-15T08:00:00,0.000,3.252,1.895,0.122,0.885,0.508
2025-03-15T09:00:00,0.000,2.977,3.209,0.073,1.568,2.806
2025-03-15T10:00:00,0.000,10.837,3.857,0.343,0.429,3.837
2025-03-15T11:00:00,0.000,9.451,2.256,0.468,1.149,3.870
2025-03-15T12:00:00,0.000,9.637,3.463,0.404,0.054,0.310
2025-03-15T13:00:00,0.000,12.353,3.980,0.515,0.042,1.277
2025-03-15T14:00:00,0.000,12.220,3.959,0.318,0.061,1.212
2025-03-15T15:00:00,0.000,11.915,3.612,0.056,0.157,0.243
2025-03-15T16:00:00,0.000,11.133,3.673,0.056,0.056,0.116
2025-03-15T17:00:00,0.000,12.680,3.572,0.190,0.041,3.895
2025-03-15T18:00:00,0.000,13.677,3.554,0.916,0.071,2.976
2025-03-15T19:00:00,0.000,10.833,0.655,0.709,0.366,1.610
2025-03-15T20:00:00,0.000,1.137,0.508,0.163,0.401,1.497
2025-03-15T21:00:00,0.000,0.000,0.496,0.472,0.404,1.530
2025-03-15T22:00:00,0.000,0.000,0.363,0.203,0.099,0.351
2025-03-15T23:00:00,0.000,0.000,0.299,0.148,0.046,0.045
2025-03-16T00:00:00,0.000,0.000,0.479,0.053,0.035,0.054
2025-03-16T01:00:00,0.000,0.000,0.369,0.056,0.036,0.051
2025-03-16T02:00:00,0.000,0.000,0.535,0.055,0.043,0.052
2025-03-16T03:00:00,0.000,0.000,0.383,0.053,0.042,0.051
2025-03-16T04:00:00,0.000,0.000,0.513,0.054,0.041,0.045
2025-03-16T05:00:00,0.000,0.000,0.462,0.297,0.041,0.055
2025-03-16T06:00:00,0.000,3.417,0.394,1.120,1.048,1.135
2025-03-16T07:00:00,0.000,12.006,0.397,0.356,1.304,0.306
2025-03-16T08:00:00,0.000,11.290,1.870,0.291,0.833,0.585
2025-03-16T09:00:00,0.000,10.977,2.861,0.103,0.495,5.518
2025-03-16T10:00:00,0.000,14.474,3.130,0.086,3.022,3.217
2025-03-16T11:00:00,0.000,10.500,3.354,0.661,4.093,1.850
2025-03-16T12:00:00,0.000,8.273,3.299,0.099,1.633,0.127
2025-03-16T13:00:00,0.000,13.807,3.438,0.479,2.803,0.215
2025-03-16T14:00:00,0.000,13.753,3.074,0.219,0.177,0.164
2025-03-16T15:00:00,0.000,14.390,2.929,0.055,0.127,1.236
2025-03-16T16:00:00,0.000,13.477,2.793,0.053,0.060,2.586
2025-03-16T17:00:00,0.000,13.990,2.799,0.055,0.104,2.756
2025-03-16T18:00:00,0.000,13.367,1.995,0.220,0.527,0.849
2025-03-16T19:00:00,0.000,9.738,0.773,0.173,0.353,1.476
2025-03-16T20:00:00,0.000,0.105,0.420,0.254,0.378,0.633
2025-03-16T21:00:00,0.000,0.000,0.541,0.252,0.294,0.575
2025-03-16T22:00:00,0.000,0.000,0.353,0.055,0.377,0.336
2025-03-16T23:00:00,0.000,0.000,0.368,0.054,0.206,0.048
2025-03-17T00:00:00,0.000,0.000,0.294,0.055,0.040,0.049
2025-03-17T01:00:00,0.000,0.000,0.543,0.056,0.042,0.047
2025-03-17T02:00:00,0.000,0.000,0.467,0.054,0.041,0.047
2025-03-17T03:00:00,0.000,0.000,0.512,0.054,0.040,0.049
2025-03-17T04:00:00,0.000,0.000,0.394,0.056,0.042,0.057
2025-03-17T05:00:00,0.000,0.167,0.530,0.299,0.040,0.054
2025-03-17T06:00:00,0.000,10.000,0.383,0.651,0.558,2.848
2025-03-17T07:00:00,0.136,8.897,0.607,0.357,0.429,1.922
2025-03-17T08:00:00,3.109,17.160,1.983,0.377,0.040,0.148
2025-03-17T09:00:00,2.380,18.559,2.870,0.057,0.041,0.050
2025-03-17T10:00:00,3.140,18.349,3.335,0.079,0.041,0.047
2025-03-17T11:00:00,3.727,13.663,3.193,0.165,0.041,0.047
2025-03-17T12:00:00,3.080,16.350,3.101,0.328,0.039,0.053
2025-03-17T13:00:00,4.530,16.043,2.915,0.272,0.035,0.061
2025-03-17T14:00:00,4.037,8.397,3.104,0.055,0.041,0.214
2025-03-17T15:00:00,3.584,9.165,2.976,0.361,0.043,0.279
2025-03-17T16:00:00,4.083,8.661,3.036,1.114,0.044,0.351
2025-03-17T17:00:00,2.843,8.550,3.132,0.306,0.150,0.978
2025-03-17T18:00:00,4.603,9.392,2.744,0.840,0.239,0.393
2025-03-17T19:00:00,1.292,4.998,1.191,0.783,0.361,1.044
2025-03-17T20:00:00,0.000,0.000,0.507,0.620,0.311,0.896
2025-03-17T21:00:00,0.000,0.000,0.316,0.705,0.374,0.326
2025-03-17T22:00:00,0.000,0.000,0.362,0.070,0.248,0.473
2025-03-17T23:00:00,0.000,0.000,0.203,0.055,0.242,0.149
2025-03-18T00:00:00,0.000,0.000,0.362,0.054,0.044,0.053
2025-03-18T01:00:00,0.000,0.000,0.271,0.056,0.041,0.049
2025-03-18T02:00:00,0.000,0.000,0.197,0.055,0.033,0.059
2025-03-18T03:00:00,0.000,0.000,0.248,0.054,0.039,0.048
2025-03-18T04:00:00,0.000,0.000,0.180,0.099,0.042,0.048
2025-03-18T05:00:00,0.000,0.405,0.265,0.091,0.041,0.049
2025-03-18T06:00:00,0.208,8.799,0.180,0.790,0.701,2.090
2025-03-18T07:00:00,2.000,8.367,0.461,0.813,0.503,0.843
2025-03-18T08:00:00,3.017,13.153,0.484,0.550,0.044,1.334
2025-03-18T09:00:00,3.222,18.670,1.221,0.859,0.043,0.056
2025-03-18T10:00:00,3.801,18.740,3.014,0.059,0.039,0.050
2025-03-18T11:00:00,3.415,18.880,3.204,0.919,0.041,0.046
2025-03-18T12:00:00,3.905,18.003,3.080,1.991,0.039,0.080
2025-03-18T13:00:00,4.276,18.767,3.121,1.003,0.039,0.083
2025-03-18T14:00:00,3.981,14.067,3.071,0.595,0.041,0.206
2025-03-18T15:00:00,4.582,13.877,3.055,0.158,0.349,0.251
2025-03-18T16:00:00,3.799,13.423,3.185,0.240,0.170,0.525
2025-03-18T17:00:00,1.146,13.653,3.071,0.052,0.211,0.823
2025-03-18T18:00:00,0.197,12.063,2.993,0.227,0.321,3.180
2025-03-18T19:00:00,0.460,1.776,1.220,0.251,0.362,4.065
2025-03-18T20:00:00,0.000,0.000,0.306,0.365,0.416,2.939
2025-03-18T21:00:00,0.000,0.000,0.369,0.514,0.397,1.323
2025-03-18T22:00:00,0.000,0.000,0.514,0.075,0.562,1.668
2025-03-18T23:00:00,0.000,0.000,0.401,0.054,0.042,0.049
2025-03-19T00:00:00,0.000,0.000,0.556,0.053,0.042,0.047
2025-03-19T01:00:00,0.000,0.000,0.439,0.056,0.039,0.048
2025-03-19T02:00:00,0.000,0.000,0.383,0.054,0.041,0.051
2025-03-19T03:00:00,0.000,0.000,0.442,0.053,0.042,0.059
2025-03-19T04:00:00,0.000,0.866,0.271,0.171,0.040,0.049
2025-03-19T05:00:00,0.000,2.450,0.282,0.137,0.038,0.046
2025-03-19T06:00:00,0.000,10.775,0.242,0.665,0.907,2.093
2025-03-19T07:00:00,0.000,12.233,0.220,0.666,0.725,1.901
2025-03-19T08:00:00,0.800,14.430,0.345,0.349,0.768,0.304
2025-03-19T09:00:00,2.975,11.361,2.943,0.073,0.253,0.047
2025-03-19T10:00:00,3.745,13.997,3.119,0.057,0.040,0.048
2025-03-19T11:00:00,5.422,11.538,3.140,0.363,0.042,0.047
2025-03-19T12:00:00,4.772,17.170,3.079,0.249,0.047,0.050
2025-03-19T13:00:00,4.353,16.540,3.172,0.053,0.042,0.048
2025-03-19T14:00:00,6.168,14.227,3.110,0.186,0.040,0.079
2025-03-19T15:00:00,7.004,15.127,3.030,0.061,0.042,0.090
2025-03-19T16:00:00,5.471,14.850,3.122,0.070,0.041,0.046
2025-03-19T17:00:00,5.233,12.647,2.978,0.063,0.040,1.194
2025-03-19T18:00:00,1.442,8.613,1.384,0.357,1.130,0.545
2025-03-19T19:00:00,0.000,1.729,0.831,1.597,0.129,1.338
2025-03-19T20:00:00,0.000,0.481,0.383,0.825,2.936,1.767
2025-03-19T21:00:00,0.000,0.000,0.519,0.345,2.783,0.495
2025-03-19T22:00:00,0.000,0.000,0.442,0.055,0.552,1.222
2025-03-19T23:00:00,0.000,0.000,0.385,0.054,0.041,0.048
2025-03-20T00:00:00,0.000,0.000,0.461,0.055,0.040,0.058
2025-03-20T01:00:00,0.000,0.000,0.191,0.053,0.041,0.051
2025-03-20T02:00:00,0.000,0.000,0.259,0.056,0.038,0.050
2025-03-20T03:00:00,0.000,0.000,0.466,0.054,0.041,0.049
2025-03-20T04:00:00,0.000,0.000,0.541,0.255,0.041,0.048
2025-03-20T05:00:00,0.000,1.196,0.411,0.291,0.277,0.061
2025-03-20T06:00:00,0.000,7.691,0.341,0.932,1.081,2.337
2025-03-20T07:00:00,0.000,11.257,0.492,0.823,1.209,0.673
2025-03-20T08:00:00,0.000,9.517,2.385,0.048,0.224,1.256
2025-03-20T09:00:00,1.166,13.680,2.832,0.056,0.039,0.047
2025-03-20T10:00:00,4.577,12.803,3.053,0.056,0.042,0.047
2025-03-20T11:00:00,5.735,7.123,3.094,0.055,0.041,0.048
2025-03-20T12:00:00,6.362,9.880,3.591,0.324,0.042,0.050
2025-03-20T13:00:00,4.115,9.033,3.174,0.411,0.039,0.051
2025-03-20T14:00:00,4.968,19.090,3.025,0.296,0.043,0.075
2025-03-20T15:00:00,4.617,18.676,3.177,0.620,0.042,0.062
2025-03-20T16:00:00,6.098,6.547,3.042,0.510,0.041,0.147
2025-03-20T17:00:00,4.239,13.340,2.851,0.056,0.120,0.167
2025-03-20T18:00:00,3.781,7.792,1.339,0.053,0.286,0.403
2025-03-20T19:00:00,0.000,12.954,0.256,1.511,0.441,1.379
2025-03-20T20:00:00,0.000,3.333,0.519,0.880,0.411,0.428
2025-03-20T21:00:00,0.000,0.000,0.345,0.218,0.443,0.291
2025-03-20T22:00:00,0.000,0.000,0.501,0.119,0.374,0.314
2025-03-20T23:00:00,0.000,0.000,0.454,0.057,0.056,0.239
2025-03-21T00:00:00,0.000,0.000,0.288,0.061,0.041,0.048
2025-03-21T01:00:00,0.000,0.000,0.409,0.052,0.042,0.048
2025-03-21T02:00:00,0.000,0.000,0.560,0.055,0.042,0.053
2025-03-21T03:00:00,0.000,0.000,0.294,0.053,0.042,0.048
2025-03-21T04:00:00,0.000,0.000,0.403,0.103,0.041,0.048
2025-03-21T05:00:00,0.000,0.000,0.438,0.108,0.041,0.053
2025-03-21T06:00:00,0.000,2.657,0.403,0.264,0.750,1.904
2025-03-21T07:00:00,1.575,8.430,0.191,0.680,0.774,0.849
2025-03-21T08:00:00,2.174,7.418,0.687,1.035,0.497,1.208
2025-03-21T09:00:00,3.969,13.107,1.336,0.234,0.039,0.051
2025-03-21T10:00:00,3.655,11.127,2.613,0.177,0.043,0.048
2025-03-21T11:00:00,3.050,13.643,3.121,0.095,0.040,0.047
2025-03-21T12:00:00,2.793,13.590,3.321,0.289,0.039,0.048
2025-03-21T13:00:00,1.819,13.407,3.168,0.184,0.039,0.051
2025-03-21T14:00:00,3.252,13.490,3.176,0.265,0.040,0.089
2025-03-21T15:00:00,4.271,13.750,3.172,0.558,0.042,0.055
2025-03-21T16:00:00,3.473,13.641,3.166,0.217,0.041,0.191
2025-03-21T17:00:00,1.959,8.423,3.234,0.579,0.041,0.458
2025-03-21T18:00:00,4.844,9.589,3.093,0.211,0.935,1.364
2025-03-21T19:00:00,1.417,0.000,2.148,0.127,0.450,2.252
2025-03-21T20:00:00,0.000,0.000,0.384,0.456,0.559,0.503
2025-03-21T21:00:00,0.000,0.000,0.489,0.213,0.508,0.345
2025-03-21T22:00:00,0.000,0.000,0.282,0.202,0.216,0.431
2025-03-21T23:00:00,0.000,0.000,0.408,0.083,0.042,0.149
2025-03-22T00:00:00,0.000,0.000,0.397,0.054,0.041,0.046
2025-03-22T01:00:00,0.000,0.000,0.271,0.055,0.039,0.058
2025-03-22T02:00:00,0.000,0.000,0.464,0.055,0.041,0.048
2025-03-22T03:00:00,0.000,0.000,0.496,0.054,0.040,0.051
2025-03-22T04:00:00,0.000,0.264,0.259,0.092,0.041,0.050
2025-03-22T05:00:00,0.000,0.708,0.282,0.471,0.041,0.047
2025-03-22T06:00:00,0.000,4.183,0.282,0.714,1.145,0.056
2025-03-22T07:00:00,0.000,12.450,0.265,0.722,0.518,0.980
2025-03-22T08:00:00,0.000,9.413,1.387,0.812,0.980,1.922
2025-03-22T09:00:00,0.000,11.477,3.370,0.581,0.167,0.185
2025-03-22T10:00:00,0.000,13.139,3.404,0.056,0.464,1.861
2025-03-22T11:00:00,0.000,13.387,3.416,0.053,1.263,2.866
2025-03-22T12:00:00,0.000,12.507,3.811,0.056,0.968,1.147
2025-03-22T13:00:00,0.000,13.054,3.398,0.056,0.301,0.699
2025-03-22T14:00:00,0.000,13.265,3.139,0.054,1.013,3.609
2025-03-22T15:00:00,0.000,12.929,2.551,0.210,2.848,2.428
2025-03-22T16:00:00,0.000,12.796,2.578,0.248,2.138,0.147
2025-03-22T17:00:00,0.000,13.796,2.689,0.054,1.978,0.068
2025-03-22T18:00:00,0.000,12.949,3.177,0.221,0.322,0.464
2025-03-22T19:00:00,0.000,6.087,2.785,0.422,0.855,0.731
2025-03-22T20:00:00,0.000,0.000,1.699,0.361,0.595,1.219
2025-03-22T21:00:00,0.000,0.000,0.493,0.275,0.352,0.197
2025-03-22T22:00:00,0.000,0.000,0.484,0.075,0.269,0.085
2025-03-22T23:00:00,0.000,0.000,0.537,0.060,0.121,0.047
2025-03-23T00:00:00,0.000,0.000,0.397,0.056,0.039,0.050
2025-03-23T01:00:00,0.000,0.000,0.347,0.055,0.041,0.053
2025-03-23T02:00:00,0.000,0.000,0.271,0.053,0.039,0.058
2025-03-23T03:00:00,0.000,0.000,0.352,0.054,0.041,0.048
2025-03-23T04:00:00,0.000,0.000,0.549,0.241,0.042,0.046
2025-03-23T05:00:00,0.000,2.917,0.365,0.115,0.040,0.047
2025-03-23T06:00:00,0.000,4.551,0.543,0.075,0.042,1.359
2025-03-23T07:00:00,0.000,7.321,0.462,0.875,0.969,0.966
2025-03-23T08:00:00,0.000,10.037,0.795,1.375,1.056,2.279
2025-03-23T09:00:00,0.000,13.763,1.811,0.750,0.720,3.742
2025-03-23T10:00:00,0.000,17.723,3.383,0.673,0.624,3.231
2025-03-23T11:00:00,0.000,18.270,4.247,0.054,1.580,1.721
2025-03-23T12:00:00,0.000,11.360,4.181,0.058,0.102,0.662
2025-03-23T13:00:00,0.000,13.013,3.671,0.282,0.041,0.174
2025-03-23T14:00:00,0.000,13.624,3.484,0.167,0.592,1.712
2025-03-23T15:00:00,0.000,12.857,3.546,0.434,0.997,1.123
2025-03-23T16:00:00,0.000,12.613,3.346,0.069,0.039,0.792
2025-03-23T17:00:00,0.000,3.660,3.704,0.049,0.062,1.174
2025-03-23T18:00:00,0.000,13.188,4.155,0.055,1.419,3.209
2025-03-23T19:00:00,0.000,5.183,3.267,0.404,0.562,3.478
2025-03-23T20:00:00,0.000,7.667,1.522,0.861,0.347,1.096
2025-03-23T21:00:00,0.000,0.000,0.282,0.200,0.331,0.423
2025-03-23T22:00:00,0.000,0.000,0.397,0.079,0.240,0.289
2025-03-23T23:00:00,0.000,0.000,0.397,0.054,0.131,0.231
2025-03-24T00:00:00,0.000,0.000,0.419,0.054,0.040,0.048
2025-03-24T01:00:00,0.000,0.000,0.426,0.054,0.040,0.048
2025-03-24T02:00:00,0.000,0.000,0.432,0.056,0.042,0.050
2025-03-24T03:00:00,0.000,0.000,0.191,0.216,0.039,0.049
2025-03-24T04:00:00,0.000,0.000,0.271,0.083,0.041,0.052
2025-03-24T05:00:00,0.000,3.250,0.191,0.163,0.043,0.051
2025-03-24T06:00:00,0.013,9.900,0.265,0.671,0.899,1.251
2025-03-24T07:00:00,3.351,11.663,0.197,0.715,0.227,2.532
2025-03-24T08:00:00,5.755,17.843,1.048,0.060,1.149,0.137
2025-03-24T09:00:00,5.471,18.883,3.294,0.056,0.067,0.047
2025-03-24T10:00:00,5.515,18.023,3.610,0.053,0.177,0.048
2025-03-24T11:00:00,4.701,18.641,3.532,0.710,0.041,0.047
2025-03-24T12:00:00,2.991,18.357,4.199,0.485,0.042,0.056
2025-03-24T13:00:00,3.318,18.447,4.205,0.826,0.042,0.047
2025-03-24T14:00:00,3.918,18.773,2.929,2.005,0.040,0.046
2025-03-24T15:00:00,4.402,8.434,3.985,0.054,0.040,0.047
2025-03-24T16:00:00,4.921,14.321,4.068,0.058,0.041,1.165
2025-03-24T17:00:00,2.965,12.701,3.269,0.055,0.044,1.818
2025-03-24T18:00:00,0.123,8.450,1.851,0.052,0.251,1.653
2025-03-24T19:00:00,0.010,3.708,0.425,0.288,0.272,0.626
2025-03-24T20:00:00,0.000,1.629,0.585,1.670,0.342,1.366
2025-03-24T21:00:00,0.000,0.000,0.451,0.922,0.293,3.578
2025-03-24T22:00:00,0.000,0.000,0.439,0.124,0.098,2.849
2025-03-24T23:00:00,0.000,0.000,0.439,0.056,0.040,0.568
2025-03-25T00:00:00,0.000,0.000,0.525,0.054,0.041,0.049
2025-03-25T01:00:00,0.000,0.000,0.460,0.054,0.039,0.048
2025-03-25T02:00:00,0.000,0.000,0.248,0.062,0.041,0.049
2025-03-25T03:00:00,0.000,0.000,0.197,0.053,0.039,0.061
2025-03-25T04:00:00,0.000,0.000,0.231,0.054,0.042,0.048
2025-03-25T05:00:00,0.000,0.508,0.422,0.459,0.041,0.048
2025-03-25T06:00:00,0.003,2.812,0.528,0.742,0.592,0.049
2025-03-25T07:00:00,0.549,8.653,0.451,0.222,0.515,1.370
2025-03-25T08:00:00,3.100,8.420,0.547,0.091,1.783,1.314
2025-03-25T09:00:00,2.689,9.867,2.373,1.504,0.189,0.892
2025-03-25T10:00:00,3.251,9.870,3.119,0.061,0.577,0.499
2025-03-25T11:00:00,3.487,13.089,3.308,0.226,3.168,0.316
2025-03-25T12:00:00,3.375,16.962,3.645,0.056,2.106,1.722
2025-03-25T13:00:00,3.255,18.503,3.543,0.054,0.079,1.241
2025-03-25T14:00:00,3.042,16.405,3.589,1.027,0.126,0.195
2025-03-25T15:00:00,4.033,13.424,3.481,0.100,0.247,0.159
2025-03-25T16:00:00,4.634,12.487,3.462,0.065,0.210,0.226
2025-03-25T17:00:00,2.527,10.310,3.382,0.127,0.125,0.184
2025-03-25T18:00:00,0.000,11.079,3.083,0.176,0.101,0.860
2025-03-25T19:00:00,0.000,8.348,1.976,0.635,0.041,0.844
2025-03-25T20:00:00,0.000,4.250,0.289,0.133,0.040,0.499
2025-03-25T21:00:00,0.000,0.000,0.283,0.256,0.346,0.836
2025-03-25T22:00:00,0.000,0.000,0.432,0.127,0.293,0.612
2025-03-25T23:00:00,0.000,0.000,0.379,0.055,0.142,0.047
2025-03-26T00:00:00,0.000,0.000,0.514,0.054,0.042,0.049
2025-03-26T01:00:00,0.000,0.000,0.342,0.054,0.042,0.048
2025-03-26T02:00:00,0.000,0.000,0.288,0.056,0.041,0.048
2025-03-26T03:00:00,0.000,0.000,0.490,0.053,0.041,0.053
2025-03-26T04:00:00,0.000,0.000,0.383,0.209,0.041,0.054
2025-03-26T05:00:00,0.000,0.500,0.473,0.373,0.039,0.056
2025-03-26T06:00:00,0.000,6.333,0.451,0.830,0.162,2.735
2025-03-26T07:00:00,0.000,8.389,0.466,0.865,0.658,1.830
2025-03-26T08:00:00,0.693,7.964,0.422,0.848,0.152,0.869
2025-03-26T09:00:00,2.239,7.625,2.267,1.446,0.076,0.128
2025-03-26T10:00:00,3.043,14.713,3.341,0.055,0.042,0.200
2025-03-26T11:00:00,3.040,13.530,3.383,0.358,0.040,0.118
2025-03-26T12:00:00,3.546,11.313,3.338,0.150,0.040,0.166
2025-03-26T13:00:00,2.987,10.580,3.340,0.086,0.041,0.097
2025-03-26T14:00:00,2.871,13.767,3.215,0.055,0.039,0.185
2025-03-26T15:00:00,3.143,12.757,2.997,0.246,0.041,0.768
2025-03-26T16:00:00,4.719,12.827,2.903,0.063,0.039,0.195
2025-03-26T17:00:00,4.983,12.987,2.949,0.053,0.302,1.858
2025-03-26T18:00:00,0.870,12.268,0.942,0.548,2.402,3.179
2025-03-26T19:00:00,0.000,11.317,0.428,1.036,2.934,3.853
2025-03-26T20:00:00,0.000,0.167,0.529,1.120,1.782,0.523
2025-03-26T21:00:00,0.000,0.000,0.420,0.675,0.729,0.413
2025-03-26T22:00:00,0.000,0.000,0.208,0.644,0.038,0.380
2025-03-26T23:00:00,0.000,0.000,0.358,0.056,0.039,0.047
2025-03-27T00:00:00,0.000,0.000,0.480,0.054,0.041,0.057
2025-03-27T01:00:00,0.000,0.000,0.441,0.054,0.040,0.045
2025-03-27T02:00:00,0.000,0.000,0.459,0.049,0.041,0.048
2025-03-27T03:00:00,0.000,0.000,0.507,0.058,0.042,0.051
2025-03-27T04:00:00,0.000,0.000,0.383,0.076,0.043,0.058
2025-03-27T05:00:00,0.000,1.167,0.541,0.100,0.119,0.047
2025-03-27T06:00:00,0.024,10.833,0.383,0.704,0.802,2.127
2025-03-27T07:00:00,0.167,1.740,0.541,0.874,1.463,1.535
2025-03-27T08:00:00,0.870,13.845,0.904,0.069,2.099,0.202
2025-03-27T09:00:00,2.527,18.969,2.418,0.053,0.040,0.060
2025-03-27T10:00:00,3.369,19.317,2.875,0.053,0.040,0.048
2025-03-27T11:00:00,3.752,18.239,3.183,0.053,0.039,0.048
2025-03-27T12:00:00,4.115,18.379,3.158,0.520,0.041,0.050
2025-03-27T13:00:00,3.543,16.883,3.543,0.168,0.038,0.047
2025-03-27T14:00:00,5.887,14.113,3.466,1.331,0.040,0.095
2025-03-27T15:00:00,5.299,13.096,3.325,0.604,0.039,0.198
2025-03-27T16:00:00,6.964,13.687,3.098,0.346,0.041,0.338
2025-03-27T17:00:00,3.361,18.169,2.649,0.321,0.041,0.102
2025-03-27T18:00:00,0.000,18.346,2.739,0.256,0.102,0.493
2025-03-27T19:00:00,0.000,14.758,2.619,0.081,1.066,3.536
2025-03-27T20:00:00,0.000,0.351,2.491,0.257,0.451,0.197
2025-03-27T21:00:00,0.000,0.000,0.384,0.378,0.346,1.066
2025-03-27T22:00:00,0.000,0.000,0.317,0.255,0.396,0.302
2025-03-27T23:00:00,0.000,0.000,0.368,0.062,0.136,0.266
2025-03-28T00:00:00,0.000,0.000,0.527,0.053,0.039,0.060
2025-03-28T01:00:00,0.000,0.000,0.439,0.056,0.041,0.049
2025-03-28T02:00:00,0.000,0.000,0.485,0.053,0.040,0.047
2025-03-28T03:00:00,0.000,0.000,0.405,0.057,0.040,0.047
2025-03-28T04:00:00,0.000,0.000,0.519,0.053,0.040,0.048
2025-03-28T05:00:00,0.000,0.807,0.383,0.162,0.040,0.053
2025-03-28T06:00:00,0.000,2.338,0.541,0.914,0.041,1.452
2025-03-28T07:00:00,1.448,10.987,0.383,0.737,0.463,0.294
2025-03-28T08:00:00,2.507,13.833,2.111,0.056,0.546,0.973
2025-03-28T09:00:00,1.052,16.643,2.789,0.053,0.040,0.047
2025-03-28T10:00:00,3.423,19.947,3.665,0.058,0.040,0.057
2025-03-28T11:00:00,3.497,19.340,3.567,1.232,0.033,0.047
2025-03-28T12:00:00,6.730,13.677,3.623,0.470,0.043,0.046
2025-03-28T13:00:00,6.570,18.533,3.601,0.566,0.039,0.050
2025-03-28T14:00:00,6.830,19.433,3.104,0.177,0.041,0.056
2025-03-28T15:00:00,4.729,15.243,1.562,0.101,0.039,0.086
2025-03-28T16:00:00,2.851,19.427,3.563,0.157,0.042,0.053
2025-03-28T17:00:00,0.989,17.117,3.063,0.627,0.042,0.330
2025-03-28T18:00:00,0.034,12.323,2.920,0.312,0.522,1.686
2025-03-28T19:00:00,0.000,5.439,2.130,0.218,1.231,1.314
2025-03-28T20:00:00,0.000,0.024,0.656,0.251,3.168,0.918
2025-03-28T21:00:00,0.000,0.000,0.271,0.259,2.497,2.376
2025-03-28T22:00:00,0.000,0.000,0.191,0.067,0.226,2.651
2025-03-28T23:00:00,0.000,0.000,0.408,0.053,0.042,1.166
2025-03-29T00:00:00,0.000,0.000,0.477,0.054,0.041,0.049
2025-03-29T01:00:00,0.000,0.000,0.439,0.056,0.039,0.048
2025-03-29T02:00:00,0.000,0.000,0.485,0.054,0.041,0.047
2025-03-29T03:00:00,0.000,0.000,0.383,0.341,0.041,0.058
2025-03-29T04:00:00,0.000,0.000,0.541,0.254,0.041,0.050
2025-03-29T05:00:00,0.000,1.747,0.383,0.643,0.041,0.047
2025-03-29T06:00:00,0.000,6.067,0.485,0.988,0.633,0.070
2025-03-29T07:00:00,0.000,17.753,0.439,0.666,0.749,1.552
2025-03-29T08:00:00,0.000,10.539,1.303,0.233,1.011,2.850
2025-03-29T09:00:00,0.000,12.072,3.162,0.054,0.343,0.745
2025-03-29T10:00:00,0.000,17.535,2.960,0.052,0.866,1.752
2025-03-29T11:00:00,0.000,18.412,3.276,0.054,1.216,2.130
2025-03-29T12:00:00,0.000,17.039,2.911,0.055,1.592,0.340
2025-03-29T13:00:00,0.000,9.409,3.485,0.054,0.154,0.118
2025-03-29T14:00:00,0.000,12.707,2.970,0.054,0.096,4.481
2025-03-29T15:00:00,0.000,13.466,2.786,0.239,0.188,3.214
2025-03-29T16:00:00,0.000,12.308,2.680,0.063,0.042,0.339
2025-03-29T17:00:00,0.000,12.904,2.651,0.179,0.043,0.081
2025-03-29T18:00:00,0.000,8.278,2.924,0.198,0.250,0.457
2025-03-29T19:00:00,0.000,4.774,0.972,1.127,0.293,0.216
2025-03-29T20:00:00,0.000,6.833,0.447,0.833,0.189,1.139
2025-03-29T21:00:00,0.000,0.500,0.282,0.291,0.242,1.201
2025-03-29T22:00:00,0.000,0.000,0.434,0.063,0.155,0.235
2025-03-29T23:00:00,0.000,0.000,0.363,0.050,0.042,0.050
2025-03-30T00:00:00,0.000,0.000,0.339,0.053,0.042,0.057
2025-03-30T01:00:00,0.000,0.000,0.362,0.055,0.042,0.051
2025-03-30T03:00:00,0.000,0.000,0.373,0.066,0.040,0.051
2025-03-30T04:00:00,0.000,0.000,0.353,0.074,0.038,0.048
2025-03-30T05:00:00,0.000,0.000,0.329,0.261,0.039,0.048
2025-03-30T06:00:00,0.000,0.000,0.382,0.622,0.319,0.050
2025-03-30T07:00:00,0.000,2.046,0.360,0.295,0.760,1.356
2025-03-30T08:00:00,0.000,5.246,0.530,0.617,1.013,0.118
2025-03-30T09:00:00,0.000,9.797,0.563,0.415,0.492,1.819
2025-03-30T10:00:00,0.000,12.620,1.836,0.162,0.506,1.496
2025-03-30T11:00:00,0.000,11.476,3.533,1.049,0.338,2.511
2025-03-30T12:00:00,0.000,6.798,3.504,0.096,1.104,0.291
2025-03-30T13:00:00,0.000,11.087,3.340,0.054,0.067,0.140
2025-03-30T14:00:00,0.000,12.103,3.284,0.053,1.340,4.337
2025-03-30T15:00:00,0.000,13.073,3.415,0.056,0.079,3.606
2025-03-30T16:00:00,0.000,12.834,3.683,0.056,0.053,1.892
2025-03-30T17:00:00,0.000,12.440,3.652,0.054,0.939,0.579
2025-03-30T18:00:00,0.000,12.317,3.587,0.053,0.139,0.196
2025-03-30T19:00:00,0.000,12.660,3.093,0.592,0.486,0.405
2025-03-30T20:00:00,0.000,10.717,0.674,0.186,0.367,1.345
2025-03-30T21:00:00,0.000,5.000,0.312,0.495,0.283,0.542
2025-03-30T22:00:00,0.000,1.500,0.265,0.710,0.078,0.299
2025-03-30T23:00:00,0.000,0.000,0.294,0.056,0.040,0.047
2025-03-31T00:00:00,0.000,0.000,0.412,0.054,0.041,0.047
2025-03-31T01:00:00,0.000,0.000,0.397,0.053,0.040,0.055
2025-03-31T02:00:00,0.000,0.000,0.277,0.055,0.040,0.047
2025-03-31T03:00:00,0.000,0.000,0.220,0.055,0.042,0.051
2025-03-31T04:00:00,0.000,0.000,0.242,0.131,0.039,0.048
2025-03-31T05:00:00,0.000,0.000,0.220,0.395,0.303,0.056
2025-03-31T06:00:00,0.000,0.000,0.242,0.650,0.786,2.302
2025-03-31T07:00:00,0.000,1.083,0.220,1.390,0.827,1.749
2025-03-31T08:00:00,0.000,7.406,0.242,0.855,0.341,0.156
2025-03-31T09:00:00,0.087,14.041,1.314,0.538,0.042,0.047
2025-03-31T10:00:00,1.109,19.210,2.396,0.251,0.041,0.049
2025-03-31T11:00:00,3.813,11.399,2.906,0.055,0.039,0.050
2025-03-31T12:00:00,6.219,10.480,3.395,0.249,0.041,0.057
2025-03-31T13:00:00,5.865,7.368,3.248,0.905,0.040,0.057
2025-03-31T14:00:00,5.840,16.037,3.590,0.049,0.042,0.193
2025-03-31T15:00:00,6.074,12.731,3.102,0.056,0.039,0.201
2025-03-31T16:00:00,6.560,13.220,2.326,0.072,0.041,0.139
2025-03-31T17:00:00,6.842,11.547,3.483,0.075,0.042,0.271
2025-03-31T18:00:00,5.149,11.353,2.984,0.216,0.141,0.426
2025-03-31T19:00:00,1.963,11.570,1.862,0.318,0.334,1.436
2025-03-31T20:00:00,0.000,9.957,1.825,0.247,1.106,0.518
2025-03-31T21:00:00,0.000,0.669,0.859,0.375,0.510,1.250
2025-03-31T22:00:00,0.000,0.000,0.334,0.141,0.374,0.393
2025-03-31T23:00:00,0.000,0.000,0.346,0.050,0.041,0.262
2025-04-01T00:00:00,0.000,0.000,0.500,0.049,0.040,0.051
2025-04-01T01:00:00,0.000,0.000,0.379,0.056,0.039,0.047
2025-04-01T02:00:00,0.000,0.000,0.316,0.060,0.039,0.058
2025-04-01T03:00:00,0.000,0.000,0.455,0.075,0.041,0.048
2025-04-01T04:00:00,0.000,0.000,0.451,0.075,0.045,0.048
2025-04-01T05:00:00,0.000,0.000,0.473,0.209,0.043,0.048
2025-04-01T06:00:00,0.000,11.511,0.383,0.597,0.403,1.735
2025-04-01T07:00:00,0.000,8.285,0.541,0.750,1.055,1.705
2025-04-01T08:00:00,0.228,8.195,0.383,0.660,0.130,1.009
2025-04-01T09:00:00,2.443,10.734,1.229,0.545,0.039,0.052
2025-04-01T10:00:00,3.758,13.291,2.831,0.092,0.041,0.049
2025-04-01T11:00:00,3.795,13.958,3.781,0.248,0.041,0.050
2025-04-01T12:00:00,2.727,12.638,3.526,0.056,0.039,0.050
2025-04-01T13:00:00,2.720,12.377,2.957,0.170,0.041,0.065
2025-04-01T14:00:00,2.963,13.582,2.147,0.141,0.042,0.083
2025-04-01T15:00:00,3.065,11.209,2.784,0.523,0.038,0.073
2025-04-01T16:00:00,2.202,3.187,3.278,0.766,1.832,0.648
2025-04-01T17:00:00,2.888,10.339,2.866,0.251,2.714,0.617
2025-04-01T18:00:00,2.434,16.635,3.458,0.267,1.033,1.525
2025-04-01T19:00:00,1.522,14.133,3.485,0.272,0.289,4.053
2025-04-01T20:00:00,4.667,9.564,2.549,0.273,1.369,1.840
2025-04-01T21:00:00,0.000,0.250,0.463,0.545,1.213,0.237
2025-04-01T22:00:00,0.000,0.000,0.197,0.182,0.259,0.164
2025-04-01T23:00:00,0.000,0.000,0.231,0.055,0.192,0.057
2025-04-02T00:00:00,0.000,0.000,0.328,0.053,0.042,0.049
2025-04-02T01:00:00,0.000,0.000,0.438,0.056,0.040,0.050
2025-04-02T02:00:00,0.000,0.000,0.541,0.053,0.042,0.048
2025-04-02T03:00:00,0.000,0.000,0.383,0.053,0.039,0.048
2025-04-02T04:00:00,0.000,0.000,0.391,0.278,0.039,0.049
2025-04-02T05:00:00,0.000,0.000,0.380,0.254,0.040,0.050
2025-04-02T06:00:00,0.000,0.667,0.385,0.197,0.039,1.343
2025-04-02T07:00:00,0.000,6.150,0.441,0.388,0.835,1.010
2025-04-02T08:00:00,0.000,8.694,0.507,0.673,0.182,0.084
2025-04-02T09:00:00,0.239,9.760,0.398,1.434,0.042,0.101
2025-04-02T10:00:00,1.199,11.112,0.699,0.105,0.039,0.176
2025-04-02T11:00:00,0.703,8.637,3.121,2.038,0.039,0.183
2025-04-02T12:00:00,1.450,6.972,3.680,0.055,0.041,0.067
2025-04-02T13:00:00,5.265,9.636,3.715,0.275,0.043,0.244
2025-04-02T14:00:00,6.597,13.802,3.904,1.028,0.039,0.099
2025-04-02T15:00:00,6.878,18.137,3.740,0.541,0.041,0.087
2025-04-02T16:00:00,6.757,18.190,3.577,0.194,0.042,0.102
2025-04-02T17:00:00,6.470,18.037,3.658,0.056,0.068,1.672
2025-04-02T18:00:00,6.221,14.643,3.811,0.318,0.082,0.358
2025-04-02T19:00:00,3.000,11.827,3.662,0.384,0.533,0.543
2025-04-02T20:00:00,0.083,7.737,3.274,0.228,0.574,2.614
2025-04-02T21:00:00,0.000,0.167,0.491,0.180,0.291,0.565
2025-04-02T22:00:00,0.000,0.000,0.531,0.065,0.242,0.191
2025-04-02T23:00:00,0.000,0.000,0.334,0.054,0.160,0.048
2025-04-03T00:00:00,0.000,0.000,0.526,0.054,0.040,0.047
2025-04-03T01:00:00,0.000,0.000,0.466,0.056,0.039,0.047
2025-04-03T02:00:00,0.000,0.000,0.530,0.054,0.041,0.049
2025-04-03T03:00:00,0.000,0.000,0.360,0.056,0.040,0.059
2025-04-03T04:00:00,0.000,0.000,0.445,0.086,0.041,0.048
2025-04-03T05:00:00,0.000,0.167,0.191,0.076,0.040,0.047
2025-04-03T06:00:00,0.000,7.167,0.265,0.589,0.049,2.052
2025-04-03T07:00:00,0.000,10.300,0.180,0.625,0.838,1.006
2025-04-03T08:00:00,0.130,13.307,0.265,0.059,0.382,1.076
2025-04-03T09:00:00,2.970,13.350,0.735,0.055,0.040,0.176
2025-04-03T10:00:00,3.840,12.945,1.948,0.049,0.041,0.084
2025-04-03T11:00:00,3.622,7.937,2.918,0.051,0.042,0.101
2025-04-03T12:00:00,3.435,10.230,3.325,0.057,0.043,0.086
2025-04-03T13:00:00,5.336,14.128,3.097,0.679,0.042,0.083
2025-04-03T14:00:00,4.734,10.856,3.231,1.138,0.042,0.254
2025-04-03T15:00:00,4.550,19.113,3.231,0.328,0.040,0.087
2025-04-03T16:00:00,6.630,19.353,3.167,0.575,0.727,0.065
2025-04-03T17:00:00,4.526,16.640,1.913,0.483,0.639,0.340
2025-04-03T18:00:00,1.255,10.720,1.687,0.054,0.602,1.957
2025-04-03T19:00:00,0.385,13.383,2.710,0.054,1.925,1.613
2025-04-03T20:00:00,0.000,6.475,2.091,0.274,2.878,0.611
2025-04-03T21:00:00,0.000,0.000,0.808,0.286,1.452,1.180
2025-04-03T22:00:00,0.000,0.000,0.265,0.093,0.428,0.244
2025-04-03T23:00:00,0.000,0.000,0.203,0.060,0.190,0.049
2025-04-04T00:00:00,0.000,0.000,0.496,0.057,0.043,0.047
2025-04-04T01:00:00,0.000,0.000,0.448,0.054,0.034,0.050
2025-04-04T02:00:00,0.000,0.000,0.436,0.054,0.042,0.053
2025-04-04T03:00:00,0.000,0.000,0.374,0.055,0.042,0.048
2025-04-04T04:00:00,0.000,0.000,0.356,0.053,0.041,0.052
2025-04-04T05:00:00,0.000,0.000,0.180,0.530,0.042,0.050
2025-04-04T06:00:00,0.000,3.350,0.525,0.617,0.631,1.745
2025-04-04T07:00:00,0.000,3.156,0.429,0.648,0.669,0.868
2025-04-04T08:00:00,0.000,11.470,0.512,0.055,0.434,0.153
2025-04-04T09:00:00,3.721,12.280,1.659,0.798,0.081,0.050
2025-04-04T10:00:00,4.973,13.470,4.068,0.144,0.041,0.049
2025-04-04T11:00:00,3.272,12.563,3.893,0.074,0.039,0.050
2025-04-04T12:00:00,4.300,7.633,3.706,0.339,0.042,0.051
2025-04-04T13:00:00,4.551,8.313,3.624,0.062,0.042,0.048
2025-04-04T14:00:00,4.680,9.033,3.649,0.102,0.041,0.072
2025-04-04T15:00:00,4.810,8.763,3.347,0.177,0.040,0.077
2025-04-04T16:00:00,4.948,12.650,3.085,0.112,0.040,0.133
2025-04-04T17:00:00,2.462,15.583,3.260,0.558,0.040,0.756
2025-04-04T18:00:00,0.355,13.920,2.973,0.904,0.050,0.637
2025-04-04T19:00:00,0.277,13.471,1.135,0.834,0.115,0.599
2025-04-04T20:00:00,0.052,13.631,0.274,0.464,0.414,1.238
2025-04-04T21:00:00,0.000,11.200,0.186,0.262,0.720,1.119
2025-04-04T22:00:00,0.000,0.000,0.259,0.075,0.325,3.816
2025-04-04T23:00:00,0.000,0.000,0.180,0.057,0.039,1.875
2025-04-05T00:00:00,0.000,0.000,0.322,0.054,0.040,0.053
2025-04-05T01:00:00,0.000,0.000,0.489,0.054,0.040,0.052
2025-04-05T02:00:00,0.000,0.000,0.451,0.054,0.038,0.049
2025-04-05T03:00:00,0.000,0.000,0.461,0.059,0.039,0.049
2025-04-05T04:00:00,0.000,0.000,0.390,0.124,0.040,0.047
2025-04-05T05:00:00,0.000,0.000,0.472,0.074,0.042,0.048
2025-04-05T06:00:00,0.000,4.167,0.473,0.856,1.033,0.058
2025-04-05T07:00:00,0.000,10.332,0.417,0.803,0.782,1.093
2025-04-05T08:00:00,0.000,12.713,0.473,1.127,0.228,2.852
2025-04-05T09:00:00,0.000,11.735,1.118,0.361,0.163,1.613
2025-04-05T10:00:00,0.000,12.075,2.751,0.084,1.324,1.191
2025-04-05T11:00:00,0.000,12.520,3.171,0.049,1.685,2.003
2025-04-05T12:00:00,0.000,12.140,3.425,0.059,0.223,0.418
2025-04-05T13:00:00,0.000,12.387,3.683,0.626,0.040,0.127
2025-04-05T14:00:00,0.000,11.713,3.452,0.139,0.042,4.442
2025-04-05T15:00:00,0.000,12.463,3.234,0.052,0.042,3.606
2025-04-05T16:00:00,0.000,12.207,3.204,0.049,0.042,0.189
2025-04-05T17:00:00,0.000,6.957,3.366,0.380,0.156,0.271
2025-04-05T18:00:00,0.000,6.665,3.568,0.351,0.318,0.730
2025-04-05T19:00:00,0.000,5.997,2.776,0.054,0.392,0.687
2025-04-05T20:00:00,0.000,3.860,1.205,0.062,0.281,1.582
2025-04-05T21:00:00,0.000,2.594,0.338,0.096,0.284,0.477
2025-04-05T22:00:00,0.000,0.917,0.408,0.176,0.271,0.145
2025-04-05T23:00:00,0.000,0.000,0.478,0.125,0.239,0.051
2025-04-06T00:00:00,0.000,0.000,0.397,0.052,0.100,0.055
2025-04-06T01:00:00,0.000,0.000,0.583,0.053,0.040,0.048
2025-04-06T02:00:00,0.000,0.000,0.383,0.059,0.040,0.053
2025-04-06T03:00:00,0.000,0.000,0.530,0.053,0.041,0.051
2025-04-06T04:00:00,0.000,0.000,0.394,0.594,0.042,0.046
2025-04-06T05:00:00,0.000,0.000,0.496,1.930,0.040,0.048
2025-04-06T06:00:00,0.000,5.667,0.428,0.378,0.268,0.280
2025-04-06T07:00:00,0.000,3.672,0.462,0.467,0.649,1.227
2025-04-06T08:00:00,0.000,2.003,0.462,0.898,0.908,0.961
2025-04-06T09:00:00,0.000,18.020,0.428,0.666,0.355,1.948
2025-04-06T10:00:00,0.000,17.220,1.589,0.416,1.098,3.958
2025-04-06T11:00:00,0.000,15.743,3.257,0.292,1.330,3.029
2025-04-06T12:00:00,0.000,18.645,3.023,0.052,0.174,1.086
2025-04-06T13:00:00,0.000,19.467,2.808,0.094,2.178,0.060
2025-04-06T14:00:00,0.000,18.967,3.333,0.391,2.755,2.053
2025-04-06T15:00:00,0.000,19.567,3.375,0.185,2.317,1.128
2025-04-06T16:00:00,0.000,19.567,3.262,0.055,1.476,0.157
2025-04-06T17:00:00,0.000,19.007,3.000,0.055,1.080,0.056
2025-04-06T18:00:00,0.000,15.897,3.072,0.704,0.437,0.049
2025-04-06T19:00:00,0.000,16.412,3.173,0.348,2.308,0.447
2025-04-06T20:00:00,0.000,7.037,3.045,0.339,2.841,0.412
2025-04-06T21:00:00,0.000,0.173,2.034,0.407,1.883,0.339
2025-04-06T22:00:00,0.000,0.000,0.512,0.109,0.441,0.283
2025-04-06T23:00:00,0.000,0.000,0.396,0.063,0.154,0.281
2025-04-07T00:00:00,0.000,0.000,0.317,0.055,0.042,0.050
2025-04-07T01:00:00,0.000,0.000,0.379,0.055,0.039,0.049
2025-04-07T02:00:00,0.000,0.000,0.403,0.056,0.043,0.057
2025-04-07T03:00:00,0.000,0.000,0.323,0.081,0.044,0.054
2025-04-07T04:00:00,0.000,0.000,0.271,0.100,0.039,0.052
2025-04-07T05:00:00,0.000,0.000,0.271,0.074,0.039,0.050
2025-04-07T06:00:00,0.000,4.000,0.333,1.012,0.577,1.325
2025-04-07T07:00:00,1.000,9.261,0.472,0.547,0.418,1.720
2025-04-07T08:00:00,1.541,13.730,0.505,0.740,0.041,1.033
2025-04-07T09:00:00,2.805,13.715,0.412,0.294,0.039,0.164
2025-04-07T10:00:00,3.897,13.002,2.303,0.548,0.042,0.292
2025-04-07T11:00:00,6.133,13.993,2.962,1.148,0.041,0.279
2025-04-07T12:00:00,3.197,13.733,3.157,1.422,0.039,0.117
2025-04-07T13:00:00,4.270,13.653,3.059,0.688,0.042,0.099
2025-04-07T14:00:00,6.535,11.117,3.020,0.588,0.041,0.060
2025-04-07T15:00:00,6.535,12.443,2.933,0.056,0.041,0.085
2025-04-07T16:00:00,6.520,13.413,2.723,0.053,0.050,0.076
2025-04-07T17:00:00,3.527,9.749,2.790,0.054,0.348,1.465
2025-04-07T18:00:00,0.476,16.003,3.087,0.143,0.360,0.655
2025-04-07T19:00:00,0.000,9.720,3.015,0.232,0.419,0.683
2025-04-07T20:00:00,0.000,6.071,2.617,0.482,0.393,1.749
2025-04-07T21:00:00,0.000,0.000,0.632,0.371,0.369,0.850
2025-04-07T22:00:00,0.000,0.000,0.477,0.304,0.241,0.164
2025-04-07T23:00:00,0.000,0.000,0.282,0.054,0.183,0.056
2025-04-08T00:00:00,0.000,0.000,0.311,0.054,0.042,0.049
2025-04-08T01:00:00,0.000,0.000,0.466,0.054,0.042,0.051
2025-04-08T02:00:00,0.000,0.000,0.496,0.053,0.040,0.051
2025-04-08T03:00:00,0.000,0.000,0.428,0.052,0.041,0.046
2025-04-08T04:00:00,0.000,0.000,0.428,0.089,0.042,0.048
2025-04-08T05:00:00,0.000,0.350,0.386,0.127,0.039,0.050
2025-04-08T06:00:00,0.000,2.030,0.470,0.766,0.776,1.647
2025-04-08T07:00:00,1.616,8.464,0.425,0.826,0.206,1.322
2025-04-08T08:00:00,5.088,17.203,0.461,0.881,0.399,1.335
2025-04-08T09:00:00,5.218,18.005,0.628,1.123,0.122,0.481
2025-04-08T10:00:00,6.030,12.220,2.613,0.113,0.041,0.086
2025-04-08T11:00:00,6.480,12.414,2.645,0.683,0.041,0.163
2025-04-08T12:00:00,6.147,12.813,2.927,0.504,0.045,0.195
2025-04-08T13:00:00,1.527,17.447,2.993,0.554,0.042,0.083
2025-04-08T14:00:00,3.580,18.658,2.446,0.135,0.037,0.123
2025-04-08T15:00:00,3.210,13.181,2.638,0.053,0.037,0.049
2025-04-08T16:00:00,1.336,12.517,3.875,0.054,0.042,0.046
2025-04-08T17:00:00,1.299,9.810,3.363,0.646,0.057,0.786
2025-04-08T18:00:00,0.888,11.763,3.233,0.141,0.393,0.888
2025-04-08T19:00:00,0.000,16.262,3.063,1.020,2.359,3.238
2025-04-08T20:00:00,0.000,4.693,1.359,0.283,0.294,4.291
2025-04-08T21:00:00,0.000,1.150,0.449,0.398,0.733,0.313
2025-04-08T22:00:00,0.000,0.000,0.630,0.348,0.242,0.198
2025-04-08T23:00:00,0.000,0.000,0.483,0.054,0.241,0.048
2025-04-09T00:00:00,0.000,0.000,0.438,0.051,0.045,0.047
2025-04-09T01:00:00,0.000,0.000,0.427,0.049,0.040,0.053
2025-04-09T02:00:00,0.000,0.000,0.502,0.058,0.039,0.050
2025-04-09T03:00:00,0.000,0.000,0.383,0.057,0.041,0.050
2025-04-09T04:00:00,0.000,0.000,0.508,0.111,0.042,0.050
2025-04-09T05:00:00,0.000,0.000,0.220,0.073,0.041,0.049
2025-04-09T06:00:00,0.000,0.000,0.242,0.645,0.898,1.914
2025-04-09T07:00:00,0.000,2.733,0.203,0.343,0.453,1.691
2025-04-09T08:00:00,0.000,11.901,0.259,0.621,1.028,0.361
2025-04-09T09:00:00,0.227,13.327,0.669,0.161,0.102,0.328
2025-04-09T10:00:00,3.862,13.552,1.438,0.080,0.039,0.250
2025-04-09T11:00:00,2.226,13.413,3.321,0.551,0.042,0.241
2025-04-09T12:00:00,5.202,12.733,3.267,0.054,0.043,0.097
2025-04-09T13:00:00,5.532,12.664,3.644,0.053,0.042,0.088
2025-04-09T14:00:00,6.327,7.337,3.340,0.313,0.041,0.231
2025-04-09T15:00:00,6.465,13.314,2.842,0.056,0.039,0.137
2025-04-09T16:00:00,6.219,13.142,2.498,0.891,0.042,0.064
2025-04-09T17:00:00,6.117,12.924,2.401,0.380,0.039,1.667
2025-04-09T18:00:00,4.416,12.720,2.813,0.864,0.666,1.443
2025-04-09T19:00:00,1.903,11.843,3.014,0.466,1.053,0.628
2025-04-09T20:00:00,1.500,6.300,3.156,0.377,0.866,3.033
2025-04-09T21:00:00,0.000,5.675,0.909,0.352,0.365,2.876
2025-04-09T22:00:00,0.000,0.000,0.350,0.086,0.306,1.375
2025-04-09T23:00:00,0.000,0.000,0.432,0.076,0.042,0.080
2025-04-10T00:00:00,0.000,0.000,0.537,0.059,0.041,0.049
2025-04-10T01:00:00,0.000,0.000,0.265,0.053,0.041,0.049
2025-04-10T02:00:00,0.000,0.000,0.288,0.055,0.039,0.052
2025-04-10T03:00:00,0.000,0.000,0.385,0.053,0.039,0.051
2025-04-10T04:00:00,0.000,0.000,0.420,0.094,0.042,0.050
2025-04-10T05:00:00,0.000,0.000,0.265,0.088,0.042,0.047
2025-04-10T06:00:00,0.000,0.409,0.191,0.715,0.919,1.179
2025-04-10T07:00:00,1.083,8.861,0.254,0.066,0.407,0.944
2025-04-10T08:00:00,1.924,8.753,0.675,0.749,0.041,0.072
2025-04-10T09:00:00,2.787,13.460,2.137,0.055,0.034,1.150
2025-04-10T10:00:00,3.747,13.082,2.800,0.056,0.042,0.119
2025-04-10T11:00:00,4.563,11.142,3.336,0.176,0.042,0.284
2025-04-10T12:00:00,5.233,12.430,3.466,0.366,0.038,0.199
2025-04-10T13:00:00,6.080,16.950,3.503,0.368,0.042,0.083
2025-04-10T14:00:00,5.443,19.043,3.357,0.089,0.047,0.086
2025-04-10T15:00:00,2.814,19.083,3.233,0.166,0.041,0.085
2025-04-10T16:00:00,4.639,14.913,3.342,0.427,0.040,0.053
2025-04-10T17:00:00,0.887,13.637,3.071,0.055,2.142,2.215
2025-04-10T18:00:00,1.155,12.023,3.082,0.221,2.750,2.717
2025-04-10T19:00:00,0.047,11.326,1.105,0.204,1.240,1.157
2025-04-10T20:00:00,0.000,8.861,1.193,1.079,0.849,1.580
2025-04-10T21:00:00,0.000,0.000,0.197,0.746,1.352,0.355
2025-04-10T22:00:00,0.000,0.000,0.265,0.058,0.261,0.108
2025-04-10T23:00:00,0.000,0.000,0.180,0.055,0.045,0.051
2025-04-11T00:00:00,0.000,0.000,0.271,0.054,0.042,0.053
2025-04-11T01:00:00,0.000,0.000,0.316,0.055,0.040,0.047
2025-04-11T02:00:00,0.000,0.000,0.339,0.055,0.041,0.049
2025-04-11T03:00:00,0.000,0.000,0.495,0.054,0.038,0.053
2025-04-11T04:00:00,0.000,0.000,0.439,0.070,0.035,0.056
2025-04-11T05:00:00,0.000,0.000,0.451,0.074,0.041,0.052
2025-04-11T06:00:00,0.000,2.500,0.456,0.642,0.049,1.325
2025-04-11T07:00:00,0.000,7.537,0.496,0.763,1.167,0.788
2025-04-11T08:00:00,0.232,8.343,0.277,1.461,0.086,0.985
2025-04-11T09:00:00,0.430,9.948,0.526,1.191,0.065,0.047
2025-04-11T10:00:00,2.163,10.933,2.702,0.055,0.040,0.050
2025-04-11T11:00:00,3.873,10.779,3.039,2.079,0.042,0.051
2025-04-11T12:00:00,5.317,13.009,3.146,0.444,0.040,0.049
2025-04-11T13:00:00,6.480,12.009,3.139,0.174,0.041,0.066
2025-04-11T14:00:00,6.502,12.230,2.784,0.361,0.046,0.136
2025-04-11T15:00:00,4.885,12.320,2.606,0.053,0.041,0.275
2025-04-11T16:00:00,5.522,12.540,2.984,0.217,0.409,0.191
2025-04-11T17:00:00,1.798,10.260,2.073,0.514,0.069,1.106
2025-04-11T18:00:00,0.689,12.817,3.122,0.428,1.110,1.460
2025-04-11T19:00:00,0.000,10.480,3.239,0.253,0.431,1.976
2025-04-11T20:00:00,0.000,2.200,2.340,0.405,0.680,0.458
2025-04-11T21:00:00,0.000,0.000,0.384,0.328,0.519,3.251
2025-04-11T22:00:00,0.000,0.000,0.466,0.057,0.257,1.890
2025-04-11T23:00:00,0.000,0.000,0.507,0.056,0.248,0.050
2025-04-12T00:00:00,0.000,0.000,0.442,0.056,0.255,0.050
2025-04-12T01:00:00,0.000,0.000,0.421,0.053,0.158,0.048
2025-04-12T02:00:00,0.000,0.000,0.345,0.056,0.042,0.048
2025-04-12T03:00:00,0.000,0.000,0.490,0.054,0.041,0.057
2025-04-12T04:00:00,0.000,0.000,0.306,0.219,0.039,0.049
2025-04-12T05:00:00,0.000,0.000,0.589,0.091,0.039,0.047
2025-04-12T06:00:00,0.000,1.631,0.467,0.644,0.043,0.064
2025-04-12T07:00:00,0.000,10.175,0.410,0.690,0.779,2.081
2025-04-12T08:00:00,0.000,9.385,0.282,0.971,0.176,2.123
2025-04-12T09:00:00,0.000,6.760,1.985,0.473,1.067,0.288
2025-04-12T10:00:00,0.000,8.120,3.190,0.390,2.580,0.258
2025-04-12T11:00:00,0.000,10.737,3.081,0.053,2.447,1.782
2025-04-12T12:00:00,0.000,12.287,2.826,0.216,0.333,0.447
2025-04-12T13:00:00,0.000,12.883,2.880,0.061,0.970,0.301
2025-04-12T14:00:00,0.000,11.160,3.205,0.053,0.039,0.252
2025-04-12T15:00:00,0.000,12.360,3.119,0.049,0.041,0.304
2025-04-12T16:00:00,0.000,12.310,3.064,0.290,0.048,0.169
2025-04-12T17:00:00,0.000,11.460,2.634,0.057,0.168,0.268
2025-04-12T18:00:00,0.000,15.086,3.334,0.058,0.243,0.266
2025-04-12T19:00:00,0.000,16.013,2.666,0.055,0.060,0.329
2025-04-12T20:00:00,0.000,6.383,1.423,1.067,0.223,1.202
2025-04-12T21:00:00,0.000,0.000,0.537,0.222,0.465,0.235
2025-04-12T22:00:00,0.000,0.000,0.371,0.163,0.476,0.148
2025-04-12T23:00:00,0.000,0.000,0.473,0.056,0.041,0.049
2025-04-13T00:00:00,0.000,0.000,0.426,0.056,0.040,0.050
2025-04-13T01:00:00,0.000,0.000,0.265,0.055,0.042,0.046
2025-04-13T02:00:00,0.000,0.000,0.180,0.054,0.040,0.047
2025-04-13T03:00:00,0.000,0.000,0.248,0.056,0.042,0.051
2025-04-13T04:00:00,0.000,0.000,0.197,0.054,0.039,0.057
2025-04-13T05:00:00,0.000,0.000,0.214,0.117,0.040,0.092
2025-04-13T06:00:00,0.000,1.250,0.231,0.073,0.899,1.433
2025-04-13T07:00:00,0.000,2.406,0.180,0.767,0.628,1.189
2025-04-13T08:00:00,0.000,4.994,0.265,0.149,0.719,0.732
2025-04-13T09:00:00,0.000,11.263,0.180,0.581,0.507,1.535
2025-04-13T10:00:00,0.000,12.220,2.391,0.098,0.355,2.640
2025-04-13T11:00:00,0.000,13.527,3.139,0.977,1.204,2.017
2025-04-13T12:00:00,0.000,13.190,3.830,1.104,0.112,0.220
2025-04-13T13:00:00,0.000,13.693,3.809,0.560,1.136,1.356
2025-04-13T14:00:00,0.000,14.067,3.472,0.054,0.740,4.138
2025-04-13T15:00:00,0.000,13.804,3.103,0.596,0.338,2.257
2025-04-13T16:00:00,0.000,13.574,3.390,0.057,0.623,0.284
2025-04-13T17:00:00,0.000,12.637,3.311,0.056,0.196,1.127
2025-04-13T18:00:00,0.000,8.990,3.018,0.055,0.110,1.424
2025-04-13T19:00:00,0.000,12.337,2.579,0.118,0.170,1.107
2025-04-13T20:00:00,0.000,13.552,1.417,0.343,0.365,0.913
2025-04-13T21:00:00,0.000,12.347,0.180,0.345,0.238,3.116
2025-04-13T22:00:00,0.000,3.750,0.259,0.340,0.218,2.422
2025-04-13T23:00:00,0.000,0.000,0.186,0.105,0.040,0.139
2025-04-14T00:00:00,0.000,0.000,0.358,0.053,0.042,0.050
2025-04-14T01:00:00,0.000,0.000,0.449,0.056,0.040,0.050
2025-04-14T02:00:00,0.000,0.000,0.607,0.051,0.041,0.051
2025-04-14T03:00:00,0.000,0.000,0.445,0.057,0.042,0.050
2025-04-14T04:00:00,0.000,0.000,0.448,0.055,0.033,0.055
2025-04-14T05:00:00,0.000,0.000,0.495,0.086,0.042,0.048
2025-04-14T06:00:00,0.000,7.483,0.541,0.506,0.039,1.410
2025-04-14T07:00:00,0.000,8.540,0.508,0.308,0.969,1.414
2025-04-14T08:00:00,1.626,11.365,0.378,0.977,0.083,0.275
2025-04-14T09:00:00,2.947,7.190,0.342,0.276,0.045,0.054
2025-04-14T10:00:00,4.281,8.127,1.324,0.055,0.039,0.048
2025-04-14T11:00:00,5.158,8.307,3.547,0.054,0.042,0.047
2025-04-14T12:00:00,4.401,10.327,3.182,0.251,0.042,0.048
2025-04-14T13:00:00,4.361,11.853,3.047,0.291,0.041,0.089
2025-04-14T14:00:00,4.013,7.910,3.157,0.587,0.042,0.197
2025-04-14T15:00:00,3.288,8.173,2.851,0.999,0.040,0.126
2025-04-14T16:00:00,3.081,7.170,3.146,0.641,0.040,0.149
2025-04-14T17:00:00,2.217,8.835,3.394,0.054,0.039,1.000
2025-04-14T18:00:00,0.173,13.038,3.235,0.127,0.074,1.906
2025-04-14T19:00:00,0.000,10.832,3.410,0.770,0.453,0.845
2025-04-14T20:00:00,0.000,2.418,0.915,0.284,0.679,0.546
2025-04-14T21:00:00,0.000,0.709,0.439,0.271,0.299,0.588
2025-04-14T22:00:00,0.000,0.415,0.473,0.068,0.216,0.286
2025-04-14T23:00:00,0.000,0.000,0.306,0.054,0.038,0.089
2025-04-15T00:00:00,0.000,0.000,0.414,0.053,0.041,0.053
2025-04-15T01:00:00,0.000,0.000,0.484,0.049,0.042,0.055
2025-04-15T02:00:00,0.000,0.000,0.426,0.060,0.041,0.052
2025-04-15T03:00:00,0.000,0.000,0.231,0.055,0.042,0.051
2025-04-15T04:00:00,0.000,0.000,0.317,0.201,0.042,0.050
2025-04-15T05:00:00,0.000,0.000,0.397,0.075,0.042,0.046
2025-04-15T06:00:00,0.000,1.850,0.186,0.349,1.490,1.394
2025-04-15T07:00:00,2.417,2.024,0.259,0.823,0.325,1.608
2025-04-15T08:00:00,3.809,7.048,0.531,0.799,0.205,1.009
2025-04-15T09:00:00,1.838,8.529,1.075,0.054,0.042,0.047
2025-04-15T10:00:00,3.574,13.906,3.155,0.101,0.043,0.047
2025-04-15T11:00:00,5.613,14.722,3.867,0.138,0.041,0.059
2025-04-15T12:00:00,3.453,18.652,3.859,0.151,0.039,0.047
2025-04-15T13:00:00,3.337,18.340,3.830,0.248,0.041,0.050
2025-04-15T14:00:00,4.220,19.431,4.088,0.069,0.039,0.084
2025-04-15T15:00:00,4.172,14.263,3.722,0.148,0.038,0.087
2025-04-15T16:00:00,4.957,14.173,3.163,0.615,0.041,0.250
2025-04-15T17:00:00,4.727,14.730,3.732,0.542,0.397,1.411
2025-04-15T18:00:00,4.179,8.560,3.640,0.352,0.958,1.107
2025-04-15T19:00:00,1.083,15.897,3.122,1.023,0.640,2.071
2025-04-15T20:00:00,0.000,15.706,1.133,0.244,3.017,3.932
2025-04-15T21:00:00,0.000,1.579,0.472,0.265,2.676,2.434
2025-04-15T22:00:00,0.000,0.356,0.502,0.065,0.531,0.094
2025-04-15T23:00:00,0.000,0.000,0.438,0.054,0.042,0.047
2025-04-16T00:00:00,0.000,0.000,0.413,0.054,0.041,0.048
2025-04-16T01:00:00,0.000,0.000,0.373,0.056,0.041,0.058
2025-04-16T02:00:00,0.000,0.000,0.403,0.054,0.039,0.047
2025-04-16T03:00:00,0.000,0.000,0.259,0.054,0.041,0.051
2025-04-16T04:00:00,0.000,0.000,0.203,0.285,0.042,0.048
2025-04-16T05:00:00,0.000,0.000,0.341,0.360,0.481,0.414
2025-04-16T06:00:00,0.000,0.250,0.451,0.833,2.573,1.814
2025-04-16T07:00:00,0.000,4.746,0.473,0.498,0.827,1.372
2025-04-16T08:00:00,0.583,8.160,0.383,0.165,0.719,0.240
2025-04-16T09:00:00,2.847,13.193,0.619,0.098,0.100,0.046
2025-04-16T10:00:00,2.922,10.820,1.926,0.056,0.043,0.048
2025-04-16T11:00:00,1.825,13.440,3.274,0.214,0.039,0.049
2025-04-16T12:00:00,3.100,13.840,3.477,1.145,0.042,0.056
2025-04-16T13:00:00,3.299,14.140,3.751,0.632,0.042,0.048
2025-04-16T14:00:00,2.380,12.225,3.217,0.178,0.039,0.049
2025-04-16T15:00:00,3.459,8.078,3.355,1.145,0.042,0.050
2025-04-16T16:00:00,3.208,11.734,3.154,0.754,0.041,0.051
2025-04-16T17:00:00,2.331,13.613,3.443,0.274,0.039,0.046
2025-04-16T18:00:00,0.437,14.887,3.925,0.173,0.068,0.134
2025-04-16T19:00:00,0.060,14.547,1.948,0.386,0.318,2.496
2025-04-16T20:00:00,0.000,14.658,1.344,0.274,0.440,1.371
2025-04-16T21:00:00,0.000,2.756,0.847,0.272,0.504,0.896
2025-04-16T22:00:00,0.000,0.000,0.422,0.075,0.245,2.296
2025-04-16T23:00:00,0.000,0.000,0.271,0.056,0.040,0.077
2025-04-17T00:00:00,0.000,0.000,0.468,0.054,0.042,0.049
2025-04-17T01:00:00,0.000,0.000,0.339,0.056,0.038,0.047
2025-04-17T02:00:00,0.000,0.000,0.225,0.054,0.042,0.051
2025-04-17T03:00:00,0.000,0.000,0.220,0.054,0.041,0.049
2025-04-17T04:00:00,0.000,0.000,0.242,0.221,0.041,0.052
2025-04-17T05:00:00,0.000,0.082,0.311,0.253,0.039,0.056
2025-04-17T06:00:00,0.000,1.252,0.505,0.253,1.345,1.764
2025-04-17T07:00:00,0.000,6.963,0.426,0.882,0.375,1.361
2025-04-17T08:00:00,1.167,10.130,0.340,0.090,0.131,0.124
2025-04-17T09:00:00,1.905,10.916,0.375,0.054,0.049,0.047
2025-04-17T10:00:00,5.865,12.808,1.452,0.202,0.039,0.048
2025-04-17T11:00:00,5.674,12.288,3.579,0.056,0.041,0.047
2025-04-17T12:00:00,2.906,13.271,3.351,0.184,0.040,0.048
2025-04-17T13:00:00,3.833,13.156,3.009,0.951,0.039,0.074
2025-04-17T14:00:00,3.809,12.931,3.903,0.667,0.042,0.084
2025-04-17T15:00:00,3.462,11.830,3.274,0.052,0.041,0.174
2025-04-17T16:00:00,3.494,12.591,2.271,0.154,0.041,0.190
2025-04-17T17:00:00,4.527,13.604,3.134,0.412,0.042,1.012
2025-04-17T18:00:00,1.034,11.456,2.995,0.263,0.031,1.863
2025-04-17T19:00:00,0.169,14.767,2.358,0.180,0.265,1.956
2025-04-17T20:00:00,0.000,2.017,2.323,0.254,0.650,1.167
2025-04-17T21:00:00,0.000,0.000,1.409,0.544,0.374,0.729
2025-04-17T22:00:00,0.000,0.000,0.311,0.154,0.218,0.543
2025-04-17T23:00:00,0.000,0.000,0.226,0.060,0.043,0.050
2025-04-18T00:00:00,0.000,0.000,0.467,0.054,0.039,0.047
2025-04-18T01:00:00,0.000,0.000,0.473,0.054,0.042,0.049
2025-04-18T02:00:00,0.000,0.000,0.362,0.050,0.040,0.055
2025-04-18T03:00:00,0.000,0.000,0.490,0.160,0.039,0.046
2025-04-18T04:00:00,0.000,0.000,0.180,0.228,0.040,0.050
2025-04-18T05:00:00,0.000,0.180,0.521,0.195,0.041,0.057
2025-04-18T06:00:00,0.000,3.998,0.358,0.726,0.591,0.589
2025-04-18T07:00:00,0.000,6.807,0.380,0.647,0.674,1.385
2025-04-18T08:00:00,0.307,10.735,0.306,0.325,1.432,1.174
2025-04-18T09:00:00,3.529,12.821,0.741,0.199,1.341,1.070
2025-04-18T10:00:00,3.547,9.981,2.576,0.055,2.346,1.579
2025-04-18T11:00:00,1.405,8.082,3.627,0.225,2.925,0.222
2025-04-18T12:00:00,6.840,8.048,3.982,0.173,2.162,3.115
2025-04-18T13:00:00,7.080,9.997,3.574,0.591,0.164,3.415
2025-04-18T14:00:00,7.080,8.300,3.505,0.054,0.069,2.303
2025-04-18T15:00:00,7.080,6.124,3.355,0.343,0.041,0.917
2025-04-18T16:00:00,6.967,5.930,3.625,0.179,0.334,0.485
2025-04-18T17:00:00,6.261,8.003,3.321,0.119,0.308,0.358
2025-04-18T18:00:00,5.534,7.973,3.429,0.498,0.798,0.465
2025-04-18T19:00:00,3.732,10.077,3.051,0.950,1.110,1.084
2025-04-18T20:00:00,0.000,7.573,3.040,0.870,3.023,0.758
2025-04-18T21:00:00,0.000,1.097,0.696,0.580,2.315,0.289
2025-04-18T22:00:00,0.000,0.000,0.583,0.056,2.104,0.283
2025-04-18T23:00:00,0.000,0.000,0.367,0.055,0.223,0.290
2025-04-19T00:00:00,0.000,0.000,0.305,0.055,0.041,0.112
2025-04-19T01:00:00,0.000,0.000,0.530,0.054,0.039,0.051
2025-04-19T02:00:00,0.000,0.000,0.444,0.054,0.041,0.048
2025-04-19T03:00:00,0.000,0.000,0.618,0.054,0.037,0.047
2025-04-19T04:00:00,0.000,0.000,0.383,0.107,0.039,0.059
2025-04-19T05:00:00,0.000,0.000,0.541,0.092,0.042,0.046
2025-04-19T06:00:00,0.000,1.620,0.383,0.762,0.047,0.070
2025-04-19T07:00:00,0.000,8.435,0.519,0.784,0.859,1.497
2025-04-19T08:00:00,0.000,10.906,1.272,0.728,0.605,1.127
2025-04-19T09:00:00,0.000,17.980,3.146,0.634,0.509,2.075
2025-04-19T10:00:00,0.000,9.600,3.512,0.082,0.923,2.399
2025-04-19T11:00:00,0.000,5.480,3.628,0.553,1.246,2.031
2025-04-19T12:00:00,0.000,8.357,3.565,0.058,0.073,0.430
2025-04-19T13:00:00,0.000,11.773,3.418,0.057,0.574,0.075
2025-04-19T14:00:00,0.000,10.824,3.385,0.054,1.237,1.986
2025-04-19T15:00:00,0.000,14.885,3.250,0.053,0.042,1.179
2025-04-19T16:00:00,0.000,18.514,3.340,0.054,0.039,1.512
2025-04-19T17:00:00,0.000,12.407,2.814,0.054,0.041,1.243
2025-04-19T18:00:00,0.000,12.940,2.716,0.054,0.085,0.257
2025-04-19T19:00:00,0.000,9.867,0.916,0.052,0.163,0.511
2025-04-19T20:00:00,0.000,11.467,1.089,0.053,0.395,1.483
2025-04-19T21:00:00,0.000,7.500,0.424,0.059,0.266,0.944
2025-04-19T22:00:00,0.000,0.167,0.507,0.054,0.241,0.538
2025-04-19T23:00:00,0.000,0.000,0.595,0.052,0.049,0.054
2025-04-20T00:00:00,0.000,0.000,0.466,0.055,0.042,0.049
2025-04-20T01:00:00,0.000,0.000,0.306,0.049,0.042,0.048
2025-04-20T02:00:00,0.000,0.000,0.461,0.056,0.042,0.048
2025-04-20T03:00:00,0.000,0.000,0.478,0.053,0.040,0.053
2025-04-20T04:00:00,0.000,0.000,0.471,0.056,0.039,0.049
2025-04-20T05:00:00,0.000,0.000,0.455,0.060,0.042,0.050
2025-04-20T06:00:00,0.000,0.716,0.495,0.053,1.016,0.351
2025-04-20T07:00:00,0.000,5.460,0.541,0.053,0.578,1.676
2025-04-20T08:00:00,0.000,11.960,0.383,0.056,0.423,0.284
2025-04-20T09:00:00,0.000,11.775,0.524,0.054,0.413,0.256
2025-04-20T10:00:00,0.000,12.339,0.621,0.054,1.021,0.195
2025-04-20T11:00:00,0.000,12.620,2.764,0.054,1.593,0.104
2025-04-20T12:00:00,0.000,12.527,3.485,0.052,0.096,0.135
2025-04-20T13:00:00,0.000,12.650,3.061,0.056,0.053,1.030
2025-04-20T14:00:00,0.000,11.550,3.440,0.054,1.141,2.398
2025-04-20T15:00:00,0.000,2.797,3.167,0.054,0.042,0.495
2025-04-20T16:00:00,0.000,10.917,3.004,0.054,0.092,0.078
2025-04-20T17:00:00,0.000,9.230,3.067,0.056,0.077,0.103
2025-04-20T18:00:00,0.000,13.548,2.723,0.054,0.051,1.927
2025-04-20T19:00:00,0.000,13.918,3.283,0.054,0.359,0.833
2025-04-20T20:00:00,0.000,8.029,2.446,0.053,0.386,1.331
2025-04-20T21:00:00,0.000,5.767,2.409,0.054,0.393,1.403
2025-04-20T22:00:00,0.000,0.250,0.424,0.055,0.225,0.113
2025-04-20T23:00:00,0.000,0.000,0.541,0.055,0.042,0.076
2025-04-21T00:00:00,0.000,0.000,0.376,0.055,0.042,0.048
2025-04-21T01:00:00,0.000,0.000,0.426,0.053,0.039,0.050
2025-04-21T02:00:00,0.000,0.000,0.618,0.049,0.042,0.047
2025-04-21T03:00:00,0.000,0.000,0.348,0.054,0.039,0.050
2025-04-21T04:00:00,0.000,0.000,0.512,0.054,0.039,0.051
2025-04-21T05:00:00,0.000,0.000,0.376,0.054,0.042,0.096
2025-04-21T06:00:00,0.000,1.312,0.299,0.057,1.155,0.125
2025-04-21T07:00:00,0.035,3.920,0.614,0.053,0.083,0.081
2025-04-21T08:00:00,0.389,10.181,0.360,0.056,0.864,1.362
2025-04-21T09:00:00,2.787,10.798,0.605,0.053,0.401,0.876
2025-04-21T10:00:00,4.180,8.107,2.463,0.054,0.583,2.638
2025-04-21T11:00:00,6.241,11.615,3.421,0.057,0.149,2.045
2025-04-21T12:00:00,6.791,17.410,3.444,0.055,1.951,0.086
2025-04-21T13:00:00,6.414,16.593,3.512,0.054,2.660,0.609
2025-04-21T14:00:00,6.137,19.110,3.461,0.056,0.966,0.343
2025-04-21T15:00:00,6.083,18.567,3.366,0.054,0.120,0.316
2025-04-21T16:00:00,5.820,18.490,2.540,0.054,0.059,0.252
2025-04-21T17:00:00,1.257,16.777,3.630,0.056,0.048,0.112
2025-04-21T18:00:00,0.631,15.829,2.783,0.050,0.081,0.232
2025-04-21T19:00:00,0.000,15.129,3.162,0.049,0.250,1.550
2025-04-21T20:00:00,0.000,4.452,1.620,0.056,0.299,0.675
2025-04-21T21:00:00,0.000,0.176,0.265,0.054,0.238,0.422
2025-04-21T22:00:00,0.000,0.000,0.180,0.061,0.324,0.262
2025-04-21T23:00:00,0.000,0.000,0.368,0.055,0.213,0.050
2025-04-22T00:00:00,0.000,0.000,0.388,0.054,0.039,0.051
2025-04-22T01:00:00,0.000,0.000,0.531,0.053,0.039,0.047
2025-04-22T02:00:00,0.000,0.000,0.383,0.050,0.042,0.047
2025-04-22T03:00:00,0.000,0.000,0.541,0.053,0.041,0.048
2025-04-22T04:00:00,0.000,0.000,0.514,0.054,0.041,0.049
2025-04-22T05:00:00,0.000,0.148,0.391,0.056,0.043,0.062
2025-04-22T06:00:00,0.000,6.661,0.231,0.056,0.038,1.343
2025-04-22T07:00:00,1.253,10.950,0.237,0.054,0.520,0.974
2025-04-22T08:00:00,2.800,9.790,0.271,0.054,0.366,0.416
2025-04-22T09:00:00,1.636,8.490,1.741,0.054,0.040,0.047
2025-04-22T10:00:00,3.327,7.673,2.788,0.055,0.041,0.053
2025-04-22T11:00:00,4.147,6.637,3.441,0.054,0.040,0.053
2025-04-22T12:00:00,3.813,7.948,3.299,0.054,0.041,0.053
2025-04-22T13:00:00,3.753,14.416,3.302,0.054,0.042,0.089
2025-04-22T14:00:00,5.272,12.475,3.620,0.054,0.041,0.072
2025-04-22T15:00:00,6.333,13.460,3.644,0.053,0.041,0.284
2025-04-22T16:00:00,3.300,8.423,2.494,0.057,0.042,0.186
2025-04-22T17:00:00,3.337,12.888,2.787,0.059,0.050,0.347
2025-04-22T18:00:00,1.144,9.484,2.678,0.054,0.528,1.479
2025-04-22T19:00:00,0.227,13.520,2.892,0.053,0.503,1.375
2025-04-22T20:00:00,0.000,0.000,2.782,0.054,0.418,0.805
2025-04-22T21:00:00,0.000,0.000,0.242,0.053,0.808,0.735
2025-04-22T22:00:00,0.000,0.000,0.287,0.057,0.332,0.586
2025-04-22T23:00:00,0.000,0.000,0.288,0.053,0.114,0.224
2025-04-23T00:00:00,0.000,0.000,0.444,0.054,0.042,0.811
2025-04-23T01:00:00,0.000,0.000,0.368,0.055,0.040,0.047
2025-04-23T02:00:00,0.000,0.000,0.391,0.052,0.039,0.049
2025-04-23T03:00:00,0.000,0.000,0.277,0.056,0.042,0.057
2025-04-23T04:00:00,0.000,0.000,0.362,0.055,0.042,0.054
2025-04-23T05:00:00,0.000,0.000,0.368,0.053,0.041,0.050
2025-04-23T06:00:00,0.000,8.667,0.427,0.056,0.043,1.617
2025-04-23T07:00:00,0.000,3.002,0.483,0.053,0.777,1.813
2025-04-23T08:00:00,0.375,7.013,0.392,0.054,0.251,0.169
2025-04-23T09:00:00,4.375,8.753,0.487,0.053,0.038,0.076
2025-04-23T10:00:00,5.757,8.725,1.385,0.055,0.038,0.056
2025-04-23T11:00:00,5.955,7.976,3.138,0.053,0.042,0.047
2025-04-23T12:00:00,6.256,5.910,3.273,0.054,0.042,0.052
2025-04-23T13:00:00,4.336,6.953,3.083,0.054,0.046,0.087
2025-04-23T14:00:00,3.217,10.377,3.331,0.053,0.041,0.239
2025-04-23T15:00:00,4.610,15.063,3.198,0.055,0.039,0.249
2025-04-23T16:00:00,7.220,18.496,3.207,0.054,0.040,0.113
2025-04-23T17:00:00,3.163,19.948,2.849,0.055,0.855,0.051
2025-04-23T18:00:00,3.075,6.353,3.003,0.055,0.255,1.760
2025-04-23T19:00:00,1.370,8.182,3.449,0.054,0.168,1.510
2025-04-23T20:00:00,0.047,4.979,2.706,0.056,0.424,1.432
2025-04-23T21:00:00,0.000,13.392,1.012,0.053,0.325,0.534
2025-04-23T22:00:00,0.000,0.000,0.507,0.054,0.402,0.135
2025-04-23T23:00:00,0.000,0.000,0.345,0.054,0.088,0.047
2025-04-24T00:00:00,0.000,0.000,0.449,0.056,0.042,0.050
2025-04-24T01:00:00,0.000,0.000,0.362,0.054,0.041,0.057
2025-04-24T02:00:00,0.000,0.000,0.454,0.053,0.042,0.048
2025-04-24T03:00:00,0.000,0.000,0.451,0.053,0.039,0.049
2025-04-24T04:00:00,0.000,0.000,0.473,0.054,0.040,0.055
2025-04-24T05:00:00,0.000,0.201,0.383,0.054,0.039,0.047
2025-04-24T06:00:00,0.000,2.593,0.507,0.054,0.823,1.011
2025-04-24T07:00:00,0.013,4.543,0.417,0.056,0.481,2.006
2025-04-24T08:00:00,0.198,7.543,0.405,0.054,0.429,2.111
2025-04-24T09:00:00,0.563,14.700,0.552,0.049,0.151,0.054
2025-04-24T10:00:00,2.901,14.794,2.556,0.052,0.041,0.051
2025-04-24T11:00:00,3.695,13.034,3.119,0.057,0.039,0.048
2025-04-24T12:00:00,3.872,14.257,2.155,0.058,0.042,0.069
2025-04-24T13:00:00,3.558,11.810,2.870,0.053,0.042,0.360
2025-04-24T14:00:00,4.027,12.487,3.546,0.053,0.040,1.177
2025-04-24T15:00:00,3.533,17.820,3.716,0.054,0.039,0.436
2025-04-24T16:00:00,3.405,18.630,3.584,0.052,0.041,0.078
2025-04-24T17:00:00,4.273,18.024,3.119,0.055,0.042,0.235
2025-04-24T18:00:00,5.486,18.546,3.297,0.054,2.075,0.330
2025-04-24T19:00:00,0.116,17.179,3.059,0.054,2.658,2.363
2025-04-24T20:00:00,0.000,16.617,1.707,0.054,1.380,0.948
2025-04-24T21:00:00,0.000,3.904,0.420,0.054,1.271,1.466
2025-04-24T22:00:00,0.000,0.000,0.335,0.055,1.188,0.359
2025-04-24T23:00:00,0.000,0.000,0.369,0.055,0.124,0.115
2025-04-25T00:00:00,0.000,0.000,0.484,0.056,0.041,0.047
2025-04-25T01:00:00,0.000,0.000,0.525,0.055,0.040,0.047
2025-04-25T02:00:00,0.000,0.000,0.462,0.053,0.047,0.049
2025-04-25T03:00:00,0.000,0.000,0.428,0.057,0.041,0.049
2025-04-25T04:00:00,0.000,0.000,0.462,0.053,0.040,0.059
2025-04-25T05:00:00,0.000,0.000,0.428,0.055,0.039,0.048
2025-04-25T06:00:00,0.000,0.000,0.462,0.056,0.852,0.074
2025-04-25T07:00:00,0.000,10.659,0.428,0.055,0.552,1.307
2025-04-25T08:00:00,0.000,17.335,0.595,0.054,0.435,0.630
2025-04-25T09:00:00,0.850,17.880,2.528,0.053,0.870,0.415
2025-04-25T10:00:00,2.351,18.582,3.590,0.054,1.397,2.461
2025-04-25T11:00:00,3.217,12.459,3.556,0.055,0.833,0.567
2025-04-25T12:00:00,5.973,10.903,3.572,0.054,0.467,0.178
2025-04-25T13:00:00,6.927,13.598,3.656,0.055,0.081,3.958
2025-04-25T14:00:00,4.341,13.746,3.128,0.056,0.090,2.278
2025-04-25T15:00:00,4.669,12.300,3.150,0.054,1.597,0.590
2025-04-25T16:00:00,6.603,10.643,2.210,0.047,0.171,1.468
2025-04-25T17:00:00,4.808,9.747,1.789,0.055,0.163,0.191
2025-04-25T18:00:00,2.951,12.904,3.029,0.054,0.163,1.445
2025-04-25T19:00:00,5.289,11.783,3.312,0.056,0.330,0.592
2025-04-25T20:00:00,0.125,2.277,2.283,0.053,0.336,1.281
2025-04-25T21:00:00,0.000,1.489,0.265,0.054,0.265,0.223
2025-04-25T22:00:00,0.000,0.000,0.476,0.056,0.130,0.395
2025-04-25T23:00:00,0.000,0.000,0.438,0.055,0.039,0.314
2025-04-26T00:00:00,0.000,0.000,0.467,0.055,0.040,0.057
2025-04-26T01:00:00,0.000,0.000,0.525,0.056,0.042,0.049
2025-04-26T02:00:00,0.000,0.000,0.376,0.054,0.039,0.048
2025-04-26T03:00:00,0.000,0.000,0.360,0.056,0.039,0.051
2025-04-26T04:00:00,0.000,0.000,0.530,0.053,0.039,0.051
2025-04-26T05:00:00,0.000,0.000,0.200,0.054,0.039,0.049
2025-04-26T06:00:00,0.000,1.287,0.277,0.056,0.708,1.269
2025-04-26T07:00:00,0.000,1.631,0.282,0.057,0.710,0.087
2025-04-26T08:00:00,0.000,5.417,0.301,0.055,0.387,0.818
2025-04-26T09:00:00,0.000,6.253,0.655,0.056,0.090,1.973
2025-04-26T10:00:00,0.000,12.467,2.558,0.054,1.510,2.012
2025-04-26T11:00:00,0.000,13.893,3.476,0.054,1.057,0.205
2025-04-26T12:00:00,0.000,13.287,3.283,0.055,0.501,2.843
2025-04-26T13:00:00,0.000,13.893,3.233,0.056,0.039,1.771
2025-04-26T14:00:00,0.000,13.727,3.568,0.053,0.048,0.509
2025-04-26T15:00:00,0.000,7.503,3.290,0.055,0.059,3.024
2025-04-26T16:00:00,0.000,13.343,3.152,0.053,0.048,2.098
2025-04-26T17:00:00,0.000,13.893,3.297,0.053,0.041,2.107
2025-04-26T18:00:00,0.000,13.567,3.341,0.054,0.045,1.320
2025-04-26T19:00:00,0.000,11.971,2.574,0.054,0.255,1.315
2025-04-26T20:00:00,0.000,5.402,0.223,0.054,0.304,0.338
2025-04-26T21:00:00,0.000,12.750,0.431,0.057,0.396,1.192
2025-04-26T22:00:00,0.000,0.000,0.490,0.056,0.350,0.336
2025-04-26T23:00:00,0.000,0.000,0.225,0.054,0.152,0.220
2025-04-27T00:00:00,0.000,0.000,0.231,0.054,0.040,0.047
2025-04-27T01:00:00,0.000,0.000,0.515,0.053,0.040,0.051
2025-04-27T02:00:00,0.000,0.000,0.417,0.052,0.040,0.054
2025-04-27T03:00:00,0.000,0.000,0.506,0.057,0.038,0.046
2025-04-27T04:00:00,0.000,0.000,0.420,0.055,0.041,0.050
2025-04-27T05:00:00,0.000,0.000,0.368,0.053,0.048,0.104
2025-04-27T06:00:00,0.000,0.167,0.530,0.053,0.447,0.299
2025-04-27T07:00:00,0.000,7.920,0.371,0.053,0.883,1.831
2025-04-27T08:00:00,0.000,11.887,0.519,0.055,0.808,2.370
2025-04-27T09:00:00,0.000,6.203,0.810,0.053,1.071,0.473
2025-04-27T10:00:00,0.000,6.537,2.253,0.053,0.101,0.787
2025-04-27T11:00:00,0.000,11.753,3.123,0.055,3.263,1.445
2025-04-27T12:00:00,0.000,13.273,3.073,0.054,2.987,0.194
2025-04-27T13:00:00,0.000,13.443,2.780,0.059,1.069,2.297
2025-04-27T14:00:00,0.000,12.695,2.717,0.058,1.180,2.598
2025-04-27T15:00:00,0.000,12.412,3.839,0.053,0.041,1.396
2025-04-27T16:00:00,0.000,13.442,3.933,0.054,0.040,0.114
2025-04-27T17:00:00,0.000,13.039,3.608,0.053,0.045,0.238
2025-04-27T18:00:00,0.000,13.296,3.822,0.049,0.587,0.072
2025-04-27T19:00:00,0.000,13.592,2.654,0.056,0.469,1.298
2025-04-27T20:00:00,0.000,12.143,1.847,0.054,0.368,0.630
2025-04-27T21:00:00,0.000,3.333,0.497,0.053,0.282,1.067
2025-04-27T22:00:00,0.000,0.000,0.417,0.053,0.108,0.278
2025-04-27T23:00:00,0.000,0.000,0.507,0.053,0.057,0.073
2025-04-28T00:00:00,0.000,0.000,0.395,0.054,0.346,0.056
2025-04-28T01:00:00,0.000,0.000,0.293,0.057,0.210,0.047
2025-04-28T02:00:00,0.000,0.000,0.276,0.056,0.039,0.047
2025-04-28T03:00:00,0.000,0.000,0.254,0.055,0.041,0.049
2025-04-28T04:00:00,0.000,0.000,0.191,0.053,0.041,0.058
2025-04-28T05:00:00,0.000,0.000,0.271,0.054,0.042,0.049
2025-04-28T06:00:00,0.000,3.650,0.191,0.058,0.764,0.079
2025-04-28T07:00:00,1.833,7.679,0.271,0.056,0.199,1.947
2025-04-28T08:00:00,1.552,4.730,0.822,0.052,0.055,0.910
2025-04-28T09:00:00,0.690,8.057,1.749,0.053,0.054,1.366
2025-04-28T10:00:00,2.617,8.643,2.627,0.057,0.783,1.140
2025-04-28T11:00:00,3.463,9.983,3.082,0.056,0.230,1.528
2025-04-28T12:00:00,2.018,13.817,3.274,0.053,0.092,0.138
2025-04-28T13:00:00,1.600,13.920,3.363,0.055,0.038,0.141
2025-04-28T14:00:00,3.365,13.293,3.342,0.054,0.081,0.366
2025-04-28T15:00:00,4.870,13.710,3.414,0.053,0.249,0.380
2025-04-28T16:00:00,5.902,13.792,3.431,0.055,0.153,0.334
2025-04-28T17:00:00,2.284,13.005,3.219,0.054,0.091,0.367
2025-04-28T18:00:00,3.405,9.875,2.419,0.054,0.067,0.184
2025-04-28T19:00:00,2.875,11.190,2.062,0.054,0.283,1.152
2025-04-28T20:00:00,0.000,8.367,1.699,0.053,0.296,0.966
2025-04-28T21:00:00,0.000,0.399,0.271,0.057,0.082,0.549
2025-04-28T22:00:00,0.000,0.346,0.271,0.054,0.041,0.297
2025-04-28T23:00:00,0.000,0.000,0.203,0.056,0.038,0.058
2025-04-29T00:00:00,0.000,0.000,0.363,0.057,0.042,0.049
2025-04-29T01:00:00,0.000,0.000,0.468,0.054,0.040,0.049
2025-04-29T02:00:00,0.000,0.000,0.180,0.054,0.042,0.050
2025-04-29T03:00:00,0.000,0.000,0.265,0.054,0.040,0.052
2025-04-29T04:00:00,0.000,0.000,0.180,0.055,0.041,0.048
2025-04-29T05:00:00,0.000,2.000,0.265,0.053,0.041,0.056
2025-04-29T06:00:00,0.000,7.750,0.180,0.056,0.040,2.103
2025-04-29T07:00:00,1.042,15.983,0.265,0.055,0.042,1.183
2025-04-29T08:00:00,1.903,10.624,0.880,0.054,0.042,0.140
2025-04-29T09:00:00,2.084,10.141,2.272,0.056,0.041,0.048
2025-04-29T10:00:00,5.150,13.820,2.980,0.051,0.039,0.049
2025-04-29T11:00:00,4.349,18.279,3.418,0.053,0.041,0.049
2025-04-29T12:00:00,6.432,17.925,3.572,0.053,0.042,0.048
2025-04-29T13:00:00,3.363,17.977,3.418,0.054,0.039,0.050
2025-04-29T14:00:00,3.809,17.963,3.267,0.050,0.033,0.054
2025-04-29T15:00:00,4.085,9.277,2.667,0.054,0.043,0.130
2025-04-29T16:00:00,3.912,10.727,3.154,0.055,0.042,0.431
2025-04-29T17:00:00,3.377,8.519,2.634,0.055,0.050,1.716
2025-04-29T18:00:00,0.775,12.153,2.436,0.054,0.057,0.914
2025-04-29T19:00:00,0.000,15.776,1.623,0.054,0.434,1.223
2025-04-29T20:00:00,0.000,12.980,0.882,0.056,0.280,1.382
2025-04-29T21:00:00,0.000,3.582,0.417,0.054,0.314,0.831
2025-04-29T22:00:00,0.000,0.166,0.419,0.055,0.092,0.182
2025-04-29T23:00:00,0.000,0.000,0.369,0.056,0.039,0.049
2025-04-30T00:00:00,0.000,0.000,0.345,0.053,0.042,0.050
2025-04-30T01:00:00,0.000,0.000,0.432,0.053,0.041,0.051
2025-04-30T02:00:00,0.000,0.000,0.288,0.053,0.040,0.048
2025-04-30T03:00:00,0.000,0.000,0.214,0.056,0.042,0.048
2025-04-30T04:00:00,0.000,0.000,0.248,0.055,0.040,0.052
2025-04-30T05:00:00,0.000,0.000,0.191,0.054,0.042,0.049
2025-04-30T06:00:00,0.000,0.036,0.271,0.053,0.587,1.876
2025-04-30T07:00:00,0.071,0.971,0.191,0.055,0.481,2.332
2025-04-30T08:00:00,1.278,5.799,0.237,0.056,0.100,0.052
2025-04-30T09:00:00,1.368,11.053,0.225,0.052,0.073,0.049
2025-04-30T10:00:00,1.728,11.289,0.346,0.055,0.041,0.058
2025-04-30T11:00:00,3.927,15.486,3.340,0.417,0.042,0.047
2025-04-30T12:00:00,2.905,17.813,3.633,0.135,0.042,0.047
2025-04-30T13:00:00,3.167,10.706,3.352,1.978,0.041,0.056
2025-04-30T14:00:00,4.037,17.075,3.418,1.331,0.042,0.242
2025-04-30T15:00:00,4.378,17.547,3.183,0.140,0.040,0.282
2025-04-30T16:00:00,4.100,15.007,3.372,0.075,0.042,0.054
2025-04-30T17:00:00,5.866,17.947,3.241,0.056,0.040,0.779
2025-04-30T18:00:00,5.320,16.031,3.556,0.054,0.070,1.587
2025-04-30T19:00:00,5.000,13.313,2.192,0.221,1.199,2.285
2025-04-30T20:00:00,2.333,4.213,1.092,0.820,0.512,1.427
2025-04-30T21:00:00,0.000,0.000,0.368,0.242,0.556,0.312
2025-04-30T22:00:00,0.000,0.000,0.288,0.197,0.473,0.137
2025-04-30T23:00:00,0.000,0.000,0.449,0.187,0.153,0.047
2025-05-01T00:00:00,0.000,0.000,0.272,0.053,0.040,0.047
2025-05-01T01:00:00,0.000,0.000,0.426,0.054,0.042,0.049
2025-05-01T02:00:00,0.000,0.000,0.512,0.055,0.041,0.050
2025-05-01T03:00:00,0.000,0.000,0.531,0.056,0.040,0.057
2025-05-01T04:00:00,0.000,0.000,0.383,0.056,0.042,0.050
2025-05-01T05:00:00,0.000,0.330,0.541,0.082,0.041,0.048
2025-05-01T06:00:00,0.000,7.133,0.383,0.677,0.800,0.846
2025-05-01T07:00:00,0.021,6.967,0.530,0.565,0.530,1.682
2025-05-01T08:00:00,0.810,12.762,0.394,0.640,1.066,1.050
2025-05-01T09:00:00,1.419,12.051,0.646,0.166,0.635,1.261
2025-05-01T10:00:00,1.196,12.672,1.921,0.130,3.317,2.029
2025-05-01T11:00:00,1.253,12.459,3.166,2.308,3.961,0.511
2025-05-01T12:00:00,3.780,5.320,3.340,1.662,2.017,0.505
2025-05-01T13:00:00,3.207,9.780,3.298,0.053,1.367,3.710
2025-05-01T14:00:00,1.360,18.941,3.439,0.742,0.052,3.809
2025-05-01T15:00:00,5.863,8.567,3.567,0.736,0.542,0.951
2025-05-01T16:00:00,6.188,14.917,3.665,0.092,1.091,1.942
2025-05-01T17:00:00,4.693,18.640,3.167,0.151,2.740,0.901
2025-05-01T18:00:00,4.033,17.505,3.462,0.385,2.157,0.808
2025-05-01T19:00:00,4.667,7.283,3.040,0.274,0.843,0.952
2025-05-01T20:00:00,2.583,6.822,0.701,0.368,0.356,1.877
2025-05-01T21:00:00,0.000,6.567,0.350,0.517,0.296,2.840
2025-05-01T22:00:00,0.000,0.000,0.277,0.056,0.382,2.115
2025-05-01T23:00:00,0.000,0.000,0.300,0.055,0.245,0.053
2025-05-02T00:00:00,0.000,0.000,0.478,0.060,0.041,0.053
2025-05-02T01:00:00,0.000,0.000,0.519,0.055,0.038,0.049
2025-05-02T02:00:00,0.000,0.000,0.369,0.053,0.040,0.044
2025-05-02T03:00:00,0.000,0.000,0.203,0.048,0.040,0.056
2025-05-02T04:00:00,0.000,0.000,0.265,0.121,0.041,0.050
2025-05-02T05:00:00,0.000,0.000,0.458,0.390,0.042,0.049
2025-05-02T06:00:00,0.000,1.750,0.473,0.522,0.355,0.129
2025-05-02T07:00:00,0.000,10.938,0.383,0.780,0.502,1.169
2025-05-02T08:00:00,0.000,16.319,0.507,0.072,0.815,1.696
2025-05-02T09:00:00,3.677,11.866,0.579,0.071,0.084,1.710
2025-05-02T10:00:00,6.395,9.854,2.999,0.297,0.082,1.498
2025-05-02T11:00:00,6.765,8.104,4.001,0.184,0.197,2.616
2025-05-02T12:00:00,6.585,8.168,3.936,0.055,0.185,0.897
2025-05-02T13:00:00,6.630,9.020,3.342,0.100,0.134,2.887
2025-05-02T14:00:00,6.267,7.801,3.537,0.592,0.054,1.757
2025-05-02T15:00:00,4.524,9.008,3.200,0.290,0.057,2.407
2025-05-02T16:00:00,5.943,7.547,3.579,0.055,0.143,0.331
2025-05-02T17:00:00,3.168,6.527,3.084,0.953,0.079,0.440
2025-05-02T18:00:00,0.979,13.592,3.175,0.540,0.091,0.789
2025-05-02T19:00:00,0.022,11.529,3.302,0.662,0.265,1.273
2025-05-02T20:00:00,0.000,0.000,3.291,0.462,0.397,0.538
2025-05-02T21:00:00,0.000,0.000,1.268,0.484,0.258,1.159
2025-05-02T22:00:00,0.000,0.000,0.383,0.076,0.369,0.381
2025-05-02T23:00:00,0.000,0.000,0.490,0.072,0.281,0.061
2025-05-03T00:00:00,0.000,0.000,0.414,0.070,0.095,0.047
2025-05-03T01:00:00,0.000,0.000,0.548,0.054,0.042,0.047
2025-05-03T02:00:00,0.000,0.000,0.426,0.055,0.039,0.049
2025-05-03T03:00:00,0.000,0.000,0.191,0.053,0.042,0.050
2025-05-03T04:00:00,0.000,0.000,0.294,0.375,0.041,0.050
2025-05-03T05:00:00,0.000,0.000,0.403,0.416,0.041,0.055
2025-05-03T06:00:00,0.000,0.850,0.520,0.551,0.136,1.189
2025-05-03T07:00:00,0.000,4.973,0.453,0.090,0.896,1.047
2025-05-03T08:00:00,0.000,7.428,0.541,1.252,0.050,1.215
2025-05-03T09:00:00,0.000,7.570,0.466,0.358,1.834,0.335
2025-05-03T10:00:00,0.000,7.720,3.114,0.877,0.771,1.755
2025-05-03T11:00:00,0.000,7.270,3.569,0.225,2.679,2.169
2025-05-03T12:00:00,0.000,7.897,3.450,0.417,3.576,0.199
2025-05-03T13:00:00,0.000,8.233,3.484,1.510,2.576,2.637
2025-05-03T14:00:00,0.000,11.290,3.554,0.054,0.435,4.103
2025-05-03T15:00:00,0.000,11.910,3.472,0.054,1.487,0.050
2025-05-03T16:00:00,0.000,13.796,3.295,0.077,0.042,0.152
2025-05-03T17:00:00,0.000,14.525,3.215,0.431,0.048,0.280
2025-05-03T18:00:00,0.000,10.453,3.017,0.600,0.118,0.108
2025-05-03T19:00:00,0.000,17.512,1.452,0.755,0.235,0.303
2025-05-03T20:00:00,0.000,8.983,0.677,0.407,0.280,1.013
2025-05-03T21:00:00,0.000,2.583,0.449,0.289,0.341,1.115
2025-05-03T22:00:00,0.000,0.000,0.225,0.075,0.243,0.105
2025-05-03T23:00:00,0.000,0.000,0.237,0.055,0.105,0.047
2025-05-04T00:00:00,0.000,0.000,0.277,0.055,0.043,0.051
2025-05-04T01:00:00,0.000,0.000,0.507,0.053,0.040,0.054
2025-05-04T02:00:00,0.000,0.000,0.561,0.053,0.039,0.046
2025-05-04T03:00:00,0.000,0.000,0.362,0.057,0.046,0.055
2025-05-04T04:00:00,0.000,0.000,0.197,0.324,0.040,0.053
2025-05-04T05:00:00,0.000,0.000,0.248,0.397,0.039,0.049
2025-05-04T06:00:00,0.000,6.500,0.180,0.467,0.663,1.052
2025-05-04T07:00:00,0.000,4.333,0.265,0.616,0.517,0.205
2025-05-04T08:00:00,0.000,4.570,0.180,0.155,0.584,0.992
2025-05-04T09:00:00,0.000,5.701,0.650,0.168,0.431,0.987
2025-05-04T10:00:00,0.000,4.870,3.425,0.397,0.357,0.449
2025-05-04T11:00:00,0.000,9.229,3.971,0.324,1.366,0.198
2025-05-04T12:00:00,0.000,10.270,3.871,0.713,1.002,0.083
2025-05-04T13:00:00,0.000,5.730,3.721,0.055,0.538,1.289
2025-05-04T14:00:00,0.000,6.387,3.416,0.054,0.092,0.452
2025-05-04T15:00:00,0.000,13.266,3.719,0.782,0.197,0.800
2025-05-04T16:00:00,0.000,18.307,3.146,0.568,0.084,0.093
2025-05-04T17:00:00,0.000,18.032,3.080,0.053,0.063,0.217
2025-05-04T18:00:00,0.000,18.718,2.622,0.054,0.152,0.282
2025-05-04T19:00:00,0.000,13.522,0.818,0.359,0.223,1.964
2025-05-04T20:00:00,0.000,4.997,0.746,0.206,0.279,0.526
2025-05-04T21:00:00,0.000,13.137,0.311,0.463,0.321,0.376
2025-05-04T22:00:00,0.000,0.000,0.572,0.072,0.051,0.303
2025-05-04T23:00:00,0.000,0.000,0.452,0.066,0.042,0.057
2025-05-05T00:00:00,0.000,0.000,0.447,0.053,0.042,0.047
2025-05-05T01:00:00,0.000,0.000,0.408,0.054,0.039,0.050
2025-05-05T02:00:00,0.000,0.000,0.346,0.054,0.039,0.053
2025-05-05T03:00:00,0.000,0.000,0.259,0.148,0.037,0.052
2025-05-05T04:00:00,0.000,0.000,0.259,0.255,0.040,0.048
2025-05-05T05:00:00,0.000,0.000,0.186,0.371,0.042,0.056
2025-05-05T06:00:00,0.000,5.073,0.259,0.762,0.792,1.526
2025-05-05T07:00:00,0.000,10.591,0.186,0.499,0.904,1.262
2025-05-05T08:00:00,1.497,11.973,0.259,0.055,0.375,0.781
2025-05-05T09:00:00,3.336,13.845,1.578,0.056,0.041,0.083
2025-05-05T10:00:00,3.271,14.497,3.718,0.054,0.041,0.093
2025-05-05T11:00:00,3.152,11.467,2.123,0.690,0.040,0.180
2025-05-05T12:00:00,2.830,15.646,3.557,0.845,0.040,0.245
2025-05-05T13:00:00,3.787,16.876,3.308,0.272,0.041,0.200
2025-05-05T14:00:00,6.270,11.763,3.013,0.054,0.042,0.114
2025-05-05T15:00:00,6.263,14.520,3.003,0.054,0.041,0.083
2025-05-05T16:00:00,4.620,16.103,3.188,0.055,0.041,0.075
2025-05-05T17:00:00,1.283,16.367,3.385,0.054,0.069,0.091
2025-05-05T18:00:00,1.858,13.274,3.283,0.056,0.229,1.384
2025-05-05T19:00:00,0.019,6.914,1.605,0.501,0.386,1.159
2025-05-05T20:00:00,0.000,1.650,0.608,0.355,0.874,0.225
2025-05-05T21:00:00,0.000,0.050,1.729,0.370,0.350,1.123
2025-05-05T22:00:00,0.000,0.000,0.461,0.056,0.092,3.700
2025-05-05T23:00:00,0.000,0.000,0.415,0.054,0.040,1.560
2025-05-06T00:00:00,0.000,0.000,0.499,0.053,0.039,0.055
2025-05-06T01:00:00,0.000,0.000,0.502,0.053,0.041,0.047
2025-05-06T02:00:00,0.000,0.000,0.561,0.054,0.041,0.047
2025-05-06T03:00:00,0.000,0.000,0.405,0.131,0.042,0.047
2025-05-06T04:00:00,0.000,0.000,0.485,0.256,0.041,0.052
2025-05-06T05:00:00,0.000,0.000,0.405,0.296,0.039,0.055
2025-05-06T06:00:00,0.000,0.050,0.472,0.580,0.549,1.632
2025-05-06T07:00:00,0.000,5.583,0.467,0.582,0.616,1.670
2025-05-06T08:00:00,1.020,6.298,0.180,1.020,0.601,0.157
2025-05-06T09:00:00,3.518,8.294,0.548,0.737,0.039,0.051
2025-05-06T10:00:00,3.438,8.109,0.528,0.551,0.040,0.056
2025-05-06T11:00:00,3.880,7.953,1.518,0.085,0.039,0.047
2025-05-06T12:00:00,3.837,11.113,3.608,0.208,0.039,0.048
2025-05-06T13:00:00,3.820,8.847,3.892,0.328,0.041,0.049
2025-05-06T14:00:00,3.271,9.047,3.797,0.929,0.047,0.127
2025-05-06T15:00:00,3.329,18.789,2.550,0.661,0.038,0.276
2025-05-06T16:00:00,4.042,10.901,3.232,0.256,1.167,0.081
2025-05-06T17:00:00,2.501,16.563,3.483,0.609,0.162,0.589
2025-05-06T18:00:00,1.051,15.192,3.438,0.146,1.956,2.048
2025-05-06T19:00:00,0.339,9.916,3.337,0.372,2.727,1.985
2025-05-06T20:00:00,0.000,11.627,2.379,0.263,1.178,0.894
2025-05-06T21:00:00,0.000,11.223,0.332,0.702,0.354,1.245
2025-05-06T22:00:00,0.000,0.250,0.237,0.068,0.282,0.207
2025-05-06T23:00:00,0.000,0.000,0.208,0.054,0.041,0.071
2025-05-07T00:00:00,0.000,0.000,0.293,0.055,0.039,0.049
2025-05-07T01:00:00,0.000,0.000,0.448,0.055,0.043,0.046
2025-05-07T02:00:00,0.000,0.000,0.485,0.054,0.039,0.048
2025-05-07T03:00:00,0.000,0.000,0.405,0.055,0.041,0.054
2025-05-07T04:00:00,0.000,0.000,0.417,0.317,0.042,0.047
2025-05-07T05:00:00,0.000,0.000,0.391,0.253,0.041,0.050
2025-05-07T06:00:00,0.000,0.696,0.403,0.618,0.152,1.307
2025-05-07T07:00:00,1.125,1.484,0.259,0.054,0.710,1.057
2025-05-07T08:00:00,0.375,9.165,0.186,1.153,0.079,1.024
2025-05-07T09:00:00,2.493,9.330,0.692,0.143,0.041,0.047
2025-05-07T10:00:00,2.550,8.941,2.922,0.053,0.043,0.049
2025-05-07T11:00:00,3.714,8.157,3.281,2.084,0.041,0.053
2025-05-07T12:00:00,2.450,7.707,3.215,0.184,0.041,0.052
2025-05-07T13:00:00,2.215,8.843,3.517,0.055,0.041,0.047
2025-05-07T14:00:00,6.006,12.720,3.404,0.079,0.040,0.152
2025-05-07T15:00:00,5.277,16.419,3.398,0.151,0.041,0.192
2025-05-07T16:00:00,6.655,18.301,3.509,0.502,0.126,0.191
2025-05-07T17:00:00,5.900,15.560,3.212,0.799,0.090,1.301
2025-05-07T18:00:00,4.401,14.274,3.094,0.559,0.471,1.903
2025-05-07T19:00:00,0.833,13.070,2.188,0.231,0.449,2.679
2025-05-07T20:00:00,0.000,11.459,0.478,0.325,0.407,1.518
2025-05-07T21:00:00,0.000,1.500,0.265,0.393,0.437,0.212
2025-05-07T22:00:00,0.000,0.000,0.180,0.081,0.387,0.054
2025-05-07T23:00:00,0.000,0.000,0.271,0.054,0.095,0.047
2025-05-08T00:00:00,0.000,0.000,0.277,0.055,0.041,0.049
2025-05-08T01:00:00,0.000,0.000,0.513,0.055,0.041,0.053
2025-05-08T02:00:00,0.000,0.000,0.548,0.053,0.040,0.047
2025-05-08T03:00:00,0.000,0.000,0.397,0.054,0.039,0.051
2025-05-08T04:00:00,0.000,0.000,0.317,0.353,0.039,0.050
2025-05-08T05:00:00,0.000,0.000,0.242,0.360,0.039,0.051
2025-05-08T06:00:00,0.000,3.167,0.186,0.671,0.041,1.203
2025-05-08T07:00:00,1.625,8.500,0.259,0.775,0.881,1.281
2025-05-08T08:00:00,3.583,7.430,0.180,0.058,0.042,0.865
2025-05-08T09:00:00,1.942,13.207,0.828,0.056,0.041,0.047
2025-05-08T10:00:00,4.033,13.227,1.032,0.056,0.042,0.059
2025-05-08T11:00:00,4.138,12.957,2.192,0.053,0.042,0.047
2025-05-08T12:00:00,3.683,12.207,3.437,0.759,0.041,0.047
2025-05-08T13:00:00,3.105,11.800,3.835,0.059,0.042,0.048
2025-05-08T14:00:00,4.164,12.467,3.913,0.070,0.042,0.068
2025-05-08T15:00:00,4.383,14.047,3.591,0.817,0.039,0.070
2025-05-08T16:00:00,3.077,14.340,3.528,0.714,0.041,0.110
2025-05-08T17:00:00,2.163,16.625,3.354,0.055,0.041,0.197
2025-05-08T18:00:00,0.620,11.900,2.762,0.052,0.054,4.540
2025-05-08T19:00:00,0.000,12.253,1.558,0.055,0.289,3.125
2025-05-08T20:00:00,0.000,3.563,0.501,0.425,0.345,0.461
2025-05-08T21:00:00,0.000,0.007,0.271,0.604,0.392,1.144
2025-05-08T22:00:00,0.000,0.000,0.180,0.067,0.076,0.446
2025-05-08T23:00:00,0.000,0.000,0.335,0.054,0.041,0.193
2025-05-09T00:00:00,0.000,0.000,0.477,0.053,0.039,0.053
2025-05-09T01:00:00,0.000,0.000,0.490,0.057,0.041,0.047
2025-05-09T02:00:00,0.000,0.000,0.271,0.047,0.042,0.047
2025-05-09T03:00:00,0.000,0.000,0.271,0.054,0.045,0.048
2025-05-09T04:00:00,0.000,0.000,0.191,0.205,0.041,0.052
2025-05-09T05:00:00,0.000,0.000,0.248,0.387,0.051,0.053
2025-05-09T06:00:00,0.000,0.650,0.328,0.619,0.192,1.960
2025-05-09T07:00:00,0.000,3.308,0.282,0.551,0.783,1.612
2025-05-09T08:00:00,1.380,8.758,0.271,1.382,0.037,0.214
2025-05-09T09:00:00,5.230,8.243,1.049,0.343,0.041,0.152
2025-05-09T10:00:00,2.700,6.213,2.722,0.627,0.041,0.059
2025-05-09T11:00:00,3.923,6.877,3.509,0.061,0.043,0.047
2025-05-09T12:00:00,2.300,8.544,3.602,0.162,0.044,0.047
2025-05-09T13:00:00,3.362,8.416,3.695,0.054,0.041,0.069
2025-05-09T14:00:00,3.913,12.739,3.534,0.666,0.039,0.121
2025-05-09T15:00:00,3.873,18.607,3.567,0.054,0.041,0.058
2025-05-09T16:00:00,4.221,19.037,3.038,0.054,0.182,1.066
2025-05-09T17:00:00,5.117,10.070,3.338,0.056,1.177,0.410
2025-05-09T18:00:00,3.581,9.106,3.457,0.056,0.323,0.175
2025-05-09T19:00:00,3.486,8.135,2.758,0.945,1.809,0.525
2025-05-09T20:00:00,2.201,5.930,0.454,0.624,3.024,3.990
2025-05-09T21:00:00,0.000,0.851,0.346,0.785,2.030,3.322
2025-05-09T22:00:00,0.000,0.199,0.248,0.094,0.235,0.555
2025-05-09T23:00:00,0.000,0.000,0.191,0.054,0.041,0.049
2025-05-10T00:00:00,0.000,0.000,0.282,0.054,0.041,0.047
2025-05-10T01:00:00,0.000,0.000,0.403,0.054,0.041,0.052
2025-05-10T02:00:00,0.000,0.000,0.519,0.056,0.041,0.055
2025-05-10T03:00:00,0.000,0.000,0.484,0.092,0.042,0.048
2025-05-10T04:00:00,0.000,0.000,0.231,0.256,0.041,0.051
2025-05-10T05:00:00,0.000,0.000,0.231,0.415,0.041,0.054
2025-05-10T06:00:00,0.000,0.000,0.197,0.534,0.260,1.261
2025-05-10T07:00:00,0.000,1.560,0.270,0.688,1.392,1.777
2025-05-10T08:00:00,0.000,9.705,0.399,0.065,2.200,0.344
2025-05-10T09:00:00,0.000,10.131,1.940,0.054,0.983,0.287
2025-05-10T10:00:00,0.000,8.703,1.279,0.053,0.229,0.248
2025-05-10T11:00:00,0.000,7.701,2.587,0.623,1.908,0.207
2025-05-10T12:00:00,0.000,8.165,3.167,0.495,0.270,0.400
2025-05-10T13:00:00,0.000,8.440,2.919,0.085,1.289,0.382
2025-05-10T14:00:00,0.000,7.787,3.268,0.054,0.164,0.317
2025-05-10T15:00:00,0.000,7.943,2.833,0.054,0.134,0.284
2025-05-10T16:00:00,0.000,11.995,3.761,0.054,0.042,0.171
2025-05-10T17:00:00,0.000,17.593,3.309,0.055,0.067,0.105
2025-05-10T18:00:00,0.000,15.907,3.492,0.056,0.084,0.242
2025-05-10T19:00:00,0.000,11.307,3.594,0.315,0.137,0.372
2025-05-10T20:00:00,0.000,0.550,2.509,0.073,0.238,1.412
2025-05-10T21:00:00,0.000,0.000,1.929,0.222,0.260,0.662
2025-05-10T22:00:00,0.000,0.000,0.396,0.266,0.299,0.361
2025-05-10T23:00:00,0.000,0.000,0.368,0.055,0.223,0.185
2025-05-11T00:00:00,0.000,0.000,0.473,0.056,0.039,0.050
2025-05-11T01:00:00,0.000,0.000,0.425,0.053,0.041,0.047
2025-05-11T02:00:00,0.000,0.000,0.443,0.055,0.041,0.046
2025-05-11T03:00:00,0.000,0.000,0.311,0.054,0.041,0.056
2025-05-11T04:00:00,0.000,0.000,0.305,0.292,0.040,0.053
2025-05-11T05:00:00,0.000,0.000,0.362,0.106,0.039,0.048
2025-05-11T06:00:00,0.000,5.000,0.299,0.830,0.646,0.470
2025-05-11T07:00:00,0.000,7.077,0.385,0.714,0.377,0.981
2025-05-11T08:00:00,0.000,11.882,0.478,0.452,1.040,0.705
2025-05-11T09:00:00,0.000,12.740,1.365,0.426,0.406,1.053
2025-05-11T10:00:00,0.000,14.307,2.452,0.125,0.362,0.284
2025-05-11T11:00:00,0.000,16.263,3.443,0.553,1.199,0.074
2025-05-11T12:00:00,0.000,17.873,3.497,1.954,0.082,0.093
2025-05-11T13:00:00,0.000,17.973,3.583,1.396,0.369,1.983
2025-05-11T14:00:00,0.000,17.523,3.795,0.708,1.003,2.606
2025-05-11T15:00:00,0.000,8.470,3.490,0.301,0.493,1.096
2025-05-11T16:00:00,0.000,15.303,3.757,0.506,0.043,2.744
2025-05-11T17:00:00,0.000,18.604,3.933,0.053,0.213,1.813
2025-05-11T18:00:00,0.000,11.962,3.991,0.054,0.190,0.394
2025-05-11T19:00:00,0.000,8.693,2.763,0.512,0.511,0.848
2025-05-11T20:00:00,0.000,4.726,0.955,0.254,1.395,0.977
2025-05-11T21:00:00,0.000,8.272,0.326,0.256,0.299,0.357
2025-05-11T22:00:00,0.000,0.000,0.197,0.147,0.066,0.196
2025-05-11T23:00:00,0.000,0.000,0.248,0.053,0.041,0.058
2025-05-12T00:00:00,0.000,0.000,0.450,0.056,0.041,0.050
2025-05-12T01:00:00,0.000,0.000,0.541,0.056,0.041,0.049
2025-05-12T02:00:00,0.000,0.000,0.383,0.056,0.041,0.061
2025-05-12T03:00:00,0.000,0.000,0.541,0.055,0.040,0.050
2025-05-12T04:00:00,0.000,0.000,0.383,0.142,0.034,0.048
2025-05-12T05:00:00,0.000,0.000,0.541,0.451,0.044,0.048
2025-05-12T06:00:00,0.000,2.678,0.383,0.611,0.873,2.448
2025-05-12T07:00:00,0.000,6.093,0.541,0.845,1.076,1.480
2025-05-12T08:00:00,1.561,7.385,0.383,0.073,0.073,0.214
2025-05-12T09:00:00,3.315,9.769,0.541,0.055,0.038,0.059
2025-05-12T10:00:00,1.970,11.040,2.006,0.053,0.040,0.047
2025-05-12T11:00:00,5.076,11.653,3.408,0.054,0.042,0.046
2025-05-12T12:00:00,4.992,8.750,3.283,0.971,0.040,0.047
2025-05-12T13:00:00,3.983,13.833,3.408,1.134,0.039,0.052
2025-05-12T14:00:00,3.975,12.743,3.283,1.374,0.041,0.058
2025-05-12T15:00:00,2.667,11.407,3.348,0.369,0.041,0.082
2025-05-12T16:00:00,5.683,12.580,3.063,0.059,0.454,0.082
2025-05-12T17:00:00,1.603,14.460,3.091,0.053,2.863,0.315
2025-05-12T18:00:00,5.910,13.757,3.074,0.052,0.471,2.129
2025-05-12T19:00:00,0.979,16.237,3.025,0.185,0.513,2.569
2025-05-12T20:00:00,0.012,8.760,1.480,0.259,0.246,0.659
2025-05-12T21:00:00,0.000,0.470,0.462,0.204,0.257,1.245
2025-05-12T22:00:00,0.000,0.000,0.405,0.086,0.455,0.267
2025-05-12T23:00:00,0.000,0.000,0.524,0.049,0.198,0.097
2025-05-13T00:00:00,0.000,0.000,0.502,0.052,0.039,0.048
2025-05-13T01:00:00,0.000,0.000,0.461,0.056,0.042,0.048
2025-05-13T02:00:00,0.000,0.000,0.478,0.053,0.038,0.049
2025-05-13T03:00:00,0.000,0.000,0.472,0.056,0.042,0.053
2025-05-13T04:00:00,0.000,0.000,0.530,0.251,0.045,0.047
2025-05-13T05:00:00,0.000,0.000,0.360,0.093,0.035,0.058
2025-05-13T06:00:00,0.000,0.750,0.530,0.957,0.877,1.654
2025-05-13T07:00:00,0.000,5.511,0.360,0.774,0.461,0.479
2025-05-13T08:00:00,0.000,10.495,0.530,1.354,0.157,0.071
2025-05-13T09:00:00,2.018,12.961,0.383,0.694,0.049,0.047
2025-05-13T10:00:00,3.917,11.039,1.444,0.709,0.042,0.047
2025-05-13T11:00:00,1.863,14.056,3.578,0.686,0.042,0.048
2025-05-13T12:00:00,2.970,10.940,3.678,0.363,0.042,0.048
2025-05-13T13:00:00,3.792,10.035,3.312,0.918,0.042,0.050
2025-05-13T14:00:00,3.524,12.603,3.189,0.809,0.039,0.068
2025-05-13T15:00:00,3.333,13.052,3.140,0.771,0.043,0.084
2025-05-13T16:00:00,2.622,8.950,3.078,0.439,0.039,0.063
2025-05-13T17:00:00,5.093,7.601,3.217,0.597,1.879,0.278
2025-05-13T18:00:00,4.289,8.280,2.820,0.147,2.852,2.633
2025-05-13T19:00:00,3.533,11.343,1.273,0.338,1.257,0.929
2025-05-13T20:00:00,0.000,3.355,0.699,0.244,0.916,2.783
2025-05-13T21:00:00,0.000,1.158,0.288,0.303,0.323,2.757
2025-05-13T22:00:00,0.000,0.000,0.350,0.203,0.166,1.118
2025-05-13T23:00:00,0.000,0.000,0.525,0.196,0.039,0.049
2025-05-14T00:00:00,0.000,0.000,0.420,0.107,0.041,0.050
2025-05-14T01:00:00,0.000,0.000,0.455,0.058,0.042,0.050
2025-05-14T02:00:00,0.000,0.000,0.450,0.056,0.041,0.046
2025-05-14T03:00:00,0.000,0.000,0.203,0.053,0.039,0.049
2025-05-14T04:00:00,0.000,0.000,0.242,0.345,0.035,0.049
2025-05-14T05:00:00,0.000,0.000,0.328,0.253,0.043,0.056
2025-05-14T06:00:00,0.000,0.250,0.578,0.755,0.692,1.848
2025-05-14T07:00:00,0.000,14.750,0.405,0.057,0.170,1.463
2025-05-14T08:00:00,0.023,15.852,0.519,0.054,0.040,1.067
2025-05-14T09:00:00,0.955,16.343,0.495,0.611,0.045,0.279
2025-05-14T10:00:00,2.835,11.733,1.273,0.056,0.042,0.136
2025-05-14T11:00:00,3.017,5.603,3.415,0.054,0.039,0.059
2025-05-14T12:00:00,3.233,5.408,4.163,0.187,0.041,0.087
2025-05-14T13:00:00,1.058,13.645,4.049,0.292,0.038,0.058
2025-05-14T14:00:00,0.600,13.136,4.207,0.054,0.041,0.053
2025-05-14T15:00:00,5.350,12.043,4.117,0.053,0.039,0.091
2025-05-14T16:00:00,5.560,11.442,4.165,0.083,0.041,0.079
2025-05-14T17:00:00,5.833,10.307,3.196,0.394,0.041,0.048
2025-05-14T18:00:00,4.768,16.567,3.106,0.465,0.056,0.509
2025-05-14T19:00:00,1.064,6.030,3.198,0.222,3.963,2.589
2025-05-14T20:00:00,2.583,10.473,1.772,0.305,1.722,0.645
2025-05-14T21:00:00,0.000,9.050,0.439,0.365,2.476,1.231
2025-05-14T22:00:00,0.000,0.000,0.485,0.133,0.264,0.185
2025-05-14T23:00:00,0.000,0.000,0.405,0.055,0.058,0.047
2025-05-15T00:00:00,0.000,0.000,0.507,0.050,0.045,0.049
2025-05-15T01:00:00,0.000,0.000,0.507,0.056,0.041,0.057
2025-05-15T02:00:00,0.000,0.000,0.417,0.056,0.040,0.050
2025-05-15T03:00:00,0.000,0.000,0.517,0.054,0.039,0.051
2025-05-15T04:00:00,0.000,0.000,0.362,0.101,0.042,0.048
2025-05-15T05:00:00,0.000,0.000,0.473,0.091,0.045,0.050
2025-05-15T06:00:00,0.000,1.843,0.265,0.716,0.041,0.957
2025-05-15T07:00:00,0.000,11.545,0.180,0.671,0.596,0.157
2025-05-15T08:00:00,1.337,17.696,0.526,0.648,0.264,1.377
2025-05-15T09:00:00,2.566,12.342,2.364,0.364,0.039,0.798
2025-05-15T10:00:00,3.038,6.769,1.267,0.391,0.039,0.083
2025-05-15T11:00:00,3.917,8.930,2.645,0.486,0.040,0.118
2025-05-15T12:00:00,4.073,7.727,2.405,0.634,0.041,0.288
2025-05-15T13:00:00,3.381,8.667,3.010,0.490,0.041,0.178
2025-05-15T14:00:00,3.971,8.244,2.763,0.916,0.042,0.305
2025-05-15T15:00:00,3.271,13.658,2.656,0.849,0.042,1.185
2025-05-15T16:00:00,4.743,12.062,2.588,0.186,0.041,0.600
2025-05-15T17:00:00,5.833,17.190,2.639,0.054,0.043,0.499
2025-05-15T18:00:00,4.513,15.853,2.746,0.053,0.859,0.239
2025-05-15T19:00:00,0.963,12.637,2.184,0.054,0.892,1.449
2025-05-15T20:00:00,0.000,5.083,2.689,0.054,3.182,2.198
2025-05-15T21:00:00,0.000,0.000,0.687,0.497,2.013,1.295
2025-05-15T22:00:00,0.000,0.000,0.191,0.076,0.371,0.316
2025-05-15T23:00:00,0.000,0.000,0.421,0.054,0.058,0.104
2025-05-16T00:00:00,0.000,0.000,0.374,0.053,0.041,0.053
2025-05-16T01:00:00,0.000,0.000,0.271,0.054,0.042,0.048
2025-05-16T02:00:00,0.000,0.000,0.191,0.056,0.041,0.047
2025-05-16T03:00:00,0.000,0.000,0.248,0.056,0.041,0.051
2025-05-16T04:00:00,0.000,0.000,0.415,0.141,0.039,0.054
2025-05-16T05:00:00,0.000,0.766,0.346,0.412,0.039,0.097
2025-05-16T06:00:00,0.000,4.733,0.265,0.723,0.925,1.354
2025-05-16T07:00:00,0.000,7.400,0.191,0.639,0.934,0.304
2025-05-16T08:00:00,0.000,8.750,0.254,0.463,0.089,0.097
2025-05-16T09:00:00,0.000,9.210,0.415,0.972,0.080,0.046
2025-05-16T10:00:00,1.052,9.830,2.709,1.673,0.040,0.047
2025-05-16T11:00:00,4.204,7.950,3.302,2.629,0.042,0.047
2025-05-16T12:00:00,5.309,4.670,3.391,0.055,0.042,0.064
2025-05-16T13:00:00,4.619,10.510,3.428,0.054,0.038,0.255
2025-05-16T14:00:00,4.508,19.900,3.071,0.278,0.041,0.243
2025-05-16T15:00:00,6.370,18.153,2.882,0.431,0.041,0.089
2025-05-16T16:00:00,6.308,18.674,2.886,0.283,0.039,0.051
2025-05-16T17:00:00,3.962,18.892,2.986,0.061,0.043,0.716
2025-05-16T18:00:00,0.689,19.297,2.825,0.137,0.107,2.199
2025-05-16T19:00:00,0.269,19.094,2.786,0.240,0.255,1.542
2025-05-16T20:00:00,0.003,7.683,1.252,0.749,0.320,0.551
2025-05-16T21:00:00,0.000,0.000,0.220,0.558,0.395,3.847
2025-05-16T22:00:00,0.000,0.000,0.513,0.126,0.356,2.581
2025-05-16T23:00:00,0.000,0.000,0.311,0.056,0.210,0.110
2025-05-17T00:00:00,0.000,0.000,0.403,0.054,0.042,0.047
2025-05-17T01:00:00,0.000,0.000,0.385,0.056,0.039,0.047
2025-05-17T02:00:00,0.000,0.000,0.311,0.052,0.042,0.048
2025-05-17T03:00:00,0.000,0.000,0.254,0.058,0.035,0.056
2025-05-17T04:00:00,0.000,0.000,0.191,0.105,0.037,0.050
2025-05-17T05:00:00,0.000,0.000,0.237,0.085,0.047,0.049
2025-05-17T06:00:00,0.000,0.016,0.386,0.729,0.044,1.090
2025-05-17T07:00:00,0.000,3.060,0.636,0.058,0.786,1.079
2025-05-17T08:00:00,0.000,7.597,0.520,0.643,1.116,0.189
2025-05-17T09:00:00,0.000,10.980,0.380,0.766,1.047,1.898
2025-05-17T10:00:00,0.000,12.687,1.760,0.056,0.699,2.095
2025-05-17T11:00:00,0.000,10.950,3.650,0.054,1.311,0.210
2025-05-17T12:00:00,0.000,3.820,3.213,0.056,0.065,2.693
2025-05-17T13:00:00,0.000,3.207,3.409,0.054,0.049,0.903
2025-05-17T14:00:00,0.000,11.293,3.080,0.055,0.055,1.511
2025-05-17T15:00:00,0.000,14.693,2.811,0.057,0.121,0.725
2025-05-17T16:00:00,0.000,18.490,2.615,0.051,0.040,0.111
2025-05-17T17:00:00,0.000,17.487,2.530,0.054,0.042,2.996
2025-05-17T18:00:00,0.000,17.953,2.856,0.116,0.067,2.664
2025-05-17T19:00:00,0.000,13.726,3.081,0.589,0.736,0.613
2025-05-17T20:00:00,0.000,8.847,2.382,0.185,0.462,1.283
2025-05-17T21:00:00,0.000,7.625,1.225,0.275,0.773,0.783
2025-05-17T22:00:00,0.000,1.250,0.289,0.085,0.356,0.156
2025-05-17T23:00:00,0.000,0.000,0.378,0.053,0.194,0.047
2025-05-18T00:00:00,0.000,0.000,0.449,0.055,0.041,0.048
2025-05-18T01:00:00,0.000,0.000,0.557,0.056,0.040,0.048
2025-05-18T02:00:00,0.000,0.000,0.397,0.057,0.041,0.049
2025-05-18T03:00:00,0.000,0.000,0.436,0.053,0.041,0.051
2025-05-18T04:00:00,0.000,0.000,0.541,0.242,0.040,0.056
2025-05-18T05:00:00,0.000,0.500,0.383,0.356,0.224,0.052
2025-05-18T06:00:00,0.000,2.805,0.485,0.670,0.679,0.048
2025-05-18T07:00:00,0.000,8.059,0.439,0.646,0.076,2.025
2025-05-18T08:00:00,0.000,16.704,0.417,0.846,0.397,0.895
2025-05-18T09:00:00,0.000,13.754,0.566,0.707,0.580,1.436
2025-05-18T10:00:00,0.000,12.754,1.799,0.055,0.286,0.208
2025-05-18T11:00:00,0.000,12.143,3.986,0.230,0.042,0.847
2025-05-18T12:00:00,0.000,12.627,3.330,0.207,0.689,1.273
2025-05-18T13:00:00,0.000,8.346,3.363,0.056,1.894,0.946
2025-05-18T14:00:00,0.000,11.331,3.275,0.054,4.620,1.347
2025-05-18T15:00:00,0.000,8.400,3.144,0.053,1.943,2.275
2025-05-18T16:00:00,0.000,12.348,3.473,0.055,0.140,0.304
2025-05-18T17:00:00,0.000,11.027,3.539,0.056,0.841,0.227
2025-05-18T18:00:00,0.000,12.747,3.647,0.053,1.152,0.162
2025-05-18T19:00:00,0.000,14.464,3.387,0.631,0.445,1.387
2025-05-18T20:00:00,0.000,7.056,2.098,0.209,0.493,0.998
2025-05-18T21:00:00,0.000,1.121,0.323,0.247,0.293,0.367
2025-05-18T22:00:00,0.000,0.000,0.507,0.053,0.122,0.110
2025-05-18T23:00:00,0.000,0.000,0.468,0.053,0.040,0.049
2025-05-19T00:00:00,0.000,0.000,0.479,0.054,0.042,0.046
2025-05-19T01:00:00,0.000,0.000,0.426,0.054,0.042,0.047
2025-05-19T02:00:00,0.000,0.000,0.512,0.053,0.041,0.055
2025-05-19T03:00:00,0.000,0.000,0.383,0.060,0.042,0.049
2025-05-19T04:00:00,0.000,0.000,0.541,0.240,0.041,0.049
2025-05-19T05:00:00,0.000,0.000,0.330,0.088,0.039,0.051
2025-05-19T06:00:00,0.000,0.000,0.477,0.751,0.533,2.204
2025-05-19T07:00:00,0.000,0.934,0.462,0.455,0.473,1.420
2025-05-19T08:00:00,0.000,8.534,1.162,0.723,0.041,0.164
2025-05-19T09:00:00,0.270,13.863,2.318,0.331,0.041,0.050
2025-05-19T10:00:00,4.001,16.926,3.216,0.647,0.042,0.047
2025-05-19T11:00:00,4.237,11.127,3.528,1.739,0.041,0.047
2025-05-19T12:00:00,4.357,8.230,3.640,0.470,0.038,0.048
2025-05-19T13:00:00,4.227,9.093,2.723,0.056,0.042,0.048
2025-05-19T14:00:00,4.095,14.149,3.304,0.126,0.042,0.152
2025-05-19T15:00:00,2.417,12.943,2.935,0.149,0.040,0.282
2025-05-19T16:00:00,2.153,15.110,2.786,0.595,0.043,0.106
2025-05-19T17:00:00,5.018,17.177,3.015,0.055,0.042,0.075
2025-05-19T18:00:00,4.354,12.953,3.118,0.054,0.585,0.904
2025-05-19T19:00:00,1.718,15.695,1.346,0.588,1.518,2.252
2025-05-19T20:00:00,0.083,0.000,1.445,1.145,0.683,1.787
2025-05-19T21:00:00,0.000,0.000,0.462,0.526,0.273,1.382
2025-05-19T22:00:00,0.000,0.000,0.384,0.114,0.181,0.214
2025-05-19T23:00:00,0.000,0.000,0.203,0.066,0.044,0.098
2025-05-20T00:00:00,0.000,0.000,0.328,0.056,0.040,0.047
2025-05-20T01:00:00,0.000,0.000,0.277,0.054,0.039,0.047
2025-05-20T02:00:00,0.000,0.000,0.479,0.055,0.041,0.055
2025-05-20T03:00:00,0.000,0.000,0.394,0.053,0.040,0.052
2025-05-20T04:00:00,0.000,0.000,0.462,0.055,0.041,0.047
2025-05-20T05:00:00,0.000,3.500,0.462,0.399,0.039,0.055
2025-05-20T06:00:00,0.000,6.333,0.394,0.794,0.039,1.088
2025-05-20T07:00:00,0.000,9.333,0.530,0.329,0.828,1.399
2025-05-20T08:00:00,0.000,6.825,0.383,0.533,0.346,0.699
2025-05-20T09:00:00,0.000,13.909,1.374,0.723,0.038,0.056
2025-05-20T10:00:00,1.786,10.383,2.993,0.054,0.041,0.047
2025-05-20T11:00:00,3.426,8.893,3.402,0.054,0.041,0.047
2025-05-20T12:00:00,3.040,11.443,2.711,0.803,0.039,0.047
2025-05-20T13:00:00,4.791,9.710,2.628,0.774,0.041,0.056
2025-05-20T14:00:00,2.628,12.462,2.682,0.997,0.039,0.079
2025-05-20T15:00:00,3.190,11.490,2.921,0.479,0.042,0.054
2025-05-20T16:00:00,5.090,16.017,3.213,0.463,0.046,0.093
2025-05-20T17:00:00,3.934,9.200,3.609,0.203,0.098,0.350
2025-05-20T18:00:00,3.231,10.900,3.168,0.140,0.088,0.962
2025-05-20T19:00:00,2.255,15.440,3.932,0.272,0.058,0.447
2025-05-20T20:00:00,1.333,4.160,2.802,0.236,0.319,2.263
2025-05-20T21:00:00,0.000,0.700,0.681,0.506,0.400,0.835
2025-05-20T22:00:00,0.000,0.000,0.437,0.074,0.504,1.743
2025-05-20T23:00:00,0.000,0.000,0.455,0.069,0.039,0.116
2025-05-21T00:00:00,0.000,0.000,0.391,0.056,0.041,0.483
2025-05-21T01:00:00,0.000,0.000,0.305,0.054,0.041,0.198
2025-05-21T02:00:00,0.000,0.000,0.242,0.056,0.039,0.055
2025-05-21T03:00:00,0.000,0.000,0.327,0.077,0.041,0.046
2025-05-21T04:00:00,0.000,0.000,0.243,0.091,0.042,0.049
2025-05-21T05:00:00,0.000,0.000,0.329,0.128,0.042,0.051
2025-05-21T06:00:00,0.000,0.133,0.659,0.686,0.041,2.134
2025-05-21T07:00:00,0.000,3.199,0.383,0.515,0.914,1.399
2025-05-21T08:00:00,1.500,13.123,0.530,0.206,0.042,0.103
2025-05-21T09:00:00,1.658,14.763,0.394,0.150,0.041,0.063
2025-05-21T10:00:00,4.156,13.751,1.681,0.109,0.041,0.053
2025-05-21T11:00:00,1.975,13.263,3.424,0.219,0.040,0.053
2025-05-21T12:00:00,2.147,14.315,3.475,0.196,0.041,0.048
2025-05-21T13:00:00,3.078,14.233,3.996,1.146,0.039,0.049
2025-05-21T14:00:00,3.340,13.110,3.200,0.292,0.041,0.061
2025-05-21T15:00:00,3.340,13.080,2.945,0.650,0.039,0.136
2025-05-21T16:00:00,3.010,10.620,2.693,0.056,0.374,0.047
2025-05-21T17:00:00,3.895,10.740,2.602,0.057,0.808,0.050
2025-05-21T18:00:00,5.228,15.438,2.408,0.054,0.604,0.231
2025-05-21T19:00:00,1.857,11.932,2.732,0.075,1.209,1.139
2025-05-21T20:00:00,0.000,10.414,1.742,0.330,3.030,1.771
2025-05-21T21:00:00,0.000,4.481,0.507,0.345,2.506,0.467
2025-05-21T22:00:00,0.000,0.060,0.383,0.896,0.124,0.069
2025-05-21T23:00:00,0.000,0.000,0.480,0.054,0.040,0.047
2025-05-22T00:00:00,0.000,0.000,0.347,0.054,0.039,0.048
2025-05-22T01:00:00,0.000,0.000,0.443,0.056,0.041,0.049
2025-05-22T02:00:00,0.000,0.000,0.443,0.053,0.041,0.048
2025-05-22T03:00:00,0.000,0.000,0.554,0.056,0.042,0.049
2025-05-22T04:00:00,0.000,0.000,0.462,0.052,0.040,0.053
2025-05-22T05:00:00,0.000,0.000,0.563,0.297,0.042,0.110
2025-05-22T06:00:00,0.000,8.767,0.405,0.812,0.852,1.867
2025-05-22T07:00:00,0.061,12.945,0.485,0.644,0.473,2.375
2025-05-22T08:00:00,2.097,14.380,0.439,0.143,0.094,0.486
2025-05-22T09:00:00,4.179,3.374,0.486,0.115,0.045,0.051
2025-05-22T10:00:00,3.328,7.037,2.823,0.054,0.039,0.048
2025-05-22T11:00:00,4.482,5.560,3.352,0.054,0.038,0.048
2025-05-22T12:00:00,3.628,8.286,3.515,1.168,0.034,0.053
2025-05-22T13:00:00,3.635,13.817,3.053,0.143,0.041,0.051
2025-05-22T14:00:00,5.065,18.123,2.721,0.399,0.042,0.154
2025-05-22T15:00:00,5.840,16.663,2.808,0.105,0.041,0.087
2025-05-22T16:00:00,4.626,17.101,2.631,1.130,0.041,0.124
2025-05-22T17:00:00,2.553,18.587,2.840,2.601,0.041,0.284
2025-05-22T18:00:00,0.437,11.737,2.755,0.742,0.133,1.381
2025-05-22T19:00:00,0.080,16.062,2.001,0.054,0.252,1.726
2025-05-22T20:00:00,0.000,9.979,0.591,0.235,0.265,1.776
2025-05-22T21:00:00,0.000,5.503,0.383,0.457,0.316,1.533
2025-05-22T22:00:00,0.000,1.667,0.541,0.240,0.271,0.089
2025-05-22T23:00:00,0.000,0.000,0.472,0.055,0.112,0.049
2025-05-23T00:00:00,0.000,0.000,0.561,0.054,0.040,0.056
2025-05-23T01:00:00,0.000,0.000,0.379,0.053,0.040,0.050
2025-05-23T02:00:00,0.000,0.000,0.625,0.054,0.040,0.048
2025-05-23T03:00:00,0.000,0.000,0.337,0.053,0.041,0.049
2025-05-23T04:00:00,0.000,0.000,0.461,0.053,0.043,0.053
2025-05-23T05:00:00,0.000,0.000,0.541,0.090,0.039,0.048
2025-05-23T06:00:00,0.000,0.583,0.383,0.595,0.723,1.173
2025-05-23T07:00:00,0.000,10.358,0.519,0.404,0.730,1.212
2025-05-23T08:00:00,0.250,9.720,0.405,0.507,0.479,0.172
2025-05-23T09:00:00,3.203,12.533,1.301,0.811,0.043,0.048
2025-05-23T10:00:00,4.925,7.712,2.138,0.640,0.039,0.050
2025-05-23T11:00:00,4.048,6.967,3.637,0.053,0.041,0.049
2025-05-23T12:00:00,3.708,7.507,3.720,0.460,0.042,0.051
2025-05-23T13:00:00,4.458,7.707,3.162,0.061,0.042,0.068
2025-05-23T14:00:00,3.920,12.113,2.854,0.174,0.040,0.084
2025-05-23T15:00:00,4.378,12.737,3.388,0.174,0.040,0.065
2025-05-23T16:00:00,4.898,10.485,3.559,0.216,0.104,0.163
2025-05-23T17:00:00,4.341,8.584,3.415,0.225,0.135,0.614
2025-05-23T18:00:00,0.975,9.657,3.228,0.899,0.223,2.936
2025-05-23T19:00:00,0.000,15.067,2.895,0.162,0.326,1.748
2025-05-23T20:00:00,0.000,18.203,2.363,0.209,0.404,0.916
2025-05-23T21:00:00,0.000,11.638,0.518,0.381,0.342,1.375
2025-05-23T22:00:00,0.000,0.150,0.203,0.256,0.346,0.320
2025-05-23T23:00:00,0.000,0.000,0.259,0.057,0.241,0.117
2025-05-24T00:00:00,0.000,0.000,0.390,0.054,0.041,0.058
2025-05-24T01:00:00,0.000,0.000,0.420,0.054,0.039,0.048
2025-05-24T02:00:00,0.000,0.000,0.362,0.053,0.042,0.049
2025-05-24T03:00:00,0.000,0.000,0.524,0.055,0.042,0.051
2025-05-24T04:00:00,0.000,0.000,0.360,0.184,0.042,0.050
2025-05-24T05:00:00,0.000,1.167,0.524,0.983,0.042,0.048
2025-05-24T06:00:00,0.000,7.400,0.489,0.718,0.560,0.048
2025-05-24T07:00:00,0.000,11.263,0.422,0.529,0.480,1.865
2025-05-24T08:00:00,0.000,12.628,0.426,1.139,2.370,1.456
2025-05-24T09:00:00,0.000,10.473,0.491,0.962,0.761,0.565
2025-05-24T10:00:00,0.000,12.770,2.305,0.054,1.581,2.622
2025-05-24T11:00:00,0.000,11.907,3.632,0.054,4.153,3.043
2025-05-24T12:00:00,0.000,8.353,2.398,0.054,2.029,1.455
2025-05-24T13:00:00,0.000,7.247,1.935,0.056,0.098,0.275
2025-05-24T14:00:00,0.000,7.529,3.508,0.053,0.063,0.130
2025-05-24T15:00:00,0.000,14.606,3.488,0.253,1.932,1.401
2025-05-24T16:00:00,0.000,9.557,3.455,0.077,0.047,1.247
2025-05-24T17:00:00,0.000,12.220,3.237,0.052,0.041,0.046
2025-05-24T18:00:00,0.000,10.990,3.352,0.248,0.042,0.421
2025-05-24T19:00:00,0.000,13.611,2.797,0.616,1.052,1.091
2025-05-24T20:00:00,0.000,12.283,2.597,0.100,2.926,0.369
2025-05-24T21:00:00,0.000,1.983,1.708,0.272,2.219,0.331
2025-05-24T22:00:00,0.000,0.000,0.537,0.075,0.360,0.309
2025-05-24T23:00:00,0.000,0.000,0.485,0.063,0.132,0.095
2025-05-25T00:00:00,0.000,0.000,0.420,0.054,0.042,0.046
2025-05-25T01:00:00,0.000,0.000,0.455,0.056,0.042,0.049
2025-05-25T02:00:00,0.000,0.000,0.305,0.053,0.039,0.051
2025-05-25T03:00:00,0.000,0.000,0.334,0.055,0.039,0.058
2025-05-25T04:00:00,0.000,0.000,0.409,0.270,0.042,0.052
2025-05-25T05:00:00,0.000,0.000,0.197,0.089,0.041,0.048
2025-05-25T06:00:00,0.000,0.000,0.368,0.390,0.540,1.181
2025-05-25T07:00:00,0.000,4.053,0.344,0.571,0.441,0.731
2025-05-25T08:00:00,0.000,8.610,0.431,0.539,1.249,0.345
2025-05-25T09:00:00,0.000,10.974,1.285,0.362,0.433,2.041
2025-05-25T10:00:00,0.000,8.977,1.837,0.091,0.469,0.815
2025-05-25T11:00:00,0.000,12.860,2.877,0.095,1.567,1.200
2025-05-25T12:00:00,0.000,9.276,3.398,2.221,0.066,3.566
2025-05-25T13:00:00,0.000,14.594,3.340,1.027,0.619,1.086
2025-05-25T14:00:00,0.000,13.631,3.094,0.482,0.943,1.044
2025-05-25T15:00:00,0.000,18.439,3.320,0.300,0.262,0.274
2025-05-25T16:00:00,0.000,17.857,3.200,0.072,0.807,0.232
2025-05-25T17:00:00,0.000,15.387,3.609,0.052,0.191,0.083
2025-05-25T18:00:00,0.000,14.547,3.188,0.056,0.154,1.038
2025-05-25T19:00:00,0.000,17.018,2.967,0.350,0.312,1.342
2025-05-25T20:00:00,0.000,7.402,2.270,0.270,0.708,0.516
2025-05-25T21:00:00,0.000,0.808,0.598,0.272,0.383,0.362
2025-05-25T22:00:00,0.000,0.000,0.271,0.061,0.041,0.321
2025-05-25T23:00:00,0.000,0.000,0.180,0.055,0.039,0.072
2025-05-26T00:00:00,0.000,0.000,0.294,0.054,0.278,0.047
2025-05-26T01:00:00,0.000,0.000,0.288,0.056,0.277,0.048
2025-05-26T02:00:00,0.000,0.000,0.385,0.055,0.039,0.049
2025-05-26T03:00:00,0.000,0.000,0.537,0.053,0.040,0.052
2025-05-26T04:00:00,0.000,0.000,0.442,0.140,0.041,0.050
2025-05-26T05:00:00,0.000,0.020,0.466,0.552,0.042,0.049
2025-05-26T06:00:00,0.000,3.731,0.277,0.558,0.762,0.771
2025-05-26T07:00:00,0.000,4.936,0.312,0.696,0.257,1.607
2025-05-26T08:00:00,0.000,12.820,0.541,0.058,0.038,3.012
2025-05-26T09:00:00,0.153,13.753,0.383,0.054,0.042,2.443
2025-05-26T10:00:00,2.548,12.901,1.843,0.056,0.039,0.859
2025-05-26T11:00:00,4.925,12.474,3.325,0.486,0.042,0.050
2025-05-26T12:00:00,4.336,13.200,3.568,0.746,0.041,0.048
2025-05-26T13:00:00,4.460,13.753,3.144,1.537,0.039,0.056
2025-05-26T14:00:00,4.418,13.307,3.083,0.601,0.043,0.180
2025-05-26T15:00:00,5.452,13.437,3.142,0.054,0.039,0.194
2025-05-26T16:00:00,6.389,13.060,2.997,0.051,0.042,0.140
2025-05-26T17:00:00,5.186,13.293,3.069,0.053,0.738,0.357
2025-05-26T18:00:00,0.285,13.243,3.342,0.053,0.704,1.825
2025-05-26T19:00:00,0.000,6.317,3.055,0.386,0.276,1.827
2025-05-26T20:00:00,0.000,0.316,1.463,0.255,0.322,1.440
2025-05-26T21:00:00,0.000,0.064,0.318,0.355,0.441,1.411
2025-05-26T22:00:00,0.000,0.000,0.191,0.108,0.335,0.199
2025-05-26T23:00:00,0.000,0.000,0.259,0.066,0.105,0.117
2025-05-27T00:00:00,0.000,0.000,0.358,0.056,0.039,0.056
2025-05-27T01:00:00,0.000,0.000,0.265,0.054,0.041,0.048
2025-05-27T02:00:00,0.000,0.000,0.384,0.054,0.040,0.048
2025-05-27T03:00:00,0.000,0.000,0.573,0.054,0.041,0.052
2025-05-27T04:00:00,0.000,0.000,0.378,0.087,0.040,0.056
2025-05-27T05:00:00,0.000,1.417,0.265,0.091,0.039,0.047
2025-05-27T06:00:00,0.000,4.756,0.265,0.068,0.113,1.799
2025-05-27T07:00:00,0.000,7.498,0.180,0.762,0.952,1.247
2025-05-27T08:00:00,0.000,8.087,0.310,1.522,0.040,0.236
2025-05-27T09:00:00,1.792,7.753,1.380,0.554,0.043,0.050
2025-05-27T10:00:00,2.669,8.577,3.043,0.056,0.039,0.048
2025-05-27T11:00:00,3.420,7.433,3.332,0.708,0.042,0.047
2025-05-27T12:00:00,4.561,6.633,3.744,0.243,0.042,0.064
2025-05-27T13:00:00,4.377,13.106,3.638,0.675,0.042,0.171
2025-05-27T14:00:00,3.735,13.137,3.680,0.053,0.041,0.179
2025-05-27T15:00:00,3.903,13.533,3.507,1.009,0.041,0.275
2025-05-27T16:00:00,2.695,11.979,3.452,1.449,0.040,0.081
2025-05-27T17:00:00,4.293,16.062,2.834,0.248,0.044,1.530
2025-05-27T18:00:00,3.339,18.484,3.112,0.902,0.475,1.906
2025-05-27T19:00:00,0.417,13.114,2.227,0.891,0.308,1.141
2025-05-27T20:00:00,0.000,13.072,1.541,0.238,2.520,0.423
2025-05-27T21:00:00,0.000,0.333,0.663,0.266,3.050,1.057
2025-05-27T22:00:00,0.000,0.000,0.404,0.200,1.676,1.365
2025-05-27T23:00:00,0.000,0.000,0.451,0.052,0.054,0.068
2025-05-28T00:00:00,0.000,0.000,0.428,0.057,0.039,0.048
2025-05-28T01:00:00,0.000,0.000,0.328,0.059,0.039,0.049
2025-05-28T02:00:00,0.000,0.000,0.237,0.053,0.041,0.050
2025-05-28T03:00:00,0.000,0.000,0.282,0.056,0.039,0.051
2025-05-28T04:00:00,0.000,0.000,0.524,0.199,0.042,0.051
2025-05-28T05:00:00,0.000,0.080,0.383,0.359,0.041,0.051
2025-05-28T06:00:00,0.000,3.583,0.485,0.503,0.726,2.189
2025-05-28T07:00:00,0.000,6.903,0.439,0.725,0.882,1.719
2025-05-28T08:00:00,0.250,6.918,0.383,0.054,0.045,0.225
2025-05-28T09:00:00,0.967,7.542,0.606,0.054,0.039,0.082
2025-05-28T10:00:00,1.123,6.528,0.724,0.054,0.041,0.047
2025-05-28T11:00:00,2.304,5.443,3.226,0.980,0.039,0.048
2025-05-28T12:00:00,1.357,4.197,3.248,0.436,0.041,0.066
2025-05-28T13:00:00,2.538,19.187,3.123,0.055,0.043,0.159
2025-05-28T14:00:00,5.945,16.829,3.664,0.755,0.041,0.196
2025-05-28T15:00:00,6.542,5.547,3.700,0.271,0.042,0.068
2025-05-28T16:00:00,6.288,7.550,3.529,0.151,0.043,0.169
2025-05-28T17:00:00,6.269,7.624,3.785,0.197,2.062,0.434
2025-05-28T18:00:00,5.797,7.840,3.747,0.874,0.597,0.331
2025-05-28T19:00:00,1.194,7.411,3.506,0.195,0.366,0.936
2025-05-28T20:00:00,0.000,6.598,0.288,0.220,0.261,1.521
2025-05-28T21:00:00,0.000,2.167,0.265,0.254,0.568,0.379
2025-05-28T22:00:00,0.000,0.000,0.368,0.071,0.209,0.096
2025-05-28T23:00:00,0.000,0.000,0.485,0.055,0.042,0.049
2025-05-29T00:00:00,0.000,0.000,0.385,0.052,0.041,0.057
2025-05-29T01:00:00,0.000,0.000,0.391,0.056,0.042,0.051
2025-05-29T02:00:00,0.000,0.000,0.180,0.054,0.039,0.049
2025-05-29T03:00:00,0.000,0.000,0.265,0.053,0.039,0.049
2025-05-29T04:00:00,0.000,0.000,0.180,0.252,0.041,0.050
2025-05-29T05:00:00,0.000,0.000,0.397,0.091,0.042,0.048
2025-05-29T06:00:00,0.000,0.000,0.455,0.789,0.260,2.250
2025-05-29T07:00:00,0.000,2.321,0.288,0.849,1.303,1.622
2025-05-29T08:00:00,0.699,12.013,0.483,0.880,0.264,1.085
2025-05-29T09:00:00,3.503,16.163,0.534,0.692,0.187,0.048
2025-05-29T10:00:00,4.086,18.457,1.736,0.095,0.040,0.050
2025-05-29T11:00:00,1.385,12.253,3.652,0.278,0.041,0.048
2025-05-29T12:00:00,2.901,11.416,3.410,0.053,0.154,0.060
2025-05-29T13:00:00,4.097,14.307,3.439,0.054,0.039,0.131
2025-05-29T14:00:00,3.886,13.527,3.328,0.054,0.039,0.047
2025-05-29T15:00:00,4.106,11.980,2.887,0.404,0.187,0.185
2025-05-29T16:00:00,3.730,13.690,3.089,0.711,0.085,0.196
2025-05-29T17:00:00,3.210,14.200,3.645,1.220,0.134,0.236
2025-05-29T18:00:00,4.612,11.971,3.519,0.198,0.225,1.329
2025-05-29T19:00:00,1.053,9.144,3.168,0.069,0.292,1.232
2025-05-29T20:00:00,0.000,10.358,2.557,0.056,0.801,1.774
2025-05-29T21:00:00,0.000,3.674,0.905,0.244,0.399,1.240
2025-05-29T22:00:00,0.000,0.000,0.294,0.273,0.339,0.227
2025-05-29T23:00:00,0.000,0.000,0.466,0.137,0.103,0.113
2025-05-30T00:00:00,0.000,0.000,0.448,0.053,0.041,0.048
2025-05-30T01:00:00,0.000,0.000,0.368,0.055,0.041,0.057
2025-05-30T02:00:00,0.000,0.000,0.484,0.054,0.040,0.050
2025-05-30T03:00:00,0.000,0.000,0.483,0.056,0.040,0.050
2025-05-30T04:00:00,0.000,0.000,0.376,0.054,0.044,0.049
2025-05-30T05:00:00,0.000,0.000,0.415,0.294,0.040,0.047
2025-05-30T06:00:00,0.000,0.740,0.408,0.589,0.042,1.098
2025-05-30T07:00:00,0.000,3.750,0.496,0.630,0.387,1.141
2025-05-30T08:00:00,1.542,12.297,0.397,0.219,1.896,0.215
2025-05-30T09:00:00,4.115,15.035,0.539,0.054,0.101,0.084
2025-05-30T10:00:00,2.962,9.657,1.587,0.409,0.060,0.047
2025-05-30T11:00:00,3.789,7.767,3.382,1.280,0.042,0.048
2025-05-30T12:00:00,3.673,8.459,3.338,0.295,0.038,0.056
2025-05-30T13:00:00,3.742,8.867,3.106,0.614,0.420,0.049
2025-05-30T14:00:00,3.665,16.207,3.360,0.054,0.138,0.060
2025-05-30T15:00:00,2.877,19.277,3.063,0.394,2.099,0.133
2025-05-30T16:00:00,2.770,17.343,2.903,0.263,3.146,0.278
2025-05-30T17:00:00,3.713,14.647,3.122,0.054,0.834,0.067
2025-05-30T18:00:00,0.276,18.551,3.241,0.147,0.057,0.090
2025-05-30T19:00:00,0.065,11.533,2.829,0.487,0.242,0.335
2025-05-30T20:00:00,0.000,1.291,1.696,0.671,0.516,0.544
2025-05-30T21:00:00,0.000,0.595,0.220,0.372,0.485,1.367
2025-05-30T22:00:00,0.000,0.000,0.347,0.145,0.317,0.834
2025-05-30T23:00:00,0.000,0.000,0.383,0.055,0.108,0.196
2025-05-31T00:00:00,0.000,0.000,0.513,0.056,0.041,0.082
2025-05-31T01:00:00,0.000,0.000,0.482,0.053,0.041,0.055
2025-05-31T02:00:00,0.000,0.000,0.496,0.054,0.039,0.048
2025-05-31T03:00:00,0.000,0.000,0.394,0.077,0.039,0.051
2025-05-31T04:00:00,0.000,0.000,0.496,0.189,0.037,0.047
2025-05-31T05:00:00,0.000,0.000,0.394,0.094,0.041,0.058
2025-05-31T06:00:00,0.000,0.799,0.496,0.630,0.748,0.046
2025-05-31T07:00:00,0.000,7.089,0.394,0.706,0.181,1.194
2025-05-31T08:00:00,0.000,7.761,0.496,0.230,0.750,0.773
2025-05-31T09:00:00,0.000,8.350,1.501,0.504,0.172,1.810
2025-05-31T10:00:00,0.000,7.604,3.183,0.122,0.063,1.303
2025-05-31T11:00:00,0.000,8.486,3.697,0.058,1.106,2.818
2025-05-31T12:00:00,0.000,6.602,3.532,0.056,0.051,2.147
2025-05-31T13:00:00,0.000,8.440,3.391,0.054,0.157,2.476
2025-05-31T14:00:00,0.000,11.560,3.446,0.053,0.345,0.107
2025-05-31T15:00:00,0.000,10.267,3.820,1.672,0.040,1.243
2025-05-31T16:00:00,0.000,11.643,3.798,2.185,0.042,0.053
2025-05-31T17:00:00,0.000,13.712,3.596,0.293,0.057,0.549
2025-05-31T18:00:00,0.000,15.785,3.630,0.844,0.057,0.169
2025-05-31T19:00:00,0.000,14.714,2.620,0.701,0.102,0.257
2025-05-31T20:00:00,0.000,5.106,0.473,0.319,0.365,1.454
2025-05-31T21:00:00,0.000,1.423,0.282,0.190,0.498,0.473
2025-05-31T22:00:00,0.000,0.000,0.392,0.254,0.074,0.296
2025-05-31T23:00:00,0.000,0.000,0.362,0.120,0.042,0.084
2025-06-01T00:00:00,0.000,0.000,0.467,0.054,0.041,0.047
2025-06-01T01:00:00,0.000,0.000,0.461,0.054,0.039,0.047
2025-06-01T02:00:00,0.000,0.000,0.311,0.055,0.040,0.051
2025-06-01T03:00:00,0.000,0.000,0.440,0.053,0.039,0.052
2025-06-01T04:00:00,0.000,0.000,0.439,0.056,0.041,0.047
2025-06-01T05:00:00,0.000,0.700,0.451,0.209,0.040,0.050
2025-06-01T06:00:00,0.000,2.253,0.439,0.647,0.041,0.679
2025-06-01T07:00:00,0.000,6.370,0.451,0.523,0.727,0.518
2025-06-01T08:00:00,0.000,7.437,0.439,0.231,0.402,1.071
2025-06-01T09:00:00,0.000,6.150,0.461,0.054,0.446,1.387
2025-06-01T10:00:00,0.000,14.370,0.972,0.052,0.139,0.840
2025-06-01T11:00:00,0.000,18.780,3.056,0.149,0.689,1.774
2025-06-01T12:00:00,0.000,18.873,3.420,0.221,1.203,1.320
2025-06-01T13:00:00,0.000,18.407,3.559,0.723,0.076,0.288
2025-06-01T14:00:00,0.000,18.967,4.201,0.203,1.440,0.871
2025-06-01T15:00:00,0.000,18.457,2.648,0.056,0.891,2.051
2025-06-01T16:00:00,0.000,18.687,2.799,0.053,0.199,0.981
2025-06-01T17:00:00,0.000,18.217,2.694,0.056,0.043,0.163
2025-06-01T18:00:00,0.000,17.967,3.102,0.053,0.039,0.611
2025-06-01T19:00:00,0.000,4.930,1.439,0.495,0.071,0.605
2025-06-01T20:00:00,0.000,0.000,0.582,0.361,0.325,0.691
2025-06-01T21:00:00,0.000,6.500,0.383,0.254,0.441,1.260
2025-06-01T22:00:00,0.000,0.000,0.507,0.066,0.392,0.231
2025-06-01T23:00:00,0.000,0.000,0.383,0.054,0.061,0.047
2025-06-02T00:00:00,0.000,0.000,0.489,0.054,0.041,0.055
2025-06-02T01:00:00,0.000,0.000,0.420,0.055,0.041,0.051
2025-06-02T02:00:00,0.000,0.000,0.379,0.056,0.039,0.046
2025-06-02T03:00:00,0.000,0.000,0.197,0.078,0.039,0.055
2025-06-02T04:00:00,0.000,0.000,0.214,0.076,0.035,0.052
2025-06-02T05:00:00,0.000,0.000,0.295,0.090,0.039,0.049
2025-06-02T06:00:00,0.000,0.000,0.451,0.333,0.842,1.972
2025-06-02T07:00:00,0.000,0.087,0.473,0.420,0.396,1.955
2025-06-02T08:00:00,0.215,15.556,0.383,0.055,1.017,0.939
2025-06-02T09:00:00,1.958,8.584,0.507,0.636,0.038,0.049
2025-06-02T10:00:00,3.359,8.404,1.891,1.106,0.044,0.048
2025-06-02T11:00:00,3.426,17.727,3.258,1.812,0.043,0.049
2025-06-02T12:00:00,3.748,13.753,3.514,0.986,0.041,0.049
2025-06-02T13:00:00,4.877,14.280,3.342,0.643,0.041,0.054
2025-06-02T14:00:00,5.983,13.600,3.441,0.057,0.041,0.051
2025-06-02T15:00:00,4.583,13.680,3.074,0.055,0.040,0.047
2025-06-02T16:00:00,3.016,13.497,2.939,0.054,0.040,0.083
2025-06-02T17:00:00,5.822,14.180,2.899,0.053,0.407,5.119
2025-06-02T18:00:00,1.107,12.143,3.140,0.055,0.152,4.939
2025-06-02T19:00:00,0.000,11.697,2.027,0.642,2.113,0.947
2025-06-02T20:00:00,0.000,15.655,1.350,0.224,3.559,1.212
2025-06-02T21:00:00,0.000,1.000,0.636,0.284,1.941,1.657
2025-06-02T22:00:00,0.000,0.000,0.383,0.139,0.258,0.135
2025-06-02T23:00:00,0.000,0.000,0.368,0.056,0.042,0.047
2025-06-03T00:00:00,0.000,0.000,0.329,0.053,0.036,0.047
2025-06-03T01:00:00,0.000,0.000,0.397,0.054,0.043,0.048
2025-06-03T02:00:00,0.000,0.000,0.203,0.054,0.046,0.048
2025-06-03T03:00:00,0.000,0.000,0.468,0.050,0.041,0.051
2025-06-03T04:00:00,0.000,0.000,0.417,0.249,0.040,0.053
2025-06-03T05:00:00,0.000,0.000,0.473,0.074,0.042,0.053
2025-06-03T06:00:00,0.000,2.199,0.417,0.755,1.064,0.498
2025-06-03T07:00:00,0.000,12.494,0.473,0.725,2.074,1.343
2025-06-03T08:00:00,1.576,18.232,0.417,1.459,1.124,0.076
2025-06-03T09:00:00,3.685,13.870,0.473,0.303,0.043,0.049
2025-06-03T10:00:00,3.920,10.163,1.645,1.044,0.041,0.046
2025-06-03T11:00:00,4.975,9.344,3.517,0.945,0.041,0.058
2025-06-03T12:00:00,4.782,7.188,3.378,0.205,0.040,0.059
2025-06-03T13:00:00,5.243,8.000,3.777,1.183,0.037,0.084
2025-06-03T14:00:00,4.095,8.750,3.215,0.487,0.043,0.096
2025-06-03T15:00:00,3.943,8.727,3.333,0.289,0.041,0.056
2025-06-03T16:00:00,5.273,7.917,3.422,0.053,0.042,0.349
2025-06-03T17:00:00,5.723,7.855,3.192,0.057,0.038,1.461
2025-06-03T18:00:00,2.675,11.975,3.375,0.100,0.181,1.129
2025-06-03T19:00:00,0.000,12.098,2.824,1.323,0.306,3.626
2025-06-03T20:00:00,0.000,1.849,0.910,2.368,0.282,2.401
2025-06-03T21:00:00,0.000,0.012,0.530,0.523,0.278,2.143
2025-06-03T22:00:00,0.000,0.000,0.360,0.821,0.086,0.718
2025-06-03T23:00:00,0.000,0.000,0.530,0.053,0.041,0.047
2025-06-04T00:00:00,0.000,0.000,0.425,0.050,0.039,0.048
2025-06-04T01:00:00,0.000,0.000,0.323,0.054,0.041,0.058
2025-06-04T02:00:00,0.000,0.000,0.391,0.055,0.042,0.046
2025-06-04T03:00:00,0.000,0.000,0.283,0.056,0.046,0.050
2025-06-04T04:00:00,0.000,0.000,0.180,0.054,0.042,0.055
2025-06-04T05:00:00,0.000,0.000,0.265,0.098,0.040,0.049
2025-06-04T06:00:00,0.000,3.291,0.180,0.453,0.763,2.406
2025-06-04T07:00:00,1.083,11.976,0.265,0.610,1.194,0.735
2025-06-04T08:00:00,3.333,12.433,0.180,0.192,0.074,1.215
2025-06-04T09:00:00,1.903,12.676,2.223,0.056,0.041,0.047
2025-06-04T10:00:00,2.648,13.567,2.802,0.119,0.041,0.049
2025-06-04T11:00:00,3.322,12.445,3.249,0.206,0.041,0.049
2025-06-04T12:00:00,2.078,12.140,3.308,0.641,0.042,0.048
2025-06-04T13:00:00,5.259,12.633,3.788,0.054,0.042,0.068
2025-06-04T14:00:00,2.362,12.960,3.319,0.056,0.038,0.090
2025-06-04T15:00:00,3.456,14.383,3.556,0.989,0.043,0.069
2025-06-04T16:00:00,3.331,14.427,3.623,0.431,0.039,0.122
2025-06-04T17:00:00,6.463,7.043,2.888,0.573,0.076,0.432
2025-06-04T18:00:00,3.810,2.727,2.818,0.139,0.107,1.348
2025-06-04T19:00:00,1.374,3.254,1.268,0.298,0.723,0.807
2025-06-04T20:00:00,0.091,7.505,1.218,0.358,1.325,2.450
2025-06-04T21:00:00,0.000,3.659,0.436,0.450,0.486,0.448
2025-06-04T22:00:00,0.000,0.052,0.265,0.138,0.298,0.084
2025-06-04T23:00:00,0.000,0.000,0.294,0.055,0.106,0.057
2025-06-05T00:00:00,0.000,0.000,0.391,0.054,0.039,0.048
2025-06-05T01:00:00,0.000,0.000,0.443,0.053,0.042,0.047
2025-06-05T02:00:00,0.000,0.000,0.243,0.054,0.039,0.048
2025-06-05T03:00:00,0.000,0.000,0.432,0.054,0.042,0.054
2025-06-05T04:00:00,0.000,0.000,0.417,0.108,0.042,0.056
2025-06-05T05:00:00,0.000,0.000,0.468,0.075,0.040,0.049
2025-06-05T06:00:00,0.000,0.000,0.467,0.697,0.042,0.968
2025-06-05T07:00:00,0.000,1.709,0.288,0.559,0.824,0.499
2025-06-05T08:00:00,0.000,8.190,0.271,0.055,0.180,0.066
2025-06-05T09:00:00,2.856,10.132,1.454,0.055,0.041,0.047
2025-06-05T10:00:00,3.124,15.257,2.538,0.054,0.042,0.057
2025-06-05T11:00:00,3.230,14.265,3.557,0.052,0.041,0.048
2025-06-05T12:00:00,3.967,12.489,2.857,0.504,0.041,0.057
2025-06-05T13:00:00,3.606,12.423,2.831,2.058,0.039,0.119
2025-06-05T14:00:00,3.803,12.597,2.815,0.267,0.040,0.166
2025-06-05T15:00:00,3.777,10.757,2.618,0.054,0.041,0.092
2025-06-05T16:00:00,3.583,15.077,2.727,0.055,0.042,0.075
2025-06-05T17:00:00,4.199,16.580,1.813,0.056,0.040,0.200
2025-06-05T18:00:00,2.625,15.577,2.110,0.056,0.894,0.433
2025-06-05T19:00:00,0.000,11.953,2.349,0.853,0.342,3.515
2025-06-05T20:00:00,0.000,6.873,2.895,0.600,2.766,1.465
2025-06-05T21:00:00,0.000,13.310,1.385,0.189,2.728,1.231
2025-06-05T22:00:00,0.000,0.000,0.314,0.166,0.605,0.380
2025-06-05T23:00:00,0.000,0.000,0.265,0.054,0.318,0.083
2025-06-06T00:00:00,0.000,0.000,0.502,0.054,0.040,0.048
2025-06-06T01:00:00,0.000,0.000,0.408,0.055,0.042,0.053
2025-06-06T02:00:00,0.000,0.000,0.242,0.054,0.041,0.054
2025-06-06T03:00:00,0.000,0.000,0.334,0.056,0.039,0.049
2025-06-06T04:00:00,0.000,0.000,0.501,0.083,0.042,0.048
2025-06-06T05:00:00,0.000,0.000,0.417,0.255,0.039,0.047
2025-06-06T06:00:00,0.000,2.583,0.456,0.935,0.859,1.513
2025-06-06T07:00:00,0.000,10.858,0.214,0.242,0.512,1.109
2025-06-06T08:00:00,0.000,11.823,0.248,0.056,0.568,0.135
2025-06-06T09:00:00,0.679,11.927,0.226,0.055,0.041,0.050
2025-06-06T10:00:00,1.557,11.825,2.467,0.202,0.048,0.047
2025-06-06T11:00:00,5.783,13.000,3.391,0.751,0.040,0.047
2025-06-06T12:00:00,2.962,12.072,3.462,0.794,0.041,0.050
2025-06-06T13:00:00,3.159,8.047,3.442,0.172,0.041,0.085
2025-06-06T14:00:00,3.435,9.245,2.761,0.053,0.041,0.085
2025-06-06T15:00:00,3.790,14.011,2.888,0.054,0.041,0.585
2025-06-06T16:00:00,5.721,13.857,3.542,0.281,0.041,1.512
2025-06-06T17:00:00,5.795,11.227,3.173,0.294,0.121,1.365
2025-06-06T18:00:00,4.910,13.620,2.848,0.056,1.133,0.980
2025-06-06T19:00:00,0.363,10.600,3.324,0.202,0.238,0.775
2025-06-06T20:00:00,0.004,6.251,1.442,0.217,3.067,0.288
2025-06-06T21:00:00,0.000,0.471,0.345,0.463,2.891,0.443
2025-06-06T22:00:00,0.000,0.000,0.415,0.057,0.650,0.243
2025-06-06T23:00:00,0.000,0.000,0.426,0.055,0.037,0.052
2025-06-07T00:00:00,0.000,0.000,0.537,0.056,0.042,0.050
2025-06-07T01:00:00,0.000,0.000,0.484,0.054,0.042,0.047
2025-06-07T02:00:00,0.000,0.000,0.318,0.054,0.039,0.047
2025-06-07T03:00:00,0.000,0.000,0.490,0.056,0.041,0.048
2025-06-07T04:00:00,0.000,0.000,0.420,0.273,0.043,0.277
2025-06-07T05:00:00,0.000,0.000,0.471,0.212,0.039,1.055
2025-06-07T06:00:00,0.000,0.738,0.525,0.569,1.485,1.155
2025-06-07T07:00:00,0.000,3.215,0.569,0.576,2.096,0.176
2025-06-07T08:00:00,0.000,17.526,0.428,0.598,0.430,0.935
2025-06-07T09:00:00,0.000,17.655,0.428,0.533,1.060,1.183
2025-06-07T10:00:00,0.000,17.976,2.175,0.174,0.165,1.160
2025-06-07T11:00:00,0.000,18.012,3.777,0.251,1.178,2.351
2025-06-07T12:00:00,0.000,17.190,3.058,0.054,0.080,1.743
2025-06-07T13:00:00,0.000,17.940,2.922,0.171,0.046,1.048
2025-06-07T14:00:00,0.000,18.600,3.372,0.053,0.083,0.368
2025-06-07T15:00:00,0.000,15.043,3.210,0.317,0.085,0.087
2025-06-07T16:00:00,0.000,9.773,3.380,0.295,0.039,0.075
2025-06-07T17:00:00,0.000,12.790,3.168,0.269,0.224,1.121
2025-06-07T18:00:00,0.000,10.547,3.311,0.265,0.184,1.521
2025-06-07T19:00:00,0.000,12.262,3.211,0.054,0.044,0.903
2025-06-07T20:00:00,0.000,12.167,1.904,0.616,0.152,0.423
2025-06-07T21:00:00,0.000,2.124,0.470,0.350,0.257,0.531
2025-06-07T22:00:00,0.000,0.000,0.461,0.233,0.111,0.273
2025-06-07T23:00:00,0.000,0.000,0.337,0.053,0.042,0.047
2025-06-08T00:00:00,0.000,0.000,0.231,0.057,0.039,0.056
2025-06-08T01:00:00,0.000,0.000,0.312,0.056,0.041,0.052
2025-06-08T02:00:00,0.000,0.000,0.485,0.054,0.041,0.052
2025-06-08T03:00:00,0.000,0.000,0.405,0.055,0.031,0.050
2025-06-08T04:00:00,0.000,0.000,0.417,0.216,0.044,0.045
2025-06-08T05:00:00,0.000,0.000,0.515,0.254,0.041,0.053
2025-06-08T06:00:00,0.000,6.517,0.271,0.275,0.490,0.871
2025-06-08T07:00:00,0.000,2.319,0.358,0.533,0.734,0.161
2025-06-08T08:00:00,0.000,6.716,0.341,0.365,0.624,1.228
2025-06-08T09:00:00,0.000,10.126,0.686,0.193,0.824,1.391
2025-06-08T10:00:00,0.000,15.237,2.654,1.383,0.563,1.211
2025-06-08T11:00:00,0.000,12.666,3.328,0.767,0.040,2.210
2025-06-08T12:00:00,0.000,11.710,3.181,0.336,0.049,0.256
2025-06-08T13:00:00,0.000,12.885,3.070,0.054,1.213,1.153
2025-06-08T14:00:00,0.000,12.443,3.436,0.053,3.415,1.416
2025-06-08T15:00:00,0.000,13.822,3.135,0.311,2.158,0.358
2025-06-08T16:00:00,0.000,12.068,3.355,0.053,0.173,0.165
2025-06-08T17:00:00,0.000,14.192,3.459,0.221,0.399,0.254
2025-06-08T18:00:00,0.000,13.803,3.099,0.254,0.409,0.995
2025-06-08T19:00:00,0.000,5.537,1.950,0.290,0.752,0.646
2025-06-08T20:00:00,0.000,8.350,0.545,0.277,0.240,1.549
2025-06-08T21:00:00,0.000,13.157,0.248,0.265,0.207,0.457
2025-06-08T22:00:00,0.000,0.000,0.312,0.061,0.041,0.371
2025-06-08T23:00:00,0.000,0.000,0.358,0.054,0.037,0.295
2025-06-09T00:00:00,0.000,0.000,0.374,0.055,0.333,0.065
2025-06-09T01:00:00,0.000,0.000,0.403,0.049,0.097,0.052
2025-06-09T02:00:00,0.000,0.000,0.455,0.052,0.042,0.051
2025-06-09T03:00:00,0.000,0.000,0.518,0.058,0.044,0.049
2025-06-09T04:00:00,0.000,0.000,0.360,0.411,0.039,0.050
2025-06-09T05:00:00,0.000,0.000,0.530,0.416,0.043,0.047
2025-06-09T06:00:00,0.000,1.459,0.360,0.605,0.042,0.059
2025-06-09T07:00:00,0.708,2.584,0.519,0.639,0.036,1.911
2025-06-09T08:00:00,2.507,8.353,0.371,0.435,0.039,0.531
2025-06-09T09:00:00,2.847,15.711,0.493,0.163,1.186,0.281
2025-06-09T10:00:00,3.024,18.652,0.951,0.054,0.102,1.116
2025-06-09T11:00:00,5.777,13.632,2.741,1.791,0.399,1.205
2025-06-09T12:00:00,6.869,12.201,3.422,0.940,1.339,1.194
2025-06-09T13:00:00,6.006,14.016,3.760,0.443,0.088,0.179
2025-06-09T14:00:00,4.276,16.503,3.723,0.053,0.142,1.765
2025-06-09T15:00:00,5.174,16.753,3.733,0.059,0.075,1.001
2025-06-09T16:00:00,6.233,18.343,3.799,0.206,0.059,1.055
2025-06-09T17:00:00,6.107,16.894,3.612,1.356,0.346,0.899
2025-06-09T18:00:00,1.684,11.798,3.680,1.582,0.210,0.399
2025-06-09T19:00:00,0.137,10.823,3.613,0.585,0.121,1.049
2025-06-09T20:00:00,0.000,0.940,2.705,0.298,0.279,0.770
2025-06-09T21:00:00,0.000,0.000,1.449,0.255,0.524,0.398
2025-06-09T22:00:00,0.000,0.000,0.492,0.075,0.087,0.389
2025-06-09T23:00:00,0.000,0.000,0.402,0.054,0.041,0.308
2025-06-10T00:00:00,0.000,0.000,0.496,0.053,0.040,0.074
2025-06-10T01:00:00,0.000,0.000,0.379,0.057,0.042,0.052
2025-06-10T02:00:00,0.000,0.000,0.294,0.055,0.041,0.053
2025-06-10T03:00:00,0.000,0.000,0.300,0.101,0.039,0.047
2025-06-10T04:00:00,0.000,0.000,0.265,0.122,0.041,0.048
2025-06-10T05:00:00,0.000,0.000,0.208,0.093,0.040,0.051
2025-06-10T06:00:00,0.000,0.800,0.385,0.582,0.293,0.618
2025-06-10T07:00:00,0.000,9.816,0.364,0.561,0.654,1.540
2025-06-10T08:00:00,0.492,6.250,0.459,0.448,0.393,0.797
2025-06-10T09:00:00,1.210,5.437,0.752,0.054,0.047,0.057
2025-06-10T10:00:00,2.833,6.188,1.247,0.164,0.043,0.047
2025-06-10T11:00:00,4.128,4.343,2.911,0.633,0.037,0.047
2025-06-10T12:00:00,4.528,14.163,2.869,0.053,0.043,0.054
2025-06-10T13:00:00,4.308,9.402,3.481,0.269,0.153,0.097
2025-06-10T14:00:00,5.808,8.012,3.438,0.055,0.677,0.277
2025-06-10T15:00:00,5.513,11.947,3.001,0.208,0.039,0.118
2025-06-10T16:00:00,5.387,12.630,3.019,0.055,0.043,0.075
2025-06-10T17:00:00,4.284,11.630,2.970,0.054,0.060,0.126
2025-06-10T18:00:00,0.423,12.620,2.598,0.266,0.161,1.515
2025-06-10T19:00:00,0.187,11.802,2.889,0.890,0.247,2.198
2025-06-10T20:00:00,0.000,8.647,2.889,0.622,0.415,0.806
2025-06-10T21:00:00,0.000,14.800,1.653,0.434,0.361,0.877
2025-06-10T22:00:00,0.000,0.383,0.298,0.053,0.260,0.953
2025-06-10T23:00:00,0.000,0.000,0.214,0.054,0.164,0.053
2025-06-11T00:00:00,0.000,0.000,0.300,0.053,0.037,0.052
2025-06-11T01:00:00,0.000,0.000,0.259,0.056,0.043,0.054
2025-06-11T02:00:00,0.000,0.000,0.391,0.054,0.041,0.047
2025-06-11T03:00:00,0.000,0.000,0.466,0.112,0.041,0.050
2025-06-11T04:00:00,0.000,0.000,0.347,0.158,0.040,0.051
2025-06-11T05:00:00,0.000,0.000,0.356,0.387,0.043,0.130
2025-06-11T06:00:00,0.000,4.210,0.197,0.575,0.147,1.333
2025-06-11T07:00:00,0.000,11.544,0.527,0.599,0.833,1.548
2025-06-11T08:00:00,0.016,13.241,0.439,0.925,0.042,0.061
2025-06-11T09:00:00,0.241,14.367,0.817,0.054,0.042,0.055
2025-06-11T10:00:00,1.607,14.129,2.342,0.495,0.042,0.048
2025-06-11T11:00:00,2.480,11.276,3.342,1.268,0.041,0.047
2025-06-11T12:00:00,3.464,9.170,3.320,0.054,0.041,0.048
2025-06-11T13:00:00,3.793,12.945,3.817,0.754,0.039,0.053
2025-06-11T14:00:00,3.523,11.819,3.666,0.053,0.041,0.207
2025-06-11T15:00:00,3.667,19.573,3.531,0.053,0.050,0.285
2025-06-11T16:00:00,3.870,19.497,3.053,0.821,0.057,0.097
2025-06-11T17:00:00,3.585,19.157,3.207,0.065,0.522,0.120
2025-06-11T18:00:00,3.250,14.423,2.894,1.228,0.252,1.700
2025-06-11T19:00:00,4.462,9.903,1.223,0.567,3.008,1.336
2025-06-11T20:00:00,0.573,10.503,2.376,0.321,2.688,0.173
2025-06-11T21:00:00,0.000,0.480,0.993,0.308,0.529,0.293
2025-06-11T22:00:00,0.000,0.000,0.259,0.096,0.327,0.310
2025-06-11T23:00:00,0.000,0.000,0.397,0.053,0.127,0.106
2025-06-12T00:00:00,0.000,0.000,0.470,0.053,0.039,0.049
2025-06-12T01:00:00,0.000,0.000,0.483,0.056,0.042,0.046
2025-06-12T02:00:00,0.000,0.000,0.271,0.053,0.041,0.056
2025-06-12T03:00:00,0.000,0.000,0.191,0.085,0.042,0.048
2025-06-12T04:00:00,0.000,0.000,0.254,0.221,0.041,0.046
2025-06-12T05:00:00,0.000,0.000,0.208,0.090,0.077,0.053
2025-06-12T06:00:00,0.000,0.000,0.237,0.640,0.187,2.134
2025-06-12T07:00:00,0.000,0.450,0.225,0.059,0.766,1.595
2025-06-12T08:00:00,0.181,8.029,0.305,0.496,0.041,0.047
2025-06-12T09:00:00,0.533,9.502,1.729,0.272,0.042,0.052
2025-06-12T10:00:00,3.435,12.957,1.812,0.690,0.042,0.055
2025-06-12T11:00:00,3.349,13.577,3.078,0.291,0.041,0.047
2025-06-12T12:00:00,1.808,12.940,3.414,0.252,0.041,0.050
2025-06-12T13:00:00,5.738,13.381,3.157,0.055,0.041,0.071
2025-06-12T14:00:00,6.580,12.737,3.073,0.055,0.041,0.083
2025-06-12T15:00:00,6.745,12.466,3.045,0.100,0.041,0.171
2025-06-12T16:00:00,6.577,14.257,3.112,0.163,0.042,0.202
2025-06-12T17:00:00,6.763,11.957,3.112,0.525,0.094,0.076
2025-06-12T18:00:00,5.645,13.823,3.078,0.055,2.012,0.348
2025-06-12T19:00:00,5.023,10.512,2.131,0.238,1.333,3.035
2025-06-12T20:00:00,1.750,1.064,0.793,0.276,0.689,1.766
2025-06-12T21:00:00,0.000,0.883,0.530,0.596,0.434,1.423
2025-06-12T22:00:00,0.000,0.000,0.383,0.426,0.248,0.402
2025-06-12T23:00:00,0.000,0.000,0.566,0.056,0.042,0.122
2025-06-13T00:00:00,0.000,0.000,0.385,0.053,0.041,0.048
2025-06-13T01:00:00,0.000,0.000,0.525,0.053,0.040,0.048
2025-06-13T02:00:00,0.000,0.000,0.630,0.054,0.041,0.049
2025-06-13T03:00:00,0.000,0.000,0.382,0.056,0.041,0.055
2025-06-13T04:00:00,0.000,0.000,0.396,0.084,0.041,0.051
2025-06-13T05:00:00,0.000,0.583,0.507,0.316,0.042,0.045
2025-06-13T06:00:00,0.000,11.833,0.383,0.850,0.040,1.219
2025-06-13T07:00:00,0.000,15.794,0.507,0.632,0.741,1.561
2025-06-13T08:00:00,0.000,16.984,0.383,0.820,0.075,0.671
2025-06-13T09:00:00,1.687,17.273,0.352,0.658,0.041,0.092
2025-06-13T10:00:00,4.342,19.343,0.553,0.178,0.042,0.046
2025-06-13T11:00:00,4.607,15.710,3.223,0.054,0.040,0.056
2025-06-13T12:00:00,4.583,10.933,3.257,0.183,0.041,0.046
2025-06-13T13:00:00,4.866,6.773,3.524,0.382,0.040,0.047
2025-06-13T14:00:00,3.872,11.483,3.449,1.145,0.038,0.076
2025-06-13T15:00:00,3.887,11.160,3.770,0.709,0.038,0.093
2025-06-13T16:00:00,4.980,19.157,3.519,0.047,0.039,0.059
2025-06-13T17:00:00,5.710,7.016,3.082,0.112,0.040,0.428
2025-06-13T18:00:00,0.729,9.469,2.922,0.501,0.042,1.735
2025-06-13T19:00:00,0.071,13.000,3.015,0.055,0.310,1.673
2025-06-13T20:00:00,0.000,12.461,1.620,0.219,0.327,0.544
2025-06-13T21:00:00,0.000,3.320,0.636,0.268,0.449,2.263
2025-06-13T22:00:00,0.000,0.000,0.385,0.069,0.373,2.843
2025-06-13T23:00:00,0.000,0.000,0.530,0.056,0.043,1.522
2025-06-14T00:00:00,0.000,0.000,0.314,0.054,0.041,0.054
2025-06-14T01:00:00,0.000,0.000,0.460,0.049,0.040,0.049
2025-06-14T02:00:00,0.000,0.000,0.341,0.055,0.040,0.047
2025-06-14T03:00:00,0.000,0.000,0.259,0.059,0.039,0.046
2025-06-14T04:00:00,0.000,0.000,0.203,0.097,0.039,0.055
2025-06-14T05:00:00,0.000,0.000,0.225,0.091,0.039,0.050
2025-06-14T06:00:00,0.000,0.750,0.237,0.677,0.043,0.094
2025-06-14T07:00:00,0.000,5.751,0.191,0.590,0.897,1.069
2025-06-14T08:00:00,0.000,8.424,0.271,0.256,1.184,1.170
2025-06-14T09:00:00,0.000,7.593,1.619,0.053,1.569,2.358
2025-06-14T10:00:00,0.000,8.280,3.237,0.056,0.509,2.000
2025-06-14T11:00:00,0.000,7.988,4.092,0.054,1.558,3.168
2025-06-14T12:00:00,0.000,8.310,4.114,0.055,3.556,0.153
2025-06-14T13:00:00,0.000,7.894,3.224,0.056,3.173,0.212
2025-06-14T14:00:00,0.000,11.454,2.741,0.053,0.451,0.222
2025-06-14T15:00:00,0.000,8.571,2.827,0.056,0.039,0.587
2025-06-14T16:00:00,0.000,9.845,1.510,0.056,0.043,0.297
2025-06-14T17:00:00,0.000,16.710,2.564,0.056,0.163,4.636
2025-06-14T18:00:00,0.000,18.737,3.293,0.054,0.058,3.572
2025-06-14T19:00:00,0.000,12.909,2.780,0.702,0.392,1.304
2025-06-14T20:00:00,0.000,5.771,0.805,1.356,1.502,1.002
2025-06-14T21:00:00,0.000,1.830,0.191,0.273,0.552,0.903
2025-06-14T22:00:00,0.000,0.030,0.248,0.182,0.311,0.274
2025-06-14T23:00:00,0.000,0.000,0.440,0.136,0.066,0.088
2025-06-15T00:00:00,0.000,0.000,0.425,0.052,0.041,0.059
2025-06-15T01:00:00,0.000,0.000,0.391,0.055,0.042,0.047
2025-06-15T02:00:00,0.000,0.000,0.208,0.054,0.042,0.047
2025-06-15T03:00:00,0.000,0.000,0.259,0.056,0.042,0.049
2025-06-15T04:00:00,0.000,0.000,0.305,0.054,0.040,0.052
2025-06-15T05:00:00,0.000,0.000,0.259,0.054,0.040,0.068
2025-06-15T06:00:00,0.000,7.768,0.259,0.763,0.775,2.172
2025-06-15T07:00:00,0.000,1.137,0.294,0.554,0.718,0.862
2025-06-15T08:00:00,0.000,9.437,0.248,0.737,0.408,1.278
2025-06-15T09:00:00,0.000,18.739,0.224,1.094,0.357,1.391
2025-06-15T10:00:00,0.000,17.132,2.474,0.515,0.041,0.545
2025-06-15T11:00:00,0.000,18.141,3.604,1.321,1.217,1.399
2025-06-15T12:00:00,0.000,18.220,3.633,2.282,0.248,0.652
2025-06-15T13:00:00,0.000,17.713,3.477,0.090,0.855,0.330
2025-06-15T14:00:00,0.000,18.367,3.077,1.212,1.066,0.239
2025-06-15T15:00:00,0.000,14.928,3.757,0.057,0.110,0.642
2025-06-15T16:00:00,0.000,17.553,3.572,0.054,0.192,1.538
2025-06-15T17:00:00,0.000,18.515,3.303,0.054,0.152,0.479
2025-06-15T18:00:00,0.000,18.657,3.161,0.056,1.074,0.506
2025-06-15T19:00:00,0.000,17.827,3.056,0.055,0.238,1.122
2025-06-15T20:00:00,0.000,6.064,1.075,0.163,0.395,0.446
2025-06-15T21:00:00,0.000,1.380,0.391,0.178,0.539,0.528
2025-06-15T22:00:00,0.000,0.122,0.271,0.113,0.351,0.290
2025-06-15T23:00:00,0.000,0.000,0.352,0.053,0.050,0.061
2025-06-16T00:00:00,0.000,0.000,0.277,0.056,0.042,0.047
2025-06-16T01:00:00,0.000,0.000,0.430,0.053,0.042,0.053
2025-06-16T02:00:00,0.000,0.000,0.484,0.054,0.041,0.046
2025-06-16T03:00:00,0.000,0.000,0.557,0.055,0.039,0.055
2025-06-16T04:00:00,0.000,0.000,0.518,0.102,0.042,0.050
2025-06-16T05:00:00,0.000,0.000,0.394,0.089,0.039,0.049
2025-06-16T06:00:00,0.000,0.000,0.496,0.695,0.441,1.451
2025-06-16T07:00:00,0.000,8.367,0.360,0.625,0.850,1.204
2025-06-16T08:00:00,0.000,13.057,0.530,0.793,0.333,0.117
2025-06-16T09:00:00,0.240,10.370,0.779,0.700,0.041,0.052
2025-06-16T10:00:00,3.464,8.957,1.462,0.054,0.039,0.048
2025-06-16T11:00:00,3.860,6.713,2.643,0.628,0.042,0.049
2025-06-16T12:00:00,3.644,9.403,3.446,0.263,0.040,0.050
2025-06-16T13:00:00,3.553,14.257,3.244,0.567,0.040,0.136
2025-06-16T14:00:00,3.861,14.357,3.375,1.027,0.038,0.194
2025-06-16T15:00:00,3.915,13.685,3.206,0.055,0.041,0.115
2025-06-16T16:00:00,2.116,13.716,3.275,0.057,0.040,0.066
2025-06-16T17:00:00,1.773,12.440,3.148,0.053,0.042,1.398
2025-06-16T18:00:00,5.599,12.003,2.892,0.056,0.221,5.377
2025-06-16T19:00:00,4.486,11.320,2.882,0.481,0.436,2.508
2025-06-16T20:00:00,0.000,13.470,2.166,0.087,0.525,0.865
2025-06-16T21:00:00,0.000,9.594,0.405,0.178,0.642,0.614
2025-06-16T22:00:00,0.000,0.000,0.507,0.107,0.338,0.295
2025-06-16T23:00:00,0.000,0.000,0.322,0.056,0.047,0.064
2025-06-17T00:00:00,0.000,0.000,0.288,0.053,0.039,0.051
2025-06-17T01:00:00,0.000,0.000,0.507,0.054,0.039,0.047
2025-06-17T02:00:00,0.000,0.000,0.451,0.056,0.040,0.048
2025-06-17T03:00:00,0.000,0.000,0.439,0.054,0.040,0.052
2025-06-17T04:00:00,0.000,0.000,0.485,0.408,0.040,0.054
2025-06-17T05:00:00,0.000,0.000,0.405,0.254,0.042,0.058
2025-06-17T06:00:00,0.000,1.453,0.519,0.603,0.091,1.699
2025-06-17T07:00:00,2.917,2.053,0.371,0.561,0.860,1.319
2025-06-17T08:00:00,5.000,7.425,0.530,0.103,0.041,0.279
2025-06-17T09:00:00,5.480,8.515,0.388,0.218,0.042,0.129
2025-06-17T10:00:00,5.771,8.213,1.189,0.054,0.039,0.059
2025-06-17T11:00:00,4.034,10.587,2.695,0.218,0.045,0.045
2025-06-17T12:00:00,1.506,13.010,3.055,0.058,0.042,0.053
2025-06-17T13:00:00,1.396,12.177,2.975,1.385,0.038,0.156
2025-06-17T14:00:00,1.953,12.297,3.135,0.855,0.038,0.135
2025-06-17T15:00:00,2.997,14.620,3.069,0.568,0.040,0.196
2025-06-17T16:00:00,4.040,13.133,3.424,0.053,0.106,0.130
2025-06-17T17:00:00,3.737,12.865,2.914,0.062,1.655,0.685
2025-06-17T18:00:00,2.897,12.908,2.873,0.148,0.314,1.258
2025-06-17T19:00:00,1.417,12.285,2.901,0.669,2.399,1.469
2025-06-17T20:00:00,0.000,8.925,2.166,0.262,2.865,1.305
2025-06-17T21:00:00,0.000,0.000,0.358,0.355,2.075,0.672
2025-06-17T22:00:00,0.000,0.000,0.248,0.054,0.786,1.668
2025-06-17T23:00:00,0.000,0.000,0.197,0.056,0.039,0.085
2025-06-18T00:00:00,0.000,0.000,0.271,0.053,0.040,0.070
2025-06-18T01:00:00,0.000,0.000,0.477,0.054,0.046,0.047
2025-06-18T02:00:00,0.000,0.000,0.560,0.054,0.041,0.047
2025-06-18T03:00:00,0.000,0.000,0.473,0.138,0.041,0.049
2025-06-18T04:00:00,0.000,0.000,0.451,0.186,0.035,0.049
2025-06-18T05:00:00,0.000,0.000,0.405,0.092,0.060,0.060
2025-06-18T06:00:00,0.000,1.445,0.519,0.624,1.046,0.801
2025-06-18T07:00:00,0.000,5.213,0.383,0.622,0.884,1.512
2025-06-18T08:00:00,0.139,5.603,0.556,0.407,0.394,0.307
2025-06-18T09:00:00,0.630,5.953,1.147,0.464,0.040,0.053
2025-06-18T10:00:00,1.294,6.340,1.146,1.414,0.041,0.047
2025-06-18T11:00:00,3.338,5.305,2.860,0.268,0.039,0.053
2025-06-18T12:00:00,2.421,8.299,3.038,0.301,0.039,0.053
2025-06-18T13:00:00,3.943,18.103,2.961,1.808,0.039,0.085
2025-06-18T14:00:00,3.863,17.193,3.046,0.056,0.041,0.084
2025-06-18T15:00:00,3.443,18.921,3.393,0.421,0.039,0.061
2025-06-18T16:00:00,2.981,11.387,3.599,0.053,0.040,0.087
2025-06-18T17:00:00,3.909,11.864,3.328,0.051,0.069,1.420
2025-06-18T18:00:00,2.825,10.923,3.508,0.377,0.139,2.955
2025-06-18T19:00:00,2.667,13.116,2.984,1.677,1.861,0.843
2025-06-18T20:00:00,4.083,14.958,2.024,0.578,2.816,1.047
2025-06-18T21:00:00,0.000,12.903,1.025,0.832,1.629,0.104
2025-06-18T22:00:00,0.000,2.213,0.248,0.075,0.377,0.079
2025-06-18T23:00:00,0.000,0.000,0.214,0.055,0.230,0.056
2025-06-19T00:00:00,0.000,0.000,0.294,0.053,0.042,0.047
2025-06-19T01:00:00,0.000,0.000,0.496,0.061,0.040,0.048
2025-06-19T02:00:00,0.000,0.000,0.420,0.055,0.039,0.048
2025-06-19T03:00:00,0.000,0.000,0.512,0.053,0.042,0.048
2025-06-19T04:00:00,0.000,0.000,0.399,0.162,0.039,0.050
2025-06-19T05:00:00,0.000,0.000,0.659,0.291,0.041,0.062
2025-06-19T06:00:00,0.000,2.341,0.360,0.686,0.040,0.647
2025-06-19T07:00:00,0.000,7.337,0.507,0.754,0.670,1.447
2025-06-19T08:00:00,0.117,8.607,0.467,0.060,0.042,0.085
2025-06-19T09:00:00,1.146,7.609,0.552,0.053,0.042,0.055
2025-06-19T10:00:00,4.136,8.670,1.794,0.054,0.042,0.051
2025-06-19T11:00:00,3.020,9.034,3.378,0.187,0.037,0.047
2025-06-19T12:00:00,4.460,13.226,3.759,0.565,0.042,0.047
2025-06-19T13:00:00,3.977,10.563,3.526,0.052,0.041,0.057
2025-06-19T14:00:00,3.525,9.463,3.780,0.052,0.038,0.057
2025-06-19T15:00:00,3.323,10.340,3.343,0.934,0.042,0.139
2025-06-19T16:00:00,5.414,13.903,3.114,0.399,0.130,0.079
2025-06-19T17:00:00,6.280,15.690,3.019,0.743,0.104,0.175
2025-06-19T18:00:00,4.144,12.386,3.064,0.635,0.068,1.266
2025-06-19T19:00:00,2.971,14.406,2.992,0.053,0.214,1.124
2025-06-19T20:00:00,0.000,0.550,0.819,0.111,0.484,2.392
2025-06-19T21:00:00,0.000,0.000,0.386,0.168,0.465,1.036
2025-06-19T22:00:00,0.000,0.000,0.425,0.148,0.101,0.203
2025-06-19T23:00:00,0.000,0.000,0.197,0.054,0.039,0.084
2025-06-20T00:00:00,0.000,0.000,0.391,0.054,0.041,0.046
2025-06-20T01:00:00,0.000,0.000,0.373,0.054,0.041,0.048
2025-06-20T02:00:00,0.000,0.000,0.317,0.050,0.042,0.050
2025-06-20T03:00:00,0.000,0.000,0.414,0.054,0.034,0.058
2025-06-20T04:00:00,0.000,0.000,0.391,0.271,0.041,0.050
2025-06-20T05:00:00,0.000,0.000,0.385,0.082,0.041,0.048
2025-06-20T06:00:00,0.000,3.575,0.220,0.484,0.908,1.817
2025-06-20T07:00:00,0.000,6.721,0.439,0.220,0.527,1.905
2025-06-20T08:00:00,0.290,9.422,0.415,0.532,0.511,0.056
2025-06-20T09:00:00,0.797,7.030,1.473,0.175,0.049,0.051
2025-06-20T10:00:00,2.516,12.120,1.805,0.053,0.041,0.049
2025-06-20T11:00:00,3.965,8.220,3.462,0.268,0.042,0.050
2025-06-20T12:00:00,6.043,8.913,3.237,1.109,0.041,0.046
2025-06-20T13:00:00,6.415,7.710,3.965,0.744,0.042,0.084
2025-06-20T14:00:00,6.438,11.447,3.362,0.485,0.045,0.068
2025-06-20T15:00:00,5.810,14.793,3.485,0.054,0.036,0.055
2025-06-20T16:00:00,6.753,18.382,3.211,0.056,0.394,0.047
2025-06-20T17:00:00,4.615,18.894,3.262,0.080,1.081,0.263
2025-06-20T18:00:00,0.529,18.015,3.249,0.194,0.371,2.048
2025-06-20T19:00:00,0.381,16.249,3.191,0.162,2.938,1.352
2025-06-20T20:00:00,0.064,8.370,1.789,0.370,3.186,0.818
2025-06-20T21:00:00,0.000,8.343,0.904,0.344,1.732,1.213
2025-06-20T22:00:00,0.000,1.000,0.379,0.120,0.841,0.361
2025-06-20T23:00:00,0.000,0.000,0.379,0.055,0.042,0.071
2025-06-21T00:00:00,0.000,0.000,0.449,0.053,0.041,0.047
2025-06-21T01:00:00,0.000,0.000,0.449,0.056,0.039,0.048
2025-06-21T02:00:00,0.000,0.000,0.392,0.054,0.041,0.049
2025-06-21T03:00:00,0.000,0.000,0.530,0.174,0.043,0.055
2025-06-21T04:00:00,0.000,0.000,0.360,0.254,0.040,0.047
2025-06-21T05:00:00,0.000,0.000,0.530,0.463,0.039,0.049
2025-06-21T06:00:00,0.000,0.000,0.394,0.651,0.044,0.059
2025-06-21T07:00:00,0.000,10.683,0.450,0.082,0.950,1.166
2025-06-21T08:00:00,0.000,16.387,0.358,0.509,0.214,2.322
2025-06-21T09:00:00,0.000,15.123,0.438,0.225,1.796,1.545
2025-06-21T10:00:00,0.000,9.140,0.828,0.277,0.070,1.256
2025-06-21T11:00:00,0.000,10.240,3.427,0.055,1.148,2.845
2025-06-21T12:00:00,0.000,15.707,3.238,0.098,0.075,1.592
2025-06-21T13:00:00,0.000,16.707,2.991,0.539,0.202,0.998
2025-06-21T14:00:00,0.000,17.490,3.032,0.056,0.224,0.600
2025-06-21T15:00:00,0.000,17.447,3.103,1.449,0.139,0.395
2025-06-21T16:00:00,0.000,17.490,3.001,0.637,0.536,0.421
2025-06-21T17:00:00,0.000,17.090,3.036,0.924,0.344,0.170
2025-06-21T18:00:00,0.000,16.690,3.259,0.072,0.181,3.672
2025-06-21T19:00:00,0.000,17.417,3.665,0.113,0.198,3.235
2025-06-21T20:00:00,0.000,2.560,1.012,0.521,0.769,0.464
2025-06-21T21:00:00,0.000,1.062,0.371,0.192,0.519,2.222
2025-06-21T22:00:00,0.000,0.252,0.519,0.196,0.386,0.348
2025-06-21T23:00:00,0.000,0.000,0.467,0.097,0.041,0.172
2025-06-22T00:00:00,0.000,0.000,0.537,0.054,0.041,0.050
2025-06-22T01:00:00,0.000,0.000,0.356,0.056,0.041,0.050
2025-06-22T02:00:00,0.000,0.000,0.306,0.054,0.040,0.052
2025-06-22T03:00:00,0.000,0.000,0.461,0.053,0.042,0.054
2025-06-22T04:00:00,0.000,0.000,0.541,0.056,0.041,0.050
2025-06-22T05:00:00,0.000,0.000,0.383,0.075,0.039,0.050
2025-06-22T06:00:00,0.000,0.000,0.400,0.073,0.837,0.966
2025-06-22T07:00:00,0.000,2.600,0.456,0.067,0.603,1.252
2025-06-22T08:00:00,0.000,17.763,0.383,0.752,0.485,0.224
2025-06-22T09:00:00,0.000,17.146,0.541,0.060,0.405,0.446
2025-06-22T10:00:00,0.000,17.709,1.306,0.497,0.417,0.252
2025-06-22T11:00:00,0.000,18.521,2.932,1.251,1.163,0.259
2025-06-22T12:00:00,0.000,18.751,3.351,0.238,0.068,0.114
2025-06-22T13:00:00,0.000,17.567,3.499,0.530,0.745,0.145
2025-06-22T14:00:00,0.000,18.007,3.359,0.297,0.609,0.896
2025-06-22T15:00:00,0.000,14.627,3.364,0.053,0.042,1.457
2025-06-22T16:00:00,0.000,13.257,3.463,0.049,0.430,0.437
2025-06-22T17:00:00,0.000,12.771,3.308,0.053,0.157,0.753
2025-06-22T18:00:00,0.000,17.012,3.124,0.055,0.203,4.155
2025-06-22T19:00:00,0.000,13.923,3.232,0.144,0.205,3.470
2025-06-22T20:00:00,0.000,3.830,2.780,0.288,0.244,0.895
2025-06-22T21:00:00,0.000,0.000,0.466,0.234,0.116,0.502
2025-06-22T22:00:00,0.000,0.000,0.385,0.055,0.257,0.359
2025-06-22T23:00:00,0.000,0.000,0.461,0.057,0.087,0.046
2025-06-23T00:00:00,0.000,0.000,0.548,0.053,0.040,0.050
2025-06-23T01:00:00,0.000,0.000,0.484,0.053,0.043,0.054
2025-06-23T02:00:00,0.000,0.000,0.407,0.055,0.041,0.052
2025-06-23T03:00:00,0.000,0.000,0.300,0.056,0.039,0.047
2025-06-23T04:00:00,0.000,0.000,0.265,0.169,0.042,0.048
2025-06-23T05:00:00,0.000,0.000,0.191,0.327,0.040,0.051
2025-06-23T06:00:00,0.000,0.000,0.254,0.710,0.040,1.691
2025-06-23T07:00:00,0.000,2.467,0.208,0.600,0.823,1.436
2025-06-23T08:00:00,0.000,4.277,0.220,0.761,0.037,0.050
2025-06-23T09:00:00,3.189,12.680,0.249,0.607,0.043,0.051
2025-06-23T10:00:00,3.816,7.582,0.846,0.186,0.042,0.055
2025-06-23T11:00:00,3.735,12.710,2.052,0.076,0.038,0.050
2025-06-23T12:00:00,3.780,13.979,2.771,0.054,0.042,0.049
2025-06-23T13:00:00,4.248,13.706,3.655,0.220,0.042,0.051
2025-06-23T14:00:00,3.718,14.060,3.538,0.568,0.039,0.059
2025-06-23T15:00:00,3.862,14.382,3.364,0.120,0.041,0.126
2025-06-23T16:00:00,4.917,12.141,3.170,0.056,0.041,0.451
2025-06-23T17:00:00,3.538,13.269,3.222,0.053,0.043,1.805
2025-06-23T18:00:00,1.277,13.127,3.480,0.703,0.422,0.937
2025-06-23T19:00:00,0.435,11.527,2.935,0.053,1.438,1.604
2025-06-23T20:00:00,0.000,10.116,0.687,0.279,2.697,0.452
2025-06-23T21:00:00,0.000,5.600,0.507,0.876,1.663,1.481
2025-06-23T22:00:00,0.000,0.167,0.383,0.060,0.286,0.597
2025-06-23T23:00:00,0.000,0.000,0.530,0.055,0.044,0.189
2025-06-24T00:00:00,0.000,0.000,0.365,0.055,0.042,0.046
2025-06-24T01:00:00,0.000,0.000,0.443,0.056,0.041,0.047
2025-06-24T02:00:00,0.000,0.000,0.530,0.053,0.039,0.057
2025-06-24T03:00:00,0.000,0.000,0.454,0.055,0.041,0.048
2025-06-24T04:00:00,0.000,0.000,0.307,0.259,0.041,0.047
2025-06-24T05:00:00,0.000,0.000,0.180,0.132,0.040,0.051
2025-06-24T06:00:00,0.000,0.118,0.259,0.662,0.752,1.216
2025-06-24T07:00:00,1.250,4.899,0.197,0.072,0.997,1.188
2025-06-24T08:00:00,2.739,13.876,0.998,0.533,0.411,0.047
2025-06-24T09:00:00,1.326,9.253,2.080,0.444,0.060,0.048
2025-06-24T10:00:00,3.097,15.240,3.351,0.225,0.042,0.049
2025-06-24T11:00:00,6.386,10.857,3.539,0.291,0.039,0.050
2025-06-24T12:00:00,3.127,11.727,3.484,1.267,0.041,0.056
2025-06-24T13:00:00,4.831,9.175,3.520,1.676,0.041,0.061
2025-06-24T14:00:00,6.103,8.787,3.435,0.699,0.040,0.073
2025-06-24T15:00:00,5.979,9.593,3.463,0.055,0.039,0.050
2025-06-24T16:00:00,5.840,14.766,3.327,0.809,0.039,0.050
2025-06-24T17:00:00,1.145,14.020,3.702,1.341,0.045,0.796
2025-06-24T18:00:00,0.213,13.379,2.833,0.055,1.296,2.255
2025-06-24T19:00:00,0.000,13.907,1.108,0.052,0.190,0.552
2025-06-24T20:00:00,0.000,3.775,0.732,0.181,0.348,0.508
2025-06-24T21:00:00,0.000,0.308,0.242,0.444,0.336,0.489
2025-06-24T22:00:00,0.000,0.000,0.180,0.129,0.330,0.436
2025-06-24T23:00:00,0.000,0.000,0.259,0.054,0.041,0.301
2025-06-25T00:00:00,0.000,0.000,0.341,0.054,0.040,0.048
2025-06-25T01:00:00,0.000,0.000,0.277,0.053,0.039,0.049
2025-06-25T02:00:00,0.000,0.000,0.525,0.054,0.041,0.048
2025-06-25T03:00:00,0.000,0.000,0.360,0.056,0.039,0.049
2025-06-25T04:00:00,0.000,0.000,0.530,0.062,0.042,0.053
2025-06-25T05:00:00,0.000,0.326,0.483,0.075,0.041,0.048
2025-06-25T06:00:00,0.000,1.682,0.420,0.681,0.575,1.176
2025-06-25T07:00:00,0.917,10.594,0.530,0.721,0.670,1.172
2025-06-25T08:00:00,1.083,16.583,0.360,0.656,0.741,0.099
2025-06-25T09:00:00,2.417,6.254,1.442,0.169,0.039,0.053
2025-06-25T10:00:00,5.003,8.990,1.927,0.207,0.040,0.053
2025-06-25T11:00:00,6.040,12.006,3.780,0.911,0.039,0.046
2025-06-25T12:00:00,6.074,11.960,3.107,0.972,0.041,0.050
2025-06-25T13:00:00,4.627,18.247,3.363,0.053,0.041,0.050
2025-06-25T14:00:00,4.237,18.293,3.103,0.269,0.039,0.057
2025-06-25T15:00:00,6.687,16.820,3.048,0.052,0.042,0.082
2025-06-25T16:00:00,6.800,16.510,3.192,0.056,0.047,0.069
2025-06-25T17:00:00,4.941,15.433,2.418,0.055,0.041,0.067
2025-06-25T18:00:00,1.749,9.518,2.018,0.261,0.055,1.969
2025-06-25T19:00:00,0.851,11.547,1.604,0.073,0.096,1.789
2025-06-25T20:00:00,0.000,4.085,2.478,0.056,0.258,1.289
2025-06-25T21:00:00,0.000,1.467,1.184,0.362,0.420,0.510
2025-06-25T22:00:00,0.000,0.000,0.507,0.827,0.189,0.320
2025-06-25T23:00:00,0.000,0.000,0.388,0.053,0.039,0.082
2025-06-26T00:00:00,0.000,0.000,0.197,0.055,0.041,0.049
2025-06-26T01:00:00,0.000,0.000,0.386,0.051,0.039,0.050
2025-06-26T02:00:00,0.000,0.000,0.426,0.056,0.043,0.048
2025-06-26T03:00:00,0.000,0.000,0.502,0.053,0.039,0.049
2025-06-26T04:00:00,0.000,0.000,0.426,0.101,0.039,0.052
2025-06-26T05:00:00,0.000,0.298,0.271,0.209,0.039,0.051
2025-06-26T06:00:00,0.000,6.131,0.489,0.559,0.801,1.231
2025-06-26T07:00:00,1.875,8.699,0.485,0.296,0.501,0.261
2025-06-26T08:00:00,2.274,7.680,0.448,0.828,0.143,1.089
2025-06-26T09:00:00,0.285,8.670,1.795,0.060,0.042,0.050
2025-06-26T10:00:00,1.277,4.511,3.524,0.054,0.038,0.056
2025-06-26T11:00:00,3.217,1.576,3.385,0.213,0.041,0.047
2025-06-26T12:00:00,1.951,4.185,3.560,0.331,0.045,0.047
2025-06-26T13:00:00,3.071,8.533,3.270,1.278,0.039,0.049
2025-06-26T14:00:00,5.847,6.937,3.390,0.361,0.039,0.084
2025-06-26T15:00:00,5.972,6.843,3.188,0.854,0.046,0.082
2025-06-26T16:00:00,6.711,6.060,3.357,0.054,0.042,0.059
2025-06-26T17:00:00,6.127,7.876,3.259,0.919,0.035,0.513
2025-06-26T18:00:00,5.727,8.110,3.299,0.293,0.777,1.778
2025-06-26T19:00:00,3.443,8.081,1.333,1.003,0.683,1.414
2025-06-26T20:00:00,0.000,3.767,0.434,0.333,1.081,2.422
2025-06-26T21:00:00,0.000,2.210,0.231,0.255,0.221,0.474
2025-06-26T22:00:00,0.000,0.000,0.214,0.158,0.258,0.950
2025-06-26T23:00:00,0.000,0.000,0.450,0.058,0.065,0.055
2025-06-27T00:00:00,0.000,0.000,0.385,0.054,0.040,0.051
2025-06-27T01:00:00,0.000,0.000,0.379,0.053,0.041,0.045
2025-06-27T02:00:00,0.000,0.000,0.277,0.054,0.039,0.054
2025-06-27T03:00:00,0.000,0.000,0.265,0.049,0.044,0.046
2025-06-27T04:00:00,0.000,0.000,0.180,0.069,0.041,0.049
2025-06-27T05:00:00,0.000,0.500,0.265,0.074,0.038,0.050
2025-06-27T06:00:00,0.000,4.917,0.180,0.057,0.041,1.577
2025-06-27T07:00:00,0.000,9.837,0.265,0.600,0.775,1.649
2025-06-27T08:00:00,0.027,11.024,0.180,0.295,0.254,0.083
2025-06-27T09:00:00,2.900,12.204,0.330,1.412,0.040,0.066
2025-06-27T10:00:00,2.133,12.837,0.375,0.121,0.042,0.047
2025-06-27T11:00:00,2.254,6.983,2.932,0.056,0.040,0.047
2025-06-27T12:00:00,3.837,8.553,3.182,0.059,0.041,0.049
2025-06-27T13:00:00,6.959,9.927,3.283,0.988,0.039,0.047
2025-06-27T14:00:00,6.365,17.850,3.038,0.316,0.042,0.058
2025-06-27T15:00:00,5.500,11.109,3.101,1.094,0.038,0.284
2025-06-27T16:00:00,6.010,13.270,3.459,1.854,0.036,0.180
2025-06-27T17:00:00,5.452,11.286,3.355,1.378,0.041,1.932
2025-06-27T18:00:00,5.450,18.007,3.295,0.297,2.864,2.336
2025-06-27T19:00:00,0.350,18.452,3.026,0.193,2.325,0.868
2025-06-27T20:00:00,0.000,12.167,2.243,0.220,0.377,1.071
2025-06-27T21:00:00,0.000,0.500,0.208,0.510,1.694,0.465
2025-06-27T22:00:00,0.000,0.000,0.237,0.970,0.393,0.431
2025-06-27T23:00:00,0.000,0.000,0.226,0.052,0.206,0.278
2025-06-28T00:00:00,0.000,0.000,0.527,0.054,0.040,0.049
2025-06-28T01:00:00,0.000,0.000,0.484,0.054,0.042,0.047
2025-06-28T02:00:00,0.000,0.000,0.316,0.056,0.039,0.049
2025-06-28T03:00:00,0.000,0.000,0.255,0.054,0.040,0.050
2025-06-28T04:00:00,0.000,0.000,0.357,0.154,0.042,0.051
2025-06-28T05:00:00,0.000,0.250,0.363,0.250,0.527,0.073
2025-06-28T06:00:00,0.000,2.245,0.333,0.251,1.025,1.158
2025-06-28T07:00:00,0.000,3.010,0.271,0.587,0.614,1.227
2025-06-28T08:00:00,0.000,3.929,0.518,1.251,0.210,0.089
2025-06-28T09:00:00,0.000,13.053,0.400,0.867,0.608,0.120
2025-06-28T10:00:00,0.000,7.600,2.181,0.169,0.333,1.395
2025-06-28T11:00:00,0.000,13.628,3.355,0.053,1.534,1.160
2025-06-28T12:00:00,0.000,13.007,3.529,0.056,1.015,2.910
2025-06-28T13:00:00,0.000,13.471,3.420,0.056,0.871,1.258
2025-06-28T14:00:00,0.000,11.200,3.285,0.053,0.209,0.507
2025-06-28T15:00:00,0.000,12.759,3.299,0.054,0.153,2.423
2025-06-28T16:00:00,0.000,12.137,3.481,0.055,0.043,1.154
2025-06-28T17:00:00,0.000,13.163,3.466,0.055,0.042,1.094
2025-06-28T18:00:00,0.000,13.817,3.286,0.164,0.155,0.885
2025-06-28T19:00:00,0.000,13.603,1.615,0.719,0.139,0.489
2025-06-28T20:00:00,0.000,7.139,1.157,0.053,0.591,1.308
2025-06-28T21:00:00,0.000,1.483,0.326,0.162,0.519,0.237
2025-06-28T22:00:00,0.000,0.000,0.369,0.293,0.142,0.166
2025-06-28T23:00:00,0.000,0.000,0.323,0.139,0.050,0.063
2025-06-29T00:00:00,0.000,0.000,0.478,0.060,0.039,0.047
2025-06-29T01:00:00,0.000,0.000,0.543,0.056,0.039,0.048
2025-06-29T02:00:00,0.000,0.000,0.371,0.050,0.043,0.049
2025-06-29T03:00:00,0.000,0.000,0.471,0.050,0.039,0.047
2025-06-29T04:00:00,0.000,0.000,0.541,0.065,0.039,0.061
2025-06-29T05:00:00,0.000,0.192,0.383,0.074,0.048,0.051
2025-06-29T06:00:00,0.000,4.404,0.335,0.058,0.927,0.048
2025-06-29T07:00:00,0.000,5.244,0.293,0.350,0.066,1.233
2025-06-29T08:00:00,0.000,4.828,0.277,0.582,1.143,1.441
2025-06-29T09:00:00,0.000,8.518,0.317,0.419,2.657,0.546
2025-06-29T10:00:00,0.000,5.737,1.300,0.057,0.694,0.631
2025-06-29T11:00:00,0.000,8.133,2.684,0.213,1.174,1.394
2025-06-29T12:00:00,0.000,16.813,3.600,0.054,0.046,0.309
2025-06-29T13:00:00,0.000,17.227,3.505,0.229,2.545,2.492
2025-06-29T14:00:00,0.000,18.714,3.609,0.484,2.731,2.727
2025-06-29T15:00:00,0.000,18.132,3.340,0.456,0.680,0.620
2025-06-29T16:00:00,0.000,8.993,3.508,0.756,0.062,2.068
2025-06-29T17:00:00,0.000,10.563,2.973,0.460,0.182,1.597
2025-06-29T18:00:00,0.000,11.593,3.016,0.295,0.121,0.207
2025-06-29T19:00:00,0.000,3.861,2.140,0.069,0.159,0.643
2025-06-29T20:00:00,0.000,11.087,1.176,0.949,0.357,1.635
2025-06-29T21:00:00,0.000,11.530,0.254,0.173,0.300,0.467
2025-06-29T22:00:00,0.000,0.000,0.322,0.066,0.310,0.350
2025-06-29T23:00:00,0.000,0.000,0.368,0.053,0.042,0.084
2025-06-30T00:00:00,0.000,0.000,0.385,0.054,0.041,0.055
2025-06-30T01:00:00,0.000,0.000,0.537,0.052,0.042,0.049
2025-06-30T02:00:00,0.000,0.000,0.331,0.056,0.042,0.047
2025-06-30T03:00:00,0.000,0.000,0.376,0.055,0.040,0.050
2025-06-30T04:00:00,0.000,0.000,0.463,0.360,0.040,0.051
2025-06-30T05:00:00,0.000,0.002,0.461,0.261,0.040,0.051
2025-06-30T06:00:00,0.000,5.871,0.543,0.621,0.598,0.997
2025-06-30T07:00:00,0.000,5.287,0.503,0.655,1.031,1.045
2025-06-30T08:00:00,0.000,5.687,0.449,0.070,0.041,0.172
2025-06-30T09:00:00,2.434,7.894,1.254,0.433,0.040,0.052
2025-06-30T10:00:00,3.938,7.987,1.266,0.115,0.039,0.047
2025-06-30T11:00:00,4.060,8.627,3.186,0.053,0.039,0.047
2025-06-30T12:00:00,3.398,7.840,3.193,0.054,0.039,0.048
2025-06-30T13:00:00,3.846,8.103,3.150,0.188,0.040,0.048
2025-06-30T14:00:00,3.694,8.713,2.851,0.182,0.052,0.057
2025-06-30T15:00:00,3.953,4.045,2.608,0.053,0.173,0.045
2025-06-30T16:00:00,3.047,8.242,1.723,0.056,0.195,0.047
2025-06-30T17:00:00,3.661,4.127,2.572,0.053,1.398,0.082
2025-06-30T18:00:00,2.878,12.387,2.965,0.055,2.518,2.913
2025-06-30T19:00:00,0.333,13.857,2.647,0.229,1.577,5.777
2025-06-30T20:00:00,0.000,9.001,2.376,0.643,1.167,1.639
2025-06-30T21:00:00,0.000,1.200,0.297,0.283,0.445,1.019
2025-06-30T22:00:00,0.000,0.000,0.385,0.253,0.252,0.405
2025-06-30T23:00:00,0.000,0.000,0.438,0.181,0.040,0.047
2025-07-01T00:00:00,0.000,0.000,0.237,0.053,0.043,0.048
2025-07-01T01:00:00,0.000,0.000,0.420,0.054,0.041,0.047
2025-07-01T02:00:00,0.000,0.000,0.426,0.053,0.039,0.056
2025-07-01T03:00:00,0.000,0.000,0.322,0.056,0.041,0.048
2025-07-01T04:00:00,0.000,0.000,0.282,0.098,0.041,0.050
2025-07-01T05:00:00,0.000,0.019,0.248,0.254,0.042,0.289
2025-07-01T06:00:00,0.000,0.466,0.379,0.089,0.898,2.643
2025-07-01T07:00:00,0.000,3.199,0.289,0.201,0.713,1.352
2025-07-01T08:00:00,0.454,6.182,0.489,0.655,0.105,1.139
2025-07-01T09:00:00,3.315,11.040,0.661,0.380,0.041,0.060
2025-07-01T10:00:00,2.585,18.007,3.376,1.681,0.042,0.047
2025-07-01T11:00:00,3.353,18.447,3.695,0.730,0.042,0.053
2025-07-01T12:00:00,2.820,13.080,3.139,0.788,0.040,0.047
2025-07-01T13:00:00,3.250,12.293,3.359,0.056,0.041,0.048
2025-07-01T14:00:00,3.315,12.020,3.348,0.177,0.040,0.048
2025-07-01T15:00:00,4.650,14.673,3.091,0.162,0.041,0.080
2025-07-01T16:00:00,3.663,16.683,3.055,0.109,0.041,0.380
2025-07-01T17:00:00,3.415,16.517,3.396,0.148,0.131,1.457
2025-07-01T18:00:00,0.840,19.543,3.438,0.238,0.805,0.743
2025-07-01T19:00:00,0.000,11.333,3.375,0.293,0.245,0.164
2025-07-01T20:00:00,0.000,16.076,2.008,0.684,0.361,1.531
2025-07-01T21:00:00,0.000,8.669,0.372,0.275,0.428,0.484
2025-07-01T22:00:00,0.000,0.000,0.248,0.087,0.684,0.170
2025-07-01T23:00:00,0.000,0.000,0.369,0.046,0.040,0.051
2025-07-02T00:00:00,0.000,0.000,0.478,0.056,0.041,0.047
2025-07-02T01:00:00,0.000,0.000,0.449,0.054,0.039,0.047
2025-07-02T02:00:00,0.000,0.000,0.448,0.054,0.042,0.049
2025-07-02T03:00:00,0.000,0.000,0.530,0.056,0.042,0.056
2025-07-02T04:00:00,0.000,0.000,0.419,0.192,0.036,0.050
2025-07-02T05:00:00,0.000,0.000,0.403,0.256,0.038,0.051
2025-07-02T06:00:00,0.000,6.333,0.447,0.088,0.105,1.642
2025-07-02T07:00:00,0.000,6.916,0.485,0.755,0.847,2.052
2025-07-02T08:00:00,0.240,15.217,0.484,0.055,0.045,1.705
2025-07-02T09:00:00,0.362,18.670,0.867,0.053,0.042,0.047
2025-07-02T10:00:00,1.599,17.869,2.071,0.057,0.038,0.047
2025-07-02T11:00:00,3.455,17.965,3.188,0.056,0.042,0.054
2025-07-02T12:00:00,4.023,17.682,3.339,0.187,0.045,0.059
2025-07-02T13:00:00,6.307,19.543,3.253,0.053,0.043,0.084
2025-07-02T14:00:00,6.527,18.480,3.251,0.054,0.042,0.083
2025-07-02T15:00:00,6.357,18.787,3.239,0.056,0.037,0.051
2025-07-02T16:00:00,5.563,13.880,3.096,0.293,0.420,0.049
2025-07-02T17:00:00,5.092,13.240,3.855,0.295,0.231,0.158
2025-07-02T18:00:00,4.711,10.175,3.277,0.146,0.094,0.729
2025-07-02T19:00:00,1.625,6.142,3.072,0.111,4.678,2.832
2025-07-02T20:00:00,0.000,1.566,2.698,0.345,3.282,0.723
2025-07-02T21:00:00,0.000,1.353,1.081,0.340,1.018,1.235
2025-07-02T22:00:00,0.000,0.000,0.197,0.227,0.336,0.302
2025-07-02T23:00:00,0.000,0.000,0.329,0.053,0.094,0.282
2025-07-03T00:00:00,0.000,0.000,0.363,0.054,0.037,0.279
2025-07-03T01:00:00,0.000,0.000,0.442,0.054,0.042,0.239
2025-07-03T02:00:00,0.000,0.000,0.443,0.059,0.042,0.052
2025-07-03T03:00:00,0.000,0.000,0.370,0.095,0.040,0.054
2025-07-03T04:00:00,0.000,0.000,0.518,0.389,0.042,0.056
2025-07-03T05:00:00,0.000,0.000,0.259,0.221,0.041,0.049
2025-07-03T06:00:00,0.000,5.500,0.312,0.616,0.891,1.854
2025-07-03T07:00:00,0.000,5.083,0.357,0.645,0.770,2.374
2025-07-03T08:00:00,0.070,8.108,0.612,1.318,0.129,0.983
2025-07-03T09:00:00,3.017,10.897,2.380,0.646,0.041,0.210
2025-07-03T10:00:00,4.322,12.472,3.159,0.053,0.042,0.050
2025-07-03T11:00:00,6.561,18.456,2.995,0.058,0.040,0.047
2025-07-03T12:00:00,6.920,17.652,2.764,0.306,0.040,0.047
2025-07-03T13:00:00,4.321,17.758,3.136,2.207,0.040,0.071
2025-07-03T14:00:00,4.061,14.706,3.192,0.588,0.040,0.085
2025-07-03T15:00:00,3.347,17.303,2.708,0.054,0.039,0.061
2025-07-03T16:00:00,4.027,11.133,3.067,0.056,0.042,0.111
2025-07-03T17:00:00,4.487,12.252,2.967,0.194,0.976,0.198
2025-07-03T18:00:00,0.365,10.662,2.719,0.070,0.113,0.939
2025-07-03T19:00:00,0.034,11.752,2.527,0.054,0.343,1.685
2025-07-03T20:00:00,0.000,9.830,0.661,0.762,0.319,1.816
2025-07-03T21:00:00,0.000,0.950,0.271,0.410,0.444,0.733
2025-07-03T22:00:00,0.000,0.000,0.398,0.181,0.443,0.353
2025-07-03T23:00:00,0.000,0.000,0.237,0.054,0.113,0.171
2025-07-04T00:00:00,0.000,0.000,0.288,0.055,0.041,0.047
2025-07-04T01:00:00,0.000,0.000,0.403,0.054,0.044,0.047
2025-07-04T02:00:00,0.000,0.000,0.432,0.056,0.043,0.058
2025-07-04T03:00:00,0.000,0.000,0.231,0.049,0.041,0.048
2025-07-04T04:00:00,0.000,0.000,0.231,0.100,0.041,0.050
2025-07-04T05:00:00,0.000,0.000,0.197,0.090,0.040,0.060
2025-07-04T06:00:00,0.000,3.269,0.322,0.306,0.037,0.867
2025-07-04T07:00:00,0.000,6.083,0.220,0.690,0.733,1.454
2025-07-04T08:00:00,0.075,7.739,0.345,0.057,0.077,0.088
2025-07-04T09:00:00,1.802,8.217,0.779,0.736,0.041,0.080
2025-07-04T10:00:00,3.288,7.893,2.712,1.267,0.040,0.054
2025-07-04T11:00:00,3.420,5.793,3.312,0.119,0.041,0.048
2025-07-04T12:00:00,3.627,4.963,2.919,0.229,0.042,0.067
2025-07-04T13:00:00,3.366,8.453,3.038,0.422,0.047,0.086
2025-07-04T14:00:00,6.995,13.060,3.301,0.730,0.040,0.070
2025-07-04T15:00:00,6.816,10.133,3.400,0.848,0.042,0.247
2025-07-04T16:00:00,6.358,14.976,3.347,0.091,0.040,1.265
2025-07-04T17:00:00,2.663,17.290,3.687,0.227,0.037,0.239
2025-07-04T18:00:00,0.908,17.832,2.915,0.056,0.101,1.206
2025-07-04T19:00:00,0.649,17.891,2.617,0.098,0.253,2.906
2025-07-04T20:00:00,0.000,16.129,2.630,0.371,0.286,1.045
2025-07-04T21:00:00,0.000,3.917,1.849,0.237,0.276,2.826
2025-07-04T22:00:00,0.000,0.000,0.541,0.055,0.283,0.054
2025-07-04T23:00:00,0.000,0.000,0.419,0.053,0.182,0.049
2025-07-05T00:00:00,0.000,0.000,0.484,0.053,0.042,0.047
2025-07-05T01:00:00,0.000,0.000,0.489,0.055,0.041,0.046
2025-07-05T02:00:00,0.000,0.000,0.428,0.053,0.040,0.049
2025-07-05T03:00:00,0.000,0.000,0.496,0.089,0.039,0.052
2025-07-05T04:00:00,0.000,0.000,0.383,0.171,0.041,0.058
2025-07-05T05:00:00,0.000,0.000,0.541,0.331,0.039,0.047
2025-07-05T06:00:00,0.000,0.119,0.383,0.579,0.041,1.183
2025-07-05T07:00:00,0.000,4.372,0.473,0.641,0.894,0.701
2025-07-05T08:00:00,0.000,12.023,0.851,0.908,1.678,1.184
2025-07-05T09:00:00,0.000,12.864,2.414,1.475,0.920,2.443
2025-07-05T10:00:00,0.000,11.742,2.855,0.866,0.905,1.116
2025-07-05T11:00:00,0.000,9.717,2.909,0.054,1.331,3.728
2025-07-05T12:00:00,0.000,18.392,3.040,0.467,1.155,1.054
2025-07-05T13:00:00,0.000,18.228,3.308,1.074,0.087,0.149
2025-07-05T14:00:00,0.000,17.734,3.587,0.570,0.815,0.672
2025-07-05T15:00:00,0.000,17.450,3.632,0.629,2.794,0.234
2025-07-05T16:00:00,0.000,17.881,3.716,0.054,2.173,0.074
2025-07-05T17:00:00,0.000,12.540,3.669,0.056,0.162,0.186
2025-07-05T18:00:00,0.000,14.243,2.967,0.053,0.047,0.086
2025-07-05T19:00:00,0.000,15.481,2.799,0.054,1.765,0.325
2025-07-05T20:00:00,0.000,13.513,1.865,0.483,0.286,1.174
2025-07-05T21:00:00,0.000,3.381,0.254,0.169,0.752,0.512
2025-07-05T22:00:00,0.000,0.207,0.531,0.092,0.198,0.669
2025-07-05T23:00:00,0.000,0.000,0.385,0.053,0.056,0.051
2025-07-06T00:00:00,0.000,0.000,0.432,0.053,0.041,0.049
2025-07-06T01:00:00,0.000,0.000,0.294,0.056,0.042,0.047
2025-07-06T02:00:00,0.000,0.000,0.498,0.056,0.042,0.050
2025-07-06T03:00:00,0.000,0.000,0.259,0.053,0.043,0.049
2025-07-06T04:00:00,0.000,0.000,0.186,0.085,0.036,0.050
2025-07-06T05:00:00,0.000,0.000,0.438,0.228,0.036,0.086
2025-07-06T06:00:00,0.000,0.243,0.479,0.931,0.041,1.787
2025-07-06T07:00:00,0.000,2.610,0.373,0.615,0.903,0.546
2025-07-06T08:00:00,0.000,2.071,0.363,0.359,0.399,1.248
2025-07-06T09:00:00,0.000,7.109,1.223,0.774,0.363,1.717
2025-07-06T10:00:00,0.000,5.687,0.945,0.056,0.227,0.378
2025-07-06T11:00:00,0.000,9.983,3.080,0.468,1.047,1.641
2025-07-06T12:00:00,0.000,11.887,3.071,0.053,0.405,0.114
2025-07-06T13:00:00,0.000,13.211,3.191,0.055,1.178,1.340
2025-07-06T14:00:00,0.000,13.400,3.243,0.053,0.071,2.785
2025-07-06T15:00:00,0.000,12.992,3.622,0.054,0.092,2.224
2025-07-06T16:00:00,0.000,12.920,3.268,0.053,0.258,0.295
2025-07-06T17:00:00,0.000,12.691,3.324,0.054,0.339,0.401
2025-07-06T18:00:00,0.000,18.203,3.066,0.053,0.285,1.576
2025-07-06T19:00:00,0.000,18.293,1.148,0.158,0.733,1.139
2025-07-06T20:00:00,0.000,15.492,0.972,0.055,0.600,0.419
2025-07-06T21:00:00,0.000,0.000,0.661,0.789,0.461,0.412
2025-07-06T22:00:00,0.000,0.000,0.513,0.057,0.504,0.369
2025-07-06T23:00:00,0.000,0.000,0.443,0.056,0.187,0.095
2025-07-07T00:00:00,0.000,0.000,0.555,0.054,0.039,0.048
2025-07-07T01:00:00,0.000,0.000,0.563,0.056,0.041,0.051
2025-07-07T02:00:00,0.000,0.000,0.530,0.055,0.041,0.051
2025-07-07T03:00:00,0.000,0.000,0.360,0.054,0.042,0.048
2025-07-07T04:00:00,0.000,0.000,0.530,0.199,0.040,0.050
2025-07-07T05:00:00,0.000,0.000,0.371,0.477,0.042,0.055
2025-07-07T06:00:00,0.000,0.000,0.519,0.705,0.039,1.595
2025-07-07T07:00:00,1.500,7.917,0.405,0.519,0.774,1.579
2025-07-07T08:00:00,2.278,10.590,0.550,0.824,0.042,0.078
2025-07-07T09:00:00,3.829,12.504,0.643,0.290,0.042,0.049
2025-07-07T10:00:00,5.872,11.573,1.818,0.534,0.039,0.050
2025-07-07T11:00:00,3.712,18.174,2.498,0.053,0.039,0.047
2025-07-07T12:00:00,3.138,18.053,3.413,0.628,0.039,0.055
2025-07-07T13:00:00,3.047,18.037,3.315,0.054,0.040,0.064
2025-07-07T14:00:00,4.960,18.916,3.745,0.722,0.041,0.143
2025-07-07T15:00:00,3.813,18.310,3.898,0.248,0.043,0.191
2025-07-07T16:00:00,4.724,18.280,3.884,0.055,0.042,0.063
2025-07-07T17:00:00,4.128,13.347,3.838,0.056,0.040,0.157
2025-07-07T18:00:00,4.233,9.037,3.235,0.054,0.046,1.094
2025-07-07T19:00:00,0.000,11.103,2.612,0.227,0.179,1.260
2025-07-07T20:00:00,0.000,11.867,3.133,0.054,0.246,2.742
2025-07-07T21:00:00,0.000,1.833,1.372,0.367,0.440,0.462
2025-07-07T22:00:00,0.000,0.500,0.260,0.067,0.439,1.018
2025-07-07T23:00:00,0.000,0.000,0.458,0.054,0.227,0.051
2025-07-08T00:00:00,0.000,0.000,0.404,0.053,0.042,0.052
2025-07-08T01:00:00,0.000,0.000,0.518,0.048,0.041,0.054
2025-07-08T02:00:00,0.000,0.000,0.496,0.057,0.041,0.047
2025-07-08T03:00:00,0.000,0.000,0.477,0.109,0.040,0.048
2025-07-08T04:00:00,0.000,0.000,0.541,0.169,0.039,0.049
2025-07-08T05:00:00,0.000,0.000,0.383,0.101,0.039,0.049
2025-07-08T06:00:00,0.000,9.000,0.541,0.723,0.041,1.942
2025-07-08T07:00:00,0.000,10.000,0.383,0.507,0.896,1.156
2025-07-08T08:00:00,0.367,12.521,0.408,0.963,0.051,0.053
2025-07-08T09:00:00,0.747,10.720,0.496,0.867,0.042,0.047
2025-07-08T10:00:00,2.965,12.730,3.080,0.823,0.039,0.050
2025-07-08T11:00:00,4.460,3.411,3.414,0.311,0.039,0.056
2025-07-08T12:00:00,4.510,10.280,2.686,0.054,0.041,0.051
2025-07-08T13:00:00,6.127,14.129,2.980,1.012,0.040,0.048
2025-07-08T14:00:00,6.780,14.224,3.106,1.395,0.041,0.080
2025-07-08T15:00:00,6.800,14.267,2.959,1.507,0.038,0.053
2025-07-08T16:00:00,5.378,11.980,2.938,0.385,0.037,0.606
2025-07-08T17:00:00,5.431,11.392,2.959,0.188,0.422,1.192
2025-07-08T18:00:00,3.913,11.468,3.246,0.085,0.896,1.286
2025-07-08T19:00:00,0.977,15.897,2.208,0.056,3.055,2.230
2025-07-08T20:00:00,0.000,5.000,0.233,0.292,3.362,0.631
2025-07-08T21:00:00,0.000,6.000,0.242,0.254,0.556,1.956
2025-07-08T22:00:00,0.000,0.500,0.305,0.060,0.295,2.682
2025-07-08T23:00:00,0.000,0.000,0.334,0.054,0.038,0.856
2025-07-09T00:00:00,0.000,0.000,0.512,0.054,0.038,0.049
2025-07-09T01:00:00,0.000,0.000,0.438,0.056,0.041,0.047
2025-07-09T02:00:00,0.000,0.000,0.461,0.053,0.042,0.051
2025-07-09T03:00:00,0.000,0.000,0.418,0.055,0.043,0.058
2025-07-09T04:00:00,0.000,0.000,0.485,0.105,0.040,0.049
2025-07-09T05:00:00,0.000,0.000,0.444,0.531,0.042,0.052
2025-07-09T06:00:00,0.000,0.850,0.496,0.641,0.038,2.073
2025-07-09T07:00:00,0.000,6.780,0.470,0.434,1.121,1.302
2025-07-09T08:00:00,0.003,9.160,0.618,1.924,0.044,0.195
2025-07-09T09:00:00,3.755,8.154,2.683,0.561,0.041,0.053
2025-07-09T10:00:00,6.016,7.378,3.363,0.773,0.040,0.047
2025-07-09T11:00:00,5.781,7.250,3.317,1.871,0.041,0.049
2025-07-09T12:00:00,4.335,7.887,3.678,0.830,0.039,0.049
2025-07-09T13:00:00,5.033,10.243,3.426,0.054,0.039,0.050
2025-07-09T14:00:00,6.027,17.840,3.416,0.141,0.041,0.079
2025-07-09T15:00:00,5.857,17.603,3.012,0.164,0.041,0.055
2025-07-09T16:00:00,6.450,18.087,2.518,0.055,0.042,0.223
2025-07-09T17:00:00,5.462,14.417,2.617,0.139,0.050,2.585
2025-07-09T18:00:00,3.954,13.169,2.510,0.188,0.121,2.109
2025-07-09T19:00:00,0.000,7.495,2.265,0.056,0.171,1.674
2025-07-09T20:00:00,0.000,9.137,1.188,0.058,0.523,0.380
2025-07-09T21:00:00,0.000,1.628,0.458,0.382,0.436,2.902
2025-07-09T22:00:00,0.000,0.000,0.180,0.098,0.402,2.671
2025-07-09T23:00:00,0.000,0.000,0.271,0.054,0.038,0.913
2025-07-10T00:00:00,0.000,0.000,0.329,0.054,0.042,0.046
2025-07-10T01:00:00,0.000,0.000,0.294,0.056,0.041,0.047
2025-07-10T02:00:00,0.000,0.000,0.265,0.054,0.041,0.051
2025-07-10T03:00:00,0.000,0.000,0.382,0.047,0.034,0.054
2025-07-10T04:00:00,0.000,0.000,0.379,0.312,0.043,0.053
2025-07-10T05:00:00,0.000,3.167,0.180,0.102,0.044,0.047
2025-07-10T06:00:00,0.000,4.667,0.431,0.633,0.438,1.684
2025-07-10T07:00:00,0.000,7.403,0.439,0.614,0.455,1.507
2025-07-10T08:00:00,0.126,13.379,0.508,0.057,0.096,0.766
2025-07-10T09:00:00,0.512,12.157,3.079,0.055,0.056,0.072
2025-07-10T10:00:00,1.477,8.454,2.243,0.052,0.044,0.047
2025-07-10T11:00:00,3.927,6.924,2.986,0.680,0.046,0.048
2025-07-10T12:00:00,3.396,6.862,3.348,1.035,0.041,0.048
2025-07-10T13:00:00,4.513,11.774,3.398,0.258,0.041,0.081
2025-07-10T14:00:00,6.333,13.542,3.173,0.056,0.381,0.106
2025-07-10T15:00:00,4.339,12.693,3.178,0.250,0.041,0.185
2025-07-10T16:00:00,2.577,12.830,3.212,0.253,0.958,0.057
2025-07-10T17:00:00,4.827,13.997,2.955,0.184,0.422,0.459
2025-07-10T18:00:00,4.436,11.375,2.780,0.045,0.534,1.329
2025-07-10T19:00:00,3.172,13.736,2.505,0.056,0.169,0.238
2025-07-10T20:00:00,2.583,7.763,2.685,0.156,0.390,0.055
2025-07-10T21:00:00,0.000,1.000,0.618,0.910,0.434,0.048
2025-07-10T22:00:00,0.000,0.000,0.467,0.057,0.381,0.049
2025-07-10T23:00:00,0.000,0.000,0.592,0.053,0.042,0.053
2025-07-11T00:00:00,0.000,0.000,0.316,0.051,0.041,0.047
2025-07-11T01:00:00,0.000,0.000,0.518,0.056,0.042,0.047
2025-07-11T02:00:00,0.000,0.000,0.371,0.054,0.042,0.047
2025-07-11T03:00:00,0.000,0.000,0.519,0.061,0.040,0.052
2025-07-11T04:00:00,0.000,0.000,0.371,0.172,0.041,0.055
2025-07-11T05:00:00,0.000,0.000,0.519,0.407,0.041,0.057
2025-07-11T06:00:00,0.000,0.000,0.371,0.684,0.363,0.044
2025-07-11T07:00:00,0.083,1.119,0.519,0.591,0.780,0.053
2025-07-11T08:00:00,2.547,9.960,1.038,0.053,0.082,0.048
2025-07-11T09:00:00,4.547,13.483,2.119,0.054,0.047,0.050
2025-07-11T10:00:00,6.886,13.073,2.626,0.057,0.038,0.050
2025-07-11T11:00:00,2.118,14.022,3.592,0.248,0.039,0.047
2025-07-11T12:00:00,5.005,17.625,3.594,0.353,0.043,0.047
2025-07-11T13:00:00,3.693,18.095,3.481,0.055,0.043,0.048
2025-07-11T14:00:00,4.274,19.466,3.496,0.054,0.038,0.047
2025-07-11T15:00:00,5.665,19.360,3.298,0.182,0.038,0.059
2025-07-11T16:00:00,2.462,19.647,3.083,1.801,0.042,0.047
2025-07-11T17:00:00,3.549,20.053,2.805,2.084,0.039,0.047
2025-07-11T18:00:00,4.269,19.383,2.805,0.181,0.060,0.051
2025-07-11T19:00:00,0.787,14.126,2.282,0.079,1.016,0.049
2025-07-11T20:00:00,0.000,0.846,0.379,0.950,0.472,0.059
2025-07-11T21:00:00,0.000,0.000,0.362,0.286,0.531,0.047
2025-07-11T22:00:00,0.000,0.000,0.277,0.072,0.364,0.047
2025-07-11T23:00:00,0.000,0.000,0.225,0.057,0.251,0.048
2025-07-12T00:00:00,0.000,0.000,0.351,0.056,0.040,0.048
2025-07-12T01:00:00,0.000,0.000,0.473,0.054,0.039,0.049
2025-07-12T02:00:00,0.000,0.000,0.328,0.055,0.041,0.052
2025-07-12T03:00:00,0.000,0.000,0.468,0.054,0.042,0.052
2025-07-12T04:00:00,0.000,0.000,0.288,0.159,0.042,0.057
2025-07-12T05:00:00,0.000,0.000,0.368,0.102,0.041,0.047
2025-07-12T06:00:00,0.000,0.000,0.501,0.428,0.561,0.048
2025-07-12T07:00:00,0.000,6.921,0.483,0.756,0.461,0.048
2025-07-12T08:00:00,0.000,8.472,0.271,0.306,3.239,0.047
2025-07-12T09:00:00,0.000,13.698,0.283,0.432,2.629,0.056
2025-07-12T10:00:00,0.000,8.893,1.203,0.071,2.989,0.044
2025-07-12T11:00:00,0.000,5.060,2.188,0.048,2.094,0.046
2025-07-12T12:00:00,0.000,8.693,3.110,0.054,0.875,0.054
2025-07-12T13:00:00,0.000,18.510,3.235,0.054,0.629,0.047
2025-07-12T14:00:00,0.000,18.975,3.167,0.056,0.672,0.047
2025-07-12T15:00:00,0.000,18.164,3.399,0.055,3.168,0.045
2025-07-12T16:00:00,0.000,17.985,3.731,0.055,1.668,0.057
2025-07-12T17:00:00,0.000,18.685,3.542,0.260,0.159,0.047
2025-07-12T18:00:00,0.000,19.242,3.082,1.344,0.158,0.047
2025-07-12T19:00:00,0.000,18.702,1.886,1.862,0.163,0.048
2025-07-12T20:00:00,0.000,12.016,0.481,2.065,0.245,0.050
2025-07-12T21:00:00,0.000,3.558,0.458,0.910,0.407,0.061
2025-07-12T22:00:00,0.000,0.000,0.438,0.194,0.445,0.049
2025-07-12T23:00:00,0.000,0.000,0.388,0.137,0.298,0.048
2025-07-13T00:00:00,0.000,0.000,0.277,0.060,0.039,0.050
2025-07-13T01:00:00,0.000,0.000,0.356,0.056,0.039,0.047
2025-07-13T02:00:00,0.000,0.000,0.191,0.054,0.037,0.049
2025-07-13T03:00:00,0.000,0.000,0.420,0.056,0.042,0.049
2025-07-13T04:00:00,0.000,0.000,0.508,0.054,0.041,0.049
2025-07-13T05:00:00,0.000,0.352,0.383,0.091,0.039,0.052
2025-07-13T06:00:00,0.000,3.700,0.541,0.668,0.047,0.056
2025-07-13T07:00:00,0.000,7.494,0.383,0.697,0.610,0.047
2025-07-13T08:00:00,0.000,4.800,0.541,0.059,0.244,0.047
2025-07-13T09:00:00,0.000,6.647,0.383,0.054,0.840,0.047
2025-07-13T10:00:00,0.000,11.390,0.915,0.055,0.440,0.056
2025-07-13T11:00:00,0.000,12.230,2.825,0.252,1.370,0.050
2025-07-13T12:00:00,0.000,13.980,3.138,0.053,0.051,0.047
2025-07-13T13:00:00,0.000,13.513,3.419,0.054,0.039,0.048
2025-07-13T14:00:00,0.000,13.687,3.791,0.485,1.068,0.048
2025-07-13T15:00:00,0.000,10.363,3.551,0.122,0.082,0.047
2025-07-13T16:00:00,0.000,10.030,3.691,0.645,0.042,0.050
2025-07-13T17:00:00,0.000,18.980,3.544,0.053,0.048,0.050
2025-07-13T18:00:00,0.000,12.280,3.712,0.055,0.347,0.059
2025-07-13T19:00:00,0.000,12.259,3.477,0.516,0.310,0.050
2025-07-13T20:00:00,0.000,9.146,3.021,0.303,0.395,0.046
2025-07-13T21:00:00,0.000,6.429,0.259,0.173,0.292,0.049
2025-07-13T22:00:00,0.000,0.000,0.237,0.156,0.283,0.054
2025-07-13T23:00:00,0.000,0.000,0.254,0.053,0.080,0.047
2025-07-14T00:00:00,0.000,0.000,0.397,0.053,0.042,0.046
2025-07-14T01:00:00,0.000,0.000,0.495,0.053,0.041,0.058
2025-07-14T02:00:00,0.000,0.000,0.323,0.054,0.040,0.050
2025-07-14T03:00:00,0.000,0.000,0.265,0.056,0.041,0.048
2025-07-14T04:00:00,0.000,0.000,0.266,0.275,0.031,0.048
2025-07-14T05:00:00,0.000,0.917,0.487,0.134,0.042,0.047
2025-07-14T06:00:00,0.000,6.883,0.414,0.088,0.044,0.059
2025-07-14T07:00:00,0.000,8.706,0.242,0.590,0.903,0.049
2025-07-14T08:00:00,0.261,8.917,0.427,0.120,0.043,0.047
2025-07-14T09:00:00,1.275,11.087,1.154,0.056,0.041,0.050
2025-07-14T10:00:00,4.050,13.530,3.041,0.057,0.042,0.047
2025-07-14T11:00:00,3.950,10.770,3.463,0.291,0.039,0.047
2025-07-14T12:00:00,3.498,8.047,3.592,1.279,0.039,0.055
2025-07-14T13:00:00,3.910,8.218,3.574,1.207,0.039,0.046
2025-07-14T14:00:00,4.107,8.519,3.742,0.761,0.042,0.045
2025-07-14T15:00:00,3.411,8.800,2.945,0.620,0.042,0.054
2025-07-14T16:00:00,1.733,10.776,3.050,0.054,0.426,0.051
2025-07-14T17:00:00,3.430,12.190,2.970,0.053,0.221,0.047
2025-07-14T18:00:00,2.639,11.901,3.186,0.053,0.820,0.047
2025-07-14T19:00:00,0.000,13.276,3.531,0.156,3.044,0.048
2025-07-14T20:00:00,0.000,3.350,0.927,0.153,2.689,0.059
2025-07-14T21:00:00,0.000,0.000,0.197,1.096,0.476,0.049
2025-07-14T22:00:00,0.000,0.000,0.248,0.171,0.315,0.047
2025-07-14T23:00:00,0.000,0.000,0.180,0.055,0.041,0.048
2025-07-15T00:00:00,0.000,0.000,0.340,0.054,0.039,0.057
2025-07-15T01:00:00,0.000,0.000,0.397,0.056,0.041,0.046
2025-07-15T02:00:00,0.000,0.000,0.186,0.054,0.041,0.047
2025-07-15T03:00:00,0.000,0.000,0.467,0.056,0.041,0.051
2025-07-15T04:00:00,0.000,0.000,0.472,0.277,0.039,0.056
2025-07-15T05:00:00,0.000,0.250,0.530,0.074,0.042,0.055
2025-07-15T06:00:00,0.000,7.371,0.360,0.720,0.489,0.047
2025-07-15T07:00:00,0.000,16.140,0.530,0.657,1.137,0.049
2025-07-15T08:00:00,0.000,17.490,0.371,0.390,2.383,0.047
2025-07-15T09:00:00,0.749,18.410,1.034,0.176,0.196,0.047
2025-07-15T10:00:00,2.873,19.003,2.790,0.056,0.042,0.052
2025-07-15T11:00:00,4.727,19.374,3.470,0.504,0.041,0.055
2025-07-15T12:00:00,4.192,19.473,3.099,0.786,0.042,0.048
2025-07-15T13:00:00,4.541,18.052,3.064,0.865,0.042,0.047
2025-07-15T14:00:00,5.104,18.128,3.123,0.665,0.036,0.047
2025-07-15T15:00:00,4.315,18.276,3.067,0.577,0.037,0.048
2025-07-15T16:00:00,4.689,13.626,3.157,1.272,0.041,0.048
2025-07-15T17:00:00,4.030,10.579,3.033,0.512,0.041,0.048
2025-07-15T18:00:00,1.497,3.771,3.185,0.144,0.041,0.049
2025-07-15T19:00:00,0.329,16.725,1.843,0.054,0.655,0.052
2025-07-15T20:00:00,0.000,4.315,1.587,0.220,1.168,0.056
2025-07-15T21:00:00,0.000,2.852,0.588,0.245,0.335,0.052
2025-07-15T22:00:00,0.000,0.000,0.248,0.069,0.084,0.047
2025-07-15T23:00:00,0.000,0.000,0.270,0.055,0.043,0.051
2025-07-16T00:00:00,0.000,0.000,0.283,0.054,0.042,0.050
2025-07-16T01:00:00,0.000,0.000,0.595,0.054,0.038,0.048
2025-07-16T02:00:00,0.000,0.000,0.371,0.055,0.042,0.047
2025-07-16T03:00:00,0.000,0.000,0.519,0.054,0.042,0.047
2025-07-16T04:00:00,0.000,0.000,0.360,0.393,0.038,0.058
2025-07-16T05:00:00,0.000,1.167,0.530,0.222,0.041,0.049
2025-07-16T06:00:00,0.000,12.156,0.360,0.667,0.783,0.051
2025-07-16T07:00:00,0.000,13.015,0.507,0.356,0.296,0.049
2025-07-16T08:00:00,0.313,13.087,0.383,0.473,0.039,0.048
2025-07-16T09:00:00,0.928,12.788,0.362,0.053,0.041,0.051
2025-07-16T10:00:00,3.482,14.423,1.230,0.093,0.039,0.055
2025-07-16T11:00:00,3.577,14.057,3.838,1.198,0.041,0.047
2025-07-16T12:00:00,4.514,12.140,3.763,0.055,0.040,0.047
2025-07-16T13:00:00,6.272,13.663,2.992,0.056,0.040,0.049
2025-07-16T14:00:00,5.037,13.585,3.194,0.164,0.041,0.050
2025-07-16T15:00:00,2.881,12.774,3.619,0.107,0.039,0.050
2025-07-16T16:00:00,2.921,5.680,3.400,0.163,0.135,0.048
2025-07-16T17:00:00,3.774,4.263,3.027,0.262,0.041,0.050
2025-07-16T18:00:00,2.625,3.440,3.252,0.057,0.359,0.050
2025-07-16T19:00:00,1.107,2.316,1.336,0.973,0.710,0.047
2025-07-16T20:00:00,0.000,0.000,0.480,0.601,0.540,0.055
2025-07-16T21:00:00,0.000,0.500,0.330,0.944,0.384,0.056
2025-07-16T22:00:00,0.000,0.000,0.220,0.277,0.240,0.048
2025-07-16T23:00:00,0.000,0.000,0.208,0.050,0.214,0.048
2025-07-17T00:00:00,0.000,0.000,0.248,0.054,0.039,0.048
2025-07-17T01:00:00,0.000,0.000,0.420,0.056,0.042,0.047
2025-07-17T02:00:00,0.000,0.000,0.271,0.055,0.040,0.050
2025-07-17T03:00:00,0.000,0.000,0.397,0.056,0.040,0.055
2025-07-17T04:00:00,0.000,0.000,0.414,0.075,0.041,0.048
2025-07-17T05:00:00,0.000,0.000,0.425,0.122,0.042,0.050
2025-07-17T06:00:00,0.000,0.527,0.519,0.643,0.795,0.049
2025-07-17T07:00:00,0.000,0.829,0.360,0.305,0.049,0.057
2025-07-17T08:00:00,0.081,7.070,0.863,0.411,0.750,0.046
2025-07-17T09:00:00,0.450,6.193,2.208,0.053,0.042,0.047
2025-07-17T10:00:00,3.667,7.587,3.462,0.055,0.040,0.047
2025-07-17T11:00:00,6.630,8.980,3.454,0.053,0.039,0.053
2025-07-17T12:00:00,6.670,8.930,3.567,0.395,0.043,0.052
2025-07-17T13:00:00,5.947,13.063,3.191,0.105,0.036,0.049
2025-07-17T14:00:00,5.140,13.123,2.926,0.992,0.037,0.050
2025-07-17T15:00:00,3.987,13.877,3.490,1.373,0.040,0.048
2025-07-17T16:00:00,3.617,13.359,3.098,0.513,0.042,0.048
2025-07-17T17:00:00,3.342,12.810,3.209,0.070,0.041,0.049
2025-07-17T18:00:00,3.388,13.807,2.890,0.055,0.046,0.047
2025-07-17T19:00:00,0.163,13.090,2.832,0.736,1.204,0.047
2025-07-17T20:00:00,0.000,10.872,0.615,0.053,0.446,0.051
2025-07-17T21:00:00,0.000,6.500,0.358,0.137,0.275,0.051
2025-07-17T22:00:00,0.000,0.000,0.394,0.144,0.396,0.054
2025-07-17T23:00:00,0.000,0.000,0.363,0.056,0.140,0.054
2025-07-18T00:00:00,0.000,0.000,0.374,0.056,0.041,0.046
2025-07-18T01:00:00,0.000,0.000,0.288,0.056,0.039,0.047
2025-07-18T02:00:00,0.000,0.000,0.265,0.053,0.044,0.047
2025-07-18T03:00:00,0.000,0.000,0.220,0.056,0.041,0.049
2025-07-18T04:00:00,0.000,0.000,0.489,0.148,0.039,0.055
2025-07-18T05:00:00,0.000,0.000,0.451,0.550,0.040,0.052
2025-07-18T06:00:00,0.000,0.000,0.439,0.499,0.038,0.050
2025-07-18T07:00:00,1.625,2.379,0.417,0.301,0.841,0.048
2025-07-18T08:00:00,3.833,11.140,0.482,0.620,0.043,0.049
2025-07-18T09:00:00,2.922,12.425,1.835,1.831,0.043,0.050
2025-07-18T10:00:00,3.776,13.057,3.442,0.762,0.040,0.047
2025-07-18T11:00:00,4.186,9.973,2.935,0.434,0.039,0.056
2025-07-18T12:00:00,3.888,8.851,3.507,2.554,0.039,0.044
2025-07-18T13:00:00,5.896,9.081,4.125,0.216,0.039,0.053
2025-07-18T14:00:00,5.823,7.354,3.430,0.603,0.042,0.047
2025-07-18T15:00:00,5.075,8.946,3.360,0.055,0.042,0.047
2025-07-18T16:00:00,6.162,8.743,3.305,0.053,0.056,0.048
2025-07-18T17:00:00,4.818,13.388,3.307,0.290,0.120,0.047
2025-07-18T18:00:00,0.023,11.993,3.118,0.056,0.081,0.049
2025-07-18T19:00:00,0.000,13.212,3.150,0.494,0.081,0.051
2025-07-18T20:00:00,0.000,9.433,1.459,1.164,0.843,0.054
2025-07-18T21:00:00,0.000,0.167,0.237,0.110,0.408,0.056
2025-07-18T22:00:00,0.000,0.000,0.208,0.429,0.385,0.047
2025-07-18T23:00:00,0.000,0.000,0.265,0.053,0.143,0.047
2025-07-19T00:00:00,0.000,0.000,0.441,0.053,0.042,0.049
2025-07-19T01:00:00,0.000,0.000,0.367,0.056,0.040,0.047
2025-07-19T02:00:00,0.000,0.000,0.329,0.057,0.041,0.052
2025-07-19T03:00:00,0.000,0.000,0.312,0.054,0.039,0.055
2025-07-19T04:00:00,0.000,0.000,0.363,0.104,0.042,0.049
2025-07-19T05:00:00,0.000,0.000,0.485,0.246,0.041,0.047
2025-07-19T06:00:00,0.000,0.000,0.405,0.701,0.043,0.052
2025-07-19T07:00:00,0.000,1.192,0.451,0.721,0.803,0.054
2025-07-19T08:00:00,0.000,11.613,0.439,1.381,2.251,0.047
2025-07-19T09:00:00,0.000,13.920,0.376,0.576,3.857,0.047
2025-07-19T10:00:00,0.000,13.214,2.846,0.053,2.116,0.049
2025-07-19T11:00:00,0.000,9.721,3.801,0.187,1.110,0.056
2025-07-19T12:00:00,0.000,9.293,3.328,0.056,1.219,0.047
2025-07-19T13:00:00,0.000,8.826,3.348,0.054,0.238,0.047
2025-07-19T14:00:00,0.000,8.717,3.419,0.421,0.190,0.047
2025-07-19T15:00:00,0.000,9.020,3.413,0.354,0.070,0.048
2025-07-19T16:00:00,0.000,8.570,3.208,0.111,0.041,0.047
2025-07-19T17:00:00,0.000,11.895,3.328,0.155,0.106,0.057
2025-07-19T18:00:00,0.000,18.527,3.427,0.131,0.091,0.051
2025-07-19T19:00:00,0.000,14.823,2.920,0.054,0.039,0.049
2025-07-19T20:00:00,0.000,10.980,0.830,0.057,0.041,0.052
2025-07-19T21:00:00,0.000,1.042,0.550,0.453,0.045,0.049
2025-07-19T22:00:00,0.000,0.000,0.412,0.351,0.362,0.048
2025-07-19T23:00:00,0.000,0.000,0.203,0.051,0.049,0.048
2025-07-20T00:00:00,0.000,0.000,0.311,0.056,0.042,0.047
2025-07-20T01:00:00,0.000,0.000,0.288,0.054,0.039,0.052
2025-07-20T02:00:00,0.000,0.000,0.208,0.054,0.042,0.051
2025-07-20T03:00:00,0.000,0.000,0.254,0.059,0.042,0.052
2025-07-20T04:00:00,0.000,0.000,0.191,0.222,0.041,0.053
2025-07-20T05:00:00,0.000,0.000,0.271,0.201,0.380,0.049
2025-07-20T06:00:00,0.000,0.000,0.347,0.792,0.712,0.048
2025-07-20T07:00:00,0.000,12.239,0.271,0.483,0.277,0.048
2025-07-20T08:00:00,0.000,15.601,0.277,0.325,0.860,0.055
2025-07-20T09:00:00,0.000,13.825,1.524,0.058,0.433,0.047
2025-07-20T10:00:00,0.000,7.120,3.275,0.055,0.532,0.052
2025-07-20T11:00:00,0.000,13.677,3.528,0.057,1.256,0.046
2025-07-20T12:00:00,0.000,17.360,3.780,0.158,0.050,0.047
2025-07-20T13:00:00,0.000,16.660,3.845,0.269,3.514,0.049
2025-07-20T14:00:00,0.000,17.438,3.891,0.766,3.345,0.053
2025-07-20T15:00:00,0.000,13.333,3.733,0.567,1.974,0.051
2025-07-20T16:00:00,0.000,12.120,3.941,0.054,0.122,0.049
2025-07-20T17:00:00,0.000,9.557,3.265,0.055,0.082,0.046
2025-07-20T18:00:00,0.000,13.890,3.240,0.484,1.329,0.046
2025-07-20T19:00:00,0.000,13.515,1.809,0.075,0.130,0.050
2025-07-20T20:00:00,0.000,7.936,0.707,0.054,0.370,0.054
2025-07-20T21:00:00,0.000,0.500,0.526,0.080,0.439,0.057
2025-07-20T22:00:00,0.000,0.000,0.426,0.109,0.242,0.047
2025-07-20T23:00:00,0.000,0.000,0.197,0.056,0.042,0.048
2025-07-21T00:00:00,0.000,0.000,0.299,0.055,0.041,0.049
2025-07-21T01:00:00,0.000,0.000,0.548,0.056,0.039,0.047
2025-07-21T02:00:00,0.000,0.000,0.408,0.056,0.041,0.049
2025-07-21T03:00:00,0.000,0.000,0.260,0.055,0.039,0.050
2025-07-21T04:00:00,0.000,0.000,0.220,0.085,0.039,0.050
2025-07-21T05:00:00,0.000,0.140,0.237,0.073,0.041,0.051
2025-07-21T06:00:00,0.000,10.939,0.397,0.784,0.827,0.054
2025-07-21T07:00:00,0.000,16.590,0.512,0.754,0.132,0.053
2025-07-21T08:00:00,0.506,12.857,0.417,0.896,0.801,0.048
2025-07-21T09:00:00,2.363,8.259,0.564,0.140,0.042,0.047
2025-07-21T10:00:00,4.366,4.479,0.678,0.071,0.041,0.048
2025-07-21T11:00:00,4.758,7.057,3.364,0.053,0.041,0.048
2025-07-21T12:00:00,4.170,4.233,3.316,0.053,0.043,0.053
2025-07-21T13:00:00,4.757,10.853,3.394,1.051,0.038,0.049
2025-07-21T14:00:00,5.673,13.197,3.340,0.321,0.041,0.046
2025-07-21T15:00:00,6.357,13.787,3.335,1.127,0.041,0.047
2025-07-21T16:00:00,6.149,13.600,3.256,0.521,0.042,0.049
2025-07-21T17:00:00,4.742,13.765,3.156,0.053,0.040,0.050
2025-07-21T18:00:00,4.347,13.637,3.052,0.133,0.879,0.058
2025-07-21T19:00:00,0.287,12.955,3.035,0.913,0.392,0.051
2025-07-21T20:00:00,0.000,8.183,1.104,2.069,1.410,0.048
2025-07-21T21:00:00,0.000,0.333,0.197,0.812,0.994,0.049
2025-07-21T22:00:00,0.000,0.000,0.231,0.059,0.266,0.052
2025-07-21T23:00:00,0.000,0.000,0.271,0.054,0.152,0.046
2025-07-22T00:00:00,0.000,0.000,0.356,0.056,0.041,0.047
2025-07-22T01:00:00,0.000,0.000,0.537,0.056,0.042,0.048
2025-07-22T02:00:00,0.000,0.000,0.572,0.055,0.039,0.052
2025-07-22T03:00:00,0.000,0.000,0.403,0.055,0.042,0.052
2025-07-22T04:00:00,0.000,0.000,0.490,0.328,0.042,0.056
2025-07-22T05:00:00,0.000,0.000,0.329,0.250,0.040,0.048
2025-07-22T06:00:00,0.000,0.600,0.277,0.734,0.040,0.046
2025-07-22T07:00:00,0.000,4.040,0.454,0.567,0.857,0.049
2025-07-22T08:00:00,3.904,16.166,0.541,0.684,0.161,0.055
2025-07-22T09:00:00,4.742,13.729,0.438,0.408,0.040,0.049
2025-07-22T10:00:00,3.260,10.279,2.338,0.492,0.043,0.049
2025-07-22T11:00:00,4.557,12.862,3.354,0.053,0.039,0.050
2025-07-22T12:00:00,3.679,14.153,3.494,1.380,0.038,0.051
2025-07-22T13:00:00,4.611,14.408,3.342,0.153,0.041,0.048
2025-07-22T14:00:00,4.260,15.567,3.656,0.143,0.042,0.049
2025-07-22T15:00:00,5.553,15.646,3.481,0.840,0.039,0.050
2025-07-22T16:00:00,6.544,16.411,3.541,0.470,0.049,0.045
2025-07-22T17:00:00,2.085,19.478,3.120,1.264,0.058,0.047
2025-07-22T18:00:00,0.747,18.070,3.691,0.224,0.138,0.055
2025-07-22T19:00:00,0.113,15.872,0.998,0.221,0.571,0.052
2025-07-22T20:00:00,0.000,13.950,1.064,0.274,0.875,0.051
2025-07-22T21:00:00,0.000,0.000,0.384,0.339,0.398,0.045
2025-07-22T22:00:00,0.000,0.000,0.535,0.107,0.305,0.055
2025-07-22T23:00:00,0.000,0.000,0.438,0.055,0.118,0.047
2025-07-23T00:00:00,0.000,0.000,0.525,0.055,0.038,0.047
2025-07-23T01:00:00,0.000,0.000,0.282,0.053,0.039,0.048
2025-07-23T02:00:00,0.000,0.000,0.461,0.053,0.042,0.053
2025-07-23T03:00:00,0.000,0.000,0.519,0.057,0.041,0.047
2025-07-23T04:00:00,0.000,0.000,0.376,0.084,0.039,0.050
2025-07-23T05:00:00,0.000,0.000,0.248,0.073,0.041,0.049
2025-07-23T06:00:00,0.000,0.204,0.197,0.666,0.043,0.057
2025-07-23T07:00:00,0.000,11.347,0.265,0.812,0.963,0.049
2025-07-23T08:00:00,0.279,11.927,0.363,0.785,0.842,0.049
2025-07-23T09:00:00,1.982,9.270,0.507,0.603,0.068,0.049
2025-07-23T10:00:00,3.260,6.789,0.599,0.248,0.178,0.047
2025-07-23T11:00:00,1.223,7.085,2.921,0.469,0.041,0.050
2025-07-23T12:00:00,0.783,8.068,3.215,0.355,0.042,0.048
2025-07-23T13:00:00,2.087,8.900,3.498,0.053,0.043,0.050
2025-07-23T14:00:00,3.860,9.219,3.699,0.157,0.043,0.050
2025-07-23T15:00:00,6.760,13.693,3.371,0.106,0.040,0.049
2025-07-23T16:00:00,6.677,17.078,3.429,0.531,0.068,0.056
2025-07-23T17:00:00,5.948,17.463,3.957,0.080,0.625,0.047
2025-07-23T18:00:00,5.253,14.603,3.253,0.054,0.475,0.047
2025-07-23T19:00:00,5.260,12.556,3.419,0.645,0.096,0.051
2025-07-23T20:00:00,3.000,4.836,2.922,0.395,0.689,0.051
2025-07-23T21:00:00,0.000,2.043,0.298,0.395,0.543,0.049
2025-07-23T22:00:00,0.000,0.000,0.369,0.095,0.267,0.050
2025-07-23T23:00:00,0.000,0.000,0.260,0.055,0.039,0.053
2025-07-24T00:00:00,0.000,0.000,0.368,0.053,0.044,0.049
2025-07-24T01:00:00,0.000,0.000,0.426,0.054,0.035,0.047
2025-07-24T02:00:00,0.000,0.000,0.283,0.053,0.042,0.047
2025-07-24T03:00:00,0.000,0.000,0.214,0.054,0.042,0.049
2025-07-24T04:00:00,0.000,0.000,0.231,0.211,0.036,0.050
2025-07-24T05:00:00,0.000,0.000,0.197,0.476,0.043,0.051
2025-07-24T06:00:00,0.000,0.000,0.248,0.680,0.769,0.050
2025-07-24T07:00:00,0.000,8.191,0.180,0.569,0.801,0.051
2025-07-24T08:00:00,0.503,11.328,0.265,0.830,0.267,0.058
2025-07-24T09:00:00,1.849,8.057,0.437,0.685,0.038,0.047
2025-07-24T10:00:00,6.257,6.620,2.664,0.361,0.042,0.047
2025-07-24T11:00:00,6.407,8.572,2.963,0.612,0.042,0.048
2025-07-24T12:00:00,6.710,10.579,3.041,0.164,0.040,0.047
2025-07-24T13:00:00,6.193,13.463,2.697,0.054,0.041,0.059
2025-07-24T14:00:00,6.465,13.077,2.693,0.053,0.038,0.047
2025-07-24T15:00:00,6.548,13.600,3.076,0.187,0.039,0.047
2025-07-24T16:00:00,6.252,13.280,3.412,1.262,0.039,0.048
2025-07-24T17:00:00,3.730,12.537,3.415,0.458,0.042,0.055
2025-07-24T18:00:00,1.987,12.830,3.194,0.056,0.041,0.047
2025-07-24T19:00:00,0.000,12.467,1.334,0.747,2.461,0.047
2025-07-24T20:00:00,0.000,15.229,0.566,0.065,2.796,0.050
2025-07-24T21:00:00,0.000,3.833,0.265,0.311,0.844,0.050
2025-07-24T22:00:00,0.000,0.000,0.356,0.078,0.108,0.055
2025-07-24T23:00:00,0.000,0.000,0.379,0.071,0.041,0.051
2025-07-25T00:00:00,0.000,0.000,0.537,0.054,0.041,0.046
2025-07-25T01:00:00,0.000,0.000,0.391,0.056,0.041,0.048
2025-07-25T02:00:00,0.000,0.000,0.341,0.053,0.041,0.047
2025-07-25T03:00:00,0.000,0.000,0.271,0.055,0.041,0.050
2025-07-25T04:00:00,0.000,0.000,0.191,0.221,0.040,0.059
2025-07-25T05:00:00,0.000,0.000,0.432,0.076,0.041,0.052
2025-07-25T06:00:00,0.000,0.954,0.277,0.059,1.169,0.047
2025-07-25T07:00:00,0.000,13.857,0.438,0.604,0.783,0.050
2025-07-25T08:00:00,0.220,9.809,0.475,0.594,0.044,0.048
2025-07-25T09:00:00,1.475,15.418,0.498,0.219,0.042,0.049
2025-07-25T10:00:00,2.287,19.127,2.831,0.054,0.041,0.050
2025-07-25T11:00:00,3.258,18.024,3.294,0.052,0.039,0.048
2025-07-25T12:00:00,4.773,18.389,3.321,0.052,0.042,0.047
2025-07-25T13:00:00,6.367,18.178,3.476,0.597,0.041,0.049
2025-07-25T14:00:00,6.150,18.724,3.641,0.961,0.041,0.048
2025-07-25T15:00:00,5.981,18.206,3.433,0.539,0.039,0.057
2025-07-25T16:00:00,5.950,18.516,3.004,0.070,0.042,0.050
2025-07-25T17:00:00,5.277,17.825,2.851,0.586,0.072,0.046
2025-07-25T18:00:00,2.000,17.271,3.650,1.514,0.083,0.047
2025-07-25T19:00:00,4.083,3.034,2.985,1.089,2.922,0.051
2025-07-25T20:00:00,1.083,1.557,0.743,0.295,3.090,0.053
2025-07-25T21:00:00,0.000,0.133,0.489,0.499,1.909,0.051
2025-07-25T22:00:00,0.000,0.000,0.271,0.097,2.027,0.053
2025-07-25T23:00:00,0.000,0.000,0.282,0.055,0.048,0.051
2025-07-26T00:00:00,0.000,0.000,0.369,0.053,0.039,0.048
2025-07-26T01:00:00,0.000,0.000,0.265,0.054,0.042,0.048
2025-07-26T02:00:00,0.000,0.000,0.197,0.053,0.042,0.050
2025-07-26T03:00:00,0.000,0.000,0.300,0.053,0.040,0.047
2025-07-26T04:00:00,0.000,0.000,0.518,0.081,0.038,0.051
2025-07-26T05:00:00,0.000,0.000,0.524,0.267,0.041,0.052
2025-07-26T06:00:00,0.000,0.000,0.245,0.713,0.043,0.055
2025-07-26T07:00:00,0.000,0.400,0.259,0.549,0.902,0.050
2025-07-26T08:00:00,0.000,9.953,0.203,0.647,0.542,0.047
2025-07-26T09:00:00,0.000,7.689,0.523,0.056,1.043,0.046
2025-07-26T10:00:00,0.000,10.574,1.021,0.056,3.282,0.051
2025-07-26T11:00:00,0.000,18.712,2.167,0.054,3.332,0.053
2025-07-26T12:00:00,0.000,17.864,2.627,0.054,1.970,0.048
2025-07-26T13:00:00,0.000,18.953,2.725,0.053,0.206,0.047
2025-07-26T14:00:00,0.000,18.068,2.482,0.054,0.060,0.047
2025-07-26T15:00:00,0.000,11.770,2.973,0.053,0.039,0.048
2025-07-26T16:00:00,0.000,12.601,3.632,0.055,0.041,0.049
2025-07-26T17:00:00,0.000,12.230,2.985,0.055,0.081,0.050
2025-07-26T18:00:00,0.000,9.045,3.248,0.053,0.173,0.050
2025-07-26T19:00:00,0.000,16.427,3.605,0.058,0.236,0.051
2025-07-26T20:00:00,0.000,5.158,2.000,0.952,0.552,0.058
2025-07-26T21:00:00,0.000,0.000,1.877,0.239,0.457,0.052
2025-07-26T22:00:00,0.000,0.000,0.443,0.171,0.411,0.048
2025-07-26T23:00:00,0.000,0.000,0.265,0.113,0.192,0.049
2025-07-27T00:00:00,0.000,0.000,0.328,0.053,0.041,0.047
2025-07-27T01:00:00,0.000,0.000,0.397,0.054,0.040,0.047
2025-07-27T02:00:00,0.000,0.000,0.374,0.053,0.041,0.057
2025-07-27T03:00:00,0.000,0.000,0.492,0.053,0.041,0.045
2025-07-27T04:00:00,0.000,0.000,0.507,0.054,0.041,0.048
2025-07-27T05:00:00,0.000,0.000,0.448,0.070,0.041,0.057
2025-07-27T06:00:00,0.000,2.727,0.371,0.059,0.039,0.047
2025-07-27T07:00:00,0.000,2.452,0.519,0.819,0.623,0.046
2025-07-27T08:00:00,0.000,13.715,0.371,1.835,0.214,0.056
2025-07-27T09:00:00,0.000,10.783,1.002,0.551,0.953,0.047
2025-07-27T10:00:00,0.000,13.028,2.356,0.438,0.364,0.048
2025-07-27T11:00:00,0.000,9.427,3.095,0.329,1.205,0.048
2025-07-27T12:00:00,0.000,16.793,3.477,2.363,1.344,0.052
2025-07-27T13:00:00,0.000,17.307,3.665,0.054,0.737,0.049
2025-07-27T14:00:00,0.000,16.924,3.327,0.069,0.177,0.045
2025-07-27T15:00:00,0.000,18.437,2.923,0.072,0.042,0.047
2025-07-27T16:00:00,0.000,16.450,3.276,0.616,0.040,0.053
2025-07-27T17:00:00,0.000,17.657,3.403,0.053,0.042,0.051
2025-07-27T18:00:00,0.000,17.474,2.933,0.058,0.033,0.048
2025-07-27T19:00:00,0.000,14.806,2.722,0.054,0.174,0.048
2025-07-27T20:00:00,0.000,11.913,1.356,0.194,0.266,0.052
2025-07-27T21:00:00,0.000,0.432,0.265,1.043,0.723,0.052
2025-07-27T22:00:00,0.000,0.000,0.186,0.311,0.408,0.049
2025-07-27T23:00:00,0.000,0.000,0.282,0.061,0.160,0.049
2025-07-28T00:00:00,0.000,0.000,0.560,0.052,0.040,0.050
2025-07-28T01:00:00,0.000,0.000,0.443,0.057,0.039,0.047
2025-07-28T02:00:00,0.000,0.000,0.265,0.050,0.041,0.058
2025-07-28T03:00:00,0.000,0.000,0.339,0.055,0.042,0.048
2025-07-28T04:00:00,0.000,0.000,0.364,0.071,0.041,0.047
2025-07-28T05:00:00,0.000,0.000,0.417,0.297,0.040,0.051
2025-07-28T06:00:00,0.000,1.440,0.507,0.574,0.611,0.056
2025-07-28T07:00:00,0.000,3.567,0.383,0.603,0.204,0.049
2025-07-28T08:00:00,1.250,9.381,0.786,0.749,0.129,0.047
2025-07-28T09:00:00,5.927,5.676,2.971,0.293,0.041,0.048
2025-07-28T10:00:00,4.981,13.126,3.159,0.401,0.040,0.049
2025-07-28T11:00:00,3.173,12.588,2.698,0.055,0.039,0.055
2025-07-28T12:00:00,2.295,13.853,3.270,0.161,0.041,0.047
2025-07-28T13:00:00,0.965,14.453,3.596,0.426,0.042,0.052
2025-07-28T14:00:00,1.588,14.713,3.763,0.723,0.041,0.049
2025-07-28T15:00:00,1.559,13.350,3.128,1.141,0.039,0.049
2025-07-28T16:00:00,4.963,13.726,3.623,0.112,0.039,0.050
2025-07-28T17:00:00,5.561,13.377,3.174,0.053,0.135,0.050
2025-07-28T18:00:00,5.380,16.736,3.089,0.056,0.060,0.047
2025-07-28T19:00:00,3.500,16.285,2.282,0.777,1.068,0.048
2025-07-28T20:00:00,1.333,11.770,0.224,0.054,1.071,0.061
2025-07-28T21:00:00,0.000,4.894,0.259,0.136,0.327,0.049
2025-07-28T22:00:00,0.000,0.200,0.191,0.168,0.335,0.049
2025-07-28T23:00:00,0.000,0.000,0.485,0.053,0.166,0.047
2025-07-29T00:00:00,0.000,0.000,0.415,0.055,0.040,0.047
2025-07-29T01:00:00,0.000,0.000,0.407,0.053,0.042,0.048
2025-07-29T02:00:00,0.000,0.000,0.197,0.053,0.041,0.048
2025-07-29T03:00:00,0.000,0.000,0.426,0.054,0.039,0.059
2025-07-29T04:00:00,0.000,0.000,0.220,0.104,0.042,0.053
2025-07-29T05:00:00,0.000,0.012,0.260,0.206,0.042,0.046
2025-07-29T06:00:00,0.000,9.027,0.271,0.620,0.041,0.054
2025-07-29T07:00:00,0.000,7.973,0.191,0.582,0.562,0.046
2025-07-29T08:00:00,0.311,6.059,0.248,0.299,0.381,0.052
2025-07-29T09:00:00,3.317,5.164,0.264,0.175,0.042,0.049
2025-07-29T10:00:00,3.587,12.177,0.943,0.101,0.041,0.052
2025-07-29T11:00:00,3.690,9.667,2.666,0.230,0.040,0.047
2025-07-29T12:00:00,3.939,5.780,3.674,0.575,0.041,0.047
2025-07-29T13:00:00,5.312,10.937,3.966,1.258,0.041,0.048
2025-07-29T14:00:00,6.609,10.963,3.971,1.490,0.041,0.048
2025-07-29T15:00:00,6.571,17.903,4.013,1.667,0.041,0.050
2025-07-29T16:00:00,6.257,18.593,3.660,0.598,0.041,0.050
2025-07-29T17:00:00,0.960,18.470,3.867,0.056,0.041,0.052
2025-07-29T18:00:00,2.135,14.810,3.784,0.055,0.513,0.046
2025-07-29T19:00:00,2.000,17.043,3.662,0.054,0.405,0.048
2025-07-29T20:00:00,0.000,10.911,3.209,0.055,3.148,0.051
2025-07-29T21:00:00,0.000,4.941,1.036,0.382,2.320,0.051
2025-07-29T22:00:00,0.000,1.807,0.548,0.679,1.983,0.049
2025-07-29T23:00:00,0.000,0.000,0.573,0.056,0.208,0.050
2025-07-30T00:00:00,0.000,0.000,0.377,0.055,0.041,0.051
2025-07-30T01:00:00,0.000,0.000,0.442,0.054,0.040,0.048
2025-07-30T02:00:00,0.000,0.000,0.519,0.054,0.040,0.049
2025-07-30T03:00:00,0.000,0.000,0.405,0.053,0.042,0.052
2025-07-30T04:00:00,0.000,0.000,0.507,0.143,0.041,0.051
2025-07-30T05:00:00,0.000,0.457,0.442,0.376,0.043,0.050
2025-07-30T06:00:00,0.000,2.147,0.496,0.582,0.779,0.051
2025-07-30T07:00:00,0.000,9.067,0.428,0.610,1.104,0.049
2025-07-30T08:00:00,0.958,9.672,0.394,0.059,0.300,0.053
2025-07-30T09:00:00,1.718,9.155,0.510,0.054,0.041,0.052
2025-07-30T10:00:00,3.319,13.010,3.259,0.056,0.042,0.049
2025-07-30T11:00:00,3.112,12.544,3.406,0.223,0.041,0.048
2025-07-30T12:00:00,2.906,13.326,3.385,0.715,0.039,0.047
2025-07-30T13:00:00,3.946,12.740,4.059,0.836,0.042,0.047
2025-07-30T14:00:00,4.444,9.003,4.301,0.796,0.042,0.048
2025-07-30T15:00:00,5.175,8.790,4.201,0.178,0.040,0.047
2025-07-30T16:00:00,6.515,11.967,3.044,0.636,0.041,0.050
2025-07-30T17:00:00,5.345,10.793,3.309,0.162,0.132,0.055
2025-07-30T18:00:00,2.681,10.553,3.204,0.054,1.052,0.047
2025-07-30T19:00:00,3.793,11.538,3.123,0.053,0.141,0.048
2025-07-30T20:00:00,0.000,2.917,0.423,0.054,0.451,0.051
2025-07-30T21:00:00,0.000,0.000,0.203,0.055,0.292,1.429
2025-07-30T22:00:00,0.000,0.000,0.259,0.074,0.208,1.160
2025-07-30T23:00:00,0.000,0.000,0.191,0.054,0.039,0.250
2025-07-31T00:00:00,0.000,0.000,0.424,0.055,0.039,0.053
2025-07-31T01:00:00,0.000,0.000,0.277,0.053,0.036,0.051
2025-07-31T02:00:00,0.000,0.000,0.478,0.056,0.042,0.045
2025-07-31T03:00:00,0.000,0.000,0.271,0.053,0.043,0.050
2025-07-31T04:00:00,0.000,0.000,0.467,0.158,0.045,0.054
2025-07-31T05:00:00,0.000,0.000,0.462,0.078,0.039,0.051
2025-07-31T06:00:00,0.000,2.417,0.462,0.707,0.040,1.332
2025-07-31T07:00:00,0.000,3.533,0.394,0.572,0.749,1.299
2025-07-31T08:00:00,0.169,4.276,0.530,0.463,0.082,1.040
2025-07-31T09:00:00,1.477,7.811,0.384,0.057,0.072,1.296
2025-07-31T10:00:00,3.295,4.070,2.569,0.054,0.043,0.337
2025-07-31T11:00:00,5.763,11.047,3.182,0.522,0.043,0.082
2025-07-31T12:00:00,6.422,2.913,3.139,0.376,0.036,0.058
2025-07-31T13:00:00,4.429,8.933,3.130,0.121,0.040,0.135
2025-07-31T14:00:00,6.103,11.337,2.771,0.172,0.042,0.257
2025-07-31T15:00:00,6.335,12.807,3.520,0.317,0.040,0.047
2025-07-31T16:00:00,6.015,13.138,2.654,1.079,0.042,0.107
2025-07-31T17:00:00,4.650,14.063,2.882,0.894,0.039,0.364
2025-07-31T18:00:00,5.515,13.728,2.671,0.794,0.295,1.282
2025-07-31T19:00:00,2.357,13.328,3.035,0.815,0.285,0.971
2025-07-31T20:00:00,0.000,4.646,2.052,0.053,0.313,0.922
2025-07-31T21:00:00,0.000,6.331,0.420,0.383,0.669,0.394
2025-07-31T22:00:00,0.000,0.000,0.532,0.071,0.416,0.371
2025-07-31T23:00:00,0.000,0.000,0.208,0.054,0.223,0.198
2025-08-01T00:00:00,0.000,0.000,0.415,0.055,0.035,0.051
2025-08-01T01:00:00,0.000,0.000,0.259,0.056,0.042,0.048
2025-08-01T02:00:00,0.000,0.000,0.186,0.056,0.041,0.049
2025-08-01T03:00:00,0.000,0.000,0.259,0.055,0.041,0.050
2025-08-01T04:00:00,0.000,0.000,0.180,0.165,0.041,0.047
2025-08-01T05:00:00,0.000,0.167,0.265,0.348,0.041,0.051
2025-08-01T06:00:00,0.000,6.767,0.180,0.642,0.598,1.716
2025-08-01T07:00:00,0.000,5.166,0.254,0.805,0.358,2.738
2025-08-01T08:00:00,0.000,12.327,0.191,0.624,0.039,1.850
2025-08-01T09:00:00,2.741,8.678,1.138,0.250,0.042,0.116
2025-08-01T10:00:00,4.865,6.033,2.576,0.053,0.041,0.195
2025-08-01T11:00:00,4.119,12.519,2.121,0.322,0.041,0.099
2025-08-01T12:00:00,3.674,12.790,2.338,0.531,0.042,0.091
2025-08-01T13:00:00,3.182,14.180,3.136,0.053,0.039,0.065
2025-08-01T14:00:00,3.020,13.337,3.290,0.469,0.041,0.045
2025-08-01T15:00:00,3.181,13.310,3.355,1.205,0.182,0.085
2025-08-01T16:00:00,5.090,15.107,3.264,0.980,1.220,0.093
2025-08-01T17:00:00,6.042,14.577,3.508,0.294,0.182,0.079
2025-08-01T18:00:00,2.427,6.641,3.464,0.494,1.422,0.535
2025-08-01T19:00:00,0.046,6.831,3.050,0.221,3.309,1.780
2025-08-01T20:00:00,0.000,14.298,1.754,0.861,1.567,0.625
2025-08-01T21:00:00,0.000,2.013,1.483,0.208,0.058,1.311
2025-08-01T22:00:00,0.000,0.000,0.335,0.154,0.043,0.504
2025-08-01T23:00:00,0.000,0.000,0.312,0.054,0.041,0.089
2025-08-02T00:00:00,0.000,0.000,0.537,0.056,0.041,0.047
2025-08-02T01:00:00,0.000,0.000,0.397,0.055,0.041,0.048
2025-08-02T02:00:00,0.000,0.000,0.341,0.056,0.042,0.049
2025-08-02T03:00:00,0.000,0.000,0.373,0.052,0.037,0.051
2025-08-02T04:00:00,0.000,0.000,0.379,0.253,0.035,0.054
2025-08-02T05:00:00,0.000,0.000,0.455,0.113,0.043,0.054
2025-08-02T06:00:00,0.000,0.700,0.180,0.285,0.214,0.051
2025-08-02T07:00:00,0.000,6.787,0.265,0.699,0.820,1.111
2025-08-02T08:00:00,0.000,13.843,0.186,0.823,0.776,1.073
2025-08-02T09:00:00,0.000,13.810,1.864,1.262,0.358,2.646
2025-08-02T10:00:00,0.000,8.446,2.612,0.143,1.057,1.013
2025-08-02T11:00:00,0.000,11.374,3.443,0.056,1.135,3.129
2025-08-02T12:00:00,0.000,13.478,3.351,0.265,1.067,1.312
2025-08-02T13:00:00,0.000,13.961,3.234,0.056,0.051,1.152
2025-08-02T14:00:00,0.000,12.347,3.424,0.807,0.083,1.157
2025-08-02T15:00:00,0.000,17.303,3.118,1.790,0.080,0.141
2025-08-02T16:00:00,0.000,12.746,3.112,0.617,0.036,0.083
2025-08-02T17:00:00,0.000,10.807,2.927,0.160,0.042,0.064
2025-08-02T18:00:00,0.000,14.400,3.120,0.070,0.062,1.459
2025-08-02T19:00:00,0.000,18.473,2.625,0.477,0.282,0.894
2025-08-02T20:00:00,0.000,16.178,1.369,0.267,0.283,0.572
2025-08-02T21:00:00,0.000,11.854,0.300,0.801,0.393,0.283
2025-08-02T22:00:00,0.000,1.167,0.265,0.075,0.224,0.273
2025-08-02T23:00:00,0.000,0.000,0.253,0.072,0.040,0.045
2025-08-03T00:00:00,0.000,0.000,0.265,0.054,0.038,0.056
2025-08-03T01:00:00,0.000,0.000,0.276,0.056,0.041,0.049
2025-08-03T02:00:00,0.000,0.000,0.403,0.053,0.039,0.050
2025-08-03T03:00:00,0.000,0.000,0.449,0.174,0.041,0.048
2025-08-03T04:00:00,0.000,0.000,0.323,0.157,0.039,0.052
2025-08-03T05:00:00,0.000,0.000,0.318,0.505,0.039,0.051
2025-08-03T06:00:00,0.000,4.901,0.254,0.489,0.040,1.326
2025-08-03T07:00:00,0.000,9.914,0.191,0.274,0.907,1.527
2025-08-03T08:00:00,0.000,8.923,0.735,1.191,0.348,0.700
2025-08-03T09:00:00,0.000,8.497,1.683,0.721,0.291,1.078
2025-08-03T10:00:00,0.000,10.780,2.324,0.056,0.105,1.284
2025-08-03T11:00:00,0.000,10.503,2.521,0.054,1.086,3.828
2025-08-03T12:00:00,0.000,17.560,3.315,0.417,0.117,0.153
2025-08-03T13:00:00,0.000,17.640,3.526,0.137,1.761,0.218
2025-08-03T14:00:00,0.000,18.200,4.180,0.614,0.658,1.009
2025-08-03T15:00:00,0.000,10.667,3.510,0.053,0.225,0.251
2025-08-03T16:00:00,0.000,13.200,4.157,0.163,0.067,0.869
2025-08-03T17:00:00,0.000,12.538,4.033,0.055,0.158,1.137
2025-08-03T18:00:00,0.000,15.581,4.123,0.056,0.173,0.662
2025-08-03T19:00:00,0.000,12.763,1.923,1.531,1.130,1.054
2025-08-03T20:00:00,0.000,2.416,1.512,0.263,0.328,0.548
2025-08-03T21:00:00,0.000,0.682,0.598,0.268,0.245,0.578
2025-08-03T22:00:00,0.000,0.375,0.405,0.078,0.456,0.289
2025-08-03T23:00:00,0.000,0.000,0.561,0.056,0.110,0.055
2025-08-04T00:00:00,0.000,0.000,0.496,0.052,0.040,0.047
2025-08-04T01:00:00,0.000,0.000,0.373,0.051,0.042,0.047
2025-08-04T02:00:00,0.000,0.000,0.323,0.054,0.040,0.047
2025-08-04T03:00:00,0.000,0.000,0.237,0.076,0.041,0.051
2025-08-04T04:00:00,0.000,0.000,0.208,0.256,0.041,0.050
2025-08-04T05:00:00,0.000,0.000,0.203,0.101,0.041,0.049
2025-08-04T06:00:00,0.000,0.787,0.242,0.058,0.816,0.184
2025-08-04T07:00:00,0.000,2.942,0.180,0.811,0.729,1.026
2025-08-04T08:00:00,0.177,18.580,0.356,0.286,0.266,0.965
2025-08-04T09:00:00,0.427,18.280,0.588,0.389,0.041,0.273
2025-08-04T10:00:00,1.789,14.163,1.930,0.056,0.041,0.184
2025-08-04T11:00:00,5.653,13.513,1.360,0.053,0.039,0.087
2025-08-04T12:00:00,5.698,13.573,3.363,0.054,0.041,0.083
2025-08-04T13:00:00,3.468,8.193,3.564,0.256,0.041,0.048
2025-08-04T14:00:00,5.763,14.132,3.404,1.985,0.041,0.055
2025-08-04T15:00:00,5.920,11.713,3.010,1.364,0.040,0.132
2025-08-04T16:00:00,5.937,17.840,2.335,0.069,0.040,0.048
2025-08-04T17:00:00,6.384,11.648,1.905,0.082,0.878,1.290
2025-08-04T18:00:00,5.240,14.324,3.087,0.053,0.227,1.402
2025-08-04T19:00:00,1.192,12.517,3.288,0.054,0.336,1.598
2025-08-04T20:00:00,0.000,1.568,2.498,0.946,0.298,0.589
2025-08-04T21:00:00,0.000,0.812,0.530,0.391,0.566,2.615
2025-08-04T22:00:00,0.000,0.061,0.360,0.098,0.102,0.818
2025-08-04T23:00:00,0.000,0.000,0.419,0.073,0.041,0.050
2025-08-05T00:00:00,0.000,0.000,0.474,0.058,0.041,0.057
2025-08-05T01:00:00,0.000,0.000,0.322,0.056,0.042,0.049
2025-08-05T02:00:00,0.000,0.000,0.265,0.054,0.041,0.048
2025-08-05T03:00:00,0.000,0.000,0.237,0.054,0.039,0.047
2025-08-05T04:00:00,0.000,0.000,0.363,0.055,0.041,0.048
2025-08-05T05:00:00,0.000,0.027,0.311,0.263,0.318,0.191
2025-08-05T06:00:00,0.000,0.896,0.231,0.894,1.232,1.815
2025-08-05T07:00:00,0.000,0.960,0.277,0.631,0.128,1.425
2025-08-05T08:00:00,0.493,8.460,0.690,0.055,0.830,0.512
2025-08-05T09:00:00,2.100,12.333,1.820,0.425,0.040,0.084
2025-08-05T10:00:00,4.101,11.780,2.834,0.161,0.042,0.129
2025-08-05T11:00:00,3.329,11.936,2.507,0.235,0.041,0.199
2025-08-05T12:00:00,3.729,12.813,2.480,1.725,0.039,0.095
2025-08-05T13:00:00,4.010,13.480,3.350,0.095,0.043,0.147
2025-08-05T14:00:00,3.770,13.206,2.667,1.168,0.039,0.109
2025-08-05T15:00:00,5.622,13.262,3.756,0.921,0.042,0.170
2025-08-05T16:00:00,5.843,10.794,3.806,1.594,0.041,0.233
2025-08-05T17:00:00,4.470,9.437,4.108,0.898,2.144,1.083
2025-08-05T18:00:00,2.797,9.870,3.479,0.133,3.038,0.951
2025-08-05T19:00:00,0.000,14.070,2.769,0.231,1.589,2.566
2025-08-05T20:00:00,0.000,7.748,2.565,0.531,2.099,0.525
2025-08-05T21:00:00,0.000,1.320,1.118,0.528,1.419,1.308
2025-08-05T22:00:00,0.000,0.150,0.519,0.306,0.239,0.316
2025-08-05T23:00:00,0.000,0.000,0.451,0.056,0.161,0.067
2025-08-06T00:00:00,0.000,0.000,0.423,0.054,0.039,0.057
2025-08-06T01:00:00,0.000,0.000,0.379,0.054,0.041,0.047
2025-08-06T02:00:00,0.000,0.000,0.197,0.053,0.041,0.048
2025-08-06T03:00:00,0.000,0.000,0.328,0.062,0.040,0.047
2025-08-06T04:00:00,0.000,0.000,0.519,0.290,0.042,0.055
2025-08-06T05:00:00,0.000,0.298,0.354,0.230,0.041,0.050
2025-08-06T06:00:00,0.000,2.044,0.408,0.686,0.938,1.732
2025-08-06T07:00:00,0.000,4.189,0.265,0.368,0.093,1.723
2025-08-06T08:00:00,0.000,6.290,0.459,0.428,0.144,1.079
2025-08-06T09:00:00,0.812,8.641,0.865,0.056,0.041,0.395
2025-08-06T10:00:00,3.192,8.027,1.338,0.054,0.041,0.184
2025-08-06T11:00:00,3.104,8.941,2.700,0.290,0.039,0.081
2025-08-06T12:00:00,3.227,11.600,3.200,0.269,0.039,0.078
2025-08-06T13:00:00,3.725,11.090,3.306,0.053,0.042,0.050
2025-08-06T14:00:00,4.638,9.053,3.071,0.056,0.040,0.079
2025-08-06T15:00:00,6.280,17.437,3.393,0.561,0.038,0.125
2025-08-06T16:00:00,6.310,11.095,3.007,0.069,0.041,1.181
2025-08-06T17:00:00,6.475,15.433,2.783,0.071,3.110,1.296
2025-08-06T18:00:00,3.374,10.167,2.840,1.076,2.492,1.348
2025-08-06T19:00:00,3.417,12.935,2.245,0.509,1.756,1.218
2025-08-06T20:00:00,1.333,15.945,0.939,0.831,1.015,0.899
2025-08-06T21:00:00,0.000,9.716,0.386,0.276,0.351,1.441
2025-08-06T22:00:00,0.000,0.000,0.203,0.091,0.253,0.332
2025-08-06T23:00:00,0.000,0.000,0.347,0.067,0.045,0.107
2025-08-07T00:00:00,0.000,0.000,0.328,0.054,0.041,0.057
2025-08-07T01:00:00,0.000,0.000,0.362,0.055,0.042,0.048
2025-08-07T02:00:00,0.000,0.000,0.203,0.055,0.046,0.050
2025-08-07T03:00:00,0.000,0.000,0.259,0.054,0.042,0.050
2025-08-07T04:00:00,0.000,0.000,0.191,0.341,0.040,0.050
2025-08-07T05:00:00,0.000,0.150,0.271,0.254,0.039,0.052
2025-08-07T06:00:00,0.000,0.450,0.191,0.618,0.926,0.094
2025-08-07T07:00:00,0.000,7.242,0.282,0.056,0.054,0.665
2025-08-07T08:00:00,0.000,13.321,0.248,0.626,0.161,1.051
2025-08-07T09:00:00,0.517,10.624,0.486,0.056,0.070,0.085
2025-08-07T10:00:00,2.937,9.004,1.534,0.054,0.041,0.089
2025-08-07T11:00:00,6.493,5.909,3.676,0.176,0.040,0.146
2025-08-07T12:00:00,6.920,5.907,3.501,0.186,0.041,0.200
2025-08-07T13:00:00,7.011,7.280,3.503,0.056,0.042,0.130
2025-08-07T14:00:00,7.241,7.636,3.064,0.053,0.039,0.156
2025-08-07T15:00:00,5.076,11.147,3.241,0.589,0.039,0.054
2025-08-07T16:00:00,4.695,14.185,3.038,0.841,0.041,0.158
2025-08-07T17:00:00,3.532,12.421,3.187,0.140,0.385,0.990
2025-08-07T18:00:00,1.157,19.068,3.055,0.150,1.527,1.144
2025-08-07T19:00:00,0.167,18.473,3.135,0.248,2.586,0.538
2025-08-07T20:00:00,0.000,17.888,1.742,0.055,1.662,1.329
2025-08-07T21:00:00,0.000,14.107,0.605,0.188,1.739,1.252
2025-08-07T22:00:00,0.000,0.000,0.473,0.373,0.425,0.234
2025-08-07T23:00:00,0.000,0.000,0.417,0.054,0.041,0.048
2025-08-08T00:00:00,0.000,0.000,0.501,0.056,0.041,0.050
2025-08-08T01:00:00,0.000,0.000,0.271,0.055,0.041,0.048
2025-08-08T02:00:00,0.000,0.000,0.242,0.045,0.041,0.047
2025-08-08T03:00:00,0.000,0.000,0.311,0.055,0.041,0.050
2025-08-08T04:00:00,0.000,0.000,0.518,0.262,0.042,0.058
2025-08-08T05:00:00,0.000,0.000,0.394,0.416,0.041,0.112
2025-08-08T06:00:00,0.000,0.000,0.530,0.732,0.478,0.731
2025-08-08T07:00:00,0.000,1.900,0.383,0.635,0.681,1.646
2025-08-08T08:00:00,0.040,6.291,0.541,1.141,0.638,0.204
2025-08-08T09:00:00,1.655,7.914,0.688,0.715,0.040,0.113
2025-08-08T10:00:00,5.836,8.964,1.868,0.054,0.039,0.195
2025-08-08T11:00:00,4.624,18.227,3.171,0.262,0.039,0.170
2025-08-08T12:00:00,3.447,19.073,4.241,0.055,0.040,0.082
2025-08-08T13:00:00,5.013,18.887,3.888,0.270,0.040,0.074
2025-08-08T14:00:00,4.574,18.548,3.907,0.832,0.042,0.055
2025-08-08T15:00:00,3.955,19.163,3.454,1.058,0.041,0.069
2025-08-08T16:00:00,6.403,18.470,3.232,0.054,0.039,0.227
2025-08-08T17:00:00,4.751,18.990,3.552,0.066,0.458,2.398
2025-08-08T18:00:00,1.263,18.465,3.088,0.072,1.781,2.154
2025-08-08T19:00:00,0.097,18.266,3.077,0.812,0.738,2.057
2025-08-08T20:00:00,0.000,11.773,2.718,0.343,0.303,1.104
2025-08-08T21:00:00,0.000,0.602,1.325,0.172,0.283,0.218
2025-08-08T22:00:00,0.000,0.000,0.456,0.134,0.240,1.267
2025-08-08T23:00:00,0.000,0.000,0.460,0.054,0.204,0.242
2025-08-09T00:00:00,0.000,0.000,0.403,0.056,0.038,0.047
2025-08-09T01:00:00,0.000,0.000,0.276,0.049,0.040,0.049
2025-08-09T02:00:00,0.000,0.000,0.271,0.053,0.040,0.055
2025-08-09T03:00:00,0.000,0.000,0.484,0.055,0.042,0.052
2025-08-09T04:00:00,0.000,0.000,0.322,0.069,0.039,0.049
2025-08-09T05:00:00,0.000,0.800,0.603,0.237,0.042,0.047
2025-08-09T06:00:00,0.000,7.218,0.277,0.998,0.102,0.047
2025-08-09T07:00:00,0.000,4.640,0.477,0.103,0.472,1.759
2025-08-09T08:00:00,0.000,9.990,0.519,0.364,0.697,1.632
2025-08-09T09:00:00,0.000,9.187,0.611,0.511,0.503,0.843
2025-08-09T10:00:00,0.000,8.440,3.379,1.270,0.666,1.718
2025-08-09T11:00:00,0.000,8.311,3.354,0.677,0.644,3.835
2025-08-09T12:00:00,0.000,8.667,3.381,0.054,1.042,0.481
2025-08-09T13:00:00,0.000,18.667,2.980,0.054,0.166,0.087
2025-08-09T14:00:00,0.000,18.387,3.491,0.057,0.053,1.815
2025-08-09T15:00:00,0.000,18.456,3.277,0.056,0.049,0.931
2025-08-09T16:00:00,0.000,5.220,3.437,0.056,0.039,1.178
2025-08-09T17:00:00,0.000,9.293,3.150,0.504,0.069,0.100
2025-08-09T18:00:00,0.000,13.753,3.150,0.457,0.277,0.769
2025-08-09T19:00:00,0.000,13.923,3.561,0.052,0.362,0.785
2025-08-09T20:00:00,0.000,3.483,2.886,0.173,0.341,0.581
2025-08-09T21:00:00,0.000,0.000,0.780,0.172,0.424,0.433
2025-08-09T22:00:00,0.000,0.000,0.347,0.092,0.105,0.271
2025-08-09T23:00:00,0.000,0.000,0.231,0.055,0.044,0.187
2025-08-10T00:00:00,0.000,0.000,0.316,0.061,0.041,0.074
2025-08-10T01:00:00,0.000,0.000,0.537,0.056,0.037,0.049
2025-08-10T02:00:00,0.000,0.000,0.438,0.053,0.039,0.050
2025-08-10T03:00:00,0.000,0.000,0.311,0.056,0.042,0.054
2025-08-10T04:00:00,0.000,0.000,0.589,0.092,0.041,0.048
2025-08-10T05:00:00,0.000,0.000,0.269,0.357,0.043,0.053
2025-08-10T06:00:00,0.000,6.190,0.237,0.865,0.675,1.454
2025-08-10T07:00:00,0.000,12.685,0.225,0.633,0.441,1.170
2025-08-10T08:00:00,0.000,17.940,0.254,0.188,0.696,0.235
2025-08-10T09:00:00,0.000,18.014,0.358,0.053,0.805,0.303
2025-08-10T10:00:00,0.000,18.607,1.034,0.054,0.583,0.270
2025-08-10T11:00:00,0.000,18.371,3.097,0.056,0.980,0.091
2025-08-10T12:00:00,0.000,17.887,3.506,0.231,0.948,0.154
2025-08-10T13:00:00,0.000,17.667,3.698,0.051,2.780,0.127
2025-08-10T14:00:00,0.000,18.667,3.455,0.056,1.438,1.266
2025-08-10T15:00:00,0.000,18.271,3.665,0.269,0.090,0.793
2025-08-10T16:00:00,0.000,16.077,3.683,0.048,0.038,1.131
2025-08-10T17:00:00,0.000,10.698,3.642,0.056,0.084,0.115
2025-08-10T18:00:00,0.000,12.575,3.466,0.055,0.082,0.619
2025-08-10T19:00:00,0.000,14.623,3.194,0.199,0.234,1.132
2025-08-10T20:00:00,0.000,6.307,1.517,0.092,0.298,0.615
2025-08-10T21:00:00,0.000,1.285,0.394,0.116,0.279,0.435
2025-08-10T22:00:00,0.000,0.000,0.496,0.061,0.260,0.294
2025-08-10T23:00:00,0.000,0.000,0.394,0.054,0.039,0.055
2025-08-11T00:00:00,0.000,0.000,0.439,0.053,0.041,0.047
2025-08-11T01:00:00,0.000,0.000,0.407,0.056,0.039,0.047
2025-08-11T02:00:00,0.000,0.000,0.507,0.056,0.041,0.052
2025-08-11T03:00:00,0.000,0.000,0.425,0.089,0.039,0.049
2025-08-11T04:00:00,0.000,0.000,0.357,0.225,0.040,0.048
2025-08-11T05:00:00,0.000,0.000,0.446,0.114,0.042,0.049
2025-08-11T06:00:00,0.000,1.167,0.439,0.693,0.768,1.220
2025-08-11T07:00:00,0.000,15.473,0.451,0.634,0.855,1.614
2025-08-11T08:00:00,0.000,7.444,0.439,1.137,0.536,0.997
2025-08-11T09:00:00,0.000,7.755,0.509,0.755,0.102,0.280
2025-08-11T10:00:00,1.721,8.739,1.749,0.055,0.058,0.197
2025-08-11T11:00:00,4.614,8.920,3.508,0.054,0.163,0.100
2025-08-11T12:00:00,3.337,14.723,3.561,0.602,0.165,0.090
2025-08-11T13:00:00,4.075,14.185,3.257,2.762,0.163,0.088
2025-08-11T14:00:00,5.555,13.566,3.492,2.067,0.057,0.068
2025-08-11T15:00:00,3.528,16.310,3.564,0.176,0.054,0.047
2025-08-11T16:00:00,4.772,8.074,2.865,0.061,0.040,0.082
2025-08-11T17:00:00,4.528,9.978,2.712,0.056,0.041,0.139
2025-08-11T18:00:00,1.143,8.377,2.686,0.055,0.175,0.696
2025-08-11T19:00:00,0.013,6.831,2.993,0.301,0.272,2.871
2025-08-11T20:00:00,0.000,11.408,2.993,0.186,0.352,1.342
2025-08-11T21:00:00,0.000,10.967,1.951,0.194,0.291,1.107
2025-08-11T22:00:00,0.000,1.083,0.439,0.085,0.242,0.104
2025-08-11T23:00:00,0.000,0.000,0.424,0.073,0.239,0.049
2025-08-12T00:00:00,0.000,0.000,0.432,0.204,0.065,0.048
2025-08-12T01:00:00,0.000,0.000,0.403,0.055,0.040,0.050
2025-08-12T02:00:00,0.000,0.000,0.502,0.053,0.041,0.048
2025-08-12T03:00:00,0.000,0.000,0.293,0.188,0.041,0.055
2025-08-12T04:00:00,0.000,0.000,0.242,0.263,0.041,0.057
2025-08-12T05:00:00,0.000,0.500,0.294,0.433,0.040,0.047
2025-08-12T06:00:00,0.000,2.157,0.254,0.573,0.888,1.003
2025-08-12T07:00:00,0.750,2.273,0.411,0.511,0.233,1.039
2025-08-12T08:00:00,2.890,7.147,0.825,1.575,0.039,0.568
2025-08-12T09:00:00,3.938,9.429,2.873,0.409,0.091,0.418
2025-08-12T10:00:00,3.282,9.139,3.004,0.972,0.271,0.244
2025-08-12T11:00:00,1.708,11.655,3.263,0.694,0.109,0.199
2025-08-12T12:00:00,1.372,9.694,3.156,1.043,0.193,0.069
2025-08-12T13:00:00,4.285,15.797,3.168,0.405,0.043,0.160
2025-08-12T14:00:00,4.180,18.225,3.082,1.116,0.046,0.171
2025-08-12T15:00:00,4.158,18.287,2.300,0.151,0.058,0.114
2025-08-12T16:00:00,3.836,18.095,3.068,0.150,0.055,1.011
2025-08-12T17:00:00,3.582,18.761,2.782,0.062,0.115,2.095
2025-08-12T18:00:00,0.917,18.503,2.810,0.133,0.078,1.730
2025-08-12T19:00:00,0.000,15.836,1.092,0.611,0.262,1.462
2025-08-12T20:00:00,0.000,8.400,0.236,0.191,0.315,0.914
2025-08-12T21:00:00,0.000,0.250,0.225,0.265,0.454,0.208
2025-08-12T22:00:00,0.000,0.000,0.514,0.076,0.470,0.267
2025-08-12T23:00:00,0.000,0.000,0.385,0.054,0.106,0.279
2025-08-13T00:00:00,0.000,0.000,0.443,0.055,0.040,0.048
2025-08-13T01:00:00,0.000,0.000,0.461,0.054,0.042,0.046
2025-08-13T02:00:00,0.000,0.000,0.467,0.057,0.042,0.058
2025-08-13T03:00:00,0.000,0.000,0.362,0.054,0.042,0.047
2025-08-13T04:00:00,0.000,0.000,0.460,0.053,0.041,0.050
2025-08-13T05:00:00,0.000,0.000,0.541,0.222,0.042,0.050
2025-08-13T06:00:00,0.000,0.455,0.383,0.905,0.040,2.088
2025-08-13T07:00:00,0.333,0.887,0.541,0.740,0.975,1.787
2025-08-13T08:00:00,5.360,8.673,0.410,0.859,0.359,1.004
2025-08-13T09:00:00,6.314,10.570,0.550,0.296,0.044,0.197
2025-08-13T10:00:00,3.223,13.291,1.804,0.605,0.055,0.155
2025-08-13T11:00:00,2.567,13.243,3.380,0.054,0.108,0.073
2025-08-13T12:00:00,6.051,14.497,2.748,0.571,0.188,0.262
2025-08-13T13:00:00,6.179,13.661,3.562,0.069,0.247,0.100
2025-08-13T14:00:00,6.241,14.177,3.655,0.140,0.058,0.062
2025-08-13T15:00:00,6.253,13.530,3.133,0.369,0.083,0.085
2025-08-13T16:00:00,6.050,9.744,3.507,0.268,0.061,0.093
2025-08-13T17:00:00,4.258,13.347,3.389,0.052,0.077,0.989
2025-08-13T18:00:00,0.728,18.347,2.442,0.053,0.082,1.773
2025-08-13T19:00:00,0.000,17.593,3.363,0.327,0.726,1.574
2025-08-13T20:00:00,0.000,12.105,2.673,0.537,0.338,1.189
2025-08-13T21:00:00,0.000,1.000,1.783,0.693,0.250,1.058
2025-08-13T22:00:00,0.000,0.000,0.507,0.071,0.503,0.187
2025-08-13T23:00:00,0.000,0.000,0.417,0.054,0.172,0.048
2025-08-14T00:00:00,0.000,0.000,0.464,0.050,0.042,0.048
2025-08-14T01:00:00,0.000,0.000,0.271,0.052,0.040,0.048
2025-08-14T02:00:00,0.000,0.000,0.339,0.060,0.042,0.050
2025-08-14T03:00:00,0.000,0.000,0.466,0.160,0.040,0.050
2025-08-14T04:00:00,0.000,0.000,0.530,0.248,0.045,0.054
2025-08-14T05:00:00,0.000,0.000,0.394,0.324,0.040,0.050
2025-08-14T06:00:00,0.000,0.000,0.462,0.883,0.051,1.273
2025-08-14T07:00:00,1.760,3.667,0.462,0.482,0.149,0.847
2025-08-14T08:00:00,2.048,8.574,0.394,0.191,2.654,0.533
2025-08-14T09:00:00,3.107,7.650,0.428,0.053,2.519,0.174
2025-08-14T10:00:00,3.826,9.183,0.678,0.054,0.296,0.195
2025-08-14T11:00:00,3.495,9.169,2.456,0.585,0.042,0.119
2025-08-14T12:00:00,3.841,12.933,3.083,1.559,0.044,0.083
2025-08-14T13:00:00,3.558,12.732,3.283,0.813,0.043,0.114
2025-08-14T14:00:00,4.365,13.493,3.468,0.056,0.039,0.150
2025-08-14T15:00:00,5.428,11.668,3.480,0.347,0.042,0.087
2025-08-14T16:00:00,4.407,13.895,3.236,0.123,0.043,0.097
2025-08-14T17:00:00,1.753,10.455,2.972,0.052,0.165,0.238
2025-08-14T18:00:00,0.937,18.722,3.180,0.137,2.549,2.654
2025-08-14T19:00:00,0.027,17.179,3.021,0.305,1.031,2.100
2025-08-14T20:00:00,0.000,12.118,0.665,2.397,0.304,0.408
2025-08-14T21:00:00,0.000,7.919,0.197,0.574,0.371,0.821
2025-08-14T22:00:00,0.000,0.185,0.231,0.188,0.267,0.603
2025-08-14T23:00:00,0.000,0.000,0.311,0.139,0.039,0.213
2025-08-15T00:00:00,0.000,0.000,0.496,0.056,0.040,0.049
2025-08-15T01:00:00,0.000,0.000,0.414,0.055,0.041,0.047
2025-08-15T02:00:00,0.000,0.000,0.512,0.056,0.042,0.052
2025-08-15T03:00:00,0.000,0.000,0.419,0.055,0.039,0.057
2025-08-15T04:00:00,0.000,0.000,0.293,0.053,0.039,0.049
2025-08-15T05:00:00,0.000,0.000,0.248,0.112,0.041,0.050
2025-08-15T06:00:00,0.000,1.665,0.214,0.058,0.041,1.311
2025-08-15T07:00:00,0.000,6.027,0.311,0.604,0.986,0.153
2025-08-15T08:00:00,0.253,7.781,0.496,0.781,0.044,1.261
2025-08-15T09:00:00,0.337,3.710,1.345,0.091,0.040,0.084
2025-08-15T10:00:00,2.708,7.421,3.729,0.085,0.035,0.136
2025-08-15T11:00:00,4.762,6.314,4.096,0.936,0.038,0.201
2025-08-15T12:00:00,6.123,7.070,4.033,1.762,0.041,0.118
2025-08-15T13:00:00,5.090,6.417,4.191,0.779,0.042,0.069
2025-08-15T14:00:00,3.879,8.430,3.833,1.553,0.043,0.047
2025-08-15T15:00:00,5.976,19.160,3.290,0.832,0.039,0.047
2025-08-15T16:00:00,7.185,20.047,2.634,0.053,0.041,0.057
2025-08-15T17:00:00,5.211,19.783,3.022,0.053,0.038,0.602
2025-08-15T18:00:00,2.188,18.930,3.641,0.055,0.105,2.374
2025-08-15T19:00:00,1.750,18.307,2.955,0.488,0.325,1.985
2025-08-15T20:00:00,0.000,5.847,2.982,0.265,0.602,1.423
2025-08-15T21:00:00,0.000,12.197,0.847,0.257,0.466,0.575
2025-08-15T22:00:00,0.000,0.000,0.451,0.104,0.289,0.296
2025-08-15T23:00:00,0.000,0.000,0.429,0.055,0.197,0.197
2025-08-16T00:00:00,0.000,0.000,0.513,0.055,0.040,0.048
2025-08-16T01:00:00,0.000,0.000,0.358,0.054,0.039,0.049
2025-08-16T02:00:00,0.000,0.000,0.519,0.056,0.041,0.051
2025-08-16T03:00:00,0.000,0.000,0.603,0.061,0.040,0.052
2025-08-16T04:00:00,0.000,0.000,0.394,0.386,0.041,0.050
2025-08-16T05:00:00,0.000,0.000,0.402,0.327,0.039,0.051
2025-08-16T06:00:00,0.000,0.000,0.225,0.686,0.714,0.048
2025-08-16T07:00:00,0.000,9.325,0.220,0.600,0.492,1.335
2025-08-16T08:00:00,0.000,9.611,0.208,0.504,1.316,1.814
2025-08-16T09:00:00,0.000,11.929,1.670,0.359,0.997,2.374
2025-08-16T10:00:00,0.000,11.564,2.198,0.053,0.137,2.614
2025-08-16T11:00:00,0.000,12.611,2.580,0.054,4.057,3.938
2025-08-16T12:00:00,0.000,13.189,3.577,0.054,3.813,1.403
2025-08-16T13:00:00,0.000,14.209,3.227,0.054,0.621,0.225
2025-08-16T14:00:00,0.000,12.717,3.406,0.057,0.147,0.972
2025-08-16T15:00:00,0.000,11.800,3.493,0.933,0.963,0.212
2025-08-16T16:00:00,0.000,13.064,3.311,0.514,0.067,0.428
2025-08-16T17:00:00,0.000,12.688,2.947,0.099,0.173,0.123
2025-08-16T18:00:00,0.000,13.145,2.901,0.055,0.040,0.074
2025-08-16T19:00:00,0.000,12.770,2.344,0.378,2.577,0.263
2025-08-16T20:00:00,0.000,1.966,1.737,0.895,2.434,0.400
2025-08-16T21:00:00,0.000,1.754,0.766,0.701,1.457,0.450
2025-08-16T22:00:00,0.000,0.000,0.449,0.194,0.559,0.151
2025-08-16T23:00:00,0.000,0.000,0.512,0.161,0.039,0.050
2025-08-17T00:00:00,0.000,0.000,0.424,0.053,0.042,0.047
2025-08-17T01:00:00,0.000,0.000,0.489,0.054,0.041,0.047
2025-08-17T02:00:00,0.000,0.000,0.463,0.056,0.041,0.054
2025-08-17T03:00:00,0.000,0.000,0.514,0.073,0.040,0.056
2025-08-17T04:00:00,0.000,0.000,0.394,0.088,0.039,0.049
2025-08-17T05:00:00,0.000,0.000,0.504,0.086,0.042,0.047
2025-08-17T06:00:00,0.000,3.335,0.630,0.612,0.822,0.330
2025-08-17T07:00:00,0.000,16.155,0.360,0.524,0.638,0.926
2025-08-17T08:00:00,0.000,11.763,0.530,0.581,0.328,0.393
2025-08-17T09:00:00,0.000,8.147,0.408,0.056,0.175,1.678
2025-08-17T10:00:00,0.000,9.972,1.493,0.115,0.630,0.503
2025-08-17T11:00:00,0.000,7.497,3.142,0.171,0.659,2.502
2025-08-17T12:00:00,0.000,7.870,3.391,0.055,0.937,1.712
2025-08-17T13:00:00,0.000,5.270,3.058,0.766,0.040,1.055
2025-08-17T14:00:00,0.000,9.747,3.368,0.244,0.523,1.086
2025-08-17T15:00:00,0.000,12.410,3.118,0.496,0.585,0.859
2025-08-17T16:00:00,0.000,9.253,3.325,0.349,0.041,0.221
2025-08-17T17:00:00,0.000,10.370,3.526,0.056,0.039,0.083
2025-08-17T18:00:00,0.000,9.231,3.407,0.051,0.086,0.867
2025-08-17T19:00:00,0.000,18.628,2.848,0.131,0.375,0.747
2025-08-17T20:00:00,0.000,15.830,1.831,0.374,0.328,1.196
2025-08-17T21:00:00,0.000,13.083,0.547,0.259,0.813,0.709
2025-08-17T22:00:00,0.000,0.000,0.180,0.054,0.239,0.290
2025-08-17T23:00:00,0.000,0.000,0.265,0.057,0.099,0.050
2025-08-18T00:00:00,0.000,0.000,0.300,0.053,0.042,0.050
2025-08-18T01:00:00,0.000,0.000,0.484,0.052,0.040,0.048
2025-08-18T02:00:00,0.000,0.000,0.254,0.057,0.041,0.049
2025-08-18T03:00:00,0.000,0.000,0.208,0.057,0.041,0.050
2025-08-18T04:00:00,0.000,0.000,0.237,0.400,0.041,0.051
2025-08-18T05:00:00,0.000,0.000,0.225,0.351,0.039,0.054
2025-08-18T06:00:00,0.000,5.870,0.220,0.549,0.041,1.333
2025-08-18T07:00:00,0.130,7.486,0.242,0.757,0.753,1.213
2025-08-18T08:00:00,3.942,7.496,0.203,0.057,0.273,0.097
2025-08-18T09:00:00,2.037,7.590,0.259,0.053,0.039,0.133
2025-08-18T10:00:00,3.091,8.463,1.095,0.053,0.040,0.201
2025-08-18T11:00:00,3.120,9.030,2.285,0.254,0.038,0.114
2025-08-18T12:00:00,3.755,12.650,3.226,1.291,0.042,0.089
2025-08-18T13:00:00,3.806,17.803,3.332,0.292,0.042,0.153
2025-08-18T14:00:00,4.145,17.587,3.566,0.688,0.042,0.090
2025-08-18T15:00:00,5.963,18.117,3.645,0.903,0.041,0.067
2025-08-18T16:00:00,2.584,15.020,3.472,0.151,0.093,0.392
2025-08-18T17:00:00,3.265,11.503,3.755,0.114,0.073,1.840
2025-08-18T18:00:00,0.940,9.821,2.970,0.057,0.082,2.056
2025-08-18T19:00:00,0.313,13.295,2.956,0.054,1.019,1.554
2025-08-18T20:00:00,0.000,2.972,1.974,0.056,0.769,0.314
2025-08-18T21:00:00,0.000,0.823,1.397,0.911,0.539,1.147
2025-08-18T22:00:00,0.000,0.000,0.383,0.321,0.318,0.294
2025-08-18T23:00:00,0.000,0.000,0.541,0.054,0.062,0.048
2025-08-19T00:00:00,0.000,0.000,0.414,0.053,0.040,0.047
2025-08-19T01:00:00,0.000,0.000,0.306,0.055,0.033,0.050
2025-08-19T02:00:00,0.000,0.000,0.231,0.054,0.042,0.050
2025-08-19T03:00:00,0.000,0.000,0.293,0.054,0.042,0.056
2025-08-19T04:00:00,0.000,0.000,0.583,0.251,0.039,0.050
2025-08-19T05:00:00,0.000,0.000,0.383,0.091,0.103,0.048
2025-08-19T06:00:00,0.000,0.000,0.462,0.798,0.782,0.849
2025-08-19T07:00:00,0.708,3.940,0.462,0.088,0.933,1.179
2025-08-19T08:00:00,5.024,8.428,0.383,0.304,0.358,0.110
2025-08-19T09:00:00,2.873,6.854,1.491,0.402,0.044,0.189
2025-08-19T10:00:00,3.401,12.518,3.451,0.745,0.042,0.343
2025-08-19T11:00:00,5.592,8.706,3.281,0.555,0.035,0.128
2025-08-19T12:00:00,4.900,13.986,3.297,0.818,0.037,0.134
2025-08-19T13:00:00,6.625,18.878,3.409,1.150,0.040,0.158
2025-08-19T14:00:00,4.329,14.923,3.771,0.540,0.041,0.451
2025-08-19T15:00:00,2.706,19.490,3.952,0.053,0.042,0.169
2025-08-19T16:00:00,3.425,19.073,3.130,0.056,0.040,0.146
2025-08-19T17:00:00,5.020,18.180,3.603,0.305,0.041,0.539
2025-08-19T18:00:00,0.349,16.963,3.548,0.195,0.363,1.198
2025-08-19T19:00:00,0.000,8.383,2.971,0.222,0.359,0.878
2025-08-19T20:00:00,0.000,12.962,0.556,0.627,0.282,1.143
2025-08-19T21:00:00,0.000,10.470,0.485,0.288,0.241,0.607
2025-08-19T22:00:00,0.000,0.000,0.383,0.148,0.069,0.528
2025-08-19T23:00:00,0.000,0.000,0.496,0.066,0.042,0.073
2025-08-20T00:00:00,0.000,0.000,0.271,0.053,0.042,0.050
2025-08-20T01:00:00,0.000,0.000,0.432,0.054,0.040,0.050
2025-08-20T02:00:00,0.000,0.000,0.556,0.054,0.041,0.049
2025-08-20T03:00:00,0.000,0.000,0.271,0.056,0.041,0.054
2025-08-20T04:00:00,0.000,0.000,0.214,0.224,0.038,0.054
2025-08-20T05:00:00,0.000,0.000,0.248,0.467,0.105,0.051
2025-08-20T06:00:00,0.000,1.917,0.191,0.568,0.741,0.073
2025-08-20T07:00:00,0.000,8.305,0.271,0.080,0.850,1.210
2025-08-20T08:00:00,0.287,6.935,0.203,0.939,3.099,1.639
2025-08-20T09:00:00,2.003,5.756,0.335,0.691,2.426,0.620
2025-08-20T10:00:00,5.940,18.924,1.767,3.766,0.233,0.639
2025-08-20T11:00:00,3.938,12.291,3.017,0.137,0.042,0.591
2025-08-20T12:00:00,4.027,7.560,2.579,0.704,0.042,0.318
2025-08-20T13:00:00,5.851,3.610,3.009,0.054,0.041,0.335
2025-08-20T14:00:00,5.863,17.697,2.971,0.055,0.043,0.196
2025-08-20T15:00:00,6.477,13.657,3.019,0.127,0.039,0.211
2025-08-20T16:00:00,6.074,11.953,3.297,0.174,0.041,0.055
2025-08-20T17:00:00,5.830,13.107,2.949,0.054,0.438,0.086
2025-08-20T18:00:00,5.441,8.378,3.541,1.228,1.114,0.156
2025-08-20T19:00:00,0.000,12.419,2.713,0.804,0.861,1.266
2025-08-20T20:00:00,0.000,10.851,2.401,0.275,0.374,0.635
2025-08-20T21:00:00,0.000,5.833,1.130,0.649,0.372,1.472
2025-08-20T22:00:00,0.000,0.000,0.516,0.121,0.279,0.668
2025-08-20T23:00:00,0.000,0.000,0.473,0.057,0.108,0.047
2025-08-21T00:00:00,0.000,0.000,0.413,0.052,0.042,0.048
2025-08-21T01:00:00,0.000,0.000,0.391,0.053,0.041,0.049
2025-08-21T02:00:00,0.000,0.000,0.443,0.056,0.042,0.048
2025-08-21T03:00:00,0.000,0.000,0.254,0.056,0.040,0.052
2025-08-21T04:00:00,0.000,0.000,0.191,0.108,0.041,0.056
2025-08-21T05:00:00,0.000,0.000,0.502,0.156,0.039,0.054
2025-08-21T06:00:00,0.000,6.178,0.340,0.892,0.042,0.740
2025-08-21T07:00:00,0.000,8.904,0.518,0.495,0.923,1.029
2025-08-21T08:00:00,0.246,15.503,0.394,0.061,0.045,0.787
2025-08-21T09:00:00,3.609,18.770,0.533,0.055,0.041,0.312
2025-08-21T10:00:00,6.975,19.000,1.067,0.053,0.040,0.371
2025-08-21T11:00:00,3.567,17.844,2.719,0.056,0.039,0.175
2025-08-21T12:00:00,1.690,19.115,2.901,0.197,0.042,0.102
2025-08-21T13:00:00,2.558,18.117,2.043,1.448,0.041,0.097
2025-08-21T14:00:00,6.544,18.075,2.224,0.453,0.041,0.085
2025-08-21T15:00:00,6.604,18.406,3.096,0.709,0.039,0.192
2025-08-21T16:00:00,6.920,18.056,2.661,0.460,0.041,0.331
2025-08-21T17:00:00,5.771,8.818,2.749,0.516,0.578,1.112
2025-08-21T18:00:00,5.710,16.217,3.262,0.140,0.388,0.823
2025-08-21T19:00:00,3.000,4.581,3.452,0.860,0.269,1.352
2025-08-21T20:00:00,0.000,8.154,2.211,0.284,0.484,0.919
2025-08-21T21:00:00,0.000,2.197,0.538,0.243,0.598,0.354
2025-08-21T22:00:00,0.000,0.359,0.271,0.130,0.280,1.236
2025-08-21T23:00:00,0.000,0.000,0.288,0.054,0.041,0.048
2025-08-22T00:00:00,0.000,0.000,0.271,0.056,0.039,0.049
2025-08-22T01:00:00,0.000,0.000,0.345,0.055,0.039,0.054
2025-08-22T02:00:00,0.000,0.000,0.524,0.057,0.039,0.054
2025-08-22T03:00:00,0.000,0.000,0.442,0.054,0.042,0.052
2025-08-22T04:00:00,0.000,0.000,0.457,0.115,0.041,0.048
2025-08-22T05:00:00,0.000,0.000,0.462,0.295,0.040,0.048
2025-08-22T06:00:00,0.000,0.000,0.394,0.568,0.878,0.856
2025-08-22T07:00:00,0.042,7.975,0.530,0.102,0.873,1.100
2025-08-22T08:00:00,1.917,11.590,0.383,0.162,0.309,1.116
2025-08-22T09:00:00,3.216,11.211,0.539,0.256,0.046,0.082
2025-08-22T10:00:00,5.188,16.735,2.046,0.056,0.042,0.069
2025-08-22T11:00:00,4.117,11.197,3.524,0.159,0.042,0.089
2025-08-22T12:00:00,4.440,13.417,3.379,0.172,0.040,0.205
2025-08-22T13:00:00,4.355,12.707,3.033,0.053,0.041,0.265
2025-08-22T14:00:00,4.633,8.648,3.191,0.600,0.039,0.070
2025-08-22T15:00:00,3.742,12.264,3.033,1.140,0.042,0.120
2025-08-22T16:00:00,3.459,12.457,3.429,0.859,0.040,0.205
2025-08-22T17:00:00,3.344,15.591,3.389,0.054,0.381,0.334
2025-08-22T18:00:00,0.933,18.387,3.428,0.066,0.673,1.581
2025-08-22T19:00:00,0.000,18.379,2.367,0.143,3.770,0.890
2025-08-22T20:00:00,0.000,7.434,0.935,0.454,1.840,0.705
2025-08-22T21:00:00,0.000,0.000,0.503,0.515,0.708,0.828
2025-08-22T22:00:00,0.000,0.000,0.191,0.673,0.397,0.139
2025-08-22T23:00:00,0.000,0.000,0.530,0.055,0.169,0.049
2025-08-23T00:00:00,0.000,0.000,0.380,0.054,0.042,0.050
2025-08-23T01:00:00,0.000,0.000,0.391,0.055,0.039,0.048
2025-08-23T02:00:00,0.000,0.000,0.403,0.053,0.041,0.049
2025-08-23T03:00:00,0.000,0.000,0.504,0.054,0.039,0.050
2025-08-23T04:00:00,0.000,0.000,0.519,0.054,0.039,0.050
2025-08-23T05:00:00,0.000,0.000,0.530,0.308,0.041,0.056
2025-08-23T06:00:00,0.000,2.274,0.360,0.635,0.041,1.535
2025-08-23T07:00:00,0.000,6.560,0.530,0.203,0.746,1.212
2025-08-23T08:00:00,0.000,6.560,0.360,0.612,0.066,0.930
2025-08-23T09:00:00,0.000,7.501,0.530,1.007,0.160,1.976
2025-08-23T10:00:00,0.000,8.041,0.591,0.391,0.194,2.499
2025-08-23T11:00:00,0.000,6.953,2.823,0.527,1.220,1.464
2025-08-23T12:00:00,0.000,8.868,2.994,0.276,0.096,1.453
2025-08-23T13:00:00,0.000,17.640,3.275,0.173,0.736,1.046
2025-08-23T14:00:00,0.000,10.068,3.506,0.056,0.472,0.075
2025-08-23T15:00:00,0.000,2.495,3.509,0.057,0.039,0.366
2025-08-23T16:00:00,0.000,7.300,3.551,0.201,0.040,1.213
2025-08-23T17:00:00,0.000,14.108,3.149,0.289,0.042,0.166
2025-08-23T18:00:00,0.000,7.704,2.868,0.055,0.187,0.628
2025-08-23T19:00:00,0.000,7.830,2.848,0.143,0.301,1.193
2025-08-23T20:00:00,0.000,4.741,2.821,0.407,0.366,0.452
2025-08-23T21:00:00,0.000,0.800,1.322,0.388,0.396,0.388
2025-08-23T22:00:00,0.000,0.000,0.180,0.079,0.103,0.193
2025-08-23T23:00:00,0.000,0.000,0.265,0.069,0.041,0.050
2025-08-24T00:00:00,0.000,0.000,0.254,0.053,0.041,0.048
2025-08-24T01:00:00,0.000,0.000,0.446,0.054,0.041,0.055
2025-08-24T02:00:00,0.000,0.000,0.484,0.054,0.041,0.047
2025-08-24T03:00:00,0.000,0.000,0.191,0.056,0.040,0.050
2025-08-24T04:00:00,0.000,0.000,0.237,0.053,0.040,0.051
2025-08-24T05:00:00,0.000,0.000,0.225,0.194,0.173,0.109
2025-08-24T06:00:00,0.000,0.000,0.191,0.757,1.527,1.166
2025-08-24T07:00:00,0.000,6.711,0.461,0.764,0.712,0.340
2025-08-24T08:00:00,0.000,11.884,0.478,0.125,0.538,0.594
2025-08-24T09:00:00,0.000,10.543,0.783,0.053,0.247,1.604
2025-08-24T10:00:00,0.000,12.177,2.949,0.050,0.860,1.258
2025-08-24T11:00:00,0.000,11.422,3.242,0.544,0.169,2.465
2025-08-24T12:00:00,0.000,6.841,3.418,0.572,0.938,1.074
2025-08-24T13:00:00,0.000,9.824,3.511,0.056,0.344,0.083
2025-08-24T14:00:00,0.000,13.750,3.516,0.227,0.133,1.788
2025-08-24T15:00:00,0.000,12.817,3.022,0.090,0.399,0.347
2025-08-24T16:00:00,0.000,11.320,3.106,0.056,0.104,0.098
2025-08-24T17:00:00,0.000,12.950,3.431,0.189,0.049,0.090
2025-08-24T18:00:00,0.000,18.167,2.438,0.161,0.164,0.393
2025-08-24T19:00:00,0.000,11.809,1.372,0.307,0.598,1.217
2025-08-24T20:00:00,0.000,5.100,0.478,0.268,0.577,0.685
2025-08-24T21:00:00,0.000,0.000,0.191,0.474,0.525,1.438
2025-08-24T22:00:00,0.000,0.000,0.254,0.181,0.241,0.385
2025-08-24T23:00:00,0.000,0.000,0.266,0.080,0.241,0.078
2025-08-25T00:00:00,0.000,0.000,0.484,0.053,0.052,0.050
2025-08-25T01:00:00,0.000,0.000,0.277,0.056,0.039,0.047
2025-08-25T02:00:00,0.000,0.000,0.288,0.056,0.039,0.051
2025-08-25T03:00:00,0.000,0.000,0.265,0.054,0.043,0.050
2025-08-25T04:00:00,0.000,0.000,0.191,0.054,0.041,0.055
2025-08-25T05:00:00,0.000,0.000,0.254,0.231,0.043,0.051
2025-08-25T06:00:00,0.000,0.000,0.208,0.090,0.936,0.734
2025-08-25T07:00:00,0.000,4.083,0.203,0.706,0.140,1.257
2025-08-25T08:00:00,0.000,10.254,0.271,1.740,0.036,0.962
2025-08-25T09:00:00,0.073,12.270,0.842,0.757,0.036,0.716
2025-08-25T10:00:00,3.835,11.920,2.823,0.053,0.043,0.292
2025-08-25T11:00:00,6.250,11.593,3.502,0.054,0.044,0.226
2025-08-25T12:00:00,5.887,13.305,3.372,0.054,0.071,0.235
2025-08-25T13:00:00,5.890,12.439,3.428,0.275,0.053,0.063
2025-08-25T14:00:00,5.390,16.964,2.899,0.422,0.157,0.129
2025-08-25T15:00:00,5.418,17.843,2.538,0.748,0.039,0.199
2025-08-25T16:00:00,5.727,12.037,2.574,0.152,0.039,0.603
2025-08-25T17:00:00,3.707,14.082,2.618,0.165,0.042,1.405
2025-08-25T18:00:00,0.447,13.630,3.439,1.031,0.316,0.572
2025-08-25T19:00:00,0.048,12.883,3.006,0.292,0.332,1.234
2025-08-25T20:00:00,0.012,12.300,0.893,0.718,0.392,0.282
2025-08-25T21:00:00,0.000,5.571,0.443,0.509,0.730,0.420
2025-08-25T22:00:00,0.000,0.000,0.265,0.415,0.231,0.332
2025-08-25T23:00:00,0.000,0.000,0.265,0.056,0.040,0.055
2025-08-26T00:00:00,0.000,0.000,0.478,0.056,0.042,0.050
2025-08-26T01:00:00,0.000,0.000,0.386,0.054,0.040,0.049
2025-08-26T02:00:00,0.000,0.000,0.208,0.054,0.041,0.051
2025-08-26T03:00:00,0.000,0.000,0.345,0.055,0.042,0.050
2025-08-26T04:00:00,0.000,0.000,0.455,0.304,0.040,0.049
2025-08-26T05:00:00,0.000,0.000,0.347,0.329,0.039,0.049
2025-08-26T06:00:00,0.000,2.908,0.414,0.557,0.652,0.717
2025-08-26T07:00:00,0.000,3.130,0.191,0.668,0.721,1.811
2025-08-26T08:00:00,0.210,8.163,0.271,0.597,0.958,0.110
2025-08-26T09:00:00,0.186,13.960,0.811,0.494,0.098,0.083
2025-08-26T10:00:00,3.521,14.613,3.020,0.108,0.601,0.055
2025-08-26T11:00:00,5.070,14.130,3.030,2.439,1.681,0.213
2025-08-26T12:00:00,3.457,13.573,3.018,0.624,3.898,0.049
2025-08-26T13:00:00,4.100,13.732,3.059,0.282,2.055,0.097
2025-08-26T14:00:00,2.988,13.813,3.026,1.285,0.058,0.117
2025-08-26T15:00:00,3.507,12.910,2.922,0.521,0.176,0.311
2025-08-26T16:00:00,3.790,18.409,3.205,0.205,0.241,1.824
2025-08-26T17:00:00,3.552,13.366,3.323,0.163,0.461,0.976
2025-08-26T18:00:00,4.537,18.420,2.961,0.118,0.195,0.439
2025-08-26T19:00:00,3.905,18.067,2.495,0.327,0.223,1.131
2025-08-26T20:00:00,0.833,8.639,0.828,0.617,0.171,1.286
2025-08-26T21:00:00,0.000,10.254,0.373,0.256,0.039,0.955
2025-08-26T22:00:00,0.000,0.000,0.368,0.079,0.040,0.335
2025-08-26T23:00:00,0.000,0.000,0.220,0.054,0.041,0.065
2025-08-27T00:00:00,0.000,0.000,0.392,0.050,0.034,0.048
2025-08-27T01:00:00,0.000,0.000,0.300,0.051,0.042,0.058
2025-08-27T02:00:00,0.000,0.000,0.259,0.056,0.047,0.047
2025-08-27T03:00:00,0.000,0.000,0.186,0.118,0.039,0.048
2025-08-27T04:00:00,0.000,0.000,0.259,0.211,0.042,0.051
2025-08-27T05:00:00,0.000,0.000,0.186,0.092,0.041,0.059
2025-08-27T06:00:00,0.000,0.667,0.259,0.090,0.684,1.312
2025-08-27T07:00:00,0.000,6.111,0.186,1.044,0.203,0.329
2025-08-27T08:00:00,2.167,11.716,1.132,0.962,0.041,0.135
2025-08-27T09:00:00,2.755,18.117,2.083,1.195,0.040,0.146
2025-08-27T10:00:00,3.646,18.277,3.198,0.098,0.042,0.085
2025-08-27T11:00:00,4.453,19.425,3.458,0.098,0.037,0.525
2025-08-27T12:00:00,6.737,11.224,3.263,0.750,0.036,0.085
2025-08-27T13:00:00,6.290,7.619,1.948,0.196,0.042,0.212
2025-08-27T14:00:00,6.645,12.210,1.096,0.053,0.041,0.275
2025-08-27T15:00:00,6.560,18.411,1.054,0.232,0.041,0.192
2025-08-27T16:00:00,4.440,18.483,1.520,1.152,0.465,0.287
2025-08-27T17:00:00,4.707,15.137,3.022,0.103,0.797,0.236
2025-08-27T18:00:00,1.257,10.683,2.943,0.145,0.417,0.360
2025-08-27T19:00:00,0.000,16.673,2.846,0.387,0.240,1.186
2025-08-27T20:00:00,0.000,4.976,2.218,0.826,0.318,0.242
2025-08-27T21:00:00,0.000,0.110,0.309,0.362,0.314,0.214
2025-08-27T22:00:00,0.000,0.000,0.203,0.123,0.394,0.284
2025-08-27T23:00:00,0.000,0.000,0.259,0.052,0.153,0.264
2025-08-28T00:00:00,0.000,0.000,0.519,0.054,0.041,0.048
2025-08-28T01:00:00,0.000,0.000,0.379,0.053,0.042,0.056
2025-08-28T02:00:00,0.000,0.000,0.420,0.054,0.041,0.050
2025-08-28T03:00:00,0.000,0.000,0.473,0.088,0.041,0.051
2025-08-28T04:00:00,0.000,0.000,0.359,0.255,0.039,0.049
2025-08-28T05:00:00,0.000,0.000,0.391,0.251,0.039,0.048
2025-08-28T06:00:00,0.000,2.817,0.404,0.764,0.042,1.352
2025-08-28T07:00:00,0.000,14.383,0.551,0.142,0.571,1.134
2025-08-28T08:00:00,0.000,19.243,0.393,0.052,0.201,0.081
2025-08-28T09:00:00,3.103,18.446,0.351,0.055,0.042,0.048
2025-08-28T10:00:00,5.313,19.039,0.552,0.053,0.040,0.047
2025-08-28T11:00:00,6.703,18.003,2.036,0.184,0.040,0.050
2025-08-28T12:00:00,6.145,18.673,3.277,0.140,0.042,0.053
2025-08-28T13:00:00,4.689,19.331,3.481,0.053,0.041,0.054
2025-08-28T14:00:00,4.594,19.493,3.599,0.707,0.042,0.085
2025-08-28T15:00:00,5.431,16.421,3.447,0.824,0.039,0.116
2025-08-28T16:00:00,6.740,14.245,3.582,0.730,0.041,0.200
2025-08-28T17:00:00,4.017,17.743,3.487,0.084,0.136,0.152
2025-08-28T18:00:00,1.034,18.141,2.817,0.178,0.264,0.589
2025-08-28T19:00:00,0.060,12.177,2.020,0.226,0.720,2.943
2025-08-28T20:00:00,0.000,0.000,0.370,0.276,0.219,0.443
2025-08-28T21:00:00,0.000,0.000,0.602,0.873,0.569,1.465
2025-08-28T22:00:00,0.000,0.000,0.366,0.083,0.344,2.299
2025-08-28T23:00:00,0.000,0.000,0.306,0.053,0.235,0.094
2025-08-29T00:00:00,0.000,0.000,0.438,0.053,0.042,0.053
2025-08-29T01:00:00,0.000,0.000,0.265,0.054,0.042,0.047
2025-08-29T02:00:00,0.000,0.000,0.432,0.054,0.037,0.048
2025-08-29T03:00:00,0.000,0.000,0.363,0.062,0.044,0.050
2025-08-29T04:00:00,0.000,0.000,0.214,0.190,0.040,0.054
2025-08-29T05:00:00,0.000,0.000,0.328,0.114,0.042,0.052
2025-08-29T06:00:00,0.000,3.500,0.530,0.610,0.690,1.288
2025-08-29T07:00:00,4.167,10.616,0.360,0.515,0.181,1.304
2025-08-29T08:00:00,4.250,13.116,0.530,0.459,0.055,0.606
2025-08-29T09:00:00,0.613,14.598,0.385,0.399,0.033,0.049
2025-08-29T10:00:00,3.384,14.647,2.241,0.112,0.041,0.049
2025-08-29T11:00:00,4.469,13.955,3.368,1.605,0.042,0.051
2025-08-29T12:00:00,4.431,13.612,3.642,1.779,0.042,0.055
2025-08-29T13:00:00,3.243,14.049,3.735,0.416,0.040,0.047
2025-08-29T14:00:00,4.505,7.501,3.169,0.851,0.041,0.081
2025-08-29T15:00:00,2.587,14.379,3.473,0.840,0.040,0.089
2025-08-29T16:00:00,1.281,14.188,3.735,0.056,2.859,0.180
2025-08-29T17:00:00,2.548,13.562,3.850,0.053,3.699,0.426
2025-08-29T18:00:00,4.620,5.314,3.686,0.465,1.164,1.531
2025-08-29T19:00:00,1.083,4.693,3.224,0.559,2.007,0.796
2025-08-29T20:00:00,0.000,2.000,2.434,0.501,0.253,1.116
2025-08-29T21:00:00,0.000,1.199,0.508,0.253,0.288,0.507
2025-08-29T22:00:00,0.000,0.297,0.277,0.071,0.357,0.225
2025-08-29T23:00:00,0.000,0.000,0.380,0.052,0.239,0.079
2025-08-30T00:00:00,0.000,0.000,0.525,0.056,0.095,0.046
2025-08-30T01:00:00,0.000,0.000,0.294,0.054,0.045,0.049
2025-08-30T02:00:00,0.000,0.000,0.254,0.056,0.042,0.058
2025-08-30T03:00:00,0.000,0.000,0.265,0.055,0.038,0.050
2025-08-30T04:00:00,0.000,0.000,0.364,0.339,0.041,0.050
2025-08-30T05:00:00,0.000,0.000,0.677,0.366,0.039,0.050
2025-08-30T06:00:00,0.000,0.375,0.474,0.631,0.696,0.463
2025-08-30T07:00:00,0.000,0.805,0.405,0.670,0.465,2.366
2025-08-30T08:00:00,0.000,2.277,0.417,0.780,2.503,0.698
2025-08-30T09:00:00,0.000,10.957,1.561,0.546,2.623,1.164
2025-08-30T10:00:00,0.000,11.608,3.417,0.057,2.675,1.375
2025-08-30T11:00:00,0.000,17.083,3.558,0.061,1.283,1.192
2025-08-30T12:00:00,0.000,13.557,3.594,0.056,1.045,0.981
2025-08-30T13:00:00,0.000,11.702,3.524,0.049,0.077,0.127
2025-08-30T14:00:00,0.000,18.140,3.188,0.160,0.400,1.750
2025-08-30T15:00:00,0.000,18.331,1.844,0.056,0.041,1.590
2025-08-30T16:00:00,0.000,17.560,3.663,0.055,0.039,0.250
2025-08-30T17:00:00,0.000,17.818,3.618,0.055,0.041,0.961
2025-08-30T18:00:00,0.000,17.716,2.886,0.186,0.065,0.114
2025-08-30T19:00:00,0.000,14.180,2.735,0.279,0.321,0.521
2025-08-30T20:00:00,0.000,14.626,0.625,0.189,0.362,1.329
2025-08-30T21:00:00,0.000,15.500,0.348,0.444,0.385,0.216
2025-08-30T22:00:00,0.000,1.167,0.397,0.102,0.294,0.124
2025-08-30T23:00:00,0.000,0.000,0.265,0.074,0.047,0.052
2025-08-31T00:00:00,0.000,0.000,0.479,0.056,0.042,0.053
2025-08-31T01:00:00,0.000,0.000,0.473,0.053,0.041,0.051
2025-08-31T02:00:00,0.000,0.000,0.288,0.056,0.040,0.047
2025-08-31T03:00:00,0.000,0.000,0.248,0.055,0.042,0.049
2025-08-31T04:00:00,0.000,0.000,0.375,0.179,0.040,0.051
2025-08-31T05:00:00,0.000,0.000,0.351,0.227,0.041,0.049
2025-08-31T06:00:00,0.000,2.723,0.346,0.090,0.863,0.320
2025-08-31T07:00:00,0.000,2.486,0.416,0.826,0.374,0.820
2025-08-31T08:00:00,0.000,8.201,0.426,1.014,0.540,1.069
2025-08-31T09:00:00,0.000,18.556,0.371,1.465,0.801,1.447
2025-08-31T10:00:00,0.000,18.600,3.067,0.513,0.452,1.000
2025-08-31T11:00:00,0.000,18.180,3.364,0.054,1.011,0.976
2025-08-31T12:00:00,0.000,18.886,3.240,0.054,0.073,1.568
2025-08-31T13:00:00,0.000,17.709,2.833,1.065,2.760,0.167
2025-08-31T14:00:00,0.000,17.997,2.946,0.054,3.730,1.939
2025-08-31T15:00:00,0.000,17.923,3.083,0.255,2.275,2.591
2025-08-31T16:00:00,0.000,16.168,3.063,0.054,0.754,0.204
2025-08-31T17:00:00,0.000,16.200,3.106,0.054,0.041,0.068
2025-08-31T18:00:00,0.000,15.533,3.174,0.248,0.050,0.852
2025-08-31T19:00:00,0.000,11.433,0.998,0.329,0.243,0.438
2025-08-31T20:00:00,0.000,1.764,0.795,0.361,0.664,0.451
2025-08-31T21:00:00,0.000,0.000,0.277,0.427,0.794,0.477
2025-08-31T22:00:00,0.000,0.000,0.300,0.074,0.316,0.138
2025-08-31T23:00:00,0.000,0.000,0.572,0.072,0.045,0.049
2025-09-01T00:00:00,0.000,0.000,0.368,0.053,0.040,0.050
2025-09-01T01:00:00,0.000,0.000,0.449,0.054,0.039,0.050
2025-09-01T02:00:00,0.000,0.000,0.265,0.056,0.035,0.046
2025-09-01T03:00:00,0.000,0.000,0.254,0.060,0.042,0.056
2025-09-01T04:00:00,0.000,0.000,0.208,0.137,0.041,0.051
2025-09-01T05:00:00,0.000,0.000,0.237,0.179,0.042,0.047
2025-09-01T06:00:00,0.000,6.033,0.225,0.652,0.623,2.215
2025-09-01T07:00:00,0.000,3.354,0.220,0.352,0.435,1.063
2025-09-01T08:00:00,0.000,10.599,0.242,0.394,0.041,0.083
2025-09-01T09:00:00,1.107,9.561,1.800,0.057,0.042,0.066
2025-09-01T10:00:00,5.793,11.670,2.323,0.745,0.041,0.056
2025-09-01T11:00:00,6.520,12.380,2.853,0.737,0.041,0.047
2025-09-01T12:00:00,6.725,13.093,2.513,0.600,0.039,0.047
2025-09-01T13:00:00,6.680,13.635,3.011,0.059,0.040,0.048
2025-09-01T14:00:00,4.555,13.227,2.825,0.185,0.039,0.066
2025-09-01T15:00:00,4.117,12.106,3.105,1.130,0.041,0.199
2025-09-01T16:00:00,5.225,17.348,3.318,1.399,0.043,0.275
2025-09-01T17:00:00,1.201,18.868,3.112,0.057,0.066,0.287
2025-09-01T18:00:00,0.349,4.101,2.335,0.052,0.379,0.127
2025-09-01T19:00:00,0.000,8.384,2.526,0.099,1.309,4.712
2025-09-01T20:00:00,0.000,8.914,1.207,0.869,0.521,3.265
2025-09-01T21:00:00,0.000,5.833,0.248,0.234,0.352,1.172
2025-09-01T22:00:00,0.000,0.000,0.214,0.062,0.209,0.151
2025-09-01T23:00:00,0.000,0.000,0.271,0.056,0.037,0.053
2025-09-02T00:00:00,0.000,0.000,0.420,0.054,0.035,0.053
2025-09-02T01:00:00,0.000,0.000,0.420,0.056,0.041,0.049
2025-09-02T02:00:00,0.000,0.000,0.248,0.054,0.041,0.045
2025-09-02T03:00:00,0.000,0.000,0.197,0.053,0.047,0.054
2025-09-02T04:00:00,0.000,0.000,0.248,0.150,0.042,0.050
2025-09-02T05:00:00,0.000,3.250,0.197,0.124,0.039,0.049
2025-09-02T06:00:00,0.000,14.250,0.248,0.091,1.014,1.326
2025-09-02T07:00:00,0.000,12.700,0.197,0.702,0.447,0.795
2025-09-02T08:00:00,0.000,5.138,0.248,0.094,0.053,0.079
2025-09-02T09:00:00,1.167,11.566,0.289,0.351,0.041,0.047
2025-09-02T10:00:00,4.626,13.584,0.701,1.336,0.041,0.048
2025-09-02T11:00:00,4.958,14.097,3.146,0.391,0.038,0.048
2025-09-02T12:00:00,5.554,13.527,3.495,0.091,0.041,0.046
2025-09-02T13:00:00,5.612,13.267,3.552,0.055,0.040,0.091
2025-09-02T14:00:00,3.937,14.013,3.147,0.056,0.042,0.190
2025-09-02T15:00:00,3.250,13.780,3.255,0.775,0.039,0.185
2025-09-02T16:00:00,3.418,14.247,3.286,0.259,0.052,0.054
2025-09-02T17:00:00,6.579,12.690,3.290,0.053,0.081,0.910
2025-09-02T18:00:00,4.847,7.370,3.281,0.140,0.087,1.372
2025-09-02T19:00:00,3.933,14.947,2.849,0.240,0.357,1.556
2025-09-02T20:00:00,2.250,11.519,2.678,0.466,0.373,0.628
2025-09-02T21:00:00,0.000,1.077,2.361,0.687,0.319,0.284
2025-09-02T22:00:00,0.000,0.000,0.315,0.230,0.267,0.434
2025-09-02T23:00:00,0.000,0.000,0.197,0.054,0.240,0.172
2025-09-03T00:00:00,0.000,0.000,0.397,0.054,0.349,0.046
2025-09-03T01:00:00,0.000,0.000,0.288,0.055,0.270,0.047
2025-09-03T02:00:00,0.000,0.000,0.488,0.053,0.041,0.056
2025-09-03T03:00:00,0.000,0.000,0.288,0.080,0.045,0.048
2025-09-03T04:00:00,0.000,0.000,0.601,0.256,0.040,0.050
2025-09-03T05:00:00,0.000,0.000,0.379,0.411,0.041,0.049
2025-09-03T06:00:00,0.000,0.083,0.186,0.506,0.041,2.034
2025-09-03T07:00:00,0.000,7.083,0.242,0.658,0.850,1.512
2025-09-03T08:00:00,1.136,6.302,0.311,1.637,0.686,0.705
2025-09-03T09:00:00,3.261,13.199,0.443,0.562,0.285,0.062
2025-09-03T10:00:00,3.421,13.044,2.385,0.147,0.182,0.077
2025-09-03T11:00:00,3.698,12.929,3.580,0.162,0.042,0.201
2025-09-03T12:00:00,3.987,13.797,2.800,0.066,0.041,0.122
2025-09-03T13:00:00,3.246,10.970,3.714,0.056,0.040,0.157
2025-09-03T14:00:00,3.114,13.467,3.615,0.053,0.041,0.095
2025-09-03T15:00:00,4.048,13.104,3.845,0.562,0.041,0.083
2025-09-03T16:00:00,3.627,13.150,3.571,0.939,0.041,0.141
2025-09-03T17:00:00,4.403,17.313,3.207,0.592,0.381,0.537
2025-09-03T18:00:00,1.870,14.342,3.063,0.119,0.972,2.213
2025-09-03T19:00:00,0.083,13.236,2.991,0.524,3.081,1.116
2025-09-03T20:00:00,0.000,3.900,2.363,0.269,2.551,1.089
2025-09-03T21:00:00,0.000,0.000,0.797,0.446,0.601,1.004
2025-09-03T22:00:00,0.000,0.000,0.455,0.078,0.181,0.191
2025-09-03T23:00:00,0.000,0.000,0.484,0.060,0.041,0.051
2025-09-04T00:00:00,0.000,0.000,0.461,0.056,0.039,0.047
2025-09-04T01:00:00,0.000,0.000,0.282,0.053,0.037,0.050
2025-09-04T02:00:00,0.000,0.000,0.294,0.053,0.041,0.049
2025-09-04T03:00:00,0.000,0.000,0.300,0.055,0.039,0.050
2025-09-04T04:00:00,0.000,0.000,0.254,0.322,0.040,0.057
2025-09-04T05:00:00,0.000,0.000,0.197,0.127,0.043,0.045
2025-09-04T06:00:00,0.000,0.215,0.453,0.393,1.073,1.261
2025-09-04T07:00:00,0.000,7.748,0.473,0.629,1.201,1.018
2025-09-04T08:00:00,0.000,12.907,0.477,0.402,0.059,0.305
2025-09-04T09:00:00,0.692,13.913,0.592,0.470,0.043,0.046
2025-09-04T10:00:00,3.874,12.384,1.117,0.112,0.046,0.048
2025-09-04T11:00:00,4.353,13.783,3.148,0.055,0.041,0.047
2025-09-04T12:00:00,2.970,11.537,3.083,0.219,0.040,0.049
2025-09-04T13:00:00,1.939,10.108,2.899,1.827,0.038,0.056
2025-09-04T14:00:00,2.598,10.563,3.473,0.053,0.041,0.055
2025-09-04T15:00:00,2.801,13.285,3.601,0.184,0.041,0.089
2025-09-04T16:00:00,4.033,18.687,3.579,0.055,0.041,0.246
2025-09-04T17:00:00,5.987,18.259,3.436,0.697,0.049,0.648
2025-09-04T18:00:00,5.997,15.967,3.323,0.173,0.326,1.556
2025-09-04T19:00:00,5.200,16.834,2.627,0.223,0.551,1.729
2025-09-04T20:00:00,0.167,7.644,0.493,0.397,0.821,0.261
2025-09-04T21:00:00,0.000,0.167,0.438,0.815,0.525,0.555
2025-09-04T22:00:00,0.000,0.000,0.180,0.217,0.255,0.597
2025-09-04T23:00:00,0.000,0.000,0.362,0.054,0.051,0.057
2025-09-05T00:00:00,0.000,0.000,0.548,0.052,0.042,0.059
2025-09-05T01:00:00,0.000,0.000,0.318,0.055,0.039,0.050
2025-09-05T02:00:00,0.000,0.000,0.231,0.056,0.042,0.050
2025-09-05T03:00:00,0.000,0.000,0.214,0.056,0.042,0.049
2025-09-05T04:00:00,0.000,0.000,0.474,0.068,0.039,0.047
2025-09-05T05:00:00,0.000,0.000,0.297,0.477,0.041,0.048
2025-09-05T06:00:00,0.000,3.141,0.248,0.601,0.100,2.207
2025-09-05T07:00:00,0.000,7.797,0.271,0.797,1.007,1.479
2025-09-05T08:00:00,0.000,9.173,0.367,0.752,0.091,0.216
2025-09-05T09:00:00,0.720,11.873,0.714,0.293,0.047,0.047
2025-09-05T10:00:00,2.821,8.937,2.316,0.541,0.041,0.048
2025-09-05T11:00:00,4.077,7.570,3.343,0.430,0.039,0.049
2025-09-05T12:00:00,3.673,8.890,3.047,1.227,0.041,0.046
2025-09-05T13:00:00,5.839,10.840,3.535,0.630,0.042,0.048
2025-09-05T14:00:00,6.056,13.189,3.286,1.019,0.039,0.076
2025-09-05T15:00:00,4.583,12.883,2.996,1.551,0.041,0.171
2025-09-05T16:00:00,4.469,10.247,2.712,0.278,0.042,0.184
2025-09-05T17:00:00,5.846,6.643,2.979,0.055,0.497,1.623
2025-09-05T18:00:00,5.465,6.535,3.309,0.060,0.513,1.153
2025-09-05T19:00:00,2.333,7.134,3.546,0.056,0.629,1.741
2025-09-05T20:00:00,0.000,9.330,2.560,0.146,0.559,0.569
2025-09-05T21:00:00,0.000,0.000,1.331,0.550,0.305,1.613
2025-09-05T22:00:00,0.000,0.000,0.214,0.338,0.159,0.558
2025-09-05T23:00:00,0.000,0.000,0.197,0.335,0.044,0.162
2025-09-06T00:00:00,0.000,0.000,0.260,0.130,0.041,0.047
2025-09-06T01:00:00,0.000,0.000,0.374,0.055,0.040,0.053
2025-09-06T02:00:00,0.000,0.000,0.438,0.056,0.040,0.052
2025-09-06T03:00:00,0.000,0.000,0.323,0.056,0.041,0.048
2025-09-06T04:00:00,0.000,0.000,0.500,0.056,0.041,0.049
2025-09-06T05:00:00,0.000,0.000,0.271,0.055,0.042,0.048
2025-09-06T06:00:00,0.000,0.906,0.191,0.058,0.475,0.076
2025-09-06T07:00:00,0.000,7.551,0.271,0.594,0.833,1.873
2025-09-06T08:00:00,0.000,10.235,0.825,0.691,0.552,0.894
2025-09-06T09:00:00,0.000,8.223,1.925,0.464,0.694,1.657
2025-09-06T10:00:00,0.000,11.070,1.739,1.072,1.512,1.246
2025-09-06T11:00:00,0.000,7.713,2.966,0.294,3.923,1.328
2025-09-06T12:00:00,0.000,10.523,2.293,0.683,1.692,1.777
2025-09-06T13:00:00,0.000,11.753,2.373,0.055,0.984,0.269
2025-09-06T14:00:00,0.000,12.100,2.956,0.055,0.137,1.660
2025-09-06T15:00:00,0.000,12.163,3.235,0.052,1.984,1.091
2025-09-06T16:00:00,0.000,10.980,3.124,0.055,0.169,1.105
2025-09-06T17:00:00,0.000,7.430,2.976,0.057,0.054,2.977
2025-09-06T18:00:00,0.000,17.407,2.877,0.816,0.095,2.345
2025-09-06T19:00:00,0.000,12.512,3.068,0.115,0.231,1.470
2025-09-06T20:00:00,0.000,8.746,3.018,0.096,0.334,0.635
2025-09-06T21:00:00,0.000,12.810,1.444,1.057,0.298,1.303
2025-09-06T22:00:00,0.000,1.187,0.451,0.192,0.270,1.202
2025-09-06T23:00:00,0.000,0.000,0.446,0.054,0.217,0.208
2025-09-07T00:00:00,0.000,0.000,0.328,0.054,0.039,0.048
2025-09-07T01:00:00,0.000,0.000,0.513,0.057,0.039,0.049
2025-09-07T02:00:00,0.000,0.000,0.531,0.054,0.041,0.049
2025-09-07T03:00:00,0.000,0.000,0.397,0.056,0.041,0.050
2025-09-07T04:00:00,0.000,0.000,0.191,0.293,0.042,0.048
2025-09-07T05:00:00,0.000,0.000,0.254,0.278,0.042,0.051
2025-09-07T06:00:00,0.000,3.922,0.191,0.675,0.941,0.049
2025-09-07T07:00:00,0.000,15.941,0.374,0.345,0.074,1.100
2025-09-07T08:00:00,0.000,11.953,0.341,0.383,0.846,1.836
2025-09-07T09:00:00,0.000,7.179,2.039,0.913,0.422,0.779
2025-09-07T10:00:00,0.000,8.513,2.859,0.138,1.105,0.806
2025-09-07T11:00:00,0.000,11.293,3.308,0.890,1.224,1.751
2025-09-07T12:00:00,0.000,19.013,3.287,0.318,0.995,0.667
2025-09-07T13:00:00,0.000,18.380,2.785,1.290,0.105,2.400
2025-09-07T14:00:00,0.000,18.350,3.072,0.398,0.187,3.632
2025-09-07T15:00:00,0.000,8.675,2.543,0.457,0.076,2.063
2025-09-07T16:00:00,0.000,13.452,2.972,0.053,0.135,0.223
2025-09-07T17:00:00,0.000,9.027,2.825,0.054,0.134,0.181
2025-09-07T18:00:00,0.000,12.450,2.900,0.053,0.153,0.166
2025-09-07T19:00:00,0.000,13.303,3.086,0.054,0.240,1.068
2025-09-07T20:00:00,0.000,11.598,2.570,0.118,0.055,0.995
2025-09-07T21:00:00,0.000,9.073,1.132,2.259,0.387,0.665
2025-09-07T22:00:00,0.000,0.000,0.180,1.265,0.217,0.913
2025-09-07T23:00:00,0.000,0.000,0.443,0.056,0.040,0.048
2025-09-08T00:00:00,0.000,0.000,0.379,0.053,0.040,0.050
2025-09-08T01:00:00,0.000,0.000,0.443,0.054,0.042,0.055
2025-09-08T02:00:00,0.000,0.000,0.495,0.056,0.042,0.052
2025-09-08T03:00:00,0.000,0.000,0.277,0.055,0.039,0.050
2025-09-08T04:00:00,0.000,0.000,0.203,0.108,0.039,0.049
2025-09-08T05:00:00,0.000,0.000,0.242,0.102,0.041,0.085
2025-09-08T06:00:00,0.000,2.059,0.203,0.726,0.868,1.408
2025-09-08T07:00:00,0.000,7.050,0.242,0.483,0.185,1.180
2025-09-08T08:00:00,0.000,12.194,0.265,0.055,0.041,0.748
2025-09-08T09:00:00,1.714,14.063,2.028,0.054,0.040,0.049
2025-09-08T10:00:00,3.210,14.082,3.158,0.055,0.040,0.050
2025-09-08T11:00:00,3.180,14.873,2.612,0.188,0.042,0.046
2025-09-08T12:00:00,3.580,14.190,2.768,0.054,0.041,0.054
2025-09-08T13:00:00,5.090,12.513,2.905,0.684,0.041,0.170
2025-09-08T14:00:00,2.723,11.680,2.179,0.069,0.041,0.281
2025-09-08T15:00:00,3.790,13.467,2.383,0.093,0.041,0.123
2025-09-08T16:00:00,5.373,15.999,3.016,0.154,0.042,0.344
2025-09-08T17:00:00,5.237,18.066,2.757,0.138,0.092,1.358
2025-09-08T18:00:00,3.678,14.052,3.093,0.055,0.424,0.471
2025-09-08T19:00:00,2.080,10.912,2.503,0.055,1.509,1.206
2025-09-08T20:00:00,0.000,0.792,2.369,0.261,0.284,0.237
2025-09-08T21:00:00,0.000,0.673,0.558,0.683,0.649,1.118
2025-09-08T22:00:00,0.000,0.000,0.271,0.065,0.130,0.518
2025-09-08T23:00:00,0.000,0.000,0.288,0.050,0.045,0.401
2025-09-09T00:00:00,0.000,0.000,0.306,0.056,0.044,0.089
2025-09-09T01:00:00,0.000,0.000,0.379,0.053,0.041,0.048
2025-09-09T02:00:00,0.000,0.000,0.265,0.057,0.041,0.048
2025-09-09T03:00:00,0.000,0.000,0.300,0.055,0.039,0.054
2025-09-09T04:00:00,0.000,0.000,0.282,0.115,0.042,0.052
2025-09-09T05:00:00,0.000,0.000,0.231,0.169,0.454,0.051
2025-09-09T06:00:00,0.000,7.767,0.408,0.858,1.048,2.053
2025-09-09T07:00:00,0.000,12.803,0.197,0.702,0.142,1.228
2025-09-09T08:00:00,0.000,11.117,0.265,0.955,0.087,0.077
2025-09-09T09:00:00,0.572,14.257,0.203,0.682,0.043,0.049
2025-09-09T10:00:00,1.302,7.697,0.673,0.054,0.042,0.057
2025-09-09T11:00:00,4.999,19.100,2.362,0.055,0.040,0.049
2025-09-09T12:00:00,6.243,18.807,3.440,0.470,0.040,0.047
2025-09-09T13:00:00,6.130,19.140,3.526,0.168,0.041,0.047
2025-09-09T14:00:00,6.907,19.420,3.362,1.116,0.042,0.076
2025-09-09T15:00:00,4.727,19.000,3.385,1.406,0.041,0.054
2025-09-09T16:00:00,2.968,18.995,3.524,1.547,0.041,0.424
2025-09-09T17:00:00,4.822,17.794,3.157,0.052,1.327,1.935
2025-09-09T18:00:00,5.020,18.514,3.374,0.143,1.098,2.000
2025-09-09T19:00:00,0.750,6.659,3.070,0.334,0.454,1.130
2025-09-09T20:00:00,0.917,0.825,0.991,0.890,0.664,0.605
2025-09-09T21:00:00,0.000,0.804,0.317,0.370,0.683,4.084
2025-09-09T22:00:00,0.000,0.000,0.305,0.140,0.408,2.360
2025-09-09T23:00:00,0.000,0.000,0.300,0.056,0.072,0.171
2025-09-10T00:00:00,0.000,0.000,0.417,0.053,0.039,2.084
2025-09-10T01:00:00,0.000,0.000,0.432,0.054,0.042,0.347
2025-09-10T02:00:00,0.000,0.000,0.449,0.054,0.039,0.053
2025-09-10T03:00:00,0.000,0.000,0.495,0.056,0.041,0.053
2025-09-10T04:00:00,0.000,0.000,0.322,0.244,0.040,0.055
2025-09-10T05:00:00,0.000,0.000,0.392,0.388,0.041,0.051
2025-09-10T06:00:00,0.000,2.066,0.265,0.488,0.844,1.608
2025-09-10T07:00:00,0.023,2.711,0.525,0.369,0.831,2.323
2025-09-10T08:00:00,1.733,7.843,0.549,0.804,0.045,0.830
2025-09-10T09:00:00,2.320,11.493,2.122,0.148,0.034,0.075
2025-09-10T10:00:00,2.967,8.190,2.632,0.053,0.039,0.056
2025-09-10T11:00:00,3.910,9.267,3.532,0.054,0.041,0.048
2025-09-10T12:00:00,3.975,13.900,3.102,0.158,0.039,0.048
2025-09-10T13:00:00,3.532,11.293,3.237,0.344,0.042,0.054
2025-09-10T14:00:00,2.443,12.447,3.502,0.702,0.041,0.084
2025-09-10T15:00:00,3.439,13.660,3.355,0.656,0.041,0.083
2025-09-10T16:00:00,6.515,12.614,2.256,0.168,0.042,0.050
2025-09-10T17:00:00,6.047,13.081,2.642,0.288,0.041,0.051
2025-09-10T18:00:00,2.400,8.191,2.640,1.584,0.229,0.861
2025-09-10T19:00:00,0.167,10.673,3.013,0.315,0.442,1.547
2025-09-10T20:00:00,0.000,7.356,1.049,0.266,3.340,1.074
2025-09-10T21:00:00,0.000,0.644,0.496,0.351,2.355,0.477
2025-09-10T22:00:00,0.000,0.000,0.426,0.059,1.164,0.465
2025-09-10T23:00:00,0.000,0.000,0.248,0.055,0.039,0.060
2025-09-11T00:00:00,0.000,0.000,0.403,0.053,0.042,0.059
2025-09-11T01:00:00,0.000,0.000,0.333,0.054,0.039,0.047
2025-09-11T02:00:00,0.000,0.000,0.370,0.055,0.041,0.051
2025-09-11T03:00:00,0.000,0.000,0.439,0.054,0.042,0.048
2025-09-11T04:00:00,0.000,0.000,0.485,0.278,0.042,0.047
2025-09-11T05:00:00,0.000,0.000,0.405,0.119,0.041,0.056
2025-09-11T06:00:00,0.000,0.000,0.519,0.755,0.502,1.751
2025-09-11T07:00:00,0.000,4.153,0.383,0.465,0.416,0.671
2025-09-11T08:00:00,0.000,14.174,0.741,0.335,0.040,0.084
2025-09-11T09:00:00,0.915,17.334,3.089,0.926,0.039,0.055
2025-09-11T10:00:00,2.320,18.074,3.677,0.598,0.039,0.051
2025-09-11T11:00:00,1.049,19.918,2.994,0.780,0.040,0.047
2025-09-11T12:00:00,5.485,13.300,3.153,0.057,0.034,0.047
2025-09-11T13:00:00,6.091,13.776,2.720,0.289,0.046,0.064
2025-09-11T14:00:00,5.841,11.761,3.091,0.056,0.042,0.110
2025-09-11T15:00:00,6.532,10.742,3.251,0.276,0.041,0.053
2025-09-11T16:00:00,6.368,8.747,3.081,0.462,0.041,0.162
2025-09-11T17:00:00,6.005,12.605,2.903,0.162,0.393,1.151
2025-09-11T18:00:00,2.847,10.430,2.334,0.114,1.349,2.428
2025-09-11T19:00:00,1.458,8.427,1.322,0.054,2.830,1.440
2025-09-11T20:00:00,0.000,12.348,0.713,0.051,1.413,0.426
2025-09-11T21:00:00,0.000,9.433,0.318,0.191,0.406,1.189
2025-09-11T22:00:00,0.000,0.000,0.197,0.094,0.260,0.389
2025-09-11T23:00:00,0.000,0.000,0.248,0.054,0.041,0.068
2025-09-12T00:00:00,0.000,0.000,0.276,0.055,0.041,0.046
2025-09-12T01:00:00,0.000,0.000,0.607,0.056,0.040,0.056
2025-09-12T02:00:00,0.000,0.000,0.470,0.054,0.040,0.045
2025-09-12T03:00:00,0.000,0.000,0.507,0.055,0.039,0.055
2025-09-12T04:00:00,0.000,0.000,0.383,0.238,0.039,0.051
2025-09-12T05:00:00,0.000,0.000,0.530,0.357,0.041,0.049
2025-09-12T06:00:00,0.000,0.571,0.394,0.745,0.430,1.871
2025-09-12T07:00:00,0.000,5.348,0.462,0.400,0.709,0.390
2025-09-12T08:00:00,2.177,8.066,0.462,0.419,0.627,1.328
2025-09-12T09:00:00,3.005,10.753,0.394,0.057,0.040,0.047
2025-09-12T10:00:00,2.485,11.177,0.893,0.054,0.039,0.047
2025-09-12T11:00:00,3.163,10.438,2.301,0.055,0.034,0.053
2025-09-12T12:00:00,3.356,9.278,3.320,0.246,0.039,0.050
2025-09-12T13:00:00,3.349,19.213,3.774,0.195,0.041,0.068
2025-09-12T14:00:00,2.940,18.752,3.222,0.741,0.047,0.084
2025-09-12T15:00:00,2.459,14.379,3.256,0.512,0.041,0.061
2025-09-12T16:00:00,5.570,9.686,3.269,0.651,0.155,0.870
2025-09-12T17:00:00,1.857,14.646,3.227,0.189,2.176,1.479
2025-09-12T18:00:00,0.360,17.523,2.670,0.056,0.784,1.702
2025-09-12T19:00:00,0.230,16.408,2.711,0.149,0.393,3.783
2025-09-12T20:00:00,0.000,14.922,2.422,0.183,0.843,1.554
2025-09-12T21:00:00,0.000,0.490,2.166,0.420,0.482,0.638
2025-09-12T22:00:00,0.000,0.019,0.352,0.058,0.186,0.925
2025-09-12T23:00:00,0.000,0.000,0.391,0.054,0.040,0.054
2025-09-13T00:00:00,0.000,0.000,0.373,0.053,0.039,0.046
2025-09-13T01:00:00,0.000,0.000,0.327,0.054,0.040,0.049
2025-09-13T02:00:00,0.000,0.000,0.467,0.055,0.042,0.057
2025-09-13T03:00:00,0.000,0.000,0.371,0.108,0.040,0.051
2025-09-13T04:00:00,0.000,0.000,0.519,0.077,0.040,0.049
2025-09-13T05:00:00,0.000,0.000,0.371,0.231,0.040,0.097
2025-09-13T06:00:00,0.000,0.000,0.519,0.528,0.781,0.739
2025-09-13T07:00:00,0.000,1.833,0.371,0.753,0.755,0.932
2025-09-13T08:00:00,0.000,11.897,0.519,0.058,0.236,1.457
2025-09-13T09:00:00,0.000,10.008,0.385,0.973,3.371,1.208
2025-09-13T10:00:00,0.000,11.327,0.785,1.210,2.623,2.583
2025-09-13T11:00:00,0.000,13.510,3.034,0.054,1.034,4.194
2025-09-13T12:00:00,0.000,12.560,3.700,1.550,1.153,1.291
2025-09-13T13:00:00,0.000,8.513,4.225,1.884,0.525,1.806
2025-09-13T14:00:00,0.000,16.657,3.181,0.203,0.042,2.682
2025-09-13T15:00:00,0.000,18.477,2.294,0.056,0.251,1.355
2025-09-13T16:00:00,0.000,17.878,2.998,0.056,0.653,0.199
2025-09-13T17:00:00,0.000,16.564,3.189,0.726,0.291,0.543
2025-09-13T18:00:00,0.000,14.292,3.150,0.331,0.221,1.994
2025-09-13T19:00:00,0.000,11.894,3.113,0.054,0.367,1.590
2025-09-13T20:00:00,0.000,0.949,2.430,0.054,0.443,0.542
2025-09-13T21:00:00,0.000,0.850,0.645,0.247,0.438,0.294
2025-09-13T22:00:00,0.000,0.465,0.375,0.528,0.347,0.059
2025-09-13T23:00:00,0.000,0.000,0.478,0.052,0.042,0.047
2025-09-14T00:00:00,0.000,0.000,0.630,0.053,0.041,0.048
2025-09-14T01:00:00,0.000,0.000,0.379,0.058,0.041,0.048
2025-09-14T02:00:00,0.000,0.000,0.231,0.052,0.040,0.056
2025-09-14T03:00:00,0.000,0.000,0.259,0.054,0.041,0.052
2025-09-14T04:00:00,0.000,0.000,0.225,0.276,0.039,0.049
2025-09-14T05:00:00,0.000,0.000,0.305,0.398,0.040,0.048
2025-09-14T06:00:00,0.000,0.320,0.254,0.834,0.042,0.048
2025-09-14T07:00:00,0.000,7.097,0.519,0.584,0.676,1.578
2025-09-14T08:00:00,0.000,10.293,0.483,1.169,0.867,1.498
2025-09-14T09:00:00,0.000,10.456,0.541,0.747,0.283,0.872
2025-09-14T10:00:00,0.000,11.899,2.628,0.569,0.379,0.509
2025-09-14T11:00:00,0.000,16.248,3.260,0.220,1.299,1.132
2025-09-14T12:00:00,0.000,17.535,3.474,0.162,0.085,3.503
2025-09-14T13:00:00,0.000,18.158,3.399,0.052,1.092,2.924
2025-09-14T14:00:00,0.000,17.433,3.472,0.996,1.256,2.598
2025-09-14T15:00:00,0.000,17.807,3.151,0.069,0.144,0.268
2025-09-14T16:00:00,0.000,17.573,2.825,0.071,0.060,0.110
2025-09-14T17:00:00,0.000,14.370,2.933,0.057,0.464,0.767
2025-09-14T18:00:00,0.000,5.346,1.997,0.056,0.402,1.686
2025-09-14T19:00:00,0.000,7.860,0.925,0.872,0.351,1.001
2025-09-14T20:00:00,0.000,6.808,0.593,0.127,0.228,2.287
2025-09-14T21:00:00,0.000,3.460,0.403,0.073,0.336,2.917
2025-09-14T22:00:00,0.000,0.116,0.191,0.062,0.240,0.827
2025-09-14T23:00:00,0.000,0.000,0.426,0.056,0.151,0.062
2025-09-15T00:00:00,0.000,0.000,0.467,0.056,0.046,0.052
2025-09-15T01:00:00,0.000,0.000,0.420,0.054,0.039,0.051
2025-09-15T02:00:00,0.000,0.000,0.225,0.054,0.041,0.051
2025-09-15T03:00:00,0.000,0.000,0.237,0.053,0.041,0.050
2025-09-15T04:00:00,0.000,0.000,0.191,0.298,0.042,0.048
2025-09-15T05:00:00,0.000,0.000,0.271,0.369,0.041,0.048
2025-09-15T06:00:00,0.000,0.083,0.191,0.920,0.041,2.133
2025-09-15T07:00:00,0.000,5.667,0.248,0.604,1.048,2.132
2025-09-15T08:00:00,0.437,7.683,0.214,0.842,0.067,0.137
2025-09-15T09:00:00,1.972,9.330,1.362,0.295,0.041,0.048
2025-09-15T10:00:00,6.021,13.815,2.391,0.624,0.040,0.048
2025-09-15T11:00:00,6.314,12.935,3.303,0.056,0.042,0.047
2025-09-15T12:00:00,6.270,13.376,3.202,0.213,0.041,0.055
2025-09-15T13:00:00,5.353,13.643,2.043,1.157,0.040,0.084
2025-09-15T14:00:00,3.827,6.203,1.604,0.757,0.039,0.120
2025-09-15T15:00:00,3.915,9.700,1.416,0.263,0.039,0.284
2025-09-15T16:00:00,5.425,13.273,2.771,0.056,0.039,0.150
2025-09-15T17:00:00,6.209,9.363,2.691,0.056,0.348,3.217
2025-09-15T18:00:00,1.677,10.167,2.475,0.053,1.146,2.558
2025-09-15T19:00:00,0.000,6.516,2.339,0.757,0.541,1.504
2025-09-15T20:00:00,0.000,8.054,2.932,0.252,0.292,1.454
2025-09-15T21:00:00,0.000,7.083,1.613,0.196,0.322,3.363
2025-09-15T22:00:00,0.000,0.000,0.352,0.197,0.315,1.879
2025-09-15T23:00:00,0.000,0.000,0.502,0.116,0.056,0.048
2025-09-16T00:00:00,0.000,0.000,0.589,0.055,0.041,0.047
2025-09-16T01:00:00,0.000,0.000,0.420,0.054,0.039,0.060
2025-09-16T02:00:00,0.000,0.000,0.180,0.054,0.042,0.050
2025-09-16T03:00:00,0.000,0.000,0.265,0.052,0.042,0.048
2025-09-16T04:00:00,0.000,0.000,0.180,0.050,0.040,0.048
2025-09-16T05:00:00,0.000,0.000,0.339,0.238,0.042,0.053
2025-09-16T06:00:00,0.000,0.100,0.306,0.701,0.190,2.164
2025-09-16T07:00:00,1.125,5.845,0.513,0.610,0.493,0.805
2025-09-16T08:00:00,2.257,9.312,0.443,0.449,0.378,1.170
2025-09-16T09:00:00,3.015,8.710,0.571,0.106,0.157,0.054
2025-09-16T10:00:00,2.330,8.493,2.488,0.056,0.047,0.052
2025-09-16T11:00:00,2.317,8.815,3.424,0.060,0.041,0.047
2025-09-16T12:00:00,3.450,8.202,3.867,0.825,0.157,0.049
2025-09-16T13:00:00,3.089,5.085,4.070,0.506,0.041,0.046
2025-09-16T14:00:00,2.763,9.780,3.764,1.963,0.041,0.048
2025-09-16T15:00:00,2.595,13.220,3.378,0.235,0.160,0.087
2025-09-16T16:00:00,4.937,10.033,3.517,0.069,0.041,0.079
2025-09-16T17:00:00,3.518,10.223,3.302,0.119,0.207,0.172
2025-09-16T18:00:00,0.307,16.260,3.817,0.483,0.251,0.799
2025-09-16T19:00:00,0.140,17.347,2.089,0.589,0.363,1.245
2025-09-16T20:00:00,0.000,8.702,0.784,0.200,0.738,0.713
2025-09-16T21:00:00,0.000,0.494,0.417,0.256,0.420,0.974
2025-09-16T22:00:00,0.000,0.000,0.473,0.115,0.225,0.302
2025-09-16T23:00:00,0.000,0.000,0.548,0.056,0.038,0.252
2025-09-17T00:00:00,0.000,0.000,0.426,0.054,0.042,0.047
2025-09-17T01:00:00,0.000,0.000,0.530,0.050,0.042,0.048
2025-09-17T02:00:00,0.000,0.000,0.371,0.051,0.045,0.053
2025-09-17T03:00:00,0.000,0.000,0.467,0.055,0.039,0.057
2025-09-17T04:00:00,0.000,0.000,0.490,0.170,0.034,0.048
2025-09-17T05:00:00,0.000,0.000,0.530,0.331,0.141,0.048
2025-09-17T06:00:00,0.000,1.488,0.360,0.634,1.114,1.959
2025-09-17T07:00:00,0.000,4.980,0.530,0.644,0.553,2.446
2025-09-17T08:00:00,0.207,9.631,0.360,0.171,0.427,0.066
2025-09-17T09:00:00,1.792,11.399,0.547,0.736,0.041,0.057
2025-09-17T10:00:00,3.146,11.905,1.154,0.055,0.046,0.048
2025-09-17T11:00:00,3.426,7.757,2.380,0.256,0.107,0.048
2025-09-17T12:00:00,3.720,6.957,3.486,0.276,0.095,0.070
2025-09-17T13:00:00,3.740,8.637,3.357,0.056,0.158,0.085
2025-09-17T14:00:00,3.508,12.190,3.714,1.032,0.042,0.053
2025-09-17T15:00:00,2.806,13.335,3.733,0.626,0.042,0.053
2025-09-17T16:00:00,3.967,13.696,3.709,0.112,0.157,0.318
2025-09-17T17:00:00,5.729,14.262,3.617,0.274,0.259,2.407
2025-09-17T18:00:00,5.162,15.532,3.384,0.875,0.297,2.051
2025-09-17T19:00:00,1.554,14.679,2.954,0.263,0.553,1.118
2025-09-17T20:00:00,0.000,7.947,2.443,0.276,0.690,1.157
2025-09-17T21:00:00,0.000,0.217,0.810,0.368,0.304,0.479
2025-09-17T22:00:00,0.000,0.000,0.481,0.088,0.078,0.425
2025-09-17T23:00:00,0.000,0.000,0.385,0.054,0.042,0.372
2025-09-18T00:00:00,0.000,0.000,0.414,0.056,0.040,0.074
2025-09-18T01:00:00,0.000,0.000,0.391,0.054,0.040,0.047
2025-09-18T02:00:00,0.000,0.000,0.484,0.054,0.043,0.047
2025-09-18T03:00:00,0.000,0.000,0.351,0.056,0.042,0.051
2025-09-18T04:00:00,0.000,0.000,0.573,0.195,0.042,0.053
2025-09-18T05:00:00,0.000,0.000,0.405,0.362,0.041,0.055
2025-09-18T06:00:00,0.000,0.519,0.369,0.829,0.492,1.474
2025-09-18T07:00:00,0.000,2.701,0.531,0.578,0.705,0.563
2025-09-18T08:00:00,2.490,10.109,0.729,0.210,0.198,0.164
2025-09-18T09:00:00,2.667,11.717,1.573,0.054,0.130,0.085
2025-09-18T10:00:00,3.537,13.303,0.962,0.056,0.039,0.822
2025-09-18T11:00:00,3.468,13.204,3.568,0.055,0.041,1.007
2025-09-18T12:00:00,2.418,12.678,4.039,0.664,0.044,0.746
2025-09-18T13:00:00,5.548,7.946,4.130,0.055,0.066,0.168
2025-09-18T14:00:00,5.920,12.744,3.960,0.518,0.086,0.053
2025-09-18T15:00:00,2.390,14.033,3.551,0.356,0.040,0.159
2025-09-18T16:00:00,4.530,14.467,3.186,0.071,0.041,1.751
2025-09-18T17:00:00,4.524,12.440,3.962,0.264,0.309,1.345
2025-09-18T18:00:00,1.480,7.845,3.104,0.053,0.278,1.395
2025-09-18T19:00:00,0.000,5.617,3.835,0.055,0.461,1.302
2025-09-18T20:00:00,0.000,9.773,2.574,0.409,0.738,1.205
2025-09-18T21:00:00,0.000,7.600,1.594,0.258,0.435,0.876
2025-09-18T22:00:00,0.000,0.000,0.503,0.059,0.054,0.397
2025-09-18T23:00:00,0.000,0.000,0.405,0.054,0.042,0.082
2025-09-19T00:00:00,0.000,0.000,0.543,0.055,0.041,0.050
2025-09-19T01:00:00,0.000,0.000,0.483,0.054,0.041,0.046
2025-09-19T02:00:00,0.000,0.000,0.519,0.054,0.041,0.053
2025-09-19T03:00:00,0.000,0.000,0.401,0.053,0.041,0.056
2025-09-19T04:00:00,0.000,0.000,0.490,0.054,0.040,0.048
2025-09-19T05:00:00,0.000,0.152,0.478,0.218,0.287,0.049
2025-09-19T06:00:00,0.000,11.326,0.443,0.857,0.242,1.115
2025-09-19T07:00:00,0.000,12.498,0.530,0.289,0.730,1.507
2025-09-19T08:00:00,0.040,11.590,0.460,2.133,0.451,0.141
2025-09-19T09:00:00,0.480,10.700,2.517,0.666,0.042,0.048
2025-09-19T10:00:00,3.867,13.315,2.731,0.082,0.042,0.048
2025-09-19T11:00:00,5.683,12.046,3.383,2.202,0.188,0.047
2025-09-19T12:00:00,3.690,9.840,3.154,1.499,0.041,0.048
2025-09-19T13:00:00,3.857,16.610,3.149,0.053,0.040,0.148
2025-09-19T14:00:00,5.919,17.828,3.110,0.125,0.050,0.119
2025-09-19T15:00:00,6.330,18.860,3.213,0.332,0.160,0.276
2025-09-19T16:00:00,6.570,14.651,3.345,0.084,0.039,0.211
2025-09-19T17:00:00,4.748,11.863,3.283,0.054,0.039,0.054
2025-09-19T18:00:00,0.298,15.993,3.098,0.221,0.779,3.851
2025-09-19T19:00:00,0.000,10.699,2.378,0.451,0.496,3.415
2025-09-19T20:00:00,0.000,0.000,0.308,0.171,0.282,0.657
2025-09-19T21:00:00,0.000,0.000,0.595,0.204,0.366,1.530
2025-09-19T22:00:00,0.000,0.000,0.430,0.795,0.301,1.044
2025-09-19T23:00:00,0.000,0.000,0.443,0.055,0.041,0.047
2025-09-20T00:00:00,0.000,0.000,0.443,0.052,0.040,0.048
2025-09-20T01:00:00,0.000,0.000,0.530,0.055,0.042,0.049
2025-09-20T02:00:00,0.000,0.000,0.288,0.054,0.039,0.050
2025-09-20T03:00:00,0.000,0.000,0.225,0.054,0.041,0.049
2025-09-20T04:00:00,0.000,0.000,0.237,0.068,0.041,0.052
2025-09-20T05:00:00,0.000,0.583,0.208,0.353,0.309,0.053
2025-09-20T06:00:00,0.000,10.050,0.254,0.724,0.863,0.935
2025-09-20T07:00:00,0.000,11.825,0.191,0.428,0.915,0.769
2025-09-20T08:00:00,0.000,9.486,0.271,0.531,0.047,1.072
2025-09-20T09:00:00,0.000,7.858,0.532,0.054,0.893,0.980
2025-09-20T10:00:00,0.000,17.847,2.947,0.054,0.224,1.580
2025-09-20T11:00:00,0.000,18.347,3.396,0.054,0.046,1.465
2025-09-20T12:00:00,0.000,17.407,3.354,0.798,0.187,0.216
2025-09-20T13:00:00,0.000,16.847,3.668,0.347,0.047,1.924
2025-09-20T14:00:00,0.000,17.313,3.059,0.458,1.357,3.607
2025-09-20T15:00:00,0.000,18.178,3.446,0.055,0.064,1.115
2025-09-20T16:00:00,0.000,15.936,2.912,0.053,0.041,0.188
2025-09-20T17:00:00,0.000,9.938,2.835,0.052,0.318,0.328
2025-09-20T18:00:00,0.000,4.245,2.738,0.053,0.402,0.367
2025-09-20T19:00:00,0.000,11.705,1.968,0.204,0.296,1.002
2025-09-20T20:00:00,0.000,1.883,0.739,0.485,0.543,1.023
2025-09-20T21:00:00,0.000,0.000,0.674,0.488,0.469,0.215
2025-09-20T22:00:00,0.000,0.000,0.288,0.091,0.073,0.227
2025-09-20T23:00:00,0.000,0.000,0.398,0.074,0.040,0.051
2025-09-21T00:00:00,0.000,0.000,0.531,0.055,0.039,0.047
2025-09-21T01:00:00,0.000,0.000,0.525,0.054,0.043,0.056
2025-09-21T02:00:00,0.000,0.000,0.360,0.053,0.043,0.050
2025-09-21T03:00:00,0.000,0.000,0.512,0.052,0.044,0.048
2025-09-21T04:00:00,0.000,0.000,0.516,0.054,0.039,0.052
2025-09-21T05:00:00,0.000,0.000,0.451,0.256,0.173,0.050
2025-09-21T06:00:00,0.000,0.000,0.439,0.676,0.866,0.050
2025-09-21T07:00:00,0.000,0.667,0.451,0.614,0.544,1.327
2025-09-21T08:00:00,0.000,4.701,0.439,0.063,0.817,0.828
2025-09-21T09:00:00,0.000,12.784,0.451,0.055,0.294,0.512
2025-09-21T10:00:00,0.000,13.487,2.509,0.054,0.228,0.466
2025-09-21T11:00:00,0.000,13.557,3.042,0.640,0.045,2.200
2025-09-21T12:00:00,0.000,13.433,2.847,0.048,0.042,0.726
2025-09-21T13:00:00,0.000,14.037,3.301,0.055,0.053,1.006
2025-09-21T14:00:00,0.000,14.087,3.289,0.271,1.229,4.071
2025-09-21T15:00:00,0.000,13.537,3.401,0.291,0.042,2.349
2025-09-21T16:00:00,0.000,14.087,3.386,0.063,0.098,1.654
2025-09-21T17:00:00,0.000,11.307,3.120,0.054,0.104,0.209
2025-09-21T18:00:00,0.000,10.169,3.074,0.054,0.347,0.825
2025-09-21T19:00:00,0.000,7.421,1.905,0.480,0.358,0.979
2025-09-21T20:00:00,0.000,1.607,1.116,0.809,0.503,0.601
2025-09-21T21:00:00,0.000,0.000,0.548,0.735,0.359,0.689
2025-09-21T22:00:00,0.000,0.000,0.324,0.071,0.064,0.441
2025-09-21T23:00:00,0.000,0.000,0.385,0.062,0.041,0.146
2025-09-22T00:00:00,0.000,0.000,0.248,0.055,0.040,0.047
2025-09-22T01:00:00,0.000,0.000,0.519,0.054,0.042,0.047
2025-09-22T02:00:00,0.000,0.000,0.403,0.056,0.040,0.048
2025-09-22T03:00:00,0.000,0.000,0.541,0.055,0.041,0.052
2025-09-22T04:00:00,0.000,0.000,0.383,0.343,0.039,0.058
2025-09-22T05:00:00,0.000,0.000,0.541,0.359,0.051,0.049
2025-09-22T06:00:00,0.000,1.583,0.383,0.492,1.114,1.986
2025-09-22T07:00:00,0.000,7.267,0.380,0.664,0.166,1.550
2025-09-22T08:00:00,3.050,10.987,0.541,0.058,0.994,0.806
2025-09-22T09:00:00,1.321,18.938,0.383,0.055,0.063,0.049
2025-09-22T10:00:00,2.545,18.160,2.038,0.054,0.952,0.050
2025-09-22T11:00:00,2.258,8.933,3.027,0.193,0.190,0.047
2025-09-22T12:00:00,3.300,9.347,3.633,0.518,0.045,0.047
2025-09-22T13:00:00,6.320,12.510,3.383,1.398,0.045,0.048
2025-09-22T14:00:00,4.672,13.430,4.181,0.915,0.041,0.073
2025-09-22T15:00:00,3.063,13.281,4.055,1.811,0.041,0.082
2025-09-22T16:00:00,3.377,17.394,3.348,2.346,0.071,0.119
2025-09-22T17:00:00,5.365,16.536,3.259,0.051,0.104,1.335
2025-09-22T18:00:00,4.719,12.523,3.431,0.053,1.374,2.695
2025-09-22T19:00:00,0.033,14.881,1.860,1.006,1.076,1.471
2025-09-22T20:00:00,0.000,3.544,0.270,1.079,0.416,2.001
2025-09-22T21:00:00,0.000,1.183,0.254,1.004,0.188,0.427
2025-09-22T22:00:00,0.000,0.000,0.191,0.245,0.046,1.013
2025-09-22T23:00:00,0.000,0.000,0.271,0.053,0.042,0.049
2025-09-23T00:00:00,0.000,0.000,0.203,0.055,0.039,0.047
2025-09-23T01:00:00,0.000,0.000,0.310,0.054,0.040,0.049
2025-09-23T02:00:00,0.000,0.000,0.288,0.054,0.041,0.055
2025-09-23T03:00:00,0.000,0.000,0.214,0.056,0.042,0.050
2025-09-23T04:00:00,0.000,0.000,0.305,0.072,0.042,0.052
2025-09-23T05:00:00,0.000,0.000,0.490,0.073,0.041,0.050
2025-09-23T06:00:00,0.000,0.837,0.356,0.754,0.975,1.478
2025-09-23T07:00:00,0.833,2.825,0.294,0.652,0.271,1.123
2025-09-23T08:00:00,3.458,8.173,0.265,0.097,0.070,0.310
2025-09-23T09:00:00,2.582,7.099,0.608,0.055,0.081,0.059
2025-09-23T10:00:00,4.585,6.604,1.134,0.279,1.750,0.050
2025-09-23T11:00:00,4.230,8.691,3.025,1.200,3.007,0.048
2025-09-23T12:00:00,4.055,8.273,3.130,0.085,1.553,0.050
2025-09-23T13:00:00,3.084,8.662,2.788,0.193,0.042,0.049
2025-09-23T14:00:00,3.159,13.810,3.002,0.054,0.138,0.051
2025-09-23T15:00:00,3.377,14.885,2.983,0.265,2.033,0.138
2025-09-23T16:00:00,6.409,14.200,2.724,0.226,0.800,0.084
2025-09-23T17:00:00,4.081,13.731,2.464,0.059,2.397,0.276
2025-09-23T18:00:00,1.286,12.779,2.336,0.209,2.841,1.351
2025-09-23T19:00:00,0.000,8.294,2.395,0.275,1.530,1.076
2025-09-23T20:00:00,0.000,2.550,2.437,0.273,0.350,1.433
2025-09-23T21:00:00,0.000,0.550,0.318,0.912,0.752,3.185
2025-09-23T22:00:00,0.000,0.000,0.259,0.056,0.256,2.293
2025-09-23T23:00:00,0.000,0.000,0.265,0.057,0.196,0.047
2025-09-24T00:00:00,0.000,0.000,0.391,0.060,0.041,0.049
2025-09-24T01:00:00,0.000,0.000,0.318,0.056,0.039,0.056
2025-09-24T02:00:00,0.000,0.000,0.318,0.056,0.044,0.047
2025-09-24T03:00:00,0.000,0.000,0.507,0.055,0.041,0.048
2025-09-24T04:00:00,0.000,0.000,0.485,0.237,0.040,0.050
2025-09-24T05:00:00,0.000,0.000,0.405,0.331,0.041,0.049
2025-09-24T06:00:00,0.000,0.404,0.451,0.890,0.041,1.864
2025-09-24T07:00:00,0.000,2.954,0.439,0.740,0.922,2.500
2025-09-24T08:00:00,2.174,16.533,0.450,0.858,2.005,0.150
2025-09-24T09:00:00,1.320,15.673,2.502,0.706,2.529,0.080
2025-09-24T10:00:00,2.572,7.090,3.276,0.054,1.295,0.047
2025-09-24T11:00:00,4.704,6.358,3.776,0.248,0.039,0.047
2025-09-24T12:00:00,3.558,7.419,3.710,0.749,0.042,0.048
2025-09-24T13:00:00,5.571,11.226,3.790,0.053,0.041,0.048
2025-09-24T14:00:00,6.120,13.873,3.275,0.681,0.040,0.071
2025-09-24T15:00:00,6.120,11.145,3.663,0.116,0.040,0.059
2025-09-24T16:00:00,5.723,13.144,2.119,0.056,0.040,1.749
2025-09-24T17:00:00,5.500,14.973,2.233,0.219,0.045,0.327
2025-09-24T18:00:00,5.271,14.797,2.873,0.222,1.959,1.654
2025-09-24T19:00:00,3.250,18.847,2.722,0.281,0.719,5.010
2025-09-24T20:00:00,0.000,18.520,2.687,0.452,0.500,3.004
2025-09-24T21:00:00,0.000,4.782,0.653,0.439,0.396,1.062
2025-09-24T22:00:00,0.000,0.500,0.259,0.056,0.093,1.900
2025-09-24T23:00:00,0.000,0.000,0.186,0.053,0.039,0.063
2025-09-25T00:00:00,0.000,0.000,0.329,0.054,0.041,0.057
2025-09-25T01:00:00,0.000,0.000,0.283,0.053,0.040,0.050
2025-09-25T02:00:00,0.000,0.000,0.501,0.056,0.041,0.050
2025-09-25T03:00:00,0.000,0.000,0.451,0.070,0.041,0.049
2025-09-25T04:00:00,0.000,0.000,0.439,0.385,0.041,0.046
2025-09-25T05:00:00,0.000,0.000,0.485,0.336,0.039,0.057
2025-09-25T06:00:00,0.000,0.000,0.405,0.776,0.363,2.098
2025-09-25T07:00:00,0.000,1.998,0.519,0.792,0.613,1.702
2025-09-25T08:00:00,0.304,9.270,0.371,0.805,0.437,0.274
2025-09-25T09:00:00,0.640,13.087,0.552,0.368,0.041,0.047
2025-09-25T10:00:00,2.578,12.713,0.682,0.452,0.042,0.053
2025-09-25T11:00:00,3.415,14.520,3.450,0.370,0.040,0.051
2025-09-25T12:00:00,4.348,9.637,3.056,0.465,0.042,0.047
2025-09-25T13:00:00,4.677,11.459,3.519,0.500,0.043,0.047
2025-09-25T14:00:00,3.183,14.313,3.530,0.077,0.041,0.084
2025-09-25T15:00:00,3.127,13.257,3.785,0.056,0.042,0.098
2025-09-25T16:00:00,2.864,12.354,3.362,0.053,0.039,0.087
2025-09-25T17:00:00,3.785,12.285,3.173,0.783,2.791,2.416
2025-09-25T18:00:00,1.907,13.847,3.433,0.054,2.893,0.617
2025-09-25T19:00:00,0.000,11.829,3.299,0.079,0.386,1.242
2025-09-25T20:00:00,0.000,10.000,2.809,0.209,0.445,4.252
2025-09-25T21:00:00,0.000,2.667,2.238,0.778,0.509,3.167
2025-09-25T22:00:00,0.000,0.000,0.512,0.075,0.401,0.495
2025-09-25T23:00:00,0.000,0.000,0.435,0.073,0.091,0.046
2025-09-26T00:00:00,0.000,0.000,0.464,0.054,0.042,0.046
2025-09-26T01:00:00,0.000,0.000,0.443,0.057,0.039,0.052
2025-09-26T02:00:00,0.000,0.000,0.362,0.056,0.043,0.054
2025-09-26T03:00:00,0.000,0.000,0.259,0.120,0.046,0.050
2025-09-26T04:00:00,0.000,0.000,0.242,0.256,0.040,0.052
2025-09-26T05:00:00,0.000,0.000,0.443,0.377,0.039,0.050
2025-09-26T06:00:00,0.000,2.500,0.530,0.841,0.052,1.179
2025-09-26T07:00:00,0.000,8.997,0.360,0.079,0.956,1.205
2025-09-26T08:00:00,0.000,10.278,0.530,0.740,0.100,0.093
2025-09-26T09:00:00,0.316,12.734,0.633,0.804,0.083,0.059
2025-09-26T10:00:00,1.290,13.961,1.496,0.456,0.077,0.047
2025-09-26T11:00:00,3.988,13.262,2.677,0.221,0.081,0.049
2025-09-26T12:00:00,3.344,13.686,3.480,0.063,0.191,0.047
2025-09-26T13:00:00,3.597,14.388,3.310,0.106,0.167,0.075
2025-09-26T14:00:00,4.130,13.147,3.163,0.813,0.081,0.088
2025-09-26T15:00:00,4.080,12.597,2.944,0.339,0.061,0.049
2025-09-26T16:00:00,5.872,13.009,3.057,0.212,0.224,0.466
2025-09-26T17:00:00,6.232,7.834,3.937,0.055,0.146,1.490
2025-09-26T18:00:00,3.833,4.662,3.780,0.229,3.036,0.443
2025-09-26T19:00:00,0.583,13.281,2.691,0.591,2.956,1.406
2025-09-26T20:00:00,0.000,6.897,0.951,0.092,2.515,0.521
2025-09-26T21:00:00,0.000,8.726,0.621,0.436,0.980,1.984
2025-09-26T22:00:00,0.000,0.333,0.336,0.069,0.356,3.685
2025-09-26T23:00:00,0.000,0.000,0.373,0.056,0.039,1.231
2025-09-27T00:00:00,0.000,0.000,0.392,0.055,0.042,0.053
2025-09-27T01:00:00,0.000,0.000,0.467,0.056,0.038,0.049
2025-09-27T02:00:00,0.000,0.000,0.383,0.055,0.041,0.048
2025-09-27T03:00:00,0.000,0.000,0.530,0.055,0.042,0.048
2025-09-27T04:00:00,0.000,0.000,0.394,0.196,0.041,0.050
2025-09-27T05:00:00,0.000,1.000,0.462,0.457,0.041,0.056
2025-09-27T06:00:00,0.000,5.217,0.462,0.859,0.872,0.076
2025-09-27T07:00:00,0.000,6.513,0.394,0.653,0.548,1.193
2025-09-27T08:00:00,0.000,5.948,0.530,0.111,0.603,1.857
2025-09-27T09:00:00,0.000,8.684,0.583,1.027,1.414,0.396
2025-09-27T10:00:00,0.000,8.534,3.140,0.554,0.118,1.015
2025-09-27T11:00:00,0.000,7.686,3.283,0.056,1.062,2.696
2025-09-27T12:00:00,0.000,7.929,3.189,0.054,0.047,2.320
2025-09-27T13:00:00,0.000,12.960,3.218,0.498,2.399,0.281
2025-09-27T14:00:00,0.000,10.528,3.083,0.184,2.616,0.192
2025-09-27T15:00:00,0.000,13.074,3.341,0.057,0.393,2.014
2025-09-27T16:00:00,0.000,7.362,3.149,0.053,0.045,0.592
2025-09-27T17:00:00,0.000,13.876,3.293,0.053,0.152,0.145
2025-09-27T18:00:00,0.000,17.360,2.979,0.072,0.206,0.475
2025-09-27T19:00:00,0.000,17.667,3.147,0.812,0.334,0.551
2025-09-27T20:00:00,0.000,1.933,0.790,0.846,0.585,1.137
2025-09-27T21:00:00,0.000,0.399,0.191,1.000,0.341,3.864
2025-09-27T22:00:00,0.000,0.000,0.432,0.171,0.300,2.725
2025-09-27T23:00:00,0.000,0.000,0.271,0.136,0.090,0.235
2025-09-28T00:00:00,0.000,0.000,0.454,0.053,0.042,0.046
2025-09-28T01:00:00,0.000,0.000,0.448,0.055,0.042,0.056
2025-09-28T02:00:00,0.000,0.000,0.519,0.055,0.041,0.046
2025-09-28T03:00:00,0.000,0.000,0.371,0.055,0.041,0.058
2025-09-28T04:00:00,0.000,0.000,0.519,0.053,0.042,0.051
2025-09-28T05:00:00,0.000,0.000,0.371,0.108,0.034,0.048
2025-09-28T06:00:00,0.000,2.650,0.519,0.076,0.039,0.048
2025-09-28T07:00:00,0.000,5.067,0.371,0.058,0.671,0.997
2025-09-28T08:00:00,0.000,13.766,0.919,0.785,0.815,1.290
2025-09-28T09:00:00,0.000,10.135,2.347,0.402,1.415,0.633
2025-09-28T10:00:00,0.000,4.932,3.642,0.178,0.208,1.612
2025-09-28T11:00:00,0.000,9.918,3.076,1.428,1.208,0.912
2025-09-28T12:00:00,0.000,12.329,3.650,1.703,0.042,1.654
2025-09-28T13:00:00,0.000,11.160,3.173,1.228,0.044,0.784
2025-09-28T14:00:00,0.000,12.868,3.051,1.127,0.176,3.772
2025-09-28T15:00:00,0.000,12.872,3.617,0.448,0.134,2.698
2025-09-28T16:00:00,0.000,11.463,3.179,0.520,0.040,0.201
2025-09-28T17:00:00,0.000,12.142,2.490,0.055,0.064,0.138
2025-09-28T18:00:00,0.000,11.787,2.231,0.055,0.304,2.346
2025-09-28T19:00:00,0.000,18.079,2.195,0.477,0.386,1.472
2025-09-28T20:00:00,0.000,9.977,1.132,0.089,0.334,1.162
2025-09-28T21:00:00,0.000,2.367,0.180,0.527,0.379,0.508
2025-09-28T22:00:00,0.000,0.000,0.265,0.190,0.111,0.129
2025-09-28T23:00:00,0.000,0.000,0.186,0.054,0.040,0.054
2025-09-29T00:00:00,0.000,0.000,0.397,0.054,0.040,0.051
2025-09-29T01:00:00,0.000,0.000,0.508,0.057,0.042,0.045
2025-09-29T02:00:00,0.000,0.000,0.351,0.054,0.040,0.051
2025-09-29T03:00:00,0.000,0.000,0.191,0.055,0.038,0.051
2025-09-29T04:00:00,0.000,0.000,0.271,0.270,0.042,0.051
2025-09-29T05:00:00,0.000,0.000,0.191,0.244,0.042,0.050
2025-09-29T06:00:00,0.000,0.156,0.259,0.772,1.028,1.941
2025-09-29T07:00:00,0.038,1.014,0.317,0.726,0.825,1.666
2025-09-29T08:00:00,0.379,3.663,0.455,0.054,0.055,0.079
2025-09-29T09:00:00,0.763,7.847,0.959,0.054,0.308,0.046
2025-09-29T10:00:00,3.520,8.453,1.810,0.054,0.167,0.056
2025-09-29T11:00:00,5.980,7.813,2.958,0.205,0.178,0.048
2025-09-29T12:00:00,4.189,8.683,3.039,0.120,0.041,0.069
2025-09-29T13:00:00,3.954,7.623,3.483,0.056,0.041,0.087
2025-09-29T14:00:00,4.588,13.803,3.469,0.080,0.046,0.291
2025-09-29T15:00:00,6.973,18.167,3.799,0.565,0.057,0.170
2025-09-29T16:00:00,6.017,17.740,2.833,1.038,0.046,0.047
2025-09-29T17:00:00,3.232,17.253,3.358,0.053,0.090,0.079
2025-09-29T18:00:00,0.767,15.940,3.767,0.054,0.271,2.990
2025-09-29T19:00:00,0.000,10.930,3.251,0.205,0.296,2.092
2025-09-29T20:00:00,0.000,8.413,2.467,0.225,0.307,0.204
2025-09-29T21:00:00,0.000,2.840,1.825,0.240,0.607,3.402
2025-09-29T22:00:00,0.000,0.000,0.254,0.137,0.441,2.751
2025-09-29T23:00:00,0.000,0.000,0.305,0.057,0.129,0.210
2025-09-30T00:00:00,0.000,0.000,0.334,0.053,0.039,0.048
2025-09-30T01:00:00,0.000,0.000,0.467,0.056,0.039,0.049
2025-09-30T02:00:00,0.000,0.000,0.231,0.053,0.042,0.049
2025-09-30T03:00:00,0.000,0.000,0.214,0.054,0.039,0.061
2025-09-30T04:00:00,0.000,0.000,0.231,0.081,0.034,0.045
2025-09-30T05:00:00,0.000,0.000,0.214,0.076,0.042,0.053
2025-09-30T06:00:00,0.000,6.183,0.288,0.540,0.665,1.251
2025-09-30T07:00:00,0.000,14.545,0.312,0.951,0.924,1.170
2025-09-30T08:00:00,0.197,7.676,0.299,0.817,0.330,0.687
2025-09-30T09:00:00,3.494,9.047,0.518,0.407,0.102,0.054
2025-09-30T10:00:00,3.311,16.768,0.768,0.357,0.064,0.047
2025-09-30T11:00:00,4.035,18.092,2.795,0.244,0.142,0.048
2025-09-30T12:00:00,3.208,17.881,3.538,0.054,0.285,0.063
2025-09-30T13:00:00,2.447,18.671,2.487,0.186,0.120,0.091
2025-09-30T14:00:00,3.548,18.687,3.227,0.229,0.097,0.177
2025-09-30T15:00:00,5.525,18.643,2.804,0.455,0.078,0.236
2025-09-30T16:00:00,5.813,18.294,2.871,0.051,0.074,0.050
2025-09-30T17:00:00,4.781,18.516,2.515,0.717,0.227,0.050
2025-09-30T18:00:00,1.373,14.617,3.007,0.388,0.627,0.230
2025-09-30T19:00:00,0.000,7.052,3.519,0.316,0.354,1.514
2025-09-30T20:00:00,0.000,0.891,2.666,0.279,0.360,1.792
2025-09-30T21:00:00,0.000,0.000,1.101,0.340,0.388,1.374
2025-09-30T22:00:00,0.000,0.000,0.385,0.340,0.169,0.371
2025-09-30T23:00:00,0.000,0.000,0.514,0.094,0.039,0.285
2025-10-01T00:00:00,0.000,0.000,0.265,0.056,0.040,0.130
2025-10-01T01:00:00,0.000,0.000,0.288,0.055,0.039,0.048
2025-10-01T02:00:00,0.000,0.000,0.369,0.055,0.042,0.049
2025-10-01T03:00:00,0.000,0.000,0.589,0.054,0.040,0.053
2025-10-01T04:00:00,0.000,0.000,0.435,0.054,0.042,0.057
2025-10-01T05:00:00,0.000,0.000,0.360,0.698,0.038,0.050
2025-10-01T06:00:00,0.000,0.500,0.530,0.881,1.074,1.966
2025-10-01T07:00:00,0.000,9.637,0.368,0.313,1.068,1.743
2025-10-01T08:00:00,1.086,6.648,0.191,1.471,0.316,0.444
2025-10-01T09:00:00,2.300,10.824,0.648,0.406,0.104,0.053
2025-10-01T10:00:00,2.417,10.752,3.170,1.406,0.223,0.051
2025-10-01T11:00:00,1.990,11.187,2.663,0.142,0.041,0.047
2025-10-01T12:00:00,2.602,13.460,3.413,0.717,0.190,0.047
2025-10-01T13:00:00,3.893,13.920,3.390,1.216,0.138,0.050
2025-10-01T14:00:00,3.053,12.609,3.633,0.873,0.138,0.177
2025-10-01T15:00:00,3.316,12.323,3.363,1.599,0.040,0.280
2025-10-01T16:00:00,3.655,15.863,3.231,1.028,0.534,0.237
2025-10-01T17:00:00,3.812,12.585,2.740,0.091,3.765,0.141
2025-10-01T18:00:00,2.814,12.367,3.032,0.165,1.618,2.178
2025-10-01T19:00:00,0.172,9.207,1.745,0.307,0.527,0.841
2025-10-01T20:00:00,0.000,12.482,2.620,0.511,2.049,1.305
2025-10-01T21:00:00,0.000,3.641,0.417,0.270,0.769,0.707
2025-10-01T22:00:00,0.000,0.000,0.405,0.073,0.357,0.392
2025-10-01T23:00:00,0.000,0.000,0.485,0.054,0.285,0.049
2025-10-02T00:00:00,0.000,0.000,0.407,0.055,0.145,0.050
2025-10-02T01:00:00,0.000,0.000,0.397,0.054,0.039,0.053
2025-10-02T02:00:00,0.000,0.000,0.277,0.057,0.041,0.048
2025-10-02T03:00:00,0.000,0.000,0.462,0.055,0.041,0.048
2025-10-02T04:00:00,0.000,0.000,0.282,0.069,0.041,0.057
2025-10-02T05:00:00,0.000,0.000,0.299,0.078,0.041,0.045
2025-10-02T06:00:00,0.000,0.833,0.554,0.822,0.043,2.075
2025-10-02T07:00:00,0.000,3.617,0.390,0.341,0.683,1.310
2025-10-02T08:00:00,2.125,7.406,0.265,0.115,0.253,0.155
2025-10-02T09:00:00,1.328,6.972,0.602,0.200,0.365,0.047
2025-10-02T10:00:00,6.232,7.800,2.598,0.055,0.059,0.047
2025-10-02T11:00:00,5.195,9.300,3.302,0.052,0.044,0.048
2025-10-02T12:00:00,5.984,10.230,3.273,0.133,0.295,0.047
2025-10-02T13:00:00,5.032,14.013,3.648,0.246,0.156,0.074
2025-10-02T14:00:00,3.851,14.757,4.039,0.199,0.055,0.222
2025-10-02T15:00:00,5.841,13.790,3.299,0.770,0.045,0.166
2025-10-02T16:00:00,3.731,13.816,3.405,0.205,0.039,0.049
2025-10-02T17:00:00,4.089,13.549,3.569,0.684,0.064,1.953
2025-10-02T18:00:00,5.053,13.013,3.273,0.190,0.260,0.414
2025-10-02T19:00:00,1.150,9.114,1.620,0.113,0.147,3.084
2025-10-02T20:00:00,0.000,3.689,1.177,0.423,0.307,0.612
2025-10-02T21:00:00,0.000,5.467,0.271,0.293,0.301,2.408
2025-10-02T22:00:00,0.000,0.000,0.276,0.082,0.352,2.685
2025-10-02T23:00:00,0.000,0.000,0.334,0.053,0.146,1.266
2025-10-03T00:00:00,0.000,0.000,0.317,0.054,0.041,0.049
2025-10-03T01:00:00,0.000,0.000,0.508,0.054,0.041,0.050
2025-10-03T02:00:00,0.000,0.000,0.425,0.055,0.042,0.054
2025-10-03T03:00:00,0.000,0.000,0.555,0.053,0.042,0.051
2025-10-03T04:00:00,0.000,0.000,0.392,0.271,0.039,0.050
2025-10-03T05:00:00,0.000,0.250,0.398,0.187,0.041,0.051
2025-10-03T06:00:00,0.000,4.105,0.392,0.814,0.322,1.752
2025-10-03T07:00:00,0.000,8.318,0.583,0.832,0.631,2.374
2025-10-03T08:00:00,0.193,7.115,0.282,0.856,0.117,0.169
2025-10-03T09:00:00,0.640,6.894,0.452,0.298,0.083,0.064
2025-10-03T10:00:00,0.703,5.950,1.345,0.486,0.049,0.057
2025-10-03T11:00:00,3.207,7.788,2.704,0.228,0.039,0.045
2025-10-03T12:00:00,3.350,8.668,3.593,0.341,0.042,0.054
2025-10-03T13:00:00,3.633,4.884,3.257,0.222,0.051,0.050
2025-10-03T14:00:00,4.646,8.735,3.309,0.149,0.057,0.084
2025-10-03T15:00:00,3.327,7.590,3.787,0.082,0.051,0.078
2025-10-03T16:00:00,4.000,7.573,3.488,0.532,0.239,0.200
2025-10-03T17:00:00,3.497,2.956,3.288,0.364,0.783,1.240
2025-10-03T18:00:00,3.425,14.381,4.014,0.223,0.409,0.762
2025-10-03T19:00:00,2.487,16.480,2.818,0.400,3.528,1.428
2025-10-03T20:00:00,0.000,16.528,1.568,0.185,2.523,0.211
2025-10-03T21:00:00,0.000,11.961,0.371,0.493,0.590,2.313
2025-10-03T22:00:00,0.000,0.109,0.518,0.074,0.469,0.198
2025-10-03T23:00:00,0.000,0.000,0.530,0.054,0.052,0.051
2025-10-04T00:00:00,0.000,0.000,0.385,0.056,0.041,0.049
2025-10-04T01:00:00,0.000,0.000,0.368,0.045,0.041,0.050
2025-10-04T02:00:00,0.000,0.000,0.379,0.055,0.042,0.048
2025-10-04T03:00:00,0.000,0.000,0.271,0.060,0.039,0.050
2025-10-04T04:00:00,0.000,0.000,0.259,0.113,0.039,0.055
2025-10-04T05:00:00,0.000,0.239,0.226,0.076,0.041,0.049
2025-10-04T06:00:00,0.000,3.293,0.237,1.007,0.046,0.919
2025-10-04T07:00:00,0.000,10.545,0.426,0.692,0.756,1.573
2025-10-04T08:00:00,0.000,7.251,0.844,0.883,3.402,1.582
2025-10-04T09:00:00,0.000,7.413,1.678,0.676,3.247,1.163
2025-10-04T10:00:00,0.000,6.170,2.019,0.668,0.306,2.148
2025-10-04T11:00:00,0.000,7.906,3.206,0.055,2.988,2.308
2025-10-04T12:00:00,0.000,8.209,3.337,0.103,1.309,1.436
2025-10-04T13:00:00,0.000,17.474,3.619,0.177,0.416,0.384
2025-10-04T14:00:00,0.000,19.046,3.156,0.360,0.057,2.326
2025-10-04T15:00:00,0.000,16.717,2.769,0.054,0.683,4.038
2025-10-04T16:00:00,0.000,15.314,3.078,0.055,0.150,1.449
2025-10-04T17:00:00,0.000,19.695,3.303,0.173,0.300,0.110
2025-10-04T18:00:00,0.000,16.652,3.334,0.479,0.311,1.083
2025-10-04T19:00:00,0.000,14.833,2.916,0.941,0.296,0.966
2025-10-04T20:00:00,0.000,10.765,2.498,0.839,0.280,0.420
2025-10-04T21:00:00,0.000,0.313,0.768,0.253,0.348,0.527
2025-10-04T22:00:00,0.000,0.000,0.186,0.063,0.333,0.229
2025-10-04T23:00:00,0.000,0.000,0.259,0.054,0.040,0.047
2025-10-05T00:00:00,0.000,0.000,0.347,0.055,0.039,0.048
2025-10-05T01:00:00,0.000,0.000,0.334,0.054,0.041,0.048
2025-10-05T02:00:00,0.000,0.000,0.220,0.054,0.041,0.051
2025-10-05T03:00:00,0.000,0.000,0.443,0.054,0.040,0.052
2025-10-05T04:00:00,0.000,0.000,0.455,0.079,0.041,0.051
2025-10-05T05:00:00,0.000,0.000,0.496,0.581,0.138,0.109
2025-10-05T06:00:00,0.000,5.329,0.394,0.831,0.808,1.251
2025-10-05T07:00:00,0.000,13.633,0.496,0.673,0.521,0.311
2025-10-05T08:00:00,0.000,9.868,0.413,0.076,0.661,1.319
2025-10-05T09:00:00,0.000,14.028,2.015,0.098,0.155,2.055
2025-10-05T10:00:00,0.000,19.053,2.780,0.055,0.251,0.324
2025-10-05T11:00:00,0.000,19.007,3.493,0.847,1.224,1.656
2025-10-05T12:00:00,0.000,17.827,3.559,0.992,1.393,1.761
2025-10-05T13:00:00,0.000,11.080,3.328,0.430,0.096,0.275
2025-10-05T14:00:00,0.000,13.393,3.793,0.675,0.163,3.775
2025-10-05T15:00:00,0.000,16.750,3.422,0.057,0.178,2.538
2025-10-05T16:00:00,0.000,13.387,3.309,0.066,0.039,1.013
2025-10-05T17:00:00,0.000,12.393,3.328,0.073,0.078,1.713
2025-10-05T18:00:00,0.000,12.043,2.937,0.071,0.808,0.371
2025-10-05T19:00:00,0.000,10.700,2.849,0.219,0.458,0.335
2025-10-05T20:00:00,0.000,1.080,1.185,0.258,0.296,1.211
2025-10-05T21:00:00,0.000,0.087,0.203,0.527,0.382,0.925
2025-10-05T22:00:00,0.000,0.000,0.295,0.573,0.101,0.260
2025-10-05T23:00:00,0.000,0.000,0.357,0.056,0.041,0.047
2025-10-06T00:00:00,0.000,0.000,0.379,0.053,0.039,0.059
2025-10-06T01:00:00,0.000,0.000,0.502,0.055,0.039,0.047
2025-10-06T02:00:00,0.000,0.000,0.372,0.057,0.042,0.050
2025-10-06T03:00:00,0.000,0.000,0.548,0.054,0.040,0.050
2025-10-06T04:00:00,0.000,0.000,0.282,0.054,0.041,0.048
2025-10-06T05:00:00,0.000,0.000,0.323,0.270,0.042,0.048
2025-10-06T06:00:00,0.000,5.982,0.530,0.641,0.730,1.062
2025-10-06T07:00:00,0.000,8.824,0.383,0.586,0.739,1.226
2025-10-06T08:00:00,0.267,5.933,0.519,0.457,0.399,0.618
2025-10-06T09:00:00,0.867,18.553,0.434,0.071,0.042,0.048
2025-10-06T10:00:00,1.150,19.340,1.396,0.053,0.041,0.058
2025-10-06T11:00:00,6.070,18.687,3.118,0.053,0.040,0.048
2025-10-06T12:00:00,6.197,17.446,2.739,0.055,0.042,0.047
2025-10-06T13:00:00,5.993,17.127,3.268,0.263,0.040,0.049
2025-10-06T14:00:00,5.735,18.659,3.235,0.164,0.040,0.079
2025-10-06T15:00:00,6.013,14.107,3.174,0.081,0.039,0.176
2025-10-06T16:00:00,6.122,17.780,3.253,0.291,0.040,0.164
2025-10-06T17:00:00,4.766,17.770,3.156,0.105,0.040,0.604
2025-10-06T18:00:00,1.289,16.200,3.250,0.228,0.096,0.356
2025-10-06T19:00:00,0.000,10.335,3.007,0.811,1.787,3.430
2025-10-06T20:00:00,0.000,10.878,2.888,1.090,0.502,4.115
2025-10-06T21:00:00,0.000,0.267,1.355,1.051,0.410,0.870
2025-10-06T22:00:00,0.000,0.000,0.439,0.092,0.507,0.524
2025-10-06T23:00:00,0.000,0.000,0.544,0.054,0.064,0.053
2025-10-07T00:00:00,0.000,0.000,0.265,0.054,0.041,0.050
2025-10-07T01:00:00,0.000,0.000,0.397,0.053,0.041,0.056
2025-10-07T02:00:00,0.000,0.000,0.426,0.052,0.041,0.050
2025-10-07T03:00:00,0.000,0.000,0.180,0.054,0.042,0.049
2025-10-07T04:00:00,0.000,0.000,0.265,0.057,0.042,0.048
2025-10-07T05:00:00,0.000,0.000,0.180,0.335,0.040,0.049
2025-10-07T06:00:00,0.000,1.083,0.265,0.774,0.837,0.823
2025-10-07T07:00:00,0.000,4.674,0.180,0.548,0.742,1.776
2025-10-07T08:00:00,0.417,8.550,0.265,0.426,0.492,1.035
2025-10-07T09:00:00,3.937,13.123,0.182,1.259,0.075,0.075
2025-10-07T10:00:00,5.080,10.906,0.454,0.628,0.041,0.190
2025-10-07T11:00:00,3.582,3.587,2.340,0.417,0.042,0.048
2025-10-07T12:00:00,3.407,8.333,2.891,0.054,0.046,0.047
2025-10-07T13:00:00,4.740,9.963,3.361,1.359,0.039,0.055
2025-10-07T14:00:00,4.328,18.300,3.523,1.097,0.036,0.196
2025-10-07T15:00:00,6.440,14.200,3.431,0.054,0.042,0.279
2025-10-07T16:00:00,6.300,17.300,3.220,1.216,0.043,0.112
2025-10-07T17:00:00,4.581,16.337,3.310,0.468,0.039,0.078
2025-10-07T18:00:00,3.307,16.154,3.118,0.457,2.708,1.104
2025-10-07T19:00:00,0.220,10.983,3.179,0.374,2.704,1.974
2025-10-07T20:00:00,0.100,14.777,2.807,0.578,0.883,1.899
2025-10-07T21:00:00,0.000,11.846,0.933,0.379,0.814,0.528
2025-10-07T22:00:00,0.000,2.697,0.385,0.068,0.515,0.207
2025-10-07T23:00:00,0.000,0.000,0.271,0.053,0.154,0.168
2025-10-08T00:00:00,0.000,0.000,0.283,0.054,0.042,0.048
2025-10-08T01:00:00,0.000,0.000,0.502,0.056,0.042,0.053
2025-10-08T02:00:00,0.000,0.000,0.507,0.053,0.042,0.056
2025-10-08T03:00:00,0.000,0.000,0.428,0.053,0.042,0.048
2025-10-08T04:00:00,0.000,0.000,0.462,0.196,0.041,0.048
2025-10-08T05:00:00,0.000,0.000,0.462,0.091,0.041,0.047
2025-10-08T06:00:00,0.000,1.029,0.428,0.516,0.040,3.118
2025-10-08T07:00:00,0.000,12.526,0.496,0.818,0.749,0.986
2025-10-08T08:00:00,0.372,13.560,0.861,1.100,0.224,0.237
2025-10-08T09:00:00,0.726,13.757,2.432,0.450,0.041,0.055
2025-10-08T10:00:00,3.612,13.106,0.772,0.655,0.041,0.047
2025-10-08T11:00:00,6.600,9.795,1.558,0.273,0.041,0.047
2025-10-08T12:00:00,6.900,6.767,1.996,0.070,0.042,0.064
2025-10-08T13:00:00,7.115,8.384,2.911,0.051,0.039,0.068
2025-10-08T14:00:00,6.940,11.323,3.423,0.469,0.042,0.047
2025-10-08T15:00:00,6.720,12.458,3.472,0.296,0.041,0.175
2025-10-08T16:00:00,6.037,19.407,3.284,0.575,0.041,0.147
2025-10-08T17:00:00,6.446,20.113,3.714,0.219,0.041,0.467
2025-10-08T18:00:00,2.377,14.650,3.613,0.301,0.187,1.522
2025-10-08T19:00:00,0.000,12.579,3.238,0.292,0.300,0.709
2025-10-08T20:00:00,0.000,1.090,2.505,0.273,0.290,0.808
2025-10-08T21:00:00,0.000,1.468,1.607,0.787,0.368,0.976
2025-10-08T22:00:00,0.000,0.000,0.395,0.068,0.440,0.549
2025-10-08T23:00:00,0.000,0.000,0.253,0.056,0.159,0.047
2025-10-09T00:00:00,0.000,0.000,0.345,0.053,0.041,0.047
2025-10-09T01:00:00,0.000,0.000,0.408,0.054,0.039,0.049
2025-10-09T02:00:00,0.000,0.000,0.484,0.052,0.041,0.056
2025-10-09T03:00:00,0.000,0.000,0.498,0.055,0.042,0.054
2025-10-09T04:00:00,0.000,0.000,0.428,0.324,0.047,0.048
2025-10-09T05:00:00,0.000,0.000,0.428,0.362,0.038,0.049
2025-10-09T06:00:00,0.000,0.726,0.462,0.520,0.042,1.723
2025-10-09T07:00:00,0.000,5.191,0.394,0.113,1.155,0.876
2025-10-09T08:00:00,0.111,13.130,0.496,0.054,0.159,1.033
2025-10-09T09:00:00,0.441,13.780,1.853,0.053,0.040,0.043
2025-10-09T10:00:00,0.988,10.170,3.382,0.056,0.038,0.049
2025-10-09T11:00:00,3.091,13.037,2.770,0.055,0.042,0.050
2025-10-09T12:00:00,3.092,14.693,3.340,0.054,0.041,0.051
2025-10-09T13:00:00,4.054,8.867,2.653,0.757,0.040,0.055
2025-10-09T14:00:00,5.308,15.893,3.317,0.665,0.041,0.047
2025-10-09T15:00:00,2.933,19.040,3.002,0.259,0.042,0.287
2025-10-09T16:00:00,2.925,18.583,3.062,0.223,0.040,0.091
2025-10-09T17:00:00,4.325,16.608,3.299,0.220,0.062,0.365
2025-10-09T18:00:00,3.713,13.114,2.563,0.254,0.247,0.739
2025-10-09T19:00:00,0.833,11.269,1.759,0.258,0.555,2.999
2025-10-09T20:00:00,3.000,3.497,2.054,0.341,1.517,1.081
2025-10-09T21:00:00,0.000,0.168,1.261,0.775,0.327,2.258
2025-10-09T22:00:00,0.000,0.000,0.186,0.069,0.239,2.638
2025-10-09T23:00:00,0.000,0.000,0.380,0.054,0.241,1.013
2025-10-10T00:00:00,0.000,0.000,0.277,0.056,0.347,0.049
2025-10-10T01:00:00,0.000,0.000,0.379,0.055,0.223,0.056
2025-10-10T02:00:00,0.000,0.000,0.191,0.055,0.042,0.047
2025-10-10T03:00:00,0.000,0.000,0.299,0.054,0.041,0.047
2025-10-10T04:00:00,0.000,0.000,0.436,0.067,0.039,0.047
2025-10-10T05:00:00,0.000,0.000,0.472,0.100,0.041,0.059
2025-10-10T06:00:00,0.000,3.083,0.385,0.669,0.041,1.397
2025-10-10T07:00:00,0.000,6.667,0.387,0.772,0.862,1.223
2025-10-10T08:00:00,0.000,6.952,0.383,0.297,0.182,0.135
2025-10-10T09:00:00,0.167,6.947,0.575,0.414,0.042,0.048
2025-10-10T10:00:00,3.495,13.754,1.251,0.107,0.042,0.048
2025-10-10T11:00:00,3.481,12.656,2.909,0.054,0.042,0.049
2025-10-10T12:00:00,4.220,12.340,3.507,0.054,0.042,0.048
2025-10-10T13:00:00,3.848,12.560,3.504,0.224,0.039,0.048
2025-10-10T14:00:00,3.467,12.437,2.947,0.479,0.042,0.062
2025-10-10T15:00:00,5.215,12.090,3.327,0.056,0.041,0.123
2025-10-10T16:00:00,4.569,17.713,3.383,0.069,0.039,0.293
2025-10-10T17:00:00,4.412,9.640,3.028,0.259,2.540,1.546
2025-10-10T18:00:00,3.955,12.767,2.954,1.334,2.727,0.822
2025-10-10T19:00:00,0.161,11.581,3.515,0.873,2.569,2.207
2025-10-10T20:00:00,0.000,11.478,0.840,0.792,1.936,0.894
2025-10-10T21:00:00,0.000,1.558,0.265,0.149,0.541,1.522
2025-10-10T22:00:00,0.000,0.376,0.294,0.063,0.328,1.158
2025-10-10T23:00:00,0.000,0.000,0.191,0.056,0.204,0.047
2025-10-11T00:00:00,0.000,0.000,0.259,0.054,0.041,0.059
2025-10-11T01:00:00,0.000,0.000,0.277,0.055,0.041,0.046
2025-10-11T02:00:00,0.000,0.000,0.220,0.056,0.041,0.048
2025-10-11T03:00:00,0.000,0.000,0.225,0.053,0.040,0.055
2025-10-11T04:00:00,0.000,0.000,0.220,0.132,0.043,0.048
2025-10-11T05:00:00,0.000,0.000,0.225,0.397,0.041,0.046
2025-10-11T06:00:00,0.000,5.917,0.220,0.830,0.916,1.715
2025-10-11T07:00:00,0.000,7.589,0.225,0.707,0.216,0.806
2025-10-11T08:00:00,0.000,7.343,0.322,0.063,0.947,0.747
2025-10-11T09:00:00,0.000,11.585,0.225,0.054,0.368,2.005
2025-10-11T10:00:00,0.000,7.883,0.728,0.055,0.903,1.138
2025-10-11T11:00:00,0.000,14.659,2.281,0.620,1.388,1.707
2025-10-11T12:00:00,0.000,17.901,3.355,0.054,1.443,0.203
2025-10-11T13:00:00,0.000,18.191,3.411,0.272,0.207,2.885
2025-10-11T14:00:00,0.000,18.465,3.618,0.184,0.042,2.846
2025-10-11T15:00:00,0.000,18.300,3.725,0.055,0.040,0.889
2025-10-11T16:00:00,0.000,18.160,3.600,0.184,0.038,0.219
2025-10-11T17:00:00,0.000,18.752,3.015,0.698,0.152,0.515
2025-10-11T18:00:00,0.000,9.063,2.793,0.724,0.313,0.383
2025-10-11T19:00:00,0.000,7.534,3.298,0.600,0.145,0.366
2025-10-11T20:00:00,0.000,1.140,2.234,0.355,0.716,1.309
2025-10-11T21:00:00,0.000,0.000,1.526,0.310,0.392,1.001
2025-10-11T22:00:00,0.000,0.000,0.530,0.055,0.354,0.192
2025-10-11T23:00:00,0.000,0.000,0.448,0.055,0.073,0.047
2025-10-12T00:00:00,0.000,0.000,0.317,0.045,0.043,0.047
2025-10-12T01:00:00,0.000,0.000,0.356,0.055,0.039,0.053
2025-10-12T02:00:00,0.000,0.000,0.385,0.061,0.040,0.054
2025-10-12T03:00:00,0.000,0.000,0.277,0.055,0.041,0.049
2025-10-12T04:00:00,0.000,0.000,0.363,0.289,0.042,0.048
2025-10-12T05:00:00,0.000,0.000,0.271,0.073,0.040,0.050
2025-10-12T06:00:00,0.000,1.250,0.191,0.153,0.645,0.048
2025-10-12T07:00:00,0.000,11.467,0.374,0.548,0.354,1.393
2025-10-12T08:00:00,0.000,9.590,1.097,0.502,0.726,0.417
2025-10-12T09:00:00,0.000,8.344,2.660,0.230,0.535,1.852
2025-10-12T10:00:00,0.000,11.473,2.872,0.053,0.042,2.169
2025-10-12T11:00:00,0.000,6.545,3.192,0.292,3.254,4.822
2025-10-12T12:00:00,0.000,8.057,2.224,0.792,3.947,3.090
2025-10-12T13:00:00,0.000,9.141,3.238,0.240,1.124,0.083
2025-10-12T14:00:00,0.000,12.751,3.456,0.057,0.780,1.539
2025-10-12T15:00:00,0.000,13.694,3.828,0.065,0.041,2.283
2025-10-12T16:00:00,0.000,16.599,3.679,0.068,0.158,0.047
2025-10-12T17:00:00,0.000,18.127,3.477,0.058,0.079,1.019
2025-10-12T18:00:00,0.000,12.928,3.561,0.204,1.075,0.574
2025-10-12T19:00:00,0.000,10.314,2.592,1.187,0.399,1.383
2025-10-12T20:00:00,0.000,5.125,0.752,0.268,0.410,0.554
2025-10-12T21:00:00,0.000,1.100,0.360,0.269,0.093,2.904
2025-10-12T22:00:00,0.000,0.400,0.530,0.073,0.043,2.619
2025-10-12T23:00:00,0.000,0.000,0.433,0.055,0.039,0.652
2025-10-13T00:00:00,0.000,0.000,0.328,0.053,0.042,0.048
2025-10-13T01:00:00,0.000,0.000,0.502,0.054,0.041,0.049
2025-10-13T02:00:00,0.000,0.000,0.277,0.055,0.039,0.053
2025-10-13T03:00:00,0.000,0.000,0.271,0.057,0.042,0.056
2025-10-13T04:00:00,0.000,0.000,0.191,0.056,0.041,0.052
2025-10-13T05:00:00,0.000,0.000,0.265,0.392,0.039,0.047
2025-10-13T06:00:00,0.000,1.553,0.197,0.543,0.040,1.134
2025-10-13T07:00:00,0.054,8.851,0.401,0.768,0.034,1.321
2025-10-13T08:00:00,2.361,9.326,0.485,0.062,0.046,1.397
2025-10-13T09:00:00,2.197,11.019,1.321,0.666,0.039,0.364
2025-10-13T10:00:00,2.517,10.613,2.908,0.291,0.041,0.047
2025-10-13T11:00:00,3.820,10.177,2.690,0.727,0.039,0.118
2025-10-13T12:00:00,3.740,7.920,2.429,1.568,0.040,0.281
2025-10-13T13:00:00,3.126,8.957,2.689,1.401,0.039,0.192
2025-10-13T14:00:00,5.182,17.143,3.051,1.080,0.039,0.097
2025-10-13T15:00:00,5.640,14.194,2.922,2.871,0.039,0.164
2025-10-13T16:00:00,5.683,14.400,2.791,0.832,0.042,0.097
2025-10-13T17:00:00,1.469,14.150,3.318,0.053,0.054,0.721
2025-10-13T18:00:00,1.319,15.581,3.478,0.056,0.135,1.848
2025-10-13T19:00:00,0.000,15.344,2.512,0.270,0.805,4.415
2025-10-13T20:00:00,0.000,1.880,1.832,0.274,0.465,4.138
2025-10-13T21:00:00,0.000,2.213,0.469,0.257,0.464,0.631
2025-10-13T22:00:00,0.000,0.000,0.473,0.263,0.109,0.117
2025-10-13T23:00:00,0.000,0.000,0.384,0.206,0.048,0.048
2025-10-14T00:00:00,0.000,0.000,0.484,0.055,0.039,0.049
2025-10-14T01:00:00,0.000,0.000,0.438,0.055,0.040,0.053
2025-10-14T02:00:00,0.000,0.000,0.339,0.054,0.041,0.050
2025-10-14T03:00:00,0.000,0.000,0.208,0.055,0.042,0.049
2025-10-14T04:00:00,0.000,0.000,0.220,0.120,0.041,0.050
2025-10-14T05:00:00,0.000,0.000,0.225,0.427,0.042,0.093
2025-10-14T06:00:00,0.000,0.000,0.203,0.493,0.767,0.515
2025-10-14T07:00:00,0.000,4.433,0.242,0.626,0.231,1.341
2025-10-14T08:00:00,0.375,7.160,0.186,1.300,0.046,1.257
2025-10-14T09:00:00,2.909,8.097,0.993,0.837,0.041,0.254
2025-10-14T10:00:00,4.160,6.483,3.072,0.594,0.041,0.148
2025-10-14T11:00:00,3.495,11.933,3.941,0.053,0.039,0.198
2025-10-14T12:00:00,4.492,17.093,3.510,0.056,0.039,0.157
2025-10-14T13:00:00,4.520,17.797,3.130,0.291,0.042,0.141
2025-10-14T14:00:00,4.943,14.619,3.638,0.055,0.042,0.047
2025-10-14T15:00:00,4.668,11.654,2.873,0.228,0.038,0.048
2025-10-14T16:00:00,4.357,13.778,3.330,0.085,0.042,0.294
2025-10-14T17:00:00,1.437,13.613,3.078,0.203,0.048,1.215
2025-10-14T18:00:00,0.677,8.697,2.501,0.168,0.179,1.303
2025-10-14T19:00:00,0.275,10.694,2.996,0.551,0.381,0.831
2025-10-14T20:00:00,0.107,7.773,1.759,0.701,0.296,0.728
2025-10-14T21:00:00,0.000,5.139,0.743,0.506,0.411,2.291
2025-10-14T22:00:00,0.000,1.083,0.437,0.095,0.283,0.399
2025-10-14T23:00:00,0.000,0.000,0.636,0.072,0.039,0.061
2025-10-15T00:00:00,0.000,0.000,0.277,0.055,0.039,0.052
2025-10-15T01:00:00,0.000,0.000,0.385,0.053,0.042,0.051
2025-10-15T02:00:00,0.000,0.000,0.197,0.054,0.041,0.049
2025-10-15T03:00:00,0.000,0.000,0.265,0.056,0.041,0.049
2025-10-15T04:00:00,0.000,0.000,0.191,0.056,0.039,0.050
2025-10-15T05:00:00,0.000,0.000,0.271,0.059,0.041,0.048
2025-10-15T06:00:00,0.000,0.450,0.191,0.839,0.042,1.887
2025-10-15T07:00:00,0.026,13.267,0.265,0.933,0.903,1.607
2025-10-15T08:00:00,2.637,19.047,0.197,0.096,0.070,0.343
2025-10-15T09:00:00,3.567,14.472,0.460,0.052,0.039,0.282
2025-10-15T10:00:00,5.905,10.947,2.025,0.055,0.041,0.051
2025-10-15T11:00:00,6.063,16.586,3.254,0.835,0.041,0.073
2025-10-15T12:00:00,3.458,18.495,3.058,0.056,0.042,0.129
2025-10-15T13:00:00,2.830,17.597,3.025,0.054,0.040,0.138
2025-10-15T14:00:00,4.199,18.673,3.181,0.054,0.041,0.129
2025-10-15T15:00:00,5.805,18.783,2.661,0.878,0.042,0.047
2025-10-15T16:00:00,4.992,18.871,2.637,0.518,0.040,0.138
2025-10-15T17:00:00,3.255,17.146,2.091,0.552,0.055,1.558
2025-10-15T18:00:00,0.431,16.300,2.601,0.175,0.963,1.932
2025-10-15T19:00:00,0.023,14.900,2.245,0.255,1.624,1.196
2025-10-15T20:00:00,0.000,5.669,2.583,0.190,0.821,1.121
2025-10-15T21:00:00,0.000,0.803,0.290,0.269,0.411,0.405
2025-10-15T22:00:00,0.000,0.000,0.248,0.144,0.133,0.341
2025-10-15T23:00:00,0.000,0.000,0.407,0.054,0.053,0.176
2025-10-16T00:00:00,0.000,0.000,0.356,0.055,0.041,0.047
2025-10-16T01:00:00,0.000,0.000,0.443,0.055,0.041,0.049
2025-10-16T02:00:00,0.000,0.000,0.435,0.054,0.040,0.057
2025-10-16T03:00:00,0.000,0.000,0.530,0.069,0.034,0.055
2025-10-16T04:00:00,0.000,0.000,0.383,0.251,0.040,0.047
2025-10-16T05:00:00,0.000,0.000,0.541,0.394,0.040,0.047
2025-10-16T06:00:00,0.000,4.726,0.383,0.583,0.822,1.335
2025-10-16T07:00:00,0.458,9.665,0.541,0.697,0.261,1.973
2025-10-16T08:00:00,2.064,11.860,0.383,0.059,0.167,1.465
2025-10-16T09:00:00,2.198,13.953,0.524,0.054,0.050,0.249
2025-10-16T10:00:00,3.405,7.684,1.760,0.055,0.038,0.111
2025-10-16T11:00:00,3.235,10.666,3.203,0.599,0.041,0.194
2025-10-16T12:00:00,2.716,18.507,2.739,0.260,0.040,0.111
2025-10-16T13:00:00,5.440,18.532,3.265,0.571,0.041,0.088
2025-10-16T14:00:00,6.140,12.198,3.273,2.190,0.041,0.096
2025-10-16T15:00:00,6.807,13.586,3.217,0.678,0.042,0.122
2025-10-16T16:00:00,6.507,13.413,3.302,0.226,0.041,0.107
2025-10-16T17:00:00,2.664,13.667,3.579,0.166,1.744,2.181
2025-10-16T18:00:00,1.751,13.536,3.757,0.542,3.245,1.041
2025-10-16T19:00:00,2.000,9.391,2.728,0.644,1.469,1.000
2025-10-16T20:00:00,0.000,1.000,0.724,0.172,2.180,0.999
2025-10-16T21:00:00,0.000,0.000,0.438,0.479,0.710,3.191
2025-10-16T22:00:00,0.000,0.000,0.455,0.122,0.387,1.992
2025-10-16T23:00:00,0.000,0.000,0.191,0.054,0.095,0.172
2025-10-17T00:00:00,0.000,0.000,0.323,0.054,0.046,0.293
2025-10-17T01:00:00,0.000,0.000,0.436,0.057,0.041,0.101
2025-10-17T02:00:00,0.000,0.000,0.322,0.054,0.039,0.050
2025-10-17T03:00:00,0.000,0.000,0.231,0.052,0.036,0.054
2025-10-17T04:00:00,0.000,0.000,0.197,0.088,0.039,0.047
2025-10-17T05:00:00,0.000,0.000,0.248,0.092,0.040,0.050
2025-10-17T06:00:00,0.000,4.500,0.294,0.673,0.050,1.558
2025-10-17T07:00:00,0.019,7.221,0.277,0.745,1.099,1.608
2025-10-17T08:00:00,0.410,4.713,0.376,1.337,0.071,0.305
2025-10-17T09:00:00,0.504,7.582,0.644,1.057,0.042,0.202
2025-10-17T10:00:00,1.375,11.226,2.878,1.337,0.041,0.110
2025-10-17T11:00:00,5.565,12.113,3.521,0.242,0.041,0.089
2025-10-17T12:00:00,6.453,13.183,3.301,1.544,0.040,0.067
2025-10-17T13:00:00,4.331,13.920,3.357,0.719,0.040,0.049
2025-10-17T14:00:00,3.780,13.907,3.583,0.054,0.042,0.083
2025-10-17T15:00:00,4.340,13.323,2.775,0.312,0.042,0.182
2025-10-17T16:00:00,4.190,13.770,3.049,0.183,0.041,0.067
2025-10-17T17:00:00,3.819,13.773,2.989,0.058,0.039,0.565
2025-10-17T18:00:00,4.233,9.214,3.475,0.054,0.054,0.893
2025-10-17T19:00:00,4.105,7.412,3.508,0.056,1.347,2.308
2025-10-17T20:00:00,0.037,16.053,2.730,0.265,2.937,0.979
2025-10-17T21:00:00,0.000,13.034,0.259,0.330,2.007,1.150
2025-10-17T22:00:00,0.000,0.503,0.180,0.213,0.398,3.715
2025-10-17T23:00:00,0.000,0.000,0.327,0.054,0.075,2.671
2025-10-18T00:00:00,0.000,0.000,0.431,0.055,0.340,0.346
2025-10-18T01:00:00,0.000,0.000,0.461,0.054,0.207,0.052
2025-10-18T02:00:00,0.000,0.000,0.519,0.056,0.041,0.049
2025-10-18T03:00:00,0.000,0.000,0.390,0.056,0.041,0.050
2025-10-18T04:00:00,0.000,0.000,0.277,0.054,0.041,0.050
2025-10-18T05:00:00,0.000,0.387,0.265,0.484,0.036,0.049
2025-10-18T06:00:00,0.000,3.921,0.446,0.811,0.047,0.051
2025-10-18T07:00:00,0.000,6.053,0.381,0.648,1.014,0.965
2025-10-18T08:00:00,0.000,6.342,0.630,1.520,0.117,1.098
2025-10-18T09:00:00,0.000,6.163,2.084,0.584,0.356,0.417
2025-10-18T10:00:00,0.000,10.370,2.355,0.054,2.948,2.359
2025-10-18T11:00:00,0.000,13.977,2.442,0.053,1.703,1.174
2025-10-18T12:00:00,0.000,12.109,3.633,0.055,1.081,2.567
2025-10-18T13:00:00,0.000,12.457,3.023,0.058,1.248,0.496
2025-10-18T14:00:00,0.000,13.301,3.528,0.049,0.459,1.379
2025-10-18T15:00:00,0.000,11.290,3.577,0.056,1.468,1.797
2025-10-18T16:00:00,0.000,11.465,3.774,0.053,2.875,1.204
2025-10-18T17:00:00,0.000,9.426,3.175,0.543,1.676,0.428
2025-10-18T18:00:00,0.000,6.660,3.587,0.354,1.882,2.565
2025-10-18T19:00:00,0.000,5.240,2.037,0.150,0.219,3.620
2025-10-18T20:00:00,0.000,5.657,0.726,0.209,0.431,1.681
2025-10-18T21:00:00,0.000,0.682,0.288,0.369,0.328,0.316
2025-10-18T22:00:00,0.000,0.000,0.225,0.131,0.245,0.207
2025-10-18T23:00:00,0.000,0.000,0.203,0.055,0.223,0.067
2025-10-19T00:00:00,0.000,0.000,0.459,0.053,0.042,0.054
2025-10-19T01:00:00,0.000,0.000,0.455,0.054,0.041,0.051
2025-10-19T02:00:00,0.000,0.000,0.578,0.054,0.041,0.050
2025-10-19T03:00:00,0.000,0.000,0.294,0.053,0.039,0.050
2025-10-19T04:00:00,0.000,0.000,0.271,0.061,0.041,0.047
2025-10-19T05:00:00,0.000,0.000,0.306,0.074,0.041,0.059
2025-10-19T06:00:00,0.000,6.347,0.271,0.858,0.881,0.065
2025-10-19T07:00:00,0.000,5.007,0.591,0.654,0.284,1.852
2025-10-19T08:00:00,0.000,17.395,0.357,0.440,1.112,1.609
2025-10-19T09:00:00,0.000,3.057,0.266,0.438,0.419,1.120
2025-10-19T10:00:00,0.000,6.150,1.045,0.111,0.350,0.067
2025-10-19T11:00:00,0.000,10.010,1.884,0.054,1.181,0.049
2025-10-19T12:00:00,0.000,7.510,3.230,0.264,0.080,0.878
2025-10-19T13:00:00,0.000,11.127,3.310,0.577,1.259,0.472
2025-10-19T14:00:00,0.000,17.623,3.262,0.053,0.181,2.493
2025-10-19T15:00:00,0.000,18.047,3.216,0.104,0.280,1.783
2025-10-19T16:00:00,0.000,18.560,3.282,0.053,0.044,0.149
2025-10-19T17:00:00,0.000,17.967,2.920,0.054,0.110,2.431
2025-10-19T18:00:00,0.000,18.035,2.544,0.198,0.417,2.828
2025-10-19T19:00:00,0.000,18.354,2.703,0.170,0.391,2.511
2025-10-19T20:00:00,0.000,16.714,2.477,0.057,0.384,1.084
2025-10-19T21:00:00,0.000,10.400,1.960,0.223,0.833,0.313
2025-10-19T22:00:00,0.000,0.000,0.548,0.326,0.420,0.130
2025-10-19T23:00:00,0.000,0.000,0.518,0.054,0.190,0.052
2025-10-20T00:00:00,0.000,0.000,0.513,0.056,0.035,0.047
2025-10-20T01:00:00,0.000,0.000,0.380,0.054,0.040,0.050
2025-10-20T02:00:00,0.000,0.000,0.443,0.054,0.039,0.054
2025-10-20T03:00:00,0.000,0.000,0.392,0.054,0.040,0.046
2025-10-20T04:00:00,0.000,0.000,0.278,0.181,0.042,0.047
2025-10-20T05:00:00,0.000,0.000,0.451,0.220,0.049,0.052
2025-10-20T06:00:00,0.000,0.000,0.428,0.748,0.864,1.173
2025-10-20T07:00:00,0.063,1.623,0.428,0.359,0.518,1.523
2025-10-20T08:00:00,1.801,9.800,0.462,1.138,0.305,1.304
2025-10-20T09:00:00,3.695,15.147,1.309,0.298,0.090,1.244
2025-10-20T10:00:00,3.843,16.820,1.896,0.510,0.038,0.251
2025-10-20T11:00:00,3.103,14.613,3.035,0.056,0.041,0.177
2025-10-20T12:00:00,3.251,9.697,3.878,0.056,0.039,0.081
2025-10-20T13:00:00,4.905,13.350,3.845,0.232,0.043,0.091
2025-10-20T14:00:00,4.040,12.815,3.698,0.189,0.042,0.093
2025-10-20T15:00:00,2.875,16.987,3.634,0.077,0.039,0.092
2025-10-20T16:00:00,6.771,14.687,3.419,0.401,0.040,0.074
2025-10-20T17:00:00,5.973,13.495,3.597,1.294,0.048,0.250
2025-10-20T18:00:00,1.083,16.176,3.091,0.054,0.449,0.520
2025-10-20T19:00:00,0.000,16.357,3.088,0.053,1.272,3.030
2025-10-20T20:00:00,0.000,7.498,2.096,0.510,0.324,1.209
2025-10-20T21:00:00,0.000,0.000,0.991,0.413,0.534,0.380
2025-10-20T22:00:00,0.000,0.000,0.248,0.114,0.304,0.902
2025-10-20T23:00:00,0.000,0.000,0.356,0.071,0.041,0.281
2025-10-21T00:00:00,0.000,0.000,0.484,0.050,0.041,0.372
2025-10-21T01:00:00,0.000,0.000,0.557,0.053,0.042,0.116
2025-10-21T02:00:00,0.000,0.000,0.439,0.054,0.042,0.048
2025-10-21T03:00:00,0.000,0.000,0.630,0.054,0.041,0.049
2025-10-21T04:00:00,0.000,0.000,0.467,0.056,0.041,0.047
2025-10-21T05:00:00,0.000,0.000,0.478,0.312,0.041,0.185
2025-10-21T06:00:00,0.000,1.349,0.512,0.806,0.046,1.401
2025-10-21T07:00:00,0.000,7.503,0.473,0.233,0.954,1.546
2025-10-21T08:00:00,1.450,11.616,0.417,1.564,0.068,0.482
2025-10-21T09:00:00,4.466,10.588,1.647,0.438,0.041,0.738
2025-10-21T10:00:00,6.029,11.373,2.944,0.545,0.039,0.157
2025-10-21T11:00:00,6.153,7.673,3.168,0.335,0.042,0.093
2025-10-21T12:00:00,6.309,8.413,3.018,0.587,0.039,0.081
2025-10-21T13:00:00,3.689,13.563,3.315,0.053,0.039,0.143
2025-10-21T14:00:00,2.960,12.720,3.276,0.054,0.042,0.156
2025-10-21T15:00:00,6.248,13.473,3.306,0.405,0.039,0.088
2025-10-21T16:00:00,6.130,11.770,3.776,0.069,0.039,1.820
2025-10-21T17:00:00,2.995,14.417,3.364,0.161,0.064,1.099
2025-10-21T18:00:00,0.733,14.663,3.281,0.251,0.220,1.046
2025-10-21T19:00:00,0.069,12.443,3.326,0.285,0.658,1.398
2025-10-21T20:00:00,0.000,12.337,1.924,0.487,0.388,0.431
2025-10-21T21:00:00,0.000,5.614,0.428,0.184,0.353,2.667
2025-10-21T22:00:00,0.000,0.000,0.496,0.128,0.338,2.397
2025-10-21T23:00:00,0.000,0.000,0.442,0.054,0.242,0.365
2025-10-22T00:00:00,0.000,0.000,0.408,0.058,0.255,0.049
2025-10-22T01:00:00,0.000,0.000,0.448,0.052,0.073,0.050
2025-10-22T02:00:00,0.000,0.000,0.530,0.052,0.039,0.053
2025-10-22T03:00:00,0.000,0.000,0.394,0.055,0.039,0.049
2025-10-22T04:00:00,0.000,0.000,0.530,0.099,0.042,0.056
2025-10-22T05:00:00,0.000,0.917,0.506,0.081,0.041,0.058
2025-10-22T06:00:00,0.000,7.633,0.271,0.625,0.041,1.795
2025-10-22T07:00:00,1.948,4.958,0.197,0.787,1.064,1.834
2025-10-22T08:00:00,2.379,9.403,1.029,1.212,0.070,1.353
2025-10-22T09:00:00,3.516,13.423,2.682,0.773,0.041,0.331
2025-10-22T10:00:00,6.327,11.887,3.220,0.148,0.040,0.205
2025-10-22T11:00:00,6.458,13.261,3.172,2.040,0.042,0.095
2025-10-22T12:00:00,5.096,13.810,3.428,0.337,0.041,0.087
2025-10-22T13:00:00,2.381,15.921,3.294,0.054,0.039,0.093
2025-10-22T14:00:00,3.663,16.095,3.730,0.054,0.042,0.095
2025-10-22T15:00:00,2.467,18.986,3.594,0.627,0.039,0.084
2025-10-22T16:00:00,2.993,16.216,3.685,0.190,0.040,0.252
2025-10-22T17:00:00,4.010,10.403,3.084,0.500,0.396,0.284
2025-10-22T18:00:00,2.152,15.227,3.411,0.543,0.262,0.284
2025-10-22T19:00:00,2.793,12.994,1.382,0.549,0.315,1.529
2025-10-22T20:00:00,0.000,1.055,1.383,0.274,0.411,1.795
2025-10-22T21:00:00,0.000,0.000,0.347,0.276,0.337,0.443
2025-10-22T22:00:00,0.000,0.000,0.340,0.103,0.181,0.315
2025-10-22T23:00:00,0.000,0.000,0.391,0.055,0.040,0.064
2025-10-23T00:00:00,0.000,0.000,0.373,0.054,0.041,0.049
2025-10-23T01:00:00,0.000,0.000,0.537,0.056,0.038,0.052
2025-10-23T02:00:00,0.000,0.000,0.334,0.055,0.042,0.055
2025-10-23T03:00:00,0.000,0.000,0.513,0.055,0.042,0.054
2025-10-23T04:00:00,0.000,0.000,0.462,0.213,0.038,0.047
2025-10-23T05:00:00,0.000,0.000,0.482,0.224,0.042,0.048
2025-10-23T06:00:00,0.000,3.083,0.420,0.715,0.049,0.282
2025-10-23T07:00:00,0.000,6.001,0.310,0.761,1.318,1.631
2025-10-23T08:00:00,1.083,6.977,0.546,0.062,0.144,1.560
2025-10-23T09:00:00,2.285,8.215,2.638,0.056,0.097,1.337
2025-10-23T10:00:00,2.620,7.980,3.358,0.054,0.041,0.398
2025-10-23T11:00:00,3.384,6.845,3.634,0.184,0.041,0.174
2025-10-23T12:00:00,5.372,9.154,3.617,0.261,0.041,0.093
2025-10-23T13:00:00,3.790,7.981,3.713,1.009,0.042,0.092
2025-10-23T14:00:00,4.050,6.077,3.524,0.675,0.039,0.089
2025-10-23T15:00:00,6.163,10.318,3.893,0.169,0.040,0.085
2025-10-23T16:00:00,6.133,13.811,3.127,0.062,1.328,0.137
2025-10-23T17:00:00,5.737,14.085,2.641,0.089,3.570,1.656
2025-10-23T18:00:00,5.140,17.568,2.939,0.589,2.097,0.529
2025-10-23T19:00:00,0.643,18.520,2.401,0.537,0.669,1.850
2025-10-23T20:00:00,0.169,18.847,1.445,0.055,0.414,3.993
2025-10-23T21:00:00,0.000,17.694,0.526,0.254,0.298,2.664
2025-10-23T22:00:00,0.000,0.685,0.451,0.081,0.284,0.252
2025-10-23T23:00:00,0.000,0.000,0.439,0.057,0.082,0.049
2025-10-24T00:00:00,0.000,0.000,0.518,0.059,0.039,0.050
2025-10-24T01:00:00,0.000,0.000,0.478,0.052,0.040,0.049
2025-10-24T02:00:00,0.000,0.000,0.530,0.048,0.041,0.051
2025-10-24T03:00:00,0.000,0.000,0.448,0.253,0.041,0.052
2025-10-24T04:00:00,0.000,0.000,0.271,0.249,0.041,0.058
2025-10-24T05:00:00,0.000,0.000,0.220,0.362,0.039,0.052
2025-10-24T06:00:00,0.000,0.000,0.491,0.600,0.921,2.079
2025-10-24T07:00:00,0.000,6.431,0.507,0.803,0.283,1.156
2025-10-24T08:00:00,0.320,6.010,0.383,0.915,0.493,0.427
2025-10-24T09:00:00,1.990,17.510,0.507,0.653,0.079,0.051
2025-10-24T10:00:00,3.889,11.677,1.612,0.056,0.187,0.054
2025-10-24T11:00:00,4.737,12.393,3.478,0.055,0.045,0.048
2025-10-24T12:00:00,5.700,12.713,3.308,0.052,0.037,0.047
2025-10-24T13:00:00,5.577,13.793,3.471,1.087,0.312,0.080
2025-10-24T14:00:00,4.623,12.817,3.319,0.077,0.061,0.087
2025-10-24T15:00:00,1.068,12.347,3.382,0.139,0.043,0.186
2025-10-24T16:00:00,4.889,12.358,3.383,0.193,0.432,0.447
2025-10-24T17:00:00,6.115,13.761,3.425,1.124,0.594,0.497
2025-10-24T18:00:00,4.483,12.929,3.301,0.273,0.544,1.618
2025-10-24T19:00:00,0.123,11.468,2.042,0.319,0.425,1.148
2025-10-24T20:00:00,0.000,3.573,1.178,0.206,0.109,1.391
2025-10-24T21:00:00,0.000,0.811,0.360,0.255,0.523,1.965
2025-10-24T22:00:00,0.000,0.000,0.530,0.161,0.355,0.433
2025-10-24T23:00:00,0.000,0.000,0.461,0.054,0.042,0.201
2025-10-25T00:00:00,0.000,0.000,0.502,0.053,0.044,0.047
2025-10-25T01:00:00,0.000,0.000,0.350,0.057,0.041,0.047
2025-10-25T02:00:00,0.000,0.000,0.220,0.053,0.035,0.048
2025-10-25T03:00:00,0.000,0.000,0.322,0.056,0.039,0.047
2025-10-25T04:00:00,0.000,0.000,0.356,0.295,0.038,0.052
2025-10-25T05:00:00,0.000,0.000,0.461,0.083,0.042,0.051
2025-10-25T06:00:00,0.000,0.569,0.334,0.564,0.829,0.051
2025-10-25T07:00:00,0.000,3.319,0.288,0.496,0.661,0.802
2025-10-25T08:00:00,0.000,12.987,0.277,0.860,0.298,2.318
2025-10-25T09:00:00,0.000,17.121,0.871,0.262,0.228,1.734
2025-10-25T10:00:00,0.000,17.185,2.541,0.138,0.406,1.043
2025-10-25T11:00:00,0.000,18.377,2.473,0.227,0.080,1.687
2025-10-25T12:00:00,0.000,18.159,3.019,0.088,0.041,1.921
2025-10-25T13:00:00,0.000,17.633,3.347,0.053,1.044,1.039
2025-10-25T14:00:00,0.000,18.598,3.262,0.054,3.827,0.231
2025-10-25T15:00:00,0.000,11.138,3.431,0.817,3.207,2.586
2025-10-25T16:00:00,0.000,17.151,3.145,1.191,0.047,2.529
2025-10-25T17:00:00,0.000,17.811,3.538,0.828,0.761,0.903
2025-10-25T18:00:00,0.000,14.017,3.481,0.261,1.475,0.359
2025-10-25T19:00:00,0.000,12.598,3.534,0.285,0.336,0.764
2025-10-25T20:00:00,0.000,15.392,2.472,0.278,0.371,1.499
2025-10-25T21:00:00,0.000,2.450,1.366,0.266,0.292,0.467
2025-10-25T22:00:00,0.000,0.000,0.446,0.644,0.294,0.346
2025-10-25T23:00:00,0.000,0.000,0.260,0.053,0.065,0.055
2025-10-26T00:00:00,0.000,0.000,0.467,0.056,0.041,0.051
2025-10-26T01:00:00,0.000,0.000,0.455,0.061,0.042,0.046
2025-10-26T02:00:00,0.000,0.000,0.530,0.056,0.039,0.049
2025-10-26T03:00:00,0.000,0.000,0.482,0.054,0.039,0.058
2025-10-26T04:00:00,0.000,2.667,0.494,0.067,0.039,0.048
2025-10-26T05:00:00,0.000,14.632,0.473,1.754,0.042,0.049
2025-10-26T06:00:00,0.000,8.122,0.451,1.686,0.042,0.085
2025-10-26T07:00:00,0.000,8.016,0.343,0.600,0.830,1.400
2025-10-26T08:00:00,0.000,7.983,0.470,0.169,0.215,1.366
2025-10-26T09:00:00,0.000,7.963,3.059,0.054,0.934,1.680
2025-10-26T10:00:00,0.000,11.410,4.066,0.406,2.051,1.662
2025-10-26T11:00:00,0.000,13.727,4.083,1.135,1.605,2.015
2025-10-26T12:00:00,0.000,13.057,4.128,1.276,0.471,0.480
2025-10-26T13:00:00,0.000,13.090,4.162,0.718,0.065,2.483
2025-10-26T14:00:00,0.000,18.810,4.162,0.115,0.360,3.390
2025-10-26T15:00:00,0.000,14.027,4.128,0.433,0.178,1.518
2025-10-26T16:00:00,0.000,13.807,4.196,0.091,0.079,1.257
2025-10-26T17:00:00,0.000,13.705,3.133,0.053,0.269,0.542
2025-10-26T18:00:00,0.000,7.953,3.102,0.360,0.282,0.383
2025-10-26T19:00:00,0.000,0.956,2.242,0.541,0.253,0.622
2025-10-26T20:00:00,0.000,0.296,1.527,0.291,0.335,1.487
2025-10-26T21:00:00,0.000,0.000,0.578,0.372,0.424,0.482
2025-10-26T22:00:00,0.000,0.000,0.451,0.161,0.133,0.084
2025-10-26T23:00:00,0.000,0.000,0.467,0.055,0.041,0.051
2025-10-27T00:00:00,0.000,0.000,0.473,0.056,0.038,0.047
2025-10-27T01:00:00,0.000,0.000,0.360,0.054,0.042,0.048
2025-10-27T02:00:00,0.000,0.000,0.507,0.053,0.042,0.048
2025-10-27T03:00:00,0.000,0.000,0.383,0.056,0.041,0.047
2025-10-27T04:00:00,0.000,0.000,0.473,0.113,0.040,0.052
2025-10-27T05:00:00,0.000,0.000,0.417,0.411,0.041,0.053
2025-10-27T06:00:00,0.000,6.243,0.439,0.664,0.989,1.768
2025-10-27T07:00:00,0.060,8.715,0.451,1.049,0.871,2.163
2025-10-27T08:00:00,0.447,15.094,0.629,0.072,0.205,0.191
2025-10-27T09:00:00,3.627,17.303,2.366,0.054,0.041,0.049
2025-10-27T10:00:00,6.527,19.573,3.294,0.053,0.042,0.055
2025-10-27T11:00:00,4.090,19.173,3.569,0.053,0.042,0.048
2025-10-27T12:00:00,2.894,14.307,3.377,0.305,0.038,0.050
2025-10-27T13:00:00,3.316,14.357,3.673,0.062,0.039,0.047
2025-10-27T14:00:00,3.932,13.513,3.488,0.058,0.042,0.172
2025-10-27T15:00:00,2.398,16.763,3.104,0.175,0.041,0.255
2025-10-27T16:00:00,3.214,10.823,3.324,0.161,0.041,0.803
2025-10-27T17:00:00,5.333,15.950,3.323,0.056,0.046,4.653
2025-10-27T18:00:00,5.448,16.877,1.649,0.054,0.602,3.563
2025-10-27T19:00:00,2.113,12.469,0.708,0.053,0.438,1.593
2025-10-27T20:00:00,0.000,1.583,0.301,1.335,2.755,0.511
2025-10-27T21:00:00,0.000,0.000,0.231,0.681,2.739,1.076
2025-10-27T22:00:00,0.000,0.000,0.232,0.096,0.642,0.515
2025-10-27T23:00:00,0.000,0.000,0.259,0.073,0.040,0.352
2025-10-28T00:00:00,0.000,0.000,0.524,0.053,0.042,0.051
2025-10-28T01:00:00,0.000,0.000,0.417,0.055,0.042,0.049
2025-10-28T02:00:00,0.000,0.000,0.473,0.055,0.042,0.049
2025-10-28T03:00:00,0.000,0.000,0.417,0.054,0.034,0.054
2025-10-28T04:00:00,0.000,0.000,0.473,0.053,0.042,0.049
2025-10-28T05:00:00,0.000,0.632,0.417,0.286,0.045,0.050
2025-10-28T06:00:00,0.000,1.954,0.324,0.819,0.797,0.050
2025-10-28T07:00:00,1.144,9.452,0.368,0.282,0.841,1.148
2025-10-28T08:00:00,2.848,10.878,1.337,0.209,0.135,0.492
2025-10-28T09:00:00,3.747,12.503,2.853,0.095,2.333,2.312
2025-10-28T10:00:00,3.830,10.650,3.370,0.507,1.990,1.684
2025-10-28T11:00:00,2.212,12.923,3.427,0.309,0.622,2.080
2025-10-28T12:00:00,3.825,18.706,2.986,1.102,0.986,0.306
2025-10-28T13:00:00,3.351,18.589,3.201,1.576,3.332,0.804
2025-10-28T14:00:00,1.873,18.986,3.188,0.215,2.414,0.284
2025-10-28T15:00:00,3.955,18.289,3.911,0.055,0.645,1.137
2025-10-28T16:00:00,3.516,17.926,3.719,0.467,1.459,2.952
2025-10-28T17:00:00,2.646,18.271,3.997,0.526,0.270,1.599
2025-10-28T18:00:00,4.248,16.172,2.406,0.098,0.429,2.383
2025-10-28T19:00:00,0.417,17.580,2.750,0.308,0.454,1.358
2025-10-28T20:00:00,0.000,4.828,0.516,0.182,0.390,1.636
2025-10-28T21:00:00,0.000,0.000,0.496,0.474,0.300,0.582
2025-10-28T22:00:00,0.000,0.000,0.584,0.086,0.182,0.399
2025-10-28T23:00:00,0.000,0.000,0.368,0.055,0.041,0.105
2025-10-29T00:00:00,0.000,0.000,0.420,0.053,0.041,0.050
2025-10-29T01:00:00,0.000,0.000,0.373,0.056,0.041,0.056
2025-10-29T02:00:00,0.000,0.000,0.277,0.053,0.042,0.052
2025-10-29T03:00:00,0.000,0.000,0.208,0.113,0.041,0.049
2025-10-29T04:00:00,0.000,0.950,0.237,0.253,0.042,0.048
2025-10-29T05:00:00,0.000,2.113,0.191,0.527,0.034,0.049
2025-10-29T06:00:00,2.667,2.190,0.254,0.741,0.900,2.093
2025-10-29T07:00:00,2.868,12.240,0.277,0.795,0.571,1.628
2025-10-29T08:00:00,2.862,12.281,1.084,1.084,0.484,0.160
2025-10-29T09:00:00,3.960,10.623,1.798,0.774,0.040,0.052
2025-10-29T10:00:00,3.478,15.996,3.584,0.586,0.036,0.049
2025-10-29T11:00:00,4.008,13.566,3.453,0.063,0.038,0.056
2025-10-29T12:00:00,3.547,11.980,3.420,0.151,0.041,0.046
2025-10-29T13:00:00,4.903,12.470,3.096,0.758,0.041,0.052
2025-10-29T14:00:00,4.513,14.183,3.490,0.328,0.041,0.107
2025-10-29T15:00:00,3.455,14.460,3.514,0.054,0.039,0.193
2025-10-29T16:00:00,3.311,14.143,3.112,0.056,0.041,0.182
2025-10-29T17:00:00,0.103,15.900,3.116,0.375,0.043,0.777
2025-10-29T18:00:00,0.000,17.138,2.764,0.396,0.267,1.517
2025-10-29T19:00:00,0.000,16.648,2.768,0.230,0.347,1.015
2025-10-29T20:00:00,0.000,13.333,0.687,0.380,0.385,0.263
2025-10-29T21:00:00,0.000,0.167,0.237,0.693,0.427,0.287
2025-10-29T22:00:00,0.000,0.000,0.426,0.142,0.228,0.368
2025-10-29T23:00:00,0.000,0.000,0.432,0.054,0.040,0.119
2025-10-30T00:00:00,0.000,0.000,0.525,0.054,0.040,0.051
2025-10-30T01:00:00,0.000,0.000,0.461,0.053,0.041,0.057
2025-10-30T02:00:00,0.000,0.000,0.203,0.055,0.042,0.054
2025-10-30T03:00:00,0.000,0.000,0.242,0.054,0.042,0.049
2025-10-30T04:00:00,0.000,0.033,0.220,0.062,0.042,0.049
2025-10-30T05:00:00,0.000,1.554,0.225,0.248,0.041,0.050
2025-10-30T06:00:00,0.000,7.065,0.237,0.894,1.010,2.460
2025-10-30T07:00:00,0.862,16.193,0.208,0.529,0.576,2.260
2025-10-30T08:00:00,5.760,11.890,0.443,0.223,0.576,0.213
2025-10-30T09:00:00,6.349,10.483,2.810,0.056,0.038,0.048
2025-10-30T10:00:00,5.407,13.480,3.406,0.053,0.044,0.047
2025-10-30T11:00:00,4.742,13.873,3.698,0.456,0.040,0.047
2025-10-30T12:00:00,6.280,13.433,3.737,0.269,0.042,0.052
2025-10-30T13:00:00,3.824,11.023,3.404,0.927,0.040,0.050
2025-10-30T14:00:00,4.098,18.963,3.216,0.718,0.097,0.171
2025-10-30T15:00:00,5.645,15.183,3.207,0.405,0.725,0.281
2025-10-30T16:00:00,2.590,10.897,3.283,0.056,3.001,0.226
2025-10-30T17:00:00,0.619,10.381,3.211,0.071,3.114,0.731
2025-10-30T18:00:00,0.017,12.471,3.266,0.293,1.740,0.777
2025-10-30T19:00:00,0.000,5.336,1.379,0.418,0.486,2.043
2025-10-30T20:00:00,0.000,2.949,0.283,0.416,0.517,0.449
2025-10-30T21:00:00,0.000,0.474,0.288,0.738,0.408,3.279
2025-10-30T22:00:00,0.000,0.000,0.318,0.162,0.251,2.789
2025-10-30T23:00:00,0.000,0.000,0.531,0.056,0.089,0.887
2025-10-31T00:00:00,0.000,0.000,0.312,0.055,0.043,0.047
2025-10-31T01:00:00,0.000,0.000,0.322,0.053,0.041,0.047
2025-10-31T02:00:00,0.000,0.000,0.265,0.054,0.041,0.049
2025-10-31T03:00:00,0.000,0.000,0.310,0.056,0.042,0.050
2025-10-31T04:00:00,0.000,0.000,0.518,0.238,0.042,0.059
2025-10-31T05:00:00,0.000,1.770,0.394,0.424,0.041,0.070
2025-10-31T06:00:00,0.000,6.121,0.496,0.758,0.616,2.200
2025-10-31T07:00:00,1.500,5.628,0.861,0.390,0.609,1.747
2025-10-31T08:00:00,2.285,7.967,2.350,0.409,0.046,0.116
2025-10-31T09:00:00,3.506,11.080,3.087,0.743,0.041,0.084
2025-10-31T10:00:00,3.556,12.833,3.520,0.103,0.041,1.455
2025-10-31T11:00:00,3.499,13.190,2.636,1.799,0.040,1.212
2025-10-31T12:00:00,3.632,5.859,2.101,0.328,0.042,0.534
2025-10-31T13:00:00,2.397,10.433,3.271,0.291,0.042,0.363
2025-10-31T14:00:00,6.435,13.303,3.411,0.185,0.034,0.324
2025-10-31T15:00:00,6.631,17.013,3.834,0.054,0.039,0.282
2025-10-31T16:00:00,2.734,17.227,3.585,0.107,0.041,0.168
2025-10-31T17:00:00,1.194,18.133,3.497,0.393,0.042,1.137
2025-10-31T18:00:00,0.285,14.294,1.846,0.578,0.269,0.710
2025-10-31T19:00:00,0.080,11.168,1.276,0.887,0.306,1.435
2025-10-31T20:00:00,0.000,10.256,0.570,0.700,0.310,0.391
2025-10-31T21:00:00,0.000,0.000,0.405,0.622,0.480,0.540
2025-10-31T22:00:00,0.000,0.000,0.368,0.713,0.244,0.271
2025-10-31T23:00:00,0.000,0.000,0.478,0.053,0.040,0.050
2025-11-01T00:00:00,0.000,0.000,0.362,0.056,0.041,0.048
2025-11-01T01:00:00,0.000,0.000,0.237,0.053,0.042,0.061
2025-11-01T02:00:00,0.000,0.000,0.387,0.054,0.041,0.049
2025-11-01T03:00:00,0.000,0.000,0.391,0.053,0.041,0.047
2025-11-01T04:00:00,0.000,0.000,0.180,0.189,0.042,0.049
2025-11-01T05:00:00,0.000,2.488,0.265,0.352,0.040,0.056
2025-11-01T06:00:00,0.000,7.911,0.180,0.703,0.041,0.636
2025-11-01T07:00:00,0.000,8.743,0.265,0.201,0.784,1.508
2025-11-01T08:00:00,0.000,13.777,0.587,0.159,0.934,1.418
2025-11-01T09:00:00,0.000,14.627,2.832,0.054,0.657,1.006
2025-11-01T10:00:00,0.000,11.610,3.613,0.054,0.263,0.604
2025-11-01T11:00:00,0.000,8.413,3.763,0.056,1.029,1.615
2025-11-01T12:00:00,0.000,14.887,3.653,0.055,1.523,0.188
2025-11-01T13:00:00,0.000,11.627,3.813,0.625,0.449,2.232
2025-11-01T14:00:00,0.000,15.947,3.248,0.056,0.067,3.569
2025-11-01T15:00:00,0.000,17.923,3.764,0.055,0.986,1.481
2025-11-01T16:00:00,0.000,14.713,3.302,0.056,0.066,1.221
2025-11-01T17:00:00,0.000,11.530,3.447,0.220,0.536,0.256
2025-11-01T18:00:00,0.000,13.286,2.274,0.238,0.337,0.488
2025-11-01T19:00:00,0.000,8.194,0.641,0.626,0.362,1.400
2025-11-01T20:00:00,0.000,0.000,0.347,0.421,0.263,0.388
2025-11-01T21:00:00,0.000,0.000,0.518,0.269,0.273,1.295
2025-11-01T22:00:00,0.000,0.000,0.403,0.186,0.303,0.371
2025-11-01T23:00:00,0.000,0.000,0.677,0.054,0.049,0.071
2025-11-02T00:00:00,0.000,0.000,0.323,0.056,0.039,0.053
2025-11-02T01:00:00,0.000,0.000,0.254,0.053,0.041,0.046
2025-11-02T02:00:00,0.000,0.000,0.317,0.054,0.039,0.052
2025-11-02T03:00:00,0.000,0.000,0.208,0.054,0.041,0.050
2025-11-02T04:00:00,0.000,0.300,0.363,0.130,0.041,0.050
2025-11-02T05:00:00,0.000,3.998,0.403,0.212,0.041,0.047
2025-11-02T06:00:00,0.000,13.368,0.414,1.023,1.014,0.113
2025-11-02T07:00:00,0.000,7.835,0.191,0.719,0.177,1.288
2025-11-02T08:00:00,0.000,13.523,1.752,0.098,0.965,0.535
2025-11-02T09:00:00,0.000,11.881,3.448,0.071,0.082,1.773
2025-11-02T10:00:00,0.000,13.119,3.996,0.059,0.683,1.348
2025-11-02T11:00:00,0.000,13.037,3.944,0.053,1.520,1.320
2025-11-02T12:00:00,0.000,12.676,3.905,1.100,0.155,0.222
2025-11-02T13:00:00,0.000,13.475,3.874,0.054,0.174,0.055
2025-11-02T14:00:00,0.000,12.807,3.898,0.707,4.099,0.083
2025-11-02T15:00:00,0.000,12.695,3.799,0.572,2.383,0.115
2025-11-02T16:00:00,0.000,12.606,3.921,0.234,0.225,0.159
2025-11-02T17:00:00,0.000,9.950,3.131,0.221,1.817,0.322
2025-11-02T18:00:00,0.000,13.113,1.730,0.256,1.584,0.994
2025-11-02T19:00:00,0.000,3.217,0.478,0.188,0.565,1.100
2025-11-02T20:00:00,0.000,0.000,0.248,0.520,0.341,1.451
2025-11-02T21:00:00,0.000,0.000,0.191,0.264,0.242,0.390
2025-11-02T22:00:00,0.000,0.000,0.339,0.068,0.197,0.356
2025-11-02T23:00:00,0.000,0.000,0.455,0.056,0.041,0.049
2025-11-03T00:00:00,0.000,0.000,0.479,0.054,0.041,0.047
2025-11-03T01:00:00,0.000,0.000,0.318,0.052,0.039,0.052
2025-11-03T02:00:00,0.000,0.000,0.530,0.049,0.041,0.050
2025-11-03T03:00:00,0.000,0.000,0.485,0.054,0.036,0.050
2025-11-03T04:00:00,0.000,0.000,0.367,0.228,0.037,0.057
2025-11-03T05:00:00,0.000,0.080,0.277,0.908,0.042,0.048
2025-11-03T06:00:00,0.000,7.100,0.420,0.840,0.042,2.017
2025-11-03T07:00:00,0.266,10.915,0.496,0.459,0.808,1.685
2025-11-03T08:00:00,3.170,7.303,1.872,0.471,0.068,0.853
2025-11-03T09:00:00,3.637,6.500,2.695,0.052,0.042,0.051
2025-11-03T10:00:00,4.793,8.065,2.699,0.052,0.042,0.047
2025-11-03T11:00:00,6.406,8.192,2.916,0.578,0.039,0.048
2025-11-03T12:00:00,5.309,11.893,2.917,0.829,0.040,0.048
2025-11-03T13:00:00,6.040,12.833,3.058,1.341,0.041,0.049
2025-11-03T14:00:00,4.114,13.313,3.393,0.947,0.042,0.243
2025-11-03T15:00:00,5.992,13.313,3.656,0.486,0.041,0.225
2025-11-03T16:00:00,3.095,12.060,3.709,0.499,0.041,0.050
2025-11-03T17:00:00,0.277,5.230,3.358,0.084,0.487,0.334
2025-11-03T18:00:00,0.237,11.160,2.386,0.054,0.316,0.578
2025-11-03T19:00:00,0.000,6.114,1.755,0.135,0.339,1.224
2025-11-03T20:00:00,0.000,1.991,0.492,0.597,0.412,0.934
2025-11-03T21:00:00,0.000,0.071,0.242,0.217,0.357,0.544
2025-11-03T22:00:00,0.000,0.000,0.248,0.058,0.440,0.287
2025-11-03T23:00:00,0.000,0.000,0.408,0.055,0.311,0.054
2025-11-04T00:00:00,0.000,0.000,0.484,0.055,0.041,0.049
2025-11-04T01:00:00,0.000,0.000,0.388,0.056,0.042,0.050
2025-11-04T02:00:00,0.000,0.000,0.496,0.054,0.040,0.050
2025-11-04T03:00:00,0.000,0.000,0.394,0.053,0.042,0.053
2025-11-04T04:00:00,0.000,0.000,0.496,0.127,0.041,0.049
2025-11-04T05:00:00,0.000,0.000,0.394,0.231,0.040,0.051
2025-11-04T06:00:00,1.458,4.293,0.496,0.861,0.040,2.330
2025-11-04T07:00:00,2.104,2.611,0.394,0.237,0.705,2.360
2025-11-04T08:00:00,1.576,4.854,0.496,0.403,0.261,0.166
2025-11-04T09:00:00,2.020,12.366,0.762,0.327,0.041,0.057
2025-11-04T10:00:00,3.073,14.540,3.203,0.054,0.039,0.047
2025-11-04T11:00:00,3.595,14.377,3.575,0.056,0.039,0.048
2025-11-04T12:00:00,5.678,13.443,3.570,0.269,0.042,0.046
2025-11-04T13:00:00,4.692,13.097,3.958,0.053,0.039,0.074
2025-11-04T14:00:00,3.439,14.187,3.731,0.289,0.034,0.091
2025-11-04T15:00:00,3.386,14.047,3.649,0.054,0.040,0.269
2025-11-04T16:00:00,2.644,13.673,3.374,0.055,0.310,0.235
2025-11-04T17:00:00,3.745,13.846,2.988,0.208,1.272,1.175
2025-11-04T18:00:00,1.750,12.579,2.169,0.091,0.239,2.165
2025-11-04T19:00:00,0.000,12.888,0.865,0.113,0.376,1.121
2025-11-04T20:00:00,0.000,6.338,0.231,0.343,0.403,1.244
2025-11-04T21:00:00,0.000,0.000,0.214,0.497,0.521,0.212
2025-11-04T22:00:00,0.000,0.000,0.231,0.071,0.083,0.073
2025-11-04T23:00:00,0.000,0.000,0.214,0.053,0.042,0.054
2025-11-05T00:00:00,0.000,0.000,0.294,0.054,0.041,0.047
2025-11-05T01:00:00,0.000,0.000,0.397,0.054,0.039,0.048
2025-11-05T02:00:00,0.000,0.000,0.392,0.054,0.035,0.051
2025-11-05T03:00:00,0.000,0.000,0.282,0.053,0.040,0.049
2025-11-05T04:00:00,0.000,2.833,0.601,0.311,0.042,0.048
2025-11-05T05:00:00,0.000,5.000,0.370,0.202,0.049,0.059
2025-11-05T06:00:00,0.000,5.514,0.191,0.906,0.941,2.041
2025-11-05T07:00:00,1.748,5.727,0.915,0.675,0.517,0.781
2025-11-05T08:00:00,2.720,4.328,2.935,1.200,0.144,0.143
2025-11-05T09:00:00,3.987,10.638,3.158,1.588,0.040,0.048
2025-11-05T10:00:00,6.715,9.060,3.181,0.053,0.041,0.051
2025-11-05T11:00:00,3.367,4.582,3.348,0.229,0.041,0.053
2025-11-05T12:00:00,3.738,13.389,3.573,0.149,0.041,0.047
2025-11-05T13:00:00,3.988,13.870,3.544,0.353,0.042,0.072
2025-11-05T14:00:00,4.885,14.527,3.226,0.313,0.041,0.085
2025-11-05T15:00:00,6.008,14.060,2.423,0.219,0.041,0.099
2025-11-05T16:00:00,1.831,13.373,3.124,0.098,0.445,0.053
2025-11-05T17:00:00,0.537,14.453,3.321,0.331,0.358,3.149
2025-11-05T18:00:00,0.129,10.754,2.423,0.431,2.711,2.324
2025-11-05T19:00:00,0.000,6.982,0.832,0.941,2.784,0.802
2025-11-05T20:00:00,0.000,3.417,0.417,0.838,1.383,1.529
2025-11-05T21:00:00,0.000,0.000,0.454,0.194,0.359,0.349
2025-11-05T22:00:00,0.000,0.000,0.385,0.186,0.253,0.095
2025-11-05T23:00:00,0.000,0.000,0.277,0.056,0.114,0.050
2025-11-06T00:00:00,0.000,0.000,0.340,0.053,0.039,0.055
2025-11-06T01:00:00,0.000,0.000,0.385,0.054,0.039,0.054
2025-11-06T02:00:00,0.000,0.000,0.373,0.055,0.041,0.047
2025-11-06T03:00:00,0.000,0.000,0.345,0.054,0.040,0.046
2025-11-06T04:00:00,0.000,0.000,0.191,0.053,0.041,0.048
2025-11-06T05:00:00,0.000,0.575,0.339,0.362,0.041,0.053
2025-11-06T06:00:00,0.000,9.045,0.485,0.479,0.493,1.912
2025-11-06T07:00:00,0.313,14.039,0.405,0.498,0.866,1.824
2025-11-06T08:00:00,0.821,10.856,2.206,0.685,0.504,0.168
2025-11-06T09:00:00,3.352,10.533,3.341,0.120,0.041,0.050
2025-11-06T10:00:00,2.938,14.193,2.653,0.411,0.042,0.046
2025-11-06T11:00:00,3.492,13.147,2.610,1.593,0.041,0.048
2025-11-06T12:00:00,3.965,13.570,2.438,1.073,0.040,0.056
2025-11-06T13:00:00,3.662,17.650,2.484,0.463,0.041,0.046
2025-11-06T14:00:00,3.802,15.833,3.332,1.545,0.040,0.075
2025-11-06T15:00:00,4.109,17.817,2.528,1.030,0.056,0.250
2025-11-06T16:00:00,2.304,16.147,3.270,0.306,0.151,0.123
2025-11-06T17:00:00,0.975,12.937,3.011,0.322,0.323,4.068
2025-11-06T18:00:00,0.233,12.253,0.848,0.056,1.272,2.765
2025-11-06T19:00:00,0.000,2.919,0.302,0.186,0.404,1.301
2025-11-06T20:00:00,0.000,1.493,0.265,0.381,0.415,0.467
2025-11-06T21:00:00,0.000,0.000,0.368,0.278,0.367,0.288
2025-11-06T22:00:00,0.000,0.000,0.356,0.073,0.495,1.242
2025-11-06T23:00:00,0.000,0.000,0.282,0.063,0.087,0.047
2025-11-07T00:00:00,0.000,0.000,0.538,0.055,0.043,0.051
2025-11-07T01:00:00,0.000,0.000,0.498,0.054,0.041,0.052
2025-11-07T02:00:00,0.000,0.000,0.191,0.056,0.041,0.048
2025-11-07T03:00:00,0.000,0.000,0.271,0.055,0.038,0.050
2025-11-07T04:00:00,0.000,0.000,0.335,0.053,0.040,0.047
2025-11-07T05:00:00,0.000,5.417,0.272,0.080,0.042,0.056
2025-11-07T06:00:00,1.500,7.604,0.271,0.868,0.505,1.128
2025-11-07T07:00:00,0.443,9.965,0.282,0.849,0.817,1.619
2025-11-07T08:00:00,4.982,14.344,2.678,0.596,0.293,0.120
2025-11-07T09:00:00,3.212,12.910,2.983,0.895,0.143,0.049
2025-11-07T10:00:00,2.985,11.639,3.205,0.730,0.040,0.049
2025-11-07T11:00:00,3.700,14.510,3.574,0.644,0.041,0.057
2025-11-07T12:00:00,3.320,12.493,4.330,0.293,0.039,0.052
2025-11-07T13:00:00,1.427,13.317,4.230,0.163,0.041,0.089
2025-11-07T14:00:00,3.222,13.924,4.090,0.182,0.040,0.134
2025-11-07T15:00:00,3.297,12.307,3.705,0.056,0.041,0.134
2025-11-07T16:00:00,5.780,12.997,4.017,0.052,0.041,0.073
2025-11-07T17:00:00,2.301,12.627,4.129,0.158,0.316,1.821
2025-11-07T18:00:00,0.000,9.930,2.195,0.220,0.756,4.183
2025-11-07T19:00:00,0.000,9.419,0.372,0.276,0.369,2.786
2025-11-07T20:00:00,0.000,4.425,0.231,0.496,0.354,0.537
2025-11-07T21:00:00,0.000,0.000,0.231,0.291,0.226,1.712
2025-11-07T22:00:00,0.000,0.000,0.214,0.057,0.360,0.980
2025-11-07T23:00:00,0.000,0.000,0.403,0.054,0.222,0.049
2025-11-08T00:00:00,0.000,0.000,0.358,0.053,0.198,0.047
2025-11-08T01:00:00,0.000,0.000,0.350,0.056,0.241,0.050
2025-11-08T02:00:00,0.000,0.000,0.282,0.053,0.242,0.059
2025-11-08T03:00:00,0.000,0.000,0.254,0.060,0.347,0.047
2025-11-08T04:00:00,0.000,0.000,0.208,0.205,0.227,0.047
2025-11-08T05:00:00,0.000,0.000,0.380,0.283,0.241,0.046
2025-11-08T06:00:00,0.000,1.870,0.519,0.855,1.042,1.798
2025-11-08T07:00:00,0.000,8.354,0.405,0.798,0.332,1.564
2025-11-08T08:00:00,0.000,19.333,0.565,0.766,1.162,1.303
2025-11-08T09:00:00,0.000,17.200,1.728,1.052,0.266,1.144
2025-11-08T10:00:00,0.000,17.180,2.633,0.377,0.143,0.331
2025-11-08T11:00:00,0.000,17.716,3.357,0.441,0.041,2.028
2025-11-08T12:00:00,0.000,18.057,3.500,0.053,0.069,0.353
2025-11-08T13:00:00,0.000,18.432,3.757,0.054,0.055,0.590
2025-11-08T14:00:00,0.000,17.729,3.466,0.054,1.287,3.088
2025-11-08T15:00:00,0.000,18.346,2.991,0.054,0.069,2.511
2025-11-08T16:00:00,0.000,17.136,3.599,0.252,0.041,0.332
2025-11-08T17:00:00,0.000,16.773,3.946,0.055,0.150,0.346
2025-11-08T18:00:00,0.000,10.343,3.349,0.111,0.289,0.613
2025-11-08T19:00:00,0.000,11.956,2.615,0.502,0.242,1.504
2025-11-08T20:00:00,0.000,0.000,2.071,0.457,0.269,0.513
2025-11-08T21:00:00,0.000,0.000,0.417,0.173,0.437,0.061
2025-11-08T22:00:00,0.000,0.000,0.352,0.254,0.313,0.269
2025-11-08T23:00:00,0.000,0.000,0.549,0.255,0.051,0.236
2025-11-09T00:00:00,0.000,0.000,0.478,0.086,0.041,0.056
2025-11-09T01:00:00,0.000,0.000,0.260,0.053,0.043,0.050
2025-11-09T02:00:00,0.000,0.000,0.454,0.053,0.043,0.051
2025-11-09T03:00:00,0.000,0.000,0.507,0.053,0.032,0.050
2025-11-09T04:00:00,0.000,0.000,0.383,0.053,0.041,0.049
2025-11-09T05:00:00,0.000,1.842,0.507,0.318,0.159,0.049
2025-11-09T06:00:00,0.000,7.459,0.383,0.753,1.170,0.050
2025-11-09T07:00:00,0.000,8.623,0.507,0.836,0.971,1.047
2025-11-09T08:00:00,0.000,9.007,0.799,0.975,1.225,2.065
2025-11-09T09:00:00,0.000,8.567,1.224,0.360,0.673,2.168
2025-11-09T10:00:00,0.000,10.431,2.426,0.088,0.562,0.392
2025-11-09T11:00:00,0.000,10.972,3.271,0.054,0.046,3.250
2025-11-09T12:00:00,0.000,12.923,3.171,0.363,0.043,4.793
2025-11-09T13:00:00,0.000,13.597,3.291,2.398,1.057,2.316
2025-11-09T14:00:00,0.000,10.381,2.920,0.278,0.234,0.660
2025-11-09T15:00:00,0.000,11.531,3.247,0.055,0.395,1.697
2025-11-09T16:00:00,0.000,17.946,3.399,0.057,0.231,0.690
2025-11-09T17:00:00,0.000,14.957,3.324,0.056,0.435,0.496
2025-11-09T18:00:00,0.000,14.397,2.507,0.056,0.498,0.943
2025-11-09T19:00:00,0.000,5.687,0.804,0.290,0.832,1.191
2025-11-09T20:00:00,0.000,1.772,0.409,0.892,0.289,0.316
2025-11-09T21:00:00,0.000,0.120,0.381,0.768,0.273,2.948
2025-11-09T22:00:00,0.000,0.000,0.197,0.147,0.354,2.821
2025-11-09T23:00:00,0.000,0.000,0.316,0.053,0.153,0.947
2025-11-10T00:00:00,0.000,0.000,0.362,0.053,0.041,0.050
2025-11-10T01:00:00,0.000,0.000,0.180,0.054,0.042,0.048
2025-11-10T02:00:00,0.000,0.000,0.277,0.055,0.042,0.056
2025-11-10T03:00:00,0.000,0.000,0.329,0.054,0.042,0.046
2025-11-10T04:00:00,0.000,0.000,0.563,0.361,0.044,0.047
2025-11-10T05:00:00,0.000,6.288,0.462,0.163,0.039,0.056
2025-11-10T06:00:00,0.000,18.930,0.496,0.586,0.862,2.237
2025-11-10T07:00:00,0.000,16.830,0.481,0.497,0.322,1.585
2025-11-10T08:00:00,2.673,5.979,0.634,0.452,0.251,0.309
2025-11-10T09:00:00,5.598,12.887,1.095,0.082,0.044,0.178
2025-11-10T10:00:00,3.449,14.571,2.294,0.054,0.284,0.348
2025-11-10T11:00:00,3.828,15.977,2.913,0.226,0.075,0.112
2025-11-10T12:00:00,5.265,12.870,3.086,0.055,0.041,0.090
2025-11-10T13:00:00,6.785,14.345,2.985,0.100,0.041,0.159
2025-11-10T14:00:00,6.680,14.307,2.980,0.339,0.245,0.106
2025-11-10T15:00:00,6.316,9.546,2.677,0.271,0.158,0.088
2025-11-10T16:00:00,4.057,17.038,2.916,0.601,0.042,1.022
2025-11-10T17:00:00,3.176,13.588,2.863,0.059,0.307,0.326
2025-11-10T18:00:00,0.446,16.800,2.882,0.054,0.256,2.077
2025-11-10T19:00:00,0.000,5.974,2.748,0.862,0.298,0.979
2025-11-10T20:00:00,0.000,2.465,1.695,0.132,0.303,0.401
2025-11-10T21:00:00,0.000,1.294,0.387,0.125,0.398,0.901
2025-11-10T22:00:00,0.000,0.000,0.450,0.086,0.392,0.526
2025-11-10T23:00:00,0.000,0.000,0.364,0.075,0.154,0.366
2025-11-11T00:00:00,0.000,0.000,0.502,0.061,0.041,0.048
2025-11-11T01:00:00,0.000,0.000,0.334,0.056,0.040,0.053
2025-11-11T02:00:00,0.000,0.000,0.248,0.054,0.040,0.047
2025-11-11T03:00:00,0.000,0.000,0.197,0.054,0.041,0.053
2025-11-11T04:00:00,0.000,0.000,0.265,0.053,0.039,0.051
2025-11-11T05:00:00,0.000,1.046,0.191,0.052,0.062,0.047
2025-11-11T06:00:00,2.833,7.058,0.271,0.803,0.234,1.936
2025-11-11T07:00:00,3.111,10.419,0.197,0.243,0.258,0.927
2025-11-11T08:00:00,5.426,8.000,1.908,1.872,1.342,0.310
2025-11-11T09:00:00,5.957,8.535,2.410,0.788,1.123,0.061
2025-11-11T10:00:00,2.947,12.253,2.645,0.583,0.223,0.050
2025-11-11T11:00:00,1.118,12.644,3.216,0.789,0.038,0.049
2025-11-11T12:00:00,1.284,11.004,3.508,0.479,0.042,0.047
2025-11-11T13:00:00,1.100,12.828,3.251,0.264,0.040,0.053
2025-11-11T14:00:00,4.975,15.013,3.201,0.219,0.043,0.066
2025-11-11T15:00:00,6.747,17.268,2.602,0.230,0.039,0.083
2025-11-11T16:00:00,7.065,13.426,2.916,0.080,0.046,0.490
2025-11-11T17:00:00,2.840,12.135,2.494,0.053,0.051,0.583
2025-11-11T18:00:00,0.653,13.441,2.391,0.985,2.402,0.446
2025-11-11T19:00:00,0.000,10.151,2.473,0.454,3.382,0.383
2025-11-11T20:00:00,0.000,0.000,0.383,0.636,2.074,1.256
2025-11-11T21:00:00,0.000,0.000,0.496,0.427,1.303,0.621
2025-11-11T22:00:00,0.000,0.000,0.478,0.074,0.274,0.142
2025-11-11T23:00:00,0.000,0.000,0.467,0.065,0.052,0.052
2025-11-12T00:00:00,0.000,0.000,0.489,0.056,0.043,0.048
2025-11-12T01:00:00,0.000,0.000,0.479,0.053,0.042,0.048
2025-11-12T02:00:00,0.000,0.000,0.432,0.054,0.038,0.053
2025-11-12T03:00:00,0.000,0.000,0.433,0.174,0.039,0.047
2025-11-12T04:00:00,0.000,0.000,0.288,0.256,0.042,0.056
2025-11-12T05:00:00,0.000,5.840,0.214,0.395,0.037,0.048
2025-11-12T06:00:00,0.000,7.556,0.248,0.478,0.518,1.978
2025-11-12T07:00:00,0.280,8.897,0.191,0.787,0.644,1.753
2025-11-12T08:00:00,3.685,8.354,1.222,0.653,0.263,0.447
2025-11-12T09:00:00,6.596,9.373,3.123,0.268,0.215,0.177
2025-11-12T10:00:00,6.371,14.913,3.501,0.109,0.041,0.049
2025-11-12T11:00:00,6.628,9.170,2.452,0.948,0.042,0.048
2025-11-12T12:00:00,6.329,11.937,3.480,0.286,0.039,0.056
2025-11-12T13:00:00,5.679,20.720,3.550,0.355,0.041,0.250
2025-11-12T14:00:00,3.076,18.847,3.142,0.340,0.038,0.289
2025-11-12T15:00:00,1.138,17.867,2.953,0.381,0.043,0.199
2025-11-12T16:00:00,5.368,18.556,3.109,0.431,0.041,0.051
2025-11-12T17:00:00,4.543,15.607,3.291,0.487,0.327,0.421
2025-11-12T18:00:00,0.000,7.900,2.762,0.134,3.245,0.452
2025-11-12T19:00:00,0.167,9.425,1.581,0.174,1.863,4.709
2025-11-12T20:00:00,0.000,9.250,0.976,0.332,0.278,5.237
2025-11-12T21:00:00,0.000,0.250,0.271,0.400,0.322,0.380
2025-11-12T22:00:00,0.000,0.000,0.362,0.052,0.114,0.102
2025-11-12T23:00:00,0.000,0.000,0.403,0.056,0.040,0.047
2025-11-13T00:00:00,0.000,0.000,0.305,0.053,0.041,0.047
2025-11-13T01:00:00,0.000,0.000,0.191,0.056,0.041,0.050
2025-11-13T02:00:00,0.000,0.000,0.282,0.057,0.038,0.052
2025-11-13T03:00:00,0.000,0.000,0.464,0.054,0.043,0.049
2025-11-13T04:00:00,0.000,0.000,0.277,0.363,0.035,0.058
2025-11-13T05:00:00,0.000,1.100,0.454,0.329,0.410,0.308
2025-11-13T06:00:00,0.833,2.106,0.333,0.712,1.127,1.360
2025-11-13T07:00:00,2.315,5.445,0.490,0.793,0.773,2.037
2025-11-13T08:00:00,4.778,7.020,0.337,0.852,0.573,1.518
2025-11-13T09:00:00,5.797,13.099,2.470,0.297,0.040,0.047
2025-11-13T10:00:00,3.341,10.901,3.329,0.523,0.039,0.059
2025-11-13T11:00:00,2.556,12.000,3.117,0.054,0.039,0.047
2025-11-13T12:00:00,2.375,11.057,3.319,0.180,0.041,0.047
2025-11-13T13:00:00,3.463,12.017,3.413,0.387,0.039,0.080
2025-11-13T14:00:00,2.743,11.070,3.381,0.096,0.038,0.096
2025-11-13T15:00:00,7.088,7.287,3.556,0.140,0.042,0.200
2025-11-13T16:00:00,5.497,6.612,3.557,0.078,0.042,0.151
2025-11-13T17:00:00,3.503,9.126,3.337,0.056,1.055,0.943
2025-11-13T18:00:00,1.070,17.803,1.519,0.055,3.452,1.887
2025-11-13T19:00:00,0.000,17.300,1.130,0.948,2.173,2.089
2025-11-13T20:00:00,0.000,4.667,0.501,0.171,0.976,0.735
2025-11-13T21:00:00,0.000,0.500,0.265,0.275,1.767,1.854
2025-11-13T22:00:00,0.000,0.000,0.197,0.074,0.396,0.285
2025-11-13T23:00:00,0.000,0.000,0.471,0.060,0.143,0.211
2025-11-14T00:00:00,0.000,0.000,0.362,0.055,0.038,0.047
2025-11-14T01:00:00,0.000,0.000,0.432,0.055,0.037,0.049
2025-11-14T02:00:00,0.000,0.000,0.277,0.054,0.039,0.061
2025-11-14T03:00:00,0.000,0.000,0.265,0.078,0.040,0.047
2025-11-14T04:00:00,0.000,0.000,0.186,0.317,0.044,0.048
2025-11-14T05:00:00,0.000,0.000,0.495,0.395,0.039,0.081
2025-11-14T06:00:00,2.208,0.850,0.451,0.667,0.039,2.170
2025-11-14T07:00:00,3.667,8.955,0.485,1.022,0.786,1.628
2025-11-14T08:00:00,2.536,18.744,1.177,0.091,0.528,0.284
2025-11-14T09:00:00,3.135,19.045,1.961,0.073,0.041,0.050
2025-11-14T10:00:00,3.448,11.137,3.715,0.075,0.045,0.049
2025-11-14T11:00:00,3.293,7.536,3.533,0.074,0.039,0.057
2025-11-14T12:00:00,3.368,7.498,3.999,0.846,0.038,0.049
2025-11-14T13:00:00,3.728,9.382,3.276,0.083,0.038,0.218
2025-11-14T14:00:00,3.776,10.706,3.639,0.128,0.042,0.432
2025-11-14T15:00:00,4.756,17.805,1.978,0.091,0.043,0.220
2025-11-14T16:00:00,5.803,18.528,3.031,0.083,0.042,0.137
2025-11-14T17:00:00,1.124,17.890,2.985,0.778,0.049,0.987
2025-11-14T18:00:00,0.000,11.123,2.682,0.361,0.180,0.591
2025-11-14T19:00:00,0.000,11.764,2.070,1.107,1.755,3.879
2025-11-14T20:00:00,0.000,7.250,1.553,0.632,0.630,2.572
2025-11-14T21:00:00,0.000,0.000,0.225,0.658,0.387,0.223
2025-11-14T22:00:00,0.000,0.000,0.379,0.080,0.160,1.062
2025-11-14T23:00:00,0.000,0.000,0.288,0.056,0.040,0.084
2025-11-15T00:00:00,0.000,0.000,0.356,0.053,0.036,0.060
2025-11-15T01:00:00,0.000,0.000,0.277,0.054,0.040,0.054
2025-11-15T02:00:00,0.000,0.000,0.352,0.056,0.039,0.048
2025-11-15T03:00:00,0.000,0.000,0.427,0.131,0.044,0.056
2025-11-15T04:00:00,0.000,0.046,0.191,0.256,0.041,0.049
2025-11-15T05:00:00,0.000,1.940,0.443,0.383,0.038,0.047
2025-11-15T06:00:00,0.000,3.132,0.312,0.828,0.453,0.048
2025-11-15T07:00:00,0.000,8.584,0.381,0.788,0.471,1.082
2025-11-15T08:00:00,0.000,8.081,0.414,0.499,0.942,2.110
2025-11-15T09:00:00,0.000,7.720,1.291,0.111,2.527,3.352
2025-11-15T10:00:00,0.000,7.734,2.872,0.055,3.159,1.108
2025-11-15T11:00:00,0.000,10.327,3.618,0.054,4.079,1.957
2025-11-15T12:00:00,0.000,12.727,3.651,0.055,0.319,0.247
2025-11-15T13:00:00,0.000,18.193,3.511,0.053,1.025,2.463
2025-11-15T14:00:00,0.000,17.674,3.145,0.162,0.493,2.857
2025-11-15T15:00:00,0.000,19.021,2.833,0.054,0.037,0.763
2025-11-15T16:00:00,0.000,13.770,2.991,0.155,0.038,1.591
2025-11-15T17:00:00,0.000,17.029,2.818,0.371,0.042,1.508
2025-11-15T18:00:00,0.000,12.788,2.436,0.811,0.184,0.853
2025-11-15T19:00:00,0.000,9.126,0.346,0.974,0.369,1.336
2025-11-15T20:00:00,0.000,3.333,0.242,2.730,0.477,1.275
2025-11-15T21:00:00,0.000,0.000,0.220,0.976,0.336,3.091
2025-11-15T22:00:00,0.000,0.000,0.345,0.142,0.379,1.934
2025-11-15T23:00:00,0.000,0.000,0.508,0.068,0.170,0.112
2025-11-16T00:00:00,0.000,0.000,0.420,0.057,0.039,0.048
2025-11-16T01:00:00,0.000,0.000,0.601,0.053,0.040,0.048
2025-11-16T02:00:00,0.000,0.000,0.514,0.053,0.041,0.047
2025-11-16T03:00:00,0.000,0.000,0.351,0.067,0.039,0.047
2025-11-16T04:00:00,0.000,0.000,0.530,0.251,0.040,0.058
2025-11-16T05:00:00,0.000,1.960,0.394,0.173,0.403,0.048
2025-11-16T06:00:00,0.000,10.557,0.462,0.727,0.736,0.048
2025-11-16T07:00:00,0.000,8.141,0.462,0.370,0.253,1.697
2025-11-16T08:00:00,0.000,11.153,0.770,0.460,1.197,1.421
2025-11-16T09:00:00,0.000,9.240,1.631,0.138,0.858,1.464
2025-11-16T10:00:00,0.000,9.867,2.524,0.052,1.292,0.291
2025-11-16T11:00:00,0.000,11.703,3.200,0.259,1.076,1.649
2025-11-16T12:00:00,0.000,13.217,3.483,0.054,0.190,1.109
2025-11-16T13:00:00,0.000,13.990,3.314,0.053,1.014,0.231
2025-11-16T14:00:00,0.000,14.487,3.414,0.220,0.195,0.957
2025-11-16T15:00:00,0.000,18.620,3.324,0.679,0.050,0.099
2025-11-16T16:00:00,0.000,18.060,3.521,0.053,0.164,0.298
2025-11-16T17:00:00,0.000,16.480,3.297,0.056,0.383,1.026
2025-11-16T18:00:00,0.000,12.068,2.915,0.054,0.340,0.375
2025-11-16T19:00:00,0.000,7.845,2.449,0.278,0.413,0.345
2025-11-16T20:00:00,0.000,5.917,0.483,0.199,0.336,1.136
2025-11-16T21:00:00,0.000,0.000,0.507,0.260,0.429,0.795
2025-11-16T22:00:00,0.000,0.000,0.383,0.088,0.330,0.387
2025-11-16T23:00:00,0.000,0.000,0.508,0.059,0.219,0.163
2025-11-17T00:00:00,0.000,0.000,0.362,0.054,0.041,0.049
2025-11-17T01:00:00,0.000,0.000,0.345,0.054,0.041,0.052
2025-11-17T02:00:00,0.000,0.000,0.191,0.054,0.042,0.050
2025-11-17T03:00:00,0.000,0.000,0.254,0.053,0.039,0.047
2025-11-17T04:00:00,0.000,0.000,0.191,0.054,0.040,0.047
2025-11-17T05:00:00,0.000,10.533,0.254,0.147,0.043,0.049
2025-11-17T06:00:00,0.000,14.778,0.446,0.554,0.865,2.255
2025-11-17T07:00:00,0.031,13.545,0.360,0.461,0.478,1.727
2025-11-17T08:00:00,3.200,13.641,0.530,0.055,0.226,0.449
2025-11-17T09:00:00,6.345,13.857,0.839,0.053,0.041,0.055
2025-11-17T10:00:00,5.947,13.804,3.435,0.057,0.039,0.051
2025-11-17T11:00:00,6.317,14.420,3.034,1.209,0.041,0.046
2025-11-17T12:00:00,6.187,14.173,3.883,0.321,0.042,0.071
2025-11-17T13:00:00,6.377,10.437,3.891,0.931,0.040,0.226
2025-11-17T14:00:00,4.255,10.467,3.452,0.329,0.041,0.266
2025-11-17T15:00:00,4.811,13.607,3.192,0.055,0.040,0.090
2025-11-17T16:00:00,5.595,11.420,3.276,0.635,0.147,0.122
2025-11-17T17:00:00,1.322,13.093,2.572,0.054,0.264,0.836
2025-11-17T18:00:00,0.169,12.234,2.790,0.054,0.818,1.719
2025-11-17T19:00:00,0.010,0.624,2.631,0.356,0.462,2.273
2025-11-17T20:00:00,0.000,0.000,0.610,0.198,0.203,0.338
2025-11-17T21:00:00,0.000,0.000,0.340,0.335,0.360,3.619
2025-11-17T22:00:00,0.000,0.000,0.364,0.079,0.476,2.689
2025-11-17T23:00:00,0.000,0.000,0.408,0.053,0.388,0.378
2025-11-18T00:00:00,0.000,0.000,0.524,0.094,0.051,0.048
2025-11-18T01:00:00,0.000,0.000,0.530,0.056,0.043,0.049
2025-11-18T02:00:00,0.000,0.000,0.519,0.050,0.039,0.053
2025-11-18T03:00:00,0.000,0.000,0.399,0.051,0.039,0.053
2025-11-18T04:00:00,0.000,0.000,0.360,0.226,0.041,0.054
2025-11-18T05:00:00,0.000,0.000,0.530,0.418,0.039,0.048
2025-11-18T06:00:00,1.417,0.736,0.360,0.461,0.042,1.801
2025-11-18T07:00:00,1.167,10.874,0.530,0.645,0.950,2.231
2025-11-18T08:00:00,2.952,11.481,0.552,1.591,0.052,0.390
2025-11-18T09:00:00,3.075,13.363,3.052,0.489,0.039,0.048
2025-11-18T10:00:00,1.836,12.707,3.811,0.105,0.041,0.049
2025-11-18T11:00:00,3.446,13.313,3.912,0.054,0.043,0.051
2025-11-18T12:00:00,4.030,11.497,3.895,0.056,0.034,0.051
2025-11-18T13:00:00,3.677,12.403,3.379,0.135,0.040,0.121
2025-11-18T14:00:00,4.237,13.543,3.358,1.516,0.039,0.432
2025-11-18T15:00:00,3.024,13.378,3.994,1.216,0.042,0.473
2025-11-18T16:00:00,1.667,13.884,4.083,0.152,0.967,0.183
2025-11-18T17:00:00,0.642,12.654,3.458,0.084,3.001,0.324
2025-11-18T18:00:00,0.000,16.276,3.190,0.205,2.396,0.472
2025-11-18T19:00:00,0.000,2.016,1.666,0.138,1.482,2.727
2025-11-18T20:00:00,0.000,0.000,0.265,2.675,1.307,1.416
2025-11-18T21:00:00,0.000,0.000,0.277,0.610,0.478,1.319
2025-11-18T22:00:00,0.000,0.000,0.391,0.091,0.371,1.328
2025-11-18T23:00:00,0.000,0.000,0.397,0.066,0.136,0.047
2025-11-19T00:00:00,0.000,0.000,0.271,0.056,0.039,0.052
2025-11-19T01:00:00,0.000,0.000,0.317,0.054,0.040,0.052
2025-11-19T02:00:00,0.000,0.000,0.191,0.054,0.042,0.048
2025-11-19T03:00:00,0.000,0.000,0.271,0.074,0.039,0.047
2025-11-19T04:00:00,0.000,0.000,0.191,0.302,0.042,0.061
2025-11-19T05:00:00,0.000,0.285,0.254,0.076,0.376,0.050
2025-11-19T06:00:00,0.000,3.800,0.208,0.712,0.351,2.494
2025-11-19T07:00:00,0.042,6.418,0.237,0.285,0.951,2.002
2025-11-19T08:00:00,0.912,4.286,0.242,0.725,0.076,0.867
2025-11-19T09:00:00,2.145,8.498,0.661,0.124,0.041,0.051
2025-11-19T10:00:00,4.707,8.307,2.437,0.071,0.042,0.047
2025-11-19T11:00:00,6.061,10.850,3.724,0.169,0.042,0.048
2025-11-19T12:00:00,5.270,17.139,3.412,0.500,0.041,0.052
2025-11-19T13:00:00,4.563,13.515,3.463,0.265,0.041,0.048
2025-11-19T14:00:00,5.080,13.422,3.561,0.255,0.041,0.277
2025-11-19T15:00:00,6.441,14.087,3.338,0.426,0.040,0.288
2025-11-19T16:00:00,1.490,14.522,2.990,1.126,0.696,0.067
2025-11-19T17:00:00,0.270,16.150,3.290,0.413,0.738,2.250
2025-11-19T18:00:00,0.000,12.750,1.158,0.669,0.534,2.479
2025-11-19T19:00:00,0.000,3.103,0.659,0.235,0.269,0.879
2025-11-19T20:00:00,0.000,8.000,0.277,0.706,0.361,1.653
2025-11-19T21:00:00,0.000,0.500,0.405,0.451,0.402,3.042
2025-11-19T22:00:00,0.000,0.000,0.383,0.071,0.315,1.898
2025-11-19T23:00:00,0.000,0.000,0.484,0.056,0.041,0.091
2025-11-20T00:00:00,0.000,0.000,0.375,0.053,0.041,0.049
2025-11-20T01:00:00,0.000,0.000,0.490,0.055,0.041,0.050
2025-11-20T02:00:00,0.000,0.000,0.442,0.053,0.040,0.052
2025-11-20T03:00:00,0.000,0.000,0.519,0.054,0.041,0.055
2025-11-20T04:00:00,0.000,0.500,0.405,0.232,0.039,0.050
2025-11-20T05:00:00,0.000,4.333,0.485,0.432,0.058,0.048
2025-11-20T06:00:00,2.333,6.988,0.439,0.596,1.050,1.760
2025-11-20T07:00:00,2.459,10.819,0.451,1.495,0.491,1.979
2025-11-20T08:00:00,3.475,11.353,0.745,0.260,0.062,0.369
2025-11-20T09:00:00,3.828,6.940,3.048,0.053,0.045,0.047
2025-11-20T10:00:00,4.141,13.863,3.249,0.056,0.041,0.056
2025-11-20T11:00:00,3.266,12.647,3.090,0.055,0.042,0.049
2025-11-20T12:00:00,3.488,12.513,2.991,0.069,0.042,0.043
2025-11-20T13:00:00,2.853,13.090,3.548,0.490,0.041,0.050
2025-11-20T14:00:00,5.065,14.340,2.585,0.090,0.041,0.054
2025-11-20T15:00:00,3.458,13.440,2.521,0.263,0.041,0.202
2025-11-20T16:00:00,2.440,13.940,2.514,0.115,0.058,0.130
2025-11-20T17:00:00,1.600,13.993,2.531,0.339,0.146,0.458
2025-11-20T18:00:00,0.544,13.378,1.866,0.255,0.257,1.494
2025-11-20T19:00:00,0.068,8.333,0.304,0.477,0.290,1.354
2025-11-20T20:00:00,0.000,1.275,0.386,0.267,0.433,0.333
2025-11-20T21:00:00,0.000,0.250,0.548,0.352,0.334,0.350
2025-11-20T22:00:00,0.000,0.000,0.401,0.074,0.287,0.525
2025-11-20T23:00:00,0.000,0.000,0.513,0.055,0.241,0.200
2025-11-21T00:00:00,0.000,0.000,0.282,0.056,0.039,0.049
2025-11-21T01:00:00,0.000,0.000,0.382,0.056,0.042,0.047
2025-11-21T02:00:00,0.000,0.000,0.386,0.056,0.039,0.057
2025-11-21T03:00:00,0.000,0.000,0.391,0.054,0.042,0.048
2025-11-21T04:00:00,0.000,0.000,0.277,0.144,0.041,0.048
2025-11-21T05:00:00,0.000,0.950,0.502,0.132,0.043,0.055
2025-11-21T06:00:00,0.000,3.177,0.533,0.640,0.379,1.723
2025-11-21T07:00:00,1.973,5.615,0.367,0.764,0.748,1.723
2025-11-21T08:00:00,1.188,6.779,0.667,0.986,0.049,0.737
2025-11-21T09:00:00,5.157,16.820,2.979,0.822,0.041,0.048
2025-11-21T10:00:00,6.410,19.099,3.705,0.972,0.041,0.050
2025-11-21T11:00:00,5.910,18.224,3.781,0.536,0.042,0.053
2025-11-21T12:00:00,4.450,18.204,3.650,0.326,0.042,0.046
2025-11-21T13:00:00,5.893,19.023,3.730,0.847,0.042,0.049
2025-11-21T14:00:00,5.501,17.268,3.315,0.054,0.043,0.062
2025-11-21T15:00:00,5.390,15.332,3.467,0.645,0.037,0.119
2025-11-21T16:00:00,2.360,14.587,3.188,0.299,0.038,0.258
2025-11-21T17:00:00,0.913,16.178,2.914,0.254,0.939,0.573
2025-11-21T18:00:00,0.233,18.118,2.479,0.512,0.346,2.265
2025-11-21T19:00:00,0.000,16.226,2.356,0.318,2.600,1.548
2025-11-21T20:00:00,0.000,0.483,1.000,0.255,3.248,0.518
2025-11-21T21:00:00,0.000,0.000,0.344,0.249,1.671,0.506
2025-11-21T22:00:00,0.000,0.000,0.180,0.062,0.346,0.450
2025-11-21T23:00:00,0.000,0.000,0.367,0.055,0.042,0.222
2025-11-22T00:00:00,0.000,0.000,0.373,0.051,0.040,0.050
2025-11-22T01:00:00,0.000,0.000,0.526,0.053,0.042,0.048
2025-11-22T02:00:00,0.000,0.000,0.438,0.052,0.042,0.048
2025-11-22T03:00:00,0.000,0.000,0.191,0.178,0.042,0.050
2025-11-22T04:00:00,0.000,0.000,0.271,0.255,0.040,0.050
2025-11-22T05:00:00,0.000,4.113,0.288,0.330,0.039,0.057
2025-11-22T06:00:00,0.000,7.020,0.426,0.773,0.774,0.053
2025-11-22T07:00:00,0.000,6.880,1.083,0.676,0.745,0.345
2025-11-22T08:00:00,0.000,5.590,2.532,0.992,0.930,1.736
2025-11-22T09:00:00,0.000,7.893,3.141,0.889,3.803,0.965
2025-11-22T10:00:00,0.000,12.627,3.598,0.580,3.048,1.167
2025-11-22T11:00:00,0.000,16.510,3.409,0.263,2.477,0.472
2025-11-22T12:00:00,0.000,9.477,3.136,0.055,1.294,2.383
2025-11-22T13:00:00,0.000,6.527,3.311,0.047,0.059,0.222
2025-11-22T14:00:00,0.000,8.843,3.125,0.054,0.663,0.159
2025-11-22T15:00:00,0.000,16.160,2.942,0.058,1.474,2.727
2025-11-22T16:00:00,0.000,13.129,2.775,0.058,0.039,2.833
2025-11-22T17:00:00,0.000,7.713,3.020,0.206,0.653,1.021
2025-11-22T18:00:00,0.000,8.593,1.601,0.219,0.127,0.296
2025-11-22T19:00:00,0.000,3.052,0.826,0.205,1.386,1.016
2025-11-22T20:00:00,0.000,0.115,0.590,0.172,0.631,1.365
2025-11-22T21:00:00,0.000,0.000,0.316,0.151,0.502,0.559
2025-11-22T22:00:00,0.000,0.000,0.403,0.082,0.093,0.493
2025-11-22T23:00:00,0.000,0.000,0.472,0.049,0.042,0.081
2025-11-23T00:00:00,0.000,0.000,0.490,0.051,0.041,0.050
2025-11-23T01:00:00,0.000,0.000,0.454,0.056,0.039,0.050
2025-11-23T02:00:00,0.000,0.000,0.485,0.058,0.041,0.056
2025-11-23T03:00:00,0.000,0.000,0.370,0.058,0.039,0.049
2025-11-23T04:00:00,0.000,0.252,0.403,0.265,0.042,0.049
2025-11-23T05:00:00,0.000,2.160,0.443,0.072,0.084,0.050
2025-11-23T06:00:00,0.000,2.187,0.477,0.136,0.358,0.522
2025-11-23T07:00:00,0.000,7.039,0.466,0.921,0.978,0.818
2025-11-23T08:00:00,0.000,8.255,0.889,0.278,0.524,0.577
2025-11-23T09:00:00,0.000,12.108,2.650,0.205,1.361,2.123
2025-11-23T10:00:00,0.000,12.737,2.310,0.051,1.424,0.347
2025-11-23T11:00:00,0.000,12.387,2.783,0.055,3.936,0.093
2025-11-23T12:00:00,0.000,11.919,3.530,0.123,2.200,0.172
2025-11-23T13:00:00,0.000,10.625,3.519,0.476,0.748,1.978
2025-11-23T14:00:00,0.000,12.124,3.488,0.271,0.432,1.936
2025-11-23T15:00:00,0.000,12.087,3.904,0.158,1.420,0.895
2025-11-23T16:00:00,0.000,14.524,3.670,0.057,0.209,0.343
2025-11-23T17:00:00,0.000,18.807,2.898,0.102,0.264,2.552
2025-11-23T18:00:00,0.000,12.424,2.573,0.268,0.296,1.643
2025-11-23T19:00:00,0.000,10.740,0.627,0.678,0.376,1.625
2025-11-23T20:00:00,0.000,1.508,0.477,0.393,0.366,0.680
2025-11-23T21:00:00,0.000,0.000,0.451,0.457,0.301,1.438
2025-11-23T22:00:00,0.000,0.000,0.421,0.082,0.210,3.072
2025-11-23T23:00:00,0.000,0.000,0.426,0.056,0.038,1.948
2025-11-24T00:00:00,0.000,0.000,0.242,0.057,0.039,0.048
2025-11-24T01:00:00,0.000,0.000,0.191,0.055,0.042,0.049
2025-11-24T02:00:00,0.000,0.000,0.254,0.054,0.042,0.050
2025-11-24T03:00:00,0.000,0.000,0.180,0.059,0.041,0.048
2025-11-24T04:00:00,0.000,0.142,0.265,0.169,0.042,0.048
2025-11-24T05:00:00,0.000,1.883,0.180,0.328,0.040,0.050
2025-11-24T06:00:00,0.012,5.791,0.259,0.645,0.870,0.285
2025-11-24T07:00:00,0.131,15.477,0.186,0.790,0.806,1.410
2025-11-24T08:00:00,1.538,13.717,0.671,0.786,0.508,1.482
2025-11-24T09:00:00,4.660,14.422,2.444,0.502,0.035,0.281
2025-11-24T10:00:00,6.085,14.703,3.004,0.515,0.037,0.090
2025-11-24T11:00:00,3.502,14.337,3.056,0.245,0.043,0.180
2025-11-24T12:00:00,4.348,13.220,3.627,0.713,0.042,0.289
2025-11-24T13:00:00,4.878,13.913,3.723,0.872,0.039,0.082
2025-11-24T14:00:00,4.249,18.190,3.558,0.297,0.041,0.144
2025-11-24T15:00:00,5.197,17.377,3.567,1.893,0.040,0.460
2025-11-24T16:00:00,5.489,12.773,3.356,0.346,0.039,0.341
2025-11-24T17:00:00,3.838,12.170,3.089,0.156,0.100,1.233
2025-11-24T18:00:00,0.142,11.020,1.747,0.604,1.148,1.334
2025-11-24T19:00:00,0.022,7.038,0.834,1.268,0.453,1.670
2025-11-24T20:00:00,0.000,0.200,0.186,0.372,0.335,0.438
2025-11-24T21:00:00,0.000,0.000,0.254,0.226,0.570,2.281
2025-11-24T22:00:00,0.000,0.000,0.438,0.171,0.406,2.747
2025-11-24T23:00:00,0.000,0.000,0.377,0.054,0.045,1.261
2025-11-25T00:00:00,0.000,0.000,0.438,0.054,0.041,0.049
2025-11-25T01:00:00,0.000,0.000,0.495,0.054,0.040,0.048
2025-11-25T02:00:00,0.000,0.000,0.435,0.054,0.041,0.049
2025-11-25T03:00:00,0.000,0.000,0.455,0.052,0.038,0.048
2025-11-25T04:00:00,0.000,2.500,0.271,0.194,0.042,0.054
2025-11-25T05:00:00,0.000,15.948,0.191,0.158,0.042,0.061
2025-11-25T06:00:00,0.000,16.514,0.237,0.425,0.828,1.535
2025-11-25T07:00:00,0.088,17.603,0.271,0.867,1.071,1.805
2025-11-25T08:00:00,1.018,18.973,1.098,1.224,0.233,0.645
2025-11-25T09:00:00,1.690,17.866,3.205,1.257,0.047,0.291
2025-11-25T10:00:00,3.175,18.916,3.197,0.258,0.039,0.171
2025-11-25T11:00:00,4.787,18.228,3.045,0.353,0.039,0.048
2025-11-25T12:00:00,3.430,18.838,3.195,0.173,0.042,0.048
2025-11-25T13:00:00,5.329,19.145,3.270,0.473,0.043,0.243
2025-11-25T14:00:00,6.141,16.410,2.743,0.595,0.039,0.284
2025-11-25T15:00:00,6.770,3.740,2.713,0.410,0.040,0.278
2025-11-25T16:00:00,6.159,2.387,3.576,0.344,0.060,0.330
2025-11-25T17:00:00,3.919,10.403,3.400,0.161,0.251,0.391
2025-11-25T18:00:00,4.583,18.372,3.357,0.374,0.292,3.062
2025-11-25T19:00:00,2.833,5.202,1.132,0.472,0.884,1.349
2025-11-25T20:00:00,0.000,0.000,0.271,0.614,0.358,0.313
2025-11-25T21:00:00,0.000,0.000,0.478,0.348,0.301,2.044
2025-11-25T22:00:00,0.000,0.000,0.490,0.218,0.076,1.647
2025-11-25T23:00:00,0.000,0.000,0.410,0.151,0.040,0.054
2025-11-26T00:00:00,0.000,0.000,0.333,0.056,0.042,0.049
2025-11-26T01:00:00,0.000,0.000,0.208,0.053,0.039,0.048
2025-11-26T02:00:00,0.000,0.000,0.254,0.056,0.038,0.050
2025-11-26T03:00:00,0.000,0.000,0.208,0.054,0.047,0.054
2025-11-26T04:00:00,0.000,0.000,0.455,0.196,0.039,0.048
2025-11-26T05:00:00,0.000,0.211,0.448,0.393,0.036,0.048
2025-11-26T06:00:00,0.000,3.057,0.541,0.634,0.759,2.198
2025-11-26T07:00:00,2.190,13.120,0.383,0.179,0.618,1.662
2025-11-26T08:00:00,4.044,7.731,2.332,0.214,0.047,1.764
2025-11-26T09:00:00,2.186,8.951,3.523,0.112,0.039,0.243
2025-11-26T10:00:00,1.360,10.222,3.471,0.063,0.038,0.090
2025-11-26T11:00:00,1.173,8.015,3.219,0.053,0.041,0.048
2025-11-26T12:00:00,5.849,10.734,1.796,0.055,0.047,0.077
2025-11-26T13:00:00,6.340,14.857,1.359,0.657,0.041,0.087
2025-11-26T14:00:00,6.249,12.635,1.951,0.486,0.034,0.237
2025-11-26T15:00:00,5.753,13.502,3.532,0.835,0.039,0.311
2025-11-26T16:00:00,6.661,12.671,3.281,0.282,0.047,0.499
2025-11-26T17:00:00,2.318,17.790,3.401,0.121,0.668,1.540
2025-11-26T18:00:00,0.000,18.434,3.261,0.275,0.374,0.770
2025-11-26T19:00:00,0.000,13.538,2.708,0.284,0.422,1.060
2025-11-26T20:00:00,0.000,4.051,0.671,0.658,0.500,2.062
2025-11-26T21:00:00,0.000,0.000,0.340,0.284,0.409,2.705
2025-11-26T22:00:00,0.000,0.000,0.496,0.089,0.136,1.437
2025-11-26T23:00:00,0.000,0.000,0.328,0.056,0.043,0.053
2025-11-27T00:00:00,0.000,0.000,0.368,0.054,0.046,0.048
2025-11-27T01:00:00,0.000,0.000,0.208,0.054,0.042,0.052
2025-11-27T02:00:00,0.000,0.000,0.299,0.055,0.035,0.050
2025-11-27T03:00:00,0.000,0.000,0.203,0.066,0.039,0.050
2025-11-27T04:00:00,0.000,0.000,0.259,0.176,0.042,0.054
2025-11-27T05:00:00,0.000,0.366,0.203,0.215,0.154,0.046
2025-11-27T06:00:00,1.083,2.416,0.374,0.838,0.257,1.242
2025-11-27T07:00:00,2.083,6.892,0.197,0.568,0.825,1.884
2025-11-27T08:00:00,1.683,10.248,0.449,0.251,0.062,1.016
2025-11-27T09:00:00,4.144,12.585,0.732,0.182,0.039,0.431
2025-11-27T10:00:00,4.083,15.883,2.183,0.109,0.042,0.374
2025-11-27T11:00:00,2.196,18.240,3.534,0.365,0.041,0.058
2025-11-27T12:00:00,4.042,17.840,3.324,0.741,0.040,0.284
2025-11-27T13:00:00,1.602,17.700,3.138,0.356,0.039,0.282
2025-11-27T14:00:00,2.183,17.900,3.413,0.276,0.041,0.288
2025-11-27T15:00:00,6.600,16.983,3.538,0.349,0.039,0.263
2025-11-27T16:00:00,5.951,15.722,2.497,0.670,0.127,0.338
2025-11-27T17:00:00,1.833,18.484,2.831,1.298,0.170,0.338
2025-11-27T18:00:00,0.000,16.736,2.488,0.398,0.360,2.444
2025-11-27T19:00:00,0.060,10.544,2.150,0.950,2.273,1.179
2025-11-27T20:00:00,0.000,7.833,2.080,0.265,3.435,3.003
2025-11-27T21:00:00,0.000,0.000,0.532,0.196,0.937,3.362
2025-11-27T22:00:00,0.000,0.000,0.379,0.199,0.045,0.807
2025-11-27T23:00:00,0.000,0.000,0.409,0.078,0.042,0.062
2025-11-28T00:00:00,0.000,0.000,0.318,0.055,1.867,0.052
2025-11-28T01:00:00,0.000,0.000,0.237,0.055,0.039,0.052
2025-11-28T02:00:00,0.000,0.000,0.208,0.054,0.041,0.047
2025-11-28T03:00:00,0.000,0.000,0.282,0.056,0.041,0.048
2025-11-28T04:00:00,0.000,0.000,0.357,0.056,0.040,0.049
2025-11-28T05:00:00,0.000,1.720,0.358,0.314,0.041,0.054
2025-11-28T06:00:00,0.169,10.746,0.351,0.519,0.041,1.370
2025-11-28T07:00:00,0.525,8.682,0.548,0.690,0.041,1.699
2025-11-28T08:00:00,1.137,8.287,1.046,0.253,0.051,0.299
2025-11-28T09:00:00,2.778,13.889,3.330,0.102,0.041,0.251
2025-11-28T10:00:00,5.017,12.127,3.197,0.267,0.040,0.262
2025-11-28T11:00:00,6.128,12.380,3.308,0.647,0.040,0.271
2025-11-28T12:00:00,6.171,13.097,3.186,0.469,0.040,0.258
2025-11-28T13:00:00,6.214,13.347,3.139,0.430,0.039,0.348
2025-11-28T14:00:00,6.273,13.380,2.895,0.291,0.040,0.263
2025-11-28T15:00:00,5.988,13.680,2.633,0.544,0.039,0.604
2025-11-28T16:00:00,3.338,12.745,2.662,0.977,0.041,1.908
2025-11-28T17:00:00,1.200,7.970,3.523,0.126,0.074,1.659
2025-11-28T18:00:00,0.300,5.331,2.350,0.359,0.187,0.853
2025-11-28T19:00:00,0.000,2.810,0.674,0.490,0.267,2.747
2025-11-28T20:00:00,0.000,0.000,0.530,0.373,0.202,3.729
2025-11-28T21:00:00,0.000,0.000,0.360,0.258,0.242,0.622
2025-11-28T22:00:00,0.000,0.000,0.466,0.100,0.171,0.080
2025-11-28T23:00:00,0.000,0.000,0.368,0.055,0.040,0.051
2025-11-29T00:00:00,0.000,0.000,0.477,0.053,0.039,0.054
2025-11-29T01:00:00,0.000,0.000,0.283,0.055,0.042,0.047
2025-11-29T02:00:00,0.000,0.000,0.220,0.054,0.039,0.050
2025-11-29T03:00:00,0.000,0.000,0.225,0.054,0.042,0.056
2025-11-29T04:00:00,0.000,1.750,0.186,0.125,0.041,0.047
2025-11-29T05:00:00,0.000,4.083,0.254,0.504,0.036,0.045
2025-11-29T06:00:00,0.000,7.463,0.426,0.832,0.903,1.821
2025-11-29T07:00:00,0.000,7.927,0.282,0.619,0.985,1.175
2025-11-29T08:00:00,0.000,4.660,0.329,0.851,0.645,1.589
2025-11-29T09:00:00,0.000,10.103,1.088,0.607,1.033,0.926
2025-11-29T10:00:00,0.000,7.137,2.377,0.057,0.739,1.441
2025-11-29T11:00:00,0.000,5.577,3.580,0.175,4.566,2.307
2025-11-29T12:00:00,0.000,9.446,3.310,0.054,2.139,0.550
2025-11-29T13:00:00,0.000,15.650,3.413,0.068,0.192,1.852
2025-11-29T14:00:00,0.000,6.558,3.067,0.189,0.290,2.914
2025-11-29T15:00:00,0.000,9.061,3.286,0.256,0.194,2.538
2025-11-29T16:00:00,0.000,12.343,3.271,0.140,0.136,0.314
2025-11-29T17:00:00,0.000,8.882,3.258,0.640,0.511,1.940
2025-11-29T18:00:00,0.000,8.873,3.253,0.476,0.387,1.573
2025-11-29T19:00:00,0.000,8.706,2.414,0.391,0.298,1.334
2025-11-29T20:00:00,0.000,10.011,2.067,0.184,0.281,0.548
2025-11-29T21:00:00,0.000,0.463,0.496,0.214,0.389,0.405
2025-11-29T22:00:00,0.000,0.000,0.413,0.074,0.397,0.338
2025-11-29T23:00:00,0.000,0.000,0.404,0.063,0.132,0.053
2025-11-30T00:00:00,0.000,0.000,0.647,0.058,0.041,0.048
2025-11-30T01:00:00,0.000,0.000,0.489,0.052,0.042,0.048
2025-11-30T02:00:00,0.000,0.000,0.391,0.052,0.041,0.048
2025-11-30T03:00:00,0.000,0.000,0.351,0.116,0.041,0.055
2025-11-30T04:00:00,0.000,0.000,0.237,0.174,0.041,0.047
2025-11-30T05:00:00,0.000,0.939,0.391,0.368,0.042,0.048
2025-11-30T06:00:00,0.000,5.484,0.391,0.752,0.601,0.049
2025-11-30T07:00:00,0.000,8.432,0.382,0.485,0.524,1.997
2025-11-30T08:00:00,0.000,7.535,1.138,1.354,1.692,1.604
2025-11-30T09:00:00,0.000,6.740,2.953,0.666,0.318,2.046
2025-11-30T10:00:00,0.000,7.489,3.346,3.114,0.633,0.722
2025-11-30T11:00:00,0.000,9.033,3.475,0.492,0.548,2.619
2025-11-30T12:00:00,0.000,15.623,3.463,0.081,0.199,0.694
2025-11-30T13:00:00,0.000,12.300,3.326,0.380,0.187,1.303
2025-11-30T14:00:00,0.000,16.317,3.349,0.096,1.354,0.506
2025-11-30T15:00:00,0.000,15.807,2.972,0.580,0.173,1.075
2025-11-30T16:00:00,0.000,13.243,2.993,0.055,0.042,0.594
2025-11-30T17:00:00,0.000,14.877,2.983,0.053,0.101,0.411
2025-11-30T18:00:00,0.000,18.644,2.616,0.048,0.410,0.946
2025-11-30T19:00:00,0.000,9.692,1.218,0.055,0.315,1.318
2025-11-30T20:00:00,0.000,0.886,0.442,0.057,0.294,1.811
2025-11-30T21:00:00,0.000,0.000,0.509,0.259,0.315,0.269
2025-11-30T22:00:00,0.000,0.000,0.417,0.062,0.303,0.198
2025-11-30T23:00:00,0.000,0.000,0.365,0.054,0.234,0.049
2025-12-01T00:00:00,0.000,0.000,0.379,0.055,0.039,0.049
2025-12-01T01:00:00,0.000,0.000,0.254,0.055,0.042,0.052
2025-12-01T02:00:00,0.000,0.000,0.339,0.053,0.039,0.047
2025-12-01T03:00:00,0.000,0.000,0.450,0.056,0.039,0.048
2025-12-01T04:00:00,0.000,0.000,0.231,0.316,0.042,0.047
2025-12-01T05:00:00,0.000,1.350,0.397,0.073,0.042,0.048
2025-12-01T06:00:00,0.000,9.863,0.362,0.116,0.838,1.266
2025-12-01T07:00:00,0.125,15.796,1.043,1.441,0.941,1.576
2025-12-01T08:00:00,4.200,17.636,2.391,0.062,0.719,0.815
2025-12-01T09:00:00,4.680,20.020,3.265,0.054,0.045,0.050
2025-12-01T10:00:00,5.101,19.260,3.586,0.054,0.041,0.049
2025-12-01T11:00:00,7.095,19.187,3.159,0.163,0.041,0.051
2025-12-01T12:00:00,6.857,18.839,3.839,0.455,0.041,0.047
2025-12-01T13:00:00,4.065,17.433,3.747,1.192,0.039,0.056
2025-12-01T14:00:00,6.287,12.878,3.733,1.158,0.042,0.084
2025-12-01T15:00:00,7.111,18.662,3.646,0.644,0.041,0.247
2025-12-01T16:00:00,5.101,19.109,3.711,0.241,0.193,0.107
2025-12-01T17:00:00,0.316,14.224,2.937,0.054,0.346,1.177
2025-12-01T18:00:00,0.091,12.496,2.647,0.053,0.227,0.627
2025-12-01T19:00:00,0.000,3.583,0.563,0.850,0.422,2.313
2025-12-01T20:00:00,0.000,0.000,0.271,0.272,0.303,0.715
2025-12-01T21:00:00,0.000,0.000,0.311,0.225,0.739,0.221
2025-12-01T22:00:00,0.000,0.000,0.282,0.197,0.250,0.384
2025-12-01T23:00:00,0.000,0.000,0.386,0.141,0.223,0.196
2025-12-02T00:00:00,0.000,0.000,0.271,0.053,0.039,0.291
2025-12-02T01:00:00,0.000,0.000,0.254,0.054,0.042,0.243
2025-12-02T02:00:00,0.000,0.000,0.191,0.059,0.042,0.049
2025-12-02T03:00:00,0.000,0.000,0.237,0.056,0.042,0.050
2025-12-02T04:00:00,0.000,0.333,0.208,0.054,0.040,0.047
2025-12-02T05:00:00,0.000,10.000,0.271,0.302,0.040,0.047
2025-12-02T06:00:00,0.000,10.032,0.488,0.619,1.196,2.288
2025-12-02T07:00:00,0.000,12.254,0.563,0.640,0.461,1.093
2025-12-02T08:00:00,0.228,13.088,0.455,0.166,0.910,1.491
2025-12-02T09:00:00,4.725,8.613,1.995,0.099,0.065,0.054
2025-12-02T10:00:00,6.151,3.824,3.445,0.237,0.175,0.052
2025-12-02T11:00:00,6.200,8.963,4.021,0.229,0.039,0.049
2025-12-02T12:00:00,6.046,8.693,3.847,0.054,0.040,0.046
2025-12-02T13:00:00,6.020,9.067,3.951,0.687,0.041,0.145
2025-12-02T14:00:00,6.033,6.240,3.792,0.339,0.042,0.290
2025-12-02T15:00:00,4.895,5.837,3.480,1.031,0.039,0.136
2025-12-02T16:00:00,2.030,10.303,2.980,0.704,0.047,0.213
2025-12-02T17:00:00,2.163,10.799,2.892,0.200,0.491,0.403
2025-12-02T18:00:00,1.877,11.206,2.701,0.197,0.355,1.555
2025-12-02T19:00:00,0.000,5.197,1.271,0.447,2.772,1.438
2025-12-02T20:00:00,0.000,7.070,0.635,0.239,2.798,0.554
2025-12-02T21:00:00,0.000,0.330,0.572,0.307,0.643,0.456
2025-12-02T22:00:00,0.000,0.000,0.360,0.177,0.253,0.098
2025-12-02T23:00:00,0.000,0.000,0.530,0.055,0.184,0.048
2025-12-03T00:00:00,0.000,0.000,0.607,0.056,0.042,0.049
2025-12-03T01:00:00,0.000,0.000,0.518,0.055,0.039,0.053
2025-12-03T02:00:00,0.000,0.000,0.428,0.052,0.041,0.055
2025-12-03T03:00:00,0.000,0.000,0.496,0.096,0.041,0.050
2025-12-03T04:00:00,0.000,0.000,0.430,0.172,0.040,0.048
2025-12-03T05:00:00,0.000,10.083,0.191,0.362,0.040,0.250
2025-12-03T06:00:00,0.000,16.274,0.271,0.660,0.666,2.018
2025-12-03T07:00:00,0.000,13.154,0.191,1.046,0.603,1.267
2025-12-03T08:00:00,0.167,11.221,0.938,0.944,1.596,1.300
2025-12-03T09:00:00,2.625,12.405,1.321,0.284,0.039,0.057
2025-12-03T10:00:00,4.178,9.290,3.006,0.191,0.041,0.047
2025-12-03T11:00:00,3.367,10.023,3.903,1.823,0.042,0.048
2025-12-03T12:00:00,3.419,10.713,3.530,1.626,0.040,0.049
2025-12-03T13:00:00,3.788,11.207,3.379,0.048,0.039,0.057
2025-12-03T14:00:00,4.420,14.130,2.963,0.272,0.041,0.063
2025-12-03T15:00:00,5.391,14.973,3.145,0.177,0.039,0.085
2025-12-03T16:00:00,6.668,16.628,3.352,0.194,0.041,0.073
2025-12-03T17:00:00,6.859,14.297,3.274,0.382,0.455,0.373
2025-12-03T18:00:00,4.155,10.500,2.782,0.416,0.834,0.707
2025-12-03T19:00:00,0.022,3.282,0.473,0.273,0.579,2.522
2025-12-03T20:00:00,0.000,2.462,0.271,0.271,0.327,0.890
2025-12-03T21:00:00,0.000,1.113,0.420,0.367,0.593,1.551
2025-12-03T22:00:00,0.000,0.000,0.473,0.133,0.183,3.154
2025-12-03T23:00:00,0.000,0.000,0.607,0.055,0.045,1.993
2025-12-04T00:00:00,0.000,0.000,0.484,0.053,0.042,0.052
2025-12-04T01:00:00,0.000,0.000,0.360,0.053,0.041,0.049
2025-12-04T02:00:00,0.000,0.000,0.530,0.053,0.041,0.049
2025-12-04T03:00:00,0.000,0.000,0.360,0.058,0.039,0.051
2025-12-04T04:00:00,0.000,0.000,0.271,0.250,0.041,0.051
2025-12-04T05:00:00,0.000,0.900,0.457,0.330,0.046,0.052
2025-12-04T06:00:00,0.000,3.257,0.428,0.711,0.847,0.981
2025-12-04T07:00:00,0.000,9.175,0.462,0.706,0.611,1.970
2025-12-04T08:00:00,0.634,3.623,0.643,0.720,1.061,0.558
2025-12-04T09:00:00,3.372,7.617,2.747,0.497,0.108,0.247
2025-12-04T10:00:00,2.043,12.850,3.376,0.241,0.041,0.236
2025-12-04T11:00:00,2.498,13.750,3.482,0.054,0.040,0.193
2025-12-04T12:00:00,3.485,14.464,3.381,0.304,0.042,0.081
2025-12-04T13:00:00,1.573,13.508,2.835,0.524,0.040,0.122
2025-12-04T14:00:00,2.677,13.132,2.829,0.064,0.041,0.154
2025-12-04T15:00:00,3.868,12.300,3.270,0.332,0.039,0.109
2025-12-04T16:00:00,5.840,16.923,2.827,0.104,0.042,0.196
2025-12-04T17:00:00,5.121,17.783,3.076,0.055,2.366,0.754
2025-12-04T18:00:00,5.000,18.085,2.426,0.057,2.608,1.514
2025-12-04T19:00:00,1.833,14.732,1.566,0.866,0.766,1.157
2025-12-04T20:00:00,0.000,8.000,1.588,1.260,0.393,0.399
2025-12-04T21:00:00,0.000,0.000,0.339,0.645,0.350,1.293
2025-12-04T22:00:00,0.000,0.000,0.388,0.289,0.528,0.381
2025-12-04T23:00:00,0.000,0.000,0.265,0.051,0.412,0.139
2025-12-05T00:00:00,0.000,0.000,0.271,0.053,0.039,0.048
2025-12-05T01:00:00,0.000,0.000,0.375,0.054,0.035,0.053
2025-12-05T02:00:00,0.000,0.000,0.265,0.060,0.042,0.048
2025-12-05T03:00:00,0.000,0.000,0.191,0.055,0.040,0.058
2025-12-05T04:00:00,0.000,0.000,0.428,0.055,0.041,0.046
2025-12-05T05:00:00,0.000,7.127,0.462,0.400,0.042,0.051
2025-12-05T06:00:00,0.000,5.693,0.394,0.707,0.040,1.016
2025-12-05T07:00:00,0.583,7.384,0.530,0.764,0.262,1.072
2025-12-05T08:00:00,2.542,12.521,0.634,0.308,0.738,0.085
2025-12-05T09:00:00,4.745,16.016,1.667,0.989,0.042,0.047
2025-12-05T10:00:00,4.593,13.973,3.485,0.074,0.041,0.048
2025-12-05T11:00:00,3.460,12.493,3.541,0.452,0.039,0.051
2025-12-05T12:00:00,3.460,11.903,3.349,0.895,0.041,0.049
2025-12-05T13:00:00,3.723,14.607,3.271,0.078,0.041,0.194
2025-12-05T14:00:00,3.847,18.523,3.215,0.108,0.042,0.344
2025-12-05T15:00:00,3.370,14.030,2.683,0.239,0.041,0.395
2025-12-05T16:00:00,1.857,13.587,2.769,0.386,0.050,1.098
2025-12-05T17:00:00,0.673,15.686,2.680,0.655,1.408,0.413
2025-12-05T18:00:00,0.117,7.643,2.968,0.161,0.483,1.236
2025-12-05T19:00:00,0.000,2.674,1.417,0.258,0.654,1.490
2025-12-05T20:00:00,0.000,1.643,0.783,0.275,3.329,0.326
2025-12-05T21:00:00,0.000,0.311,0.541,0.266,3.028,0.760
2025-12-05T22:00:00,0.000,0.000,0.383,0.067,0.438,3.953
2025-12-05T23:00:00,0.000,0.000,0.518,0.054,0.120,2.643
2025-12-06T00:00:00,0.000,0.000,0.300,0.054,0.041,0.340
2025-12-06T01:00:00,0.000,0.000,0.312,0.056,0.041,0.046
2025-12-06T02:00:00,0.000,0.000,0.512,0.053,0.041,0.052
2025-12-06T03:00:00,0.000,0.000,0.383,0.054,0.041,0.055
2025-12-06T04:00:00,0.000,0.000,0.507,0.144,0.042,0.048
2025-12-06T05:00:00,0.000,0.551,0.460,0.481,0.039,0.050
2025-12-06T06:00:00,0.000,5.193,0.479,0.551,0.041,0.047
2025-12-06T07:00:00,0.000,4.931,0.191,0.784,0.731,1.357
2025-12-06T08:00:00,0.000,6.751,0.323,1.289,1.985,2.184
2025-12-06T09:00:00,0.000,10.600,1.018,0.696,1.647,1.562
2025-12-06T10:00:00,0.000,7.924,2.402,0.054,0.330,1.591
2025-12-06T11:00:00,0.000,8.541,3.705,0.054,1.266,1.411
2025-12-06T12:00:00,0.000,7.513,3.401,0.054,1.692,1.075
2025-12-06T13:00:00,0.000,14.370,3.405,0.054,0.219,0.692
2025-12-06T14:00:00,0.000,18.727,3.592,0.082,0.050,1.394
2025-12-06T15:00:00,0.000,18.156,3.503,0.251,0.041,0.613
2025-12-06T16:00:00,0.000,18.151,3.479,0.125,0.042,3.696
2025-12-06T17:00:00,0.000,19.207,3.974,0.094,0.223,3.610
2025-12-06T18:00:00,0.000,18.734,3.339,0.368,0.401,2.195
2025-12-06T19:00:00,0.000,16.177,1.983,0.141,0.387,0.525
2025-12-06T20:00:00,0.000,5.750,0.370,0.156,0.363,0.475
2025-12-06T21:00:00,0.000,0.000,0.306,0.480,0.593,0.283
2025-12-06T22:00:00,0.000,0.000,0.225,0.069,0.431,0.517
2025-12-06T23:00:00,0.000,0.000,0.444,0.054,0.042,0.212
2025-12-07T00:00:00,0.000,0.000,0.512,0.054,0.042,0.054
2025-12-07T01:00:00,0.000,0.000,0.366,0.054,0.039,0.047
2025-12-07T02:00:00,0.000,0.000,0.583,0.054,0.042,0.050
2025-12-07T03:00:00,0.000,0.000,0.462,0.054,0.042,0.049
2025-12-07T04:00:00,0.000,0.075,0.428,0.148,0.036,0.049
2025-12-07T05:00:00,0.000,2.967,0.428,0.400,0.042,0.056
2025-12-07T06:00:00,0.000,6.422,0.496,1.013,0.038,0.050
2025-12-07T07:00:00,0.000,6.156,0.383,0.522,1.158,1.181
2025-12-07T08:00:00,0.000,6.810,0.541,0.312,1.334,0.453
2025-12-07T09:00:00,0.000,5.893,0.783,0.077,1.135,1.313
2025-12-07T10:00:00,0.000,9.593,2.589,0.074,0.954,0.771
2025-12-07T11:00:00,0.000,7.080,3.625,0.072,0.788,0.535
2025-12-07T12:00:00,0.000,17.291,3.741,0.072,0.812,0.437
2025-12-07T13:00:00,0.000,17.645,3.296,0.394,0.349,0.850
2025-12-07T14:00:00,0.000,14.053,2.940,0.414,1.110,1.563
2025-12-07T15:00:00,0.000,13.693,3.415,0.274,0.056,1.572
2025-12-07T16:00:00,0.000,13.103,3.704,0.060,0.049,0.438
2025-12-07T17:00:00,0.000,8.060,3.570,0.054,0.042,1.341
2025-12-07T18:00:00,0.000,9.189,1.727,0.056,0.234,3.055
2025-12-07T19:00:00,0.000,2.426,0.232,0.389,1.049,2.512
2025-12-07T20:00:00,0.000,1.325,0.535,0.578,0.388,1.013
2025-12-07T21:00:00,0.000,0.000,0.383,0.425,0.352,1.370
2025-12-07T22:00:00,0.000,0.000,0.530,0.280,0.369,1.265
2025-12-07T23:00:00,0.000,0.000,0.471,0.056,0.301,0.119
2025-12-08T00:00:00,0.000,0.000,0.379,0.057,0.039,0.054
2025-12-08T01:00:00,0.000,0.000,0.467,0.058,0.042,0.048
2025-12-08T02:00:00,0.000,0.000,0.271,0.052,0.040,0.046
2025-12-08T03:00:00,0.000,0.000,0.191,0.055,0.042,0.049
2025-12-08T04:00:00,0.000,0.000,0.237,0.258,0.041,0.052
2025-12-08T05:00:00,0.000,2.683,0.334,0.124,0.042,0.047
2025-12-08T06:00:00,0.000,11.662,0.496,0.757,0.556,1.363
2025-12-08T07:00:00,1.441,15.416,0.524,0.674,0.609,1.331
2025-12-08T08:00:00,3.357,15.629,0.421,0.859,0.043,0.363
2025-12-08T09:00:00,3.773,13.287,2.332,0.294,0.041,0.047
2025-12-08T10:00:00,2.610,7.890,2.883,0.562,0.041,0.048
2025-12-08T11:00:00,4.575,8.640,3.040,0.056,0.042,0.048
2025-12-08T12:00:00,3.022,7.743,3.342,0.553,0.041,0.052
2025-12-08T13:00:00,3.823,8.390,3.649,0.821,0.040,0.086
2025-12-08T14:00:00,3.284,13.603,3.919,0.082,0.041,0.204
2025-12-08T15:00:00,3.182,18.160,2.917,0.054,0.041,0.277
2025-12-08T16:00:00,2.329,18.500,2.916,0.072,0.054,0.067
2025-12-08T17:00:00,4.037,11.334,2.936,0.054,0.138,0.305
2025-12-08T18:00:00,0.273,6.187,3.321,0.052,0.380,3.172
2025-12-08T19:00:00,0.000,0.778,2.646,0.900,0.698,1.682
2025-12-08T20:00:00,0.000,0.299,0.537,0.419,3.035,0.213
2025-12-08T21:00:00,0.000,0.000,0.254,0.706,2.840,2.339
2025-12-08T22:00:00,0.000,0.000,0.294,0.134,0.560,3.139
2025-12-08T23:00:00,0.000,0.000,0.248,0.052,0.041,0.733
2025-12-09T00:00:00,0.000,0.000,0.489,0.055,0.041,0.048
2025-12-09T01:00:00,0.000,0.000,0.334,0.053,0.039,0.052
2025-12-09T02:00:00,0.000,0.000,0.259,0.056,0.041,0.048
2025-12-09T03:00:00,0.000,0.000,0.282,0.188,0.039,0.059
2025-12-09T04:00:00,0.000,0.392,0.335,0.218,0.040,0.050
2025-12-09T05:00:00,0.000,2.160,0.288,0.320,0.040,0.052
2025-12-09T06:00:00,0.167,1.800,0.259,0.875,0.054,1.423
2025-12-09T07:00:00,2.500,11.697,0.220,0.775,1.059,1.478
2025-12-09T08:00:00,3.167,13.033,0.874,0.560,0.075,0.554
2025-12-09T09:00:00,4.121,12.010,2.942,0.221,0.039,0.057
2025-12-09T10:00:00,1.874,10.043,3.479,0.884,0.041,0.051
2025-12-09T11:00:00,1.894,8.301,3.220,1.651,0.039,0.047
2025-12-09T12:00:00,3.834,8.598,3.498,0.059,0.040,0.048
2025-12-09T13:00:00,6.987,6.665,2.802,0.834,0.042,0.047
2025-12-09T14:00:00,6.297,9.393,3.094,0.644,0.039,0.050
2025-12-09T15:00:00,2.025,15.522,3.114,0.469,0.041,0.156
2025-12-09T16:00:00,3.977,13.173,2.816,0.398,0.459,0.092
2025-12-09T17:00:00,2.400,18.320,2.713,0.076,0.802,0.670
2025-12-09T18:00:00,0.000,16.519,2.607,0.106,0.902,0.586
2025-12-09T19:00:00,0.000,7.506,3.013,0.345,0.396,0.614
2025-12-09T20:00:00,0.000,1.620,1.072,0.261,0.385,3.995
2025-12-09T21:00:00,0.000,0.189,0.312,0.519,0.337,3.247
2025-12-09T22:00:00,0.000,0.000,0.548,0.274,0.241,0.198
2025-12-09T23:00:00,0.000,0.000,0.363,0.056,0.242,0.047
2025-12-10T00:00:00,0.000,0.000,0.334,0.053,0.047,0.050
2025-12-10T01:00:00,0.000,0.000,0.414,0.057,0.039,0.049
2025-12-10T02:00:00,0.000,0.000,0.460,0.053,0.042,0.058
2025-12-10T03:00:00,0.000,0.000,0.525,0.055,0.039,0.047
2025-12-10T04:00:00,0.000,0.000,0.541,0.346,0.041,0.048
2025-12-10T05:00:00,0.000,0.358,0.383,0.364,0.042,0.049
2025-12-10T06:00:00,0.000,0.120,0.277,0.663,0.872,2.165
2025-12-10T07:00:00,0.200,12.441,0.214,0.961,0.501,1.166
2025-12-10T08:00:00,2.693,14.244,1.881,1.043,0.047,0.252
2025-12-10T09:00:00,3.924,13.030,2.611,0.809,0.039,0.046
2025-12-10T10:00:00,1.580,11.878,3.505,0.168,0.039,0.049
2025-12-10T11:00:00,3.260,13.948,2.770,0.113,0.041,0.058
2025-12-10T12:00:00,3.988,12.072,2.690,0.329,0.038,0.048
2025-12-10T13:00:00,5.843,13.713,2.746,0.059,0.039,0.049
2025-12-10T14:00:00,2.043,15.295,2.664,0.055,0.042,0.048
2025-12-10T15:00:00,4.658,15.931,3.174,0.059,0.042,0.133
2025-12-10T16:00:00,4.498,11.960,3.108,0.452,0.039,0.089
2025-12-10T17:00:00,3.432,12.288,2.992,0.218,0.063,0.308
2025-12-10T18:00:00,2.620,10.770,3.508,0.144,0.225,1.301
2025-12-10T19:00:00,1.333,1.600,1.743,0.519,0.326,1.475
2025-12-10T20:00:00,0.000,1.800,0.442,0.330,0.359,1.015
2025-12-10T21:00:00,0.000,0.000,0.334,0.223,0.355,0.421
2025-12-10T22:00:00,0.000,0.000,0.373,0.113,0.389,2.117
2025-12-10T23:00:00,0.000,0.000,0.414,0.056,0.042,0.050
2025-12-11T00:00:00,0.000,0.000,0.306,0.047,0.047,0.050
2025-12-11T01:00:00,0.000,0.000,0.322,0.054,0.040,0.047
2025-12-11T02:00:00,0.000,0.000,0.180,0.056,0.042,0.047
2025-12-11T03:00:00,0.000,0.000,0.265,0.054,0.041,0.048
2025-12-11T04:00:00,0.000,0.000,0.265,0.075,0.041,0.048
2025-12-11T05:00:00,0.000,0.104,0.265,0.239,0.035,0.059
2025-12-11T06:00:00,3.583,7.163,0.487,0.840,0.098,2.132
2025-12-11T07:00:00,5.341,7.878,0.433,0.619,1.108,0.832
2025-12-11T08:00:00,6.330,7.086,0.355,0.191,0.077,1.174
2025-12-11T09:00:00,6.600,7.870,1.400,0.054,0.041,0.050
2025-12-11T10:00:00,6.416,7.360,3.213,0.060,0.041,0.050
2025-12-11T11:00:00,6.580,8.063,3.383,0.053,0.041,0.052
2025-12-11T12:00:00,6.239,9.006,3.416,0.553,0.037,0.059
2025-12-11T13:00:00,2.355,8.423,2.969,1.049,0.039,0.083
2025-12-11T14:00:00,1.040,11.947,3.013,1.651,0.043,0.091
2025-12-11T15:00:00,2.800,12.970,3.265,0.156,0.039,0.196
2025-12-11T16:00:00,1.467,13.313,3.495,0.052,0.519,0.355
2025-12-11T17:00:00,0.800,12.647,3.812,0.056,0.522,0.127
2025-12-11T18:00:00,0.067,13.070,3.794,0.055,2.936,1.048
2025-12-11T19:00:00,0.000,8.977,2.278,0.387,3.153,2.017
2025-12-11T20:00:00,0.000,0.989,0.923,0.246,1.478,1.323
2025-12-11T21:00:00,0.000,0.258,0.318,0.370,0.282,4.154
2025-12-11T22:00:00,0.000,0.000,0.259,0.110,0.051,2.075
2025-12-11T23:00:00,0.000,0.000,0.231,0.051,0.042,0.074
2025-12-12T00:00:00,0.000,0.000,0.443,0.056,0.041,0.048
2025-12-12T01:00:00,0.000,0.000,0.282,0.054,0.040,0.049
2025-12-12T02:00:00,0.000,0.000,0.477,0.053,0.040,0.050
2025-12-12T03:00:00,0.000,0.000,0.265,0.054,0.042,0.049
2025-12-12T04:00:00,0.000,0.000,0.197,0.176,0.041,0.057
2025-12-12T05:00:00,0.000,0.095,0.248,0.170,0.039,0.064
2025-12-12T06:00:00,0.000,3.664,0.393,0.429,0.965,1.541
2025-12-12T07:00:00,1.530,12.800,0.356,1.082,2.046,1.734
2025-12-12T08:00:00,5.957,13.066,0.683,1.453,1.266,0.274
2025-12-12T09:00:00,4.057,10.997,1.194,1.033,0.041,0.050
2025-12-12T10:00:00,4.493,11.037,2.507,0.644,0.039,0.053
2025-12-12T11:00:00,4.375,9.847,3.543,0.331,0.042,0.048
2025-12-12T12:00:00,4.277,9.549,3.244,0.091,0.041,0.048
2025-12-12T13:00:00,5.787,8.717,3.748,0.582,0.041,0.056
2025-12-12T14:00:00,4.187,9.493,3.697,0.157,0.042,0.093
2025-12-12T15:00:00,3.857,13.907,3.732,0.054,0.041,0.073
2025-12-12T16:00:00,6.665,17.237,3.600,0.086,0.090,0.143
2025-12-12T17:00:00,5.810,12.580,2.627,0.091,1.158,0.570
2025-12-12T18:00:00,3.600,16.217,1.201,0.259,0.381,1.292
2025-12-12T19:00:00,1.708,6.907,0.605,2.375,0.550,2.737
2025-12-12T20:00:00,0.000,0.174,0.197,1.093,0.283,1.285
2025-12-12T21:00:00,0.000,0.000,0.369,0.256,0.288,0.332
2025-12-12T22:00:00,0.000,0.000,0.277,0.053,0.349,0.247
2025-12-12T23:00:00,0.000,0.000,0.277,0.053,0.153,0.049
2025-12-13T00:00:00,0.000,0.000,0.455,0.052,0.038,0.048
2025-12-13T01:00:00,0.000,0.000,0.397,0.055,0.040,0.049
2025-12-13T02:00:00,0.000,0.000,0.535,0.058,0.039,0.053
2025-12-13T03:00:00,0.000,0.000,0.530,0.146,0.043,0.049
2025-12-13T04:00:00,0.000,0.000,0.401,0.254,0.040,0.059
2025-12-13T05:00:00,0.000,3.167,0.288,0.268,0.040,0.047
2025-12-13T06:00:00,0.000,4.250,0.363,1.042,0.532,0.048
2025-12-13T07:00:00,0.000,8.800,0.449,0.353,0.603,2.239
2025-12-13T08:00:00,0.000,7.689,0.485,0.476,1.328,1.479
2025-12-13T09:00:00,0.000,6.902,1.767,0.582,0.145,1.351
2025-12-13T10:00:00,0.000,8.398,3.583,0.465,1.161,1.619
2025-12-13T11:00:00,0.000,6.865,3.891,0.054,1.423,1.887
2025-12-13T12:00:00,0.000,4.899,2.887,0.171,0.236,1.006
2025-12-13T13:00:00,0.000,10.095,2.662,0.054,0.054,0.483
2025-12-13T14:00:00,0.000,17.251,2.994,0.054,0.697,3.594
2025-12-13T15:00:00,0.000,12.562,2.896,0.205,1.079,2.680
2025-12-13T16:00:00,0.000,13.436,3.221,0.110,0.169,1.430
2025-12-13T17:00:00,0.000,12.427,2.922,0.416,0.075,1.250
2025-12-13T18:00:00,0.000,10.723,2.595,0.380,0.041,0.305
2025-12-13T19:00:00,0.000,4.442,2.633,0.394,0.233,0.721
2025-12-13T20:00:00,0.000,0.597,0.841,0.617,0.401,1.332
2025-12-13T21:00:00,0.000,0.290,0.472,0.357,0.216,0.238
2025-12-13T22:00:00,0.000,0.000,0.548,0.134,0.118,0.414
2025-12-13T23:00:00,0.000,0.000,0.374,0.054,0.041,0.369
2025-12-14T00:00:00,0.000,0.000,0.525,0.053,0.038,0.067
2025-12-14T01:00:00,0.000,0.000,0.454,0.054,0.041,0.047
2025-12-14T02:00:00,0.000,0.000,0.530,0.054,0.042,0.047
2025-12-14T03:00:00,0.000,0.000,0.360,0.057,0.039,0.057
2025-12-14T04:00:00,0.000,0.000,0.530,0.258,0.038,0.052
2025-12-14T05:00:00,0.000,2.033,0.332,0.227,0.039,0.049
2025-12-14T06:00:00,0.000,7.067,0.357,0.885,1.046,0.485
2025-12-14T07:00:00,0.000,9.763,0.294,0.841,0.098,1.509
2025-12-14T08:00:00,0.000,12.167,0.379,0.826,0.443,1.487
2025-12-14T09:00:00,0.000,10.677,2.287,0.624,0.515,0.824
2025-12-14T10:00:00,0.000,13.360,3.064,0.161,0.951,0.811
2025-12-14T11:00:00,0.000,9.977,3.067,0.257,0.861,0.187
2025-12-14T12:00:00,0.000,10.043,3.339,0.304,1.288,3.513
2025-12-14T13:00:00,0.000,13.313,3.343,0.331,0.573,2.770
2025-12-14T14:00:00,0.000,17.790,3.140,0.454,2.558,2.477
2025-12-14T15:00:00,0.000,15.384,3.217,0.621,2.385,1.257
2025-12-14T16:00:00,0.000,13.532,3.054,0.054,0.148,0.408
2025-12-14T17:00:00,0.000,7.299,3.109,0.386,0.165,0.258
2025-12-14T18:00:00,0.000,12.604,3.035,0.169,0.287,0.488
2025-12-14T19:00:00,0.000,7.350,0.850,0.273,0.410,1.235
2025-12-14T20:00:00,0.000,0.000,0.422,0.481,0.421,1.225
2025-12-14T21:00:00,0.000,0.000,0.425,0.458,0.421,0.593
2025-12-14T22:00:00,0.000,0.000,0.277,0.340,0.200,0.385
2025-12-14T23:00:00,0.000,0.000,0.385,0.053,0.042,0.126
2025-12-15T00:00:00,0.000,0.000,0.454,0.054,0.041,0.055
2025-12-15T01:00:00,0.000,0.000,0.417,0.053,0.038,0.047
2025-12-15T02:00:00,0.000,0.000,0.507,0.054,0.044,0.047
2025-12-15T03:00:00,0.000,0.000,0.383,0.054,0.041,0.049
2025-12-15T04:00:00,0.000,0.167,0.473,0.065,0.038,0.049
2025-12-15T05:00:00,0.000,5.500,0.451,0.287,0.047,0.058
2025-12-15T06:00:00,0.000,8.833,0.383,0.093,0.879,1.443
2025-12-15T07:00:00,1.750,7.803,0.530,0.649,0.668,1.489
2025-12-15T08:00:00,5.443,9.182,0.424,1.202,1.075,0.428
2025-12-15T09:00:00,2.769,12.140,0.829,0.435,0.064,0.047
2025-12-15T10:00:00,3.461,13.370,2.292,0.210,0.041,0.048
2025-12-15T11:00:00,4.390,13.640,3.094,0.331,0.041,0.048
2025-12-15T12:00:00,5.535,10.207,3.251,0.589,0.041,0.047
2025-12-15T13:00:00,4.087,12.383,3.454,0.571,0.042,0.057
2025-12-15T14:00:00,5.165,12.209,2.972,0.442,0.041,0.068
2025-12-15T15:00:00,3.057,15.592,3.527,0.531,0.041,0.083
2025-12-15T16:00:00,2.457,18.605,3.337,0.069,0.040,0.144
2025-12-15T17:00:00,0.083,16.610,3.763,0.180,0.141,0.316
2025-12-15T18:00:00,0.000,12.093,3.047,0.482,0.254,1.005
2025-12-15T19:00:00,0.000,10.237,1.276,0.463,0.325,1.010
2025-12-15T20:00:00,0.000,2.633,0.496,0.306,1.159,0.879
2025-12-15T21:00:00,0.000,0.000,0.289,0.385,0.483,1.005
2025-12-15T22:00:00,0.000,0.000,0.355,0.090,0.197,0.662
2025-12-15T23:00:00,0.000,0.000,0.290,0.059,0.040,0.047
2025-12-16T00:00:00,0.000,0.000,0.282,0.054,0.040,0.055
2025-12-16T01:00:00,0.000,0.000,0.259,0.061,0.041,0.056
2025-12-16T02:00:00,0.000,0.000,0.203,0.057,0.042,0.049
2025-12-16T03:00:00,0.000,0.000,0.225,0.054,0.040,0.047
2025-12-16T04:00:00,0.000,0.000,0.283,0.157,0.039,0.047
2025-12-16T05:00:00,0.000,2.005,0.294,0.170,0.058,0.052
2025-12-16T06:00:00,0.000,0.387,0.438,0.657,0.983,1.875
2025-12-16T07:00:00,0.380,11.277,0.335,0.430,0.849,0.588
2025-12-16T08:00:00,2.397,18.132,2.468,0.542,1.027,0.169
2025-12-16T09:00:00,4.450,18.693,3.206,0.105,0.083,0.106
2025-12-16T10:00:00,6.386,18.797,3.597,0.184,0.042,0.353
2025-12-16T11:00:00,5.480,16.730,3.802,0.115,0.040,0.175
2025-12-16T12:00:00,4.262,13.980,3.827,0.055,0.042,0.145
2025-12-16T13:00:00,4.133,12.713,3.787,0.616,0.039,0.114
2025-12-16T14:00:00,4.360,16.670,3.666,0.164,0.042,0.345
2025-12-16T15:00:00,5.742,18.400,3.741,0.130,0.039,0.143
2025-12-16T16:00:00,6.205,18.533,3.392,0.179,0.041,0.231
2025-12-16T17:00:00,1.145,17.065,3.443,0.374,0.042,0.493
2025-12-16T18:00:00,0.040,12.227,1.040,1.022,0.039,1.698
2025-12-16T19:00:00,0.000,0.734,0.773,0.594,0.600,1.271
2025-12-16T20:00:00,0.000,0.250,0.358,0.970,0.547,0.531
2025-12-16T21:00:00,0.000,0.000,0.405,0.370,0.263,0.468
2025-12-16T22:00:00,0.000,0.000,0.519,0.135,0.235,0.271
2025-12-16T23:00:00,0.000,0.000,0.403,0.053,0.242,0.050
2025-12-17T00:00:00,0.000,0.000,0.513,0.054,0.133,0.055
2025-12-17T01:00:00,0.000,0.000,0.383,0.056,0.041,0.048
2025-12-17T02:00:00,0.000,0.000,0.519,0.053,0.041,0.049
2025-12-17T03:00:00,0.000,0.000,0.405,0.060,0.041,0.051
2025-12-17T04:00:00,0.000,0.350,0.485,0.363,0.041,0.054
2025-12-17T05:00:00,0.000,1.740,0.439,0.092,0.042,0.047
2025-12-17T06:00:00,0.000,2.090,0.451,0.711,0.043,2.227
2025-12-17T07:00:00,0.208,4.223,0.473,0.636,1.072,0.379
2025-12-17T08:00:00,2.388,12.073,0.458,0.483,0.261,0.285
2025-12-17T09:00:00,1.034,14.393,1.857,0.193,0.041,0.870
2025-12-17T10:00:00,2.237,13.440,3.258,0.219,0.039,0.444
2025-12-17T11:00:00,4.126,12.840,3.558,0.206,0.039,0.102
2025-12-17T12:00:00,1.309,12.590,3.493,0.438,0.041,0.211
2025-12-17T13:00:00,3.676,14.353,3.621,0.226,0.040,0.118
2025-12-17T14:00:00,6.497,13.453,3.142,0.457,0.041,0.161
2025-12-17T15:00:00,6.360,14.343,2.923,0.269,0.043,0.284
2025-12-17T16:00:00,6.331,12.777,2.817,0.267,0.042,0.244
2025-12-17T17:00:00,5.097,12.853,2.436,0.254,0.047,0.383
2025-12-17T18:00:00,4.750,5.043,1.064,0.380,1.085,0.876
2025-12-17T19:00:00,0.833,11.373,0.334,0.532,0.859,2.144
2025-12-17T20:00:00,0.000,0.667,0.375,0.379,0.560,0.421
2025-12-17T21:00:00,0.000,0.000,0.524,0.256,0.491,0.404
2025-12-17T22:00:00,0.000,0.000,0.383,0.061,0.298,0.285
2025-12-17T23:00:00,0.000,0.000,0.490,0.054,0.041,0.052
2025-12-18T00:00:00,0.000,0.000,0.450,0.054,0.041,0.049
2025-12-18T01:00:00,0.000,0.000,0.203,0.054,0.039,0.047
2025-12-18T02:00:00,0.000,0.000,0.385,0.057,0.040,0.056
2025-12-18T03:00:00,0.000,0.000,0.352,0.054,0.042,0.052
2025-12-18T04:00:00,0.000,0.000,0.259,0.245,0.041,0.049
2025-12-18T05:00:00,0.000,1.450,0.180,0.171,0.041,0.047
2025-12-18T06:00:00,0.000,1.833,0.265,0.711,0.864,1.912
2025-12-18T07:00:00,0.203,11.086,0.271,0.563,1.156,0.812
2025-12-18T08:00:00,0.965,12.047,2.273,1.291,0.545,0.320
2025-12-18T09:00:00,4.013,13.049,2.025,0.659,0.281,0.338
2025-12-18T10:00:00,4.343,13.162,1.634,0.230,0.251,0.266
2025-12-18T11:00:00,2.923,12.933,3.269,0.397,0.074,0.396
2025-12-18T12:00:00,4.253,11.993,3.498,0.055,0.041,0.392
2025-12-18T13:00:00,4.307,13.220,3.641,0.697,0.491,1.032
2025-12-18T14:00:00,7.080,13.890,2.922,0.221,0.507,2.927
2025-12-18T15:00:00,5.427,12.787,2.969,0.254,0.130,2.554
2025-12-18T16:00:00,4.390,12.822,2.904,0.122,0.225,0.798
2025-12-18T17:00:00,3.913,17.273,3.261,0.330,0.391,1.727
2025-12-18T18:00:00,3.333,17.080,2.713,0.320,2.497,1.025
2025-12-18T19:00:00,0.000,3.550,0.529,0.228,3.180,1.997
2025-12-18T20:00:00,0.000,1.095,0.383,0.357,2.345,0.506
2025-12-18T21:00:00,0.000,0.000,0.473,0.508,0.927,0.214
2025-12-18T22:00:00,0.000,0.000,0.417,0.057,0.483,0.087
2025-12-18T23:00:00,0.000,0.000,0.433,0.054,0.332,0.047
2025-12-19T00:00:00,0.000,0.000,0.513,0.048,0.129,0.053
2025-12-19T01:00:00,0.000,0.000,0.419,0.053,0.042,0.056
2025-12-19T02:00:00,0.000,0.000,0.531,0.054,0.040,0.049
2025-12-19T03:00:00,0.000,0.000,0.428,0.145,0.041,0.048
2025-12-19T04:00:00,0.000,0.000,0.573,0.255,0.041,0.050
2025-12-19T05:00:00,0.000,1.150,0.469,0.255,0.041,0.056
2025-12-19T06:00:00,0.000,3.028,0.420,0.832,0.043,1.057
2025-12-19T07:00:00,0.157,10.506,0.540,0.343,1.132,1.950
2025-12-19T08:00:00,0.695,11.900,1.434,0.629,0.103,0.481
2025-12-19T09:00:00,1.232,18.378,3.328,0.222,0.036,0.051
2025-12-19T10:00:00,6.277,18.279,3.001,0.055,0.042,0.055
2025-12-19T11:00:00,6.720,17.155,2.783,0.390,0.039,0.047
2025-12-19T12:00:00,6.543,13.243,3.302,0.155,0.040,0.047
2025-12-19T13:00:00,6.103,11.661,2.736,1.431,0.040,0.051
2025-12-19T14:00:00,6.170,11.871,3.154,0.828,0.042,0.114
2025-12-19T15:00:00,6.805,11.740,3.013,0.056,0.041,0.115
2025-12-19T16:00:00,3.566,14.889,3.204,0.398,0.039,0.203
2025-12-19T17:00:00,2.166,14.397,3.467,0.078,2.214,1.679
2025-12-19T18:00:00,1.833,12.122,3.597,0.173,2.882,1.548
2025-12-19T19:00:00,1.083,8.203,1.846,0.939,1.182,1.538
2025-12-19T20:00:00,0.000,1.647,0.259,0.616,0.355,4.287
2025-12-19T21:00:00,0.000,0.000,0.191,0.581,0.411,2.116
2025-12-19T22:00:00,0.000,0.000,0.271,0.262,0.559,0.118
2025-12-19T23:00:00,0.000,0.000,0.589,0.136,0.046,0.049
2025-12-20T00:00:00,0.000,0.000,0.524,0.054,0.042,0.046
2025-12-20T01:00:00,0.000,0.000,0.519,0.055,0.039,0.056
2025-12-20T02:00:00,0.000,0.000,0.405,0.053,0.041,0.048
2025-12-20T03:00:00,0.000,0.000,0.485,0.055,0.041,0.049
2025-12-20T04:00:00,0.000,0.034,0.439,0.351,0.045,0.050
2025-12-20T05:00:00,0.000,1.375,0.451,0.383,0.042,0.052
2025-12-20T06:00:00,0.000,2.953,0.473,0.570,0.037,1.095
2025-12-20T07:00:00,0.000,8.983,0.417,0.662,0.792,1.186
2025-12-20T08:00:00,0.000,11.759,2.134,0.218,0.502,2.284
2025-12-20T09:00:00,0.000,8.102,2.569,0.060,2.480,1.540
2025-12-20T10:00:00,0.000,7.457,3.165,0.053,0.290,0.823
2025-12-20T11:00:00,0.000,6.733,3.288,0.055,0.843,2.165
2025-12-20T12:00:00,0.000,7.819,2.854,0.060,0.039,0.398
2025-12-20T13:00:00,0.000,7.136,3.004,0.058,2.884,0.171
2025-12-20T14:00:00,0.000,7.600,2.869,0.052,3.711,3.151
2025-12-20T15:00:00,0.000,6.947,3.085,0.054,1.187,2.043
2025-12-20T16:00:00,0.000,13.840,3.508,0.054,0.428,0.251
2025-12-20T17:00:00,0.000,15.524,2.690,0.788,1.874,1.490
2025-12-20T18:00:00,0.000,10.830,1.118,0.267,0.503,1.598
2025-12-20T19:00:00,0.000,3.676,1.211,0.186,0.227,1.475
2025-12-20T20:00:00,0.000,0.000,0.673,0.785,0.256,0.434
2025-12-20T21:00:00,0.000,0.000,0.220,0.475,0.286,0.693
2025-12-20T22:00:00,0.000,0.000,0.467,0.064,0.341,0.892
2025-12-20T23:00:00,0.000,0.000,0.409,0.054,0.140,0.053
2025-12-21T00:00:00,0.000,0.000,0.414,0.055,0.041,0.046
2025-12-21T01:00:00,0.000,0.000,0.442,0.054,0.042,0.056
2025-12-21T02:00:00,0.000,0.000,0.496,0.052,0.040,0.052
2025-12-21T03:00:00,0.000,0.000,0.428,0.054,0.041,0.047
2025-12-21T04:00:00,0.000,0.000,0.462,0.095,0.041,0.048
2025-12-21T05:00:00,0.000,0.090,0.462,0.092,0.041,0.047
2025-12-21T06:00:00,0.000,1.631,0.428,0.498,0.754,0.078
2025-12-21T07:00:00,0.000,6.945,0.496,0.412,0.274,1.197
2025-12-21T08:00:00,0.000,7.591,1.068,1.670,1.199,1.353
2025-12-21T09:00:00,0.000,13.467,2.710,0.203,0.487,1.178
2025-12-21T10:00:00,0.000,14.977,4.027,0.059,0.588,2.257
2025-12-21T11:00:00,0.000,18.463,4.163,0.273,0.072,1.880
2025-12-21T12:00:00,0.000,17.053,3.360,0.056,0.041,0.323
2025-12-21T13:00:00,0.000,18.893,3.330,0.804,0.255,3.043
2025-12-21T14:00:00,0.000,17.927,2.829,0.288,1.038,2.887
2025-12-21T15:00:00,0.000,16.325,2.670,0.672,0.989,2.094
2025-12-21T16:00:00,0.000,14.512,2.902,0.053,0.068,0.321
2025-12-21T17:00:00,0.000,17.470,3.147,0.054,0.054,0.312
2025-12-21T18:00:00,0.000,14.723,1.903,0.054,0.041,0.300
2025-12-21T19:00:00,0.000,12.032,0.464,0.684,1.030,1.380
2025-12-21T20:00:00,0.000,2.708,0.485,0.723,0.439,0.684
2025-12-21T21:00:00,0.000,0.000,0.439,0.151,0.691,2.204
2025-12-21T22:00:00,0.000,0.000,0.533,0.071,0.574,2.776
2025-12-21T23:00:00,0.000,0.000,0.373,0.056,0.044,1.802
2025-12-22T00:00:00,0.000,0.000,0.282,0.053,0.041,0.054
2025-12-22T01:00:00,0.000,0.000,0.362,0.053,0.041,0.050
2025-12-22T02:00:00,0.000,0.000,0.491,0.053,0.043,0.052
2025-12-22T03:00:00,0.000,0.000,0.383,0.053,0.041,0.050
2025-12-22T04:00:00,0.000,0.000,0.454,0.092,0.040,0.048
2025-12-22T05:00:00,0.000,7.733,0.374,0.082,0.041,0.047
2025-12-22T06:00:00,0.000,11.780,0.259,0.454,0.809,0.058
2025-12-22T07:00:00,0.987,7.602,0.312,0.461,0.329,1.301
2025-12-22T08:00:00,5.756,9.068,0.442,0.254,0.343,1.172
2025-12-22T09:00:00,6.737,7.610,3.095,0.551,0.081,0.420
2025-12-22T10:00:00,7.259,9.671,3.218,0.055,0.040,0.496
2025-12-22T11:00:00,5.983,13.638,3.003,0.172,0.039,0.385
2025-12-22T12:00:00,5.071,13.011,3.081,0.353,0.041,0.573
2025-12-22T13:00:00,3.757,13.026,3.005,0.817,0.041,0.399
2025-12-22T14:00:00,4.363,4.855,3.002,0.884,0.040,0.355
2025-12-22T15:00:00,6.202,11.783,2.894,1.723,0.043,0.435
2025-12-22T16:00:00,3.925,12.039,3.043,0.471,0.040,0.387
2025-12-22T17:00:00,0.267,10.778,2.923,0.053,0.163,0.358
2025-12-22T18:00:00,0.000,0.721,3.134,0.054,0.369,0.374
2025-12-22T19:00:00,0.000,0.530,0.863,0.307,1.334,1.563
2025-12-22T20:00:00,0.000,1.044,0.385,0.161,0.405,0.558
2025-12-22T21:00:00,0.000,0.178,0.248,0.244,0.637,1.157
2025-12-22T22:00:00,0.000,0.000,0.299,0.055,0.310,1.347
2025-12-22T23:00:00,0.000,0.000,0.414,0.055,0.241,0.085
2025-12-23T00:00:00,0.000,0.000,0.311,0.056,0.323,0.048
2025-12-23T01:00:00,0.000,0.000,0.294,0.056,0.258,0.048
2025-12-23T02:00:00,0.000,0.000,0.288,0.056,0.041,0.051
2025-12-23T03:00:00,0.000,0.000,0.449,0.121,0.041,0.055
2025-12-23T04:00:00,0.000,0.000,0.265,0.188,0.041,0.052
2025-12-23T05:00:00,0.000,0.000,0.426,0.090,0.040,0.047
2025-12-23T06:00:00,0.000,4.652,0.443,0.886,1.022,0.062
2025-12-23T07:00:00,0.231,8.510,0.443,0.644,0.177,3.168
2025-12-23T08:00:00,0.411,8.283,2.058,0.262,0.353,0.489
2025-12-23T09:00:00,2.144,9.513,3.190,0.068,0.171,0.348
2025-12-23T10:00:00,6.526,10.163,2.947,0.077,0.043,1.248
2025-12-23T11:00:00,5.762,13.771,3.510,0.333,0.043,0.432
2025-12-23T12:00:00,3.075,13.673,3.432,0.629,0.042,0.521
2025-12-23T13:00:00,3.040,14.140,3.521,0.207,0.041,0.369
2025-12-23T14:00:00,4.082,11.878,3.402,0.239,0.041,0.846
2025-12-23T15:00:00,4.220,6.509,3.121,0.221,0.041,0.817
2025-12-23T16:00:00,6.241,11.231,2.870,0.264,0.041,0.451
2025-12-23T17:00:00,4.177,12.767,3.386,0.253,0.039,0.327
2025-12-23T18:00:00,4.250,14.715,2.475,0.897,0.508,0.356
2025-12-23T19:00:00,2.083,5.908,0.523,1.126,0.663,1.455
2025-12-23T20:00:00,0.000,9.150,0.396,0.791,0.241,0.699
2025-12-23T21:00:00,0.000,0.050,0.537,0.352,0.371,0.462
2025-12-23T22:00:00,0.000,0.000,0.531,0.089,0.251,0.113
2025-12-23T23:00:00,0.000,0.000,0.456,0.062,0.213,0.067
2025-12-24T00:00:00,0.000,0.000,0.408,0.053,0.041,0.046
2025-12-24T01:00:00,0.000,0.000,0.624,0.054,0.038,0.047
2025-12-24T02:00:00,0.000,0.000,0.481,0.054,0.041,0.055
2025-12-24T03:00:00,0.000,0.000,0.478,0.054,0.040,0.048
2025-12-24T04:00:00,0.000,0.000,0.426,0.353,0.042,0.050
2025-12-24T05:00:00,0.000,0.240,0.428,0.256,0.041,0.049
2025-12-24T06:00:00,0.000,0.258,0.462,0.785,0.885,0.060
2025-12-24T07:00:00,0.000,6.453,0.462,0.724,0.467,1.345
2025-12-24T08:00:00,0.240,9.540,1.395,1.192,1.308,1.008
2025-12-24T09:00:00,2.107,18.503,2.442,0.171,3.060,1.224
2025-12-24T10:00:00,3.880,18.506,2.984,0.090,2.267,0.589
2025-12-24T11:00:00,2.950,18.449,3.132,2.119,0.930,1.322
2025-12-24T12:00:00,3.105,18.579,3.236,1.077,0.405,1.401
2025-12-24T13:00:00,3.945,17.489,3.527,1.297,0.533,0.297
2025-12-24T14:00:00,4.298,16.906,2.719,0.270,0.203,0.615
2025-12-24T15:00:00,4.560,16.710,2.813,0.218,0.342,3.321
2025-12-24T16:00:00,7.401,18.869,3.415,0.121,0.282,2.900
2025-12-24T17:00:00,4.998,18.510,2.065,0.498,0.297,0.670
2025-12-24T18:00:00,0.787,12.023,2.363,1.055,0.300,1.254
2025-12-24T19:00:00,0.000,6.958,1.326,0.815,0.289,0.674
2025-12-24T20:00:00,0.000,1.355,0.480,0.256,0.497,0.614
2025-12-24T21:00:00,0.000,0.294,0.427,0.462,0.368,0.399
2025-12-24T22:00:00,0.000,0.000,0.271,0.059,0.277,0.195
2025-12-24T23:00:00,0.000,0.000,0.473,0.055,0.153,0.051
2025-12-25T00:00:00,0.000,0.000,0.305,0.053,0.042,0.049
2025-12-25T01:00:00,0.000,0.000,0.265,0.053,0.041,0.054
2025-12-25T02:00:00,0.000,0.000,0.180,0.056,0.073,0.046
2025-12-25T03:00:00,0.000,0.000,0.265,0.122,0.359,0.053
2025-12-25T04:00:00,0.000,0.000,0.180,0.107,0.281,0.049
2025-12-25T05:00:00,0.000,0.000,0.265,0.093,0.309,0.047
2025-12-25T06:00:00,0.000,5.417,0.180,0.820,1.019,1.116
2025-12-25T07:00:00,0.036,17.802,0.481,0.517,0.264,1.177
2025-12-25T08:00:00,1.227,18.542,2.205,0.437,2.369,2.073
2025-12-25T09:00:00,3.417,14.913,2.519,0.179,0.394,0.688
2025-12-25T10:00:00,3.277,3.467,3.101,0.235,0.304,0.788
2025-12-25T11:00:00,4.081,4.830,2.987,0.403,1.127,0.396
2025-12-25T12:00:00,4.374,10.963,3.181,0.194,0.148,2.976
2025-12-25T13:00:00,4.260,13.713,3.147,0.820,0.619,3.213
2025-12-25T14:00:00,1.930,13.893,3.210,0.607,0.122,1.533
2025-12-25T15:00:00,5.180,11.670,3.341,0.053,0.080,1.221
2025-12-25T16:00:00,5.923,13.890,3.552,0.219,0.508,2.077
2025-12-25T17:00:00,5.239,13.500,3.034,0.211,0.428,0.667
2025-12-25T18:00:00,0.833,13.077,0.983,0.746,0.299,0.577
2025-12-25T19:00:00,0.000,10.557,0.220,0.262,0.321,0.506
2025-12-25T20:00:00,0.000,1.250,0.254,0.276,0.447,0.384
2025-12-25T21:00:00,0.000,0.000,0.282,0.352,0.382,0.289
2025-12-25T22:00:00,0.000,0.000,0.379,0.199,0.258,0.276
2025-12-25T23:00:00,0.000,0.000,0.322,0.072,0.251,0.055
2025-12-26T00:00:00,0.000,0.000,0.432,0.056,0.049,0.056
2025-12-26T01:00:00,0.000,0.000,0.259,0.056,0.040,0.050
2025-12-26T02:00:00,0.000,0.000,0.203,0.054,0.041,0.049
2025-12-26T03:00:00,0.000,0.000,0.306,0.054,0.042,0.051
2025-12-26T04:00:00,0.000,0.000,0.311,0.248,0.040,0.048
2025-12-26T05:00:00,0.000,2.592,0.374,0.328,0.040,0.047
2025-12-26T06:00:00,0.000,7.709,0.408,0.554,0.033,0.642
2025-12-26T07:00:00,2.167,7.191,0.530,0.805,0.904,1.296
2025-12-26T08:00:00,3.153,8.837,1.945,1.075,0.418,1.981
2025-12-26T09:00:00,3.183,10.577,3.073,1.426,0.959,1.694
2025-12-26T10:00:00,3.137,14.023,3.288,0.461,0.266,0.514
2025-12-26T11:00:00,2.723,14.273,3.592,0.483,0.830,0.584
2025-12-26T12:00:00,6.984,6.738,3.383,0.091,0.245,0.207
2025-12-26T13:00:00,6.540,12.378,3.304,0.053,0.133,0.214
2025-12-26T14:00:00,5.779,12.939,3.258,0.402,0.126,0.295
2025-12-26T15:00:00,6.071,12.490,3.174,0.158,0.063,0.190
2025-12-26T16:00:00,3.550,13.047,3.371,0.292,0.247,1.419
2025-12-26T17:00:00,0.427,7.787,3.481,0.238,0.348,0.256
2025-12-26T18:00:00,3.500,11.723,2.807,0.439,0.318,0.213
2025-12-26T19:00:00,0.000,14.287,0.497,0.383,0.299,0.623
2025-12-26T20:00:00,0.000,6.583,0.248,0.341,0.377,1.142
2025-12-26T21:00:00,0.000,0.000,0.197,0.276,0.522,0.589
2025-12-26T22:00:00,0.000,0.000,0.265,0.092,0.482,0.861
2025-12-26T23:00:00,0.000,0.000,0.288,0.056,0.251,0.072
2025-12-27T00:00:00,0.000,0.000,0.513,0.054,0.043,0.057
2025-12-27T01:00:00,0.000,0.000,0.360,0.055,0.043,0.051
2025-12-27T02:00:00,0.000,0.000,0.507,0.055,0.040,0.050
2025-12-27T03:00:00,0.000,0.000,0.383,0.055,0.041,0.047
2025-12-27T04:00:00,0.000,0.000,0.473,0.218,0.042,0.058
2025-12-27T05:00:00,0.000,2.179,0.417,0.255,0.039,0.046
2025-12-27T06:00:00,0.000,8.771,0.439,0.513,0.037,0.065
2025-12-27T07:00:00,0.000,7.974,0.451,0.812,0.964,1.333
2025-12-27T08:00:00,0.000,9.377,0.501,0.282,0.272,1.507
2025-12-27T09:00:00,0.000,12.274,0.940,0.255,1.341,2.131
2025-12-27T10:00:00,0.000,12.560,2.412,0.760,1.366,0.575
2025-12-27T11:00:00,0.000,8.709,3.314,0.225,1.403,5.103
2025-12-27T12:00:00,0.000,10.893,3.298,0.053,0.786,3.021
2025-12-27T13:00:00,0.000,8.140,3.367,0.201,2.285,1.244
2025-12-27T14:00:00,0.000,14.837,3.460,0.054,3.539,0.394
2025-12-27T15:00:00,0.000,10.823,3.330,0.569,2.357,0.586
2025-12-27T16:00:00,0.000,8.400,3.156,0.299,1.099,0.299
2025-12-27T17:00:00,0.000,8.115,3.202,0.918,0.299,0.307
2025-12-27T18:00:00,0.000,8.012,2.869,1.063,0.298,0.873
2025-12-27T19:00:00,0.000,9.748,1.748,0.244,0.362,2.663
2025-12-27T20:00:00,0.000,1.837,0.455,0.524,0.300,0.500
2025-12-27T21:00:00,0.000,0.000,0.214,0.358,0.446,0.387
2025-12-27T22:00:00,0.000,0.000,0.231,0.075,0.407,0.326
2025-12-27T23:00:00,0.000,0.000,0.283,0.059,0.090,0.126
2025-12-28T00:00:00,0.000,0.000,0.379,0.052,0.041,0.047
2025-12-28T01:00:00,0.000,0.000,0.513,0.054,0.041,0.049
2025-12-28T02:00:00,0.000,0.000,0.508,0.055,0.044,0.053
2025-12-28T03:00:00,0.000,0.000,0.383,0.055,0.042,0.051
2025-12-28T04:00:00,0.000,0.000,0.562,0.436,0.038,0.056
2025-12-28T05:00:00,0.000,2.656,0.451,0.174,0.038,0.049
2025-12-28T06:00:00,0.000,1.777,0.471,0.489,0.717,0.047
2025-12-28T07:00:00,0.000,3.168,0.508,0.435,0.317,1.081
2025-12-28T08:00:00,0.000,9.155,1.319,0.805,3.170,2.105
2025-12-28T09:00:00,0.000,15.992,3.376,0.212,3.694,1.467
2025-12-28T10:00:00,0.000,4.360,3.597,0.100,1.655,1.201
2025-12-28T11:00:00,0.000,11.672,3.331,0.449,1.841,2.254
2025-12-28T12:00:00,0.000,13.236,3.687,0.091,0.289,1.048
2025-12-28T13:00:00,0.000,13.263,2.779,0.056,0.046,0.124
2025-12-28T14:00:00,0.000,13.422,2.962,0.202,1.111,0.349
2025-12-28T15:00:00,0.000,14.168,3.029,0.246,0.073,0.199
2025-12-28T16:00:00,0.000,14.260,3.001,0.510,0.205,0.262
2025-12-28T17:00:00,0.000,14.041,2.710,0.096,0.297,0.397
2025-12-28T18:00:00,0.000,17.471,2.636,0.384,0.364,0.661
2025-12-28T19:00:00,0.000,16.929,2.756,0.262,0.362,1.485
2025-12-28T20:00:00,0.000,2.443,1.768,0.410,0.347,0.522
2025-12-28T21:00:00,0.000,0.000,0.191,0.346,0.257,1.372
2025-12-28T22:00:00,0.000,0.000,0.271,0.118,0.148,0.369
2025-12-28T23:00:00,0.000,0.000,0.237,0.052,0.043,0.265
2025-12-29T00:00:00,0.000,0.000,0.312,0.054,0.045,0.050
2025-12-29T01:00:00,0.000,0.000,0.444,0.053,0.041,0.052
2025-12-29T02:00:00,0.000,0.000,0.299,0.054,0.042,0.050
2025-12-29T03:00:00,0.000,0.000,0.469,0.056,0.039,0.049
2025-12-29T04:00:00,0.000,0.000,0.524,0.098,0.041,0.054
2025-12-29T05:00:00,0.000,0.242,0.371,0.088,0.041,0.050
2025-12-29T06:00:00,0.007,2.553,0.519,0.745,0.891,1.949
2025-12-29T07:00:00,0.290,7.033,0.371,1.316,1.181,1.712
2025-12-29T08:00:00,3.279,7.220,0.525,1.120,0.440,0.474
2025-12-29T09:00:00,3.165,13.890,2.780,0.900,0.037,0.166
2025-12-29T10:00:00,4.017,18.190,3.383,0.132,0.038,0.481
2025-12-29T11:00:00,3.780,18.366,3.371,0.160,0.041,0.190
2025-12-29T12:00:00,3.645,17.789,3.608,0.054,0.041,0.110
2025-12-29T13:00:00,2.226,18.451,3.511,0.301,0.042,0.160
2025-12-29T14:00:00,4.032,12.516,3.985,0.406,0.045,0.092
2025-12-29T15:00:00,3.718,11.856,3.202,0.253,0.039,0.096
2025-12-29T16:00:00,4.088,12.698,2.829,0.298,0.036,0.237
2025-12-29T17:00:00,4.494,12.347,3.235,0.099,0.143,2.051
2025-12-29T18:00:00,1.667,11.408,1.291,0.359,0.245,2.369
2025-12-29T19:00:00,0.000,7.667,0.858,0.365,0.300,1.173
2025-12-29T20:00:00,0.000,1.750,0.405,0.480,0.354,0.382
2025-12-29T21:00:00,0.000,0.000,0.485,0.609,0.886,3.059
2025-12-29T22:00:00,0.000,0.000,0.405,0.089,0.361,2.333
2025-12-29T23:00:00,0.000,0.000,0.335,0.053,0.099,0.073
2025-12-30T00:00:00,0.000,0.000,0.473,0.054,0.041,0.049
2025-12-30T01:00:00,0.000,0.000,0.271,0.055,0.041,0.049
2025-12-30T02:00:00,0.000,0.000,0.423,0.053,0.040,0.047
2025-12-30T03:00:00,0.000,0.000,0.442,0.055,0.041,0.048
2025-12-30T04:00:00,0.000,0.000,0.442,0.191,0.040,0.055
2025-12-30T05:00:00,0.000,0.000,0.541,0.256,0.042,0.051
2025-12-30T06:00:00,0.000,0.390,0.383,0.772,0.049,1.342
2025-12-30T07:00:00,0.613,8.874,0.507,0.388,1.135,2.045
2025-12-30T08:00:00,6.318,9.743,0.417,0.475,0.113,0.504
2025-12-30T09:00:00,4.840,7.007,1.216,0.349,0.035,1.209
2025-12-30T10:00:00,6.703,17.140,3.422,2.736,0.037,0.508
2025-12-30T11:00:00,6.943,18.992,3.587,0.313,0.041,0.204
2025-12-30T12:00:00,6.473,11.809,3.591,0.435,0.042,0.299
2025-12-30T13:00:00,7.090,12.713,3.317,0.136,0.041,0.093
2025-12-30T14:00:00,4.707,12.454,3.373,0.056,0.039,0.099
2025-12-30T15:00:00,3.091,18.802,3.351,0.284,0.041,0.092
2025-12-30T16:00:00,5.232,18.113,3.219,0.211,0.160,0.253
2025-12-30T17:00:00,5.667,12.113,3.296,0.942,1.570,0.651
2025-12-30T18:00:00,1.042,14.109,2.596,0.491,0.631,1.743
2025-12-30T19:00:00,0.000,11.750,1.265,0.842,1.713,1.404
2025-12-30T20:00:00,0.000,15.050,0.383,0.784,2.741,0.724
2025-12-30T21:00:00,0.000,0.833,0.541,0.495,2.497,0.287
2025-12-30T22:00:00,0.000,0.000,0.303,0.341,1.864,0.481
2025-12-30T23:00:00,0.000,0.000,0.317,0.128,0.040,0.368
2025-12-31T00:00:00,0.000,0.000,0.502,0.054,0.040,0.056
2025-12-31T01:00:00,0.000,0.000,0.323,0.053,0.040,0.049
2025-12-31T02:00:00,0.000,0.000,0.490,0.054,0.042,0.048
2025-12-31T03:00:00,0.000,0.000,0.254,0.054,0.041,0.049
2025-12-31T04:00:00,0.000,0.000,0.191,0.341,0.041,0.051
2025-12-31T05:00:00,0.000,6.277,0.282,0.214,0.041,0.058
2025-12-31T06:00:00,0.000,7.109,0.549,0.885,0.732,1.435
2025-12-31T07:00:00,0.045,8.262,0.259,0.296,1.022,1.529
2025-12-31T08:00:00,0.767,8.951,0.750,0.849,0.687,0.534
2025-12-31T09:00:00,1.168,9.027,2.734,0.194,0.281,1.260
2025-12-31T10:00:00,4.473,12.380,3.299,0.157,0.058,0.255
2025-12-31T11:00:00,4.585,17.290,3.237,0.166,0.033,0.215
2025-12-31T12:00:00,5.902,19.017,3.379,0.553,0.039,0.278
2025-12-31T13:00:00,5.781,17.990,3.290,0.056,0.042,0.146
2025-12-31T14:00:00,6.052,14.258,3.275,0.063,0.039,0.082
2025-12-31T15:00:00,6.720,10.417,3.225,0.154,0.041,0.096
2025-12-31T16:00:00,5.649,11.158,2.913,0.163,0.039,0.269
2025-12-31T17:00:00,0.855,9.663,3.673,0.782,0.039,1.986
2025-12-31T18:00:00,0.000,8.698,2.448,0.344,0.057,0.801
2025-12-31T19:00:00,0.000,0.358,1.520,0.390,0.198,1.393
2025-12-31T20:00:00,0.000,0.000,0.809,0.546,0.413,0.594
2025-12-31T21:00:00,0.000,0.000,0.259,0.263,0.474,1.227
2025-12-31T22:00:00,0.000,0.000,0.180,0.075,0.137,0.193
2025-12-31T23:00:00,0.000,0.000,0.438,0.064,0.042,0.059
