classe,residenza,periodo,giorno,ora,kwh,anno
0<potenza_impegnata<=1.5,Tutti,anno,Giorno feriale,4,0.04667947368430493,2025
0<potenza_impegnata<=1.5,Non Residente,anno,Domenica,9,0.03763077830413029,2025
0<potenza_impegnata<=1.5,Residente,anno,Sabato,21,0.10409782843192915,2025
0<potenza_impegnata<=1.5,Tutti,anno,Giorno feriale,9,0.06333270136416319,2025
0<potenza_impegnata<=1.5,Tutti,anno,Domenica,16,0.06557335877474177,2025
0<potenza_impegnata<=1.5,Tutti,anno,Sabato,0,0.06051309225790695,2025
0<potenza_impegnata<=1.5,Non Residente,anno,Domenica,22,0.04742225535706359,2025
0<potenza_impegnata<=1.5,Tutti,anno,Sabato,8,0.0628486429967029,2025
0<potenza_impegnata<=1.5,Residente,anno,Giorno feriale,16,0.08179896067743746,2025
0<potenza_impegnata<=1.5,Residente,anno,Giorno feriale,13,0.08579296957833647,2025
0<potenza_impegnata<=1.5,Tutti,anno,Sabato,13,0.06892452985712542,2025
0<potenza_impegnata<=1.5,Tutti,anno,Giorno feriale,14,0.06338995943653496,2025
0<potenza_impegnata<=1.5,Residente,anno,Domenica,19,0.11007784162489793,2025
0<potenza_impegnata<=1.5,Tutti,anno,Sabato,12,0.06875516393943094,2025
0<potenza_impegnata<=1.5,Tutti,anno,Domenica,3,0.046601223004848404,2025
0<potenza_impegnata<=1.5,Non Residente,anno,Giorno feriale,11,0.041655281732168724,2025
0<potenza_impegnata<=1.5,Non Residente,anno,Giorno feriale,16,0.04195516902173227,2025
0<potenza_impegnata<=1.5,Non Residente,anno,Sabato,21,0.04771938340657877,2025
0<potenza_impegnata<=1.5,Non Residente,anno,Sabato,6,0.03476534159009188,2025
0<potenza_impegnata<=1.5,Residente,anno,Giorno feriale,2,0.05853201031643735,2025
0<potenza_impegnata<=1.5,Tutti,anno,Domenica,10,0.06841291013367644,2025
0<potenza_impegnata<=1.5,Tutti,anno,Sabato,19,0.07824750885333985,2025
0<potenza_impegnata<=1.5,Tutti,anno,Sabato,1,0.05386728080351691,2025
0<potenza_impegnata<=1.5,Residente,anno,Domenica,5,0.05607876918792951,2025
0<potenza_impegnata<=1.5,Tutti,anno,Giorno feriale,23,0.06932503343167931,2025
0<potenza_impegnata<=1.5,Non Residente,anno,Domenica,7,0.033185584441527305,2025
0<potenza_impegnata<=1.5,Tutti,anno,Giorno feriale,0,0.06108042487467747,2025
0<potenza_impegnata<=1.5,Non Residente,anno,Domenica,17,0.04138511389507194,2025
0<potenza_impegnata<=1.5,Non Residente,anno,Domenica,10,0.04006598145717204,2025
0<potenza_impegnata<=1.5,Non Residente,anno,Giorno feriale,19,0.04941289989584895,2025
0<potenza_impegnata<=1.5,Non Residente,anno,Sabato,18,0.04528987548275403,2025
0<potenza_impegnata<=1.5,Non Residente,anno,Domenica,0,0.040473374014674456,2025
0<potenza_impegnata<=1.5,Residente,anno,Sabato,20,0.10933326615192461,2025
0<potenza_impegnata<=1.5,Non Residente,anno,Sabato,7,0.036543640964176324,2025
0<potenza_impegnata<=1.5,Residente,anno,Giorno feriale,4,0.05565491705351383,2025
0<potenza_impegnata<=1.5,Non Residente,anno,Giorno feriale,1,0.03792232256849565,2025
0<potenza_impegnata<=1.5,Non Residente,anno,Domenica,11,0.040708932455656384,2025
0<potenza_impegnata<=1.5,Residente,anno,Giorno feriale,1,0.06511662389568952,2025
0<potenza_impegnata<=1.5,Tutti,anno,Sabato,23,0.06626958114543902,2025
0<potenza_impegnata<=1.5,Tutti,anno,Sabato,22,0.0726156505678349,2025
0<potenza_impegnata<=1.5,Residente,anno,Giorno feriale,15,0.08022585374954579,2025
0<potenza_impegnata<=1.5,Non Residente,anno,Giorno feriale,9,0.04139368875360781,2025
0<potenza_impegnata<=1.5,Tutti,anno,Sabato,11,0.06749033306875077,2025
0<potenza_impegnata<=1.5,Tutti,anno,Sabato,9,0.06560211564293565,2025
0<potenza_impegnata<=1.5,Residente,anno,Domenica,3,0.05734905959545167,2025
0<potenza_impegnata<=1.5,Tutti,anno,Giorno feriale,13,0.06516871154653212,2025
0<potenza_impegnata<=1.5,Residente,anno,Domenica,18,0.09896442697097006,2025
0<potenza_impegnata<=1.5,Non Residente,anno,Giorno feriale,20,0.051369003817407874,2025
0<potenza_impegnata<=1.5,Residente,anno,Domenica,12,0.09641440926319435,2025
0<potenza_impegnata<=1.5,Non Residente,anno,Giorno feriale,22,0.04946395241444323,2025
0<potenza_impegnata<=1.5,Tutti,anno,Domenica,0,0.0597634612672729,2025
0<potenza_impegnata<=1.5,Non Residente,anno,Sabato,16,0.0416470069250233,2025
0<potenza_impegnata<=1.5,Residente,anno,Giorno feriale,5,0.058846519155890176,2025
0<potenza_impegnata<=1.5,Non Residente,anno,Sabato,1,0.03825000998801439,2025
0<potenza_impegnata<=1.5,Residente,anno,Sabato,9,0.0873238446690133,2025
0<potenza_impegnata<=1.5,Residente,anno,Sabato,12,0.09217824173952538,2025
0<potenza_impegnata<=1.5,Residente,anno,Sabato,13,0.09267007494038833,2025
0<potenza_impegnata<=1.5,Non Residente,anno,Sabato,22,0.04546858103609002,2025
0<potenza_impegnata<=1.5,Non Residente,anno,Sabato,2,0.03599586829138367,2025
0<potenza_impegnata<=1.5,Non Residente,anno,Domenica,15,0.03926020442136103,2025
0<potenza_impegnata<=1.5,Non Residente,anno,Sabato,4,0.03347891197229991,2025
0<potenza_impegnata<=1.5,Residente,anno,Sabato,22,0.0960468547746111,2025
0<potenza_impegnata<=1.5,Residente,anno,Sabato,19,0.10565933348472807,2025
0<potenza_impegnata<=1.5,Non Residente,anno,Domenica,23,0.04456600603085821,2025
0<potenza_impegnata<=1.5,Non Residente,anno,Giorno feriale,13,0.04029379977852116,2025
0<potenza_impegnata<=1.5,Non Residente,anno,Sabato,8,0.038372473032361167,2025
0<potenza_impegnata<=1.5,Tutti,anno,Sabato,6,0.04995678196360971,2025
0<potenza_impegnata<=1.5,Residente,anno,Giorno feriale,17,0.08779189342195358,2025
0<potenza_impegnata<=1.5,Residente,anno,Giorno feriale,14,0.08257679397416504,2025
0<potenza_impegnata<=1.5,Tutti,anno,Domenica,18,0.07337058064563028,2025
0<potenza_impegnata<=1.5,Tutti,anno,Sabato,18,0.07361701978263524,2025
0<potenza_impegnata<=1.5,Tutti,anno,Sabato,17,0.06923914092074734,2025
0<potenza_impegnata<=1.5,Tutti,anno,Giorno feriale,8,0.06320641779243139,2025
0<potenza_impegnata<=1.5,Residente,anno,Domenica,8,0.08012669061947476,2025
0<potenza_impegnata<=1.5,Tutti,anno,Giorno feriale,7,0.06043692202334637,2025
0<potenza_impegnata<=1.5,Tutti,anno,Giorno feriale,6,0.05351780413487318,2025
0<potenza_impegnata<=1.5,Non Residente,anno,Domenica,8,0.03449044527519358,2025
0<potenza_impegnata<=1.5,Non Residente,anno,Domenica,13,0.04020259593250005,2025
0<potenza_impegnata<=1.5,Tutti,anno,Giorno feriale,19,0.08310538985094772,2025
0<potenza_impegnata<=1.5,Tutti,anno,Giorno feriale,1,0.054028438549016115,2025
0<potenza_impegnata<=1.5,Residente,anno,Domenica,23,0.08535895567378762,2025
0<potenza_impegnata<=1.5,Tutti,anno,Giorno feriale,16,0.06429199761585316,2025
0<potenza_impegnata<=1.5,Residente,anno,Domenica,4,0.05566089744629543,2025
0<potenza_impegnata<=1.5,Non Residente,anno,Domenica,6,0.03268605847586071,2025
0<potenza_impegnata<=1.5,Residente,anno,Domenica,20,0.11254862636322839,2025
0<potenza_impegnata<=1.5,Tutti,anno,Giorno feriale,10,0.06153346806553796,2025
0<potenza_impegnata<=1.5,Tutti,anno,Domenica,8,0.059043578370441434,2025
0<potenza_impegnata<=1.5,Residente,anno,Giorno feriale,9,0.08236738145427311,2025
0<potenza_impegnata<=1.5,Tutti,anno,Domenica,5,0.045167501144863384,2025
0<potenza_impegnata<=1.5,Residente,anno,Giorno feriale,10,0.07844787272276445,2025
0<potenza_impegnata<=1.5,Non Residente,anno,Domenica,5,0.032444886453715856,2025
0<potenza_impegnata<=1.5,Residente,anno,Domenica,17,0.09253101402023284,2025
0<potenza_impegnata<=1.5,Tutti,anno,Domenica,13,0.06893774385589986,2025
0<potenza_impegnata<=1.5,Tutti,anno,Domenica,14,0.06572500534269576,2025
0<potenza_impegnata<=1.5,Tutti,anno,Domenica,21,0.07955931053783137,2025
0<potenza_impegnata<=1.5,Non Residente,anno,Domenica,14,0.03904837956357134,2025
0<potenza_impegnata<=1.5,Tutti,anno,Sabato,21,0.07803089815606301,2025
0<potenza_impegnata<=1.5,Tutti,anno,Domenica,19,0.08068894599879335,2025
0<potenza_impegnata<=1.5,Tutti,anno,Sabato,4,0.04581567346440346,2025
0<potenza_impegnata<=1.5,Residente,anno,Giorno feriale,19,0.1136226561367591,2025
0<potenza_impegnata<=1.5,Non Residente,anno,Domenica,3,0.03418920168813297,2025
0<potenza_impegnata<=1.5,Residente,anno,Giorno feriale,21,0.10863298710604703,2025
0<potenza_impegnata<=1.5,Tutti,anno,Domenica,9,0.06487165987017612,2025
0<potenza_impegnata<=1.5,Non Residente,anno,Sabato,15,0.041285850312957784,2025
0<potenza_impegnata<=1.5,Non Residente,anno,Domenica,12,0.04101231252655544,2025
0<potenza_impegnata<=1.5,Residente,anno,Domenica,0,0.07640140918749698,2025
0<potenza_impegnata<=1.5,Residente,anno,Giorno feriale,23,0.08701525690197455,2025
0<potenza_impegnata<=1.5,Non Residente,anno,Sabato,17,0.04343632640831002,2025
0<potenza_impegnata<=1.5,Residente,anno,Sabato,3,0.05784004768933803,2025
0<potenza_impegnata<=1.5,Non Residente,anno,Giorno feriale,18,0.04676560388120521,2025
0<potenza_impegnata<=1.5,Non Residente,anno,Sabato,5,0.03331975962178718,2025
0<potenza_impegnata<=1.5,Residente,anno,Giorno feriale,7,0.07924524467676233,2025
0<potenza_impegnata<=1.5,Residente,anno,Giorno feriale,8,0.08345830451151465,2025
0<potenza_impegnata<=1.5,Non Residente,anno,Sabato,3,0.034592275935544016,2025
0<potenza_impegnata<=1.5,Residente,anno,Sabato,16,0.08748677188599978,2025
0<potenza_impegnata<=1.5,Residente,anno,Sabato,18,0.09796206710571137,2025
0<potenza_impegnata<=1.5,Residente,anno,Sabato,15,0.08766436357442943,2025
0<potenza_impegnata<=1.5,Residente,anno,Sabato,14,0.09038902577495175,2025
0<potenza_impegnata<=1.5,Non Residente,anno,Giorno feriale,15,0.040503004897899576,2025
0<potenza_impegnata<=1.5,Residente,anno,Sabato,10,0.08600564323833314,2025
0<potenza_impegnata<=1.5,Non Residente,anno,Sabato,23,0.04364995005992809,2025
0<potenza_impegnata<=1.5,Residente,anno,Sabato,17,0.09142550811854208,2025
0<potenza_impegnata<=1.5,Residente,anno,Sabato,11,0.089140745997502,2025
0<potenza_impegnata<=1.5,Non Residente,anno,Sabato,20,0.048048784791583435,2025
0<potenza_impegnata<=1.5,Non Residente,anno,Sabato,19,0.0463077740045279,2025
0<potenza_impegnata<=1.5,Residente,anno,Sabato,1,0.06732445497899398,2025
0<potenza_impegnata<=1.5,Non Residente,anno,Giorno feriale,14,0.03967994584364825,2025
0<potenza_impegnata<=1.5,Residente,anno,Sabato,0,0.07692581185420687,2025
0<potenza_impegnata<=1.5,Non Residente,anno,Giorno feriale,17,0.044204665209540174,2025
0<potenza_impegnata<=1.5,Non Residente,anno,Domenica,16,0.03970940316065166,2025
0<potenza_impegnata<=1.5,Residente,anno,Sabato,23,0.08572264108095833,2025
0<potenza_impegnata<=1.5,Residente,anno,Sabato,5,0.05734987509935279,2025
0<potenza_impegnata<=1.5,Residente,anno,Giorno feriale,6,0.06746546177968134,2025
0<potenza_impegnata<=1.5,Residente,anno,Sabato,2,0.06081079822868173,2025
0<potenza_impegnata<=1.5,Non Residente,anno,Domenica,21,0.049825095123946506,2025
0<potenza_impegnata<=1.5,Residente,anno,Sabato,4,0.05633207959577608,2025
0<potenza_impegnata<=1.5,Non Residente,anno,Domenica,2,0.03495177406160228,2025
0<potenza_impegnata<=1.5,Residente,anno,Giorno feriale,3,0.05570732794676952,2025
0<potenza_impegnata<=1.5,Non Residente,anno,Giorno feriale,12,0.041070582186271715,2025
0<potenza_impegnata<=1.5,Residente,anno,Sabato,6,0.0629854547519019,2025
0<potenza_impegnata<=1.5,Residente,anno,Sabato,7,0.07323808050414442,2025
0<potenza_impegnata<=1.5,Residente,anno,Sabato,8,0.08379128817985694,2025
0<potenza_impegnata<=1.5,Residente,anno,Giorno feriale,22,0.09853300388341533,2025
0<potenza_impegnata<=1.5,Residente,anno,Domenica,9,0.0882848667456082,2025
0<potenza_impegnata<=1.5,Residente,anno,Giorno feriale,20,0.11726827827637104,2025
0<potenza_impegnata<=1.5,Tutti,anno,Domenica,11,0.06984944239701682,2025
0<potenza_impegnata<=1.5,Non Residente,anno,Sabato,14,0.0410676721267812,2025
0<potenza_impegnata<=1.5,Tutti,anno,Domenica,12,0.07082179921640462,2025
0<potenza_impegnata<=1.5,Non Residente,anno,Domenica,20,0.04919857060416389,2025
0<potenza_impegnata<=1.5,Residente,anno,Domenica,16,0.08779807255592142,2025
0<potenza_impegnata<=1.5,Residente,anno,Giorno feriale,18,0.09878852261766845,2025
0<potenza_impegnata<=1.5,Non Residente,anno,Giorno feriale,10,0.04158514876251309,2025
0<potenza_impegnata<=1.5,Tutti,anno,Sabato,3,0.04709916809134204,2025
0<potenza_impegnata<=1.5,Residente,anno,Domenica,13,0.09364230184863771,2025
0<potenza_impegnata<=1.5,Non Residente,anno,Giorno feriale,21,0.051870164527919004,2025
0<potenza_impegnata<=1.5,Non Residente,anno,Domenica,4,0.032979529009632885,2025
0<potenza_impegnata<=1.5,Residente,anno,Domenica,14,0.08870682871309078,2025
0<potenza_impegnata<=1.5,Tutti,anno,Domenica,20,0.08326797660844217,2025
0<potenza_impegnata<=1.5,Tutti,anno,Domenica,15,0.06519145146869616,2025
0<potenza_impegnata<=1.5,Residente,anno,Domenica,15,0.0874632710992879,2025
0<potenza_impegnata<=1.5,Residente,anno,Domenica,11,0.09489599398746668,2025
0<potenza_impegnata<=1.5,Tutti,anno,Domenica,22,0.07342585828408603,2025
0<potenza_impegnata<=1.5,Residente,anno,Giorno feriale,12,0.08484731908564086,2025
0<potenza_impegnata<=1.5,Tutti,anno,Sabato,16,0.06634229301502015,2025
0<potenza_impegnata<=1.5,Non Residente,anno,Giorno feriale,23,0.04594936394287229,2025
0<potenza_impegnata<=1.5,Tutti,anno,Sabato,15,0.06622508548052265,2025
0<potenza_impegnata<=1.5,Residente,anno,Giorno feriale,11,0.0808038184051806,2025
0<potenza_impegnata<=1.5,Tutti,anno,Sabato,14,0.06754910856026378,2025
0<potenza_impegnata<=1.5,Non Residente,anno,Giorno feriale,0,0.04209077423708118,2025
0<potenza_impegnata<=1.5,Non Residente,anno,Giorno feriale,2,0.035870087367196435,2025
0<potenza_impegnata<=1.5,Tutti,anno,Sabato,10,0.0653075909756991,2025
0<potenza_impegnata<=1.5,Residente,anno,Giorno feriale,0,0.0748627369352164,2025
0<potenza_impegnata<=1.5,Non Residente,anno,Domenica,18,0.04358185764384326,2025
0<potenza_impegnata<=1.5,Non Residente,anno,Giorno feriale,3,0.03473010332750812,2025
0<potenza_impegnata<=1.5,Residente,anno,Domenica,7,0.06840285730506578,2025
0<potenza_impegnata<=1.5,Tutti,anno,Giorno feriale,5,0.04843868256207346,2025
0<potenza_impegnata<=1.5,Residente,anno,Domenica,6,0.06021928714712864,2025
0<potenza_impegnata<=1.5,Tutti,anno,Giorno feriale,2,0.04955835649196704,2025
0<potenza_impegnata<=1.5,Non Residente,anno,Giorno feriale,4,0.03375851931461249,2025
0<potenza_impegnata<=1.5,Non Residente,anno,Giorno feriale,5,0.034422991940783784,2025
0<potenza_impegnata<=1.5,Residente,anno,Domenica,2,0.05997528089128236,2025
0<potenza_impegnata<=1.5,Tutti,anno,Giorno feriale,18,0.07439915803987814,2025
0<potenza_impegnata<=1.5,Tutti,anno,Giorno feriale,17,0.06799221312474027,2025
0<potenza_impegnata<=1.5,Tutti,anno,Giorno feriale,20,0.08651830127956837,2025
0<potenza_impegnata<=1.5,Non Residente,anno,Giorno feriale,6,0.03685811111605239,2025
0<potenza_impegnata<=1.5,Tutti,anno,Giorno feriale,21,0.08291625735276012,2025
0<potenza_impegnata<=1.5,Tutti,anno,Giorno feriale,15,0.06265573504511368,2025
0<potenza_impegnata<=1.5,Tutti,anno,Giorno feriale,22,0.07693242559019126,2025
0<potenza_impegnata<=1.5,Residente,anno,Domenica,22,0.09574677610342423,2025
0<potenza_impegnata<=1.5,Non Residente,anno,Domenica,1,0.03724232872933432,2025
0<potenza_impegnata<=1.5,Non Residente,anno,Giorno feriale,7,0.03950814397551765,2025
0<potenza_impegnata<=1.5,Tutti,anno,Giorno feriale,3,0.047409169227589566,2025
0<potenza_impegnata<=1.5,Residente,anno,Domenica,21,0.1051501837012766,2025
0<potenza_impegnata<=1.5,Tutti,anno,Giorno feriale,12,0.06499917005709077,2025
0<potenza_impegnata<=1.5,Tutti,anno,Giorno feriale,11,0.06292499082471203,2025
0<potenza_impegnata<=1.5,Non Residente,anno,Giorno feriale,8,0.04035440574878678,2025
0<potenza_impegnata<=1.5,Residente,anno,Domenica,1,0.06755469337161457,2025
0<potenza_impegnata<=1.5,Non Residente,anno,Sabato,0,0.04149176321747237,2025
0<potenza_impegnata<=1.5,Tutti,anno,Domenica,7,0.052103993065398965,2025
0<potenza_impegnata<=1.5,Tutti,anno,Domenica,6,0.04747981609496187,2025
0<potenza_impegnata<=1.5,Non Residente,anno,Sabato,9,0.0403508689572513,2025
0<potenza_impegnata<=1.5,Tutti,anno,Domenica,4,0.045191793910053714,2025
0<potenza_impegnata<=1.5,Residente,anno,Domenica,10,0.0928091369419347,2025
0<potenza_impegnata<=1.5,Non Residente,anno,Domenica,19,0.046409057860725855,2025
0<potenza_impegnata<=1.5,Tutti,anno,Domenica,2,0.04838267541851118,2025
0<potenza_impegnata<=1.5,Tutti,anno,Domenica,23,0.06649637932413083,2025
0<potenza_impegnata<=1.5,Non Residente,anno,Sabato,10,0.04117461046743907,2025
0<potenza_impegnata<=1.5,Non Residente,anno,Sabato,11,0.04215283326674657,2025
0<potenza_impegnata<=1.5,Tutti,anno,Domenica,17,0.0688974324530606,2025
0<potenza_impegnata<=1.5,Tutti,anno,Sabato,20,0.08097081145439003,2025
0<potenza_impegnata<=1.5,Tutti,anno,Domenica,1,0.05356005335426798,2025
0<potenza_impegnata<=1.5,Non Residente,anno,Sabato,12,0.04148069316819816,2025
0<potenza_impegnata<=1.5,Tutti,anno,Sabato,2,0.04934526346318232,2025
0<potenza_impegnata<=1.5,Tutti,anno,Sabato,5,0.04630166687019172,2025
0<potenza_impegnata<=1.5,Non Residente,anno,Sabato,13,0.04135336596084698,2025
0<potenza_impegnata<=1.5,Tutti,anno,Sabato,7,0.05630323757479546,2025
0<potenza_impegnata<=1.5,Non Residente,01,Domenica,0,0.043000000000000003,2025
0<potenza_impegnata<=1.5,Non Residente,01,Domenica,9,0.042333333333333334,2025
0<potenza_impegnata<=1.5,Non Residente,01,Domenica,10,0.04583333333333334,2025
0<potenza_impegnata<=1.5,Non Residente,01,Domenica,11,0.04683333333333334,2025
0<potenza_impegnata<=1.5,Non Residente,01,Domenica,12,0.04883333333333333,2025
0<potenza_impegnata<=1.5,Non Residente,01,Domenica,13,0.048499999999999995,2025
0<potenza_impegnata<=1.5,Non Residente,01,Domenica,14,0.04650000000000001,2025
0<potenza_impegnata<=1.5,Non Residente,01,Domenica,15,0.04633333333333334,2025
0<potenza_impegnata<=1.5,Non Residente,01,Domenica,16,0.04883333333333333,2025
0<potenza_impegnata<=1.5,Non Residente,01,Domenica,17,0.05366666666666667,2025
0<potenza_impegnata<=1.5,Non Residente,01,Domenica,18,0.05783333333333333,2025
0<potenza_impegnata<=1.5,Non Residente,01,Domenica,1,0.03983333333333333,2025
0<potenza_impegnata<=1.5,Non Residente,01,Domenica,19,0.058166666666666665,2025
0<potenza_impegnata<=1.5,Non Residente,01,Domenica,20,0.057499999999999996,2025
0<potenza_impegnata<=1.5,Non Residente,01,Domenica,21,0.057,2025
0<potenza_impegnata<=1.5,Non Residente,01,Domenica,22,0.051,2025
0<potenza_impegnata<=1.5,Non Residente,01,Domenica,23,0.04733333333333333,2025
0<potenza_impegnata<=1.5,Non Residente,01,Domenica,2,0.03833333333333334,2025
0<potenza_impegnata<=1.5,Non Residente,01,Domenica,3,0.036166666666666666,2025
0<potenza_impegnata<=1.5,Non Residente,01,Domenica,4,0.036,2025
0<potenza_impegnata<=1.5,Non Residente,01,Domenica,5,0.0355,2025
0<potenza_impegnata<=1.5,Non Residente,01,Domenica,6,0.0385,2025
0<potenza_impegnata<=1.5,Non Residente,01,Domenica,7,0.04066666666666666,2025
0<potenza_impegnata<=1.5,Non Residente,01,Domenica,8,0.04066666666666666,2025
0<potenza_impegnata<=1.5,Non Residente,01,Giorno feriale,0,0.04371428571428571,2025
0<potenza_impegnata<=1.5,Non Residente,01,Giorno feriale,9,0.04980952380952381,2025
0<potenza_impegnata<=1.5,Non Residente,01,Giorno feriale,10,0.05,2025
0<potenza_impegnata<=1.5,Non Residente,01,Giorno feriale,11,0.05052380952380952,2025
0<potenza_impegnata<=1.5,Non Residente,01,Giorno feriale,12,0.050095238095238095,2025
0<potenza_impegnata<=1.5,Non Residente,01,Giorno feriale,13,0.04861904761904762,2025
0<potenza_impegnata<=1.5,Non Residente,01,Giorno feriale,14,0.04728571428571429,2025
0<potenza_impegnata<=1.5,Non Residente,01,Giorno feriale,15,0.04814285714285715,2025
0<potenza_impegnata<=1.5,Non Residente,01,Giorno feriale,16,0.05052380952380952,2025
0<potenza_impegnata<=1.5,Non Residente,01,Giorno feriale,17,0.056380952380952386,2025
0<potenza_impegnata<=1.5,Non Residente,01,Giorno feriale,18,0.06042857142857142,2025
0<potenza_impegnata<=1.5,Non Residente,01,Giorno feriale,1,0.039142857142857146,2025
0<potenza_impegnata<=1.5,Non Residente,01,Giorno feriale,19,0.06219047619047619,2025
0<potenza_impegnata<=1.5,Non Residente,01,Giorno feriale,20,0.06104761904761905,2025
0<potenza_impegnata<=1.5,Non Residente,01,Giorno feriale,21,0.05780952380952381,2025
0<potenza_impegnata<=1.5,Non Residente,01,Giorno feriale,22,0.053,2025
0<potenza_impegnata<=1.5,Non Residente,01,Giorno feriale,23,0.04857142857142857,2025
0<potenza_impegnata<=1.5,Non Residente,01,Giorno feriale,2,0.036571428571428574,2025
0<potenza_impegnata<=1.5,Non Residente,01,Giorno feriale,3,0.035571428571428566,2025
0<potenza_impegnata<=1.5,Non Residente,01,Giorno feriale,4,0.035142857142857135,2025
0<potenza_impegnata<=1.5,Non Residente,01,Giorno feriale,5,0.03638095238095238,2025
0<potenza_impegnata<=1.5,Non Residente,01,Giorno feriale,6,0.04238095238095238,2025
0<potenza_impegnata<=1.5,Non Residente,01,Giorno feriale,7,0.048714285714285724,2025
0<potenza_impegnata<=1.5,Non Residente,01,Giorno feriale,8,0.05023809523809525,2025
0<potenza_impegnata<=1.5,Non Residente,01,Sabato,0,0.04225,2025
0<potenza_impegnata<=1.5,Non Residente,01,Sabato,9,0.04625,2025
0<potenza_impegnata<=1.5,Non Residente,01,Sabato,10,0.04775,2025
0<potenza_impegnata<=1.5,Non Residente,01,Sabato,11,0.05,2025
0<potenza_impegnata<=1.5,Non Residente,01,Sabato,12,0.048,2025
0<potenza_impegnata<=1.5,Non Residente,01,Sabato,13,0.048,2025
0<potenza_impegnata<=1.5,Non Residente,01,Sabato,14,0.04825,2025
0<potenza_impegnata<=1.5,Non Residente,01,Sabato,15,0.0485,2025
0<potenza_impegnata<=1.5,Non Residente,01,Sabato,16,0.049,2025
0<potenza_impegnata<=1.5,Non Residente,01,Sabato,17,0.055,2025
0<potenza_impegnata<=1.5,Non Residente,01,Sabato,18,0.05875,2025
0<potenza_impegnata<=1.5,Non Residente,01,Sabato,1,0.0395,2025
0<potenza_impegnata<=1.5,Non Residente,01,Sabato,19,0.059,2025
0<potenza_impegnata<=1.5,Non Residente,01,Sabato,20,0.0565,2025
0<potenza_impegnata<=1.5,Non Residente,01,Sabato,21,0.0545,2025
0<potenza_impegnata<=1.5,Non Residente,01,Sabato,22,0.04975,2025
0<potenza_impegnata<=1.5,Non Residente,01,Sabato,23,0.046,2025
0<potenza_impegnata<=1.5,Non Residente,01,Sabato,2,0.037,2025
0<potenza_impegnata<=1.5,Non Residente,01,Sabato,3,0.03575,2025
0<potenza_impegnata<=1.5,Non Residente,01,Sabato,4,0.035,2025
0<potenza_impegnata<=1.5,Non Residente,01,Sabato,5,0.03525,2025
0<potenza_impegnata<=1.5,Non Residente,01,Sabato,6,0.03925,2025
0<potenza_impegnata<=1.5,Non Residente,01,Sabato,7,0.0425,2025
0<potenza_impegnata<=1.5,Non Residente,01,Sabato,8,0.04525,2025
0<potenza_impegnata<=1.5,Residente,01,Domenica,0,0.07616666666666667,2025
0<potenza_impegnata<=1.5,Residente,01,Domenica,9,0.09733333333333333,2025
0<potenza_impegnata<=1.5,Residente,01,Domenica,10,0.10266666666666667,2025
0<potenza_impegnata<=1.5,Residente,01,Domenica,11,0.10583333333333333,2025
0<potenza_impegnata<=1.5,Residente,01,Domenica,12,0.10716666666666667,2025
0<potenza_impegnata<=1.5,Residente,01,Domenica,13,0.10333333333333333,2025
0<potenza_impegnata<=1.5,Residente,01,Domenica,14,0.09749999999999999,2025
0<potenza_impegnata<=1.5,Residente,01,Domenica,15,0.09683333333333333,2025
0<potenza_impegnata<=1.5,Residente,01,Domenica,16,0.09616666666666666,2025
0<potenza_impegnata<=1.5,Residente,01,Domenica,17,0.1055,2025
0<potenza_impegnata<=1.5,Residente,01,Domenica,18,0.11599999999999999,2025
0<potenza_impegnata<=1.5,Residente,01,Domenica,1,0.06766666666666667,2025
0<potenza_impegnata<=1.5,Residente,01,Domenica,19,0.12583333333333332,2025
0<potenza_impegnata<=1.5,Residente,01,Domenica,20,0.12483333333333334,2025
0<potenza_impegnata<=1.5,Residente,01,Domenica,21,0.11366666666666668,2025
0<potenza_impegnata<=1.5,Residente,01,Domenica,22,0.09933333333333333,2025
0<potenza_impegnata<=1.5,Residente,01,Domenica,23,0.0855,2025
0<potenza_impegnata<=1.5,Residente,01,Domenica,2,0.06033333333333333,2025
0<potenza_impegnata<=1.5,Residente,01,Domenica,3,0.056,2025
0<potenza_impegnata<=1.5,Residente,01,Domenica,4,0.05516666666666667,2025
0<potenza_impegnata<=1.5,Residente,01,Domenica,5,0.05583333333333334,2025
0<potenza_impegnata<=1.5,Residente,01,Domenica,6,0.06183333333333333,2025
0<potenza_impegnata<=1.5,Residente,01,Domenica,7,0.07283333333333333,2025
0<potenza_impegnata<=1.5,Residente,01,Domenica,8,0.08883333333333333,2025
0<potenza_impegnata<=1.5,Residente,01,Giorno feriale,0,0.07466666666666667,2025
0<potenza_impegnata<=1.5,Residente,01,Giorno feriale,9,0.0919047619047619,2025
0<potenza_impegnata<=1.5,Residente,01,Giorno feriale,10,0.08600000000000001,2025
0<potenza_impegnata<=1.5,Residente,01,Giorno feriale,11,0.08814285714285715,2025
0<potenza_impegnata<=1.5,Residente,01,Giorno feriale,12,0.09376190476190478,2025
0<potenza_impegnata<=1.5,Residente,01,Giorno feriale,13,0.09376190476190477,2025
0<potenza_impegnata<=1.5,Residente,01,Giorno feriale,14,0.09028571428571427,2025
0<potenza_impegnata<=1.5,Residente,01,Giorno feriale,15,0.08576190476190476,2025
0<potenza_impegnata<=1.5,Residente,01,Giorno feriale,16,0.08685714285714285,2025
0<potenza_impegnata<=1.5,Residente,01,Giorno feriale,17,0.09976190476190477,2025
0<potenza_impegnata<=1.5,Residente,01,Giorno feriale,18,0.11176190476190476,2025
0<potenza_impegnata<=1.5,Residente,01,Giorno feriale,1,0.06376190476190476,2025
0<potenza_impegnata<=1.5,Residente,01,Giorno feriale,19,0.1264761904761905,2025
0<potenza_impegnata<=1.5,Residente,01,Giorno feriale,20,0.12547619047619046,2025
0<potenza_impegnata<=1.5,Residente,01,Giorno feriale,21,0.11457142857142856,2025
0<potenza_impegnata<=1.5,Residente,01,Giorno feriale,22,0.10242857142857142,2025
0<potenza_impegnata<=1.5,Residente,01,Giorno feriale,23,0.08838095238095238,2025
0<potenza_impegnata<=1.5,Residente,01,Giorno feriale,2,0.056904761904761895,2025
0<potenza_impegnata<=1.5,Residente,01,Giorno feriale,3,0.05385714285714286,2025
0<potenza_impegnata<=1.5,Residente,01,Giorno feriale,4,0.05514285714285714,2025
0<potenza_impegnata<=1.5,Residente,01,Giorno feriale,5,0.058714285714285705,2025
0<potenza_impegnata<=1.5,Residente,01,Giorno feriale,6,0.07171428571428573,2025
0<potenza_impegnata<=1.5,Residente,01,Giorno feriale,7,0.08838095238095238,2025
0<potenza_impegnata<=1.5,Residente,01,Giorno feriale,8,0.09447619047619048,2025
0<potenza_impegnata<=1.5,Residente,01,Sabato,0,0.0735,2025
0<potenza_impegnata<=1.5,Residente,01,Sabato,9,0.1,2025
0<potenza_impegnata<=1.5,Residente,01,Sabato,10,0.09525,2025
0<potenza_impegnata<=1.5,Residente,01,Sabato,11,0.09675,2025
0<potenza_impegnata<=1.5,Residente,01,Sabato,12,0.1005,2025
0<potenza_impegnata<=1.5,Residente,01,Sabato,13,0.099,2025
0<potenza_impegnata<=1.5,Residente,01,Sabato,14,0.09975,2025
0<potenza_impegnata<=1.5,Residente,01,Sabato,15,0.09575,2025
0<potenza_impegnata<=1.5,Residente,01,Sabato,16,0.09475,2025
0<potenza_impegnata<=1.5,Residente,01,Sabato,17,0.10375,2025
0<potenza_impegnata<=1.5,Residente,01,Sabato,18,0.11275,2025
0<potenza_impegnata<=1.5,Residente,01,Sabato,1,0.06225,2025
0<potenza_impegnata<=1.5,Residente,01,Sabato,19,0.123,2025
0<potenza_impegnata<=1.5,Residente,01,Sabato,20,0.1225,2025
0<potenza_impegnata<=1.5,Residente,01,Sabato,21,0.112,2025
0<potenza_impegnata<=1.5,Residente,01,Sabato,22,0.099,2025
0<potenza_impegnata<=1.5,Residente,01,Sabato,23,0.08525,2025
0<potenza_impegnata<=1.5,Residente,01,Sabato,2,0.0565,2025
0<potenza_impegnata<=1.5,Residente,01,Sabato,3,0.05475,2025
0<potenza_impegnata<=1.5,Residente,01,Sabato,4,0.055,2025
0<potenza_impegnata<=1.5,Residente,01,Sabato,5,0.05525,2025
0<potenza_impegnata<=1.5,Residente,01,Sabato,6,0.06525,2025
0<potenza_impegnata<=1.5,Residente,01,Sabato,7,0.0805,2025
0<potenza_impegnata<=1.5,Residente,01,Sabato,8,0.094,2025
0<potenza_impegnata<=1.5,Tutti,01,Domenica,0,0.06083333333333333,2025
0<potenza_impegnata<=1.5,Tutti,01,Domenica,9,0.072,2025
0<potenza_impegnata<=1.5,Tutti,01,Domenica,10,0.0765,2025
0<potenza_impegnata<=1.5,Tutti,01,Domenica,11,0.07883333333333332,2025
0<potenza_impegnata<=1.5,Tutti,01,Domenica,12,0.08033333333333333,2025
0<potenza_impegnata<=1.5,Tutti,01,Domenica,13,0.07816666666666666,2025
0<potenza_impegnata<=1.5,Tutti,01,Domenica,14,0.074,2025
0<potenza_impegnata<=1.5,Tutti,01,Domenica,15,0.07366666666666667,2025
0<potenza_impegnata<=1.5,Tutti,01,Domenica,16,0.07433333333333333,2025
0<potenza_impegnata<=1.5,Tutti,01,Domenica,17,0.08166666666666667,2025
0<potenza_impegnata<=1.5,Tutti,01,Domenica,18,0.08933333333333333,2025
0<potenza_impegnata<=1.5,Tutti,01,Domenica,1,0.055,2025
0<potenza_impegnata<=1.5,Tutti,01,Domenica,19,0.09483333333333333,2025
0<potenza_impegnata<=1.5,Tutti,01,Domenica,20,0.09399999999999999,2025
0<potenza_impegnata<=1.5,Tutti,01,Domenica,21,0.08766666666666667,2025
0<potenza_impegnata<=1.5,Tutti,01,Domenica,22,0.07716666666666668,2025
0<potenza_impegnata<=1.5,Tutti,01,Domenica,23,0.06799999999999999,2025
0<potenza_impegnata<=1.5,Tutti,01,Domenica,2,0.050166666666666665,2025
0<potenza_impegnata<=1.5,Tutti,01,Domenica,3,0.04683333333333334,2025
0<potenza_impegnata<=1.5,Tutti,01,Domenica,4,0.04633333333333334,2025
0<potenza_impegnata<=1.5,Tutti,01,Domenica,5,0.04650000000000001,2025
0<potenza_impegnata<=1.5,Tutti,01,Domenica,6,0.051166666666666666,2025
0<potenza_impegnata<=1.5,Tutti,01,Domenica,7,0.057999999999999996,2025
0<potenza_impegnata<=1.5,Tutti,01,Domenica,8,0.06666666666666667,2025
0<potenza_impegnata<=1.5,Tutti,01,Giorno feriale,0,0.060428571428571436,2025
0<potenza_impegnata<=1.5,Tutti,01,Giorno feriale,9,0.07261904761904762,2025
0<potenza_impegnata<=1.5,Tutti,01,Giorno feriale,10,0.06957142857142856,2025
0<potenza_impegnata<=1.5,Tutti,01,Giorno feriale,11,0.07095238095238095,2025
0<potenza_impegnata<=1.5,Tutti,01,Giorno feriale,12,0.07385714285714287,2025
0<potenza_impegnata<=1.5,Tutti,01,Giorno feriale,13,0.0730952380952381,2025
0<potenza_impegnata<=1.5,Tutti,01,Giorno feriale,14,0.07057142857142858,2025
0<potenza_impegnata<=1.5,Tutti,01,Giorno feriale,15,0.06847619047619048,2025
0<potenza_impegnata<=1.5,Tutti,01,Giorno feriale,16,0.0701904761904762,2025
0<potenza_impegnata<=1.5,Tutti,01,Giorno feriale,17,0.0799047619047619,2025
0<potenza_impegnata<=1.5,Tutti,01,Giorno feriale,18,0.0881904761904762,2025
0<potenza_impegnata<=1.5,Tutti,01,Giorno feriale,1,0.05247619047619047,2025
0<potenza_impegnata<=1.5,Tutti,01,Giorno feriale,19,0.097,2025
0<potenza_impegnata<=1.5,Tutti,01,Giorno feriale,20,0.09595238095238096,2025
0<potenza_impegnata<=1.5,Tutti,01,Giorno feriale,21,0.08852380952380952,2025
0<potenza_impegnata<=1.5,Tutti,01,Giorno feriale,22,0.07971428571428571,2025
0<potenza_impegnata<=1.5,Tutti,01,Giorno feriale,23,0.07014285714285715,2025
0<potenza_impegnata<=1.5,Tutti,01,Giorno feriale,2,0.04757142857142857,2025
0<potenza_impegnata<=1.5,Tutti,01,Giorno feriale,3,0.045476190476190476,2025
0<potenza_impegnata<=1.5,Tutti,01,Giorno feriale,4,0.04595238095238095,2025
0<potenza_impegnata<=1.5,Tutti,01,Giorno feriale,5,0.048428571428571425,2025
0<potenza_impegnata<=1.5,Tutti,01,Giorno feriale,6,0.05828571428571429,2025
0<potenza_impegnata<=1.5,Tutti,01,Giorno feriale,7,0.07014285714285713,2025
0<potenza_impegnata<=1.5,Tutti,01,Giorno feriale,8,0.0741904761904762,2025
0<potenza_impegnata<=1.5,Tutti,01,Sabato,0,0.05925,2025
0<potenza_impegnata<=1.5,Tutti,01,Sabato,9,0.0755,2025
0<potenza_impegnata<=1.5,Tutti,01,Sabato,10,0.0735,2025
0<potenza_impegnata<=1.5,Tutti,01,Sabato,11,0.07525,2025
0<potenza_impegnata<=1.5,Tutti,01,Sabato,12,0.0765,2025
0<potenza_impegnata<=1.5,Tutti,01,Sabato,13,0.0755,2025
0<potenza_impegnata<=1.5,Tutti,01,Sabato,14,0.076,2025
0<potenza_impegnata<=1.5,Tutti,01,Sabato,15,0.074,2025
0<potenza_impegnata<=1.5,Tutti,01,Sabato,16,0.07375,2025
0<potenza_impegnata<=1.5,Tutti,01,Sabato,17,0.08125,2025
0<potenza_impegnata<=1.5,Tutti,01,Sabato,18,0.088,2025
0<potenza_impegnata<=1.5,Tutti,01,Sabato,1,0.05175,2025
0<potenza_impegnata<=1.5,Tutti,01,Sabato,19,0.0935,2025
0<potenza_impegnata<=1.5,Tutti,01,Sabato,20,0.09225,2025
0<potenza_impegnata<=1.5,Tutti,01,Sabato,21,0.0855,2025
0<potenza_impegnata<=1.5,Tutti,01,Sabato,22,0.0765,2025
0<potenza_impegnata<=1.5,Tutti,01,Sabato,23,0.06725,2025
0<potenza_impegnata<=1.5,Tutti,01,Sabato,2,0.0475,2025
0<potenza_impegnata<=1.5,Tutti,01,Sabato,3,0.046,2025
0<potenza_impegnata<=1.5,Tutti,01,Sabato,4,0.046,2025
0<potenza_impegnata<=1.5,Tutti,01,Sabato,5,0.046,2025
0<potenza_impegnata<=1.5,Tutti,01,Sabato,6,0.05325,2025
0<potenza_impegnata<=1.5,Tutti,01,Sabato,7,0.06325,2025
0<potenza_impegnata<=1.5,Tutti,01,Sabato,8,0.07175,2025
0<potenza_impegnata<=1.5,Residente,02,Giorno feriale,20,0.1286,2025
0<potenza_impegnata<=1.5,Non Residente,02,Sabato,6,0.039,2025
0<potenza_impegnata<=1.5,Residente,02,Sabato,11,0.10575,2025
0<potenza_impegnata<=1.5,Tutti,02,Giorno feriale,6,0.058499999999999996,2025
0<potenza_impegnata<=1.5,Residente,02,Giorno feriale,8,0.09135,2025
0<potenza_impegnata<=1.5,Non Residente,02,Giorno feriale,12,0.0509,2025
0<potenza_impegnata<=1.5,Tutti,02,Domenica,23,0.0705,2025
0<potenza_impegnata<=1.5,Residente,02,Sabato,12,0.1065,2025
0<potenza_impegnata<=1.5,Non Residente,02,Domenica,11,0.05,2025
0<potenza_impegnata<=1.5,Non Residente,02,Domenica,0,0.04225,2025
0<potenza_impegnata<=1.5,Non Residente,02,Domenica,23,0.0475,2025
0<potenza_impegnata<=1.5,Tutti,02,Giorno feriale,21,0.08990000000000001,2025
0<potenza_impegnata<=1.5,Residente,02,Domenica,6,0.0615,2025
0<potenza_impegnata<=1.5,Residente,02,Giorno feriale,12,0.09095,2025
0<potenza_impegnata<=1.5,Tutti,02,Domenica,16,0.07525,2025
0<potenza_impegnata<=1.5,Residente,02,Domenica,19,0.12975,2025
0<potenza_impegnata<=1.5,Residente,02,Sabato,14,0.104,2025
0<potenza_impegnata<=1.5,Residente,02,Sabato,15,0.099,2025
0<potenza_impegnata<=1.5,Residente,02,Giorno feriale,21,0.11655,2025
0<potenza_impegnata<=1.5,Non Residente,02,Domenica,16,0.05025,2025
0<potenza_impegnata<=1.5,Non Residente,02,Sabato,2,0.0385,2025
0<potenza_impegnata<=1.5,Residente,02,Giorno feriale,0,0.075,2025
0<potenza_impegnata<=1.5,Tutti,02,Giorno feriale,8,0.07235,2025
0<potenza_impegnata<=1.5,Tutti,02,Sabato,18,0.08975,2025
0<potenza_impegnata<=1.5,Non Residente,02,Sabato,12,0.04975,2025
0<potenza_impegnata<=1.5,Tutti,02,Sabato,7,0.06125,2025
0<potenza_impegnata<=1.5,Tutti,02,Domenica,21,0.08875,2025
0<potenza_impegnata<=1.5,Tutti,02,Domenica,17,0.07975,2025
0<potenza_impegnata<=1.5,Non Residente,02,Giorno feriale,22,0.05275,2025
0<potenza_impegnata<=1.5,Non Residente,02,Sabato,23,0.0455,2025
0<potenza_impegnata<=1.5,Non Residente,02,Sabato,17,0.05125,2025
0<potenza_impegnata<=1.5,Residente,02,Giorno feriale,5,0.058399999999999994,2025
0<potenza_impegnata<=1.5,Non Residente,02,Giorno feriale,14,0.046950000000000006,2025
0<potenza_impegnata<=1.5,Non Residente,02,Giorno feriale,11,0.05084999999999999,2025
0<potenza_impegnata<=1.5,Non Residente,02,Giorno feriale,18,0.05935,2025
0<potenza_impegnata<=1.5,Residente,02,Sabato,8,0.094,2025
0<potenza_impegnata<=1.5,Tutti,02,Domenica,9,0.075,2025
0<potenza_impegnata<=1.5,Non Residente,02,Domenica,10,0.0485,2025
0<potenza_impegnata<=1.5,Tutti,02,Domenica,12,0.08275,2025
0<potenza_impegnata<=1.5,Tutti,02,Giorno feriale,0,0.0611,2025
0<potenza_impegnata<=1.5,Non Residente,02,Giorno feriale,3,0.035350000000000006,2025
0<potenza_impegnata<=1.5,Residente,02,Domenica,20,0.12725,2025
0<potenza_impegnata<=1.5,Tutti,02,Giorno feriale,11,0.07125,2025
0<potenza_impegnata<=1.5,Non Residente,02,Domenica,7,0.039,2025
0<potenza_impegnata<=1.5,Tutti,02,Giorno feriale,22,0.08030000000000001,2025
0<potenza_impegnata<=1.5,Residente,02,Giorno feriale,11,0.08785,2025
0<potenza_impegnata<=1.5,Tutti,02,Sabato,22,0.07775,2025
0<potenza_impegnata<=1.5,Residente,02,Giorno feriale,16,0.08569999999999998,2025
0<potenza_impegnata<=1.5,Residente,02,Giorno feriale,17,0.0927,2025
0<potenza_impegnata<=1.5,Tutti,02,Sabato,6,0.053,2025
0<potenza_impegnata<=1.5,Residente,02,Domenica,22,0.10025,2025
0<potenza_impegnata<=1.5,Tutti,02,Giorno feriale,14,0.0689,2025
0<potenza_impegnata<=1.5,Residente,02,Domenica,10,0.1065,2025
0<potenza_impegnata<=1.5,Tutti,02,Domenica,13,0.07925,2025
0<potenza_impegnata<=1.5,Non Residente,02,Giorno feriale,20,0.0606,2025
0<potenza_impegnata<=1.5,Tutti,02,Domenica,19,0.098,2025
0<potenza_impegnata<=1.5,Tutti,02,Domenica,7,0.05825,2025
0<potenza_impegnata<=1.5,Non Residente,02,Giorno feriale,2,0.03685,2025
0<potenza_impegnata<=1.5,Residente,02,Domenica,18,0.11625,2025
0<potenza_impegnata<=1.5,Tutti,02,Domenica,11,0.081,2025
0<potenza_impegnata<=1.5,Non Residente,02,Giorno feriale,17,0.050949999999999995,2025
0<potenza_impegnata<=1.5,Non Residente,02,Sabato,19,0.05725,2025
0<potenza_impegnata<=1.5,Non Residente,02,Domenica,22,0.0525,2025
0<potenza_impegnata<=1.5,Residente,02,Sabato,16,0.0965,2025
0<potenza_impegnata<=1.5,Non Residente,02,Domenica,15,0.048,2025
0<potenza_impegnata<=1.5,Residente,02,Giorno feriale,23,0.09015,2025
0<potenza_impegnata<=1.5,Residente,02,Sabato,9,0.0985,2025
0<potenza_impegnata<=1.5,Non Residente,02,Giorno feriale,16,0.048150000000000005,2025
0<potenza_impegnata<=1.5,Residente,02,Sabato,21,0.1135,2025
0<potenza_impegnata<=1.5,Non Residente,02,Sabato,14,0.049,2025
0<potenza_impegnata<=1.5,Residente,02,Sabato,13,0.10525,2025
0<potenza_impegnata<=1.5,Residente,02,Sabato,22,0.10225,2025
0<potenza_impegnata<=1.5,Residente,02,Sabato,6,0.0645,2025
0<potenza_impegnata<=1.5,Non Residente,02,Sabato,8,0.04325,2025
0<potenza_impegnata<=1.5,Non Residente,02,Domenica,12,0.0515,2025
0<potenza_impegnata<=1.5,Residente,02,Domenica,9,0.10025,2025
0<potenza_impegnata<=1.5,Tutti,02,Domenica,3,0.04525,2025
0<potenza_impegnata<=1.5,Residente,02,Domenica,17,0.10375,2025
0<potenza_impegnata<=1.5,Tutti,02,Giorno feriale,9,0.0717,2025
0<potenza_impegnata<=1.5,Tutti,02,Domenica,18,0.08875,2025
0<potenza_impegnata<=1.5,Tutti,02,Sabato,19,0.09325,2025
0<potenza_impegnata<=1.5,Non Residente,02,Sabato,10,0.0475,2025
0<potenza_impegnata<=1.5,Non Residente,02,Giorno feriale,4,0.034350000000000006,2025
0<potenza_impegnata<=1.5,Tutti,02,Giorno feriale,16,0.0688,2025
0<potenza_impegnata<=1.5,Tutti,02,Giorno feriale,18,0.08704999999999999,2025
0<potenza_impegnata<=1.5,Residente,02,Domenica,5,0.05325,2025
0<potenza_impegnata<=1.5,Residente,02,Giorno feriale,10,0.0839,2025
0<potenza_impegnata<=1.5,Non Residente,02,Giorno feriale,0,0.044199999999999996,2025
0<potenza_impegnata<=1.5,Residente,02,Domenica,8,0.09175,2025
0<potenza_impegnata<=1.5,Non Residente,02,Domenica,18,0.05525,2025
0<potenza_impegnata<=1.5,Non Residente,02,Sabato,0,0.044,2025
0<potenza_impegnata<=1.5,Tutti,02,Giorno feriale,17,0.0738,2025
0<potenza_impegnata<=1.5,Non Residente,02,Domenica,8,0.04025,2025
0<potenza_impegnata<=1.5,Non Residente,02,Domenica,19,0.059,2025
0<potenza_impegnata<=1.5,Residente,02,Domenica,4,0.0525,2025
0<potenza_impegnata<=1.5,Residente,02,Giorno feriale,1,0.0638,2025
0<potenza_impegnata<=1.5,Tutti,02,Sabato,8,0.07125,2025
0<potenza_impegnata<=1.5,Non Residente,02,Domenica,9,0.04425,2025
0<potenza_impegnata<=1.5,Tutti,02,Domenica,14,0.07625,2025
0<potenza_impegnata<=1.5,Residente,02,Domenica,12,0.1085,2025
0<potenza_impegnata<=1.5,Tutti,02,Domenica,5,0.04475,2025
0<potenza_impegnata<=1.5,Non Residente,02,Sabato,13,0.04925,2025
0<potenza_impegnata<=1.5,Non Residente,02,Domenica,3,0.036,2025
0<potenza_impegnata<=1.5,Tutti,02,Domenica,10,0.08025,2025
0<potenza_impegnata<=1.5,Residente,02,Sabato,2,0.05875,2025
0<potenza_impegnata<=1.5,Non Residente,02,Sabato,5,0.03475,2025
0<potenza_impegnata<=1.5,Residente,02,Sabato,23,0.089,2025
0<potenza_impegnata<=1.5,Residente,02,Giorno feriale,22,0.10285000000000002,2025
0<potenza_impegnata<=1.5,Residente,02,Sabato,0,0.07875,2025
0<potenza_impegnata<=1.5,Residente,02,Giorno feriale,6,0.07164999999999999,2025
0<potenza_impegnata<=1.5,Residente,02,Sabato,18,0.11725,2025
0<potenza_impegnata<=1.5,Residente,02,Giorno feriale,3,0.052849999999999994,2025
0<potenza_impegnata<=1.5,Non Residente,02,Sabato,20,0.05725,2025
0<potenza_impegnata<=1.5,Non Residente,02,Sabato,21,0.0535,2025
0<potenza_impegnata<=1.5,Residente,02,Giorno feriale,4,0.0528,2025
0<potenza_impegnata<=1.5,Non Residente,02,Domenica,21,0.0575,2025
0<potenza_impegnata<=1.5,Non Residente,02,Sabato,18,0.05625,2025
0<potenza_impegnata<=1.5,Non Residente,02,Giorno feriale,13,0.0487,2025
0<potenza_impegnata<=1.5,Residente,02,Sabato,10,0.09775,2025
0<potenza_impegnata<=1.5,Non Residente,02,Sabato,16,0.04925,2025
0<potenza_impegnata<=1.5,Residente,02,Giorno feriale,7,0.08669999999999999,2025
0<potenza_impegnata<=1.5,Residente,02,Sabato,17,0.1035,2025
0<potenza_impegnata<=1.5,Non Residente,02,Sabato,22,0.048,2025
0<potenza_impegnata<=1.5,Non Residente,02,Sabato,1,0.04075,2025
0<potenza_impegnata<=1.5,Non Residente,02,Sabato,15,0.05025,2025
0<potenza_impegnata<=1.5,Residente,02,Sabato,1,0.067,2025
0<potenza_impegnata<=1.5,Residente,02,Sabato,20,0.1225,2025
0<potenza_impegnata<=1.5,Residente,02,Giorno feriale,2,0.05615,2025
0<potenza_impegnata<=1.5,Non Residente,02,Domenica,20,0.05875,2025
0<potenza_impegnata<=1.5,Residente,02,Giorno feriale,19,0.1274,2025
0<potenza_impegnata<=1.5,Non Residente,02,Sabato,4,0.03375,2025
0<potenza_impegnata<=1.5,Non Residente,02,Giorno feriale,15,0.047,2025
0<potenza_impegnata<=1.5,Non Residente,02,Domenica,2,0.0385,2025
0<potenza_impegnata<=1.5,Residente,02,Sabato,3,0.05475,2025
0<potenza_impegnata<=1.5,Residente,02,Sabato,4,0.05425,2025
0<potenza_impegnata<=1.5,Residente,02,Sabato,5,0.0555,2025
0<potenza_impegnata<=1.5,Non Residente,02,Sabato,7,0.04025,2025
0<potenza_impegnata<=1.5,Non Residente,02,Giorno feriale,1,0.03945,2025
0<potenza_impegnata<=1.5,Residente,02,Sabato,7,0.0785,2025
0<potenza_impegnata<=1.5,Tutti,02,Domenica,0,0.062,2025
0<potenza_impegnata<=1.5,Residente,02,Domenica,0,0.07825,2025
0<potenza_impegnata<=1.5,Residente,02,Sabato,19,0.12275,2025
0<potenza_impegnata<=1.5,Non Residente,02,Giorno feriale,19,0.06085,2025
0<potenza_impegnata<=1.5,Non Residente,02,Sabato,3,0.035,2025
0<potenza_impegnata<=1.5,Non Residente,02,Giorno feriale,23,0.0489,2025
0<potenza_impegnata<=1.5,Residente,02,Domenica,16,0.096,2025
0<potenza_impegnata<=1.5,Tutti,02,Domenica,4,0.04425,2025
0<potenza_impegnata<=1.5,Non Residente,02,Domenica,5,0.03425,2025
0<potenza_impegnata<=1.5,Tutti,02,Sabato,5,0.04625,2025
0<potenza_impegnata<=1.5,Residente,02,Domenica,1,0.06625,2025
0<potenza_impegnata<=1.5,Residente,02,Domenica,13,0.1035,2025
0<potenza_impegnata<=1.5,Tutti,02,Sabato,21,0.0865,2025
0<potenza_impegnata<=1.5,Non Residente,02,Giorno feriale,21,0.05745,2025
0<potenza_impegnata<=1.5,Non Residente,02,Domenica,4,0.03425,2025
0<potenza_impegnata<=1.5,Residente,02,Domenica,14,0.1005,2025
0<potenza_impegnata<=1.5,Tutti,02,Giorno feriale,10,0.06895,2025
0<potenza_impegnata<=1.5,Tutti,02,Domenica,20,0.0965,2025
0<potenza_impegnata<=1.5,Tutti,02,Domenica,15,0.0755,2025
0<potenza_impegnata<=1.5,Residente,02,Domenica,15,0.098,2025
0<potenza_impegnata<=1.5,Residente,02,Domenica,11,0.10625,2025
0<potenza_impegnata<=1.5,Tutti,02,Domenica,22,0.07875,2025
0<potenza_impegnata<=1.5,Tutti,02,Giorno feriale,12,0.073,2025
0<potenza_impegnata<=1.5,Tutti,02,Sabato,17,0.08,2025
0<potenza_impegnata<=1.5,Tutti,02,Sabato,16,0.07525,2025
0<potenza_impegnata<=1.5,Tutti,02,Giorno feriale,15,0.06760000000000001,2025
0<potenza_impegnata<=1.5,Residente,02,Giorno feriale,18,0.10969999999999999,2025
0<potenza_impegnata<=1.5,Residente,02,Giorno feriale,9,0.08924999999999998,2025
0<potenza_impegnata<=1.5,Tutti,02,Giorno feriale,19,0.09730000000000001,2025
0<potenza_impegnata<=1.5,Non Residente,02,Giorno feriale,6,0.04239999999999999,2025
0<potenza_impegnata<=1.5,Residente,02,Domenica,7,0.07425,2025
0<potenza_impegnata<=1.5,Tutti,02,Giorno feriale,2,0.0474,2025
0<potenza_impegnata<=1.5,Tutti,02,Giorno feriale,3,0.044950000000000004,2025
0<potenza_impegnata<=1.5,Tutti,02,Sabato,0,0.063,2025
0<potenza_impegnata<=1.5,Tutti,02,Sabato,12,0.081,2025
0<potenza_impegnata<=1.5,Tutti,02,Sabato,14,0.07925,2025
0<potenza_impegnata<=1.5,Tutti,02,Giorno feriale,7,0.06845000000000001,2025
0<potenza_impegnata<=1.5,Non Residente,02,Domenica,1,0.03975,2025
0<potenza_impegnata<=1.5,Tutti,02,Giorno feriale,5,0.0485,2025
0<potenza_impegnata<=1.5,Tutti,02,Sabato,1,0.055,2025
0<potenza_impegnata<=1.5,Tutti,02,Sabato,10,0.07525,2025
0<potenza_impegnata<=1.5,Non Residente,02,Giorno feriale,9,0.05014999999999999,2025
0<potenza_impegnata<=1.5,Tutti,02,Giorno feriale,23,0.07149999999999998,2025
0<potenza_impegnata<=1.5,Tutti,02,Sabato,20,0.093,2025
0<potenza_impegnata<=1.5,Tutti,02,Sabato,23,0.06925,2025
0<potenza_impegnata<=1.5,Non Residente,02,Giorno feriale,7,0.04625,2025
0<potenza_impegnata<=1.5,Residente,02,Domenica,23,0.0895,2025
0<potenza_impegnata<=1.5,Tutti,02,Giorno feriale,4,0.04445,2025
0<potenza_impegnata<=1.5,Non Residente,02,Giorno feriale,8,0.0493,2025
0<potenza_impegnata<=1.5,Tutti,02,Giorno feriale,20,0.09795000000000001,2025
0<potenza_impegnata<=1.5,Residente,02,Domenica,21,0.1145,2025
0<potenza_impegnata<=1.5,Residente,02,Domenica,3,0.053,2025
0<potenza_impegnata<=1.5,Tutti,02,Domenica,2,0.04925,2025
0<potenza_impegnata<=1.5,Tutti,02,Sabato,9,0.074,2025
0<potenza_impegnata<=1.5,Tutti,02,Giorno feriale,1,0.0528,2025
0<potenza_impegnata<=1.5,Residente,02,Domenica,2,0.058,2025
0<potenza_impegnata<=1.5,Tutti,02,Sabato,11,0.08075,2025
0<potenza_impegnata<=1.5,Non Residente,02,Giorno feriale,5,0.03655,2025
0<potenza_impegnata<=1.5,Tutti,02,Sabato,13,0.08,2025
0<potenza_impegnata<=1.5,Non Residente,02,Domenica,13,0.04975,2025
0<potenza_impegnata<=1.5,Non Residente,02,Sabato,9,0.044,2025
0<potenza_impegnata<=1.5,Tutti,02,Sabato,15,0.077,2025
0<potenza_impegnata<=1.5,Tutti,02,Giorno feriale,13,0.07239999999999999,2025
0<potenza_impegnata<=1.5,Residente,02,Giorno feriale,13,0.09175,2025
0<potenza_impegnata<=1.5,Non Residente,02,Domenica,6,0.03775,2025
0<potenza_impegnata<=1.5,Residente,02,Giorno feriale,14,0.08685000000000001,2025
0<potenza_impegnata<=1.5,Non Residente,02,Sabato,11,0.05,2025
0<potenza_impegnata<=1.5,Tutti,02,Domenica,1,0.05425,2025
0<potenza_impegnata<=1.5,Residente,02,Giorno feriale,15,0.0846,2025
0<potenza_impegnata<=1.5,Non Residente,02,Domenica,14,0.04675,2025
0<potenza_impegnata<=1.5,Tutti,02,Domenica,8,0.0685,2025
0<potenza_impegnata<=1.5,Tutti,02,Sabato,2,0.0495,2025
0<potenza_impegnata<=1.5,Non Residente,02,Domenica,17,0.0505,2025
0<potenza_impegnata<=1.5,Tutti,02,Sabato,3,0.04575,2025
0<potenza_impegnata<=1.5,Tutti,02,Domenica,6,0.05075,2025
0<potenza_impegnata<=1.5,Tutti,02,Sabato,4,0.045,2025
0<potenza_impegnata<=1.5,Non Residente,02,Giorno feriale,10,0.0505,2025
0<potenza_impegnata<=1.5,Residente,03,Domenica,17,0.09419999999999999,2025
0<potenza_impegnata<=1.5,Residente,03,Domenica,15,0.0878,2025
0<potenza_impegnata<=1.5,Residente,03,Domenica,13,0.09759999999999999,2025
0<potenza_impegnata<=1.5,Residente,03,Domenica,11,0.0994,2025
0<potenza_impegnata<=1.5,Residente,03,Domenica,9,0.09140000000000001,2025
0<potenza_impegnata<=1.5,Non Residente,03,Sabato,8,0.0396,2025
0<potenza_impegnata<=1.5,Non Residente,03,Sabato,6,0.037,2025
0<potenza_impegnata<=1.5,Non Residente,03,Domenica,18,0.0448,2025
0<potenza_impegnata<=1.5,Non Residente,03,Sabato,5,0.0348,2025
0<potenza_impegnata<=1.5,Non Residente,03,Sabato,4,0.034999999999999996,2025
0<potenza_impegnata<=1.5,Non Residente,03,Sabato,2,0.036199999999999996,2025
0<potenza_impegnata<=1.5,Non Residente,03,Sabato,22,0.0456,2025
0<potenza_impegnata<=1.5,Non Residente,03,Domenica,23,0.046200000000000005,2025
0<potenza_impegnata<=1.5,Non Residente,03,Sabato,20,0.0528,2025
0<potenza_impegnata<=1.5,Non Residente,03,Sabato,1,0.039,2025
0<potenza_impegnata<=1.5,Non Residente,03,Sabato,17,0.0446,2025
0<potenza_impegnata<=1.5,Non Residente,03,Sabato,15,0.043,2025
0<potenza_impegnata<=1.5,Non Residente,03,Sabato,13,0.0458,2025
0<potenza_impegnata<=1.5,Non Residente,03,Giorno feriale,0,0.04147619047619048,2025
0<potenza_impegnata<=1.5,Non Residente,03,Sabato,11,0.0446,2025
0<potenza_impegnata<=1.5,Non Residente,03,Sabato,9,0.0424,2025
0<potenza_impegnata<=1.5,Non Residente,03,Sabato,0,0.0428,2025
0<potenza_impegnata<=1.5,Non Residente,03,Giorno feriale,8,0.04195238095238095,2025
0<potenza_impegnata<=1.5,Non Residente,03,Giorno feriale,6,0.037809523809523814,2025
0<potenza_impegnata<=1.5,Non Residente,03,Giorno feriale,5,0.03457142857142857,2025
0<potenza_impegnata<=1.5,Non Residente,03,Giorno feriale,4,0.033380952380952386,2025
0<potenza_impegnata<=1.5,Non Residente,03,Giorno feriale,2,0.034999999999999996,2025
0<potenza_impegnata<=1.5,Non Residente,03,Giorno feriale,22,0.05028571428571429,2025
0<potenza_impegnata<=1.5,Non Residente,03,Giorno feriale,20,0.05847619047619047,2025
0<potenza_impegnata<=1.5,Non Residente,03,Giorno feriale,19,0.05757142857142857,2025
0<potenza_impegnata<=1.5,Non Residente,03,Giorno feriale,1,0.03685714285714286,2025
0<potenza_impegnata<=1.5,Non Residente,03,Giorno feriale,21,0.05566666666666667,2025
0<potenza_impegnata<=1.5,Non Residente,03,Giorno feriale,18,0.04957142857142858,2025
0<potenza_impegnata<=1.5,Non Residente,03,Giorno feriale,23,0.045952380952380946,2025
0<potenza_impegnata<=1.5,Non Residente,03,Giorno feriale,17,0.043095238095238096,2025
0<potenza_impegnata<=1.5,Non Residente,03,Giorno feriale,3,0.034,2025
0<potenza_impegnata<=1.5,Non Residente,03,Giorno feriale,15,0.040619047619047624,2025
0<potenza_impegnata<=1.5,Non Residente,03,Giorno feriale,14,0.040809523809523816,2025
0<potenza_impegnata<=1.5,Non Residente,03,Giorno feriale,16,0.04185714285714286,2025
0<potenza_impegnata<=1.5,Non Residente,03,Giorno feriale,13,0.04147619047619048,2025
0<potenza_impegnata<=1.5,Non Residente,03,Giorno feriale,12,0.043809523809523805,2025
0<potenza_impegnata<=1.5,Non Residente,03,Giorno feriale,11,0.04409523809523809,2025
0<potenza_impegnata<=1.5,Non Residente,03,Giorno feriale,10,0.043333333333333335,2025
0<potenza_impegnata<=1.5,Non Residente,03,Sabato,10,0.045200000000000004,2025
0<potenza_impegnata<=1.5,Non Residente,03,Giorno feriale,9,0.043142857142857136,2025
0<potenza_impegnata<=1.5,Non Residente,03,Sabato,12,0.0456,2025
0<potenza_impegnata<=1.5,Non Residente,03,Domenica,8,0.035199999999999995,2025
0<potenza_impegnata<=1.5,Non Residente,03,Giorno feriale,7,0.04028571428571429,2025
0<potenza_impegnata<=1.5,Non Residente,03,Domenica,7,0.0324,2025
0<potenza_impegnata<=1.5,Non Residente,03,Sabato,14,0.0442,2025
0<potenza_impegnata<=1.5,Non Residente,03,Domenica,6,0.0328,2025
0<potenza_impegnata<=1.5,Non Residente,03,Sabato,16,0.0456,2025
0<potenza_impegnata<=1.5,Non Residente,03,Domenica,5,0.032,2025
0<potenza_impegnata<=1.5,Non Residente,03,Domenica,4,0.033,2025
0<potenza_impegnata<=1.5,Non Residente,03,Sabato,18,0.0494,2025
0<potenza_impegnata<=1.5,Non Residente,03,Domenica,3,0.0348,2025
0<potenza_impegnata<=1.5,Non Residente,03,Domenica,2,0.028999999999999998,2025
0<potenza_impegnata<=1.5,Non Residente,03,Sabato,19,0.0518,2025
0<potenza_impegnata<=1.5,Non Residente,03,Sabato,21,0.0498,2025
0<potenza_impegnata<=1.5,Non Residente,03,Domenica,22,0.0486,2025
0<potenza_impegnata<=1.5,Non Residente,03,Domenica,21,0.0524,2025
0<potenza_impegnata<=1.5,Non Residente,03,Sabato,23,0.0424,2025
0<potenza_impegnata<=1.5,Non Residente,03,Domenica,20,0.0548,2025
0<potenza_impegnata<=1.5,Non Residente,03,Sabato,3,0.0356,2025
0<potenza_impegnata<=1.5,Non Residente,03,Domenica,19,0.0522,2025
0<potenza_impegnata<=1.5,Non Residente,03,Domenica,1,0.0372,2025
0<potenza_impegnata<=1.5,Non Residente,03,Domenica,17,0.040600000000000004,2025
0<potenza_impegnata<=1.5,Non Residente,03,Domenica,16,0.040600000000000004,2025
0<potenza_impegnata<=1.5,Residente,03,Domenica,0,0.0752,2025
0<potenza_impegnata<=1.5,Non Residente,03,Domenica,15,0.040999999999999995,2025
0<potenza_impegnata<=1.5,Non Residente,03,Sabato,7,0.0374,2025
0<potenza_impegnata<=1.5,Non Residente,03,Domenica,14,0.0402,2025
0<potenza_impegnata<=1.5,Residente,03,Domenica,10,0.09759999999999999,2025
0<potenza_impegnata<=1.5,Non Residente,03,Domenica,13,0.041999999999999996,2025
0<potenza_impegnata<=1.5,Non Residente,03,Domenica,12,0.044,2025
0<potenza_impegnata<=1.5,Residente,03,Domenica,12,0.1006,2025
0<potenza_impegnata<=1.5,Non Residente,03,Domenica,11,0.0424,2025
0<potenza_impegnata<=1.5,Residente,03,Domenica,14,0.08940000000000001,2025
0<potenza_impegnata<=1.5,Non Residente,03,Domenica,10,0.0426,2025
0<potenza_impegnata<=1.5,Non Residente,03,Domenica,9,0.0392,2025
0<potenza_impegnata<=1.5,Residente,03,Domenica,16,0.0886,2025
0<potenza_impegnata<=1.5,Non Residente,03,Domenica,0,0.040999999999999995,2025
0<potenza_impegnata<=1.5,Tutti,03,Sabato,8,0.0666,2025
0<potenza_impegnata<=1.5,Tutti,03,Sabato,7,0.057199999999999994,2025
0<potenza_impegnata<=1.5,Tutti,03,Sabato,6,0.05,2025
0<potenza_impegnata<=1.5,Tutti,03,Sabato,5,0.045,2025
0<potenza_impegnata<=1.5,Tutti,03,Sabato,4,0.0444,2025
0<potenza_impegnata<=1.5,Tutti,03,Sabato,3,0.0448,2025
0<potenza_impegnata<=1.5,Tutti,03,Sabato,2,0.0472,2025
0<potenza_impegnata<=1.5,Tutti,03,Sabato,23,0.066,2025
0<potenza_impegnata<=1.5,Tutti,03,Sabato,22,0.0728,2025
0<potenza_impegnata<=1.5,Tutti,03,Sabato,21,0.0794,2025
0<potenza_impegnata<=1.5,Tutti,03,Sabato,20,0.0858,2025
0<potenza_impegnata<=1.5,Tutti,03,Sabato,19,0.0862,2025
0<potenza_impegnata<=1.5,Tutti,03,Sabato,1,0.0518,2025
0<potenza_impegnata<=1.5,Tutti,03,Sabato,18,0.0796,2025
0<potenza_impegnata<=1.5,Tutti,03,Sabato,17,0.0716,2025
0<potenza_impegnata<=1.5,Tutti,03,Sabato,16,0.0698,2025
0<potenza_impegnata<=1.5,Tutti,03,Sabato,15,0.06899999999999999,2025
0<potenza_impegnata<=1.5,Tutti,03,Sabato,14,0.07139999999999999,2025
0<potenza_impegnata<=1.5,Tutti,03,Sabato,13,0.0742,2025
0<potenza_impegnata<=1.5,Tutti,03,Sabato,12,0.0746,2025
0<potenza_impegnata<=1.5,Tutti,03,Sabato,11,0.06999999999999999,2025
0<potenza_impegnata<=1.5,Tutti,03,Sabato,10,0.06899999999999999,2025
0<potenza_impegnata<=1.5,Tutti,03,Sabato,9,0.0684,2025
0<potenza_impegnata<=1.5,Tutti,03,Sabato,0,0.0588,2025
0<potenza_impegnata<=1.5,Tutti,03,Giorno feriale,8,0.06557142857142857,2025
0<potenza_impegnata<=1.5,Tutti,03,Giorno feriale,7,0.06271428571428572,2025
0<potenza_impegnata<=1.5,Tutti,03,Giorno feriale,6,0.05385714285714286,2025
0<potenza_impegnata<=1.5,Tutti,03,Giorno feriale,5,0.04657142857142857,2025
0<potenza_impegnata<=1.5,Tutti,03,Giorno feriale,4,0.044,2025
0<potenza_impegnata<=1.5,Tutti,03,Giorno feriale,3,0.04357142857142856,2025
0<potenza_impegnata<=1.5,Tutti,03,Giorno feriale,2,0.04576190476190477,2025
0<potenza_impegnata<=1.5,Tutti,03,Giorno feriale,23,0.06666666666666667,2025
0<potenza_impegnata<=1.5,Tutti,03,Giorno feriale,22,0.07557142857142857,2025
0<potenza_impegnata<=1.5,Tutti,03,Giorno feriale,21,0.08433333333333333,2025
0<potenza_impegnata<=1.5,Tutti,03,Giorno feriale,20,0.09261904761904761,2025
0<potenza_impegnata<=1.5,Tutti,03,Giorno feriale,19,0.09209523809523809,2025
0<potenza_impegnata<=1.5,Tutti,03,Giorno feriale,1,0.05061904761904762,2025
0<potenza_impegnata<=1.5,Tutti,03,Giorno feriale,18,0.07842857142857142,2025
0<potenza_impegnata<=1.5,Tutti,03,Giorno feriale,17,0.06657142857142857,2025
0<potenza_impegnata<=1.5,Tutti,03,Giorno feriale,16,0.061857142857142854,2025
0<potenza_impegnata<=1.5,Tutti,03,Giorno feriale,15,0.06123809523809523,2025
0<potenza_impegnata<=1.5,Tutti,03,Giorno feriale,14,0.06319047619047619,2025
0<potenza_impegnata<=1.5,Tutti,03,Giorno feriale,13,0.06571428571428573,2025
0<potenza_impegnata<=1.5,Tutti,03,Giorno feriale,12,0.06695238095238094,2025
0<potenza_impegnata<=1.5,Tutti,03,Giorno feriale,11,0.06457142857142857,2025
0<potenza_impegnata<=1.5,Tutti,03,Giorno feriale,10,0.063,2025
0<potenza_impegnata<=1.5,Tutti,03,Giorno feriale,9,0.06547619047619048,2025
0<potenza_impegnata<=1.5,Tutti,03,Giorno feriale,0,0.058333333333333334,2025
0<potenza_impegnata<=1.5,Tutti,03,Domenica,8,0.061399999999999996,2025
0<potenza_impegnata<=1.5,Tutti,03,Domenica,7,0.052000000000000005,2025
0<potenza_impegnata<=1.5,Tutti,03,Domenica,6,0.0466,2025
0<potenza_impegnata<=1.5,Tutti,03,Domenica,5,0.0438,2025
0<potenza_impegnata<=1.5,Tutti,03,Domenica,4,0.0434,2025
0<potenza_impegnata<=1.5,Tutti,03,Domenica,3,0.045200000000000004,2025
0<potenza_impegnata<=1.5,Tutti,03,Domenica,2,0.0382,2025
0<potenza_impegnata<=1.5,Tutti,03,Domenica,23,0.06820000000000001,2025
0<potenza_impegnata<=1.5,Tutti,03,Domenica,22,0.074,2025
0<potenza_impegnata<=1.5,Tutti,03,Domenica,21,0.08259999999999999,2025
0<potenza_impegnata<=1.5,Tutti,03,Domenica,20,0.0898,2025
0<potenza_impegnata<=1.5,Tutti,03,Domenica,19,0.08940000000000001,2025
0<potenza_impegnata<=1.5,Tutti,03,Domenica,1,0.0518,2025
0<potenza_impegnata<=1.5,Tutti,03,Domenica,18,0.0786,2025
0<potenza_impegnata<=1.5,Tutti,03,Domenica,17,0.0702,2025
0<potenza_impegnata<=1.5,Tutti,03,Domenica,16,0.067,2025
0<potenza_impegnata<=1.5,Tutti,03,Domenica,15,0.0668,2025
0<potenza_impegnata<=1.5,Tutti,03,Domenica,14,0.06720000000000001,2025
0<potenza_impegnata<=1.5,Tutti,03,Domenica,13,0.0726,2025
0<potenza_impegnata<=1.5,Tutti,03,Domenica,12,0.0752,2025
0<potenza_impegnata<=1.5,Tutti,03,Domenica,11,0.0738,2025
0<potenza_impegnata<=1.5,Tutti,03,Domenica,10,0.0728,2025
0<potenza_impegnata<=1.5,Tutti,03,Domenica,9,0.068,2025
0<potenza_impegnata<=1.5,Tutti,03,Domenica,0,0.0598,2025
0<potenza_impegnata<=1.5,Residente,03,Sabato,8,0.0886,2025
0<potenza_impegnata<=1.5,Residente,03,Sabato,7,0.07339999999999999,2025
0<potenza_impegnata<=1.5,Residente,03,Sabato,6,0.0606,2025
0<potenza_impegnata<=1.5,Residente,03,Sabato,5,0.053200000000000004,2025
0<potenza_impegnata<=1.5,Residente,03,Sabato,4,0.052000000000000005,2025
0<potenza_impegnata<=1.5,Residente,03,Sabato,3,0.0522,2025
0<potenza_impegnata<=1.5,Residente,03,Sabato,2,0.05620000000000001,2025
0<potenza_impegnata<=1.5,Residente,03,Sabato,23,0.0852,2025
0<potenza_impegnata<=1.5,Residente,03,Sabato,22,0.09519999999999999,2025
0<potenza_impegnata<=1.5,Residente,03,Sabato,21,0.1034,2025
0<potenza_impegnata<=1.5,Residente,03,Sabato,20,0.11259999999999999,2025
0<potenza_impegnata<=1.5,Residente,03,Sabato,19,0.1142,2025
0<potenza_impegnata<=1.5,Residente,03,Sabato,1,0.0622,2025
0<potenza_impegnata<=1.5,Residente,03,Sabato,18,0.1042,2025
0<potenza_impegnata<=1.5,Residente,03,Sabato,17,0.0936,2025
0<potenza_impegnata<=1.5,Residente,03,Sabato,16,0.08940000000000001,2025
0<potenza_impegnata<=1.5,Residente,03,Sabato,15,0.0902,2025
0<potenza_impegnata<=1.5,Residente,03,Sabato,14,0.09340000000000001,2025
0<potenza_impegnata<=1.5,Residente,03,Sabato,13,0.0974,2025
0<potenza_impegnata<=1.5,Residente,03,Sabato,12,0.0982,2025
0<potenza_impegnata<=1.5,Residente,03,Sabato,11,0.0906,2025
0<potenza_impegnata<=1.5,Residente,03,Sabato,10,0.0882,2025
0<potenza_impegnata<=1.5,Residente,03,Sabato,9,0.0896,2025
0<potenza_impegnata<=1.5,Residente,03,Sabato,0,0.072,2025
0<potenza_impegnata<=1.5,Residente,03,Giorno feriale,8,0.08485714285714285,2025
0<potenza_impegnata<=1.5,Residente,03,Giorno feriale,7,0.0810952380952381,2025
0<potenza_impegnata<=1.5,Residente,03,Giorno feriale,6,0.06695238095238096,2025
0<potenza_impegnata<=1.5,Residente,03,Giorno feriale,5,0.05628571428571429,2025
0<potenza_impegnata<=1.5,Residente,03,Giorno feriale,4,0.052571428571428575,2025
0<potenza_impegnata<=1.5,Residente,03,Giorno feriale,3,0.05138095238095238,2025
0<potenza_impegnata<=1.5,Residente,03,Giorno feriale,2,0.054476190476190484,2025
0<potenza_impegnata<=1.5,Residente,03,Giorno feriale,23,0.08357142857142857,2025
0<potenza_impegnata<=1.5,Residente,03,Giorno feriale,22,0.09614285714285715,2025
0<potenza_impegnata<=1.5,Residente,03,Giorno feriale,21,0.10776190476190475,2025
0<potenza_impegnata<=1.5,Residente,03,Giorno feriale,20,0.12061904761904761,2025
0<potenza_impegnata<=1.5,Residente,03,Giorno feriale,19,0.12023809523809523,2025
0<potenza_impegnata<=1.5,Residente,03,Giorno feriale,1,0.061952380952380946,2025
0<potenza_impegnata<=1.5,Residente,03,Giorno feriale,17,0.08576190476190475,2025
0<potenza_impegnata<=1.5,Residente,03,Giorno feriale,16,0.07833333333333334,2025
0<potenza_impegnata<=1.5,Residente,03,Giorno feriale,15,0.07804761904761903,2025
0<potenza_impegnata<=1.5,Residente,03,Giorno feriale,14,0.08133333333333333,2025
0<potenza_impegnata<=1.5,Residente,03,Giorno feriale,13,0.08552380952380953,2025
0<potenza_impegnata<=1.5,Residente,03,Giorno feriale,12,0.08576190476190476,2025
0<potenza_impegnata<=1.5,Residente,03,Giorno feriale,11,0.08114285714285714,2025
0<potenza_impegnata<=1.5,Residente,03,Giorno feriale,9,0.08366666666666667,2025
0<potenza_impegnata<=1.5,Residente,03,Domenica,3,0.0538,2025
0<potenza_impegnata<=1.5,Residente,03,Domenica,8,0.08259999999999999,2025
0<potenza_impegnata<=1.5,Residente,03,Domenica,6,0.0578,2025
0<potenza_impegnata<=1.5,Residente,03,Domenica,7,0.0678,2025
0<potenza_impegnata<=1.5,Residente,03,Domenica,5,0.053200000000000004,2025
0<potenza_impegnata<=1.5,Residente,03,Domenica,4,0.0518,2025
0<potenza_impegnata<=1.5,Residente,03,Giorno feriale,0,0.07214285714285713,2025
0<potenza_impegnata<=1.5,Residente,03,Giorno feriale,10,0.07904761904761906,2025
0<potenza_impegnata<=1.5,Residente,03,Domenica,2,0.0456,2025
0<potenza_impegnata<=1.5,Residente,03,Domenica,23,0.086,2025
0<potenza_impegnata<=1.5,Residente,03,Domenica,22,0.0948,2025
0<potenza_impegnata<=1.5,Residente,03,Domenica,21,0.1072,2025
0<potenza_impegnata<=1.5,Residente,03,Domenica,20,0.11839999999999999,2025
0<potenza_impegnata<=1.5,Residente,03,Domenica,19,0.11979999999999999,2025
0<potenza_impegnata<=1.5,Residente,03,Domenica,1,0.0638,2025
0<potenza_impegnata<=1.5,Residente,03,Giorno feriale,18,0.10195238095238095,2025
0<potenza_impegnata<=1.5,Residente,03,Domenica,18,0.1062,2025
0<potenza_impegnata<=1.5,Residente,04,Domenica,17,0.07916666666666666,2025
0<potenza_impegnata<=1.5,Non Residente,04,Domenica,0,0.036833333333333336,2025
0<potenza_impegnata<=1.5,Residente,04,Domenica,15,0.08016666666666666,2025
0<potenza_impegnata<=1.5,Residente,04,Domenica,12,0.09516666666666666,2025
0<potenza_impegnata<=1.5,Residente,04,Domenica,13,0.08816666666666667,2025
0<potenza_impegnata<=1.5,Residente,04,Domenica,11,0.09483333333333333,2025
0<potenza_impegnata<=1.5,Residente,04,Domenica,9,0.08700000000000001,2025
0<potenza_impegnata<=1.5,Non Residente,04,Sabato,8,0.037,2025
0<potenza_impegnata<=1.5,Non Residente,04,Sabato,6,0.0325,2025
0<potenza_impegnata<=1.5,Non Residente,04,Sabato,21,0.0445,2025
0<potenza_impegnata<=1.5,Non Residente,04,Sabato,5,0.03025,2025
0<potenza_impegnata<=1.5,Non Residente,04,Sabato,19,0.038,2025
0<potenza_impegnata<=1.5,Non Residente,04,Sabato,2,0.0305,2025
0<potenza_impegnata<=1.5,Non Residente,04,Sabato,22,0.04275,2025
0<potenza_impegnata<=1.5,Non Residente,04,Sabato,20,0.04425,2025
0<potenza_impegnata<=1.5,Non Residente,04,Sabato,10,0.0385,2025
0<potenza_impegnata<=1.5,Non Residente,04,Giorno feriale,16,0.0372,2025
0<potenza_impegnata<=1.5,Non Residente,04,Sabato,1,0.0325,2025
0<potenza_impegnata<=1.5,Non Residente,04,Sabato,17,0.0355,2025
0<potenza_impegnata<=1.5,Non Residente,04,Sabato,15,0.03725,2025
0<potenza_impegnata<=1.5,Non Residente,04,Sabato,13,0.0385,2025
0<potenza_impegnata<=1.5,Non Residente,04,Sabato,12,0.03925,2025
0<potenza_impegnata<=1.5,Non Residente,04,Sabato,0,0.03625,2025
0<potenza_impegnata<=1.5,Non Residente,04,Giorno feriale,8,0.03875,2025
0<potenza_impegnata<=1.5,Non Residente,04,Giorno feriale,10,0.03995,2025
0<potenza_impegnata<=1.5,Non Residente,04,Giorno feriale,6,0.034949999999999995,2025
0<potenza_impegnata<=1.5,Non Residente,04,Domenica,16,0.03383333333333333,2025
0<potenza_impegnata<=1.5,Non Residente,04,Domenica,5,0.030333333333333334,2025
0<potenza_impegnata<=1.5,Non Residente,04,Giorno feriale,3,0.0311,2025
0<potenza_impegnata<=1.5,Non Residente,04,Domenica,1,0.03333333333333333,2025
0<potenza_impegnata<=1.5,Non Residente,04,Giorno feriale,22,0.047,2025
0<potenza_impegnata<=1.5,Non Residente,04,Giorno feriale,21,0.0501,2025
0<potenza_impegnata<=1.5,Non Residente,04,Giorno feriale,20,0.05045000000000001,2025
0<potenza_impegnata<=1.5,Non Residente,04,Giorno feriale,1,0.0345,2025
0<potenza_impegnata<=1.5,Non Residente,04,Domenica,22,0.043000000000000003,2025
0<potenza_impegnata<=1.5,Non Residente,04,Giorno feriale,18,0.0386,2025
0<potenza_impegnata<=1.5,Non Residente,04,Domenica,23,0.03883333333333334,2025
0<potenza_impegnata<=1.5,Non Residente,04,Giorno feriale,15,0.0358,2025
0<potenza_impegnata<=1.5,Non Residente,04,Domenica,3,0.03133333333333333,2025
0<potenza_impegnata<=1.5,Non Residente,04,Domenica,2,0.0315,2025
0<potenza_impegnata<=1.5,Non Residente,04,Giorno feriale,17,0.03725,2025
0<potenza_impegnata<=1.5,Non Residente,04,Domenica,21,0.046000000000000006,2025
0<potenza_impegnata<=1.5,Non Residente,04,Giorno feriale,13,0.03735,2025
0<potenza_impegnata<=1.5,Non Residente,04,Giorno feriale,11,0.039400000000000004,2025
0<potenza_impegnata<=1.5,Non Residente,04,Domenica,7,0.029166666666666664,2025
0<potenza_impegnata<=1.5,Non Residente,04,Giorno feriale,9,0.039,2025
0<potenza_impegnata<=1.5,Non Residente,04,Domenica,8,0.03133333333333333,2025
0<potenza_impegnata<=1.5,Non Residente,04,Giorno feriale,0,0.038650000000000004,2025
0<potenza_impegnata<=1.5,Non Residente,04,Domenica,6,0.030166666666666665,2025
0<potenza_impegnata<=1.5,Non Residente,04,Giorno feriale,12,0.038900000000000004,2025
0<potenza_impegnata<=1.5,Non Residente,04,Domenica,4,0.03,2025
0<potenza_impegnata<=1.5,Non Residente,04,Giorno feriale,14,0.03615,2025
0<potenza_impegnata<=1.5,Non Residente,04,Sabato,9,0.0385,2025
0<potenza_impegnata<=1.5,Non Residente,04,Sabato,14,0.0385,2025
0<potenza_impegnata<=1.5,Non Residente,04,Giorno feriale,19,0.0423,2025
0<potenza_impegnata<=1.5,Non Residente,04,Sabato,16,0.03525,2025
0<potenza_impegnata<=1.5,Non Residente,04,Domenica,20,0.044500000000000005,2025
0<potenza_impegnata<=1.5,Non Residente,04,Domenica,19,0.03816666666666667,2025
0<potenza_impegnata<=1.5,Non Residente,04,Sabato,18,0.03475,2025
0<potenza_impegnata<=1.5,Non Residente,04,Giorno feriale,23,0.0424,2025
0<potenza_impegnata<=1.5,Non Residente,04,Domenica,18,0.034666666666666665,2025
0<potenza_impegnata<=1.5,Non Residente,04,Giorno feriale,2,0.0323,2025
0<potenza_impegnata<=1.5,Non Residente,04,Domenica,17,0.03316666666666667,2025
0<potenza_impegnata<=1.5,Non Residente,04,Sabato,23,0.03975,2025
0<potenza_impegnata<=1.5,Non Residente,04,Giorno feriale,4,0.03,2025
0<potenza_impegnata<=1.5,Non Residente,04,Sabato,3,0.0305,2025
0<potenza_impegnata<=1.5,Non Residente,04,Sabato,4,0.02975,2025
0<potenza_impegnata<=1.5,Non Residente,04,Giorno feriale,5,0.03175,2025
0<potenza_impegnata<=1.5,Non Residente,04,Domenica,15,0.034999999999999996,2025
0<potenza_impegnata<=1.5,Non Residente,04,Domenica,14,0.034833333333333334,2025
0<potenza_impegnata<=1.5,Non Residente,04,Sabato,7,0.034,2025
0<potenza_impegnata<=1.5,Non Residente,04,Giorno feriale,7,0.036199999999999996,2025
0<potenza_impegnata<=1.5,Non Residente,04,Domenica,13,0.036833333333333336,2025
0<potenza_impegnata<=1.5,Residente,04,Domenica,0,0.06966666666666667,2025
0<potenza_impegnata<=1.5,Non Residente,04,Domenica,12,0.0375,2025
0<potenza_impegnata<=1.5,Residente,04,Domenica,10,0.09116666666666667,2025
0<potenza_impegnata<=1.5,Non Residente,04,Domenica,11,0.0375,2025
0<potenza_impegnata<=1.5,Non Residente,04,Domenica,10,0.037,2025
0<potenza_impegnata<=1.5,Non Residente,04,Sabato,11,0.03975,2025
0<potenza_impegnata<=1.5,Residente,04,Domenica,14,0.08283333333333333,2025
0<potenza_impegnata<=1.5,Non Residente,04,Domenica,9,0.034333333333333334,2025
0<potenza_impegnata<=1.5,Residente,04,Domenica,16,0.077,2025
0<potenza_impegnata<=1.5,Tutti,04,Sabato,8,0.06125,2025
0<potenza_impegnata<=1.5,Tutti,04,Sabato,6,0.04625,2025
0<potenza_impegnata<=1.5,Tutti,04,Sabato,4,0.04075,2025
0<potenza_impegnata<=1.5,Tutti,04,Sabato,2,0.0445,2025
0<potenza_impegnata<=1.5,Tutti,04,Sabato,22,0.07,2025
0<potenza_impegnata<=1.5,Tutti,04,Sabato,20,0.079,2025
0<potenza_impegnata<=1.5,Tutti,04,Sabato,1,0.048,2025
0<potenza_impegnata<=1.5,Residente,04,Giorno feriale,7,0.0754,2025
0<potenza_impegnata<=1.5,Tutti,04,Sabato,17,0.06,2025
0<potenza_impegnata<=1.5,Tutti,04,Sabato,15,0.062,2025
0<potenza_impegnata<=1.5,Tutti,04,Sabato,13,0.0645,2025
0<potenza_impegnata<=1.5,Tutti,04,Sabato,12,0.06625,2025
0<potenza_impegnata<=1.5,Residente,04,Sabato,12,0.089,2025
0<potenza_impegnata<=1.5,Tutti,04,Sabato,11,0.06425,2025
0<potenza_impegnata<=1.5,Tutti,04,Sabato,9,0.06525,2025
0<potenza_impegnata<=1.5,Tutti,04,Giorno feriale,8,0.0619,2025
0<potenza_impegnata<=1.5,Tutti,04,Giorno feriale,6,0.0493,2025
0<potenza_impegnata<=1.5,Residente,04,Sabato,18,0.0845,2025
0<potenza_impegnata<=1.5,Tutti,04,Giorno feriale,4,0.040650000000000006,2025
0<potenza_impegnata<=1.5,Tutti,04,Giorno feriale,2,0.04325,2025
0<potenza_impegnata<=1.5,Tutti,04,Giorno feriale,23,0.06375,2025
0<potenza_impegnata<=1.5,Tutti,04,Giorno feriale,22,0.07255,2025
0<potenza_impegnata<=1.5,Tutti,04,Giorno feriale,20,0.08614999999999999,2025
0<potenza_impegnata<=1.5,Tutti,04,Giorno feriale,1,0.048,2025
0<potenza_impegnata<=1.5,Residente,04,Sabato,3,0.0515,2025
0<potenza_impegnata<=1.5,Tutti,04,Giorno feriale,17,0.059750000000000004,2025
0<potenza_impegnata<=1.5,Tutti,04,Giorno feriale,15,0.05745,2025
0<potenza_impegnata<=1.5,Residente,04,Sabato,7,0.0705,2025
0<potenza_impegnata<=1.5,Tutti,04,Giorno feriale,13,0.06265000000000001,2025
0<potenza_impegnata<=1.5,Tutti,04,Giorno feriale,11,0.060149999999999995,2025
0<potenza_impegnata<=1.5,Tutti,04,Giorno feriale,10,0.05995,2025
0<potenza_impegnata<=1.5,Tutti,04,Giorno feriale,9,0.062,2025
0<potenza_impegnata<=1.5,Tutti,04,Domenica,8,0.0565,2025
0<potenza_impegnata<=1.5,Tutti,04,Domenica,6,0.042833333333333334,2025
0<potenza_impegnata<=1.5,Tutti,04,Domenica,5,0.041166666666666664,2025
0<potenza_impegnata<=1.5,Tutti,04,Domenica,14,0.061,2025
0<potenza_impegnata<=1.5,Tutti,04,Domenica,4,0.0405,2025
0<potenza_impegnata<=1.5,Tutti,04,Domenica,2,0.043500000000000004,2025
0<potenza_impegnata<=1.5,Tutti,04,Domenica,23,0.06083333333333333,2025
0<potenza_impegnata<=1.5,Tutti,04,Domenica,22,0.06949999999999999,2025
0<potenza_impegnata<=1.5,Tutti,04,Domenica,20,0.07933333333333333,2025
0<potenza_impegnata<=1.5,Tutti,04,Domenica,19,0.0715,2025
0<potenza_impegnata<=1.5,Tutti,04,Domenica,17,0.058166666666666665,2025
0<potenza_impegnata<=1.5,Tutti,04,Domenica,15,0.0595,2025
0<potenza_impegnata<=1.5,Tutti,04,Domenica,13,0.06466666666666666,2025
0<potenza_impegnata<=1.5,Tutti,04,Domenica,3,0.042166666666666665,2025
0<potenza_impegnata<=1.5,Tutti,04,Domenica,12,0.06883333333333333,2025
0<potenza_impegnata<=1.5,Tutti,04,Domenica,7,0.048666666666666664,2025
0<potenza_impegnata<=1.5,Tutti,04,Domenica,11,0.06866666666666667,2025
0<potenza_impegnata<=1.5,Tutti,04,Giorno feriale,0,0.055900000000000005,2025
0<potenza_impegnata<=1.5,Tutti,04,Domenica,9,0.06283333333333334,2025
0<potenza_impegnata<=1.5,Tutti,04,Domenica,0,0.05466666666666667,2025
0<potenza_impegnata<=1.5,Residente,04,Sabato,8,0.08175,2025
0<potenza_impegnata<=1.5,Tutti,04,Giorno feriale,12,0.0629,2025
0<potenza_impegnata<=1.5,Tutti,04,Giorno feriale,14,0.0595,2025
0<potenza_impegnata<=1.5,Residente,04,Sabato,6,0.05775,2025
0<potenza_impegnata<=1.5,Tutti,04,Giorno feriale,16,0.0583,2025
0<potenza_impegnata<=1.5,Residente,04,Sabato,4,0.05,2025
0<potenza_impegnata<=1.5,Tutti,04,Giorno feriale,18,0.06505000000000001,2025
0<potenza_impegnata<=1.5,Residente,04,Sabato,2,0.05625,2025
0<potenza_impegnata<=1.5,Tutti,04,Giorno feriale,19,0.07565,2025
0<potenza_impegnata<=1.5,Residente,04,Sabato,23,0.08175,2025
0<potenza_impegnata<=1.5,Residente,04,Sabato,22,0.09325,2025
0<potenza_impegnata<=1.5,Residente,04,Sabato,21,0.10175,2025
0<potenza_impegnata<=1.5,Residente,04,Sabato,5,0.051,2025
0<potenza_impegnata<=1.5,Residente,04,Sabato,20,0.10825,2025
0<potenza_impegnata<=1.5,Residente,04,Sabato,19,0.0975,2025
0<potenza_impegnata<=1.5,Tutti,04,Giorno feriale,3,0.0411,2025
0<potenza_impegnata<=1.5,Tutti,04,Domenica,10,0.0665,2025
0<potenza_impegnata<=1.5,Residente,04,Sabato,1,0.061,2025
0<potenza_impegnata<=1.5,Tutti,04,Giorno feriale,5,0.04365,2025
0<potenza_impegnata<=1.5,Tutti,04,Domenica,16,0.05716666666666667,2025
0<potenza_impegnata<=1.5,Tutti,04,Domenica,18,0.062,2025
0<potenza_impegnata<=1.5,Residente,04,Sabato,17,0.0805,2025
0<potenza_impegnata<=1.5,Tutti,04,Domenica,1,0.047999999999999994,2025
0<potenza_impegnata<=1.5,Tutti,04,Giorno feriale,7,0.05739999999999999,2025
0<potenza_impegnata<=1.5,Residente,04,Sabato,16,0.08125,2025
0<potenza_impegnata<=1.5,Tutti,04,Domenica,21,0.077,2025
0<potenza_impegnata<=1.5,Residente,04,Sabato,15,0.083,2025
0<potenza_impegnata<=1.5,Tutti,04,Sabato,0,0.055,2025
0<potenza_impegnata<=1.5,Residente,04,Sabato,14,0.08475,2025
0<potenza_impegnata<=1.5,Residente,04,Sabato,13,0.0865,2025
0<potenza_impegnata<=1.5,Tutti,04,Sabato,10,0.06375,2025
0<potenza_impegnata<=1.5,Residente,04,Sabato,11,0.085,2025
0<potenza_impegnata<=1.5,Residente,04,Sabato,10,0.085,2025
0<potenza_impegnata<=1.5,Tutti,04,Sabato,14,0.06375,2025
0<potenza_impegnata<=1.5,Residente,04,Sabato,9,0.088,2025
0<potenza_impegnata<=1.5,Tutti,04,Sabato,16,0.06025,2025
0<potenza_impegnata<=1.5,Residente,04,Sabato,0,0.071,2025
0<potenza_impegnata<=1.5,Residente,04,Giorno feriale,8,0.0813,2025
0<potenza_impegnata<=1.5,Tutti,04,Sabato,18,0.06175,2025
0<potenza_impegnata<=1.5,Residente,04,Giorno feriale,6,0.061399999999999996,2025
0<potenza_impegnata<=1.5,Tutti,04,Sabato,19,0.07025,2025
0<potenza_impegnata<=1.5,Residente,04,Giorno feriale,5,0.05355000000000001,2025
0<potenza_impegnata<=1.5,Residente,04,Giorno feriale,4,0.04955,2025
0<potenza_impegnata<=1.5,Residente,04,Giorno feriale,3,0.0495,2025
0<potenza_impegnata<=1.5,Tutti,04,Sabato,23,0.0625,2025
0<potenza_impegnata<=1.5,Residente,04,Giorno feriale,2,0.0526,2025
0<potenza_impegnata<=1.5,Residente,04,Giorno feriale,23,0.0818,2025
0<potenza_impegnata<=1.5,Tutti,04,Sabato,3,0.042,2025
0<potenza_impegnata<=1.5,Tutti,04,Giorno feriale,21,0.0805,2025
0<potenza_impegnata<=1.5,Residente,04,Giorno feriale,22,0.09405,2025
0<potenza_impegnata<=1.5,Tutti,04,Sabato,5,0.0415,2025
0<potenza_impegnata<=1.5,Residente,04,Giorno feriale,21,0.10629999999999999,2025
0<potenza_impegnata<=1.5,Residente,04,Giorno feriale,20,0.1162,2025
0<potenza_impegnata<=1.5,Tutti,04,Sabato,7,0.05375,2025
0<potenza_impegnata<=1.5,Residente,04,Giorno feriale,19,0.10369999999999999,2025
0<potenza_impegnata<=1.5,Residente,04,Giorno feriale,1,0.05945,2025
0<potenza_impegnata<=1.5,Residente,04,Giorno feriale,17,0.0786,2025
0<potenza_impegnata<=1.5,Residente,04,Giorno feriale,16,0.076,2025
0<potenza_impegnata<=1.5,Residente,04,Giorno feriale,15,0.07565,2025
0<potenza_impegnata<=1.5,Residente,04,Giorno feriale,14,0.07905,2025
0<potenza_impegnata<=1.5,Residente,04,Giorno feriale,13,0.08385,2025
0<potenza_impegnata<=1.5,Residente,04,Giorno feriale,12,0.083,2025
0<potenza_impegnata<=1.5,Residente,04,Giorno feriale,11,0.0776,2025
0<potenza_impegnata<=1.5,Residente,04,Giorno feriale,9,0.08145,2025
0<potenza_impegnata<=1.5,Residente,04,Domenica,3,0.051166666666666666,2025
0<potenza_impegnata<=1.5,Residente,04,Domenica,8,0.07766666666666668,2025
0<potenza_impegnata<=1.5,Residente,04,Domenica,6,0.0535,2025
0<potenza_impegnata<=1.5,Residente,04,Domenica,7,0.065,2025
0<potenza_impegnata<=1.5,Residente,04,Domenica,5,0.050333333333333334,2025
0<potenza_impegnata<=1.5,Residente,04,Domenica,4,0.04933333333333333,2025
0<potenza_impegnata<=1.5,Residente,04,Giorno feriale,0,0.0704,2025
0<potenza_impegnata<=1.5,Residente,04,Giorno feriale,10,0.07665,2025
0<potenza_impegnata<=1.5,Residente,04,Domenica,2,0.05366666666666667,2025
0<potenza_impegnata<=1.5,Residente,04,Domenica,23,0.0795,2025
0<potenza_impegnata<=1.5,Tutti,04,Sabato,21,0.0755,2025
0<potenza_impegnata<=1.5,Residente,04,Domenica,22,0.09183333333333334,2025
0<potenza_impegnata<=1.5,Residente,04,Domenica,21,0.103,2025
0<potenza_impegnata<=1.5,Residente,04,Domenica,20,0.10866666666666668,2025
0<potenza_impegnata<=1.5,Residente,04,Domenica,19,0.09949999999999999,2025
0<potenza_impegnata<=1.5,Residente,04,Domenica,1,0.06033333333333333,2025
0<potenza_impegnata<=1.5,Residente,04,Giorno feriale,18,0.08714999999999999,2025
0<potenza_impegnata<=1.5,Residente,04,Domenica,18,0.085,2025
0<potenza_impegnata<=1.5,Tutti,05,Giorno feriale,4,0.041047619047619055,2025
0<potenza_impegnata<=1.5,Residente,05,Giorno feriale,6,0.06247619047619048,2025
0<potenza_impegnata<=1.5,Tutti,05,Giorno feriale,9,0.061380952380952376,2025
0<potenza_impegnata<=1.5,Tutti,05,Domenica,14,0.061,2025
0<potenza_impegnata<=1.5,Non Residente,05,Sabato,18,0.0382,2025
0<potenza_impegnata<=1.5,Residente,05,Giorno feriale,17,0.07866666666666668,2025
0<potenza_impegnata<=1.5,Tutti,05,Sabato,13,0.0638,2025
0<potenza_impegnata<=1.5,Residente,05,Domenica,19,0.0982,2025
0<potenza_impegnata<=1.5,Non Residente,05,Domenica,4,0.0298,2025
0<potenza_impegnata<=1.5,Residente,05,Sabato,5,0.0536,2025
0<potenza_impegnata<=1.5,Residente,05,Sabato,10,0.081,2025
0<potenza_impegnata<=1.5,Residente,05,Domenica,5,0.051000000000000004,2025
0<potenza_impegnata<=1.5,Residente,05,Giorno feriale,13,0.08052380952380953,2025
0<potenza_impegnata<=1.5,Tutti,05,Domenica,1,0.048799999999999996,2025
0<potenza_impegnata<=1.5,Tutti,05,Domenica,9,0.0636,2025
0<potenza_impegnata<=1.5,Residente,05,Sabato,23,0.0806,2025
0<potenza_impegnata<=1.5,Non Residente,05,Domenica,23,0.0416,2025
0<potenza_impegnata<=1.5,Residente,05,Sabato,9,0.0852,2025
0<potenza_impegnata<=1.5,Residente,05,Giorno feriale,4,0.050761904761904765,2025
0<potenza_impegnata<=1.5,Non Residente,05,Sabato,14,0.036199999999999996,2025
0<potenza_impegnata<=1.5,Tutti,05,Sabato,8,0.059,2025
0<potenza_impegnata<=1.5,Non Residente,05,Giorno feriale,10,0.039714285714285716,2025
0<potenza_impegnata<=1.5,Tutti,05,Sabato,18,0.0636,2025
0<potenza_impegnata<=1.5,Tutti,05,Giorno feriale,6,0.047619047619047616,2025
0<potenza_impegnata<=1.5,Tutti,05,Giorno feriale,19,0.07376190476190476,2025
0<potenza_impegnata<=1.5,Non Residente,05,Domenica,8,0.0312,2025
0<potenza_impegnata<=1.5,Tutti,05,Domenica,8,0.05600000000000001,2025
0<potenza_impegnata<=1.5,Residente,05,Domenica,16,0.08,2025
0<potenza_impegnata<=1.5,Residente,05,Domenica,10,0.0892,2025
0<potenza_impegnata<=1.5,Residente,05,Sabato,8,0.07980000000000001,2025
0<potenza_impegnata<=1.5,Residente,05,Sabato,6,0.058399999999999994,2025
0<potenza_impegnata<=1.5,Non Residente,05,Domenica,2,0.0312,2025
0<potenza_impegnata<=1.5,Non Residente,05,Sabato,3,0.0304,2025
0<potenza_impegnata<=1.5,Residente,05,Sabato,19,0.093,2025
0<potenza_impegnata<=1.5,Non Residente,05,Sabato,2,0.031,2025
0<potenza_impegnata<=1.5,Non Residente,05,Sabato,23,0.040400000000000005,2025
0<potenza_impegnata<=1.5,Non Residente,05,Sabato,17,0.0364,2025
0<potenza_impegnata<=1.5,Residente,05,Giorno feriale,19,0.1006190476190476,2025
0<potenza_impegnata<=1.5,Non Residente,05,Domenica,20,0.0432,2025
0<potenza_impegnata<=1.5,Tutti,05,Sabato,4,0.040799999999999996,2025
0<potenza_impegnata<=1.5,Tutti,05,Sabato,16,0.0596,2025
0<potenza_impegnata<=1.5,Residente,05,Giorno feriale,11,0.07738095238095238,2025
0<potenza_impegnata<=1.5,Tutti,05,Sabato,14,0.061,2025
0<potenza_impegnata<=1.5,Tutti,05,Giorno feriale,2,0.043333333333333335,2025
0<potenza_impegnata<=1.5,Residente,05,Domenica,2,0.055400000000000005,2025
0<potenza_impegnata<=1.5,Residente,05,Domenica,1,0.062,2025
0<potenza_impegnata<=1.5,Tutti,05,Domenica,23,0.0632,2025
0<potenza_impegnata<=1.5,Residente,05,Domenica,13,0.0888,2025
0<potenza_impegnata<=1.5,Tutti,05,Domenica,18,0.0616,2025
0<potenza_impegnata<=1.5,Tutti,05,Domenica,15,0.060399999999999995,2025
0<potenza_impegnata<=1.5,Non Residente,05,Domenica,3,0.030199999999999998,2025
0<potenza_impegnata<=1.5,Non Residente,05,Domenica,11,0.0392,2025
0<potenza_impegnata<=1.5,Non Residente,05,Sabato,7,0.0318,2025
0<potenza_impegnata<=1.5,Residente,05,Sabato,4,0.0504,2025
0<potenza_impegnata<=1.5,Non Residente,05,Sabato,6,0.028599999999999997,2025
0<potenza_impegnata<=1.5,Residente,05,Sabato,1,0.0618,2025
0<potenza_impegnata<=1.5,Residente,05,Sabato,18,0.0848,2025
0<potenza_impegnata<=1.5,Residente,05,Sabato,16,0.079,2025
0<potenza_impegnata<=1.5,Residente,05,Sabato,15,0.08120000000000001,2025
0<potenza_impegnata<=1.5,Non Residente,05,Sabato,22,0.043,2025
0<potenza_impegnata<=1.5,Residente,05,Sabato,14,0.0818,2025
0<potenza_impegnata<=1.5,Residente,05,Sabato,11,0.08499999999999999,2025
0<potenza_impegnata<=1.5,Non Residente,05,Sabato,20,0.039400000000000004,2025
0<potenza_impegnata<=1.5,Non Residente,05,Sabato,19,0.0378,2025
0<potenza_impegnata<=1.5,Residente,05,Sabato,0,0.0718,2025
0<potenza_impegnata<=1.5,Non Residente,05,Sabato,4,0.029199999999999997,2025
0<potenza_impegnata<=1.5,Residente,05,Giorno feriale,5,0.054285714285714284,2025
0<potenza_impegnata<=1.5,Non Residente,05,Domenica,21,0.048,2025
0<potenza_impegnata<=1.5,Residente,05,Giorno feriale,3,0.05038095238095238,2025
0<potenza_impegnata<=1.5,Non Residente,05,Sabato,16,0.036199999999999996,2025
0<potenza_impegnata<=1.5,Non Residente,05,Sabato,8,0.0344,2025
0<potenza_impegnata<=1.5,Residente,05,Giorno feriale,22,0.09204761904761904,2025
0<potenza_impegnata<=1.5,Non Residente,05,Domenica,12,0.0382,2025
0<potenza_impegnata<=1.5,Residente,05,Domenica,0,0.0688,2025
0<potenza_impegnata<=1.5,Tutti,05,Sabato,2,0.0442,2025
0<potenza_impegnata<=1.5,Residente,05,Giorno feriale,16,0.07528571428571429,2025
0<potenza_impegnata<=1.5,Residente,05,Giorno feriale,15,0.07461904761904761,2025
0<potenza_impegnata<=1.5,Non Residente,05,Giorno feriale,9,0.03890476190476191,2025
0<potenza_impegnata<=1.5,Residente,05,Giorno feriale,10,0.0747142857142857,2025
0<potenza_impegnata<=1.5,Tutti,05,Sabato,12,0.065,2025
0<potenza_impegnata<=1.5,Non Residente,05,Domenica,9,0.0346,2025
0<potenza_impegnata<=1.5,Residente,05,Giorno feriale,9,0.08038095238095237,2025
0<potenza_impegnata<=1.5,Tutti,05,Giorno feriale,3,0.04123809523809524,2025
0<potenza_impegnata<=1.5,Tutti,05,Giorno feriale,23,0.06390476190476191,2025
0<potenza_impegnata<=1.5,Tutti,05,Giorno feriale,22,0.07152380952380952,2025
0<potenza_impegnata<=1.5,Residente,05,Domenica,4,0.05,2025
0<potenza_impegnata<=1.5,Tutti,05,Giorno feriale,21,0.0779047619047619,2025
0<potenza_impegnata<=1.5,Non Residente,05,Domenica,13,0.0376,2025
0<potenza_impegnata<=1.5,Tutti,05,Giorno feriale,20,0.0801904761904762,2025
0<potenza_impegnata<=1.5,Non Residente,05,Domenica,7,0.0288,2025
0<potenza_impegnata<=1.5,Tutti,05,Giorno feriale,18,0.06471428571428571,2025
0<potenza_impegnata<=1.5,Tutti,05,Giorno feriale,15,0.057,2025
0<potenza_impegnata<=1.5,Residente,05,Domenica,21,0.1004,2025
0<potenza_impegnata<=1.5,Tutti,05,Giorno feriale,12,0.062,2025
0<potenza_impegnata<=1.5,Residente,05,Domenica,8,0.07680000000000001,2025
0<potenza_impegnata<=1.5,Tutti,05,Giorno feriale,0,0.05533333333333333,2025
0<potenza_impegnata<=1.5,Tutti,05,Domenica,7,0.0484,2025
0<potenza_impegnata<=1.5,Residente,05,Domenica,18,0.08399999999999999,2025
0<potenza_impegnata<=1.5,Tutti,05,Domenica,4,0.040799999999999996,2025
0<potenza_impegnata<=1.5,Residente,05,Giorno feriale,12,0.08076190476190476,2025
0<potenza_impegnata<=1.5,Residente,05,Domenica,15,0.08259999999999999,2025
0<potenza_impegnata<=1.5,Tutti,05,Domenica,21,0.0764,2025
0<potenza_impegnata<=1.5,Residente,05,Giorno feriale,14,0.07757142857142857,2025
0<potenza_impegnata<=1.5,Tutti,05,Domenica,20,0.0766,2025
0<potenza_impegnata<=1.5,Non Residente,05,Domenica,14,0.0356,2025
0<potenza_impegnata<=1.5,Residente,05,Domenica,12,0.09,2025
0<potenza_impegnata<=1.5,Tutti,05,Domenica,16,0.059199999999999996,2025
0<potenza_impegnata<=1.5,Tutti,05,Domenica,12,0.0664,2025
0<potenza_impegnata<=1.5,Tutti,05,Domenica,11,0.068,2025
0<potenza_impegnata<=1.5,Residente,05,Domenica,9,0.088,2025
0<potenza_impegnata<=1.5,Tutti,05,Domenica,10,0.0656,2025
0<potenza_impegnata<=1.5,Non Residente,05,Giorno feriale,11,0.03961904761904762,2025
0<potenza_impegnata<=1.5,Tutti,05,Domenica,0,0.054200000000000005,2025
0<potenza_impegnata<=1.5,Residente,05,Sabato,7,0.0698,2025
0<potenza_impegnata<=1.5,Non Residente,05,Giorno feriale,12,0.03961904761904762,2025
0<potenza_impegnata<=1.5,Residente,05,Sabato,3,0.0522,2025
0<potenza_impegnata<=1.5,Residente,05,Sabato,2,0.055400000000000005,2025
0<potenza_impegnata<=1.5,Non Residente,05,Sabato,5,0.028599999999999997,2025
0<potenza_impegnata<=1.5,Non Residente,05,Giorno feriale,13,0.03728571428571429,2025
0<potenza_impegnata<=1.5,Non Residente,05,Domenica,15,0.034,2025
0<potenza_impegnata<=1.5,Non Residente,05,Giorno feriale,14,0.03595238095238095,2025
0<potenza_impegnata<=1.5,Residente,05,Sabato,17,0.08020000000000001,2025
0<potenza_impegnata<=1.5,Non Residente,05,Giorno feriale,15,0.0360952380952381,2025
0<potenza_impegnata<=1.5,Residente,05,Sabato,13,0.087,2025
0<potenza_impegnata<=1.5,Non Residente,05,Sabato,21,0.0444,2025
0<potenza_impegnata<=1.5,Residente,05,Sabato,12,0.0884,2025
0<potenza_impegnata<=1.5,Non Residente,05,Domenica,22,0.0458,2025
0<potenza_impegnata<=1.5,Non Residente,05,Giorno feriale,16,0.03666666666666667,2025
0<potenza_impegnata<=1.5,Residente,05,Sabato,20,0.099,2025
0<potenza_impegnata<=1.5,Non Residente,05,Giorno feriale,17,0.036904761904761905,2025
0<potenza_impegnata<=1.5,Residente,05,Sabato,21,0.099,2025
0<potenza_impegnata<=1.5,Residente,05,Giorno feriale,8,0.08028571428571428,2025
0<potenza_impegnata<=1.5,Non Residente,05,Domenica,0,0.037,2025
0<potenza_impegnata<=1.5,Non Residente,05,Sabato,1,0.0332,2025
0<potenza_impegnata<=1.5,Residente,05,Sabato,22,0.09140000000000001,2025
0<potenza_impegnata<=1.5,Residente,05,Giorno feriale,7,0.07476190476190477,2025
0<potenza_impegnata<=1.5,Non Residente,05,Domenica,16,0.034,2025
0<potenza_impegnata<=1.5,Non Residente,05,Giorno feriale,18,0.03828571428571429,2025
0<potenza_impegnata<=1.5,Non Residente,05,Giorno feriale,1,0.03323809523809524,2025
0<potenza_impegnata<=1.5,Residente,05,Giorno feriale,2,0.05319047619047619,2025
0<potenza_impegnata<=1.5,Residente,05,Giorno feriale,23,0.08147619047619047,2025
0<potenza_impegnata<=1.5,Non Residente,05,Sabato,15,0.0372,2025
0<potenza_impegnata<=1.5,Residente,05,Giorno feriale,21,0.10304761904761903,2025
0<potenza_impegnata<=1.5,Non Residente,05,Giorno feriale,19,0.041761904761904764,2025
0<potenza_impegnata<=1.5,Residente,05,Giorno feriale,20,0.10885714285714286,2025
0<potenza_impegnata<=1.5,Residente,05,Giorno feriale,1,0.06033333333333333,2025
0<potenza_impegnata<=1.5,Non Residente,05,Giorno feriale,20,0.04609523809523809,2025
0<potenza_impegnata<=1.5,Residente,05,Giorno feriale,18,0.08690476190476189,2025
0<potenza_impegnata<=1.5,Tutti,05,Sabato,5,0.0422,2025
0<potenza_impegnata<=1.5,Non Residente,05,Domenica,17,0.0346,2025
0<potenza_impegnata<=1.5,Tutti,05,Sabato,3,0.0422,2025
0<potenza_impegnata<=1.5,Non Residente,05,Giorno feriale,21,0.04823809523809525,2025
0<potenza_impegnata<=1.5,Tutti,05,Sabato,23,0.0622,2025
0<potenza_impegnata<=1.5,Tutti,05,Sabato,22,0.06939999999999999,2025
0<potenza_impegnata<=1.5,Tutti,05,Sabato,21,0.074,2025
0<potenza_impegnata<=1.5,Tutti,05,Sabato,20,0.0716,2025
0<potenza_impegnata<=1.5,Non Residente,05,Giorno feriale,22,0.04723809523809524,2025
0<potenza_impegnata<=1.5,Tutti,05,Sabato,19,0.0678,2025
0<potenza_impegnata<=1.5,Tutti,05,Sabato,1,0.0486,2025
0<potenza_impegnata<=1.5,Non Residente,05,Domenica,10,0.0374,2025
0<potenza_impegnata<=1.5,Non Residente,05,Giorno feriale,23,0.043095238095238096,2025
0<potenza_impegnata<=1.5,Tutti,05,Sabato,15,0.0612,2025
0<potenza_impegnata<=1.5,Non Residente,05,Giorno feriale,0,0.03828571428571429,2025
0<potenza_impegnata<=1.5,Tutti,05,Sabato,11,0.0638,2025
0<potenza_impegnata<=1.5,Non Residente,05,Giorno feriale,2,0.03166666666666667,2025
0<potenza_impegnata<=1.5,Tutti,05,Sabato,10,0.0606,2025
0<potenza_impegnata<=1.5,Tutti,05,Sabato,9,0.0624,2025
0<potenza_impegnata<=1.5,Residente,05,Giorno feriale,0,0.06985714285714287,2025
0<potenza_impegnata<=1.5,Non Residente,05,Domenica,18,0.0348,2025
0<potenza_impegnata<=1.5,Non Residente,05,Giorno feriale,3,0.03038095238095238,2025
0<potenza_impegnata<=1.5,Residente,05,Domenica,7,0.065,2025
0<potenza_impegnata<=1.5,Tutti,05,Giorno feriale,5,0.043142857142857136,2025
0<potenza_impegnata<=1.5,Residente,05,Domenica,6,0.05500000000000001,2025
0<potenza_impegnata<=1.5,Non Residente,05,Giorno feriale,4,0.029523809523809525,2025
0<potenza_impegnata<=1.5,Residente,05,Domenica,3,0.0524,2025
0<potenza_impegnata<=1.5,Non Residente,05,Giorno feriale,5,0.029857142857142856,2025
0<potenza_impegnata<=1.5,Tutti,05,Giorno feriale,1,0.04790476190476191,2025
0<potenza_impegnata<=1.5,Tutti,05,Giorno feriale,17,0.05961904761904762,2025
0<potenza_impegnata<=1.5,Residente,05,Domenica,23,0.0814,2025
0<potenza_impegnata<=1.5,Non Residente,05,Giorno feriale,6,0.030095238095238095,2025
0<potenza_impegnata<=1.5,Tutti,05,Giorno feriale,16,0.05771428571428571,2025
0<potenza_impegnata<=1.5,Residente,05,Domenica,22,0.094,2025
0<potenza_impegnata<=1.5,Non Residente,05,Domenica,1,0.0332,2025
0<potenza_impegnata<=1.5,Tutti,05,Giorno feriale,14,0.05852380952380953,2025
0<potenza_impegnata<=1.5,Tutti,05,Giorno feriale,13,0.060809523809523806,2025
0<potenza_impegnata<=1.5,Non Residente,05,Giorno feriale,7,0.03442857142857143,2025
0<potenza_impegnata<=1.5,Non Residente,05,Domenica,6,0.026600000000000002,2025
0<potenza_impegnata<=1.5,Tutti,05,Giorno feriale,11,0.06014285714285714,2025
0<potenza_impegnata<=1.5,Residente,05,Domenica,20,0.1048,2025
0<potenza_impegnata<=1.5,Tutti,05,Giorno feriale,10,0.05871428571428572,2025
0<potenza_impegnata<=1.5,Non Residente,05,Giorno feriale,8,0.037142857142857144,2025
0<potenza_impegnata<=1.5,Tutti,05,Giorno feriale,7,0.05633333333333333,2025
0<potenza_impegnata<=1.5,Tutti,05,Giorno feriale,8,0.060571428571428575,2025
0<potenza_impegnata<=1.5,Tutti,05,Sabato,0,0.05620000000000001,2025
0<potenza_impegnata<=1.5,Non Residente,05,Sabato,0,0.0378,2025
0<potenza_impegnata<=1.5,Tutti,05,Domenica,6,0.041999999999999996,2025
0<potenza_impegnata<=1.5,Tutti,05,Domenica,5,0.040799999999999996,2025
0<potenza_impegnata<=1.5,Non Residente,05,Domenica,5,0.0288,2025
0<potenza_impegnata<=1.5,Non Residente,05,Sabato,9,0.0356,2025
0<potenza_impegnata<=1.5,Residente,05,Domenica,17,0.0822,2025
0<potenza_impegnata<=1.5,Tutti,05,Domenica,3,0.0422,2025
0<potenza_impegnata<=1.5,Non Residente,05,Domenica,19,0.0376,2025
0<potenza_impegnata<=1.5,Tutti,05,Domenica,2,0.0444,2025
0<potenza_impegnata<=1.5,Tutti,05,Sabato,17,0.0602,2025
0<potenza_impegnata<=1.5,Non Residente,05,Sabato,10,0.0364,2025
0<potenza_impegnata<=1.5,Tutti,05,Domenica,22,0.072,2025
0<potenza_impegnata<=1.5,Non Residente,05,Sabato,11,0.0386,2025
0<potenza_impegnata<=1.5,Residente,05,Domenica,14,0.08259999999999999,2025
0<potenza_impegnata<=1.5,Tutti,05,Domenica,19,0.0706,2025
0<potenza_impegnata<=1.5,Non Residente,05,Sabato,12,0.0372,2025
0<potenza_impegnata<=1.5,Tutti,05,Domenica,17,0.0606,2025
0<potenza_impegnata<=1.5,Residente,05,Domenica,11,0.09240000000000001,2025
0<potenza_impegnata<=1.5,Tutti,05,Sabato,6,0.0448,2025
0<potenza_impegnata<=1.5,Non Residente,05,Sabato,13,0.036199999999999996,2025
0<potenza_impegnata<=1.5,Tutti,05,Sabato,7,0.0524,2025
0<potenza_impegnata<=1.5,Tutti,05,Domenica,13,0.0654,2025
0<potenza_impegnata<=1.5,Tutti,06,Giorno feriale,4,0.054000000000000006,2025
0<potenza_impegnata<=1.5,Residente,06,Giorno feriale,6,0.074,2025
0<potenza_impegnata<=1.5,Tutti,06,Giorno feriale,9,0.06355,2025
0<potenza_impegnata<=1.5,Tutti,06,Domenica,14,0.071,2025
0<potenza_impegnata<=1.5,Non Residente,06,Sabato,18,0.04625,2025
0<potenza_impegnata<=1.5,Residente,06,Giorno feriale,17,0.09685,2025
0<potenza_impegnata<=1.5,Tutti,06,Sabato,13,0.0765,2025
0<potenza_impegnata<=1.5,Residente,06,Domenica,19,0.10716666666666667,2025
0<potenza_impegnata<=1.5,Non Residente,06,Domenica,4,0.034833333333333334,2025
0<potenza_impegnata<=1.5,Residente,06,Sabato,5,0.075,2025
0<potenza_impegnata<=1.5,Residente,06,Sabato,10,0.08975,2025
0<potenza_impegnata<=1.5,Residente,06,Domenica,5,0.0665,2025
0<potenza_impegnata<=1.5,Residente,06,Giorno feriale,13,0.09154999999999999,2025
0<potenza_impegnata<=1.5,Tutti,06,Domenica,1,0.06216666666666667,2025
0<potenza_impegnata<=1.5,Tutti,06,Domenica,9,0.0655,2025
0<potenza_impegnata<=1.5,Residente,06,Sabato,23,0.10425,2025
0<potenza_impegnata<=1.5,Non Residente,06,Domenica,23,0.049833333333333334,2025
0<potenza_impegnata<=1.5,Residente,06,Sabato,9,0.089,2025
0<potenza_impegnata<=1.5,Residente,06,Giorno feriale,4,0.06885000000000001,2025
0<potenza_impegnata<=1.5,Non Residente,06,Sabato,14,0.04275,2025
0<potenza_impegnata<=1.5,Tutti,06,Sabato,8,0.0645,2025
0<potenza_impegnata<=1.5,Non Residente,06,Giorno feriale,10,0.0412,2025
0<potenza_impegnata<=1.5,Tutti,06,Sabato,18,0.07975,2025
0<potenza_impegnata<=1.5,Tutti,06,Giorno feriale,6,0.05585,2025
0<potenza_impegnata<=1.5,Tutti,06,Giorno feriale,19,0.08245,2025
0<potenza_impegnata<=1.5,Non Residente,06,Domenica,8,0.034666666666666665,2025
0<potenza_impegnata<=1.5,Tutti,06,Domenica,8,0.06016666666666667,2025
0<potenza_impegnata<=1.5,Residente,06,Domenica,16,0.09866666666666667,2025
0<potenza_impegnata<=1.5,Residente,06,Domenica,10,0.09283333333333334,2025
0<potenza_impegnata<=1.5,Residente,06,Sabato,8,0.087,2025
0<potenza_impegnata<=1.5,Residente,06,Sabato,6,0.0775,2025
0<potenza_impegnata<=1.5,Non Residente,06,Domenica,2,0.03783333333333334,2025
0<potenza_impegnata<=1.5,Non Residente,06,Sabato,3,0.041,2025
0<potenza_impegnata<=1.5,Residente,06,Sabato,19,0.11175,2025
0<potenza_impegnata<=1.5,Non Residente,06,Sabato,2,0.041,2025
0<potenza_impegnata<=1.5,Non Residente,06,Sabato,23,0.04875,2025
0<potenza_impegnata<=1.5,Non Residente,06,Sabato,17,0.045,2025
0<potenza_impegnata<=1.5,Residente,06,Giorno feriale,19,0.1135,2025
0<potenza_impegnata<=1.5,Non Residente,06,Domenica,20,0.045000000000000005,2025
0<potenza_impegnata<=1.5,Tutti,06,Sabato,4,0.05825,2025
0<potenza_impegnata<=1.5,Tutti,06,Sabato,16,0.0785,2025
0<potenza_impegnata<=1.5,Residente,06,Giorno feriale,11,0.0844,2025
0<potenza_impegnata<=1.5,Tutti,06,Sabato,14,0.077,2025
0<potenza_impegnata<=1.5,Tutti,06,Giorno feriale,2,0.059149999999999994,2025
0<potenza_impegnata<=1.5,Residente,06,Domenica,2,0.075,2025
0<potenza_impegnata<=1.5,Residente,06,Domenica,1,0.08133333333333333,2025
0<potenza_impegnata<=1.5,Tutti,06,Domenica,23,0.0785,2025
0<potenza_impegnata<=1.5,Residente,06,Domenica,13,0.09749999999999999,2025
0<potenza_impegnata<=1.5,Tutti,06,Domenica,18,0.07366666666666667,2025
0<potenza_impegnata<=1.5,Tutti,06,Domenica,15,0.07166666666666667,2025
0<potenza_impegnata<=1.5,Non Residente,06,Domenica,3,0.036166666666666666,2025
0<potenza_impegnata<=1.5,Non Residente,06,Domenica,11,0.0395,2025
0<potenza_impegnata<=1.5,Non Residente,06,Sabato,7,0.037,2025
0<potenza_impegnata<=1.5,Residente,06,Sabato,4,0.0745,2025
0<potenza_impegnata<=1.5,Non Residente,06,Sabato,6,0.034,2025
0<potenza_impegnata<=1.5,Residente,06,Sabato,1,0.09,2025
0<potenza_impegnata<=1.5,Residente,06,Sabato,18,0.1085,2025
0<potenza_impegnata<=1.5,Residente,06,Sabato,16,0.10725,2025
0<potenza_impegnata<=1.5,Residente,06,Sabato,15,0.10625,2025
0<potenza_impegnata<=1.5,Non Residente,06,Sabato,22,0.05,2025
0<potenza_impegnata<=1.5,Residente,06,Sabato,14,0.1065,2025
0<potenza_impegnata<=1.5,Residente,06,Sabato,11,0.09425,2025
0<potenza_impegnata<=1.5,Non Residente,06,Sabato,20,0.04725,2025
0<potenza_impegnata<=1.5,Non Residente,06,Sabato,19,0.04475,2025
0<potenza_impegnata<=1.5,Residente,06,Sabato,0,0.0985,2025
0<potenza_impegnata<=1.5,Non Residente,06,Sabato,4,0.03925,2025
0<potenza_impegnata<=1.5,Residente,06,Giorno feriale,5,0.06960000000000001,2025
0<potenza_impegnata<=1.5,Non Residente,06,Domenica,21,0.048499999999999995,2025
0<potenza_impegnata<=1.5,Residente,06,Giorno feriale,3,0.0713,2025
0<potenza_impegnata<=1.5,Non Residente,06,Sabato,16,0.04475,2025
0<potenza_impegnata<=1.5,Non Residente,06,Sabato,8,0.03825,2025
0<potenza_impegnata<=1.5,Residente,06,Giorno feriale,22,0.11379999999999998,2025
0<potenza_impegnata<=1.5,Non Residente,06,Domenica,12,0.0405,2025
0<potenza_impegnata<=1.5,Residente,06,Domenica,0,0.08900000000000001,2025
0<potenza_impegnata<=1.5,Tutti,06,Sabato,2,0.06425,2025
0<potenza_impegnata<=1.5,Residente,06,Giorno feriale,16,0.09455,2025
0<potenza_impegnata<=1.5,Residente,06,Giorno feriale,15,0.09119999999999999,2025
0<potenza_impegnata<=1.5,Non Residente,06,Giorno feriale,9,0.04125,2025
0<potenza_impegnata<=1.5,Residente,06,Giorno feriale,10,0.08055,2025
0<potenza_impegnata<=1.5,Tutti,06,Sabato,12,0.07475,2025
0<potenza_impegnata<=1.5,Non Residente,06,Domenica,9,0.03766666666666667,2025
0<potenza_impegnata<=1.5,Residente,06,Giorno feriale,9,0.08275,2025
0<potenza_impegnata<=1.5,Tutti,06,Giorno feriale,3,0.05595,2025
0<potenza_impegnata<=1.5,Tutti,06,Giorno feriale,23,0.08005,2025
0<potenza_impegnata<=1.5,Tutti,06,Giorno feriale,22,0.08665,2025
0<potenza_impegnata<=1.5,Residente,06,Domenica,4,0.06783333333333333,2025
0<potenza_impegnata<=1.5,Tutti,06,Giorno feriale,21,0.08915,2025
0<potenza_impegnata<=1.5,Non Residente,06,Domenica,13,0.041,2025
0<potenza_impegnata<=1.5,Tutti,06,Giorno feriale,20,0.08695,2025
0<potenza_impegnata<=1.5,Non Residente,06,Domenica,7,0.03183333333333333,2025
0<potenza_impegnata<=1.5,Tutti,06,Giorno feriale,18,0.0759,2025
0<potenza_impegnata<=1.5,Tutti,06,Giorno feriale,15,0.06910000000000001,2025
0<potenza_impegnata<=1.5,Residente,06,Domenica,21,0.114,2025
0<potenza_impegnata<=1.5,Tutti,06,Giorno feriale,12,0.06755,2025
0<potenza_impegnata<=1.5,Residente,06,Domenica,8,0.08183333333333333,2025
0<potenza_impegnata<=1.5,Tutti,06,Giorno feriale,0,0.07085,2025
0<potenza_impegnata<=1.5,Tutti,06,Domenica,7,0.05433333333333334,2025
0<potenza_impegnata<=1.5,Residente,06,Domenica,18,0.10066666666666667,2025
0<potenza_impegnata<=1.5,Tutti,06,Domenica,4,0.0525,2025
0<potenza_impegnata<=1.5,Residente,06,Giorno feriale,12,0.08935,2025
0<potenza_impegnata<=1.5,Residente,06,Domenica,15,0.09749999999999999,2025
0<potenza_impegnata<=1.5,Tutti,06,Domenica,21,0.084,2025
0<potenza_impegnata<=1.5,Residente,06,Giorno feriale,14,0.09245,2025
0<potenza_impegnata<=1.5,Tutti,06,Domenica,20,0.08116666666666666,2025
0<potenza_impegnata<=1.5,Non Residente,06,Domenica,14,0.0405,2025
0<potenza_impegnata<=1.5,Residente,06,Domenica,12,0.09799999999999999,2025
0<potenza_impegnata<=1.5,Tutti,06,Domenica,16,0.072,2025
0<potenza_impegnata<=1.5,Tutti,06,Domenica,12,0.07166666666666667,2025
0<potenza_impegnata<=1.5,Tutti,06,Domenica,11,0.06783333333333333,2025
0<potenza_impegnata<=1.5,Residente,06,Domenica,9,0.08933333333333333,2025
0<potenza_impegnata<=1.5,Tutti,06,Domenica,10,0.06866666666666667,2025
0<potenza_impegnata<=1.5,Non Residente,06,Giorno feriale,11,0.041999999999999996,2025
0<potenza_impegnata<=1.5,Tutti,06,Domenica,0,0.06816666666666667,2025
0<potenza_impegnata<=1.5,Residente,06,Sabato,7,0.08175,2025
0<potenza_impegnata<=1.5,Non Residente,06,Giorno feriale,12,0.04195,2025
0<potenza_impegnata<=1.5,Residente,06,Sabato,3,0.07875,2025
0<potenza_impegnata<=1.5,Residente,06,Sabato,2,0.084,2025
0<potenza_impegnata<=1.5,Non Residente,06,Sabato,5,0.036,2025
0<potenza_impegnata<=1.5,Non Residente,06,Giorno feriale,13,0.0407,2025
0<potenza_impegnata<=1.5,Non Residente,06,Domenica,15,0.0415,2025
0<potenza_impegnata<=1.5,Non Residente,06,Giorno feriale,14,0.0408,2025
0<potenza_impegnata<=1.5,Residente,06,Sabato,17,0.10825,2025
0<potenza_impegnata<=1.5,Non Residente,06,Giorno feriale,15,0.04335,2025
0<potenza_impegnata<=1.5,Residente,06,Sabato,13,0.10525,2025
0<potenza_impegnata<=1.5,Non Residente,06,Sabato,21,0.05075,2025
0<potenza_impegnata<=1.5,Residente,06,Sabato,12,0.10275,2025
0<potenza_impegnata<=1.5,Non Residente,06,Domenica,22,0.0515,2025
0<potenza_impegnata<=1.5,Non Residente,06,Giorno feriale,16,0.045099999999999994,2025
0<potenza_impegnata<=1.5,Residente,06,Sabato,20,0.1145,2025
0<potenza_impegnata<=1.5,Non Residente,06,Giorno feriale,17,0.04505,2025
0<potenza_impegnata<=1.5,Residente,06,Sabato,21,0.11625,2025
0<potenza_impegnata<=1.5,Residente,06,Giorno feriale,8,0.082,2025
0<potenza_impegnata<=1.5,Non Residente,06,Domenica,0,0.043833333333333335,2025
0<potenza_impegnata<=1.5,Non Residente,06,Sabato,1,0.044,2025
0<potenza_impegnata<=1.5,Residente,06,Sabato,22,0.11275,2025
0<potenza_impegnata<=1.5,Residente,06,Giorno feriale,7,0.07925000000000001,2025
0<potenza_impegnata<=1.5,Non Residente,06,Domenica,16,0.0405,2025
0<potenza_impegnata<=1.5,Non Residente,06,Giorno feriale,18,0.045500000000000006,2025
0<potenza_impegnata<=1.5,Non Residente,06,Giorno feriale,1,0.0422,2025
0<potenza_impegnata<=1.5,Residente,06,Giorno feriale,2,0.0755,2025
0<potenza_impegnata<=1.5,Residente,06,Giorno feriale,23,0.1046,2025
0<potenza_impegnata<=1.5,Non Residente,06,Sabato,15,0.04375,2025
0<potenza_impegnata<=1.5,Residente,06,Giorno feriale,21,0.119,2025
0<potenza_impegnata<=1.5,Non Residente,06,Giorno feriale,19,0.045899999999999996,2025
0<potenza_impegnata<=1.5,Residente,06,Giorno feriale,20,0.11944999999999999,2025
0<potenza_impegnata<=1.5,Residente,06,Giorno feriale,1,0.0827,2025
0<potenza_impegnata<=1.5,Non Residente,06,Giorno feriale,20,0.048799999999999996,2025
0<potenza_impegnata<=1.5,Residente,06,Giorno feriale,18,0.10175000000000001,2025
0<potenza_impegnata<=1.5,Tutti,06,Sabato,5,0.057,2025
0<potenza_impegnata<=1.5,Non Residente,06,Domenica,17,0.04133333333333333,2025
0<potenza_impegnata<=1.5,Tutti,06,Sabato,3,0.06125,2025
0<potenza_impegnata<=1.5,Non Residente,06,Giorno feriale,21,0.05415,2025
0<potenza_impegnata<=1.5,Tutti,06,Sabato,23,0.07875,2025
0<potenza_impegnata<=1.5,Tutti,06,Sabato,22,0.08375,2025
0<potenza_impegnata<=1.5,Tutti,06,Sabato,21,0.086,2025
0<potenza_impegnata<=1.5,Tutti,06,Sabato,20,0.0835,2025
0<potenza_impegnata<=1.5,Non Residente,06,Giorno feriale,22,0.05475,2025
0<potenza_impegnata<=1.5,Tutti,06,Sabato,19,0.081,2025
0<potenza_impegnata<=1.5,Tutti,06,Sabato,1,0.06875,2025
0<potenza_impegnata<=1.5,Non Residente,06,Domenica,10,0.04016666666666666,2025
0<potenza_impegnata<=1.5,Non Residente,06,Giorno feriale,23,0.05135000000000001,2025
0<potenza_impegnata<=1.5,Tutti,06,Sabato,15,0.0775,2025
0<potenza_impegnata<=1.5,Non Residente,06,Giorno feriale,0,0.046099999999999995,2025
0<potenza_impegnata<=1.5,Tutti,06,Sabato,11,0.0695,2025
0<potenza_impegnata<=1.5,Non Residente,06,Giorno feriale,2,0.040100000000000004,2025
0<potenza_impegnata<=1.5,Tutti,06,Sabato,10,0.067,2025
0<potenza_impegnata<=1.5,Tutti,06,Sabato,9,0.06625,2025
0<potenza_impegnata<=1.5,Residente,06,Giorno feriale,0,0.0921,2025
0<potenza_impegnata<=1.5,Non Residente,06,Domenica,18,0.042166666666666665,2025
0<potenza_impegnata<=1.5,Non Residente,06,Giorno feriale,3,0.03805,2025
0<potenza_impegnata<=1.5,Residente,06,Domenica,7,0.07366666666666667,2025
0<potenza_impegnata<=1.5,Tutti,06,Giorno feriale,5,0.053849999999999995,2025
0<potenza_impegnata<=1.5,Residente,06,Domenica,6,0.06849999999999999,2025
0<potenza_impegnata<=1.5,Non Residente,06,Giorno feriale,4,0.03655,2025
0<potenza_impegnata<=1.5,Residente,06,Domenica,3,0.07066666666666667,2025
0<potenza_impegnata<=1.5,Non Residente,06,Giorno feriale,5,0.0352,2025
0<potenza_impegnata<=1.5,Tutti,06,Giorno feriale,1,0.06405,2025
0<potenza_impegnata<=1.5,Tutti,06,Giorno feriale,17,0.07295,2025
0<potenza_impegnata<=1.5,Residente,06,Domenica,23,0.10333333333333333,2025
0<potenza_impegnata<=1.5,Non Residente,06,Giorno feriale,6,0.034550000000000004,2025
0<potenza_impegnata<=1.5,Tutti,06,Giorno feriale,16,0.0717,2025
0<potenza_impegnata<=1.5,Residente,06,Domenica,22,0.1115,2025
0<potenza_impegnata<=1.5,Non Residente,06,Domenica,1,0.03966666666666666,2025
0<potenza_impegnata<=1.5,Tutti,06,Giorno feriale,14,0.06855,2025
0<potenza_impegnata<=1.5,Tutti,06,Giorno feriale,13,0.06815,2025
0<potenza_impegnata<=1.5,Non Residente,06,Giorno feriale,7,0.0374,2025
0<potenza_impegnata<=1.5,Non Residente,06,Domenica,6,0.03,2025
0<potenza_impegnata<=1.5,Tutti,06,Giorno feriale,11,0.0648,2025
0<potenza_impegnata<=1.5,Residente,06,Domenica,20,0.112,2025
0<potenza_impegnata<=1.5,Tutti,06,Giorno feriale,10,0.062349999999999996,2025
0<potenza_impegnata<=1.5,Non Residente,06,Giorno feriale,8,0.03955,2025
0<potenza_impegnata<=1.5,Tutti,06,Giorno feriale,7,0.060050000000000006,2025
0<potenza_impegnata<=1.5,Tutti,06,Giorno feriale,8,0.062450000000000006,2025
0<potenza_impegnata<=1.5,Tutti,06,Sabato,0,0.07525,2025
0<potenza_impegnata<=1.5,Non Residente,06,Sabato,0,0.048,2025
0<potenza_impegnata<=1.5,Tutti,06,Domenica,6,0.050666666666666665,2025
0<potenza_impegnata<=1.5,Tutti,06,Domenica,5,0.051,2025
0<potenza_impegnata<=1.5,Non Residente,06,Domenica,5,0.033,2025
0<potenza_impegnata<=1.5,Non Residente,06,Sabato,9,0.03975,2025
0<potenza_impegnata<=1.5,Residente,06,Domenica,17,0.10033333333333333,2025
0<potenza_impegnata<=1.5,Tutti,06,Domenica,3,0.05466666666666667,2025
0<potenza_impegnata<=1.5,Non Residente,06,Domenica,19,0.043333333333333335,2025
0<potenza_impegnata<=1.5,Tutti,06,Domenica,2,0.05783333333333333,2025
0<potenza_impegnata<=1.5,Tutti,06,Sabato,17,0.079,2025
0<potenza_impegnata<=1.5,Non Residente,06,Sabato,10,0.0405,2025
0<potenza_impegnata<=1.5,Tutti,06,Domenica,22,0.08383333333333333,2025
0<potenza_impegnata<=1.5,Non Residente,06,Sabato,11,0.04025,2025
0<potenza_impegnata<=1.5,Residente,06,Domenica,14,0.09716666666666667,2025
0<potenza_impegnata<=1.5,Tutti,06,Domenica,19,0.07783333333333334,2025
0<potenza_impegnata<=1.5,Non Residente,06,Sabato,12,0.04225,2025
0<potenza_impegnata<=1.5,Tutti,06,Domenica,17,0.07316666666666667,2025
0<potenza_impegnata<=1.5,Residente,06,Domenica,11,0.09183333333333334,2025
0<potenza_impegnata<=1.5,Tutti,06,Sabato,6,0.0575,2025
0<potenza_impegnata<=1.5,Non Residente,06,Sabato,13,0.043,2025
0<potenza_impegnata<=1.5,Tutti,06,Sabato,7,0.06125,2025
0<potenza_impegnata<=1.5,Tutti,06,Domenica,13,0.0715,2025
0<potenza_impegnata<=1.5,Residente,07,Domenica,17,0.08875,2025
0<potenza_impegnata<=1.5,Residente,07,Domenica,16,0.08875,2025
0<potenza_impegnata<=1.5,Residente,07,Domenica,15,0.085,2025
0<potenza_impegnata<=1.5,Residente,07,Domenica,14,0.086,2025
0<potenza_impegnata<=1.5,Residente,07,Domenica,13,0.089,2025
0<potenza_impegnata<=1.5,Residente,07,Domenica,12,0.0885,2025
0<potenza_impegnata<=1.5,Residente,07,Domenica,11,0.08525,2025
0<potenza_impegnata<=1.5,Residente,07,Domenica,10,0.0805,2025
0<potenza_impegnata<=1.5,Residente,07,Domenica,9,0.07975,2025
0<potenza_impegnata<=1.5,Residente,07,Domenica,0,0.0845,2025
0<potenza_impegnata<=1.5,Non Residente,07,Sabato,8,0.0365,2025
0<potenza_impegnata<=1.5,Non Residente,07,Sabato,7,0.03475,2025
0<potenza_impegnata<=1.5,Non Residente,07,Sabato,6,0.034,2025
0<potenza_impegnata<=1.5,Non Residente,07,Sabato,5,0.036,2025
0<potenza_impegnata<=1.5,Non Residente,07,Sabato,4,0.03775,2025
0<potenza_impegnata<=1.5,Non Residente,07,Sabato,3,0.03875,2025
0<potenza_impegnata<=1.5,Non Residente,07,Sabato,2,0.04,2025
0<potenza_impegnata<=1.5,Non Residente,07,Sabato,23,0.0455,2025
0<potenza_impegnata<=1.5,Non Residente,07,Sabato,22,0.0455,2025
0<potenza_impegnata<=1.5,Non Residente,07,Sabato,21,0.04375,2025
0<potenza_impegnata<=1.5,Non Residente,07,Sabato,20,0.03925,2025
0<potenza_impegnata<=1.5,Non Residente,07,Sabato,19,0.038,2025
0<potenza_impegnata<=1.5,Non Residente,07,Sabato,1,0.042,2025
0<potenza_impegnata<=1.5,Non Residente,07,Sabato,18,0.03925,2025
0<potenza_impegnata<=1.5,Non Residente,07,Sabato,17,0.03975,2025
0<potenza_impegnata<=1.5,Non Residente,07,Sabato,16,0.039,2025
0<potenza_impegnata<=1.5,Non Residente,07,Sabato,15,0.03925,2025
0<potenza_impegnata<=1.5,Non Residente,07,Sabato,14,0.03825,2025
0<potenza_impegnata<=1.5,Non Residente,07,Sabato,13,0.0385,2025
0<potenza_impegnata<=1.5,Non Residente,07,Sabato,12,0.0385,2025
0<potenza_impegnata<=1.5,Non Residente,07,Sabato,11,0.03975,2025
0<potenza_impegnata<=1.5,Non Residente,07,Sabato,10,0.03925,2025
0<potenza_impegnata<=1.5,Non Residente,07,Sabato,9,0.03875,2025
0<potenza_impegnata<=1.5,Non Residente,07,Sabato,0,0.0455,2025
0<potenza_impegnata<=1.5,Non Residente,07,Giorno feriale,8,0.03713043478260869,2025
0<potenza_impegnata<=1.5,Non Residente,07,Giorno feriale,7,0.035826086956521744,2025
0<potenza_impegnata<=1.5,Non Residente,07,Giorno feriale,6,0.03382608695652174,2025
0<potenza_impegnata<=1.5,Non Residente,07,Giorno feriale,5,0.03560869565217391,2025
0<potenza_impegnata<=1.5,Non Residente,07,Giorno feriale,4,0.036347826086956525,2025
0<potenza_impegnata<=1.5,Non Residente,07,Giorno feriale,3,0.03778260869565218,2025
0<potenza_impegnata<=1.5,Non Residente,07,Giorno feriale,2,0.03965217391304349,2025
0<potenza_impegnata<=1.5,Non Residente,07,Giorno feriale,23,0.048,2025
0<potenza_impegnata<=1.5,Non Residente,07,Giorno feriale,22,0.05073913043478261,2025
0<potenza_impegnata<=1.5,Non Residente,07,Giorno feriale,21,0.04991304347826087,2025
0<potenza_impegnata<=1.5,Non Residente,07,Giorno feriale,20,0.04386956521739131,2025
0<potenza_impegnata<=1.5,Non Residente,07,Giorno feriale,19,0.042043478260869564,2025
0<potenza_impegnata<=1.5,Non Residente,07,Giorno feriale,1,0.041956521739130434,2025
0<potenza_impegnata<=1.5,Non Residente,07,Giorno feriale,18,0.041086956521739125,2025
0<potenza_impegnata<=1.5,Non Residente,07,Giorno feriale,17,0.040739130434782604,2025
0<potenza_impegnata<=1.5,Non Residente,07,Giorno feriale,16,0.04069565217391304,2025
0<potenza_impegnata<=1.5,Non Residente,07,Giorno feriale,15,0.04030434782608695,2025
0<potenza_impegnata<=1.5,Non Residente,07,Giorno feriale,14,0.03865217391304348,2025
0<potenza_impegnata<=1.5,Non Residente,07,Giorno feriale,13,0.03865217391304348,2025
0<potenza_impegnata<=1.5,Non Residente,07,Giorno feriale,12,0.03869565217391304,2025
0<potenza_impegnata<=1.5,Non Residente,07,Giorno feriale,11,0.03886956521739131,2025
0<potenza_impegnata<=1.5,Non Residente,07,Giorno feriale,10,0.03882608695652174,2025
0<potenza_impegnata<=1.5,Non Residente,07,Giorno feriale,9,0.03839130434782609,2025
0<potenza_impegnata<=1.5,Non Residente,07,Giorno feriale,0,0.04591304347826087,2025
0<potenza_impegnata<=1.5,Non Residente,07,Domenica,8,0.033,2025
0<potenza_impegnata<=1.5,Non Residente,07,Domenica,7,0.03125,2025
0<potenza_impegnata<=1.5,Non Residente,07,Domenica,6,0.0305,2025
0<potenza_impegnata<=1.5,Non Residente,07,Domenica,5,0.03425,2025
0<potenza_impegnata<=1.5,Non Residente,07,Domenica,4,0.03575,2025
0<potenza_impegnata<=1.5,Non Residente,07,Domenica,3,0.03775,2025
0<potenza_impegnata<=1.5,Non Residente,07,Domenica,2,0.04,2025
0<potenza_impegnata<=1.5,Non Residente,07,Domenica,23,0.04675,2025
0<potenza_impegnata<=1.5,Non Residente,07,Domenica,22,0.04725,2025
0<potenza_impegnata<=1.5,Non Residente,07,Domenica,21,0.04725,2025
0<potenza_impegnata<=1.5,Non Residente,07,Domenica,20,0.04375,2025
0<potenza_impegnata<=1.5,Non Residente,07,Domenica,19,0.04075,2025
0<potenza_impegnata<=1.5,Non Residente,07,Domenica,1,0.041,2025
0<potenza_impegnata<=1.5,Non Residente,07,Domenica,18,0.03925,2025
0<potenza_impegnata<=1.5,Non Residente,07,Domenica,17,0.03875,2025
0<potenza_impegnata<=1.5,Non Residente,07,Domenica,16,0.0385,2025
0<potenza_impegnata<=1.5,Non Residente,07,Domenica,15,0.03875,2025
0<potenza_impegnata<=1.5,Non Residente,07,Domenica,14,0.0385,2025
0<potenza_impegnata<=1.5,Non Residente,07,Domenica,13,0.03825,2025
0<potenza_impegnata<=1.5,Non Residente,07,Domenica,12,0.037,2025
0<potenza_impegnata<=1.5,Non Residente,07,Domenica,11,0.037,2025
0<potenza_impegnata<=1.5,Non Residente,07,Domenica,10,0.0375,2025
0<potenza_impegnata<=1.5,Non Residente,07,Domenica,9,0.03625,2025
0<potenza_impegnata<=1.5,Non Residente,07,Domenica,0,0.043,2025
0<potenza_impegnata<=1.5,Tutti,07,Sabato,8,0.05825,2025
0<potenza_impegnata<=1.5,Tutti,07,Sabato,7,0.055,2025
0<potenza_impegnata<=1.5,Tutti,07,Sabato,6,0.053,2025
0<potenza_impegnata<=1.5,Tutti,07,Sabato,5,0.05475,2025
0<potenza_impegnata<=1.5,Tutti,07,Sabato,4,0.0555,2025
0<potenza_impegnata<=1.5,Tutti,07,Sabato,3,0.0575,2025
0<potenza_impegnata<=1.5,Tutti,07,Sabato,2,0.06025,2025
0<potenza_impegnata<=1.5,Tutti,07,Sabato,23,0.06925,2025
0<potenza_impegnata<=1.5,Tutti,07,Sabato,22,0.0725,2025
0<potenza_impegnata<=1.5,Tutti,07,Sabato,21,0.0745,2025
0<potenza_impegnata<=1.5,Tutti,07,Sabato,20,0.07075,2025
0<potenza_impegnata<=1.5,Tutti,07,Sabato,19,0.0675,2025
0<potenza_impegnata<=1.5,Tutti,07,Sabato,1,0.06425,2025
0<potenza_impegnata<=1.5,Tutti,07,Sabato,18,0.0665,2025
0<potenza_impegnata<=1.5,Tutti,07,Sabato,17,0.066,2025
0<potenza_impegnata<=1.5,Tutti,07,Sabato,16,0.063,2025
0<potenza_impegnata<=1.5,Tutti,07,Sabato,15,0.06225,2025
0<potenza_impegnata<=1.5,Tutti,07,Sabato,14,0.06325,2025
0<potenza_impegnata<=1.5,Tutti,07,Sabato,13,0.06425,2025
0<potenza_impegnata<=1.5,Tutti,07,Sabato,12,0.0625,2025
0<potenza_impegnata<=1.5,Tutti,07,Sabato,11,0.06175,2025
0<potenza_impegnata<=1.5,Tutti,07,Sabato,10,0.06025,2025
0<potenza_impegnata<=1.5,Tutti,07,Sabato,9,0.0605,2025
0<potenza_impegnata<=1.5,Tutti,07,Sabato,0,0.07025,2025
0<potenza_impegnata<=1.5,Tutti,07,Giorno feriale,8,0.058173913043478256,2025
0<potenza_impegnata<=1.5,Tutti,07,Giorno feriale,7,0.056869565217391296,2025
0<potenza_impegnata<=1.5,Tutti,07,Giorno feriale,6,0.05352173913043478,2025
0<potenza_impegnata<=1.5,Tutti,07,Giorno feriale,5,0.053565217391304355,2025
0<potenza_impegnata<=1.5,Tutti,07,Giorno feriale,4,0.053739130434782616,2025
0<potenza_impegnata<=1.5,Tutti,07,Giorno feriale,3,0.05565217391304348,2025
0<potenza_impegnata<=1.5,Tutti,07,Giorno feriale,2,0.05852173913043478,2025
0<potenza_impegnata<=1.5,Tutti,07,Giorno feriale,23,0.07443478260869565,2025
0<potenza_impegnata<=1.5,Tutti,07,Giorno feriale,22,0.07956521739130434,2025
0<potenza_impegnata<=1.5,Tutti,07,Giorno feriale,21,0.08147826086956522,2025
0<potenza_impegnata<=1.5,Tutti,07,Giorno feriale,20,0.07895652173913043,2025
0<potenza_impegnata<=1.5,Tutti,07,Giorno feriale,19,0.0747391304347826,2025
0<potenza_impegnata<=1.5,Tutti,07,Giorno feriale,1,0.06269565217391304,2025
0<potenza_impegnata<=1.5,Tutti,07,Giorno feriale,18,0.06895652173913044,2025
0<potenza_impegnata<=1.5,Tutti,07,Giorno feriale,17,0.0668695652173913,2025
0<potenza_impegnata<=1.5,Tutti,07,Giorno feriale,16,0.06565217391304348,2025
0<potenza_impegnata<=1.5,Tutti,07,Giorno feriale,15,0.06447826086956522,2025
0<potenza_impegnata<=1.5,Tutti,07,Giorno feriale,14,0.06339130434782608,2025
0<potenza_impegnata<=1.5,Tutti,07,Giorno feriale,13,0.06356521739130434,2025
0<potenza_impegnata<=1.5,Tutti,07,Giorno feriale,12,0.06221739130434783,2025
0<potenza_impegnata<=1.5,Tutti,07,Giorno feriale,11,0.060043478260869566,2025
0<potenza_impegnata<=1.5,Tutti,07,Giorno feriale,10,0.05869565217391304,2025
0<potenza_impegnata<=1.5,Tutti,07,Giorno feriale,9,0.05895652173913044,2025
0<potenza_impegnata<=1.5,Tutti,07,Giorno feriale,0,0.06895652173913043,2025
0<potenza_impegnata<=1.5,Tutti,07,Domenica,8,0.05525,2025
0<potenza_impegnata<=1.5,Tutti,07,Domenica,7,0.05175,2025
0<potenza_impegnata<=1.5,Tutti,07,Domenica,6,0.05,2025
0<potenza_impegnata<=1.5,Tutti,07,Domenica,5,0.0515,2025
0<potenza_impegnata<=1.5,Tutti,07,Domenica,4,0.05325,2025
0<potenza_impegnata<=1.5,Tutti,07,Domenica,3,0.05475,2025
0<potenza_impegnata<=1.5,Tutti,07,Domenica,2,0.058,2025
0<potenza_impegnata<=1.5,Tutti,07,Domenica,23,0.07,2025
0<potenza_impegnata<=1.5,Tutti,07,Domenica,22,0.07475,2025
0<potenza_impegnata<=1.5,Tutti,07,Domenica,21,0.076,2025
0<potenza_impegnata<=1.5,Tutti,07,Domenica,20,0.07375,2025
0<potenza_impegnata<=1.5,Tutti,07,Domenica,19,0.0705,2025
0<potenza_impegnata<=1.5,Tutti,07,Domenica,1,0.06075,2025
0<potenza_impegnata<=1.5,Tutti,07,Domenica,18,0.06675,2025
0<potenza_impegnata<=1.5,Tutti,07,Domenica,17,0.0655,2025
0<potenza_impegnata<=1.5,Tutti,07,Domenica,16,0.0655,2025
0<potenza_impegnata<=1.5,Tutti,07,Domenica,15,0.0635,2025
0<potenza_impegnata<=1.5,Tutti,07,Domenica,14,0.064,2025
0<potenza_impegnata<=1.5,Tutti,07,Domenica,13,0.0655,2025
0<potenza_impegnata<=1.5,Tutti,07,Domenica,12,0.06475,2025
0<potenza_impegnata<=1.5,Tutti,07,Domenica,11,0.063,2025
0<potenza_impegnata<=1.5,Tutti,07,Domenica,10,0.0605,2025
0<potenza_impegnata<=1.5,Tutti,07,Domenica,9,0.05975,2025
0<potenza_impegnata<=1.5,Tutti,07,Domenica,0,0.06525,2025
0<potenza_impegnata<=1.5,Residente,07,Sabato,8,0.07675,2025
0<potenza_impegnata<=1.5,Residente,07,Sabato,7,0.07225,2025
0<potenza_impegnata<=1.5,Residente,07,Sabato,6,0.069,2025
0<potenza_impegnata<=1.5,Residente,07,Sabato,5,0.07075,2025
0<potenza_impegnata<=1.5,Residente,07,Sabato,4,0.07075,2025
0<potenza_impegnata<=1.5,Residente,07,Sabato,3,0.0735,2025
0<potenza_impegnata<=1.5,Residente,07,Sabato,2,0.07725,2025
0<potenza_impegnata<=1.5,Residente,07,Sabato,23,0.09,2025
0<potenza_impegnata<=1.5,Residente,07,Sabato,22,0.096,2025
0<potenza_impegnata<=1.5,Residente,07,Sabato,21,0.101,2025
0<potenza_impegnata<=1.5,Residente,07,Sabato,20,0.0975,2025
0<potenza_impegnata<=1.5,Residente,07,Sabato,19,0.09275,2025
0<potenza_impegnata<=1.5,Residente,07,Sabato,1,0.0835,2025
0<potenza_impegnata<=1.5,Residente,07,Sabato,18,0.09,2025
0<potenza_impegnata<=1.5,Residente,07,Sabato,17,0.08825,2025
0<potenza_impegnata<=1.5,Residente,07,Sabato,16,0.0835,2025
0<potenza_impegnata<=1.5,Residente,07,Sabato,15,0.08225,2025
0<potenza_impegnata<=1.5,Residente,07,Sabato,14,0.085,2025
0<potenza_impegnata<=1.5,Residente,07,Sabato,13,0.08625,2025
0<potenza_impegnata<=1.5,Residente,07,Sabato,12,0.08275,2025
0<potenza_impegnata<=1.5,Residente,07,Sabato,11,0.08025,2025
0<potenza_impegnata<=1.5,Residente,07,Sabato,10,0.078,2025
0<potenza_impegnata<=1.5,Residente,07,Sabato,9,0.07875,2025
0<potenza_impegnata<=1.5,Residente,07,Sabato,0,0.0915,2025
0<potenza_impegnata<=1.5,Residente,07,Giorno feriale,8,0.07617391304347826,2025
0<potenza_impegnata<=1.5,Residente,07,Giorno feriale,7,0.07491304347826087,2025
0<potenza_impegnata<=1.5,Residente,07,Giorno feriale,6,0.07039130434782608,2025
0<potenza_impegnata<=1.5,Residente,07,Giorno feriale,5,0.069,2025
0<potenza_impegnata<=1.5,Residente,07,Giorno feriale,4,0.06856521739130435,2025
0<potenza_impegnata<=1.5,Residente,07,Giorno feriale,3,0.07095652173913043,2025
0<potenza_impegnata<=1.5,Residente,07,Giorno feriale,2,0.07469565217391304,2025
0<potenza_impegnata<=1.5,Residente,07,Giorno feriale,23,0.09704347826086955,2025
0<potenza_impegnata<=1.5,Residente,07,Giorno feriale,22,0.10439130434782608,2025
0<potenza_impegnata<=1.5,Residente,07,Giorno feriale,21,0.1086086956521739,2025
0<potenza_impegnata<=1.5,Residente,07,Giorno feriale,20,0.10904347826086956,2025
0<potenza_impegnata<=1.5,Residente,07,Giorno feriale,19,0.10273913043478261,2025
0<potenza_impegnata<=1.5,Residente,07,Giorno feriale,1,0.08052173913043478,2025
0<potenza_impegnata<=1.5,Residente,07,Giorno feriale,18,0.09286956521739131,2025
0<potenza_impegnata<=1.5,Residente,07,Giorno feriale,17,0.0892608695652174,2025
0<potenza_impegnata<=1.5,Residente,07,Giorno feriale,16,0.08704347826086957,2025
0<potenza_impegnata<=1.5,Residente,07,Giorno feriale,15,0.08513043478260869,2025
0<potenza_impegnata<=1.5,Residente,07,Giorno feriale,14,0.08452173913043479,2025
0<potenza_impegnata<=1.5,Residente,07,Giorno feriale,13,0.08482608695652173,2025
0<potenza_impegnata<=1.5,Residente,07,Giorno feriale,12,0.08226086956521739,2025
0<potenza_impegnata<=1.5,Residente,07,Giorno feriale,11,0.07821739130434784,2025
0<potenza_impegnata<=1.5,Residente,07,Giorno feriale,10,0.07560869565217393,2025
0<potenza_impegnata<=1.5,Residente,07,Giorno feriale,9,0.07665217391304348,2025
0<potenza_impegnata<=1.5,Residente,07,Giorno feriale,0,0.08882608695652175,2025
0<potenza_impegnata<=1.5,Residente,07,Domenica,8,0.07425,2025
0<potenza_impegnata<=1.5,Residente,07,Domenica,7,0.06925,2025
0<potenza_impegnata<=1.5,Residente,07,Domenica,6,0.067,2025
0<potenza_impegnata<=1.5,Residente,07,Domenica,5,0.0665,2025
0<potenza_impegnata<=1.5,Residente,07,Domenica,4,0.0685,2025
0<potenza_impegnata<=1.5,Residente,07,Domenica,3,0.06975,2025
0<potenza_impegnata<=1.5,Residente,07,Domenica,2,0.07375,2025
0<potenza_impegnata<=1.5,Residente,07,Domenica,23,0.08975,2025
0<potenza_impegnata<=1.5,Residente,07,Domenica,22,0.09825,2025
0<potenza_impegnata<=1.5,Residente,07,Domenica,21,0.10075,2025
0<potenza_impegnata<=1.5,Residente,07,Domenica,20,0.09975,2025
0<potenza_impegnata<=1.5,Residente,07,Domenica,19,0.096,2025
0<potenza_impegnata<=1.5,Residente,07,Domenica,1,0.0775,2025
0<potenza_impegnata<=1.5,Residente,07,Domenica,18,0.0905,2025
0<potenza_impegnata<=1.5,Tutti,08,Domenica,4,0.052,2025
0<potenza_impegnata<=1.5,Tutti,08,Domenica,3,0.054,2025
0<potenza_impegnata<=1.5,Tutti,08,Domenica,2,0.056,2025
0<potenza_impegnata<=1.5,Tutti,08,Domenica,23,0.06683333333333334,2025
0<potenza_impegnata<=1.5,Tutti,08,Domenica,22,0.071,2025
0<potenza_impegnata<=1.5,Tutti,08,Domenica,21,0.07533333333333334,2025
0<potenza_impegnata<=1.5,Tutti,08,Domenica,20,0.07366666666666667,2025
0<potenza_impegnata<=1.5,Tutti,08,Domenica,19,0.0675,2025
0<potenza_impegnata<=1.5,Tutti,08,Domenica,1,0.05933333333333333,2025
0<potenza_impegnata<=1.5,Tutti,08,Domenica,18,0.06333333333333334,2025
0<potenza_impegnata<=1.5,Tutti,08,Domenica,17,0.062,2025
0<potenza_impegnata<=1.5,Tutti,08,Domenica,16,0.06,2025
0<potenza_impegnata<=1.5,Tutti,08,Domenica,15,0.06,2025
0<potenza_impegnata<=1.5,Tutti,08,Domenica,14,0.05983333333333333,2025
0<potenza_impegnata<=1.5,Tutti,08,Domenica,13,0.06116666666666667,2025
0<potenza_impegnata<=1.5,Tutti,08,Domenica,12,0.06116666666666667,2025
0<potenza_impegnata<=1.5,Tutti,08,Domenica,11,0.06066666666666667,2025
0<potenza_impegnata<=1.5,Tutti,08,Domenica,10,0.059166666666666666,2025
0<potenza_impegnata<=1.5,Tutti,08,Domenica,9,0.057,2025
0<potenza_impegnata<=1.5,Tutti,08,Domenica,0,0.06433333333333334,2025
0<potenza_impegnata<=1.5,Residente,08,Sabato,8,0.06939999999999999,2025
0<potenza_impegnata<=1.5,Residente,08,Sabato,7,0.06420000000000001,2025
0<potenza_impegnata<=1.5,Residente,08,Sabato,6,0.06,2025
0<potenza_impegnata<=1.5,Residente,08,Sabato,5,0.06,2025
0<potenza_impegnata<=1.5,Residente,08,Sabato,4,0.0602,2025
0<potenza_impegnata<=1.5,Residente,08,Sabato,3,0.0632,2025
0<potenza_impegnata<=1.5,Residente,08,Sabato,2,0.0646,2025
0<potenza_impegnata<=1.5,Residente,08,Sabato,23,0.0854,2025
0<potenza_impegnata<=1.5,Residente,08,Sabato,22,0.092,2025
0<potenza_impegnata<=1.5,Residente,08,Sabato,21,0.0964,2025
0<potenza_impegnata<=1.5,Residente,08,Sabato,20,0.0974,2025
0<potenza_impegnata<=1.5,Residente,08,Sabato,19,0.089,2025
0<potenza_impegnata<=1.5,Residente,08,Sabato,1,0.0706,2025
0<potenza_impegnata<=1.5,Residente,08,Sabato,18,0.08399999999999999,2025
0<potenza_impegnata<=1.5,Residente,08,Sabato,17,0.08199999999999999,2025
0<potenza_impegnata<=1.5,Residente,08,Sabato,16,0.08199999999999999,2025
0<potenza_impegnata<=1.5,Residente,08,Sabato,15,0.08020000000000001,2025
0<potenza_impegnata<=1.5,Residente,08,Sabato,14,0.08120000000000001,2025
0<potenza_impegnata<=1.5,Residente,08,Sabato,13,0.0822,2025
0<potenza_impegnata<=1.5,Residente,08,Sabato,12,0.08,2025
0<potenza_impegnata<=1.5,Residente,08,Sabato,11,0.0756,2025
0<potenza_impegnata<=1.5,Residente,08,Sabato,10,0.07239999999999999,2025
0<potenza_impegnata<=1.5,Residente,08,Sabato,9,0.0728,2025
0<potenza_impegnata<=1.5,Residente,08,Sabato,0,0.0784,2025
0<potenza_impegnata<=1.5,Residente,08,Giorno feriale,8,0.06925,2025
0<potenza_impegnata<=1.5,Residente,08,Giorno feriale,7,0.0665,2025
0<potenza_impegnata<=1.5,Residente,08,Giorno feriale,6,0.06415,2025
0<potenza_impegnata<=1.5,Residente,08,Giorno feriale,5,0.06315,2025
0<potenza_impegnata<=1.5,Residente,08,Giorno feriale,4,0.06344999999999999,2025
0<potenza_impegnata<=1.5,Residente,08,Giorno feriale,3,0.06545000000000001,2025
0<potenza_impegnata<=1.5,Residente,08,Giorno feriale,2,0.06785000000000001,2025
0<potenza_impegnata<=1.5,Residente,08,Giorno feriale,23,0.0859,2025
0<potenza_impegnata<=1.5,Residente,08,Giorno feriale,22,0.0931,2025
0<potenza_impegnata<=1.5,Residente,08,Giorno feriale,21,0.0976,2025
0<potenza_impegnata<=1.5,Residente,08,Giorno feriale,20,0.09895000000000001,2025
0<potenza_impegnata<=1.5,Residente,08,Giorno feriale,19,0.09305,2025
0<potenza_impegnata<=1.5,Residente,08,Giorno feriale,1,0.0723,2025
0<potenza_impegnata<=1.5,Residente,08,Giorno feriale,18,0.08370000000000001,2025
0<potenza_impegnata<=1.5,Residente,08,Giorno feriale,17,0.08005,2025
0<potenza_impegnata<=1.5,Non Residente,08,Domenica,10,0.03233333333333333,2025
0<potenza_impegnata<=1.5,Residente,08,Giorno feriale,15,0.07715000000000001,2025
0<potenza_impegnata<=1.5,Residente,08,Giorno feriale,13,0.0789,2025
0<potenza_impegnata<=1.5,Residente,08,Giorno feriale,11,0.0723,2025
0<potenza_impegnata<=1.5,Residente,08,Giorno feriale,9,0.07079999999999999,2025
0<potenza_impegnata<=1.5,Residente,08,Domenica,8,0.07083333333333333,2025
0<potenza_impegnata<=1.5,Non Residente,08,Domenica,18,0.033999999999999996,2025
0<potenza_impegnata<=1.5,Residente,08,Domenica,6,0.06633333333333334,2025
0<potenza_impegnata<=1.5,Residente,08,Domenica,4,0.0665,2025
0<potenza_impegnata<=1.5,Residente,08,Domenica,2,0.07266666666666667,2025
0<potenza_impegnata<=1.5,Residente,08,Domenica,22,0.09449999999999999,2025
0<potenza_impegnata<=1.5,Residente,08,Domenica,20,0.10216666666666667,2025
0<potenza_impegnata<=1.5,Residente,08,Domenica,19,0.09449999999999999,2025
0<potenza_impegnata<=1.5,Residente,08,Domenica,1,0.078,2025
0<potenza_impegnata<=1.5,Residente,08,Domenica,17,0.08666666666666667,2025
0<potenza_impegnata<=1.5,Non Residente,08,Domenica,7,0.030166666666666665,2025
0<potenza_impegnata<=1.5,Residente,08,Domenica,15,0.0835,2025
0<potenza_impegnata<=1.5,Residente,08,Domenica,13,0.08566666666666667,2025
0<potenza_impegnata<=1.5,Residente,08,Domenica,12,0.08616666666666667,2025
0<potenza_impegnata<=1.5,Residente,08,Domenica,11,0.08466666666666667,2025
0<potenza_impegnata<=1.5,Residente,08,Domenica,9,0.07883333333333332,2025
0<potenza_impegnata<=1.5,Non Residente,08,Sabato,8,0.0308,2025
0<potenza_impegnata<=1.5,Non Residente,08,Sabato,6,0.0314,2025
0<potenza_impegnata<=1.5,Non Residente,08,Sabato,4,0.0318,2025
0<potenza_impegnata<=1.5,Non Residente,08,Giorno feriale,18,0.035100000000000006,2025
0<potenza_impegnata<=1.5,Non Residente,08,Sabato,2,0.0346,2025
0<potenza_impegnata<=1.5,Non Residente,08,Sabato,7,0.029599999999999998,2025
0<potenza_impegnata<=1.5,Non Residente,08,Sabato,22,0.041999999999999996,2025
0<potenza_impegnata<=1.5,Non Residente,08,Sabato,20,0.039,2025
0<potenza_impegnata<=1.5,Non Residente,08,Sabato,1,0.036199999999999996,2025
0<potenza_impegnata<=1.5,Non Residente,08,Sabato,17,0.032600000000000004,2025
0<potenza_impegnata<=1.5,Residente,08,Domenica,10,0.08216666666666667,2025
0<potenza_impegnata<=1.5,Non Residente,08,Sabato,15,0.0332,2025
0<potenza_impegnata<=1.5,Non Residente,08,Sabato,13,0.0332,2025
0<potenza_impegnata<=1.5,Non Residente,08,Sabato,12,0.0332,2025
0<potenza_impegnata<=1.5,Non Residente,08,Sabato,11,0.0322,2025
0<potenza_impegnata<=1.5,Non Residente,08,Sabato,9,0.0328,2025
0<potenza_impegnata<=1.5,Non Residente,08,Sabato,0,0.0378,2025
0<potenza_impegnata<=1.5,Non Residente,08,Giorno feriale,8,0.032100000000000004,2025
0<potenza_impegnata<=1.5,Non Residente,08,Sabato,10,0.0322,2025
0<potenza_impegnata<=1.5,Non Residente,08,Giorno feriale,7,0.0316,2025
0<potenza_impegnata<=1.5,Non Residente,08,Giorno feriale,6,0.03215,2025
0<potenza_impegnata<=1.5,Non Residente,08,Giorno feriale,5,0.033,2025
0<potenza_impegnata<=1.5,Non Residente,08,Sabato,14,0.032600000000000004,2025
0<potenza_impegnata<=1.5,Non Residente,08,Giorno feriale,4,0.033350000000000005,2025
0<potenza_impegnata<=1.5,Non Residente,08,Giorno feriale,3,0.03425,2025
0<potenza_impegnata<=1.5,Non Residente,08,Sabato,16,0.033,2025
0<potenza_impegnata<=1.5,Non Residente,08,Giorno feriale,2,0.035800000000000005,2025
0<potenza_impegnata<=1.5,Non Residente,08,Giorno feriale,23,0.041749999999999995,2025
0<potenza_impegnata<=1.5,Non Residente,08,Sabato,18,0.032600000000000004,2025
0<potenza_impegnata<=1.5,Non Residente,08,Giorno feriale,22,0.04465,2025
0<potenza_impegnata<=1.5,Non Residente,08,Sabato,19,0.0332,2025
0<potenza_impegnata<=1.5,Non Residente,08,Giorno feriale,21,0.044899999999999995,2025
0<potenza_impegnata<=1.5,Non Residente,08,Giorno feriale,20,0.0417,2025
0<potenza_impegnata<=1.5,Non Residente,08,Sabato,21,0.0422,2025
0<potenza_impegnata<=1.5,Non Residente,08,Giorno feriale,19,0.0367,2025
0<potenza_impegnata<=1.5,Non Residente,08,Sabato,23,0.040600000000000004,2025
0<potenza_impegnata<=1.5,Non Residente,08,Giorno feriale,1,0.036750000000000005,2025
0<potenza_impegnata<=1.5,Non Residente,08,Sabato,3,0.0328,2025
0<potenza_impegnata<=1.5,Non Residente,08,Giorno feriale,17,0.0347,2025
0<potenza_impegnata<=1.5,Non Residente,08,Giorno feriale,16,0.034550000000000004,2025
0<potenza_impegnata<=1.5,Non Residente,08,Sabato,5,0.0316,2025
0<potenza_impegnata<=1.5,Non Residente,08,Giorno feriale,15,0.034050000000000004,2025
0<potenza_impegnata<=1.5,Non Residente,08,Giorno feriale,14,0.03325,2025
0<potenza_impegnata<=1.5,Non Residente,08,Giorno feriale,13,0.03275,2025
0<potenza_impegnata<=1.5,Residente,08,Domenica,0,0.085,2025
0<potenza_impegnata<=1.5,Non Residente,08,Giorno feriale,12,0.0327,2025
0<potenza_impegnata<=1.5,Non Residente,08,Giorno feriale,11,0.0328,2025
0<potenza_impegnata<=1.5,Non Residente,08,Giorno feriale,10,0.03245,2025
0<potenza_impegnata<=1.5,Non Residente,08,Giorno feriale,9,0.0329,2025
0<potenza_impegnata<=1.5,Non Residente,08,Giorno feriale,0,0.0395,2025
0<potenza_impegnata<=1.5,Residente,08,Domenica,14,0.083,2025
0<potenza_impegnata<=1.5,Non Residente,08,Domenica,8,0.031166666666666665,2025
0<potenza_impegnata<=1.5,Residente,08,Domenica,16,0.08366666666666667,2025
0<potenza_impegnata<=1.5,Non Residente,08,Domenica,6,0.0315,2025
0<potenza_impegnata<=1.5,Residente,08,Domenica,18,0.08850000000000001,2025
0<potenza_impegnata<=1.5,Non Residente,08,Domenica,5,0.03366666666666667,2025
0<potenza_impegnata<=1.5,Non Residente,08,Domenica,4,0.034833333333333334,2025
0<potenza_impegnata<=1.5,Non Residente,08,Domenica,3,0.035166666666666666,2025
0<potenza_impegnata<=1.5,Non Residente,08,Domenica,2,0.03666666666666667,2025
0<potenza_impegnata<=1.5,Residente,08,Domenica,21,0.10149999999999999,2025
0<potenza_impegnata<=1.5,Non Residente,08,Domenica,23,0.042,2025
0<potenza_impegnata<=1.5,Residente,08,Domenica,23,0.08816666666666667,2025
0<potenza_impegnata<=1.5,Non Residente,08,Domenica,22,0.043666666666666666,2025
0<potenza_impegnata<=1.5,Non Residente,08,Domenica,21,0.04466666666666667,2025
0<potenza_impegnata<=1.5,Residente,08,Domenica,3,0.07016666666666667,2025
0<potenza_impegnata<=1.5,Non Residente,08,Domenica,20,0.04066666666666666,2025
0<potenza_impegnata<=1.5,Residente,08,Domenica,5,0.06466666666666666,2025
0<potenza_impegnata<=1.5,Non Residente,08,Domenica,19,0.035833333333333335,2025
0<potenza_impegnata<=1.5,Non Residente,08,Domenica,1,0.03766666666666667,2025
0<potenza_impegnata<=1.5,Residente,08,Domenica,7,0.06766666666666667,2025
0<potenza_impegnata<=1.5,Non Residente,08,Domenica,17,0.03316666666666667,2025
0<potenza_impegnata<=1.5,Residente,08,Giorno feriale,0,0.07885,2025
0<potenza_impegnata<=1.5,Non Residente,08,Domenica,16,0.03233333333333333,2025
0<potenza_impegnata<=1.5,Residente,08,Giorno feriale,10,0.06905000000000001,2025
0<potenza_impegnata<=1.5,Non Residente,08,Domenica,15,0.0325,2025
0<potenza_impegnata<=1.5,Non Residente,08,Domenica,14,0.03283333333333333,2025
0<potenza_impegnata<=1.5,Residente,08,Giorno feriale,12,0.0776,2025
0<potenza_impegnata<=1.5,Non Residente,08,Domenica,13,0.03233333333333333,2025
0<potenza_impegnata<=1.5,Non Residente,08,Domenica,12,0.032,2025
0<potenza_impegnata<=1.5,Residente,08,Giorno feriale,14,0.07694999999999999,2025
0<potenza_impegnata<=1.5,Non Residente,08,Domenica,11,0.033,2025
0<potenza_impegnata<=1.5,Residente,08,Giorno feriale,16,0.0784,2025
0<potenza_impegnata<=1.5,Non Residente,08,Domenica,9,0.03183333333333333,2025
0<potenza_impegnata<=1.5,Non Residente,08,Domenica,0,0.04016666666666666,2025
0<potenza_impegnata<=1.5,Tutti,08,Sabato,8,0.0518,2025
0<potenza_impegnata<=1.5,Tutti,08,Sabato,7,0.0482,2025
0<potenza_impegnata<=1.5,Tutti,08,Sabato,6,0.0468,2025
0<potenza_impegnata<=1.5,Tutti,08,Sabato,5,0.047,2025
0<potenza_impegnata<=1.5,Tutti,08,Sabato,4,0.0472,2025
0<potenza_impegnata<=1.5,Tutti,08,Sabato,3,0.0492,2025
0<potenza_impegnata<=1.5,Tutti,08,Sabato,2,0.0508,2025
0<potenza_impegnata<=1.5,Tutti,08,Sabato,23,0.0646,2025
0<potenza_impegnata<=1.5,Tutti,08,Sabato,22,0.0688,2025
0<potenza_impegnata<=1.5,Tutti,08,Sabato,21,0.07139999999999999,2025
0<potenza_impegnata<=1.5,Tutti,08,Sabato,20,0.07039999999999999,2025
0<potenza_impegnata<=1.5,Tutti,08,Sabato,19,0.0632,2025
0<potenza_impegnata<=1.5,Tutti,08,Sabato,1,0.0548,2025
0<potenza_impegnata<=1.5,Tutti,08,Sabato,18,0.060399999999999995,2025
0<potenza_impegnata<=1.5,Tutti,08,Sabato,17,0.059199999999999996,2025
0<potenza_impegnata<=1.5,Tutti,08,Sabato,16,0.059399999999999994,2025
0<potenza_impegnata<=1.5,Tutti,08,Sabato,15,0.0586,2025
0<potenza_impegnata<=1.5,Tutti,08,Sabato,14,0.0586,2025
0<potenza_impegnata<=1.5,Tutti,08,Sabato,13,0.0596,2025
0<potenza_impegnata<=1.5,Tutti,08,Sabato,12,0.058399999999999994,2025
0<potenza_impegnata<=1.5,Tutti,08,Sabato,11,0.055600000000000004,2025
0<potenza_impegnata<=1.5,Tutti,08,Sabato,10,0.0538,2025
0<potenza_impegnata<=1.5,Tutti,08,Sabato,9,0.054200000000000005,2025
0<potenza_impegnata<=1.5,Tutti,08,Sabato,0,0.0596,2025
0<potenza_impegnata<=1.5,Tutti,08,Giorno feriale,8,0.0521,2025
0<potenza_impegnata<=1.5,Tutti,08,Giorno feriale,7,0.050400000000000014,2025
0<potenza_impegnata<=1.5,Tutti,08,Giorno feriale,6,0.0493,2025
0<potenza_impegnata<=1.5,Tutti,08,Giorno feriale,5,0.04920000000000001,2025
0<potenza_impegnata<=1.5,Tutti,08,Giorno feriale,4,0.04955,2025
0<potenza_impegnata<=1.5,Tutti,08,Giorno feriale,3,0.05105,2025
0<potenza_impegnata<=1.5,Tutti,08,Giorno feriale,2,0.053000000000000005,2025
0<potenza_impegnata<=1.5,Tutti,08,Giorno feriale,23,0.0655,2025
0<potenza_impegnata<=1.5,Tutti,08,Giorno feriale,22,0.0707,2025
0<potenza_impegnata<=1.5,Tutti,08,Giorno feriale,21,0.07325,2025
0<potenza_impegnata<=1.5,Tutti,08,Giorno feriale,20,0.07244999999999999,2025
0<potenza_impegnata<=1.5,Tutti,08,Giorno feriale,19,0.06695,2025
0<potenza_impegnata<=1.5,Tutti,08,Giorno feriale,1,0.055900000000000005,2025
0<potenza_impegnata<=1.5,Tutti,08,Giorno feriale,18,0.0613,2025
0<potenza_impegnata<=1.5,Tutti,08,Giorno feriale,17,0.059149999999999994,2025
0<potenza_impegnata<=1.5,Tutti,08,Giorno feriale,16,0.05814999999999999,2025
0<potenza_impegnata<=1.5,Tutti,08,Giorno feriale,15,0.05725,2025
0<potenza_impegnata<=1.5,Tutti,08,Giorno feriale,14,0.05675,2025
0<potenza_impegnata<=1.5,Tutti,08,Giorno feriale,13,0.0576,2025
0<potenza_impegnata<=1.5,Tutti,08,Giorno feriale,12,0.056900000000000006,2025
0<potenza_impegnata<=1.5,Tutti,08,Giorno feriale,11,0.0541,2025
0<potenza_impegnata<=1.5,Tutti,08,Giorno feriale,10,0.052149999999999995,2025
0<potenza_impegnata<=1.5,Tutti,08,Giorno feriale,9,0.0533,2025
0<potenza_impegnata<=1.5,Tutti,08,Giorno feriale,0,0.06065,2025
0<potenza_impegnata<=1.5,Tutti,08,Domenica,8,0.0525,2025
0<potenza_impegnata<=1.5,Tutti,08,Domenica,7,0.050333333333333334,2025
0<potenza_impegnata<=1.5,Tutti,08,Domenica,6,0.050166666666666665,2025
0<potenza_impegnata<=1.5,Tutti,08,Domenica,5,0.050333333333333334,2025
0<potenza_impegnata<=1.5,Residente,09,Domenica,17,0.07875,2025
0<potenza_impegnata<=1.5,Residente,09,Domenica,16,0.07925,2025
0<potenza_impegnata<=1.5,Residente,09,Domenica,15,0.0775,2025
0<potenza_impegnata<=1.5,Residente,09,Domenica,14,0.077,2025
0<potenza_impegnata<=1.5,Residente,09,Domenica,13,0.083,2025
0<potenza_impegnata<=1.5,Residente,09,Domenica,12,0.08675,2025
0<potenza_impegnata<=1.5,Residente,09,Domenica,11,0.08725,2025
0<potenza_impegnata<=1.5,Residente,09,Domenica,10,0.0845,2025
0<potenza_impegnata<=1.5,Residente,09,Domenica,9,0.0795,2025
0<potenza_impegnata<=1.5,Residente,09,Domenica,0,0.07175,2025
0<potenza_impegnata<=1.5,Non Residente,09,Sabato,8,0.033,2025
0<potenza_impegnata<=1.5,Non Residente,09,Sabato,7,0.032,2025
0<potenza_impegnata<=1.5,Non Residente,09,Sabato,6,0.03125,2025
0<potenza_impegnata<=1.5,Non Residente,09,Sabato,5,0.0295,2025
0<potenza_impegnata<=1.5,Non Residente,09,Sabato,4,0.029,2025
0<potenza_impegnata<=1.5,Non Residente,09,Sabato,3,0.03,2025
0<potenza_impegnata<=1.5,Non Residente,09,Sabato,2,0.032,2025
0<potenza_impegnata<=1.5,Non Residente,09,Sabato,23,0.03825,2025
0<potenza_impegnata<=1.5,Non Residente,09,Sabato,22,0.03975,2025
0<potenza_impegnata<=1.5,Non Residente,09,Sabato,21,0.041,2025
0<potenza_impegnata<=1.5,Non Residente,09,Sabato,20,0.04325,2025
0<potenza_impegnata<=1.5,Non Residente,09,Sabato,19,0.04025,2025
0<potenza_impegnata<=1.5,Non Residente,09,Sabato,1,0.03325,2025
0<potenza_impegnata<=1.5,Non Residente,09,Sabato,18,0.03575,2025
0<potenza_impegnata<=1.5,Non Residente,09,Sabato,17,0.03425,2025
0<potenza_impegnata<=1.5,Non Residente,09,Sabato,16,0.0335,2025
0<potenza_impegnata<=1.5,Non Residente,09,Sabato,15,0.03425,2025
0<potenza_impegnata<=1.5,Non Residente,09,Sabato,14,0.034,2025
0<potenza_impegnata<=1.5,Non Residente,09,Sabato,13,0.03475,2025
0<potenza_impegnata<=1.5,Non Residente,09,Sabato,12,0.0355,2025
0<potenza_impegnata<=1.5,Non Residente,09,Sabato,11,0.036,2025
0<potenza_impegnata<=1.5,Non Residente,09,Sabato,10,0.0355,2025
0<potenza_impegnata<=1.5,Non Residente,09,Sabato,9,0.03475,2025
0<potenza_impegnata<=1.5,Non Residente,09,Sabato,0,0.03525,2025
0<potenza_impegnata<=1.5,Non Residente,09,Giorno feriale,8,0.03431818181818182,2025
0<potenza_impegnata<=1.5,Non Residente,09,Giorno feriale,7,0.03381818181818182,2025
0<potenza_impegnata<=1.5,Non Residente,09,Giorno feriale,6,0.033,2025
0<potenza_impegnata<=1.5,Non Residente,09,Giorno feriale,5,0.030772727272727275,2025
0<potenza_impegnata<=1.5,Non Residente,09,Giorno feriale,4,0.029454545454545455,2025
0<potenza_impegnata<=1.5,Non Residente,09,Giorno feriale,3,0.030272727272727274,2025
0<potenza_impegnata<=1.5,Non Residente,09,Giorno feriale,2,0.031045454545454546,2025
0<potenza_impegnata<=1.5,Non Residente,09,Giorno feriale,23,0.03986363636363637,2025
0<potenza_impegnata<=1.5,Non Residente,09,Giorno feriale,22,0.04336363636363636,2025
0<potenza_impegnata<=1.5,Non Residente,09,Giorno feriale,21,0.04509090909090909,2025
0<potenza_impegnata<=1.5,Non Residente,09,Giorno feriale,20,0.04649999999999999,2025
0<potenza_impegnata<=1.5,Non Residente,09,Giorno feriale,19,0.041045454545454545,2025
0<potenza_impegnata<=1.5,Non Residente,09,Giorno feriale,1,0.03254545454545455,2025
0<potenza_impegnata<=1.5,Non Residente,09,Giorno feriale,18,0.035954545454545454,2025
0<potenza_impegnata<=1.5,Non Residente,09,Giorno feriale,17,0.034272727272727274,2025
0<potenza_impegnata<=1.5,Non Residente,09,Giorno feriale,16,0.03331818181818182,2025
0<potenza_impegnata<=1.5,Non Residente,09,Giorno feriale,15,0.03295454545454546,2025
0<potenza_impegnata<=1.5,Non Residente,09,Giorno feriale,14,0.033318181818181816,2025
0<potenza_impegnata<=1.5,Non Residente,09,Giorno feriale,13,0.03386363636363637,2025
0<potenza_impegnata<=1.5,Non Residente,09,Giorno feriale,12,0.03377272727272728,2025
0<potenza_impegnata<=1.5,Non Residente,09,Giorno feriale,11,0.034772727272727275,2025
0<potenza_impegnata<=1.5,Non Residente,09,Giorno feriale,10,0.03490909090909091,2025
0<potenza_impegnata<=1.5,Non Residente,09,Giorno feriale,9,0.03581818181818181,2025
0<potenza_impegnata<=1.5,Non Residente,09,Giorno feriale,0,0.03581818181818182,2025
0<potenza_impegnata<=1.5,Non Residente,09,Domenica,8,0.0285,2025
0<potenza_impegnata<=1.5,Non Residente,09,Domenica,7,0.0285,2025
0<potenza_impegnata<=1.5,Non Residente,09,Domenica,6,0.02925,2025
0<potenza_impegnata<=1.5,Non Residente,09,Domenica,5,0.0285,2025
0<potenza_impegnata<=1.5,Non Residente,09,Domenica,4,0.0285,2025
0<potenza_impegnata<=1.5,Non Residente,09,Domenica,3,0.03025,2025
0<potenza_impegnata<=1.5,Non Residente,09,Domenica,2,0.03125,2025
0<potenza_impegnata<=1.5,Non Residente,09,Domenica,23,0.0395,2025
0<potenza_impegnata<=1.5,Non Residente,09,Domenica,22,0.0415,2025
0<potenza_impegnata<=1.5,Non Residente,09,Domenica,21,0.0445,2025
0<potenza_impegnata<=1.5,Non Residente,09,Domenica,20,0.04375,2025
0<potenza_impegnata<=1.5,Non Residente,09,Domenica,19,0.03775,2025
0<potenza_impegnata<=1.5,Non Residente,09,Domenica,1,0.03275,2025
0<potenza_impegnata<=1.5,Non Residente,09,Domenica,18,0.034,2025
0<potenza_impegnata<=1.5,Non Residente,09,Domenica,17,0.03325,2025
0<potenza_impegnata<=1.5,Non Residente,09,Domenica,16,0.03325,2025
0<potenza_impegnata<=1.5,Non Residente,09,Domenica,15,0.03225,2025
0<potenza_impegnata<=1.5,Non Residente,09,Domenica,14,0.03225,2025
0<potenza_impegnata<=1.5,Non Residente,09,Domenica,13,0.03425,2025
0<potenza_impegnata<=1.5,Non Residente,09,Domenica,12,0.03575,2025
0<potenza_impegnata<=1.5,Non Residente,09,Domenica,11,0.0345,2025
0<potenza_impegnata<=1.5,Non Residente,09,Domenica,10,0.03375,2025
0<potenza_impegnata<=1.5,Non Residente,09,Domenica,9,0.03175,2025
0<potenza_impegnata<=1.5,Non Residente,09,Domenica,0,0.03525,2025
0<potenza_impegnata<=1.5,Tutti,09,Sabato,8,0.0545,2025
0<potenza_impegnata<=1.5,Tutti,09,Sabato,7,0.0495,2025
0<potenza_impegnata<=1.5,Tutti,09,Sabato,6,0.04475,2025
0<potenza_impegnata<=1.5,Tutti,09,Sabato,5,0.0415,2025
0<potenza_impegnata<=1.5,Tutti,09,Sabato,4,0.041,2025
0<potenza_impegnata<=1.5,Tutti,09,Sabato,3,0.04175,2025
0<potenza_impegnata<=1.5,Tutti,09,Sabato,2,0.044,2025
0<potenza_impegnata<=1.5,Tutti,09,Sabato,23,0.059,2025
0<potenza_impegnata<=1.5,Tutti,09,Sabato,22,0.0645,2025
0<potenza_impegnata<=1.5,Tutti,09,Sabato,21,0.0685,2025
0<potenza_impegnata<=1.5,Tutti,09,Sabato,20,0.072,2025
0<potenza_impegnata<=1.5,Tutti,09,Sabato,19,0.06725,2025
0<potenza_impegnata<=1.5,Tutti,09,Sabato,1,0.048,2025
0<potenza_impegnata<=1.5,Tutti,09,Sabato,18,0.05925,2025
0<potenza_impegnata<=1.5,Tutti,09,Sabato,17,0.05625,2025
0<potenza_impegnata<=1.5,Tutti,09,Sabato,16,0.0565,2025
0<potenza_impegnata<=1.5,Tutti,09,Sabato,15,0.057,2025
0<potenza_impegnata<=1.5,Tutti,09,Sabato,14,0.05875,2025
0<potenza_impegnata<=1.5,Tutti,09,Sabato,13,0.0605,2025
0<potenza_impegnata<=1.5,Tutti,09,Sabato,12,0.06,2025
0<potenza_impegnata<=1.5,Tutti,09,Sabato,11,0.05925,2025
0<potenza_impegnata<=1.5,Tutti,09,Sabato,10,0.057,2025
0<potenza_impegnata<=1.5,Tutti,09,Sabato,9,0.05675,2025
0<potenza_impegnata<=1.5,Tutti,09,Sabato,0,0.05275,2025
0<potenza_impegnata<=1.5,Tutti,09,Giorno feriale,8,0.05518181818181819,2025
0<potenza_impegnata<=1.5,Tutti,09,Giorno feriale,7,0.05322727272727273,2025
0<potenza_impegnata<=1.5,Tutti,09,Giorno feriale,6,0.047318181818181815,2025
0<potenza_impegnata<=1.5,Tutti,09,Giorno feriale,5,0.04318181818181818,2025
0<potenza_impegnata<=1.5,Tutti,09,Giorno feriale,4,0.041363636363636366,2025
0<potenza_impegnata<=1.5,Tutti,09,Giorno feriale,3,0.04163636363636364,2025
0<potenza_impegnata<=1.5,Tutti,09,Giorno feriale,2,0.04281818181818182,2025
0<potenza_impegnata<=1.5,Tutti,09,Giorno feriale,23,0.05981818181818181,2025
0<potenza_impegnata<=1.5,Tutti,09,Giorno feriale,22,0.06654545454545455,2025
0<potenza_impegnata<=1.5,Tutti,09,Giorno feriale,21,0.07190909090909091,2025
0<potenza_impegnata<=1.5,Tutti,09,Giorno feriale,20,0.07736363636363636,2025
0<potenza_impegnata<=1.5,Tutti,09,Giorno feriale,19,0.07163636363636364,2025
0<potenza_impegnata<=1.5,Tutti,09,Giorno feriale,1,0.046136363636363635,2025
0<potenza_impegnata<=1.5,Tutti,09,Giorno feriale,18,0.06059090909090909,2025
0<potenza_impegnata<=1.5,Tutti,09,Giorno feriale,17,0.055636363636363644,2025
0<potenza_impegnata<=1.5,Tutti,09,Giorno feriale,16,0.053863636363636364,2025
0<potenza_impegnata<=1.5,Tutti,09,Giorno feriale,15,0.05272727272727273,2025
0<potenza_impegnata<=1.5,Tutti,09,Giorno feriale,14,0.05381818181818183,2025
0<potenza_impegnata<=1.5,Tutti,09,Giorno feriale,13,0.055727272727272736,2025
0<potenza_impegnata<=1.5,Tutti,09,Giorno feriale,12,0.05536363636363637,2025
0<potenza_impegnata<=1.5,Tutti,09,Giorno feriale,11,0.05422727272727273,2025
0<potenza_impegnata<=1.5,Tutti,09,Giorno feriale,10,0.05377272727272728,2025
0<potenza_impegnata<=1.5,Tutti,09,Giorno feriale,9,0.05495454545454546,2025
0<potenza_impegnata<=1.5,Tutti,09,Giorno feriale,0,0.052090909090909084,2025
0<potenza_impegnata<=1.5,Tutti,09,Domenica,8,0.05275,2025
0<potenza_impegnata<=1.5,Tutti,09,Domenica,7,0.04625,2025
0<potenza_impegnata<=1.5,Tutti,09,Domenica,6,0.04325,2025
0<potenza_impegnata<=1.5,Tutti,09,Domenica,5,0.04025,2025
0<potenza_impegnata<=1.5,Tutti,09,Domenica,4,0.0405,2025
0<potenza_impegnata<=1.5,Tutti,09,Domenica,3,0.04175,2025
0<potenza_impegnata<=1.5,Tutti,09,Domenica,2,0.04375,2025
0<potenza_impegnata<=1.5,Tutti,09,Domenica,23,0.0595,2025
0<potenza_impegnata<=1.5,Tutti,09,Domenica,22,0.06475,2025
0<potenza_impegnata<=1.5,Tutti,09,Domenica,21,0.0715,2025
0<potenza_impegnata<=1.5,Tutti,09,Domenica,20,0.0775,2025
0<potenza_impegnata<=1.5,Tutti,09,Domenica,19,0.07025,2025
0<potenza_impegnata<=1.5,Tutti,09,Domenica,1,0.0485,2025
0<potenza_impegnata<=1.5,Tutti,09,Domenica,18,0.05975,2025
0<potenza_impegnata<=1.5,Tutti,09,Domenica,17,0.05725,2025
0<potenza_impegnata<=1.5,Tutti,09,Domenica,16,0.05775,2025
0<potenza_impegnata<=1.5,Tutti,09,Domenica,15,0.05625,2025
0<potenza_impegnata<=1.5,Tutti,09,Domenica,14,0.056,2025
0<potenza_impegnata<=1.5,Tutti,09,Domenica,13,0.06025,2025
0<potenza_impegnata<=1.5,Tutti,09,Domenica,12,0.063,2025
0<potenza_impegnata<=1.5,Tutti,09,Domenica,11,0.0625,2025
0<potenza_impegnata<=1.5,Tutti,09,Domenica,10,0.06075,2025
0<potenza_impegnata<=1.5,Tutti,09,Domenica,9,0.05725,2025
0<potenza_impegnata<=1.5,Tutti,09,Domenica,0,0.0545,2025
0<potenza_impegnata<=1.5,Residente,09,Sabato,8,0.0735,2025
0<potenza_impegnata<=1.5,Residente,09,Sabato,7,0.065,2025
0<potenza_impegnata<=1.5,Residente,09,Sabato,6,0.0565,2025
0<potenza_impegnata<=1.5,Residente,09,Sabato,5,0.052,2025
0<potenza_impegnata<=1.5,Residente,09,Sabato,4,0.0515,2025
0<potenza_impegnata<=1.5,Residente,09,Sabato,3,0.05225,2025
0<potenza_impegnata<=1.5,Residente,09,Sabato,2,0.0545,2025
0<potenza_impegnata<=1.5,Residente,09,Sabato,23,0.07725,2025
0<potenza_impegnata<=1.5,Residente,09,Sabato,22,0.08625,2025
0<potenza_impegnata<=1.5,Residente,09,Sabato,21,0.0925,2025
0<potenza_impegnata<=1.5,Residente,09,Sabato,20,0.0975,2025
0<potenza_impegnata<=1.5,Residente,09,Sabato,19,0.091,2025
0<potenza_impegnata<=1.5,Residente,09,Sabato,1,0.061,2025
0<potenza_impegnata<=1.5,Residente,09,Sabato,18,0.07975,2025
0<potenza_impegnata<=1.5,Residente,09,Sabato,17,0.07575,2025
0<potenza_impegnata<=1.5,Residente,09,Sabato,16,0.0765,2025
0<potenza_impegnata<=1.5,Residente,09,Sabato,15,0.077,2025
0<potenza_impegnata<=1.5,Residente,09,Sabato,14,0.0805,2025
0<potenza_impegnata<=1.5,Residente,09,Sabato,13,0.083,2025
0<potenza_impegnata<=1.5,Residente,09,Sabato,12,0.08175,2025
0<potenza_impegnata<=1.5,Residente,09,Sabato,11,0.0795,2025
0<potenza_impegnata<=1.5,Residente,09,Sabato,10,0.076,2025
0<potenza_impegnata<=1.5,Residente,09,Sabato,9,0.0765,2025
0<potenza_impegnata<=1.5,Residente,09,Sabato,0,0.0685,2025
0<potenza_impegnata<=1.5,Residente,09,Giorno feriale,8,0.07336363636363637,2025
0<potenza_impegnata<=1.5,Residente,09,Giorno feriale,7,0.07027272727272726,2025
0<potenza_impegnata<=1.5,Residente,09,Giorno feriale,6,0.06004545454545454,2025
0<potenza_impegnata<=1.5,Residente,09,Giorno feriale,5,0.054090909090909085,2025
0<potenza_impegnata<=1.5,Residente,09,Giorno feriale,4,0.051727272727272726,2025
0<potenza_impegnata<=1.5,Residente,09,Giorno feriale,3,0.05154545454545454,2025
0<potenza_impegnata<=1.5,Residente,09,Giorno feriale,2,0.05313636363636364,2025
0<potenza_impegnata<=1.5,Residente,09,Giorno feriale,23,0.0775,2025
0<potenza_impegnata<=1.5,Residente,09,Giorno feriale,22,0.08695454545454545,2025
0<potenza_impegnata<=1.5,Residente,09,Giorno feriale,21,0.09563636363636364,2025
0<potenza_impegnata<=1.5,Residente,09,Giorno feriale,20,0.10454545454545455,2025
0<potenza_impegnata<=1.5,Residente,09,Giorno feriale,19,0.09859090909090909,2025
0<potenza_impegnata<=1.5,Residente,09,Giorno feriale,1,0.05809090909090909,2025
0<potenza_impegnata<=1.5,Residente,09,Giorno feriale,18,0.08236363636363636,2025
0<potenza_impegnata<=1.5,Residente,09,Giorno feriale,17,0.0744090909090909,2025
0<potenza_impegnata<=1.5,Residente,09,Giorno feriale,16,0.07200000000000001,2025
0<potenza_impegnata<=1.5,Residente,09,Giorno feriale,15,0.07018181818181818,2025
0<potenza_impegnata<=1.5,Residente,09,Giorno feriale,14,0.07181818181818182,2025
0<potenza_impegnata<=1.5,Residente,09,Giorno feriale,13,0.07509090909090908,2025
0<potenza_impegnata<=1.5,Residente,09,Giorno feriale,12,0.07422727272727273,2025
0<potenza_impegnata<=1.5,Residente,09,Giorno feriale,11,0.07140909090909091,2025
0<potenza_impegnata<=1.5,Residente,09,Giorno feriale,10,0.07031818181818182,2025
0<potenza_impegnata<=1.5,Residente,09,Giorno feriale,9,0.07163636363636364,2025
0<potenza_impegnata<=1.5,Residente,09,Giorno feriale,0,0.0664090909090909,2025
0<potenza_impegnata<=1.5,Residente,09,Domenica,8,0.07425,2025
0<potenza_impegnata<=1.5,Residente,09,Domenica,7,0.062,2025
0<potenza_impegnata<=1.5,Residente,09,Domenica,6,0.0555,2025
0<potenza_impegnata<=1.5,Residente,09,Domenica,5,0.0505,2025
0<potenza_impegnata<=1.5,Residente,09,Domenica,4,0.05075,2025
0<potenza_impegnata<=1.5,Residente,09,Domenica,3,0.052,2025
0<potenza_impegnata<=1.5,Residente,09,Domenica,2,0.055,2025
0<potenza_impegnata<=1.5,Residente,09,Domenica,23,0.077,2025
0<potenza_impegnata<=1.5,Residente,09,Domenica,22,0.08525,2025
0<potenza_impegnata<=1.5,Residente,09,Domenica,21,0.0955,2025
0<potenza_impegnata<=1.5,Residente,09,Domenica,20,0.10725,2025
0<potenza_impegnata<=1.5,Residente,09,Domenica,19,0.09875,2025
0<potenza_impegnata<=1.5,Residente,09,Domenica,1,0.062,2025
0<potenza_impegnata<=1.5,Residente,09,Domenica,18,0.0825,2025
0<potenza_impegnata<=1.5,Tutti,10,Domenica,4,0.0405,2025
0<potenza_impegnata<=1.5,Tutti,10,Domenica,3,0.04175,2025
0<potenza_impegnata<=1.5,Tutti,10,Domenica,2,0.044,2025
0<potenza_impegnata<=1.5,Tutti,10,Domenica,23,0.06325,2025
0<potenza_impegnata<=1.5,Tutti,10,Domenica,22,0.07225,2025
0<potenza_impegnata<=1.5,Tutti,10,Domenica,21,0.079,2025
0<potenza_impegnata<=1.5,Tutti,10,Domenica,20,0.08625,2025
0<potenza_impegnata<=1.5,Tutti,10,Domenica,19,0.08825,2025
0<potenza_impegnata<=1.5,Tutti,10,Domenica,1,0.0495,2025
0<potenza_impegnata<=1.5,Tutti,10,Domenica,18,0.075,2025
0<potenza_impegnata<=1.5,Tutti,10,Domenica,17,0.066,2025
0<potenza_impegnata<=1.5,Tutti,10,Domenica,16,0.06175,2025
0<potenza_impegnata<=1.5,Tutti,10,Domenica,15,0.062,2025
0<potenza_impegnata<=1.5,Tutti,10,Domenica,14,0.06325,2025
0<potenza_impegnata<=1.5,Tutti,10,Domenica,13,0.068,2025
0<potenza_impegnata<=1.5,Tutti,10,Domenica,12,0.07025,2025
0<potenza_impegnata<=1.5,Tutti,10,Domenica,11,0.06875,2025
0<potenza_impegnata<=1.5,Tutti,10,Domenica,10,0.0705,2025
0<potenza_impegnata<=1.5,Tutti,10,Domenica,9,0.06575,2025
0<potenza_impegnata<=1.5,Tutti,10,Domenica,0,0.057,2025
0<potenza_impegnata<=1.5,Residente,10,Sabato,8,0.08375,2025
0<potenza_impegnata<=1.5,Residente,10,Sabato,7,0.07025,2025
0<potenza_impegnata<=1.5,Residente,10,Sabato,6,0.05975,2025
0<potenza_impegnata<=1.5,Residente,10,Sabato,5,0.0525,2025
0<potenza_impegnata<=1.5,Residente,10,Sabato,4,0.0535,2025
0<potenza_impegnata<=1.5,Residente,10,Sabato,3,0.05225,2025
0<potenza_impegnata<=1.5,Residente,10,Sabato,2,0.05425,2025
0<potenza_impegnata<=1.5,Residente,10,Sabato,23,0.0835,2025
0<potenza_impegnata<=1.5,Residente,10,Sabato,22,0.095,2025
0<potenza_impegnata<=1.5,Residente,10,Sabato,21,0.10575,2025
0<potenza_impegnata<=1.5,Residente,10,Sabato,20,0.11425,2025
0<potenza_impegnata<=1.5,Residente,10,Sabato,19,0.1125,2025
0<potenza_impegnata<=1.5,Residente,10,Sabato,1,0.0625,2025
0<potenza_impegnata<=1.5,Residente,10,Sabato,18,0.1,2025
0<potenza_impegnata<=1.5,Residente,10,Sabato,17,0.08825,2025
0<potenza_impegnata<=1.5,Residente,10,Sabato,16,0.08425,2025
0<potenza_impegnata<=1.5,Residente,10,Sabato,15,0.08375,2025
0<potenza_impegnata<=1.5,Residente,10,Sabato,14,0.08775,2025
0<potenza_impegnata<=1.5,Residente,10,Sabato,13,0.0935,2025
0<potenza_impegnata<=1.5,Residente,10,Sabato,12,0.08975,2025
0<potenza_impegnata<=1.5,Residente,10,Sabato,11,0.089,2025
0<potenza_impegnata<=1.5,Residente,10,Sabato,10,0.087,2025
0<potenza_impegnata<=1.5,Residente,10,Sabato,9,0.08725,2025
0<potenza_impegnata<=1.5,Residente,10,Sabato,0,0.073,2025
0<potenza_impegnata<=1.5,Residente,10,Giorno feriale,8,0.08334782608695653,2025
0<potenza_impegnata<=1.5,Residente,10,Giorno feriale,7,0.07991304347826088,2025
0<potenza_impegnata<=1.5,Residente,10,Giorno feriale,6,0.06617391304347826,2025
0<potenza_impegnata<=1.5,Residente,10,Giorno feriale,5,0.05547826086956522,2025
0<potenza_impegnata<=1.5,Residente,10,Giorno feriale,4,0.05230434782608695,2025
0<potenza_impegnata<=1.5,Residente,10,Giorno feriale,3,0.051304347826086956,2025
0<potenza_impegnata<=1.5,Residente,10,Giorno feriale,2,0.05334782608695652,2025
0<potenza_impegnata<=1.5,Residente,10,Giorno feriale,23,0.0831304347826087,2025
0<potenza_impegnata<=1.5,Residente,10,Giorno feriale,22,0.0965217391304348,2025
0<potenza_impegnata<=1.5,Residente,10,Giorno feriale,21,0.10817391304347826,2025
0<potenza_impegnata<=1.5,Residente,10,Giorno feriale,20,0.11943478260869565,2025
0<potenza_impegnata<=1.5,Residente,10,Giorno feriale,19,0.1184782608695652,2025
0<potenza_impegnata<=1.5,Residente,10,Giorno feriale,1,0.05965217391304347,2025
0<potenza_impegnata<=1.5,Residente,10,Giorno feriale,18,0.09860869565217392,2025
0<potenza_impegnata<=1.5,Residente,10,Giorno feriale,17,0.08365217391304348,2025
0<potenza_impegnata<=1.5,Residente,10,Giorno feriale,16,0.0782608695652174,2025
0<potenza_impegnata<=1.5,Residente,10,Giorno feriale,15,0.0768695652173913,2025
0<potenza_impegnata<=1.5,Residente,10,Giorno feriale,14,0.08078260869565218,2025
0<potenza_impegnata<=1.5,Residente,10,Giorno feriale,13,0.08369565217391303,2025
0<potenza_impegnata<=1.5,Residente,10,Giorno feriale,12,0.08191304347826088,2025
0<potenza_impegnata<=1.5,Residente,10,Giorno feriale,11,0.07795652173913044,2025
0<potenza_impegnata<=1.5,Residente,10,Giorno feriale,10,0.07704347826086956,2025
0<potenza_impegnata<=1.5,Residente,10,Giorno feriale,9,0.08056521739130434,2025
0<potenza_impegnata<=1.5,Residente,10,Giorno feriale,0,0.06908695652173913,2025
0<potenza_impegnata<=1.5,Residente,10,Domenica,8,0.0805,2025
0<potenza_impegnata<=1.5,Residente,10,Domenica,7,0.066,2025
0<potenza_impegnata<=1.5,Residente,10,Domenica,6,0.0565,2025
0<potenza_impegnata<=1.5,Residente,10,Domenica,5,0.0515,2025
0<potenza_impegnata<=1.5,Residente,10,Domenica,4,0.05025,2025
0<potenza_impegnata<=1.5,Residente,10,Domenica,3,0.05125,2025
0<potenza_impegnata<=1.5,Residente,10,Domenica,2,0.05525,2025
0<potenza_impegnata<=1.5,Residente,10,Domenica,23,0.0815,2025
0<potenza_impegnata<=1.5,Residente,10,Domenica,22,0.094,2025
0<potenza_impegnata<=1.5,Residente,10,Domenica,21,0.10575,2025
0<potenza_impegnata<=1.5,Residente,10,Domenica,20,0.11725,2025
0<potenza_impegnata<=1.5,Residente,10,Domenica,19,0.1235,2025
0<potenza_impegnata<=1.5,Residente,10,Domenica,1,0.06275,2025
0<potenza_impegnata<=1.5,Residente,10,Domenica,18,0.10425,2025
0<potenza_impegnata<=1.5,Residente,10,Domenica,17,0.091,2025
0<potenza_impegnata<=1.5,Residente,10,Domenica,16,0.08475,2025
0<potenza_impegnata<=1.5,Residente,10,Domenica,15,0.08375,2025
0<potenza_impegnata<=1.5,Residente,10,Domenica,14,0.087,2025
0<potenza_impegnata<=1.5,Residente,10,Domenica,13,0.09475,2025
0<potenza_impegnata<=1.5,Residente,10,Domenica,12,0.0975,2025
0<potenza_impegnata<=1.5,Residente,10,Domenica,11,0.09475,2025
0<potenza_impegnata<=1.5,Residente,10,Domenica,10,0.09675,2025
0<potenza_impegnata<=1.5,Residente,10,Domenica,9,0.0885,2025
0<potenza_impegnata<=1.5,Residente,10,Domenica,0,0.0735,2025
0<potenza_impegnata<=1.5,Non Residente,10,Sabato,8,0.03725,2025
0<potenza_impegnata<=1.5,Non Residente,10,Sabato,7,0.035,2025
0<potenza_impegnata<=1.5,Non Residente,10,Sabato,6,0.03225,2025
0<potenza_impegnata<=1.5,Non Residente,10,Sabato,5,0.03025,2025
0<potenza_impegnata<=1.5,Non Residente,10,Sabato,4,0.03,2025
0<potenza_impegnata<=1.5,Non Residente,10,Sabato,3,0.03125,2025
0<potenza_impegnata<=1.5,Non Residente,10,Sabato,2,0.0325,2025
0<potenza_impegnata<=1.5,Non Residente,10,Sabato,23,0.04075,2025
0<potenza_impegnata<=1.5,Non Residente,10,Sabato,22,0.04425,2025
0<potenza_impegnata<=1.5,Non Residente,10,Sabato,21,0.04575,2025
0<potenza_impegnata<=1.5,Non Residente,10,Sabato,20,0.04925,2025
0<potenza_impegnata<=1.5,Non Residente,10,Sabato,19,0.0485,2025
0<potenza_impegnata<=1.5,Non Residente,10,Sabato,1,0.03425,2025
0<potenza_impegnata<=1.5,Non Residente,10,Sabato,18,0.0435,2025
0<potenza_impegnata<=1.5,Non Residente,10,Sabato,17,0.0415,2025
0<potenza_impegnata<=1.5,Non Residente,10,Sabato,16,0.03925,2025
0<potenza_impegnata<=1.5,Non Residente,10,Sabato,15,0.03975,2025
0<potenza_impegnata<=1.5,Non Residente,10,Sabato,14,0.0395,2025
0<potenza_impegnata<=1.5,Non Residente,10,Sabato,13,0.0395,2025
0<potenza_impegnata<=1.5,Non Residente,10,Sabato,12,0.03875,2025
0<potenza_impegnata<=1.5,Non Residente,10,Sabato,11,0.041,2025
0<potenza_impegnata<=1.5,Non Residente,10,Sabato,10,0.0395,2025
0<potenza_impegnata<=1.5,Non Residente,10,Sabato,9,0.03975,2025
0<potenza_impegnata<=1.5,Non Residente,10,Sabato,0,0.03775,2025
0<potenza_impegnata<=1.5,Non Residente,10,Giorno feriale,8,0.04052173913043479,2025
0<potenza_impegnata<=1.5,Non Residente,10,Giorno feriale,7,0.04056521739130435,2025
0<potenza_impegnata<=1.5,Non Residente,10,Giorno feriale,6,0.03726086956521739,2025
0<potenza_impegnata<=1.5,Non Residente,10,Giorno feriale,5,0.03147826086956522,2025
0<potenza_impegnata<=1.5,Non Residente,10,Giorno feriale,4,0.030173913043478263,2025
0<potenza_impegnata<=1.5,Non Residente,10,Giorno feriale,3,0.03134782608695652,2025
0<potenza_impegnata<=1.5,Non Residente,10,Giorno feriale,2,0.03186956521739131,2025
0<potenza_impegnata<=1.5,Non Residente,10,Giorno feriale,23,0.044,2025
0<potenza_impegnata<=1.5,Non Residente,10,Giorno feriale,22,0.04813043478260869,2025
0<potenza_impegnata<=1.5,Non Residente,10,Giorno feriale,21,0.051391304347826086,2025
0<potenza_impegnata<=1.5,Non Residente,10,Giorno feriale,20,0.05365217391304348,2025
0<potenza_impegnata<=1.5,Non Residente,10,Giorno feriale,19,0.053434782608695656,2025
0<potenza_impegnata<=1.5,Non Residente,10,Giorno feriale,1,0.03386956521739131,2025
0<potenza_impegnata<=1.5,Non Residente,10,Giorno feriale,18,0.0462608695652174,2025
0<potenza_impegnata<=1.5,Non Residente,10,Giorno feriale,17,0.04130434782608696,2025
0<potenza_impegnata<=1.5,Non Residente,10,Giorno feriale,16,0.03869565217391305,2025
0<potenza_impegnata<=1.5,Non Residente,10,Giorno feriale,15,0.037826086956521746,2025
0<potenza_impegnata<=1.5,Non Residente,10,Giorno feriale,14,0.03743478260869565,2025
0<potenza_impegnata<=1.5,Non Residente,10,Giorno feriale,13,0.03860869565217392,2025
0<potenza_impegnata<=1.5,Non Residente,10,Giorno feriale,12,0.03904347826086957,2025
0<potenza_impegnata<=1.5,Non Residente,10,Giorno feriale,11,0.0402608695652174,2025
0<potenza_impegnata<=1.5,Non Residente,10,Giorno feriale,10,0.04121739130434783,2025
0<potenza_impegnata<=1.5,Non Residente,10,Giorno feriale,9,0.04104347826086957,2025
0<potenza_impegnata<=1.5,Non Residente,10,Giorno feriale,0,0.03847826086956522,2025
0<potenza_impegnata<=1.5,Non Residente,10,Domenica,8,0.0325,2025
0<potenza_impegnata<=1.5,Non Residente,10,Domenica,7,0.03,2025
0<potenza_impegnata<=1.5,Non Residente,10,Domenica,6,0.03025,2025
0<potenza_impegnata<=1.5,Non Residente,10,Domenica,5,0.029,2025
0<potenza_impegnata<=1.5,Non Residente,10,Domenica,4,0.02975,2025
0<potenza_impegnata<=1.5,Non Residente,10,Domenica,3,0.031,2025
0<potenza_impegnata<=1.5,Non Residente,10,Domenica,2,0.0315,2025
0<potenza_impegnata<=1.5,Non Residente,10,Domenica,23,0.04275,2025
0<potenza_impegnata<=1.5,Non Residente,10,Domenica,22,0.0475,2025
0<potenza_impegnata<=1.5,Non Residente,10,Domenica,21,0.04925,2025
0<potenza_impegnata<=1.5,Non Residente,10,Domenica,20,0.05125,2025
0<potenza_impegnata<=1.5,Non Residente,10,Domenica,19,0.04875,2025
0<potenza_impegnata<=1.5,Non Residente,10,Domenica,1,0.035,2025
0<potenza_impegnata<=1.5,Non Residente,10,Domenica,18,0.04225,2025
0<potenza_impegnata<=1.5,Non Residente,10,Domenica,17,0.03775,2025
0<potenza_impegnata<=1.5,Non Residente,10,Domenica,16,0.03575,2025
0<potenza_impegnata<=1.5,Non Residente,10,Domenica,15,0.03725,2025
0<potenza_impegnata<=1.5,Non Residente,10,Domenica,14,0.0365,2025
0<potenza_impegnata<=1.5,Non Residente,10,Domenica,13,0.038,2025
0<potenza_impegnata<=1.5,Non Residente,10,Domenica,12,0.04,2025
0<potenza_impegnata<=1.5,Non Residente,10,Domenica,11,0.0395,2025
0<potenza_impegnata<=1.5,Non Residente,10,Domenica,10,0.04075,2025
0<potenza_impegnata<=1.5,Non Residente,10,Domenica,9,0.04,2025
0<potenza_impegnata<=1.5,Non Residente,10,Domenica,0,0.03825,2025
0<potenza_impegnata<=1.5,Tutti,10,Sabato,8,0.062,2025
0<potenza_impegnata<=1.5,Tutti,10,Sabato,7,0.05375,2025
0<potenza_impegnata<=1.5,Tutti,10,Sabato,6,0.04675,2025
0<potenza_impegnata<=1.5,Tutti,10,Sabato,5,0.04225,2025
0<potenza_impegnata<=1.5,Tutti,10,Sabato,4,0.0425,2025
0<potenza_impegnata<=1.5,Tutti,10,Sabato,3,0.0425,2025
0<potenza_impegnata<=1.5,Tutti,10,Sabato,2,0.044,2025
0<potenza_impegnata<=1.5,Tutti,10,Sabato,23,0.0635,2025
0<potenza_impegnata<=1.5,Tutti,10,Sabato,22,0.071,2025
0<potenza_impegnata<=1.5,Tutti,10,Sabato,21,0.0775,2025
0<potenza_impegnata<=1.5,Tutti,10,Sabato,20,0.0835,2025
0<potenza_impegnata<=1.5,Tutti,10,Sabato,19,0.0825,2025
0<potenza_impegnata<=1.5,Tutti,10,Sabato,1,0.04925,2025
0<potenza_impegnata<=1.5,Tutti,10,Sabato,18,0.07325,2025
0<potenza_impegnata<=1.5,Tutti,10,Sabato,17,0.06625,2025
0<potenza_impegnata<=1.5,Tutti,10,Sabato,16,0.063,2025
0<potenza_impegnata<=1.5,Tutti,10,Sabato,15,0.063,2025
0<potenza_impegnata<=1.5,Tutti,10,Sabato,14,0.065,2025
0<potenza_impegnata<=1.5,Tutti,10,Sabato,13,0.068,2025
0<potenza_impegnata<=1.5,Tutti,10,Sabato,12,0.06575,2025
0<potenza_impegnata<=1.5,Tutti,10,Sabato,11,0.0665,2025
0<potenza_impegnata<=1.5,Tutti,10,Sabato,10,0.06475,2025
0<potenza_impegnata<=1.5,Tutti,10,Sabato,9,0.065,2025
0<potenza_impegnata<=1.5,Tutti,10,Sabato,0,0.0565,2025
0<potenza_impegnata<=1.5,Tutti,10,Giorno feriale,8,0.06317391304347826,2025
0<potenza_impegnata<=1.5,Tutti,10,Giorno feriale,7,0.06139130434782608,2025
0<potenza_impegnata<=1.5,Tutti,10,Giorno feriale,6,0.052565217391304354,2025
0<potenza_impegnata<=1.5,Tutti,10,Giorno feriale,5,0.044260869565217395,2025
0<potenza_impegnata<=1.5,Tutti,10,Giorno feriale,4,0.041913043478260865,2025
0<potenza_impegnata<=1.5,Tutti,10,Giorno feriale,3,0.041956521739130434,2025
0<potenza_impegnata<=1.5,Tutti,10,Giorno feriale,2,0.043217391304347826,2025
0<potenza_impegnata<=1.5,Tutti,10,Giorno feriale,23,0.06478260869565218,2025
0<potenza_impegnata<=1.5,Tutti,10,Giorno feriale,22,0.07378260869565217,2025
0<potenza_impegnata<=1.5,Tutti,10,Giorno feriale,21,0.08143478260869565,2025
0<potenza_impegnata<=1.5,Tutti,10,Giorno feriale,20,0.08843478260869564,2025
0<potenza_impegnata<=1.5,Tutti,10,Giorno feriale,19,0.08778260869565216,2025
0<potenza_impegnata<=1.5,Tutti,10,Giorno feriale,1,0.04747826086956522,2025
0<potenza_impegnata<=1.5,Tutti,10,Giorno feriale,18,0.074,2025
0<potenza_impegnata<=1.5,Tutti,10,Giorno feriale,17,0.06373913043478262,2025
0<potenza_impegnata<=1.5,Tutti,10,Giorno feriale,16,0.05969565217391303,2025
0<potenza_impegnata<=1.5,Tutti,10,Giorno feriale,15,0.058521739130434784,2025
0<potenza_impegnata<=1.5,Tutti,10,Giorno feriale,14,0.06039130434782609,2025
0<potenza_impegnata<=1.5,Tutti,10,Giorno feriale,13,0.06256521739130436,2025
0<potenza_impegnata<=1.5,Tutti,10,Giorno feriale,12,0.061782608695652164,2025
0<potenza_impegnata<=1.5,Tutti,10,Giorno feriale,11,0.06026086956521739,2025
0<potenza_impegnata<=1.5,Tutti,10,Giorno feriale,10,0.06017391304347826,2025
0<potenza_impegnata<=1.5,Tutti,10,Giorno feriale,9,0.061956521739130424,2025
0<potenza_impegnata<=1.5,Tutti,10,Giorno feriale,0,0.054652173913043486,2025
0<potenza_impegnata<=1.5,Tutti,10,Domenica,8,0.058,2025
0<potenza_impegnata<=1.5,Tutti,10,Domenica,7,0.049,2025
0<potenza_impegnata<=1.5,Tutti,10,Domenica,6,0.04425,2025
0<potenza_impegnata<=1.5,Tutti,10,Domenica,5,0.041,2025
0<potenza_impegnata<=1.5,Tutti,11,Sabato,8,0.0685,2025
0<potenza_impegnata<=1.5,Tutti,11,Sabato,7,0.061,2025
0<potenza_impegnata<=1.5,Tutti,11,Sabato,6,0.05225,2025
0<potenza_impegnata<=1.5,Tutti,11,Sabato,5,0.0455,2025
0<potenza_impegnata<=1.5,Tutti,11,Sabato,4,0.04425,2025
0<potenza_impegnata<=1.5,Tutti,11,Sabato,3,0.046,2025
0<potenza_impegnata<=1.5,Tutti,11,Sabato,2,0.04725,2025
0<potenza_impegnata<=1.5,Tutti,11,Sabato,23,0.067,2025
0<potenza_impegnata<=1.5,Tutti,11,Sabato,22,0.07275,2025
0<potenza_impegnata<=1.5,Tutti,11,Sabato,21,0.0805,2025
0<potenza_impegnata<=1.5,Tutti,11,Sabato,20,0.0875,2025
0<potenza_impegnata<=1.5,Tutti,11,Sabato,19,0.0855,2025
0<potenza_impegnata<=1.5,Tutti,11,Sabato,1,0.053,2025
0<potenza_impegnata<=1.5,Tutti,11,Sabato,18,0.08375,2025
0<potenza_impegnata<=1.5,Tutti,11,Sabato,17,0.078,2025
0<potenza_impegnata<=1.5,Tutti,11,Sabato,16,0.07025,2025
0<potenza_impegnata<=1.5,Tutti,11,Sabato,15,0.06825,2025
0<potenza_impegnata<=1.5,Tutti,11,Sabato,14,0.07025,2025
0<potenza_impegnata<=1.5,Tutti,11,Sabato,13,0.07225,2025
0<potenza_impegnata<=1.5,Tutti,11,Sabato,12,0.0715,2025
0<potenza_impegnata<=1.5,Tutti,11,Sabato,11,0.07325,2025
0<potenza_impegnata<=1.5,Tutti,11,Sabato,10,0.07125,2025
0<potenza_impegnata<=1.5,Tutti,11,Sabato,9,0.0705,2025
0<potenza_impegnata<=1.5,Tutti,11,Sabato,0,0.06025,2025
0<potenza_impegnata<=1.5,Tutti,11,Giorno feriale,8,0.06645000000000001,2025
0<potenza_impegnata<=1.5,Tutti,11,Giorno feriale,7,0.06375,2025
0<potenza_impegnata<=1.5,Tutti,11,Giorno feriale,6,0.05625,2025
0<potenza_impegnata<=1.5,Tutti,11,Giorno feriale,5,0.047650000000000005,2025
0<potenza_impegnata<=1.5,Tutti,11,Giorno feriale,4,0.04454999999999999,2025
0<potenza_impegnata<=1.5,Tutti,11,Giorno feriale,3,0.044399999999999995,2025
0<potenza_impegnata<=1.5,Tutti,11,Giorno feriale,2,0.04565,2025
0<potenza_impegnata<=1.5,Tutti,11,Giorno feriale,23,0.06745000000000001,2025
0<potenza_impegnata<=1.5,Tutti,11,Giorno feriale,22,0.07715000000000001,2025
0<potenza_impegnata<=1.5,Tutti,11,Giorno feriale,21,0.08505,2025
0<potenza_impegnata<=1.5,Tutti,11,Giorno feriale,20,0.09319999999999999,2025
0<potenza_impegnata<=1.5,Tutti,11,Giorno feriale,19,0.0931,2025
0<potenza_impegnata<=1.5,Tutti,11,Giorno feriale,1,0.05000000000000001,2025
0<potenza_impegnata<=1.5,Tutti,11,Giorno feriale,18,0.08575,2025
0<potenza_impegnata<=1.5,Tutti,11,Giorno feriale,17,0.07685,2025
0<potenza_impegnata<=1.5,Tutti,11,Giorno feriale,16,0.06620000000000001,2025
0<potenza_impegnata<=1.5,Tutti,11,Giorno feriale,15,0.06255000000000001,2025
0<potenza_impegnata<=1.5,Tutti,11,Giorno feriale,14,0.06315,2025
0<potenza_impegnata<=1.5,Tutti,11,Giorno feriale,13,0.0653,2025
0<potenza_impegnata<=1.5,Tutti,11,Giorno feriale,12,0.06515,2025
0<potenza_impegnata<=1.5,Tutti,11,Giorno feriale,11,0.064,2025
0<potenza_impegnata<=1.5,Tutti,11,Giorno feriale,10,0.0631,2025
0<potenza_impegnata<=1.5,Tutti,11,Giorno feriale,9,0.06540000000000001,2025
0<potenza_impegnata<=1.5,Tutti,11,Giorno feriale,0,0.058199999999999995,2025
0<potenza_impegnata<=1.5,Tutti,11,Domenica,8,0.06183333333333333,2025
0<potenza_impegnata<=1.5,Tutti,11,Domenica,7,0.054,2025
0<potenza_impegnata<=1.5,Tutti,11,Domenica,6,0.048499999999999995,2025
0<potenza_impegnata<=1.5,Tutti,11,Domenica,5,0.045000000000000005,2025
0<potenza_impegnata<=1.5,Tutti,11,Domenica,4,0.043500000000000004,2025
0<potenza_impegnata<=1.5,Tutti,11,Domenica,3,0.044833333333333336,2025
0<potenza_impegnata<=1.5,Tutti,11,Domenica,2,0.04650000000000001,2025
0<potenza_impegnata<=1.5,Tutti,11,Domenica,23,0.06316666666666666,2025
0<potenza_impegnata<=1.5,Tutti,11,Domenica,22,0.07133333333333333,2025
0<potenza_impegnata<=1.5,Tutti,11,Domenica,21,0.0795,2025
0<potenza_impegnata<=1.5,Tutti,11,Domenica,20,0.08766666666666667,2025
0<potenza_impegnata<=1.5,Tutti,11,Domenica,19,0.08716666666666667,2025
0<potenza_impegnata<=1.5,Tutti,11,Domenica,1,0.0515,2025
0<potenza_impegnata<=1.5,Tutti,11,Domenica,18,0.08333333333333333,2025
0<potenza_impegnata<=1.5,Tutti,11,Domenica,17,0.0785,2025
0<potenza_impegnata<=1.5,Tutti,11,Domenica,16,0.07083333333333333,2025
0<potenza_impegnata<=1.5,Tutti,11,Domenica,15,0.06916666666666667,2025
0<potenza_impegnata<=1.5,Tutti,11,Domenica,14,0.07016666666666667,2025
0<potenza_impegnata<=1.5,Tutti,11,Domenica,13,0.07283333333333333,2025
0<potenza_impegnata<=1.5,Tutti,11,Domenica,12,0.07466666666666667,2025
0<potenza_impegnata<=1.5,Tutti,11,Domenica,11,0.0735,2025
0<potenza_impegnata<=1.5,Tutti,11,Domenica,10,0.07133333333333333,2025
0<potenza_impegnata<=1.5,Tutti,11,Domenica,9,0.067,2025
0<potenza_impegnata<=1.5,Tutti,11,Domenica,0,0.057499999999999996,2025
0<potenza_impegnata<=1.5,Residente,11,Sabato,8,0.091,2025
0<potenza_impegnata<=1.5,Residente,11,Sabato,7,0.079,2025
0<potenza_impegnata<=1.5,Residente,11,Sabato,6,0.065,2025
0<potenza_impegnata<=1.5,Residente,11,Sabato,5,0.05525,2025
0<potenza_impegnata<=1.5,Residente,11,Sabato,4,0.053,2025
0<potenza_impegnata<=1.5,Residente,11,Sabato,3,0.055,2025
0<potenza_impegnata<=1.5,Residente,11,Sabato,2,0.05575,2025
0<potenza_impegnata<=1.5,Residente,11,Sabato,23,0.084,2025
0<potenza_impegnata<=1.5,Residente,11,Sabato,22,0.095,2025
0<potenza_impegnata<=1.5,Residente,11,Sabato,21,0.105,2025
0<potenza_impegnata<=1.5,Residente,11,Sabato,20,0.1155,2025
0<potenza_impegnata<=1.5,Residente,11,Sabato,19,0.11325,2025
0<potenza_impegnata<=1.5,Residente,11,Sabato,1,0.06325,2025
0<potenza_impegnata<=1.5,Residente,11,Sabato,18,0.10925,2025
0<potenza_impegnata<=1.5,Residente,11,Sabato,17,0.09975,2025
0<potenza_impegnata<=1.5,Residente,11,Sabato,16,0.0895,2025
0<potenza_impegnata<=1.5,Residente,11,Sabato,15,0.08875,2025
0<potenza_impegnata<=1.5,Residente,11,Sabato,14,0.09275,2025
0<potenza_impegnata<=1.5,Residente,11,Sabato,13,0.09675,2025
0<potenza_impegnata<=1.5,Residente,11,Sabato,12,0.0955,2025
0<potenza_impegnata<=1.5,Residente,11,Sabato,11,0.0955,2025
0<potenza_impegnata<=1.5,Residente,11,Sabato,10,0.09325,2025
0<potenza_impegnata<=1.5,Residente,11,Sabato,9,0.09225,2025
0<potenza_impegnata<=1.5,Residente,11,Sabato,0,0.0745,2025
0<potenza_impegnata<=1.5,Residente,11,Giorno feriale,8,0.08705,2025
0<potenza_impegnata<=1.5,Residente,11,Giorno feriale,7,0.08235,2025
0<potenza_impegnata<=1.5,Residente,11,Giorno feriale,6,0.06965,2025
0<potenza_impegnata<=1.5,Residente,11,Giorno feriale,5,0.05854999999999999,2025
0<potenza_impegnata<=1.5,Residente,11,Giorno feriale,4,0.054400000000000004,2025
0<potenza_impegnata<=1.5,Residente,11,Giorno feriale,3,0.05325,2025
0<potenza_impegnata<=1.5,Residente,11,Giorno feriale,2,0.0548,2025
0<potenza_impegnata<=1.5,Residente,11,Giorno feriale,23,0.08465,2025
0<potenza_impegnata<=1.5,Residente,11,Giorno feriale,22,0.09875,2025
0<potenza_impegnata<=1.5,Residente,11,Giorno feriale,21,0.11005000000000001,2025
0<potenza_impegnata<=1.5,Residente,11,Giorno feriale,20,0.12249999999999998,2025
0<potenza_impegnata<=1.5,Residente,11,Giorno feriale,19,0.12135,2025
0<potenza_impegnata<=1.5,Residente,11,Giorno feriale,1,0.06074999999999999,2025
0<potenza_impegnata<=1.5,Residente,11,Giorno feriale,18,0.10874999999999999,2025
0<potenza_impegnata<=1.5,Residente,11,Giorno feriale,17,0.0957,2025
0<potenza_impegnata<=1.5,Residente,11,Giorno feriale,16,0.08320000000000001,2025
0<potenza_impegnata<=1.5,Residente,11,Giorno feriale,15,0.07905,2025
0<potenza_impegnata<=1.5,Residente,11,Giorno feriale,14,0.0811,2025
0<potenza_impegnata<=1.5,Residente,11,Giorno feriale,13,0.085,2025
0<potenza_impegnata<=1.5,Residente,11,Giorno feriale,12,0.08405,2025
0<potenza_impegnata<=1.5,Residente,11,Giorno feriale,11,0.081,2025
0<potenza_impegnata<=1.5,Residente,11,Giorno feriale,10,0.0795,2025
0<potenza_impegnata<=1.5,Residente,11,Giorno feriale,9,0.08355,2025
0<potenza_impegnata<=1.5,Residente,11,Giorno feriale,0,0.0715,2025
0<potenza_impegnata<=1.5,Residente,11,Domenica,8,0.08316666666666667,2025
0<potenza_impegnata<=1.5,Residente,11,Domenica,7,0.06999999999999999,2025
0<potenza_impegnata<=1.5,Residente,11,Domenica,6,0.05983333333333333,2025
0<potenza_impegnata<=1.5,Residente,11,Domenica,5,0.05516666666666667,2025
0<potenza_impegnata<=1.5,Residente,11,Domenica,4,0.052333333333333336,2025
0<potenza_impegnata<=1.5,Residente,11,Domenica,3,0.05366666666666667,2025
0<potenza_impegnata<=1.5,Residente,11,Domenica,2,0.05616666666666667,2025
0<potenza_impegnata<=1.5,Residente,11,Domenica,23,0.079,2025
0<potenza_impegnata<=1.5,Residente,11,Domenica,22,0.09166666666666667,2025
0<potenza_impegnata<=1.5,Residente,11,Domenica,21,0.104,2025
0<potenza_impegnata<=1.5,Residente,11,Domenica,20,0.11683333333333333,2025
0<potenza_impegnata<=1.5,Residente,11,Domenica,19,0.11699999999999999,2025
0<potenza_impegnata<=1.5,Residente,11,Domenica,1,0.06383333333333334,2025
0<potenza_impegnata<=1.5,Residente,11,Domenica,18,0.11,2025
0<potenza_impegnata<=1.5,Residente,11,Domenica,17,0.10316666666666667,2025
0<potenza_impegnata<=1.5,Residente,11,Domenica,16,0.09333333333333334,2025
0<potenza_impegnata<=1.5,Residente,11,Domenica,15,0.09216666666666667,2025
0<potenza_impegnata<=1.5,Residente,11,Domenica,14,0.09333333333333334,2025
0<potenza_impegnata<=1.5,Residente,11,Domenica,13,0.09883333333333333,2025
0<potenza_impegnata<=1.5,Residente,11,Domenica,12,0.10216666666666667,2025
0<potenza_impegnata<=1.5,Residente,11,Domenica,11,0.09883333333333333,2025
0<potenza_impegnata<=1.5,Residente,11,Domenica,10,0.09633333333333333,2025
0<potenza_impegnata<=1.5,Residente,11,Domenica,9,0.09166666666666667,2025
0<potenza_impegnata<=1.5,Residente,11,Domenica,0,0.07166666666666667,2025
0<potenza_impegnata<=1.5,Non Residente,11,Sabato,8,0.043,2025
0<potenza_impegnata<=1.5,Non Residente,11,Sabato,7,0.041,2025
0<potenza_impegnata<=1.5,Non Residente,11,Sabato,6,0.038,2025
0<potenza_impegnata<=1.5,Non Residente,11,Sabato,5,0.0345,2025
0<potenza_impegnata<=1.5,Non Residente,11,Sabato,4,0.0345,2025
0<potenza_impegnata<=1.5,Non Residente,11,Sabato,3,0.03575,2025
0<potenza_impegnata<=1.5,Non Residente,11,Sabato,2,0.038,2025
0<potenza_impegnata<=1.5,Non Residente,11,Sabato,23,0.04775,2025
0<potenza_impegnata<=1.5,Non Residente,11,Sabato,22,0.04775,2025
0<potenza_impegnata<=1.5,Non Residente,11,Sabato,21,0.05325,2025
0<potenza_impegnata<=1.5,Non Residente,11,Sabato,20,0.05625,2025
0<potenza_impegnata<=1.5,Non Residente,11,Sabato,19,0.05425,2025
0<potenza_impegnata<=1.5,Non Residente,11,Sabato,1,0.0415,2025
0<potenza_impegnata<=1.5,Non Residente,11,Sabato,18,0.05525,2025
0<potenza_impegnata<=1.5,Non Residente,11,Sabato,17,0.05375,2025
0<potenza_impegnata<=1.5,Non Residente,11,Sabato,16,0.04875,2025
0<potenza_impegnata<=1.5,Non Residente,11,Sabato,15,0.045,2025
0<potenza_impegnata<=1.5,Non Residente,11,Sabato,14,0.04525,2025
0<potenza_impegnata<=1.5,Non Residente,11,Sabato,13,0.045,2025
0<potenza_impegnata<=1.5,Non Residente,11,Sabato,12,0.04475,2025
0<potenza_impegnata<=1.5,Non Residente,11,Sabato,11,0.048,2025
0<potenza_impegnata<=1.5,Non Residente,11,Sabato,10,0.0465,2025
0<potenza_impegnata<=1.5,Non Residente,11,Sabato,9,0.046,2025
0<potenza_impegnata<=1.5,Non Residente,11,Sabato,0,0.04425,2025
0<potenza_impegnata<=1.5,Non Residente,11,Giorno feriale,8,0.04315,2025
0<potenza_impegnata<=1.5,Non Residente,11,Giorno feriale,7,0.04290000000000001,2025
0<potenza_impegnata<=1.5,Non Residente,11,Giorno feriale,6,0.04125,2025
0<potenza_impegnata<=1.5,Non Residente,11,Giorno feriale,5,0.035350000000000006,2025
0<potenza_impegnata<=1.5,Non Residente,11,Giorno feriale,4,0.033600000000000005,2025
0<potenza_impegnata<=1.5,Non Residente,11,Giorno feriale,3,0.034600000000000006,2025
0<potenza_impegnata<=1.5,Non Residente,11,Giorno feriale,2,0.0354,2025
0<potenza_impegnata<=1.5,Non Residente,11,Giorno feriale,23,0.048350000000000004,2025
0<potenza_impegnata<=1.5,Non Residente,11,Giorno feriale,22,0.0531,2025
0<potenza_impegnata<=1.5,Non Residente,11,Giorno feriale,21,0.0573,2025
0<potenza_impegnata<=1.5,Non Residente,11,Giorno feriale,20,0.06054999999999999,2025
0<potenza_impegnata<=1.5,Non Residente,11,Giorno feriale,19,0.061549999999999994,2025
0<potenza_impegnata<=1.5,Non Residente,11,Giorno feriale,1,0.0379,2025
0<potenza_impegnata<=1.5,Non Residente,11,Giorno feriale,18,0.0601,2025
0<potenza_impegnata<=1.5,Non Residente,11,Giorno feriale,17,0.055600000000000004,2025
0<potenza_impegnata<=1.5,Non Residente,11,Giorno feriale,16,0.04714999999999999,2025
0<potenza_impegnata<=1.5,Non Residente,11,Giorno feriale,15,0.04394999999999999,2025
0<potenza_impegnata<=1.5,Non Residente,11,Giorno feriale,14,0.042800000000000005,2025
0<potenza_impegnata<=1.5,Non Residente,11,Giorno feriale,13,0.043100000000000006,2025
0<potenza_impegnata<=1.5,Non Residente,11,Giorno feriale,12,0.04375,2025
0<potenza_impegnata<=1.5,Non Residente,11,Giorno feriale,11,0.0447,2025
0<potenza_impegnata<=1.5,Non Residente,11,Giorno feriale,10,0.0445,2025
0<potenza_impegnata<=1.5,Non Residente,11,Giorno feriale,9,0.04485,2025
0<potenza_impegnata<=1.5,Non Residente,11,Giorno feriale,0,0.04335,2025
0<potenza_impegnata<=1.5,Non Residente,11,Domenica,8,0.03816666666666667,2025
0<potenza_impegnata<=1.5,Non Residente,11,Domenica,7,0.036,2025
0<potenza_impegnata<=1.5,Non Residente,11,Domenica,6,0.036,2025
0<potenza_impegnata<=1.5,Non Residente,11,Domenica,5,0.03366666666666667,2025
0<potenza_impegnata<=1.5,Non Residente,11,Domenica,4,0.03333333333333333,2025
0<potenza_impegnata<=1.5,Non Residente,11,Domenica,3,0.034999999999999996,2025
0<potenza_impegnata<=1.5,Non Residente,11,Domenica,2,0.035666666666666666,2025
0<potenza_impegnata<=1.5,Non Residente,11,Domenica,23,0.045500000000000006,2025
0<potenza_impegnata<=1.5,Non Residente,11,Domenica,22,0.048666666666666664,2025
0<potenza_impegnata<=1.5,Non Residente,11,Domenica,21,0.052333333333333336,2025
0<potenza_impegnata<=1.5,Non Residente,11,Domenica,20,0.055,2025
0<potenza_impegnata<=1.5,Non Residente,11,Domenica,19,0.05366666666666667,2025
0<potenza_impegnata<=1.5,Non Residente,11,Domenica,1,0.03766666666666667,2025
0<potenza_impegnata<=1.5,Non Residente,11,Domenica,18,0.05333333333333334,2025
0<potenza_impegnata<=1.5,Non Residente,11,Domenica,17,0.050666666666666665,2025
0<potenza_impegnata<=1.5,Non Residente,11,Domenica,16,0.04566666666666667,2025
0<potenza_impegnata<=1.5,Non Residente,11,Domenica,15,0.043500000000000004,2025
0<potenza_impegnata<=1.5,Non Residente,11,Domenica,14,0.044333333333333336,2025
0<potenza_impegnata<=1.5,Non Residente,11,Domenica,13,0.043833333333333335,2025
0<potenza_impegnata<=1.5,Non Residente,11,Domenica,12,0.043833333333333335,2025
0<potenza_impegnata<=1.5,Non Residente,11,Domenica,11,0.04516666666666667,2025
0<potenza_impegnata<=1.5,Non Residente,11,Domenica,10,0.043666666666666666,2025
0<potenza_impegnata<=1.5,Non Residente,11,Domenica,9,0.0395,2025
0<potenza_impegnata<=1.5,Non Residente,11,Domenica,0,0.041666666666666664,2025
0<potenza_impegnata<=1.5,Tutti,12,Sabato,8,0.06575,2025
0<potenza_impegnata<=1.5,Tutti,12,Sabato,7,0.05975,2025
0<potenza_impegnata<=1.5,Tutti,12,Sabato,6,0.0515,2025
0<potenza_impegnata<=1.5,Tutti,12,Sabato,5,0.04675,2025
0<potenza_impegnata<=1.5,Tutti,12,Sabato,4,0.04425,2025
0<potenza_impegnata<=1.5,Tutti,12,Sabato,3,0.04625,2025
0<potenza_impegnata<=1.5,Tutti,12,Sabato,2,0.04875,2025
0<potenza_impegnata<=1.5,Tutti,12,Sabato,23,0.06625,2025
0<potenza_impegnata<=1.5,Tutti,12,Sabato,22,0.07225,2025
0<potenza_impegnata<=1.5,Tutti,12,Sabato,21,0.078,2025
0<potenza_impegnata<=1.5,Tutti,12,Sabato,20,0.0835,2025
0<potenza_impegnata<=1.5,Tutti,12,Sabato,19,0.0825,2025
0<potenza_impegnata<=1.5,Tutti,12,Sabato,1,0.05325,2025
0<potenza_impegnata<=1.5,Tutti,12,Sabato,18,0.07925,2025
0<potenza_impegnata<=1.5,Tutti,12,Sabato,17,0.07425,2025
0<potenza_impegnata<=1.5,Tutti,12,Sabato,16,0.06775,2025
0<potenza_impegnata<=1.5,Tutti,12,Sabato,15,0.066,2025
0<potenza_impegnata<=1.5,Tutti,12,Sabato,14,0.0675,2025
0<potenza_impegnata<=1.5,Tutti,12,Sabato,13,0.069,2025
0<potenza_impegnata<=1.5,Tutti,12,Sabato,12,0.07,2025
0<potenza_impegnata<=1.5,Tutti,12,Sabato,11,0.071,2025
0<potenza_impegnata<=1.5,Tutti,12,Sabato,10,0.0685,2025
0<potenza_impegnata<=1.5,Tutti,12,Sabato,9,0.0695,2025
0<potenza_impegnata<=1.5,Tutti,12,Sabato,0,0.0595,2025
0<potenza_impegnata<=1.5,Tutti,12,Giorno feriale,8,0.06920000000000001,2025
0<potenza_impegnata<=1.5,Tutti,12,Giorno feriale,7,0.0666,2025
0<potenza_impegnata<=1.5,Tutti,12,Giorno feriale,6,0.05620000000000001,2025
0<potenza_impegnata<=1.5,Tutti,12,Giorno feriale,5,0.048799999999999996,2025
0<potenza_impegnata<=1.5,Tutti,12,Giorno feriale,4,0.0459,2025
0<potenza_impegnata<=1.5,Tutti,12,Giorno feriale,3,0.04635,2025
0<potenza_impegnata<=1.5,Tutti,12,Giorno feriale,2,0.047549999999999995,2025
0<potenza_impegnata<=1.5,Tutti,12,Giorno feriale,23,0.0685,2025
0<potenza_impegnata<=1.5,Tutti,12,Giorno feriale,22,0.07665,2025
0<potenza_impegnata<=1.5,Tutti,12,Giorno feriale,21,0.08415000000000002,2025
0<potenza_impegnata<=1.5,Tutti,12,Giorno feriale,20,0.08990000000000001,2025
0<potenza_impegnata<=1.5,Tutti,12,Giorno feriale,19,0.08995,2025
0<potenza_impegnata<=1.5,Tutti,12,Giorno feriale,1,0.0522,2025
0<potenza_impegnata<=1.5,Tutti,12,Giorno feriale,18,0.08349999999999999,2025
0<potenza_impegnata<=1.5,Tutti,12,Giorno feriale,17,0.07690000000000001,2025
0<potenza_impegnata<=1.5,Tutti,12,Giorno feriale,16,0.0691,2025
0<potenza_impegnata<=1.5,Tutti,12,Giorno feriale,15,0.06565000000000001,2025
0<potenza_impegnata<=1.5,Tutti,12,Giorno feriale,14,0.06660000000000002,2025
0<potenza_impegnata<=1.5,Tutti,12,Giorno feriale,13,0.06935,2025
0<potenza_impegnata<=1.5,Tutti,12,Giorno feriale,12,0.0683,2025
0<potenza_impegnata<=1.5,Tutti,12,Giorno feriale,11,0.06775,2025
0<potenza_impegnata<=1.5,Tutti,12,Giorno feriale,10,0.06695,2025
0<potenza_impegnata<=1.5,Tutti,12,Giorno feriale,9,0.06905,2025
0<potenza_impegnata<=1.5,Tutti,12,Giorno feriale,0,0.05934999999999999,2025
0<potenza_impegnata<=1.5,Tutti,12,Domenica,8,0.05985714285714285,2025
0<potenza_impegnata<=1.5,Tutti,12,Domenica,7,0.05485714285714286,2025
0<potenza_impegnata<=1.5,Tutti,12,Domenica,6,0.04985714285714286,2025
0<potenza_impegnata<=1.5,Tutti,12,Domenica,5,0.046,2025
0<potenza_impegnata<=1.5,Tutti,12,Domenica,4,0.04485714285714286,2025
0<potenza_impegnata<=1.5,Tutti,12,Domenica,3,0.04585714285714286,2025
0<potenza_impegnata<=1.5,Tutti,12,Domenica,2,0.049,2025
0<potenza_impegnata<=1.5,Tutti,12,Domenica,23,0.06642857142857143,2025
0<potenza_impegnata<=1.5,Tutti,12,Domenica,22,0.07242857142857143,2025
0<potenza_impegnata<=1.5,Tutti,12,Domenica,21,0.078,2025
0<potenza_impegnata<=1.5,Tutti,12,Domenica,20,0.08414285714285714,2025
0<potenza_impegnata<=1.5,Tutti,12,Domenica,19,0.08385714285714285,2025
0<potenza_impegnata<=1.5,Tutti,12,Domenica,1,0.053285714285714283,2025
0<potenza_impegnata<=1.5,Tutti,12,Domenica,18,0.07971428571428572,2025
0<potenza_impegnata<=1.5,Tutti,12,Domenica,17,0.075,2025
0<potenza_impegnata<=1.5,Tutti,12,Domenica,16,0.06699999999999999,2025
0<potenza_impegnata<=1.5,Tutti,12,Domenica,15,0.06485714285714286,2025
0<potenza_impegnata<=1.5,Tutti,12,Domenica,14,0.066,2025
0<potenza_impegnata<=1.5,Tutti,12,Domenica,13,0.06899999999999999,2025
0<potenza_impegnata<=1.5,Tutti,12,Domenica,12,0.072,2025
0<potenza_impegnata<=1.5,Tutti,12,Domenica,11,0.07271428571428572,2025
0<potenza_impegnata<=1.5,Tutti,12,Domenica,10,0.06942857142857142,2025
0<potenza_impegnata<=1.5,Tutti,12,Domenica,9,0.06571428571428571,2025
0<potenza_impegnata<=1.5,Tutti,12,Domenica,0,0.05914285714285714,2025
0<potenza_impegnata<=1.5,Residente,12,Sabato,8,0.08675,2025
0<potenza_impegnata<=1.5,Residente,12,Sabato,7,0.07425,2025
0<potenza_impegnata<=1.5,Residente,12,Sabato,6,0.06175,2025
0<potenza_impegnata<=1.5,Residente,12,Sabato,5,0.054,2025
0<potenza_impegnata<=1.5,Residente,12,Sabato,4,0.05075,2025
0<potenza_impegnata<=1.5,Residente,12,Sabato,3,0.0535,2025
0<potenza_impegnata<=1.5,Residente,12,Sabato,2,0.056,2025
0<potenza_impegnata<=1.5,Residente,12,Sabato,23,0.0825,2025
0<potenza_impegnata<=1.5,Residente,12,Sabato,22,0.09475,2025
0<potenza_impegnata<=1.5,Residente,12,Sabato,21,0.10325,2025
0<potenza_impegnata<=1.5,Residente,12,Sabato,20,0.1115,2025
0<potenza_impegnata<=1.5,Residente,12,Sabato,19,0.1085,2025
0<potenza_impegnata<=1.5,Residente,12,Sabato,1,0.0625,2025
0<potenza_impegnata<=1.5,Residente,12,Sabato,18,0.10175,2025
0<potenza_impegnata<=1.5,Residente,12,Sabato,17,0.09425,2025
0<potenza_impegnata<=1.5,Residente,12,Sabato,16,0.0865,2025
0<potenza_impegnata<=1.5,Residente,12,Sabato,15,0.08525,2025
0<potenza_impegnata<=1.5,Residente,12,Sabato,14,0.088,2025
0<potenza_impegnata<=1.5,Residente,12,Sabato,13,0.0905,2025
0<potenza_impegnata<=1.5,Residente,12,Sabato,12,0.09175,2025
0<potenza_impegnata<=1.5,Residente,12,Sabato,11,0.09325,2025
0<potenza_impegnata<=1.5,Residente,12,Sabato,10,0.08925,2025
0<potenza_impegnata<=1.5,Residente,12,Sabato,9,0.091,2025
0<potenza_impegnata<=1.5,Residente,12,Sabato,0,0.0715,2025
0<potenza_impegnata<=1.5,Residente,12,Giorno feriale,8,0.0897,2025
0<potenza_impegnata<=1.5,Residente,12,Giorno feriale,7,0.0829,2025
0<potenza_impegnata<=1.5,Residente,12,Giorno feriale,6,0.06770000000000001,2025
0<potenza_impegnata<=1.5,Residente,12,Giorno feriale,5,0.05804999999999999,2025
0<potenza_impegnata<=1.5,Residente,12,Giorno feriale,4,0.05355,2025
0<potenza_impegnata<=1.5,Residente,12,Giorno feriale,3,0.053700000000000005,2025
0<potenza_impegnata<=1.5,Residente,12,Giorno feriale,2,0.055999999999999994,2025
0<potenza_impegnata<=1.5,Residente,12,Giorno feriale,23,0.0865,2025
0<potenza_impegnata<=1.5,Residente,12,Giorno feriale,22,0.09985,2025
0<potenza_impegnata<=1.5,Residente,12,Giorno feriale,21,0.10990000000000003,2025
0<potenza_impegnata<=1.5,Residente,12,Giorno feriale,20,0.11975,2025
0<potenza_impegnata<=1.5,Residente,12,Giorno feriale,19,0.11815,2025
0<potenza_impegnata<=1.5,Residente,12,Giorno feriale,1,0.06244999999999999,2025
0<potenza_impegnata<=1.5,Residente,12,Giorno feriale,18,0.10705000000000002,2025
0<potenza_impegnata<=1.5,Residente,12,Giorno feriale,17,0.09615,2025
0<potenza_impegnata<=1.5,Residente,12,Giorno feriale,16,0.08600000000000001,2025
0<potenza_impegnata<=1.5,Residente,12,Giorno feriale,15,0.08274999999999999,2025
0<potenza_impegnata<=1.5,Residente,12,Giorno feriale,14,0.08579999999999999,2025
0<potenza_impegnata<=1.5,Residente,12,Giorno feriale,13,0.09004999999999999,2025
0<potenza_impegnata<=1.5,Residente,12,Giorno feriale,12,0.08825,2025
0<potenza_impegnata<=1.5,Residente,12,Giorno feriale,11,0.08554999999999999,2025
0<potenza_impegnata<=1.5,Residente,12,Giorno feriale,10,0.0836,2025
0<potenza_impegnata<=1.5,Residente,12,Giorno feriale,9,0.08845,2025
0<potenza_impegnata<=1.5,Residente,12,Giorno feriale,0,0.0721,2025
0<potenza_impegnata<=1.5,Residente,12,Domenica,8,0.07971428571428572,2025
0<potenza_impegnata<=1.5,Residente,12,Domenica,7,0.06771428571428571,2025
0<potenza_impegnata<=1.5,Residente,12,Domenica,6,0.05942857142857143,2025
0<potenza_impegnata<=1.5,Residente,12,Domenica,5,0.05442857142857143,2025
0<potenza_impegnata<=1.5,Residente,12,Domenica,4,0.05285714285714286,2025
0<potenza_impegnata<=1.5,Residente,12,Domenica,3,0.054142857142857145,2025
0<potenza_impegnata<=1.5,Residente,12,Domenica,2,0.05885714285714285,2025
0<potenza_impegnata<=1.5,Residente,12,Domenica,23,0.08371428571428571,2025
0<potenza_impegnata<=1.5,Residente,12,Domenica,22,0.09385714285714286,2025
0<potenza_impegnata<=1.5,Residente,12,Domenica,21,0.10214285714285713,2025
0<potenza_impegnata<=1.5,Residente,12,Domenica,20,0.1122857142857143,2025
0<potenza_impegnata<=1.5,Residente,12,Domenica,19,0.11214285714285714,2025
0<potenza_impegnata<=1.5,Residente,12,Domenica,1,0.06514285714285714,2025
0<potenza_impegnata<=1.5,Residente,12,Domenica,18,0.105,2025
0<potenza_impegnata<=1.5,Residente,12,Domenica,17,0.09785714285714286,2025
0<potenza_impegnata<=1.5,Residente,12,Domenica,16,0.088,2025
0<potenza_impegnata<=1.5,Residente,12,Domenica,15,0.08542857142857142,2025
0<potenza_impegnata<=1.5,Residente,12,Domenica,14,0.08885714285714286,2025
0<potenza_impegnata<=1.5,Residente,12,Domenica,13,0.09428571428571429,2025
0<potenza_impegnata<=1.5,Residente,12,Domenica,12,0.0972857142857143,2025
0<potenza_impegnata<=1.5,Residente,12,Domenica,11,0.09828571428571428,2025
0<potenza_impegnata<=1.5,Residente,12,Domenica,10,0.09428571428571429,2025
0<potenza_impegnata<=1.5,Residente,12,Domenica,9,0.08857142857142856,2025
0<potenza_impegnata<=1.5,Residente,12,Domenica,0,0.07328571428571429,2025
0<potenza_impegnata<=1.5,Non Residente,12,Sabato,8,0.04275,2025
0<potenza_impegnata<=1.5,Non Residente,12,Sabato,7,0.0435,2025
0<potenza_impegnata<=1.5,Non Residente,12,Sabato,6,0.04025,2025
0<potenza_impegnata<=1.5,Non Residente,12,Sabato,5,0.0385,2025
0<potenza_impegnata<=1.5,Non Residente,12,Sabato,4,0.037,2025
0<potenza_impegnata<=1.5,Non Residente,12,Sabato,3,0.0385,2025
0<potenza_impegnata<=1.5,Non Residente,12,Sabato,2,0.04075,2025
0<potenza_impegnata<=1.5,Non Residente,12,Sabato,23,0.04825,2025
0<potenza_impegnata<=1.5,Non Residente,12,Sabato,22,0.04775,2025
0<potenza_impegnata<=1.5,Non Residente,12,Sabato,21,0.05,2025
0<potenza_impegnata<=1.5,Non Residente,12,Sabato,20,0.05275,2025
0<potenza_impegnata<=1.5,Non Residente,12,Sabato,19,0.05375,2025
0<potenza_impegnata<=1.5,Non Residente,12,Sabato,1,0.043,2025
0<potenza_impegnata<=1.5,Non Residente,12,Sabato,18,0.0545,2025
0<potenza_impegnata<=1.5,Non Residente,12,Sabato,17,0.05225,2025
0<potenza_impegnata<=1.5,Non Residente,12,Sabato,16,0.047,2025
0<potenza_impegnata<=1.5,Non Residente,12,Sabato,15,0.045,2025
0<potenza_impegnata<=1.5,Non Residente,12,Sabato,14,0.04525,2025
0<potenza_impegnata<=1.5,Non Residente,12,Sabato,13,0.0455,2025
0<potenza_impegnata<=1.5,Non Residente,12,Sabato,12,0.046,2025
0<potenza_impegnata<=1.5,Non Residente,12,Sabato,11,0.0465,2025
0<potenza_impegnata<=1.5,Non Residente,12,Sabato,10,0.046,2025
0<potenza_impegnata<=1.5,Non Residente,12,Sabato,9,0.046,2025
0<potenza_impegnata<=1.5,Non Residente,12,Sabato,0,0.0465,2025
0<potenza_impegnata<=1.5,Non Residente,12,Giorno feriale,8,0.046349999999999995,2025
0<potenza_impegnata<=1.5,Non Residente,12,Giorno feriale,7,0.048650000000000006,2025
0<potenza_impegnata<=1.5,Non Residente,12,Giorno feriale,6,0.04355,2025
0<potenza_impegnata<=1.5,Non Residente,12,Giorno feriale,5,0.0386,2025
0<potenza_impegnata<=1.5,Non Residente,12,Giorno feriale,4,0.0374,2025
0<potenza_impegnata<=1.5,Non Residente,12,Giorno feriale,3,0.0381,2025
0<potenza_impegnata<=1.5,Non Residente,12,Giorno feriale,2,0.03825,2025
0<potenza_impegnata<=1.5,Non Residente,12,Giorno feriale,23,0.0488,2025
0<potenza_impegnata<=1.5,Non Residente,12,Giorno feriale,22,0.05105,2025
0<potenza_impegnata<=1.5,Non Residente,12,Giorno feriale,21,0.05589999999999999,2025
0<potenza_impegnata<=1.5,Non Residente,12,Giorno feriale,20,0.05689999999999999,2025
0<potenza_impegnata<=1.5,Non Residente,12,Giorno feriale,19,0.058750000000000004,2025
0<potenza_impegnata<=1.5,Non Residente,12,Giorno feriale,1,0.04095,2025
0<potenza_impegnata<=1.5,Non Residente,12,Giorno feriale,18,0.057699999999999994,2025
0<potenza_impegnata<=1.5,Non Residente,12,Giorno feriale,17,0.05565,2025
0<potenza_impegnata<=1.5,Non Residente,12,Giorno feriale,16,0.050249999999999996,2025
0<potenza_impegnata<=1.5,Non Residente,12,Giorno feriale,15,0.046799999999999994,2025
0<potenza_impegnata<=1.5,Non Residente,12,Giorno feriale,14,0.04525,2025
0<potenza_impegnata<=1.5,Non Residente,12,Giorno feriale,13,0.046299999999999994,2025
0<potenza_impegnata<=1.5,Non Residente,12,Giorno feriale,12,0.04625,2025
0<potenza_impegnata<=1.5,Non Residente,12,Giorno feriale,11,0.048049999999999995,2025
0<potenza_impegnata<=1.5,Non Residente,12,Giorno feriale,10,0.0483,2025
0<potenza_impegnata<=1.5,Non Residente,12,Giorno feriale,9,0.0475,2025
0<potenza_impegnata<=1.5,Non Residente,12,Giorno feriale,0,0.045349999999999994,2025
0<potenza_impegnata<=1.5,Non Residente,12,Domenica,8,0.03785714285714286,2025
0<potenza_impegnata<=1.5,Non Residente,12,Domenica,7,0.040857142857142856,2025
0<potenza_impegnata<=1.5,Non Residente,12,Domenica,6,0.039142857142857146,2025
0<potenza_impegnata<=1.5,Non Residente,12,Domenica,5,0.036571428571428574,2025
0<potenza_impegnata<=1.5,Non Residente,12,Domenica,4,0.036,2025
0<potenza_impegnata<=1.5,Non Residente,12,Domenica,3,0.03671428571428571,2025
0<potenza_impegnata<=1.5,Non Residente,12,Domenica,2,0.038142857142857145,2025
0<potenza_impegnata<=1.5,Non Residente,12,Domenica,23,0.04742857142857143,2025
0<potenza_impegnata<=1.5,Non Residente,12,Domenica,22,0.04871428571428572,2025
0<potenza_impegnata<=1.5,Non Residente,12,Domenica,21,0.05142857142857143,2025
0<potenza_impegnata<=1.5,Non Residente,12,Domenica,20,0.053,2025
0<potenza_impegnata<=1.5,Non Residente,12,Domenica,19,0.052714285714285714,2025
0<potenza_impegnata<=1.5,Non Residente,12,Domenica,1,0.04014285714285715,2025
0<potenza_impegnata<=1.5,Non Residente,12,Domenica,18,0.05157142857142857,2025
0<potenza_impegnata<=1.5,Non Residente,12,Domenica,17,0.04985714285714286,2025
0<potenza_impegnata<=1.5,Non Residente,12,Domenica,16,0.044,2025
0<potenza_impegnata<=1.5,Non Residente,12,Domenica,15,0.041999999999999996,2025
0<potenza_impegnata<=1.5,Non Residente,12,Domenica,14,0.04071428571428571,2025
0<potenza_impegnata<=1.5,Non Residente,12,Domenica,13,0.04128571428571428,2025
0<potenza_impegnata<=1.5,Non Residente,12,Domenica,12,0.04414285714285714,2025
0<potenza_impegnata<=1.5,Non Residente,12,Domenica,11,0.04471428571428571,2025
0<potenza_impegnata<=1.5,Non Residente,12,Domenica,10,0.04214285714285714,2025
0<potenza_impegnata<=1.5,Non Residente,12,Domenica,9,0.040428571428571425,2025
0<potenza_impegnata<=1.5,Non Residente,12,Domenica,0,0.04371428571428571,2025
1.5<potenza_impegnata<=3,Tutti,anno,Giorno feriale,4,0.09800623622182371,2025
1.5<potenza_impegnata<=3,Residente,anno,Giorno feriale,6,0.12498686781865714,2025
1.5<potenza_impegnata<=3,Tutti,anno,Giorno feriale,9,0.16286904623678972,2025
1.5<potenza_impegnata<=3,Tutti,anno,Domenica,14,0.21031143478094746,2025
1.5<potenza_impegnata<=3,Non Residente,anno,Sabato,18,0.16620054350771216,2025
1.5<potenza_impegnata<=3,Residente,anno,Giorno feriale,17,0.18975747382881442,2025
1.5<potenza_impegnata<=3,Tutti,anno,Sabato,13,0.21604621535951649,2025
1.5<potenza_impegnata<=3,Residente,anno,Domenica,19,0.26469605602914187,2025
1.5<potenza_impegnata<=3,Non Residente,anno,Domenica,4,0.08517934603162831,2025
1.5<potenza_impegnata<=3,Residente,anno,Sabato,5,0.10464466065796998,2025
1.5<potenza_impegnata<=3,Residente,anno,Sabato,10,0.1958174833939724,2025
1.5<potenza_impegnata<=3,Residente,anno,Domenica,5,0.10169227779504257,2025
1.5<potenza_impegnata<=3,Residente,anno,Giorno feriale,13,0.18641802449457018,2025
1.5<potenza_impegnata<=3,Tutti,anno,Domenica,1,0.12767574132526802,2025
1.5<potenza_impegnata<=3,Tutti,anno,Domenica,9,0.17916661515101961,2025
1.5<potenza_impegnata<=3,Residente,anno,Sabato,23,0.18608671755908568,2025
1.5<potenza_impegnata<=3,Non Residente,anno,Domenica,23,0.15843765386969785,2025
1.5<potenza_impegnata<=3,Residente,anno,Sabato,9,0.1877020746032542,2025
1.5<potenza_impegnata<=3,Residente,anno,Giorno feriale,4,0.10057697214583317,2025
1.5<potenza_impegnata<=3,Non Residente,anno,Sabato,14,0.1694270356672257,2025
1.5<potenza_impegnata<=3,Tutti,anno,Sabato,8,0.15761031690037247,2025
1.5<potenza_impegnata<=3,Non Residente,anno,Giorno feriale,10,0.1347308349693176,2025
1.5<potenza_impegnata<=3,Tutti,anno,Sabato,18,0.21776264021088793,2025
1.5<potenza_impegnata<=3,Tutti,anno,Giorno feriale,6,0.12053444036212102,2025
1.5<potenza_impegnata<=3,Tutti,anno,Giorno feriale,19,0.25577871463501606,2025
1.5<potenza_impegnata<=3,Non Residente,anno,Domenica,8,0.10899568221400685,2025
1.5<potenza_impegnata<=3,Tutti,anno,Domenica,8,0.14838472950971088,2025
1.5<potenza_impegnata<=3,Residente,anno,Domenica,16,0.20333225773654112,2025
1.5<potenza_impegnata<=3,Residente,anno,Domenica,10,0.20863538404475976,2025
1.5<potenza_impegnata<=3,Residente,anno,Sabato,8,0.16511994434383592,2025
1.5<potenza_impegnata<=3,Residente,anno,Sabato,6,0.11252507679800469,2025
1.5<potenza_impegnata<=3,Non Residente,anno,Domenica,2,0.09682138899154677,2025
1.5<potenza_impegnata<=3,Non Residente,anno,Sabato,3,0.09204730196283112,2025
1.5<potenza_impegnata<=3,Residente,anno,Sabato,19,0.2605946983633424,2025
1.5<potenza_impegnata<=3,Non Residente,anno,Sabato,2,0.10045935171954502,2025
1.5<potenza_impegnata<=3,Non Residente,anno,Sabato,23,0.14617354395549548,2025
1.5<potenza_impegnata<=3,Non Residente,anno,Sabato,17,0.1582671034693226,2025
1.5<potenza_impegnata<=3,Residente,anno,Giorno feriale,19,0.26710621526830397,2025
1.5<potenza_impegnata<=3,Non Residente,anno,Domenica,20,0.20808731143487627,2025
1.5<potenza_impegnata<=3,Tutti,anno,Sabato,4,0.10063428481707135,2025
1.5<potenza_impegnata<=3,Tutti,anno,Sabato,16,0.19459793015422153,2025
1.5<potenza_impegnata<=3,Residente,anno,Giorno feriale,11,0.16757864339156187,2025
1.5<potenza_impegnata<=3,Tutti,anno,Sabato,14,0.20975027856681272,2025
1.5<potenza_impegnata<=3,Tutti,anno,Giorno feriale,2,0.108149197409722,2025
1.5<potenza_impegnata<=3,Residente,anno,Domenica,2,0.11334613160951101,2025
1.5<potenza_impegnata<=3,Residente,anno,Domenica,1,0.13100564339711254,2025
1.5<potenza_impegnata<=3,Tutti,anno,Domenica,23,0.18351675133202955,2025
1.5<potenza_impegnata<=3,Residente,anno,Domenica,13,0.2310745673755293,2025
1.5<potenza_impegnata<=3,Tutti,anno,Domenica,18,0.21991148957508877,2025
1.5<potenza_impegnata<=3,Tutti,anno,Domenica,15,0.19989905062375257,2025
1.5<potenza_impegnata<=3,Non Residente,anno,Domenica,3,0.08981062245047362,2025
1.5<potenza_impegnata<=3,Non Residente,anno,Domenica,11,0.16014292895301713,2025
1.5<potenza_impegnata<=3,Non Residente,anno,Sabato,7,0.10216741196208959,2025
1.5<potenza_impegnata<=3,Residente,anno,Sabato,4,0.10327354652040803,2025
1.5<potenza_impegnata<=3,Non Residente,anno,Sabato,6,0.08978297606926094,2025
1.5<potenza_impegnata<=3,Residente,anno,Sabato,1,0.13191119331884404,2025
1.5<potenza_impegnata<=3,Residente,anno,Sabato,18,0.22802990790420644,2025
1.5<potenza_impegnata<=3,Residente,anno,Sabato,16,0.20202650573890096,2025
1.5<potenza_impegnata<=3,Residente,anno,Sabato,15,0.20703978416905383,2025
1.5<potenza_impegnata<=3,Non Residente,anno,Sabato,22,0.16350789720805667,2025
1.5<potenza_impegnata<=3,Residente,anno,Sabato,14,0.2177607684169461,2025
1.5<potenza_impegnata<=3,Residente,anno,Sabato,11,0.20292001064432222,2025
1.5<potenza_impegnata<=3,Non Residente,anno,Sabato,20,0.19242016137312615,2025
1.5<potenza_impegnata<=3,Non Residente,anno,Sabato,19,0.1833327272571702,2025
1.5<potenza_impegnata<=3,Residente,anno,Sabato,0,0.15957417903364948,2025
1.5<potenza_impegnata<=3,Non Residente,anno,Sabato,4,0.08747320968666578,2025
1.5<potenza_impegnata<=3,Residente,anno,Giorno feriale,5,0.10515006971769651,2025
1.5<potenza_impegnata<=3,Non Residente,anno,Domenica,21,0.1998215272095941,2025
1.5<potenza_impegnata<=3,Residente,anno,Giorno feriale,3,0.10315972284556695,2025
1.5<potenza_impegnata<=3,Non Residente,anno,Sabato,16,0.15713794268515982,2025
1.5<potenza_impegnata<=3,Non Residente,anno,Sabato,8,0.11964590855808063,2025
1.5<potenza_impegnata<=3,Residente,anno,Giorno feriale,22,0.2346671695511154,2025
1.5<potenza_impegnata<=3,Non Residente,anno,Domenica,12,0.17250875981067665,2025
1.5<potenza_impegnata<=3,Residente,anno,Domenica,0,0.15643492253767252,2025
1.5<potenza_impegnata<=3,Tutti,anno,Sabato,2,0.11348184804025052,2025
1.5<potenza_impegnata<=3,Residente,anno,Giorno feriale,16,0.17585009475553642,2025
1.5<potenza_impegnata<=3,Residente,anno,Giorno feriale,15,0.17591675579194463,2025
1.5<potenza_impegnata<=3,Non Residente,anno,Giorno feriale,9,0.13980496748601712,2025
1.5<potenza_impegnata<=3,Residente,anno,Giorno feriale,10,0.16384831335410588,2025
1.5<potenza_impegnata<=3,Tutti,anno,Sabato,12,0.21069828955405512,2025
1.5<potenza_impegnata<=3,Non Residente,anno,Domenica,9,0.1310306613644939,2025
1.5<potenza_impegnata<=3,Residente,anno,Giorno feriale,9,0.16748609539319045,2025
1.5<potenza_impegnata<=3,Tutti,anno,Giorno feriale,3,0.10070766124606859,2025
1.5<potenza_impegnata<=3,Tutti,anno,Giorno feriale,23,0.18876740275406054,2025
1.5<potenza_impegnata<=3,Tutti,anno,Giorno feriale,22,0.2278372984764716,2025
1.5<potenza_impegnata<=3,Residente,anno,Domenica,4,0.10137628191263962,2025
1.5<potenza_impegnata<=3,Tutti,anno,Giorno feriale,21,0.2580492761704836,2025
1.5<potenza_impegnata<=3,Non Residente,anno,Domenica,13,0.1767010782949925,2025
1.5<potenza_impegnata<=3,Tutti,anno,Giorno feriale,20,0.27013409002003874,2025
1.5<potenza_impegnata<=3,Non Residente,anno,Domenica,7,0.09234388855080826,2025
1.5<potenza_impegnata<=3,Tutti,anno,Giorno feriale,18,0.21046710716786715,2025
1.5<potenza_impegnata<=3,Tutti,anno,Giorno feriale,15,0.16971213500955726,2025
1.5<potenza_impegnata<=3,Residente,anno,Domenica,21,0.25648221807577065,2025
1.5<potenza_impegnata<=3,Tutti,anno,Giorno feriale,12,0.17391747317241382,2025
1.5<potenza_impegnata<=3,Residente,anno,Domenica,8,0.1562521458154616,2025
1.5<potenza_impegnata<=3,Tutti,anno,Giorno feriale,0,0.15195029156482692,2025
1.5<potenza_impegnata<=3,Tutti,anno,Domenica,7,0.11890268792153538,2025
1.5<potenza_impegnata<=3,Residente,anno,Domenica,18,0.23013320061421447,2025
1.5<potenza_impegnata<=3,Tutti,anno,Domenica,4,0.09868508035157669,2025
1.5<potenza_impegnata<=3,Residente,anno,Giorno feriale,12,0.18050636648451857,2025
1.5<potenza_impegnata<=3,Residente,anno,Domenica,15,0.20810470460044403,2025
1.5<potenza_impegnata<=3,Tutti,anno,Domenica,21,0.24706913589781523,2025
1.5<potenza_impegnata<=3,Residente,anno,Giorno feriale,14,0.1819864988384456,2025
1.5<potenza_impegnata<=3,Tutti,anno,Domenica,20,0.26116796526325514,2025
1.5<potenza_impegnata<=3,Non Residente,anno,Domenica,14,0.16683023230485744,2025
1.5<potenza_impegnata<=3,Residente,anno,Domenica,12,0.24038715853293752,2025
1.5<potenza_impegnata<=3,Tutti,anno,Domenica,16,0.1953450145793498,2025
1.5<potenza_impegnata<=3,Tutti,anno,Domenica,12,0.22913897038395226,2025
1.5<potenza_impegnata<=3,Tutti,anno,Domenica,11,0.21378397226852128,2025
1.5<potenza_impegnata<=3,Residente,anno,Domenica,9,0.18875350690698603,2025
1.5<potenza_impegnata<=3,Tutti,anno,Domenica,10,0.19865413157202808,2025
1.5<potenza_impegnata<=3,Non Residente,anno,Giorno feriale,11,0.13426138742490656,2025
1.5<potenza_impegnata<=3,Tutti,anno,Domenica,0,0.1517183571065333,2025
1.5<potenza_impegnata<=3,Residente,anno,Sabato,7,0.13585585134980036,2025
1.5<potenza_impegnata<=3,Non Residente,anno,Giorno feriale,12,0.14095095792936663,2025
1.5<potenza_impegnata<=3,Residente,anno,Sabato,3,0.10732488605855092,2025
1.5<potenza_impegnata<=3,Residente,anno,Sabato,2,0.11602017892772608,2025
1.5<potenza_impegnata<=3,Non Residente,anno,Sabato,5,0.08678161271875785,2025
1.5<potenza_impegnata<=3,Non Residente,anno,Giorno feriale,13,0.14845175250769063,2025
1.5<potenza_impegnata<=3,Non Residente,anno,Domenica,15,0.15853495701169498,2025
1.5<potenza_impegnata<=3,Non Residente,anno,Giorno feriale,14,0.14403312007598354,2025
1.5<potenza_impegnata<=3,Residente,anno,Sabato,17,0.20808688193708963,2025
1.5<potenza_impegnata<=3,Non Residente,anno,Giorno feriale,15,0.13880061371167507,2025
1.5<potenza_impegnata<=3,Residente,anno,Sabato,13,0.22424977388015113,2025
1.5<potenza_impegnata<=3,Non Residente,anno,Sabato,21,0.18054397613771192,2025
1.5<potenza_impegnata<=3,Residente,anno,Sabato,12,0.21949036681820458,2025
1.5<potenza_impegnata<=3,Non Residente,anno,Domenica,22,0.18168085373939136,2025
1.5<potenza_impegnata<=3,Non Residente,anno,Giorno feriale,16,0.13751753611569148,2025
1.5<potenza_impegnata<=3,Residente,anno,Sabato,20,0.2601727483578004,2025
1.5<potenza_impegnata<=3,Non Residente,anno,Giorno feriale,17,0.14471285211017884,2025
1.5<potenza_impegnata<=3,Residente,anno,Sabato,21,0.24164496268727478,2025
1.5<potenza_impegnata<=3,Residente,anno,Giorno feriale,8,0.16952616819952507,2025
1.5<potenza_impegnata<=3,Non Residente,anno,Domenica,0,0.12802374804621766,2025
1.5<potenza_impegnata<=3,Non Residente,anno,Sabato,1,0.11413102026148261,2025
1.5<potenza_impegnata<=3,Residente,anno,Sabato,22,0.21578929404838118,2025
1.5<potenza_impegnata<=3,Residente,anno,Giorno feriale,7,0.16008808224265328,2025
1.5<potenza_impegnata<=3,Non Residente,anno,Domenica,16,0.15494088653909832,2025
1.5<potenza_impegnata<=3,Non Residente,anno,Giorno feriale,18,0.16305820867180462,2025
1.5<potenza_impegnata<=3,Non Residente,anno,Giorno feriale,1,0.11199669552249737,2025
1.5<potenza_impegnata<=3,Residente,anno,Giorno feriale,2,0.11051874329311046,2025
1.5<potenza_impegnata<=3,Residente,anno,Giorno feriale,23,0.19331961288399005,2025
1.5<potenza_impegnata<=3,Non Residente,anno,Sabato,15,0.16181439102893191,2025
1.5<potenza_impegnata<=3,Residente,anno,Giorno feriale,21,0.26667829057650555,2025
1.5<potenza_impegnata<=3,Non Residente,anno,Giorno feriale,19,0.1993331992736168,2025
1.5<potenza_impegnata<=3,Residente,anno,Giorno feriale,20,0.2795919191743905,2025
1.5<potenza_impegnata<=3,Residente,anno,Giorno feriale,1,0.12559280560917985,2025
1.5<potenza_impegnata<=3,Non Residente,anno,Giorno feriale,20,0.22298862815133003,2025
1.5<potenza_impegnata<=3,Residente,anno,Giorno feriale,18,0.21995549549420376,2025
1.5<potenza_impegnata<=3,Tutti,anno,Sabato,5,0.10169123764661973,2025
1.5<potenza_impegnata<=3,Non Residente,anno,Domenica,17,0.15805593172770044,2025
1.5<potenza_impegnata<=3,Tutti,anno,Sabato,3,0.10474239173257305,2025
1.5<potenza_impegnata<=3,Non Residente,anno,Giorno feriale,21,0.21497132204871258,2025
1.5<potenza_impegnata<=3,Tutti,anno,Sabato,23,0.17943890968257917,2025
1.5<potenza_impegnata<=3,Tutti,anno,Sabato,22,0.2070992153945644,2025
1.5<potenza_impegnata<=3,Tutti,anno,Sabato,21,0.23149653760734024,2025
1.5<potenza_impegnata<=3,Tutti,anno,Sabato,20,0.24895436906228652,2025
1.5<potenza_impegnata<=3,Non Residente,anno,Giorno feriale,22,0.19397591344607149,2025
1.5<potenza_impegnata<=3,Tutti,anno,Sabato,19,0.24781163899968195,2025
1.5<potenza_impegnata<=3,Tutti,anno,Sabato,1,0.12899190232707905,2025
1.5<potenza_impegnata<=3,Non Residente,anno,Domenica,10,0.14841329541589826,2025
1.5<potenza_impegnata<=3,Non Residente,anno,Giorno feriale,23,0.16624072060542258,2025
1.5<potenza_impegnata<=3,Tutti,anno,Sabato,15,0.1995111740984557,2025
1.5<potenza_impegnata<=3,Non Residente,anno,Giorno feriale,0,0.13876604190051303,2025
1.5<potenza_impegnata<=3,Tutti,anno,Sabato,11,0.19522023356241883,2025
1.5<potenza_impegnata<=3,Non Residente,anno,Giorno feriale,2,0.09652478724598748,2025
1.5<potenza_impegnata<=3,Tutti,anno,Sabato,10,0.18822631060322695,2025
1.5<potenza_impegnata<=3,Tutti,anno,Sabato,9,0.17957907937448653,2025
1.5<potenza_impegnata<=3,Residente,anno,Giorno feriale,0,0.15463771897846626,2025
1.5<potenza_impegnata<=3,Non Residente,anno,Domenica,18,0.16825536910357722,2025
1.5<potenza_impegnata<=3,Non Residente,anno,Giorno feriale,3,0.08860969291533591,2025
1.5<potenza_impegnata<=3,Residente,anno,Domenica,7,0.12418790318067846,2025
1.5<potenza_impegnata<=3,Tutti,anno,Giorno feriale,5,0.10205479735038925,2025
1.5<potenza_impegnata<=3,Residente,anno,Domenica,6,0.10706701313029256,2025
1.5<potenza_impegnata<=3,Non Residente,anno,Giorno feriale,4,0.08528097031549571,2025
1.5<potenza_impegnata<=3,Residente,anno,Domenica,3,0.10587732497377919,2025
1.5<potenza_impegnata<=3,Non Residente,anno,Giorno feriale,5,0.08674890195864586,2025
1.5<potenza_impegnata<=3,Tutti,anno,Giorno feriale,1,0.12327339996690348,2025
1.5<potenza_impegnata<=3,Tutti,anno,Giorno feriale,17,0.18223103762013057,2025
1.5<potenza_impegnata<=3,Residente,anno,Domenica,23,0.18849321319572374,2025
1.5<potenza_impegnata<=3,Non Residente,anno,Giorno feriale,6,0.09834958161572947,2025
1.5<potenza_impegnata<=3,Tutti,anno,Giorno feriale,16,0.16944908013267493,2025
1.5<potenza_impegnata<=3,Residente,anno,Domenica,22,0.22595886423338973,2025
1.5<potenza_impegnata<=3,Non Residente,anno,Domenica,1,0.11090224476145928,2025
1.5<potenza_impegnata<=3,Tutti,anno,Giorno feriale,14,0.1756527932872815,2025
1.5<potenza_impegnata<=3,Tutti,anno,Giorno feriale,13,0.1800839414055157,2025
1.5<potenza_impegnata<=3,Non Residente,anno,Giorno feriale,7,0.12814013025328586,2025
1.5<potenza_impegnata<=3,Non Residente,anno,Domenica,6,0.08519119869436814,2025
1.5<potenza_impegnata<=3,Tutti,anno,Giorno feriale,11,0.16203269924486735,2025
1.5<potenza_impegnata<=3,Residente,anno,Domenica,20,0.27174556336546796,2025
1.5<potenza_impegnata<=3,Tutti,anno,Giorno feriale,10,0.15897108340799077,2025
1.5<potenza_impegnata<=3,Non Residente,anno,Giorno feriale,8,0.14404086121869314,2025
1.5<potenza_impegnata<=3,Tutti,anno,Giorno feriale,7,0.15474306985034952,2025
1.5<potenza_impegnata<=3,Tutti,anno,Giorno feriale,8,0.1652703177023317,2025
1.5<potenza_impegnata<=3,Tutti,anno,Sabato,0,0.15532524428955616,2025
1.5<potenza_impegnata<=3,Non Residente,anno,Sabato,0,0.1341819354364889,2025
1.5<potenza_impegnata<=3,Tutti,anno,Domenica,6,0.10342313907382691,2025
1.5<potenza_impegnata<=3,Tutti,anno,Domenica,5,0.09868557423090675,2025
1.5<potenza_impegnata<=3,Non Residente,anno,Domenica,5,0.08375273029199302,2025
1.5<potenza_impegnata<=3,Non Residente,anno,Sabato,9,0.1386571334807881,2025
1.5<potenza_impegnata<=3,Residente,anno,Domenica,17,0.20970427464128646,2025
1.5<potenza_impegnata<=3,Tutti,anno,Domenica,3,0.10321737631233616,2025
1.5<potenza_impegnata<=3,Non Residente,anno,Domenica,19,0.19119468126557013,2025
1.5<potenza_impegnata<=3,Tutti,anno,Domenica,2,0.11062888274151447,2025
1.5<potenza_impegnata<=3,Tutti,anno,Sabato,17,0.19983396805501522,2025
1.5<potenza_impegnata<=3,Non Residente,anno,Sabato,10,0.15018718754991214,2025
1.5<potenza_impegnata<=3,Tutti,anno,Domenica,22,0.2186118585629612,2025
1.5<potenza_impegnata<=3,Non Residente,anno,Sabato,11,0.15660174571325897,2025
1.5<potenza_impegnata<=3,Residente,anno,Domenica,14,0.21898520562347137,2025
1.5<potenza_impegnata<=3,Tutti,anno,Domenica,19,0.252523699438464,2025
1.5<potenza_impegnata<=3,Non Residente,anno,Sabato,12,0.16649274851261778,2025
1.5<potenza_impegnata<=3,Tutti,anno,Domenica,17,0.20118406048895868,2025
1.5<potenza_impegnata<=3,Residente,anno,Domenica,11,0.22442427223302205,2025
1.5<potenza_impegnata<=3,Tutti,anno,Sabato,6,0.10878894564483382,2025
1.5<potenza_impegnata<=3,Non Residente,anno,Sabato,13,0.1749169798654368,2025
1.5<potenza_impegnata<=3,Tutti,anno,Sabato,7,0.13025079953305332,2025
1.5<potenza_impegnata<=3,Tutti,anno,Domenica,13,0.22208041766766518,2025
1.5<potenza_impegnata<=3,Residente,01,Giorno feriale,20,0.30438095238095236,2025
1.5<potenza_impegnata<=3,Non Residente,01,Sabato,6,0.0885,2025
1.5<potenza_impegnata<=3,Residente,01,Sabato,11,0.22625,2025
1.5<potenza_impegnata<=3,Tutti,01,Giorno feriale,6,0.12595238095238098,2025
1.5<potenza_impegnata<=3,Residente,01,Giorno feriale,8,0.1877619047619048,2025
1.5<potenza_impegnata<=3,Non Residente,01,Giorno feriale,12,0.15566666666666668,2025
1.5<potenza_impegnata<=3,Tutti,01,Domenica,23,0.18266666666666667,2025
1.5<potenza_impegnata<=3,Residente,01,Sabato,12,0.24325,2025
1.5<potenza_impegnata<=3,Non Residente,01,Domenica,11,0.17116666666666666,2025
1.5<potenza_impegnata<=3,Non Residente,01,Domenica,0,0.12766666666666668,2025
1.5<potenza_impegnata<=3,Non Residente,01,Domenica,23,0.159,2025
1.5<potenza_impegnata<=3,Tutti,01,Giorno feriale,21,0.27404761904761904,2025
1.5<potenza_impegnata<=3,Residente,01,Domenica,6,0.10433333333333333,2025
1.5<potenza_impegnata<=3,Residente,01,Giorno feriale,12,0.1959047619047619,2025
1.5<potenza_impegnata<=3,Tutti,01,Domenica,16,0.2165,2025
1.5<potenza_impegnata<=3,Residente,01,Domenica,19,0.2986666666666667,2025
1.5<potenza_impegnata<=3,Residente,01,Sabato,14,0.23575,2025
1.5<potenza_impegnata<=3,Residente,01,Sabato,15,0.22275,2025
1.5<potenza_impegnata<=3,Residente,01,Giorno feriale,21,0.28171428571428575,2025
1.5<potenza_impegnata<=3,Non Residente,01,Domenica,16,0.16916666666666666,2025
1.5<potenza_impegnata<=3,Non Residente,01,Sabato,2,0.09575,2025
1.5<potenza_impegnata<=3,Residente,01,Giorno feriale,0,0.14947619047619046,2025
1.5<potenza_impegnata<=3,Tutti,01,Giorno feriale,8,0.18323809523809526,2025
1.5<potenza_impegnata<=3,Tutti,01,Sabato,18,0.251,2025
1.5<potenza_impegnata<=3,Non Residente,01,Sabato,12,0.18325,2025
1.5<potenza_impegnata<=3,Tutti,01,Sabato,7,0.1315,2025
1.5<potenza_impegnata<=3,Tutti,01,Domenica,21,0.2588333333333333,2025
1.5<potenza_impegnata<=3,Tutti,01,Domenica,17,0.22983333333333333,2025
1.5<potenza_impegnata<=3,Non Residente,01,Giorno feriale,22,0.20642857142857143,2025
1.5<potenza_impegnata<=3,Non Residente,01,Sabato,23,0.15125,2025
1.5<potenza_impegnata<=3,Non Residente,01,Sabato,17,0.1785,2025
1.5<potenza_impegnata<=3,Residente,01,Giorno feriale,5,0.10166666666666666,2025
1.5<potenza_impegnata<=3,Non Residente,01,Giorno feriale,14,0.15757142857142858,2025
1.5<potenza_impegnata<=3,Non Residente,01,Giorno feriale,11,0.14828571428571427,2025
1.5<potenza_impegnata<=3,Non Residente,01,Giorno feriale,18,0.1839047619047619,2025
1.5<potenza_impegnata<=3,Residente,01,Sabato,8,0.1745,2025
1.5<potenza_impegnata<=3,Tutti,01,Domenica,9,0.18666666666666668,2025
1.5<potenza_impegnata<=3,Non Residente,01,Domenica,10,0.15483333333333335,2025
1.5<potenza_impegnata<=3,Tutti,01,Domenica,12,0.25816666666666666,2025
1.5<potenza_impegnata<=3,Tutti,01,Giorno feriale,0,0.14785714285714285,2025
1.5<potenza_impegnata<=3,Non Residente,01,Giorno feriale,3,0.08461904761904762,2025
1.5<potenza_impegnata<=3,Residente,01,Domenica,20,0.29533333333333334,2025
1.5<potenza_impegnata<=3,Tutti,01,Giorno feriale,11,0.17757142857142857,2025
1.5<potenza_impegnata<=3,Non Residente,01,Domenica,7,0.09016666666666667,2025
1.5<potenza_impegnata<=3,Tutti,01,Giorno feriale,22,0.23438095238095236,2025
1.5<potenza_impegnata<=3,Residente,01,Giorno feriale,11,0.18328571428571427,2025
1.5<potenza_impegnata<=3,Tutti,01,Sabato,22,0.21375,2025
1.5<potenza_impegnata<=3,Residente,01,Giorno feriale,16,0.1849047619047619,2025
1.5<potenza_impegnata<=3,Residente,01,Giorno feriale,17,0.2105714285714286,2025
1.5<potenza_impegnata<=3,Tutti,01,Sabato,6,0.10675,2025
1.5<potenza_impegnata<=3,Residente,01,Domenica,22,0.2295,2025
1.5<potenza_impegnata<=3,Tutti,01,Giorno feriale,14,0.1860952380952381,2025
1.5<potenza_impegnata<=3,Residente,01,Domenica,10,0.22983333333333333,2025
1.5<potenza_impegnata<=3,Tutti,01,Domenica,13,0.24866666666666667,2025
1.5<potenza_impegnata<=3,Non Residente,01,Giorno feriale,20,0.25038095238095237,2025
1.5<potenza_impegnata<=3,Tutti,01,Domenica,19,0.2848333333333333,2025
1.5<potenza_impegnata<=3,Tutti,01,Domenica,7,0.11633333333333333,2025
1.5<potenza_impegnata<=3,Non Residente,01,Giorno feriale,2,0.09276190476190475,2025
1.5<potenza_impegnata<=3,Residente,01,Domenica,18,0.26566666666666666,2025
1.5<potenza_impegnata<=3,Tutti,01,Domenica,11,0.23933333333333331,2025
1.5<potenza_impegnata<=3,Non Residente,01,Giorno feriale,17,0.16,2025
1.5<potenza_impegnata<=3,Non Residente,01,Sabato,19,0.2095,2025
1.5<potenza_impegnata<=3,Non Residente,01,Domenica,22,0.1865,2025
1.5<potenza_impegnata<=3,Residente,01,Sabato,16,0.219,2025
1.5<potenza_impegnata<=3,Non Residente,01,Domenica,15,0.17233333333333334,2025
1.5<potenza_impegnata<=3,Residente,01,Giorno feriale,23,0.19252380952380949,2025
1.5<potenza_impegnata<=3,Residente,01,Sabato,9,0.2055,2025
1.5<potenza_impegnata<=3,Non Residente,01,Giorno feriale,16,0.148,2025
1.5<potenza_impegnata<=3,Residente,01,Sabato,21,0.25575,2025
1.5<potenza_impegnata<=3,Non Residente,01,Sabato,14,0.18675,2025
1.5<potenza_impegnata<=3,Residente,01,Sabato,13,0.24525,2025
1.5<potenza_impegnata<=3,Residente,01,Sabato,22,0.222,2025
1.5<potenza_impegnata<=3,Residente,01,Sabato,6,0.11025,2025
1.5<potenza_impegnata<=3,Non Residente,01,Sabato,8,0.123,2025
1.5<potenza_impegnata<=3,Non Residente,01,Domenica,12,0.18700000000000003,2025
1.5<potenza_impegnata<=3,Residente,01,Domenica,9,0.19766666666666666,2025
1.5<potenza_impegnata<=3,Tutti,01,Domenica,3,0.09849999999999999,2025
1.5<potenza_impegnata<=3,Residente,01,Domenica,17,0.24033333333333332,2025
1.5<potenza_impegnata<=3,Tutti,01,Giorno feriale,9,0.181,2025
1.5<potenza_impegnata<=3,Tutti,01,Domenica,18,0.25316666666666665,2025
1.5<potenza_impegnata<=3,Tutti,01,Sabato,19,0.28225,2025
1.5<potenza_impegnata<=3,Non Residente,01,Sabato,10,0.16325,2025
1.5<potenza_impegnata<=3,Non Residente,01,Giorno feriale,4,0.08185714285714286,2025
1.5<potenza_impegnata<=3,Tutti,01,Giorno feriale,16,0.1789047619047619,2025
1.5<potenza_impegnata<=3,Tutti,01,Giorno feriale,18,0.23923809523809525,2025
1.5<potenza_impegnata<=3,Residente,01,Domenica,5,0.09699999999999999,2025
1.5<potenza_impegnata<=3,Residente,01,Giorno feriale,10,0.18123809523809525,2025
1.5<potenza_impegnata<=3,Non Residente,01,Giorno feriale,0,0.13942857142857143,2025
1.5<potenza_impegnata<=3,Residente,01,Domenica,8,0.15566666666666668,2025
1.5<potenza_impegnata<=3,Non Residente,01,Domenica,18,0.1895,2025
1.5<potenza_impegnata<=3,Non Residente,01,Sabato,0,0.13275,2025
1.5<potenza_impegnata<=3,Tutti,01,Giorno feriale,17,0.20233333333333337,2025
1.5<potenza_impegnata<=3,Non Residente,01,Domenica,8,0.10633333333333334,2025
1.5<potenza_impegnata<=3,Non Residente,01,Domenica,19,0.21416666666666664,2025
1.5<potenza_impegnata<=3,Residente,01,Domenica,4,0.09566666666666666,2025
1.5<potenza_impegnata<=3,Residente,01,Giorno feriale,1,0.11766666666666667,2025
1.5<potenza_impegnata<=3,Tutti,01,Sabato,8,0.16625,2025
1.5<potenza_impegnata<=3,Non Residente,01,Domenica,9,0.13116666666666668,2025
1.5<potenza_impegnata<=3,Tutti,01,Domenica,14,0.23283333333333334,2025
1.5<potenza_impegnata<=3,Residente,01,Domenica,12,0.27216666666666667,2025
1.5<potenza_impegnata<=3,Tutti,01,Domenica,5,0.09433333333333332,2025
1.5<potenza_impegnata<=3,Non Residente,01,Sabato,13,0.193,2025
1.5<potenza_impegnata<=3,Non Residente,01,Domenica,3,0.08750000000000001,2025
1.5<potenza_impegnata<=3,Tutti,01,Domenica,10,0.2175,2025
1.5<potenza_impegnata<=3,Residente,01,Sabato,2,0.10525,2025
1.5<potenza_impegnata<=3,Non Residente,01,Sabato,5,0.08325,2025
1.5<potenza_impegnata<=3,Residente,01,Sabato,23,0.18725,2025
1.5<potenza_impegnata<=3,Residente,01,Giorno feriale,22,0.23985714285714285,2025
1.5<potenza_impegnata<=3,Residente,01,Sabato,0,0.1515,2025
1.5<potenza_impegnata<=3,Residente,01,Giorno feriale,6,0.13052380952380954,2025
1.5<potenza_impegnata<=3,Residente,01,Sabato,18,0.263,2025
1.5<potenza_impegnata<=3,Residente,01,Giorno feriale,3,0.09452380952380952,2025
1.5<potenza_impegnata<=3,Non Residente,01,Sabato,20,0.2165,2025
1.5<potenza_impegnata<=3,Non Residente,01,Sabato,21,0.1965,2025
1.5<potenza_impegnata<=3,Residente,01,Giorno feriale,4,0.09328571428571429,2025
1.5<potenza_impegnata<=3,Non Residente,01,Domenica,21,0.21,2025
1.5<potenza_impegnata<=3,Non Residente,01,Sabato,18,0.19,2025
1.5<potenza_impegnata<=3,Non Residente,01,Giorno feriale,13,0.1638095238095238,2025
1.5<potenza_impegnata<=3,Residente,01,Sabato,10,0.2195,2025
1.5<potenza_impegnata<=3,Non Residente,01,Sabato,16,0.17225,2025
1.5<potenza_impegnata<=3,Residente,01,Giorno feriale,7,0.1761904761904762,2025
1.5<potenza_impegnata<=3,Residente,01,Sabato,17,0.23575,2025
1.5<potenza_impegnata<=3,Non Residente,01,Sabato,22,0.17275,2025
1.5<potenza_impegnata<=3,Non Residente,01,Sabato,1,0.11075,2025
1.5<potenza_impegnata<=3,Non Residente,01,Sabato,15,0.1775,2025
1.5<potenza_impegnata<=3,Residente,01,Sabato,1,0.12175,2025
1.5<potenza_impegnata<=3,Residente,01,Sabato,20,0.28575,2025
1.5<potenza_impegnata<=3,Residente,01,Giorno feriale,2,0.10161904761904764,2025
1.5<potenza_impegnata<=3,Non Residente,01,Domenica,20,0.22616666666666665,2025
1.5<potenza_impegnata<=3,Residente,01,Giorno feriale,19,0.2997142857142857,2025
1.5<potenza_impegnata<=3,Non Residente,01,Sabato,4,0.08275,2025
1.5<potenza_impegnata<=3,Non Residente,01,Giorno feriale,15,0.14995238095238095,2025
1.5<potenza_impegnata<=3,Non Residente,01,Domenica,2,0.09666666666666666,2025
1.5<potenza_impegnata<=3,Residente,01,Sabato,3,0.097,2025
1.5<potenza_impegnata<=3,Residente,01,Sabato,4,0.094,2025
1.5<potenza_impegnata<=3,Residente,01,Sabato,5,0.098,2025
1.5<potenza_impegnata<=3,Non Residente,01,Sabato,7,0.102,2025
1.5<potenza_impegnata<=3,Non Residente,01,Giorno feriale,1,0.10947619047619049,2025
1.5<potenza_impegnata<=3,Residente,01,Sabato,7,0.13725,2025
1.5<potenza_impegnata<=3,Tutti,01,Domenica,0,0.1515,2025
1.5<potenza_impegnata<=3,Residente,01,Domenica,0,0.15633333333333332,2025
1.5<potenza_impegnata<=3,Residente,01,Sabato,19,0.2965,2025
1.5<potenza_impegnata<=3,Non Residente,01,Giorno feriale,19,0.22680952380952377,2025
1.5<potenza_impegnata<=3,Non Residente,01,Sabato,3,0.08675,2025
1.5<potenza_impegnata<=3,Non Residente,01,Giorno feriale,23,0.17242857142857143,2025
1.5<potenza_impegnata<=3,Residente,01,Domenica,16,0.22583333333333333,2025
1.5<potenza_impegnata<=3,Tutti,01,Domenica,4,0.09350000000000001,2025
1.5<potenza_impegnata<=3,Non Residente,01,Domenica,5,0.0815,2025
1.5<potenza_impegnata<=3,Tutti,01,Sabato,5,0.09575,2025
1.5<potenza_impegnata<=3,Residente,01,Domenica,1,0.12916666666666668,2025
1.5<potenza_impegnata<=3,Residente,01,Domenica,13,0.2595,2025
1.5<potenza_impegnata<=3,Tutti,01,Sabato,21,0.246,2025
1.5<potenza_impegnata<=3,Non Residente,01,Giorno feriale,21,0.23485714285714288,2025
1.5<potenza_impegnata<=3,Non Residente,01,Domenica,4,0.0825,2025
1.5<potenza_impegnata<=3,Residente,01,Domenica,14,0.24283333333333335,2025
1.5<potenza_impegnata<=3,Tutti,01,Giorno feriale,10,0.17604761904761906,2025
1.5<potenza_impegnata<=3,Tutti,01,Domenica,20,0.284,2025
1.5<potenza_impegnata<=3,Tutti,01,Domenica,15,0.21983333333333333,2025
1.5<potenza_impegnata<=3,Residente,01,Domenica,15,0.22916666666666666,2025
1.5<potenza_impegnata<=3,Residente,01,Domenica,11,0.2528333333333333,2025
1.5<potenza_impegnata<=3,Tutti,01,Domenica,22,0.2225,2025
1.5<potenza_impegnata<=3,Tutti,01,Giorno feriale,12,0.1893333333333333,2025
1.5<potenza_impegnata<=3,Tutti,01,Sabato,17,0.2265,2025
1.5<potenza_impegnata<=3,Tutti,01,Sabato,16,0.21125,2025
1.5<potenza_impegnata<=3,Tutti,01,Giorno feriale,15,0.17776190476190473,2025
1.5<potenza_impegnata<=3,Residente,01,Giorno feriale,18,0.2500952380952381,2025
1.5<potenza_impegnata<=3,Residente,01,Giorno feriale,9,0.1860952380952381,2025
1.5<potenza_impegnata<=3,Tutti,01,Giorno feriale,19,0.2877142857142857,2025
1.5<potenza_impegnata<=3,Non Residente,01,Giorno feriale,6,0.10252380952380953,2025
1.5<potenza_impegnata<=3,Residente,01,Domenica,7,0.12133333333333333,2025
1.5<potenza_impegnata<=3,Tutti,01,Giorno feriale,2,0.10014285714285716,2025
1.5<potenza_impegnata<=3,Tutti,01,Giorno feriale,3,0.09295238095238097,2025
1.5<potenza_impegnata<=3,Tutti,01,Sabato,0,0.14825,2025
1.5<potenza_impegnata<=3,Tutti,01,Sabato,12,0.2335,2025
1.5<potenza_impegnata<=3,Tutti,01,Sabato,14,0.22775,2025
1.5<potenza_impegnata<=3,Tutti,01,Giorno feriale,7,0.17023809523809522,2025
1.5<potenza_impegnata<=3,Non Residente,01,Domenica,1,0.11,2025
1.5<potenza_impegnata<=3,Tutti,01,Giorno feriale,5,0.09895238095238094,2025
1.5<potenza_impegnata<=3,Tutti,01,Sabato,1,0.12,2025
1.5<potenza_impegnata<=3,Tutti,01,Sabato,10,0.21025,2025
1.5<potenza_impegnata<=3,Non Residente,01,Giorno feriale,9,0.1549047619047619,2025
1.5<potenza_impegnata<=3,Tutti,01,Giorno feriale,23,0.1892857142857143,2025
1.5<potenza_impegnata<=3,Tutti,01,Sabato,20,0.27425,2025
1.5<potenza_impegnata<=3,Tutti,01,Sabato,23,0.18125,2025
1.5<potenza_impegnata<=3,Non Residente,01,Giorno feriale,7,0.13990476190476192,2025
1.5<potenza_impegnata<=3,Residente,01,Domenica,23,0.18733333333333335,2025
1.5<potenza_impegnata<=3,Tutti,01,Giorno feriale,4,0.09142857142857144,2025
1.5<potenza_impegnata<=3,Non Residente,01,Giorno feriale,8,0.15976190476190477,2025
1.5<potenza_impegnata<=3,Tutti,01,Giorno feriale,20,0.2954761904761905,2025
1.5<potenza_impegnata<=3,Residente,01,Domenica,21,0.26833333333333337,2025
1.5<potenza_impegnata<=3,Residente,01,Domenica,3,0.10066666666666667,2025
1.5<potenza_impegnata<=3,Tutti,01,Domenica,2,0.109,2025
1.5<potenza_impegnata<=3,Tutti,01,Sabato,9,0.196,2025
1.5<potenza_impegnata<=3,Tutti,01,Giorno feriale,1,0.11633333333333333,2025
1.5<potenza_impegnata<=3,Residente,01,Domenica,2,0.11133333333333334,2025
1.5<potenza_impegnata<=3,Tutti,01,Sabato,11,0.21725,2025
1.5<potenza_impegnata<=3,Non Residente,01,Giorno feriale,5,0.08538095238095238,2025
1.5<potenza_impegnata<=3,Tutti,01,Sabato,13,0.23675,2025
1.5<potenza_impegnata<=3,Non Residente,01,Domenica,13,0.1935,2025
1.5<potenza_impegnata<=3,Non Residente,01,Sabato,9,0.147,2025
1.5<potenza_impegnata<=3,Tutti,01,Sabato,15,0.21525,2025
1.5<potenza_impegnata<=3,Tutti,01,Giorno feriale,13,0.19376190476190475,2025
1.5<potenza_impegnata<=3,Residente,01,Giorno feriale,13,0.19961904761904764,2025
1.5<potenza_impegnata<=3,Non Residente,01,Domenica,6,0.08383333333333333,2025
1.5<potenza_impegnata<=3,Residente,01,Giorno feriale,14,0.19166666666666668,2025
1.5<potenza_impegnata<=3,Non Residente,01,Sabato,11,0.17175,2025
1.5<potenza_impegnata<=3,Tutti,01,Domenica,1,0.126,2025
1.5<potenza_impegnata<=3,Residente,01,Giorno feriale,15,0.18309523809523812,2025
1.5<potenza_impegnata<=3,Non Residente,01,Domenica,14,0.18183333333333332,2025
1.5<potenza_impegnata<=3,Tutti,01,Domenica,8,0.14766666666666667,2025
1.5<potenza_impegnata<=3,Tutti,01,Sabato,2,0.10375,2025
1.5<potenza_impegnata<=3,Non Residente,01,Domenica,17,0.17600000000000002,2025
1.5<potenza_impegnata<=3,Tutti,01,Sabato,3,0.09525,2025
1.5<potenza_impegnata<=3,Tutti,01,Domenica,6,0.10099999999999999,2025
1.5<potenza_impegnata<=3,Tutti,01,Sabato,4,0.09225,2025
1.5<potenza_impegnata<=3,Non Residente,01,Giorno feriale,10,0.14957142857142858,2025
1.5<potenza_impegnata<=3,Residente,02,Domenica,17,0.22725,2025
1.5<potenza_impegnata<=3,Non Residente,02,Domenica,0,0.135,2025
1.5<potenza_impegnata<=3,Residente,02,Domenica,15,0.222,2025
1.5<potenza_impegnata<=3,Residente,02,Domenica,12,0.2745,2025
1.5<potenza_impegnata<=3,Residente,02,Domenica,13,0.25675,2025
1.5<potenza_impegnata<=3,Residente,02,Domenica,11,0.2575,2025
1.5<potenza_impegnata<=3,Residente,02,Domenica,9,0.20875,2025
1.5<potenza_impegnata<=3,Non Residente,02,Sabato,8,0.127,2025
1.5<potenza_impegnata<=3,Non Residente,02,Sabato,6,0.0895,2025
1.5<potenza_impegnata<=3,Non Residente,02,Sabato,21,0.20125,2025
1.5<potenza_impegnata<=3,Non Residente,02,Sabato,5,0.084,2025
1.5<potenza_impegnata<=3,Non Residente,02,Sabato,19,0.21625,2025
1.5<potenza_impegnata<=3,Non Residente,02,Sabato,2,0.09725,2025
1.5<potenza_impegnata<=3,Non Residente,02,Sabato,22,0.1755,2025
1.5<potenza_impegnata<=3,Non Residente,02,Sabato,20,0.224,2025
1.5<potenza_impegnata<=3,Non Residente,02,Sabato,10,0.1705,2025
1.5<potenza_impegnata<=3,Non Residente,02,Giorno feriale,16,0.14204999999999998,2025
1.5<potenza_impegnata<=3,Non Residente,02,Sabato,1,0.113,2025
1.5<potenza_impegnata<=3,Non Residente,02,Sabato,17,0.17925,2025
1.5<potenza_impegnata<=3,Non Residente,02,Sabato,15,0.18425,2025
1.5<potenza_impegnata<=3,Non Residente,02,Sabato,13,0.20475,2025
1.5<potenza_impegnata<=3,Non Residente,02,Sabato,12,0.19475,2025
1.5<potenza_impegnata<=3,Non Residente,02,Sabato,0,0.136,2025
1.5<potenza_impegnata<=3,Non Residente,02,Giorno feriale,8,0.16225,2025
1.5<potenza_impegnata<=3,Non Residente,02,Giorno feriale,10,0.14755000000000001,2025
1.5<potenza_impegnata<=3,Non Residente,02,Giorno feriale,6,0.1024,2025
1.5<potenza_impegnata<=3,Non Residente,02,Domenica,16,0.173,2025
1.5<potenza_impegnata<=3,Non Residente,02,Domenica,5,0.083,2025
1.5<potenza_impegnata<=3,Non Residente,02,Giorno feriale,3,0.08325,2025
1.5<potenza_impegnata<=3,Non Residente,02,Domenica,1,0.115,2025
1.5<potenza_impegnata<=3,Non Residente,02,Giorno feriale,22,0.20764999999999997,2025
1.5<potenza_impegnata<=3,Non Residente,02,Giorno feriale,21,0.2375,2025
1.5<potenza_impegnata<=3,Non Residente,02,Giorno feriale,20,0.25425,2025
1.5<potenza_impegnata<=3,Non Residente,02,Giorno feriale,1,0.1091,2025
1.5<potenza_impegnata<=3,Non Residente,02,Domenica,22,0.202,2025
1.5<potenza_impegnata<=3,Non Residente,02,Giorno feriale,18,0.18009999999999998,2025
1.5<potenza_impegnata<=3,Non Residente,02,Domenica,23,0.1695,2025
1.5<potenza_impegnata<=3,Non Residente,02,Giorno feriale,15,0.14545,2025
1.5<potenza_impegnata<=3,Non Residente,02,Domenica,3,0.0895,2025
1.5<potenza_impegnata<=3,Non Residente,02,Domenica,2,0.1,2025
1.5<potenza_impegnata<=3,Non Residente,02,Giorno feriale,17,0.15175,2025
1.5<potenza_impegnata<=3,Non Residente,02,Domenica,21,0.23075,2025
1.5<potenza_impegnata<=3,Non Residente,02,Giorno feriale,13,0.16005000000000003,2025
1.5<potenza_impegnata<=3,Non Residente,02,Giorno feriale,11,0.14575,2025
1.5<potenza_impegnata<=3,Non Residente,02,Domenica,7,0.0945,2025
1.5<potenza_impegnata<=3,Non Residente,02,Giorno feriale,9,0.155,2025
1.5<potenza_impegnata<=3,Non Residente,02,Domenica,8,0.115,2025
1.5<potenza_impegnata<=3,Non Residente,02,Giorno feriale,0,0.14020000000000002,2025
1.5<potenza_impegnata<=3,Non Residente,02,Domenica,6,0.08575,2025
1.5<potenza_impegnata<=3,Non Residente,02,Giorno feriale,12,0.15225,2025
1.5<potenza_impegnata<=3,Non Residente,02,Domenica,4,0.084,2025
1.5<potenza_impegnata<=3,Non Residente,02,Giorno feriale,14,0.15344999999999998,2025
1.5<potenza_impegnata<=3,Non Residente,02,Sabato,9,0.15275,2025
1.5<potenza_impegnata<=3,Non Residente,02,Sabato,14,0.1955,2025
1.5<potenza_impegnata<=3,Non Residente,02,Giorno feriale,19,0.22759999999999997,2025
1.5<potenza_impegnata<=3,Non Residente,02,Sabato,16,0.177,2025
1.5<potenza_impegnata<=3,Non Residente,02,Domenica,20,0.25,2025
1.5<potenza_impegnata<=3,Non Residente,02,Domenica,19,0.232,2025
1.5<potenza_impegnata<=3,Non Residente,02,Sabato,18,0.19425,2025
1.5<potenza_impegnata<=3,Non Residente,02,Giorno feriale,23,0.1731,2025
1.5<potenza_impegnata<=3,Non Residente,02,Domenica,18,0.199,2025
1.5<potenza_impegnata<=3,Non Residente,02,Giorno feriale,2,0.09145,2025
1.5<potenza_impegnata<=3,Non Residente,02,Domenica,17,0.179,2025
1.5<potenza_impegnata<=3,Non Residente,02,Sabato,23,0.153,2025
1.5<potenza_impegnata<=3,Non Residente,02,Giorno feriale,4,0.08045,2025
1.5<potenza_impegnata<=3,Non Residente,02,Sabato,3,0.08775,2025
1.5<potenza_impegnata<=3,Non Residente,02,Sabato,4,0.083,2025
1.5<potenza_impegnata<=3,Non Residente,02,Giorno feriale,5,0.08420000000000001,2025
1.5<potenza_impegnata<=3,Non Residente,02,Domenica,15,0.179,2025
1.5<potenza_impegnata<=3,Non Residente,02,Domenica,14,0.19225,2025
1.5<potenza_impegnata<=3,Non Residente,02,Sabato,7,0.1045,2025
1.5<potenza_impegnata<=3,Non Residente,02,Giorno feriale,7,0.14309999999999998,2025
1.5<potenza_impegnata<=3,Non Residente,02,Domenica,13,0.20725,2025
1.5<potenza_impegnata<=3,Residente,02,Domenica,0,0.155,2025
1.5<potenza_impegnata<=3,Non Residente,02,Domenica,12,0.202,2025
1.5<potenza_impegnata<=3,Residente,02,Domenica,10,0.2365,2025
1.5<potenza_impegnata<=3,Non Residente,02,Domenica,11,0.1855,2025
1.5<potenza_impegnata<=3,Non Residente,02,Domenica,10,0.169,2025
1.5<potenza_impegnata<=3,Non Residente,02,Sabato,11,0.18125,2025
1.5<potenza_impegnata<=3,Residente,02,Domenica,14,0.23825,2025
1.5<potenza_impegnata<=3,Non Residente,02,Domenica,9,0.144,2025
1.5<potenza_impegnata<=3,Residente,02,Domenica,16,0.21475,2025
1.5<potenza_impegnata<=3,Tutti,02,Sabato,8,0.16925,2025
1.5<potenza_impegnata<=3,Tutti,02,Sabato,6,0.1065,2025
1.5<potenza_impegnata<=3,Tutti,02,Sabato,4,0.091,2025
1.5<potenza_impegnata<=3,Tutti,02,Sabato,2,0.10325,2025
1.5<potenza_impegnata<=3,Tutti,02,Sabato,22,0.21175,2025
1.5<potenza_impegnata<=3,Tutti,02,Sabato,20,0.276,2025
1.5<potenza_impegnata<=3,Tutti,02,Sabato,1,0.1205,2025
1.5<potenza_impegnata<=3,Residente,02,Giorno feriale,7,0.17625,2025
1.5<potenza_impegnata<=3,Tutti,02,Sabato,17,0.221,2025
1.5<potenza_impegnata<=3,Tutti,02,Sabato,15,0.2185,2025
1.5<potenza_impegnata<=3,Tutti,02,Sabato,13,0.24425,2025
1.5<potenza_impegnata<=3,Tutti,02,Sabato,12,0.24275,2025
1.5<potenza_impegnata<=3,Residente,02,Sabato,12,0.25225,2025
1.5<potenza_impegnata<=3,Tutti,02,Sabato,11,0.225,2025
1.5<potenza_impegnata<=3,Tutti,02,Sabato,9,0.20025,2025
1.5<potenza_impegnata<=3,Tutti,02,Giorno feriale,8,0.18095,2025
1.5<potenza_impegnata<=3,Tutti,02,Giorno feriale,6,0.12495,2025
1.5<potenza_impegnata<=3,Residente,02,Sabato,18,0.2615,2025
1.5<potenza_impegnata<=3,Tutti,02,Giorno feriale,4,0.0893,2025
1.5<potenza_impegnata<=3,Tutti,02,Giorno feriale,2,0.0979,2025
1.5<potenza_impegnata<=3,Tutti,02,Giorno feriale,23,0.18635,2025
1.5<potenza_impegnata<=3,Tutti,02,Giorno feriale,22,0.23089999999999997,2025
1.5<potenza_impegnata<=3,Tutti,02,Giorno feriale,20,0.29295000000000004,2025
1.5<potenza_impegnata<=3,Tutti,02,Giorno feriale,1,0.11415,2025
1.5<potenza_impegnata<=3,Residente,02,Sabato,3,0.0955,2025
1.5<potenza_impegnata<=3,Tutti,02,Giorno feriale,17,0.18624999999999997,2025
1.5<potenza_impegnata<=3,Tutti,02,Giorno feriale,15,0.1695,2025
1.5<potenza_impegnata<=3,Residente,02,Sabato,7,0.13875,2025
1.5<potenza_impegnata<=3,Tutti,02,Giorno feriale,13,0.1854,2025
1.5<potenza_impegnata<=3,Tutti,02,Giorno feriale,11,0.1708,2025
1.5<potenza_impegnata<=3,Tutti,02,Giorno feriale,10,0.16945000000000002,2025
1.5<potenza_impegnata<=3,Tutti,02,Giorno feriale,9,0.17595,2025
1.5<potenza_impegnata<=3,Tutti,02,Domenica,8,0.15725,2025
1.5<potenza_impegnata<=3,Tutti,02,Domenica,6,0.10075,2025
1.5<potenza_impegnata<=3,Tutti,02,Domenica,5,0.093,2025
1.5<potenza_impegnata<=3,Tutti,02,Domenica,14,0.23075,2025
1.5<potenza_impegnata<=3,Tutti,02,Domenica,4,0.0915,2025
1.5<potenza_impegnata<=3,Tutti,02,Domenica,2,0.1065,2025
1.5<potenza_impegnata<=3,Tutti,02,Domenica,23,0.183,2025
1.5<potenza_impegnata<=3,Tutti,02,Domenica,22,0.22625,2025
1.5<potenza_impegnata<=3,Tutti,02,Domenica,20,0.29425,2025
1.5<potenza_impegnata<=3,Tutti,02,Domenica,19,0.29375,2025
1.5<potenza_impegnata<=3,Tutti,02,Domenica,17,0.21925,2025
1.5<potenza_impegnata<=3,Tutti,02,Domenica,15,0.215,2025
1.5<potenza_impegnata<=3,Tutti,02,Domenica,13,0.24875,2025
1.5<potenza_impegnata<=3,Tutti,02,Domenica,3,0.096,2025
1.5<potenza_impegnata<=3,Tutti,02,Domenica,12,0.26275,2025
1.5<potenza_impegnata<=3,Tutti,02,Domenica,7,0.11975,2025
1.5<potenza_impegnata<=3,Tutti,02,Domenica,11,0.24575,2025
1.5<potenza_impegnata<=3,Tutti,02,Giorno feriale,0,0.1457,2025
1.5<potenza_impegnata<=3,Tutti,02,Domenica,9,0.19825,2025
1.5<potenza_impegnata<=3,Tutti,02,Domenica,0,0.15175,2025
1.5<potenza_impegnata<=3,Residente,02,Sabato,8,0.1775,2025
1.5<potenza_impegnata<=3,Tutti,02,Giorno feriale,12,0.1814,2025
1.5<potenza_impegnata<=3,Tutti,02,Giorno feriale,14,0.17814999999999998,2025
1.5<potenza_impegnata<=3,Residente,02,Sabato,6,0.10975,2025
1.5<potenza_impegnata<=3,Tutti,02,Giorno feriale,16,0.16755,2025
1.5<potenza_impegnata<=3,Residente,02,Sabato,4,0.09275,2025
1.5<potenza_impegnata<=3,Tutti,02,Giorno feriale,18,0.2303,2025
1.5<potenza_impegnata<=3,Residente,02,Sabato,2,0.10425,2025
1.5<potenza_impegnata<=3,Tutti,02,Giorno feriale,19,0.2841,2025
1.5<potenza_impegnata<=3,Residente,02,Sabato,23,0.185,2025
1.5<potenza_impegnata<=3,Residente,02,Sabato,22,0.21875,2025
1.5<potenza_impegnata<=3,Residente,02,Sabato,21,0.25375,2025
1.5<potenza_impegnata<=3,Residente,02,Sabato,5,0.097,2025
1.5<potenza_impegnata<=3,Residente,02,Sabato,20,0.286,2025
1.5<potenza_impegnata<=3,Residente,02,Sabato,19,0.29875,2025
1.5<potenza_impegnata<=3,Tutti,02,Giorno feriale,3,0.09069999999999998,2025
1.5<potenza_impegnata<=3,Tutti,02,Domenica,10,0.2255,2025
1.5<potenza_impegnata<=3,Residente,02,Sabato,1,0.12175,2025
1.5<potenza_impegnata<=3,Tutti,02,Giorno feriale,5,0.0972,2025
1.5<potenza_impegnata<=3,Tutti,02,Domenica,16,0.208,2025
1.5<potenza_impegnata<=3,Tutti,02,Domenica,18,0.25325,2025
1.5<potenza_impegnata<=3,Residente,02,Sabato,17,0.22925,2025
1.5<potenza_impegnata<=3,Tutti,02,Domenica,1,0.12475,2025
1.5<potenza_impegnata<=3,Tutti,02,Giorno feriale,7,0.17075,2025
1.5<potenza_impegnata<=3,Residente,02,Sabato,16,0.219,2025
1.5<potenza_impegnata<=3,Tutti,02,Domenica,21,0.26675,2025
1.5<potenza_impegnata<=3,Residente,02,Sabato,15,0.22525,2025
1.5<potenza_impegnata<=3,Tutti,02,Sabato,0,0.149,2025
1.5<potenza_impegnata<=3,Residente,02,Sabato,14,0.24,2025
1.5<potenza_impegnata<=3,Residente,02,Sabato,13,0.252,2025
1.5<potenza_impegnata<=3,Tutti,02,Sabato,10,0.215,2025
1.5<potenza_impegnata<=3,Residente,02,Sabato,11,0.2335,2025
1.5<potenza_impegnata<=3,Residente,02,Sabato,10,0.22375,2025
1.5<potenza_impegnata<=3,Tutti,02,Sabato,14,0.23275,2025
1.5<potenza_impegnata<=3,Residente,02,Sabato,9,0.2095,2025
1.5<potenza_impegnata<=3,Tutti,02,Sabato,16,0.212,2025
1.5<potenza_impegnata<=3,Residente,02,Sabato,0,0.1515,2025
1.5<potenza_impegnata<=3,Residente,02,Giorno feriale,8,0.18464999999999998,2025
1.5<potenza_impegnata<=3,Tutti,02,Sabato,18,0.2505,2025
1.5<potenza_impegnata<=3,Residente,02,Giorno feriale,6,0.12945,2025
1.5<potenza_impegnata<=3,Tutti,02,Sabato,19,0.28525,2025
1.5<potenza_impegnata<=3,Residente,02,Giorno feriale,5,0.09965000000000002,2025
1.5<potenza_impegnata<=3,Residente,02,Giorno feriale,4,0.091,2025
1.5<potenza_impegnata<=3,Residente,02,Giorno feriale,3,0.0922,2025
1.5<potenza_impegnata<=3,Tutti,02,Sabato,23,0.17975,2025
1.5<potenza_impegnata<=3,Residente,02,Giorno feriale,2,0.09905,2025
1.5<potenza_impegnata<=3,Residente,02,Giorno feriale,23,0.18895,2025
1.5<potenza_impegnata<=3,Tutti,02,Sabato,3,0.09425,2025
1.5<potenza_impegnata<=3,Tutti,02,Giorno feriale,21,0.2709,2025
1.5<potenza_impegnata<=3,Residente,02,Giorno feriale,22,0.23555,2025
1.5<potenza_impegnata<=3,Tutti,02,Sabato,5,0.09475,2025
1.5<potenza_impegnata<=3,Residente,02,Giorno feriale,21,0.27745,2025
1.5<potenza_impegnata<=3,Residente,02,Giorno feriale,20,0.30055,2025
1.5<potenza_impegnata<=3,Tutti,02,Sabato,7,0.13325,2025
1.5<potenza_impegnata<=3,Residente,02,Giorno feriale,19,0.29515,2025
1.5<potenza_impegnata<=3,Residente,02,Giorno feriale,1,0.11520000000000001,2025
1.5<potenza_impegnata<=3,Residente,02,Giorno feriale,17,0.193,2025
1.5<potenza_impegnata<=3,Residente,02,Giorno feriale,16,0.17254999999999998,2025
1.5<potenza_impegnata<=3,Residente,02,Giorno feriale,15,0.17425,2025
1.5<potenza_impegnata<=3,Residente,02,Giorno feriale,14,0.183,2025
1.5<potenza_impegnata<=3,Residente,02,Giorno feriale,13,0.1903,2025
1.5<potenza_impegnata<=3,Residente,02,Giorno feriale,12,0.18705,2025
1.5<potenza_impegnata<=3,Residente,02,Giorno feriale,11,0.1757,2025
1.5<potenza_impegnata<=3,Residente,02,Giorno feriale,9,0.1801,2025
1.5<potenza_impegnata<=3,Residente,02,Domenica,3,0.09725,2025
1.5<potenza_impegnata<=3,Residente,02,Domenica,8,0.1655,2025
1.5<potenza_impegnata<=3,Residente,02,Domenica,6,0.10375,2025
1.5<potenza_impegnata<=3,Residente,02,Domenica,7,0.12475,2025
1.5<potenza_impegnata<=3,Residente,02,Domenica,5,0.095,2025
1.5<potenza_impegnata<=3,Residente,02,Domenica,4,0.093,2025
1.5<potenza_impegnata<=3,Residente,02,Giorno feriale,0,0.14684999999999998,2025
1.5<potenza_impegnata<=3,Residente,02,Giorno feriale,10,0.17375,2025
1.5<potenza_impegnata<=3,Residente,02,Domenica,2,0.10775,2025
1.5<potenza_impegnata<=3,Residente,02,Domenica,23,0.18575,2025
1.5<potenza_impegnata<=3,Tutti,02,Sabato,21,0.24525,2025
1.5<potenza_impegnata<=3,Residente,02,Domenica,22,0.231,2025
1.5<potenza_impegnata<=3,Residente,02,Domenica,21,0.274,2025
1.5<potenza_impegnata<=3,Residente,02,Domenica,20,0.303,2025
1.5<potenza_impegnata<=3,Residente,02,Domenica,19,0.30575,2025
1.5<potenza_impegnata<=3,Residente,02,Domenica,1,0.12675,2025
1.5<potenza_impegnata<=3,Residente,02,Giorno feriale,18,0.24015,2025
1.5<potenza_impegnata<=3,Residente,02,Domenica,18,0.264,2025
1.5<potenza_impegnata<=3,Tutti,03,Giorno feriale,4,0.08642857142857142,2025
1.5<potenza_impegnata<=3,Residente,03,Giorno feriale,6,0.1215238095238095,2025
1.5<potenza_impegnata<=3,Tutti,03,Giorno feriale,9,0.16266666666666668,2025
1.5<potenza_impegnata<=3,Tutti,03,Domenica,14,0.21000000000000002,2025
1.5<potenza_impegnata<=3,Non Residente,03,Sabato,18,0.1724,2025
1.5<potenza_impegnata<=3,Residente,03,Giorno feriale,17,0.1716666666666667,2025
1.5<potenza_impegnata<=3,Tutti,03,Sabato,13,0.21939999999999998,2025
1.5<potenza_impegnata<=3,Residente,03,Domenica,19,0.27959999999999996,2025
1.5<potenza_impegnata<=3,Non Residente,03,Domenica,4,0.078,2025
1.5<potenza_impegnata<=3,Residente,03,Sabato,5,0.0926,2025
1.5<potenza_impegnata<=3,Residente,03,Sabato,10,0.20459999999999998,2025
1.5<potenza_impegnata<=3,Residente,03,Domenica,5,0.09140000000000001,2025
1.5<potenza_impegnata<=3,Residente,03,Giorno feriale,13,0.1743809523809524,2025
1.5<potenza_impegnata<=3,Tutti,03,Domenica,1,0.11399999999999999,2025
1.5<potenza_impegnata<=3,Tutti,03,Domenica,9,0.1836,2025
1.5<potenza_impegnata<=3,Residente,03,Sabato,23,0.1708,2025
1.5<potenza_impegnata<=3,Non Residente,03,Domenica,23,0.1582,2025
1.5<potenza_impegnata<=3,Residente,03,Sabato,9,0.1954,2025
1.5<potenza_impegnata<=3,Residente,03,Giorno feriale,4,0.08861904761904763,2025
1.5<potenza_impegnata<=3,Non Residente,03,Sabato,14,0.1748,2025
1.5<potenza_impegnata<=3,Tutti,03,Sabato,8,0.16060000000000002,2025
1.5<potenza_impegnata<=3,Non Residente,03,Giorno feriale,10,0.13328571428571429,2025
1.5<potenza_impegnata<=3,Tutti,03,Sabato,18,0.2234,2025
1.5<potenza_impegnata<=3,Tutti,03,Giorno feriale,6,0.11690476190476191,2025
1.5<potenza_impegnata<=3,Tutti,03,Giorno feriale,19,0.26295238095238094,2025
1.5<potenza_impegnata<=3,Non Residente,03,Domenica,8,0.1066,2025
1.5<potenza_impegnata<=3,Tutti,03,Domenica,8,0.1484,2025
1.5<potenza_impegnata<=3,Residente,03,Domenica,16,0.1948,2025
1.5<potenza_impegnata<=3,Residente,03,Domenica,10,0.2164,2025
1.5<potenza_impegnata<=3,Residente,03,Sabato,8,0.1688,2025
1.5<potenza_impegnata<=3,Residente,03,Sabato,6,0.10400000000000001,2025
1.5<potenza_impegnata<=3,Non Residente,03,Domenica,2,0.072,2025
1.5<potenza_impegnata<=3,Non Residente,03,Sabato,3,0.08,2025
1.5<potenza_impegnata<=3,Residente,03,Sabato,19,0.2746,2025
1.5<potenza_impegnata<=3,Non Residente,03,Sabato,2,0.0876,2025
1.5<potenza_impegnata<=3,Non Residente,03,Sabato,23,0.1376,2025
1.5<potenza_impegnata<=3,Non Residente,03,Sabato,17,0.1598,2025
1.5<potenza_impegnata<=3,Residente,03,Giorno feriale,19,0.27380952380952384,2025
1.5<potenza_impegnata<=3,Non Residente,03,Domenica,20,0.23079999999999998,2025
1.5<potenza_impegnata<=3,Tutti,03,Sabato,4,0.0874,2025
1.5<potenza_impegnata<=3,Tutti,03,Sabato,16,0.188,2025
1.5<potenza_impegnata<=3,Residente,03,Giorno feriale,11,0.16076190476190477,2025
1.5<potenza_impegnata<=3,Tutti,03,Sabato,14,0.2088,2025
1.5<potenza_impegnata<=3,Tutti,03,Giorno feriale,2,0.09295238095238095,2025
1.5<potenza_impegnata<=3,Residente,03,Domenica,2,0.08080000000000001,2025
1.5<potenza_impegnata<=3,Residente,03,Domenica,1,0.1162,2025
1.5<potenza_impegnata<=3,Tutti,03,Domenica,23,0.1742,2025
1.5<potenza_impegnata<=3,Residente,03,Domenica,13,0.2344,2025
1.5<potenza_impegnata<=3,Tutti,03,Domenica,18,0.2222,2025
1.5<potenza_impegnata<=3,Tutti,03,Domenica,15,0.1958,2025
1.5<potenza_impegnata<=3,Non Residente,03,Domenica,3,0.0824,2025
1.5<potenza_impegnata<=3,Non Residente,03,Domenica,11,0.1692,2025
1.5<potenza_impegnata<=3,Non Residente,03,Sabato,7,0.098,2025
1.5<potenza_impegnata<=3,Residente,03,Sabato,4,0.08940000000000001,2025
1.5<potenza_impegnata<=3,Non Residente,03,Sabato,6,0.08159999999999999,2025
1.5<potenza_impegnata<=3,Residente,03,Sabato,1,0.11299999999999999,2025
1.5<potenza_impegnata<=3,Residente,03,Sabato,18,0.23359999999999997,2025
1.5<potenza_impegnata<=3,Residente,03,Sabato,16,0.194,2025
1.5<potenza_impegnata<=3,Residente,03,Sabato,15,0.2008,2025
1.5<potenza_impegnata<=3,Non Residente,03,Sabato,22,0.1592,2025
1.5<potenza_impegnata<=3,Residente,03,Sabato,14,0.2156,2025
1.5<potenza_impegnata<=3,Residente,03,Sabato,11,0.2124,2025
1.5<potenza_impegnata<=3,Non Residente,03,Sabato,20,0.2032,2025
1.5<potenza_impegnata<=3,Non Residente,03,Sabato,19,0.19519999999999998,2025
1.5<potenza_impegnata<=3,Residente,03,Sabato,0,0.1402,2025
1.5<potenza_impegnata<=3,Non Residente,03,Sabato,4,0.077,2025
1.5<potenza_impegnata<=3,Residente,03,Giorno feriale,5,0.09542857142857143,2025
1.5<potenza_impegnata<=3,Non Residente,03,Domenica,21,0.215,2025
1.5<potenza_impegnata<=3,Residente,03,Giorno feriale,3,0.08866666666666667,2025
1.5<potenza_impegnata<=3,Non Residente,03,Sabato,16,0.1568,2025
1.5<potenza_impegnata<=3,Non Residente,03,Sabato,8,0.1192,2025
1.5<potenza_impegnata<=3,Residente,03,Giorno feriale,22,0.22157142857142859,2025
1.5<potenza_impegnata<=3,Non Residente,03,Domenica,12,0.184,2025
1.5<potenza_impegnata<=3,Residente,03,Domenica,0,0.1426,2025
1.5<potenza_impegnata<=3,Tutti,03,Sabato,2,0.0964,2025
1.5<potenza_impegnata<=3,Residente,03,Giorno feriale,16,0.1563333333333333,2025
1.5<potenza_impegnata<=3,Residente,03,Giorno feriale,15,0.15876190476190474,2025
1.5<potenza_impegnata<=3,Non Residente,03,Giorno feriale,9,0.14185714285714285,2025
1.5<potenza_impegnata<=3,Residente,03,Giorno feriale,10,0.15961904761904763,2025
1.5<potenza_impegnata<=3,Tutti,03,Sabato,12,0.21960000000000002,2025
1.5<potenza_impegnata<=3,Non Residente,03,Domenica,9,0.1322,2025
1.5<potenza_impegnata<=3,Residente,03,Giorno feriale,9,0.16666666666666666,2025
1.5<potenza_impegnata<=3,Tutti,03,Giorno feriale,3,0.08676190476190475,2025
1.5<potenza_impegnata<=3,Tutti,03,Giorno feriale,23,0.174,2025
1.5<potenza_impegnata<=3,Tutti,03,Giorno feriale,22,0.21680952380952384,2025
1.5<potenza_impegnata<=3,Residente,03,Domenica,4,0.0902,2025
1.5<potenza_impegnata<=3,Tutti,03,Giorno feriale,21,0.25423809523809526,2025
1.5<potenza_impegnata<=3,Non Residente,03,Domenica,13,0.18819999999999998,2025
1.5<potenza_impegnata<=3,Tutti,03,Giorno feriale,20,0.2742857142857143,2025
1.5<potenza_impegnata<=3,Non Residente,03,Domenica,7,0.0874,2025
1.5<potenza_impegnata<=3,Tutti,03,Giorno feriale,18,0.2049047619047619,2025
1.5<potenza_impegnata<=3,Tutti,03,Giorno feriale,15,0.15395238095238092,2025
1.5<potenza_impegnata<=3,Residente,03,Domenica,21,0.2596,2025
1.5<potenza_impegnata<=3,Tutti,03,Giorno feriale,12,0.16595238095238093,2025
1.5<potenza_impegnata<=3,Residente,03,Domenica,8,0.15660000000000002,2025
1.5<potenza_impegnata<=3,Tutti,03,Giorno feriale,0,0.13685714285714287,2025
1.5<potenza_impegnata<=3,Tutti,03,Domenica,7,0.1142,2025
1.5<potenza_impegnata<=3,Residente,03,Domenica,18,0.23159999999999997,2025
1.5<potenza_impegnata<=3,Tutti,03,Domenica,4,0.0882,2025
1.5<potenza_impegnata<=3,Residente,03,Giorno feriale,12,0.17157142857142857,2025
1.5<potenza_impegnata<=3,Residente,03,Domenica,15,0.2024,2025
1.5<potenza_impegnata<=3,Tutti,03,Domenica,21,0.2524,2025
1.5<potenza_impegnata<=3,Residente,03,Giorno feriale,14,0.1671904761904762,2025
1.5<potenza_impegnata<=3,Tutti,03,Domenica,20,0.2764,2025
1.5<potenza_impegnata<=3,Non Residente,03,Domenica,14,0.1744,2025
1.5<potenza_impegnata<=3,Residente,03,Domenica,12,0.24980000000000002,2025
1.5<potenza_impegnata<=3,Tutti,03,Domenica,16,0.18819999999999998,2025
1.5<potenza_impegnata<=3,Tutti,03,Domenica,12,0.23900000000000002,2025
1.5<potenza_impegnata<=3,Tutti,03,Domenica,11,0.223,2025
1.5<potenza_impegnata<=3,Residente,03,Domenica,9,0.1938,2025
1.5<potenza_impegnata<=3,Tutti,03,Domenica,10,0.20600000000000002,2025
1.5<potenza_impegnata<=3,Non Residente,03,Giorno feriale,11,0.13057142857142856,2025
1.5<potenza_impegnata<=3,Tutti,03,Domenica,0,0.1392,2025
1.5<potenza_impegnata<=3,Residente,03,Sabato,7,0.134,2025
1.5<potenza_impegnata<=3,Non Residente,03,Giorno feriale,12,0.13704761904761906,2025
1.5<potenza_impegnata<=3,Residente,03,Sabato,3,0.091,2025
1.5<potenza_impegnata<=3,Residente,03,Sabato,2,0.0982,2025
1.5<potenza_impegnata<=3,Non Residente,03,Sabato,5,0.0772,2025
1.5<potenza_impegnata<=3,Non Residente,03,Giorno feriale,13,0.14380952380952383,2025
1.5<potenza_impegnata<=3,Non Residente,03,Domenica,15,0.1622,2025
1.5<potenza_impegnata<=3,Non Residente,03,Giorno feriale,14,0.13733333333333334,2025
1.5<potenza_impegnata<=3,Residente,03,Sabato,17,0.20259999999999997,2025
1.5<potenza_impegnata<=3,Non Residente,03,Giorno feriale,15,0.1294761904761905,2025
1.5<potenza_impegnata<=3,Residente,03,Sabato,13,0.2266,2025
1.5<potenza_impegnata<=3,Non Residente,03,Sabato,21,0.183,2025
1.5<potenza_impegnata<=3,Residente,03,Sabato,12,0.22820000000000001,2025
1.5<potenza_impegnata<=3,Non Residente,03,Domenica,22,0.18819999999999998,2025
1.5<potenza_impegnata<=3,Non Residente,03,Giorno feriale,16,0.12647619047619046,2025
1.5<potenza_impegnata<=3,Residente,03,Sabato,20,0.2642,2025
1.5<potenza_impegnata<=3,Non Residente,03,Giorno feriale,17,0.13542857142857143,2025
1.5<potenza_impegnata<=3,Residente,03,Sabato,21,0.23479999999999998,2025
1.5<potenza_impegnata<=3,Residente,03,Giorno feriale,8,0.17199999999999996,2025
1.5<potenza_impegnata<=3,Non Residente,03,Domenica,0,0.1214,2025
1.5<potenza_impegnata<=3,Non Residente,03,Sabato,1,0.101,2025
1.5<potenza_impegnata<=3,Residente,03,Sabato,22,0.2028,2025
1.5<potenza_impegnata<=3,Residente,03,Giorno feriale,7,0.16366666666666668,2025
1.5<potenza_impegnata<=3,Non Residente,03,Domenica,16,0.1554,2025
1.5<potenza_impegnata<=3,Non Residente,03,Giorno feriale,18,0.16042857142857145,2025
1.5<potenza_impegnata<=3,Non Residente,03,Giorno feriale,1,0.09952380952380951,2025
1.5<potenza_impegnata<=3,Residente,03,Giorno feriale,2,0.09466666666666666,2025
1.5<potenza_impegnata<=3,Residente,03,Giorno feriale,23,0.17695238095238094,2025
1.5<potenza_impegnata<=3,Non Residente,03,Sabato,15,0.1636,2025
1.5<potenza_impegnata<=3,Residente,03,Giorno feriale,21,0.2607142857142857,2025
1.5<potenza_impegnata<=3,Non Residente,03,Giorno feriale,19,0.2077142857142857,2025
1.5<potenza_impegnata<=3,Residente,03,Giorno feriale,20,0.28185714285714286,2025
1.5<potenza_impegnata<=3,Residente,03,Giorno feriale,1,0.10904761904761905,2025
1.5<potenza_impegnata<=3,Non Residente,03,Giorno feriale,20,0.23566666666666666,2025
1.5<potenza_impegnata<=3,Residente,03,Giorno feriale,18,0.2136190476190476,2025
1.5<potenza_impegnata<=3,Tutti,03,Sabato,5,0.0902,2025
1.5<potenza_impegnata<=3,Non Residente,03,Domenica,17,0.15960000000000002,2025
1.5<potenza_impegnata<=3,Tutti,03,Sabato,3,0.0892,2025
1.5<potenza_impegnata<=3,Non Residente,03,Giorno feriale,21,0.2212857142857143,2025
1.5<potenza_impegnata<=3,Tutti,03,Sabato,23,0.1654,2025
1.5<potenza_impegnata<=3,Tutti,03,Sabato,22,0.1956,2025
1.5<potenza_impegnata<=3,Tutti,03,Sabato,21,0.2262,2025
1.5<potenza_impegnata<=3,Tutti,03,Sabato,20,0.2542,2025
1.5<potenza_impegnata<=3,Non Residente,03,Giorno feriale,22,0.1929047619047619,2025
1.5<potenza_impegnata<=3,Tutti,03,Sabato,19,0.2616,2025
1.5<potenza_impegnata<=3,Tutti,03,Sabato,1,0.11100000000000002,2025
1.5<potenza_impegnata<=3,Non Residente,03,Domenica,10,0.15360000000000001,2025
1.5<potenza_impegnata<=3,Non Residente,03,Giorno feriale,23,0.159,2025
1.5<potenza_impegnata<=3,Tutti,03,Sabato,15,0.1948,2025
1.5<potenza_impegnata<=3,Non Residente,03,Giorno feriale,0,0.12876190476190477,2025
1.5<potenza_impegnata<=3,Tutti,03,Sabato,11,0.2044,2025
1.5<potenza_impegnata<=3,Non Residente,03,Giorno feriale,2,0.08380952380952382,2025
1.5<potenza_impegnata<=3,Tutti,03,Sabato,10,0.1968,2025
1.5<potenza_impegnata<=3,Tutti,03,Sabato,9,0.18680000000000002,2025
1.5<potenza_impegnata<=3,Residente,03,Giorno feriale,0,0.1384761904761905,2025
1.5<potenza_impegnata<=3,Non Residente,03,Domenica,18,0.1744,2025
1.5<potenza_impegnata<=3,Non Residente,03,Giorno feriale,3,0.07680952380952381,2025
1.5<potenza_impegnata<=3,Residente,03,Domenica,7,0.11939999999999999,2025
1.5<potenza_impegnata<=3,Tutti,03,Giorno feriale,5,0.09257142857142857,2025
1.5<potenza_impegnata<=3,Residente,03,Domenica,6,0.0982,2025
1.5<potenza_impegnata<=3,Non Residente,03,Giorno feriale,4,0.07538095238095238,2025
1.5<potenza_impegnata<=3,Residente,03,Domenica,3,0.0936,2025
1.5<potenza_impegnata<=3,Non Residente,03,Giorno feriale,5,0.078,2025
1.5<potenza_impegnata<=3,Tutti,03,Giorno feriale,1,0.10742857142857141,2025
1.5<potenza_impegnata<=3,Tutti,03,Giorno feriale,17,0.1657142857142857,2025
1.5<potenza_impegnata<=3,Residente,03,Domenica,23,0.1772,2025
1.5<potenza_impegnata<=3,Non Residente,03,Giorno feriale,6,0.09333333333333334,2025
1.5<potenza_impegnata<=3,Tutti,03,Giorno feriale,16,0.1514761904761905,2025
1.5<potenza_impegnata<=3,Residente,03,Domenica,22,0.2202,2025
1.5<potenza_impegnata<=3,Non Residente,03,Domenica,1,0.1028,2025
1.5<potenza_impegnata<=3,Tutti,03,Giorno feriale,14,0.16228571428571428,2025
1.5<potenza_impegnata<=3,Tutti,03,Giorno feriale,13,0.16938095238095235,2025
1.5<potenza_impegnata<=3,Non Residente,03,Giorno feriale,7,0.13166666666666668,2025
1.5<potenza_impegnata<=3,Non Residente,03,Domenica,6,0.0782,2025
1.5<potenza_impegnata<=3,Tutti,03,Giorno feriale,11,0.15585714285714283,2025
1.5<potenza_impegnata<=3,Residente,03,Domenica,20,0.2854,2025
1.5<potenza_impegnata<=3,Tutti,03,Giorno feriale,10,0.15528571428571428,2025
1.5<potenza_impegnata<=3,Non Residente,03,Giorno feriale,8,0.14966666666666667,2025
1.5<potenza_impegnata<=3,Tutti,03,Giorno feriale,7,0.1583809523809524,2025
1.5<potenza_impegnata<=3,Tutti,03,Giorno feriale,8,0.16833333333333333,2025
1.5<potenza_impegnata<=3,Tutti,03,Sabato,0,0.13720000000000002,2025
1.5<potenza_impegnata<=3,Non Residente,03,Sabato,0,0.12179999999999999,2025
1.5<potenza_impegnata<=3,Tutti,03,Domenica,6,0.0948,2025
1.5<potenza_impegnata<=3,Tutti,03,Domenica,5,0.089,2025
1.5<potenza_impegnata<=3,Non Residente,03,Domenica,5,0.07680000000000001,2025
1.5<potenza_impegnata<=3,Non Residente,03,Sabato,9,0.14279999999999998,2025
1.5<potenza_impegnata<=3,Residente,03,Domenica,17,0.2016,2025
1.5<potenza_impegnata<=3,Tutti,03,Domenica,3,0.0918,2025
1.5<potenza_impegnata<=3,Non Residente,03,Domenica,19,0.207,2025
1.5<potenza_impegnata<=3,Tutti,03,Domenica,2,0.0794,2025
1.5<potenza_impegnata<=3,Tutti,03,Sabato,17,0.1956,2025
1.5<potenza_impegnata<=3,Non Residente,03,Sabato,10,0.15660000000000002,2025
1.5<potenza_impegnata<=3,Tutti,03,Domenica,22,0.21480000000000002,2025
1.5<potenza_impegnata<=3,Non Residente,03,Sabato,11,0.1646,2025
1.5<potenza_impegnata<=3,Residente,03,Domenica,14,0.2172,2025
1.5<potenza_impegnata<=3,Tutti,03,Domenica,19,0.2676,2025
1.5<potenza_impegnata<=3,Non Residente,03,Sabato,12,0.1756,2025
1.5<potenza_impegnata<=3,Tutti,03,Domenica,17,0.1948,2025
1.5<potenza_impegnata<=3,Residente,03,Domenica,11,0.23359999999999997,2025
1.5<potenza_impegnata<=3,Tutti,03,Sabato,6,0.1002,2025
1.5<potenza_impegnata<=3,Non Residente,03,Sabato,13,0.183,2025
1.5<potenza_impegnata<=3,Tutti,03,Sabato,7,0.128,2025
1.5<potenza_impegnata<=3,Tutti,03,Domenica,13,0.22679999999999997,2025
1.5<potenza_impegnata<=3,Tutti,04,Giorno feriale,4,0.08165,2025
1.5<potenza_impegnata<=3,Non Residente,04,Domenica,9,0.11716666666666666,2025
1.5<potenza_impegnata<=3,Residente,04,Sabato,21,0.22125,2025
1.5<potenza_impegnata<=3,Tutti,04,Giorno feriale,9,0.15515,2025
1.5<potenza_impegnata<=3,Tutti,04,Domenica,16,0.15833333333333333,2025
1.5<potenza_impegnata<=3,Tutti,04,Sabato,0,0.12975,2025
1.5<potenza_impegnata<=3,Non Residente,04,Domenica,22,0.15216666666666667,2025
1.5<potenza_impegnata<=3,Tutti,04,Sabato,8,0.146,2025
1.5<potenza_impegnata<=3,Residente,04,Giorno feriale,16,0.14835,2025
1.5<potenza_impegnata<=3,Residente,04,Giorno feriale,13,0.16905,2025
1.5<potenza_impegnata<=3,Tutti,04,Sabato,13,0.1935,2025
1.5<potenza_impegnata<=3,Tutti,04,Giorno feriale,14,0.15630000000000002,2025
1.5<potenza_impegnata<=3,Residente,04,Domenica,19,0.22216666666666665,2025
1.5<potenza_impegnata<=3,Tutti,04,Sabato,12,0.19225,2025
1.5<potenza_impegnata<=3,Tutti,04,Domenica,3,0.08466666666666667,2025
1.5<potenza_impegnata<=3,Non Residente,04,Giorno feriale,11,0.12235,2025
1.5<potenza_impegnata<=3,Non Residente,04,Giorno feriale,16,0.11564999999999999,2025
1.5<potenza_impegnata<=3,Non Residente,04,Sabato,21,0.15925,2025
1.5<potenza_impegnata<=3,Non Residente,04,Sabato,6,0.0735,2025
1.5<potenza_impegnata<=3,Residente,04,Giorno feriale,2,0.09164999999999998,2025
1.5<potenza_impegnata<=3,Tutti,04,Domenica,10,0.18666666666666668,2025
1.5<potenza_impegnata<=3,Tutti,04,Sabato,19,0.212,2025
1.5<potenza_impegnata<=3,Tutti,04,Sabato,1,0.10475,2025
1.5<potenza_impegnata<=3,Residente,04,Domenica,5,0.08566666666666667,2025
1.5<potenza_impegnata<=3,Tutti,04,Giorno feriale,23,0.1673,2025
1.5<potenza_impegnata<=3,Non Residente,04,Domenica,7,0.07883333333333332,2025
1.5<potenza_impegnata<=3,Tutti,04,Giorno feriale,0,0.13145,2025
1.5<potenza_impegnata<=3,Non Residente,04,Domenica,17,0.12183333333333334,2025
1.5<potenza_impegnata<=3,Non Residente,04,Domenica,10,0.13283333333333333,2025
1.5<potenza_impegnata<=3,Non Residente,04,Giorno feriale,19,0.1695,2025
1.5<potenza_impegnata<=3,Non Residente,04,Sabato,18,0.1305,2025
1.5<potenza_impegnata<=3,Non Residente,04,Domenica,0,0.10733333333333334,2025
1.5<potenza_impegnata<=3,Residente,04,Sabato,20,0.23875,2025
1.5<potenza_impegnata<=3,Non Residente,04,Sabato,7,0.0885,2025
1.5<potenza_impegnata<=3,Residente,04,Giorno feriale,4,0.0841,2025
1.5<potenza_impegnata<=3,Non Residente,04,Giorno feriale,1,0.09324999999999999,2025
1.5<potenza_impegnata<=3,Non Residente,04,Domenica,11,0.14266666666666666,2025
1.5<potenza_impegnata<=3,Residente,04,Giorno feriale,1,0.1055,2025
1.5<potenza_impegnata<=3,Tutti,04,Sabato,23,0.1565,2025
1.5<potenza_impegnata<=3,Tutti,04,Sabato,22,0.1845,2025
1.5<potenza_impegnata<=3,Residente,04,Giorno feriale,15,0.15305,2025
1.5<potenza_impegnata<=3,Non Residente,04,Giorno feriale,9,0.1316,2025
1.5<potenza_impegnata<=3,Tutti,04,Sabato,11,0.17975,2025
1.5<potenza_impegnata<=3,Tutti,04,Sabato,9,0.16875,2025
1.5<potenza_impegnata<=3,Residente,04,Domenica,3,0.08716666666666667,2025
1.5<potenza_impegnata<=3,Tutti,04,Giorno feriale,13,0.1632,2025
1.5<potenza_impegnata<=3,Residente,04,Domenica,18,0.18516666666666667,2025
1.5<potenza_impegnata<=3,Non Residente,04,Giorno feriale,20,0.20205,2025
1.5<potenza_impegnata<=3,Residente,04,Domenica,12,0.225,2025
1.5<potenza_impegnata<=3,Non Residente,04,Giorno feriale,22,0.17450000000000002,2025
1.5<potenza_impegnata<=3,Tutti,04,Domenica,0,0.12966666666666668,2025
1.5<potenza_impegnata<=3,Non Residente,04,Sabato,16,0.1275,2025
1.5<potenza_impegnata<=3,Residente,04,Giorno feriale,5,0.08990000000000001,2025
1.5<potenza_impegnata<=3,Non Residente,04,Sabato,1,0.0915,2025
1.5<potenza_impegnata<=3,Residente,04,Sabato,9,0.17725,2025
1.5<potenza_impegnata<=3,Residente,04,Sabato,12,0.20125,2025
1.5<potenza_impegnata<=3,Residente,04,Sabato,13,0.20175,2025
1.5<potenza_impegnata<=3,Non Residente,04,Sabato,22,0.142,2025
1.5<potenza_impegnata<=3,Non Residente,04,Sabato,2,0.0795,2025
1.5<potenza_impegnata<=3,Non Residente,04,Domenica,15,0.12816666666666668,2025
1.5<potenza_impegnata<=3,Non Residente,04,Sabato,4,0.069,2025
1.5<potenza_impegnata<=3,Residente,04,Sabato,22,0.193,2025
1.5<potenza_impegnata<=3,Residente,04,Sabato,19,0.2245,2025
1.5<potenza_impegnata<=3,Non Residente,04,Domenica,23,0.1305,2025
1.5<potenza_impegnata<=3,Non Residente,04,Giorno feriale,13,0.1335,2025
1.5<potenza_impegnata<=3,Non Residente,04,Sabato,8,0.10675,2025
1.5<potenza_impegnata<=3,Tutti,04,Sabato,6,0.0925,2025
1.5<potenza_impegnata<=3,Residente,04,Giorno feriale,17,0.15540000000000004,2025
1.5<potenza_impegnata<=3,Residente,04,Giorno feriale,14,0.16205000000000003,2025
1.5<potenza_impegnata<=3,Tutti,04,Domenica,18,0.17616666666666667,2025
1.5<potenza_impegnata<=3,Tutti,04,Sabato,18,0.17675,2025
1.5<potenza_impegnata<=3,Tutti,04,Sabato,17,0.16125,2025
1.5<potenza_impegnata<=3,Tutti,04,Giorno feriale,8,0.15750000000000003,2025
1.5<potenza_impegnata<=3,Residente,04,Domenica,8,0.14416666666666667,2025
1.5<potenza_impegnata<=3,Tutti,04,Giorno feriale,7,0.14445000000000002,2025
1.5<potenza_impegnata<=3,Tutti,04,Giorno feriale,6,0.10675000000000001,2025
1.5<potenza_impegnata<=3,Non Residente,04,Domenica,8,0.09599999999999999,2025
1.5<potenza_impegnata<=3,Non Residente,04,Domenica,13,0.14983333333333335,2025
1.5<potenza_impegnata<=3,Tutti,04,Giorno feriale,19,0.22325,2025
1.5<potenza_impegnata<=3,Tutti,04,Giorno feriale,1,0.10350000000000001,2025
1.5<potenza_impegnata<=3,Residente,04,Domenica,23,0.16133333333333333,2025
1.5<potenza_impegnata<=3,Tutti,04,Giorno feriale,16,0.143,2025
1.5<potenza_impegnata<=3,Residente,04,Domenica,4,0.08416666666666667,2025
1.5<potenza_impegnata<=3,Non Residente,04,Domenica,6,0.07066666666666667,2025
1.5<potenza_impegnata<=3,Residente,04,Domenica,20,0.24150000000000002,2025
1.5<potenza_impegnata<=3,Tutti,04,Giorno feriale,10,0.14935,2025
1.5<potenza_impegnata<=3,Tutti,04,Domenica,8,0.13616666666666666,2025
1.5<potenza_impegnata<=3,Residente,04,Giorno feriale,9,0.1598,2025
1.5<potenza_impegnata<=3,Tutti,04,Domenica,5,0.08283333333333333,2025
1.5<potenza_impegnata<=3,Residente,04,Giorno feriale,10,0.1543,2025
1.5<potenza_impegnata<=3,Non Residente,04,Domenica,5,0.06816666666666667,2025
1.5<potenza_impegnata<=3,Residente,04,Domenica,17,0.16616666666666666,2025
1.5<potenza_impegnata<=3,Tutti,04,Domenica,13,0.19566666666666666,2025
1.5<potenza_impegnata<=3,Tutti,04,Domenica,14,0.17866666666666667,2025
1.5<potenza_impegnata<=3,Tutti,04,Domenica,21,0.21933333333333335,2025
1.5<potenza_impegnata<=3,Non Residente,04,Domenica,14,0.13766666666666666,2025
1.5<potenza_impegnata<=3,Tutti,04,Sabato,21,0.211,2025
1.5<potenza_impegnata<=3,Tutti,04,Domenica,19,0.21066666666666667,2025
1.5<potenza_impegnata<=3,Tutti,04,Sabato,4,0.08175,2025
1.5<potenza_impegnata<=3,Residente,04,Giorno feriale,19,0.23395000000000002,2025
1.5<potenza_impegnata<=3,Non Residente,04,Domenica,3,0.07166666666666667,2025
1.5<potenza_impegnata<=3,Residente,04,Giorno feriale,21,0.24779999999999996,2025
1.5<potenza_impegnata<=3,Tutti,04,Domenica,9,0.16716666666666666,2025
1.5<potenza_impegnata<=3,Non Residente,04,Sabato,15,0.13425,2025
1.5<potenza_impegnata<=3,Non Residente,04,Domenica,12,0.15183333333333335,2025
1.5<potenza_impegnata<=3,Residente,04,Domenica,0,0.134,2025
1.5<potenza_impegnata<=3,Residente,04,Giorno feriale,23,0.1715,2025
1.5<potenza_impegnata<=3,Non Residente,04,Sabato,17,0.12525,2025
1.5<potenza_impegnata<=3,Residente,04,Sabato,3,0.08675,2025
1.5<potenza_impegnata<=3,Non Residente,04,Giorno feriale,18,0.13374999999999998,2025
1.5<potenza_impegnata<=3,Non Residente,04,Sabato,5,0.0695,2025
1.5<potenza_impegnata<=3,Residente,04,Giorno feriale,7,0.14989999999999998,2025
1.5<potenza_impegnata<=3,Residente,04,Giorno feriale,8,0.16194999999999998,2025
1.5<potenza_impegnata<=3,Non Residente,04,Sabato,3,0.0725,2025
1.5<potenza_impegnata<=3,Residente,04,Sabato,16,0.169,2025
1.5<potenza_impegnata<=3,Residente,04,Sabato,18,0.18575,2025
1.5<potenza_impegnata<=3,Residente,04,Sabato,15,0.1785,2025
1.5<potenza_impegnata<=3,Residente,04,Sabato,14,0.192,2025
1.5<potenza_impegnata<=3,Non Residente,04,Giorno feriale,15,0.1199,2025
1.5<potenza_impegnata<=3,Residente,04,Sabato,10,0.1835,2025
1.5<potenza_impegnata<=3,Non Residente,04,Sabato,23,0.124,2025
1.5<potenza_impegnata<=3,Residente,04,Sabato,17,0.1685,2025
1.5<potenza_impegnata<=3,Residente,04,Sabato,11,0.1875,2025
1.5<potenza_impegnata<=3,Non Residente,04,Sabato,20,0.167,2025
1.5<potenza_impegnata<=3,Non Residente,04,Sabato,19,0.14875,2025
1.5<potenza_impegnata<=3,Residente,04,Sabato,1,0.1075,2025
1.5<potenza_impegnata<=3,Non Residente,04,Giorno feriale,14,0.1272,2025
1.5<potenza_impegnata<=3,Residente,04,Sabato,0,0.1335,2025
1.5<potenza_impegnata<=3,Non Residente,04,Giorno feriale,17,0.11910000000000001,2025
1.5<potenza_impegnata<=3,Non Residente,04,Domenica,16,0.12233333333333334,2025
1.5<potenza_impegnata<=3,Residente,04,Sabato,23,0.163,2025
1.5<potenza_impegnata<=3,Residente,04,Sabato,5,0.087,2025
1.5<potenza_impegnata<=3,Residente,04,Giorno feriale,6,0.1113,2025
1.5<potenza_impegnata<=3,Residente,04,Sabato,2,0.09375,2025
1.5<potenza_impegnata<=3,Non Residente,04,Domenica,21,0.17033333333333334,2025
1.5<potenza_impegnata<=3,Residente,04,Sabato,4,0.08425,2025
1.5<potenza_impegnata<=3,Non Residente,04,Domenica,2,0.07833333333333332,2025
1.5<potenza_impegnata<=3,Residente,04,Giorno feriale,3,0.08559999999999998,2025
1.5<potenza_impegnata<=3,Non Residente,04,Giorno feriale,12,0.12785000000000002,2025
1.5<potenza_impegnata<=3,Residente,04,Sabato,6,0.096,2025
1.5<potenza_impegnata<=3,Residente,04,Sabato,7,0.12275,2025
1.5<potenza_impegnata<=3,Residente,04,Sabato,8,0.15375,2025
1.5<potenza_impegnata<=3,Residente,04,Giorno feriale,22,0.21355,2025
1.5<potenza_impegnata<=3,Residente,04,Domenica,9,0.17716666666666667,2025
1.5<potenza_impegnata<=3,Residente,04,Giorno feriale,20,0.25915,2025
1.5<potenza_impegnata<=3,Tutti,04,Domenica,11,0.2015,2025
1.5<potenza_impegnata<=3,Non Residente,04,Sabato,14,0.14375,2025
1.5<potenza_impegnata<=3,Tutti,04,Domenica,12,0.213,2025
1.5<potenza_impegnata<=3,Non Residente,04,Domenica,20,0.17433333333333334,2025
1.5<potenza_impegnata<=3,Residente,04,Domenica,16,0.16533333333333333,2025
1.5<potenza_impegnata<=3,Residente,04,Giorno feriale,18,0.1806,2025
1.5<potenza_impegnata<=3,Non Residente,04,Giorno feriale,10,0.12469999999999999,2025
1.5<potenza_impegnata<=3,Tutti,04,Sabato,3,0.08425,2025
1.5<potenza_impegnata<=3,Residente,04,Domenica,13,0.20483333333333334,2025
1.5<potenza_impegnata<=3,Non Residente,04,Giorno feriale,21,0.19739999999999996,2025
1.5<potenza_impegnata<=3,Non Residente,04,Domenica,4,0.06833333333333333,2025
1.5<potenza_impegnata<=3,Residente,04,Domenica,14,0.18683333333333332,2025
1.5<potenza_impegnata<=3,Tutti,04,Domenica,20,0.2303333333333333,2025
1.5<potenza_impegnata<=3,Tutti,04,Domenica,15,0.16633333333333333,2025
1.5<potenza_impegnata<=3,Residente,04,Domenica,15,0.1738333333333333,2025
1.5<potenza_impegnata<=3,Residente,04,Domenica,11,0.213,2025
1.5<potenza_impegnata<=3,Tutti,04,Domenica,22,0.19016666666666668,2025
1.5<potenza_impegnata<=3,Residente,04,Giorno feriale,12,0.16624999999999998,2025
1.5<potenza_impegnata<=3,Tutti,04,Sabato,16,0.16225,2025
1.5<potenza_impegnata<=3,Non Residente,04,Giorno feriale,23,0.14645000000000002,2025
1.5<potenza_impegnata<=3,Tutti,04,Sabato,15,0.17125,2025
1.5<potenza_impegnata<=3,Residente,04,Giorno feriale,11,0.1554,2025
1.5<potenza_impegnata<=3,Tutti,04,Sabato,14,0.184,2025
1.5<potenza_impegnata<=3,Non Residente,04,Giorno feriale,0,0.11979999999999999,2025
1.5<potenza_impegnata<=3,Non Residente,04,Giorno feriale,2,0.0784,2025
1.5<potenza_impegnata<=3,Tutti,04,Sabato,10,0.17575,2025
1.5<potenza_impegnata<=3,Residente,04,Giorno feriale,0,0.13374999999999998,2025
1.5<potenza_impegnata<=3,Non Residente,04,Domenica,18,0.13033333333333333,2025
1.5<potenza_impegnata<=3,Non Residente,04,Giorno feriale,3,0.07145,2025
1.5<potenza_impegnata<=3,Residente,04,Domenica,7,0.11116666666666668,2025
1.5<potenza_impegnata<=3,Tutti,04,Giorno feriale,5,0.08679999999999999,2025
1.5<potenza_impegnata<=3,Residente,04,Domenica,6,0.09200000000000001,2025
1.5<potenza_impegnata<=3,Tutti,04,Giorno feriale,2,0.0894,2025
1.5<potenza_impegnata<=3,Non Residente,04,Giorno feriale,4,0.06905,2025
1.5<potenza_impegnata<=3,Non Residente,04,Giorno feriale,5,0.07135,2025
1.5<potenza_impegnata<=3,Residente,04,Domenica,2,0.09449999999999999,2025
1.5<potenza_impegnata<=3,Tutti,04,Giorno feriale,18,0.17295,2025
1.5<potenza_impegnata<=3,Tutti,04,Giorno feriale,17,0.14935,2025
1.5<potenza_impegnata<=3,Tutti,04,Giorno feriale,20,0.24975,2025
1.5<potenza_impegnata<=3,Non Residente,04,Giorno feriale,6,0.0841,2025
1.5<potenza_impegnata<=3,Tutti,04,Giorno feriale,21,0.23949999999999996,2025
1.5<potenza_impegnata<=3,Tutti,04,Giorno feriale,15,0.1476,2025
1.5<potenza_impegnata<=3,Tutti,04,Giorno feriale,22,0.20709999999999998,2025
1.5<potenza_impegnata<=3,Residente,04,Domenica,22,0.19766666666666666,2025
1.5<potenza_impegnata<=3,Non Residente,04,Domenica,1,0.08983333333333333,2025
1.5<potenza_impegnata<=3,Non Residente,04,Giorno feriale,7,0.11655,2025
1.5<potenza_impegnata<=3,Tutti,04,Giorno feriale,3,0.0833,2025
1.5<potenza_impegnata<=3,Residente,04,Domenica,21,0.229,2025
1.5<potenza_impegnata<=3,Tutti,04,Giorno feriale,12,0.15990000000000001,2025
1.5<potenza_impegnata<=3,Tutti,04,Giorno feriale,11,0.14994999999999997,2025
1.5<potenza_impegnata<=3,Non Residente,04,Giorno feriale,8,0.13545,2025
1.5<potenza_impegnata<=3,Residente,04,Domenica,1,0.1085,2025
1.5<potenza_impegnata<=3,Non Residente,04,Sabato,0,0.1105,2025
1.5<potenza_impegnata<=3,Tutti,04,Domenica,7,0.10583333333333333,2025
1.5<potenza_impegnata<=3,Tutti,04,Domenica,6,0.08850000000000001,2025
1.5<potenza_impegnata<=3,Non Residente,04,Sabato,9,0.12625,2025
1.5<potenza_impegnata<=3,Tutti,04,Domenica,4,0.0815,2025
1.5<potenza_impegnata<=3,Residente,04,Domenica,10,0.19716666666666668,2025
1.5<potenza_impegnata<=3,Non Residente,04,Domenica,19,0.15183333333333335,2025
1.5<potenza_impegnata<=3,Tutti,04,Domenica,2,0.09183333333333334,2025
1.5<potenza_impegnata<=3,Tutti,04,Domenica,23,0.15633333333333332,2025
1.5<potenza_impegnata<=3,Non Residente,04,Sabato,10,0.13675,2025
1.5<potenza_impegnata<=3,Non Residente,04,Sabato,11,0.14,2025
1.5<potenza_impegnata<=3,Tutti,04,Domenica,17,0.159,2025
1.5<potenza_impegnata<=3,Tutti,04,Sabato,20,0.227,2025
1.5<potenza_impegnata<=3,Tutti,04,Domenica,1,0.10533333333333333,2025
1.5<potenza_impegnata<=3,Non Residente,04,Sabato,12,0.14725,2025
1.5<potenza_impegnata<=3,Tutti,04,Sabato,2,0.09125,2025
1.5<potenza_impegnata<=3,Tutti,04,Sabato,5,0.084,2025
1.5<potenza_impegnata<=3,Non Residente,04,Sabato,13,0.15175,2025
1.5<potenza_impegnata<=3,Tutti,04,Sabato,7,0.117,2025
1.5<potenza_impegnata<=3,Tutti,05,Domenica,4,0.0828,2025
1.5<potenza_impegnata<=3,Tutti,05,Domenica,3,0.0864,2025
1.5<potenza_impegnata<=3,Tutti,05,Domenica,2,0.094,2025
1.5<potenza_impegnata<=3,Tutti,05,Domenica,23,0.16419999999999998,2025
1.5<potenza_impegnata<=3,Tutti,05,Domenica,22,0.1996,2025
1.5<potenza_impegnata<=3,Tutti,05,Domenica,21,0.22719999999999999,2025
1.5<potenza_impegnata<=3,Tutti,05,Domenica,20,0.2306,2025
1.5<potenza_impegnata<=3,Tutti,05,Domenica,19,0.2102,2025
1.5<potenza_impegnata<=3,Tutti,05,Domenica,1,0.10840000000000001,2025
1.5<potenza_impegnata<=3,Tutti,05,Domenica,18,0.1766,2025
1.5<potenza_impegnata<=3,Tutti,05,Domenica,17,0.16299999999999998,2025
1.5<potenza_impegnata<=3,Tutti,05,Domenica,16,0.16299999999999998,2025
1.5<potenza_impegnata<=3,Tutti,05,Domenica,15,0.1718,2025
1.5<potenza_impegnata<=3,Tutti,05,Domenica,14,0.1844,2025
1.5<potenza_impegnata<=3,Tutti,05,Domenica,13,0.1976,2025
1.5<potenza_impegnata<=3,Tutti,05,Domenica,12,0.2076,2025
1.5<potenza_impegnata<=3,Tutti,05,Domenica,11,0.195,2025
1.5<potenza_impegnata<=3,Tutti,05,Domenica,10,0.1842,2025
1.5<potenza_impegnata<=3,Tutti,05,Domenica,9,0.1684,2025
1.5<potenza_impegnata<=3,Tutti,05,Domenica,0,0.1326,2025
1.5<potenza_impegnata<=3,Residente,05,Sabato,8,0.153,2025
1.5<potenza_impegnata<=3,Residente,05,Sabato,7,0.1238,2025
1.5<potenza_impegnata<=3,Residente,05,Sabato,6,0.099,2025
1.5<potenza_impegnata<=3,Residente,05,Sabato,5,0.0892,2025
1.5<potenza_impegnata<=3,Residente,05,Sabato,4,0.0866,2025
1.5<potenza_impegnata<=3,Residente,05,Sabato,3,0.08940000000000001,2025
1.5<potenza_impegnata<=3,Residente,05,Sabato,2,0.09659999999999999,2025
1.5<potenza_impegnata<=3,Residente,05,Sabato,23,0.1654,2025
1.5<potenza_impegnata<=3,Residente,05,Sabato,22,0.1934,2025
1.5<potenza_impegnata<=3,Residente,05,Sabato,21,0.2172,2025
1.5<potenza_impegnata<=3,Residente,05,Sabato,20,0.22440000000000002,2025
1.5<potenza_impegnata<=3,Residente,05,Sabato,19,0.21280000000000002,2025
1.5<potenza_impegnata<=3,Residente,05,Sabato,1,0.11080000000000001,2025
1.5<potenza_impegnata<=3,Residente,05,Sabato,18,0.18,2025
1.5<potenza_impegnata<=3,Residente,05,Sabato,17,0.1668,2025
1.5<potenza_impegnata<=3,Residente,05,Sabato,16,0.1686,2025
1.5<potenza_impegnata<=3,Residente,05,Sabato,15,0.178,2025
1.5<potenza_impegnata<=3,Residente,05,Sabato,14,0.19119999999999998,2025
1.5<potenza_impegnata<=3,Residente,05,Sabato,13,0.2,2025
1.5<potenza_impegnata<=3,Residente,05,Sabato,12,0.1976,2025
1.5<potenza_impegnata<=3,Residente,05,Sabato,11,0.1834,2025
1.5<potenza_impegnata<=3,Residente,05,Sabato,10,0.1794,2025
1.5<potenza_impegnata<=3,Residente,05,Sabato,9,0.174,2025
1.5<potenza_impegnata<=3,Residente,05,Sabato,0,0.13740000000000002,2025
1.5<potenza_impegnata<=3,Residente,05,Giorno feriale,8,0.15757142857142858,2025
1.5<potenza_impegnata<=3,Residente,05,Giorno feriale,7,0.1468095238095238,2025
1.5<potenza_impegnata<=3,Residente,05,Giorno feriale,6,0.1108095238095238,2025
1.5<potenza_impegnata<=3,Residente,05,Giorno feriale,5,0.09023809523809524,2025
1.5<potenza_impegnata<=3,Residente,05,Giorno feriale,4,0.08495238095238096,2025
1.5<potenza_impegnata<=3,Residente,05,Giorno feriale,3,0.08666666666666666,2025
1.5<potenza_impegnata<=3,Residente,05,Giorno feriale,2,0.09271428571428572,2025
1.5<potenza_impegnata<=3,Residente,05,Giorno feriale,23,0.1725238095238095,2025
1.5<potenza_impegnata<=3,Residente,05,Giorno feriale,22,0.21357142857142855,2025
1.5<potenza_impegnata<=3,Residente,05,Giorno feriale,21,0.24447619047619049,2025
1.5<potenza_impegnata<=3,Residente,05,Giorno feriale,20,0.24842857142857142,2025
1.5<potenza_impegnata<=3,Residente,05,Giorno feriale,19,0.2264761904761905,2025
1.5<potenza_impegnata<=3,Residente,05,Giorno feriale,1,0.10647619047619046,2025
1.5<potenza_impegnata<=3,Residente,05,Giorno feriale,18,0.17914285714285713,2025
1.5<potenza_impegnata<=3,Residente,05,Giorno feriale,17,0.15476190476190477,2025
1.5<potenza_impegnata<=3,Non Residente,05,Domenica,10,0.1392,2025
1.5<potenza_impegnata<=3,Residente,05,Giorno feriale,15,0.1520952380952381,2025
1.5<potenza_impegnata<=3,Residente,05,Giorno feriale,13,0.16585714285714287,2025
1.5<potenza_impegnata<=3,Residente,05,Giorno feriale,11,0.15171428571428572,2025
1.5<potenza_impegnata<=3,Residente,05,Giorno feriale,9,0.15504761904761905,2025
1.5<potenza_impegnata<=3,Residente,05,Domenica,8,0.1466,2025
1.5<potenza_impegnata<=3,Non Residente,05,Domenica,18,0.1386,2025
1.5<potenza_impegnata<=3,Residente,05,Domenica,6,0.0938,2025
1.5<potenza_impegnata<=3,Residente,05,Domenica,4,0.0854,2025
1.5<potenza_impegnata<=3,Residente,05,Domenica,2,0.0964,2025
1.5<potenza_impegnata<=3,Residente,05,Domenica,22,0.20600000000000002,2025
1.5<potenza_impegnata<=3,Residente,05,Domenica,20,0.2392,2025
1.5<potenza_impegnata<=3,Residente,05,Domenica,19,0.22000000000000003,2025
1.5<potenza_impegnata<=3,Residente,05,Domenica,1,0.11100000000000002,2025
1.5<potenza_impegnata<=3,Residente,05,Domenica,17,0.16899999999999998,2025
1.5<potenza_impegnata<=3,Non Residente,05,Domenica,7,0.08159999999999999,2025
1.5<potenza_impegnata<=3,Residente,05,Domenica,15,0.1782,2025
1.5<potenza_impegnata<=3,Residente,05,Domenica,13,0.20459999999999998,2025
1.5<potenza_impegnata<=3,Residente,05,Domenica,12,0.217,2025
1.5<potenza_impegnata<=3,Residente,05,Domenica,11,0.2042,2025
1.5<potenza_impegnata<=3,Residente,05,Domenica,9,0.1776,2025
1.5<potenza_impegnata<=3,Non Residente,05,Sabato,8,0.10840000000000001,2025
1.5<potenza_impegnata<=3,Non Residente,05,Sabato,6,0.0762,2025
1.5<potenza_impegnata<=3,Non Residente,05,Sabato,4,0.0716,2025
1.5<potenza_impegnata<=3,Non Residente,05,Giorno feriale,18,0.13585714285714287,2025
1.5<potenza_impegnata<=3,Non Residente,05,Sabato,2,0.0832,2025
1.5<potenza_impegnata<=3,Non Residente,05,Sabato,7,0.09,2025
1.5<potenza_impegnata<=3,Non Residente,05,Sabato,22,0.148,2025
1.5<potenza_impegnata<=3,Non Residente,05,Sabato,20,0.1678,2025
1.5<potenza_impegnata<=3,Non Residente,05,Sabato,1,0.0964,2025
1.5<potenza_impegnata<=3,Non Residente,05,Sabato,17,0.1326,2025
1.5<potenza_impegnata<=3,Residente,05,Domenica,10,0.19319999999999998,2025
1.5<potenza_impegnata<=3,Non Residente,05,Sabato,15,0.1424,2025
1.5<potenza_impegnata<=3,Non Residente,05,Sabato,13,0.159,2025
1.5<potenza_impegnata<=3,Non Residente,05,Sabato,12,0.1518,2025
1.5<potenza_impegnata<=3,Non Residente,05,Sabato,11,0.1426,2025
1.5<potenza_impegnata<=3,Non Residente,05,Sabato,9,0.1272,2025
1.5<potenza_impegnata<=3,Non Residente,05,Sabato,0,0.11639999999999999,2025
1.5<potenza_impegnata<=3,Non Residente,05,Giorno feriale,8,0.13404761904761905,2025
1.5<potenza_impegnata<=3,Non Residente,05,Sabato,10,0.13779999999999998,2025
1.5<potenza_impegnata<=3,Non Residente,05,Giorno feriale,7,0.11528571428571428,2025
1.5<potenza_impegnata<=3,Non Residente,05,Giorno feriale,6,0.0841904761904762,2025
1.5<potenza_impegnata<=3,Non Residente,05,Giorno feriale,5,0.07166666666666666,2025
1.5<potenza_impegnata<=3,Non Residente,05,Sabato,14,0.1514,2025
1.5<potenza_impegnata<=3,Non Residente,05,Giorno feriale,4,0.06933333333333333,2025
1.5<potenza_impegnata<=3,Non Residente,05,Giorno feriale,3,0.072,2025
1.5<potenza_impegnata<=3,Non Residente,05,Sabato,16,0.13540000000000002,2025
1.5<potenza_impegnata<=3,Non Residente,05,Giorno feriale,2,0.07928571428571429,2025
1.5<potenza_impegnata<=3,Non Residente,05,Giorno feriale,23,0.15014285714285713,2025
1.5<potenza_impegnata<=3,Non Residente,05,Sabato,18,0.13740000000000002,2025
1.5<potenza_impegnata<=3,Non Residente,05,Giorno feriale,22,0.17919047619047618,2025
1.5<potenza_impegnata<=3,Non Residente,05,Sabato,19,0.1524,2025
1.5<potenza_impegnata<=3,Non Residente,05,Giorno feriale,21,0.20152380952380952,2025
1.5<potenza_impegnata<=3,Non Residente,05,Giorno feriale,20,0.20238095238095238,2025
1.5<potenza_impegnata<=3,Non Residente,05,Sabato,21,0.1644,2025
1.5<potenza_impegnata<=3,Non Residente,05,Giorno feriale,19,0.17104761904761906,2025
1.5<potenza_impegnata<=3,Non Residente,05,Sabato,23,0.131,2025
1.5<potenza_impegnata<=3,Non Residente,05,Giorno feriale,1,0.09419047619047619,2025
1.5<potenza_impegnata<=3,Non Residente,05,Sabato,3,0.0756,2025
1.5<potenza_impegnata<=3,Non Residente,05,Giorno feriale,17,0.12057142857142858,2025
1.5<potenza_impegnata<=3,Non Residente,05,Giorno feriale,16,0.11657142857142858,2025
1.5<potenza_impegnata<=3,Non Residente,05,Sabato,5,0.0718,2025
1.5<potenza_impegnata<=3,Non Residente,05,Giorno feriale,15,0.1206190476190476,2025
1.5<potenza_impegnata<=3,Non Residente,05,Giorno feriale,14,0.12814285714285714,2025
1.5<potenza_impegnata<=3,Non Residente,05,Giorno feriale,13,0.1340952380952381,2025
1.5<potenza_impegnata<=3,Residente,05,Domenica,0,0.13640000000000002,2025
1.5<potenza_impegnata<=3,Non Residente,05,Giorno feriale,12,0.12685714285714284,2025
1.5<potenza_impegnata<=3,Non Residente,05,Giorno feriale,11,0.12080952380952381,2025
1.5<potenza_impegnata<=3,Non Residente,05,Giorno feriale,10,0.1227142857142857,2025
1.5<potenza_impegnata<=3,Non Residente,05,Giorno feriale,9,0.12980952380952382,2025
1.5<potenza_impegnata<=3,Non Residente,05,Giorno feriale,0,0.1215238095238095,2025
1.5<potenza_impegnata<=3,Residente,05,Domenica,14,0.19119999999999998,2025
1.5<potenza_impegnata<=3,Non Residente,05,Domenica,8,0.1002,2025
1.5<potenza_impegnata<=3,Residente,05,Domenica,16,0.16899999999999998,2025
1.5<potenza_impegnata<=3,Non Residente,05,Domenica,6,0.0722,2025
1.5<potenza_impegnata<=3,Residente,05,Domenica,18,0.1842,2025
1.5<potenza_impegnata<=3,Non Residente,05,Domenica,5,0.06939999999999999,2025
1.5<potenza_impegnata<=3,Non Residente,05,Domenica,4,0.06999999999999999,2025
1.5<potenza_impegnata<=3,Non Residente,05,Domenica,3,0.074,2025
1.5<potenza_impegnata<=3,Non Residente,05,Domenica,2,0.0822,2025
1.5<potenza_impegnata<=3,Residente,05,Domenica,21,0.2352,2025
1.5<potenza_impegnata<=3,Non Residente,05,Domenica,23,0.144,2025
1.5<potenza_impegnata<=3,Residente,05,Domenica,23,0.1684,2025
1.5<potenza_impegnata<=3,Non Residente,05,Domenica,22,0.1686,2025
1.5<potenza_impegnata<=3,Non Residente,05,Domenica,21,0.1874,2025
1.5<potenza_impegnata<=3,Residente,05,Domenica,3,0.0888,2025
1.5<potenza_impegnata<=3,Non Residente,05,Domenica,20,0.18680000000000002,2025
1.5<potenza_impegnata<=3,Residente,05,Domenica,5,0.0868,2025
1.5<potenza_impegnata<=3,Non Residente,05,Domenica,19,0.1612,2025
1.5<potenza_impegnata<=3,Non Residente,05,Domenica,1,0.095,2025
1.5<potenza_impegnata<=3,Residente,05,Domenica,7,0.11339999999999999,2025
1.5<potenza_impegnata<=3,Non Residente,05,Domenica,17,0.132,2025
1.5<potenza_impegnata<=3,Residente,05,Giorno feriale,0,0.13466666666666668,2025
1.5<potenza_impegnata<=3,Non Residente,05,Domenica,16,0.1328,2025
1.5<potenza_impegnata<=3,Residente,05,Giorno feriale,10,0.15,2025
1.5<potenza_impegnata<=3,Non Residente,05,Domenica,15,0.1396,2025
1.5<potenza_impegnata<=3,Non Residente,05,Domenica,14,0.1502,2025
1.5<potenza_impegnata<=3,Residente,05,Giorno feriale,12,0.16223809523809524,2025
1.5<potenza_impegnata<=3,Non Residente,05,Domenica,13,0.16240000000000002,2025
1.5<potenza_impegnata<=3,Non Residente,05,Domenica,12,0.1598,2025
1.5<potenza_impegnata<=3,Residente,05,Giorno feriale,14,0.15995238095238096,2025
1.5<potenza_impegnata<=3,Non Residente,05,Domenica,11,0.1486,2025
1.5<potenza_impegnata<=3,Residente,05,Giorno feriale,16,0.14752380952380953,2025
1.5<potenza_impegnata<=3,Non Residente,05,Domenica,9,0.1226,2025
1.5<potenza_impegnata<=3,Non Residente,05,Domenica,0,0.1132,2025
1.5<potenza_impegnata<=3,Tutti,05,Sabato,8,0.1456,2025
1.5<potenza_impegnata<=3,Tutti,05,Sabato,7,0.1182,2025
1.5<potenza_impegnata<=3,Tutti,05,Sabato,6,0.09519999999999999,2025
1.5<potenza_impegnata<=3,Tutti,05,Sabato,5,0.0862,2025
1.5<potenza_impegnata<=3,Tutti,05,Sabato,4,0.08399999999999999,2025
1.5<potenza_impegnata<=3,Tutti,05,Sabato,3,0.087,2025
1.5<potenza_impegnata<=3,Tutti,05,Sabato,2,0.0944,2025
1.5<potenza_impegnata<=3,Tutti,05,Sabato,23,0.15960000000000002,2025
1.5<potenza_impegnata<=3,Tutti,05,Sabato,22,0.18580000000000002,2025
1.5<potenza_impegnata<=3,Tutti,05,Sabato,21,0.2084,2025
1.5<potenza_impegnata<=3,Tutti,05,Sabato,20,0.215,2025
1.5<potenza_impegnata<=3,Tutti,05,Sabato,19,0.2028,2025
1.5<potenza_impegnata<=3,Tutti,05,Sabato,1,0.10840000000000001,2025
1.5<potenza_impegnata<=3,Tutti,05,Sabato,18,0.1728,2025
1.5<potenza_impegnata<=3,Tutti,05,Sabato,17,0.1612,2025
1.5<potenza_impegnata<=3,Tutti,05,Sabato,16,0.16299999999999998,2025
1.5<potenza_impegnata<=3,Tutti,05,Sabato,15,0.1722,2025
1.5<potenza_impegnata<=3,Tutti,05,Sabato,14,0.18460000000000001,2025
1.5<potenza_impegnata<=3,Tutti,05,Sabato,13,0.193,2025
1.5<potenza_impegnata<=3,Tutti,05,Sabato,12,0.19,2025
1.5<potenza_impegnata<=3,Tutti,05,Sabato,11,0.1766,2025
1.5<potenza_impegnata<=3,Tutti,05,Sabato,10,0.1724,2025
1.5<potenza_impegnata<=3,Tutti,05,Sabato,9,0.1662,2025
1.5<potenza_impegnata<=3,Tutti,05,Sabato,0,0.134,2025
1.5<potenza_impegnata<=3,Tutti,05,Giorno feriale,8,0.15361904761904763,2025
1.5<potenza_impegnata<=3,Tutti,05,Giorno feriale,7,0.14152380952380952,2025
1.5<potenza_impegnata<=3,Tutti,05,Giorno feriale,6,0.10638095238095238,2025
1.5<potenza_impegnata<=3,Tutti,05,Giorno feriale,5,0.08714285714285715,2025
1.5<potenza_impegnata<=3,Tutti,05,Giorno feriale,4,0.08238095238095239,2025
1.5<potenza_impegnata<=3,Tutti,05,Giorno feriale,3,0.08419047619047619,2025
1.5<potenza_impegnata<=3,Tutti,05,Giorno feriale,2,0.09047619047619047,2025
1.5<potenza_impegnata<=3,Tutti,05,Giorno feriale,23,0.16885714285714287,2025
1.5<potenza_impegnata<=3,Tutti,05,Giorno feriale,22,0.20776190476190473,2025
1.5<potenza_impegnata<=3,Tutti,05,Giorno feriale,21,0.23738095238095236,2025
1.5<potenza_impegnata<=3,Tutti,05,Giorno feriale,20,0.24071428571428571,2025
1.5<potenza_impegnata<=3,Tutti,05,Giorno feriale,19,0.21723809523809526,2025
1.5<potenza_impegnata<=3,Tutti,05,Giorno feriale,1,0.10442857142857141,2025
1.5<potenza_impegnata<=3,Tutti,05,Giorno feriale,18,0.172,2025
1.5<potenza_impegnata<=3,Tutti,05,Giorno feriale,17,0.14914285714285713,2025
1.5<potenza_impegnata<=3,Tutti,05,Giorno feriale,16,0.14233333333333334,2025
1.5<potenza_impegnata<=3,Tutti,05,Giorno feriale,15,0.14685714285714285,2025
1.5<potenza_impegnata<=3,Tutti,05,Giorno feriale,14,0.15466666666666667,2025
1.5<potenza_impegnata<=3,Tutti,05,Giorno feriale,13,0.16057142857142856,2025
1.5<potenza_impegnata<=3,Tutti,05,Giorno feriale,12,0.15638095238095237,2025
1.5<potenza_impegnata<=3,Tutti,05,Giorno feriale,11,0.14657142857142855,2025
1.5<potenza_impegnata<=3,Tutti,05,Giorno feriale,10,0.1454285714285714,2025
1.5<potenza_impegnata<=3,Tutti,05,Giorno feriale,9,0.15085714285714286,2025
1.5<potenza_impegnata<=3,Tutti,05,Giorno feriale,0,0.13252380952380952,2025
1.5<potenza_impegnata<=3,Tutti,05,Domenica,8,0.13879999999999998,2025
1.5<potenza_impegnata<=3,Tutti,05,Domenica,7,0.1082,2025
1.5<potenza_impegnata<=3,Tutti,05,Domenica,6,0.0902,2025
1.5<potenza_impegnata<=3,Tutti,05,Domenica,5,0.0838,2025
1.5<potenza_impegnata<=3,Non Residente,06,Domenica,0,0.1655,2025
1.5<potenza_impegnata<=3,Non Residente,06,Domenica,9,0.14766666666666667,2025
1.5<potenza_impegnata<=3,Non Residente,06,Domenica,10,0.16233333333333333,2025
1.5<potenza_impegnata<=3,Non Residente,06,Domenica,11,0.17366666666666666,2025
1.5<potenza_impegnata<=3,Non Residente,06,Domenica,12,0.18816666666666668,2025
1.5<potenza_impegnata<=3,Non Residente,06,Domenica,13,0.19799999999999998,2025
1.5<potenza_impegnata<=3,Non Residente,06,Domenica,14,0.19533333333333333,2025
1.5<potenza_impegnata<=3,Non Residente,06,Domenica,15,0.19283333333333333,2025
1.5<potenza_impegnata<=3,Non Residente,06,Domenica,16,0.19366666666666665,2025
1.5<potenza_impegnata<=3,Non Residente,06,Domenica,17,0.19599999999999998,2025
1.5<potenza_impegnata<=3,Non Residente,06,Domenica,18,0.20099999999999998,2025
1.5<potenza_impegnata<=3,Non Residente,06,Domenica,1,0.147,2025
1.5<potenza_impegnata<=3,Non Residente,06,Domenica,19,0.21516666666666664,2025
1.5<potenza_impegnata<=3,Non Residente,06,Domenica,20,0.22966666666666666,2025
1.5<potenza_impegnata<=3,Non Residente,06,Domenica,21,0.23583333333333334,2025
1.5<potenza_impegnata<=3,Non Residente,06,Domenica,22,0.23266666666666666,2025
1.5<potenza_impegnata<=3,Non Residente,06,Domenica,23,0.21533333333333335,2025
1.5<potenza_impegnata<=3,Non Residente,06,Domenica,2,0.13233333333333333,2025
1.5<potenza_impegnata<=3,Non Residente,06,Domenica,3,0.12216666666666666,2025
1.5<potenza_impegnata<=3,Non Residente,06,Domenica,4,0.11533333333333333,2025
1.5<potenza_impegnata<=3,Non Residente,06,Domenica,5,0.11116666666666668,2025
1.5<potenza_impegnata<=3,Non Residente,06,Domenica,6,0.10983333333333334,2025
1.5<potenza_impegnata<=3,Non Residente,06,Domenica,7,0.11483333333333333,2025
1.5<potenza_impegnata<=3,Non Residente,06,Domenica,8,0.12883333333333333,2025
1.5<potenza_impegnata<=3,Non Residente,06,Giorno feriale,0,0.19230000000000003,2025
1.5<potenza_impegnata<=3,Non Residente,06,Giorno feriale,9,0.1522,2025
1.5<potenza_impegnata<=3,Non Residente,06,Giorno feriale,10,0.1517,2025
1.5<potenza_impegnata<=3,Non Residente,06,Giorno feriale,11,0.15535000000000002,2025
1.5<potenza_impegnata<=3,Non Residente,06,Giorno feriale,12,0.1658,2025
1.5<potenza_impegnata<=3,Non Residente,06,Giorno feriale,13,0.17775,2025
1.5<potenza_impegnata<=3,Non Residente,06,Giorno feriale,14,0.17875000000000002,2025
1.5<potenza_impegnata<=3,Non Residente,06,Giorno feriale,15,0.17865000000000003,2025
1.5<potenza_impegnata<=3,Non Residente,06,Giorno feriale,16,0.18040000000000003,2025
1.5<potenza_impegnata<=3,Non Residente,06,Giorno feriale,17,0.18515,2025
1.5<potenza_impegnata<=3,Non Residente,06,Giorno feriale,18,0.1981,2025
1.5<potenza_impegnata<=3,Non Residente,06,Giorno feriale,1,0.16119999999999998,2025
1.5<potenza_impegnata<=3,Non Residente,06,Giorno feriale,19,0.22675,2025
1.5<potenza_impegnata<=3,Non Residente,06,Giorno feriale,20,0.25145,2025
1.5<potenza_impegnata<=3,Non Residente,06,Giorno feriale,21,0.25834999999999997,2025
1.5<potenza_impegnata<=3,Non Residente,06,Giorno feriale,22,0.25055,2025
1.5<potenza_impegnata<=3,Non Residente,06,Giorno feriale,23,0.2266,2025
1.5<potenza_impegnata<=3,Non Residente,06,Giorno feriale,2,0.1416,2025
1.5<potenza_impegnata<=3,Non Residente,06,Giorno feriale,3,0.13005,2025
1.5<potenza_impegnata<=3,Non Residente,06,Giorno feriale,4,0.12294999999999998,2025
1.5<potenza_impegnata<=3,Non Residente,06,Giorno feriale,5,0.11949999999999998,2025
1.5<potenza_impegnata<=3,Non Residente,06,Giorno feriale,6,0.123,2025
1.5<potenza_impegnata<=3,Non Residente,06,Giorno feriale,7,0.14090000000000003,2025
1.5<potenza_impegnata<=3,Non Residente,06,Giorno feriale,8,0.15414999999999998,2025
1.5<potenza_impegnata<=3,Non Residente,06,Sabato,0,0.20225,2025
1.5<potenza_impegnata<=3,Non Residente,06,Sabato,9,0.16325,2025
1.5<potenza_impegnata<=3,Non Residente,06,Sabato,10,0.17525,2025
1.5<potenza_impegnata<=3,Non Residente,06,Sabato,11,0.18425,2025
1.5<potenza_impegnata<=3,Non Residente,06,Sabato,12,0.19975,2025
1.5<potenza_impegnata<=3,Non Residente,06,Sabato,13,0.21475,2025
1.5<potenza_impegnata<=3,Non Residente,06,Sabato,14,0.21825,2025
1.5<potenza_impegnata<=3,Non Residente,06,Sabato,15,0.21725,2025
1.5<potenza_impegnata<=3,Non Residente,06,Sabato,16,0.21525,2025
1.5<potenza_impegnata<=3,Non Residente,06,Sabato,17,0.2115,2025
1.5<potenza_impegnata<=3,Non Residente,06,Sabato,18,0.21225,2025
1.5<potenza_impegnata<=3,Non Residente,06,Sabato,1,0.1765,2025
1.5<potenza_impegnata<=3,Non Residente,06,Sabato,19,0.2205,2025
1.5<potenza_impegnata<=3,Non Residente,06,Sabato,20,0.2255,2025
1.5<potenza_impegnata<=3,Non Residente,06,Sabato,21,0.222,2025
1.5<potenza_impegnata<=3,Non Residente,06,Sabato,22,0.21325,2025
1.5<potenza_impegnata<=3,Non Residente,06,Sabato,23,0.20025,2025
1.5<potenza_impegnata<=3,Non Residente,06,Sabato,2,0.15825,2025
1.5<potenza_impegnata<=3,Non Residente,06,Sabato,3,0.1455,2025
1.5<potenza_impegnata<=3,Non Residente,06,Sabato,4,0.1365,2025
1.5<potenza_impegnata<=3,Non Residente,06,Sabato,5,0.13075,2025
1.5<potenza_impegnata<=3,Non Residente,06,Sabato,6,0.12825,2025
1.5<potenza_impegnata<=3,Non Residente,06,Sabato,7,0.13525,2025
1.5<potenza_impegnata<=3,Non Residente,06,Sabato,8,0.14825,2025
1.5<potenza_impegnata<=3,Residente,06,Domenica,0,0.2015,2025
1.5<potenza_impegnata<=3,Residente,06,Domenica,9,0.19499999999999998,2025
1.5<potenza_impegnata<=3,Residente,06,Domenica,10,0.2125,2025
1.5<potenza_impegnata<=3,Residente,06,Domenica,11,0.22916666666666666,2025
1.5<potenza_impegnata<=3,Residente,06,Domenica,12,0.25216666666666665,2025
1.5<potenza_impegnata<=3,Residente,06,Domenica,13,0.25933333333333336,2025
1.5<potenza_impegnata<=3,Residente,06,Domenica,14,0.2598333333333333,2025
1.5<potenza_impegnata<=3,Residente,06,Domenica,15,0.25766666666666665,2025
1.5<potenza_impegnata<=3,Residente,06,Domenica,16,0.25666666666666665,2025
1.5<potenza_impegnata<=3,Residente,06,Domenica,17,0.26,2025
1.5<potenza_impegnata<=3,Residente,06,Domenica,18,0.2715,2025
1.5<potenza_impegnata<=3,Residente,06,Domenica,1,0.17366666666666666,2025
1.5<potenza_impegnata<=3,Residente,06,Domenica,19,0.297,2025
1.5<potenza_impegnata<=3,Residente,06,Domenica,20,0.30716666666666664,2025
1.5<potenza_impegnata<=3,Residente,06,Domenica,21,0.31033333333333335,2025
1.5<potenza_impegnata<=3,Residente,06,Domenica,22,0.2976666666666667,2025
1.5<potenza_impegnata<=3,Residente,06,Domenica,23,0.26216666666666666,2025
1.5<potenza_impegnata<=3,Residente,06,Domenica,2,0.15566666666666668,2025
1.5<potenza_impegnata<=3,Residente,06,Domenica,3,0.14433333333333334,2025
1.5<potenza_impegnata<=3,Residente,06,Domenica,4,0.13683333333333333,2025
1.5<potenza_impegnata<=3,Residente,06,Domenica,5,0.133,2025
1.5<potenza_impegnata<=3,Residente,06,Domenica,6,0.134,2025
1.5<potenza_impegnata<=3,Residente,06,Domenica,7,0.14616666666666667,2025
1.5<potenza_impegnata<=3,Residente,06,Domenica,8,0.17049999999999998,2025
1.5<potenza_impegnata<=3,Residente,06,Giorno feriale,0,0.21725000000000003,2025
1.5<potenza_impegnata<=3,Residente,06,Giorno feriale,9,0.17609999999999998,2025
1.5<potenza_impegnata<=3,Residente,06,Giorno feriale,10,0.17845,2025
1.5<potenza_impegnata<=3,Residente,06,Giorno feriale,11,0.18925,2025
1.5<potenza_impegnata<=3,Residente,06,Giorno feriale,12,0.21104999999999996,2025
1.5<potenza_impegnata<=3,Residente,06,Giorno feriale,13,0.2272,2025
1.5<potenza_impegnata<=3,Residente,06,Giorno feriale,14,0.2307,2025
1.5<potenza_impegnata<=3,Residente,06,Giorno feriale,15,0.22999999999999998,2025
1.5<potenza_impegnata<=3,Residente,06,Giorno feriale,16,0.23295,2025
1.5<potenza_impegnata<=3,Residente,06,Giorno feriale,17,0.24210000000000004,2025
1.5<potenza_impegnata<=3,Residente,06,Giorno feriale,18,0.26485,2025
1.5<potenza_impegnata<=3,Residente,06,Giorno feriale,1,0.18209999999999998,2025
1.5<potenza_impegnata<=3,Residente,06,Giorno feriale,19,0.3056,2025
1.5<potenza_impegnata<=3,Residente,06,Giorno feriale,20,0.3263,2025
1.5<potenza_impegnata<=3,Residente,06,Giorno feriale,21,0.33080000000000004,2025
1.5<potenza_impegnata<=3,Residente,06,Giorno feriale,22,0.3129,2025
1.5<potenza_impegnata<=3,Residente,06,Giorno feriale,23,0.26975000000000005,2025
1.5<potenza_impegnata<=3,Residente,06,Giorno feriale,2,0.16210000000000002,2025
1.5<potenza_impegnata<=3,Residente,06,Giorno feriale,3,0.15025,2025
1.5<potenza_impegnata<=3,Residente,06,Giorno feriale,4,0.1427,2025
1.5<potenza_impegnata<=3,Residente,06,Giorno feriale,5,0.1399,2025
1.5<potenza_impegnata<=3,Residente,06,Giorno feriale,6,0.14695,2025
1.5<potenza_impegnata<=3,Residente,06,Giorno feriale,7,0.16710000000000003,2025
1.5<potenza_impegnata<=3,Residente,06,Giorno feriale,8,0.17565,2025
1.5<potenza_impegnata<=3,Residente,06,Sabato,0,0.249,2025
1.5<potenza_impegnata<=3,Residente,06,Sabato,9,0.20275,2025
1.5<potenza_impegnata<=3,Residente,06,Sabato,10,0.214,2025
1.5<potenza_impegnata<=3,Residente,06,Sabato,11,0.2305,2025
1.5<potenza_impegnata<=3,Residente,06,Sabato,12,0.26,2025
1.5<potenza_impegnata<=3,Residente,06,Sabato,13,0.28275,2025
1.5<potenza_impegnata<=3,Residente,06,Sabato,14,0.29125,2025
1.5<potenza_impegnata<=3,Residente,06,Sabato,15,0.2905,2025
1.5<potenza_impegnata<=3,Residente,06,Sabato,16,0.2885,2025
1.5<potenza_impegnata<=3,Residente,06,Sabato,17,0.285,2025
1.5<potenza_impegnata<=3,Residente,06,Sabato,18,0.2915,2025
1.5<potenza_impegnata<=3,Residente,06,Sabato,1,0.211,2025
1.5<potenza_impegnata<=3,Residente,06,Sabato,19,0.3125,2025
1.5<potenza_impegnata<=3,Residente,06,Sabato,20,0.314,2025
1.5<potenza_impegnata<=3,Residente,06,Sabato,21,0.308,2025
1.5<potenza_impegnata<=3,Residente,06,Sabato,22,0.29175,2025
1.5<potenza_impegnata<=3,Residente,06,Sabato,23,0.26275,2025
1.5<potenza_impegnata<=3,Residente,06,Sabato,2,0.1875,2025
1.5<potenza_impegnata<=3,Residente,06,Sabato,3,0.17225,2025
1.5<potenza_impegnata<=3,Residente,06,Sabato,4,0.1615,2025
1.5<potenza_impegnata<=3,Residente,06,Sabato,5,0.155,2025
1.5<potenza_impegnata<=3,Residente,06,Sabato,6,0.1535,2025
1.5<potenza_impegnata<=3,Residente,06,Sabato,7,0.167,2025
1.5<potenza_impegnata<=3,Residente,06,Sabato,8,0.18625,2025
1.5<potenza_impegnata<=3,Tutti,06,Domenica,0,0.1955,2025
1.5<potenza_impegnata<=3,Tutti,06,Domenica,9,0.18700000000000003,2025
1.5<potenza_impegnata<=3,Tutti,06,Domenica,10,0.2041666666666667,2025
1.5<potenza_impegnata<=3,Tutti,06,Domenica,11,0.22,2025
1.5<potenza_impegnata<=3,Tutti,06,Domenica,12,0.24150000000000002,2025
1.5<potenza_impegnata<=3,Tutti,06,Domenica,13,0.24916666666666668,2025
1.5<potenza_impegnata<=3,Tutti,06,Domenica,14,0.249,2025
1.5<potenza_impegnata<=3,Tutti,06,Domenica,15,0.24683333333333335,2025
1.5<potenza_impegnata<=3,Tutti,06,Domenica,16,0.24616666666666667,2025
1.5<potenza_impegnata<=3,Tutti,06,Domenica,17,0.24933333333333332,2025
1.5<potenza_impegnata<=3,Tutti,06,Domenica,18,0.2598333333333333,2025
1.5<potenza_impegnata<=3,Tutti,06,Domenica,1,0.16933333333333334,2025
1.5<potenza_impegnata<=3,Tutti,06,Domenica,19,0.28350000000000003,2025
1.5<potenza_impegnata<=3,Tutti,06,Domenica,20,0.29416666666666663,2025
1.5<potenza_impegnata<=3,Tutti,06,Domenica,21,0.298,2025
1.5<potenza_impegnata<=3,Tutti,06,Domenica,22,0.28683333333333333,2025
1.5<potenza_impegnata<=3,Tutti,06,Domenica,23,0.25433333333333336,2025
1.5<potenza_impegnata<=3,Tutti,06,Domenica,2,0.15183333333333335,2025
1.5<potenza_impegnata<=3,Tutti,06,Domenica,3,0.14066666666666666,2025
1.5<potenza_impegnata<=3,Tutti,06,Domenica,4,0.13316666666666668,2025
1.5<potenza_impegnata<=3,Tutti,06,Domenica,5,0.12933333333333333,2025
1.5<potenza_impegnata<=3,Tutti,06,Domenica,6,0.13,2025
1.5<potenza_impegnata<=3,Tutti,06,Domenica,7,0.141,2025
1.5<potenza_impegnata<=3,Tutti,06,Domenica,8,0.1635,2025
1.5<potenza_impegnata<=3,Tutti,06,Giorno feriale,0,0.21305000000000002,2025
1.5<potenza_impegnata<=3,Tutti,06,Giorno feriale,9,0.1721,2025
1.5<potenza_impegnata<=3,Tutti,06,Giorno feriale,10,0.17395000000000002,2025
1.5<potenza_impegnata<=3,Tutti,06,Giorno feriale,11,0.18355,2025
1.5<potenza_impegnata<=3,Tutti,06,Giorno feriale,12,0.20350000000000001,2025
1.5<potenza_impegnata<=3,Tutti,06,Giorno feriale,13,0.219,2025
1.5<potenza_impegnata<=3,Tutti,06,Giorno feriale,14,0.22210000000000002,2025
1.5<potenza_impegnata<=3,Tutti,06,Giorno feriale,15,0.22149999999999997,2025
1.5<potenza_impegnata<=3,Tutti,06,Giorno feriale,16,0.2242,2025
1.5<potenza_impegnata<=3,Tutti,06,Giorno feriale,17,0.23264999999999997,2025
1.5<potenza_impegnata<=3,Tutti,06,Giorno feriale,18,0.25375,2025
1.5<potenza_impegnata<=3,Tutti,06,Giorno feriale,1,0.17855000000000001,2025
1.5<potenza_impegnata<=3,Tutti,06,Giorno feriale,19,0.29245,2025
1.5<potenza_impegnata<=3,Tutti,06,Giorno feriale,20,0.31375000000000003,2025
1.5<potenza_impegnata<=3,Tutti,06,Giorno feriale,21,0.3186,2025
1.5<potenza_impegnata<=3,Tutti,06,Giorno feriale,22,0.30245,2025
1.5<potenza_impegnata<=3,Tutti,06,Giorno feriale,23,0.26255,2025
1.5<potenza_impegnata<=3,Tutti,06,Giorno feriale,2,0.15865,2025
1.5<potenza_impegnata<=3,Tutti,06,Giorno feriale,3,0.14679999999999999,2025
1.5<potenza_impegnata<=3,Tutti,06,Giorno feriale,4,0.13935,2025
1.5<potenza_impegnata<=3,Tutti,06,Giorno feriale,5,0.1365,2025
1.5<potenza_impegnata<=3,Tutti,06,Giorno feriale,6,0.1429,2025
1.5<potenza_impegnata<=3,Tutti,06,Giorno feriale,7,0.1627,2025
1.5<potenza_impegnata<=3,Tutti,06,Giorno feriale,8,0.1721,2025
1.5<potenza_impegnata<=3,Tutti,06,Sabato,0,0.241,2025
1.5<potenza_impegnata<=3,Tutti,06,Sabato,9,0.19625,2025
1.5<potenza_impegnata<=3,Tutti,06,Sabato,10,0.2075,2025
1.5<potenza_impegnata<=3,Tutti,06,Sabato,11,0.22275,2025
1.5<potenza_impegnata<=3,Tutti,06,Sabato,12,0.25,2025
1.5<potenza_impegnata<=3,Tutti,06,Sabato,13,0.27125,2025
1.5<potenza_impegnata<=3,Tutti,06,Sabato,14,0.27925,2025
1.5<potenza_impegnata<=3,Tutti,06,Sabato,15,0.27825,2025
1.5<potenza_impegnata<=3,Tutti,06,Sabato,16,0.27625,2025
1.5<potenza_impegnata<=3,Tutti,06,Sabato,17,0.27275,2025
1.5<potenza_impegnata<=3,Tutti,06,Sabato,18,0.2785,2025
1.5<potenza_impegnata<=3,Tutti,06,Sabato,1,0.20525,2025
1.5<potenza_impegnata<=3,Tutti,06,Sabato,19,0.29725,2025
1.5<potenza_impegnata<=3,Tutti,06,Sabato,20,0.29925,2025
1.5<potenza_impegnata<=3,Tutti,06,Sabato,21,0.2935,2025
1.5<potenza_impegnata<=3,Tutti,06,Sabato,22,0.27875,2025
1.5<potenza_impegnata<=3,Tutti,06,Sabato,23,0.25225,2025
1.5<potenza_impegnata<=3,Tutti,06,Sabato,2,0.18275,2025
1.5<potenza_impegnata<=3,Tutti,06,Sabato,3,0.16775,2025
1.5<potenza_impegnata<=3,Tutti,06,Sabato,4,0.15725,2025
1.5<potenza_impegnata<=3,Tutti,06,Sabato,5,0.151,2025
1.5<potenza_impegnata<=3,Tutti,06,Sabato,6,0.14925,2025
1.5<potenza_impegnata<=3,Tutti,06,Sabato,7,0.16175,2025
1.5<potenza_impegnata<=3,Tutti,06,Sabato,8,0.18,2025
1.5<potenza_impegnata<=3,Residente,07,Domenica,17,0.217,2025
1.5<potenza_impegnata<=3,Residente,07,Domenica,15,0.22025,2025
1.5<potenza_impegnata<=3,Residente,07,Domenica,13,0.2255,2025
1.5<potenza_impegnata<=3,Residente,07,Domenica,11,0.20225,2025
1.5<potenza_impegnata<=3,Residente,07,Domenica,9,0.17325,2025
1.5<potenza_impegnata<=3,Non Residente,07,Sabato,8,0.12375,2025
1.5<potenza_impegnata<=3,Non Residente,07,Sabato,6,0.11725,2025
1.5<potenza_impegnata<=3,Non Residente,07,Domenica,18,0.16825,2025
1.5<potenza_impegnata<=3,Non Residente,07,Sabato,5,0.121,2025
1.5<potenza_impegnata<=3,Non Residente,07,Sabato,4,0.1265,2025
1.5<potenza_impegnata<=3,Non Residente,07,Sabato,2,0.145,2025
1.5<potenza_impegnata<=3,Non Residente,07,Sabato,22,0.1735,2025
1.5<potenza_impegnata<=3,Non Residente,07,Domenica,23,0.18,2025
1.5<potenza_impegnata<=3,Non Residente,07,Sabato,20,0.1765,2025
1.5<potenza_impegnata<=3,Non Residente,07,Sabato,1,0.15975,2025
1.5<potenza_impegnata<=3,Non Residente,07,Sabato,17,0.15725,2025
1.5<potenza_impegnata<=3,Non Residente,07,Sabato,15,0.1575,2025
1.5<potenza_impegnata<=3,Non Residente,07,Sabato,13,0.1605,2025
1.5<potenza_impegnata<=3,Non Residente,07,Giorno feriale,0,0.18000000000000002,2025
1.5<potenza_impegnata<=3,Non Residente,07,Sabato,11,0.14125,2025
1.5<potenza_impegnata<=3,Non Residente,07,Sabato,9,0.132,2025
1.5<potenza_impegnata<=3,Non Residente,07,Sabato,0,0.17825,2025
1.5<potenza_impegnata<=3,Non Residente,07,Giorno feriale,8,0.14113043478260867,2025
1.5<potenza_impegnata<=3,Non Residente,07,Giorno feriale,6,0.11856521739130434,2025
1.5<potenza_impegnata<=3,Non Residente,07,Giorno feriale,5,0.11778260869565217,2025
1.5<potenza_impegnata<=3,Non Residente,07,Giorno feriale,4,0.12152173913043476,2025
1.5<potenza_impegnata<=3,Non Residente,07,Giorno feriale,2,0.13799999999999998,2025
1.5<potenza_impegnata<=3,Non Residente,07,Giorno feriale,22,0.21747826086956526,2025
1.5<potenza_impegnata<=3,Non Residente,07,Giorno feriale,20,0.218,2025
1.5<potenza_impegnata<=3,Non Residente,07,Giorno feriale,19,0.199,2025
1.5<potenza_impegnata<=3,Non Residente,07,Giorno feriale,1,0.15408695652173912,2025
1.5<potenza_impegnata<=3,Non Residente,07,Giorno feriale,21,0.2237391304347826,2025
1.5<potenza_impegnata<=3,Non Residente,07,Giorno feriale,18,0.17552173913043478,2025
1.5<potenza_impegnata<=3,Non Residente,07,Giorno feriale,23,0.1990869565217391,2025
1.5<potenza_impegnata<=3,Non Residente,07,Giorno feriale,17,0.1651304347826087,2025
1.5<potenza_impegnata<=3,Non Residente,07,Giorno feriale,3,0.1281304347826087,2025
1.5<potenza_impegnata<=3,Non Residente,07,Giorno feriale,15,0.1586521739130435,2025
1.5<potenza_impegnata<=3,Non Residente,07,Giorno feriale,14,0.15721739130434784,2025
1.5<potenza_impegnata<=3,Non Residente,07,Giorno feriale,16,0.16095652173913044,2025
1.5<potenza_impegnata<=3,Non Residente,07,Giorno feriale,13,0.1560434782608696,2025
1.5<potenza_impegnata<=3,Non Residente,07,Giorno feriale,12,0.1468695652173913,2025
1.5<potenza_impegnata<=3,Non Residente,07,Giorno feriale,11,0.13891304347826086,2025
1.5<potenza_impegnata<=3,Non Residente,07,Giorno feriale,10,0.1360869565217391,2025
1.5<potenza_impegnata<=3,Non Residente,07,Sabato,10,0.13625,2025
1.5<potenza_impegnata<=3,Non Residente,07,Giorno feriale,9,0.13743478260869565,2025
1.5<potenza_impegnata<=3,Non Residente,07,Sabato,12,0.1515,2025
1.5<potenza_impegnata<=3,Non Residente,07,Domenica,8,0.1175,2025
1.5<potenza_impegnata<=3,Non Residente,07,Giorno feriale,7,0.1312608695652174,2025
1.5<potenza_impegnata<=3,Non Residente,07,Domenica,7,0.1095,2025
1.5<potenza_impegnata<=3,Non Residente,07,Sabato,14,0.1595,2025
1.5<potenza_impegnata<=3,Non Residente,07,Domenica,6,0.10775,2025
1.5<potenza_impegnata<=3,Non Residente,07,Sabato,16,0.15675,2025
1.5<potenza_impegnata<=3,Non Residente,07,Domenica,5,0.11025,2025
1.5<potenza_impegnata<=3,Non Residente,07,Domenica,4,0.11425,2025
1.5<potenza_impegnata<=3,Non Residente,07,Sabato,18,0.15975,2025
1.5<potenza_impegnata<=3,Non Residente,07,Domenica,3,0.12,2025
1.5<potenza_impegnata<=3,Non Residente,07,Domenica,2,0.1285,2025
1.5<potenza_impegnata<=3,Non Residente,07,Sabato,19,0.16875,2025
1.5<potenza_impegnata<=3,Non Residente,07,Sabato,21,0.17725,2025
1.5<potenza_impegnata<=3,Non Residente,07,Domenica,22,0.19475,2025
1.5<potenza_impegnata<=3,Non Residente,07,Domenica,21,0.1985,2025
1.5<potenza_impegnata<=3,Non Residente,07,Sabato,23,0.1645,2025
1.5<potenza_impegnata<=3,Non Residente,07,Domenica,20,0.19325,2025
1.5<potenza_impegnata<=3,Non Residente,07,Sabato,3,0.134,2025
1.5<potenza_impegnata<=3,Non Residente,07,Domenica,19,0.18075,2025
1.5<potenza_impegnata<=3,Non Residente,07,Domenica,1,0.14,2025
1.5<potenza_impegnata<=3,Non Residente,07,Domenica,17,0.16825,2025
1.5<potenza_impegnata<=3,Non Residente,07,Domenica,16,0.16975,2025
1.5<potenza_impegnata<=3,Residente,07,Domenica,0,0.18975,2025
1.5<potenza_impegnata<=3,Non Residente,07,Domenica,15,0.169,2025
1.5<potenza_impegnata<=3,Non Residente,07,Sabato,7,0.11975,2025
1.5<potenza_impegnata<=3,Non Residente,07,Domenica,14,0.171,2025
1.5<potenza_impegnata<=3,Residente,07,Domenica,10,0.187,2025
1.5<potenza_impegnata<=3,Non Residente,07,Domenica,13,0.1735,2025
1.5<potenza_impegnata<=3,Non Residente,07,Domenica,12,0.16575,2025
1.5<potenza_impegnata<=3,Residente,07,Domenica,12,0.22075,2025
1.5<potenza_impegnata<=3,Non Residente,07,Domenica,11,0.15375,2025
1.5<potenza_impegnata<=3,Residente,07,Domenica,14,0.22425,2025
1.5<potenza_impegnata<=3,Non Residente,07,Domenica,10,0.1425,2025
1.5<potenza_impegnata<=3,Non Residente,07,Domenica,9,0.13075,2025
1.5<potenza_impegnata<=3,Residente,07,Domenica,16,0.21925,2025
1.5<potenza_impegnata<=3,Non Residente,07,Domenica,0,0.15425,2025
1.5<potenza_impegnata<=3,Tutti,07,Sabato,8,0.15175,2025
1.5<potenza_impegnata<=3,Tutti,07,Sabato,7,0.14325,2025
1.5<potenza_impegnata<=3,Tutti,07,Sabato,6,0.1375,2025
1.5<potenza_impegnata<=3,Tutti,07,Sabato,5,0.14075,2025
1.5<potenza_impegnata<=3,Tutti,07,Sabato,4,0.14675,2025
1.5<potenza_impegnata<=3,Tutti,07,Sabato,3,0.156,2025
1.5<potenza_impegnata<=3,Tutti,07,Sabato,2,0.169,2025
1.5<potenza_impegnata<=3,Tutti,07,Sabato,23,0.204,2025
1.5<potenza_impegnata<=3,Tutti,07,Sabato,22,0.22175,2025
1.5<potenza_impegnata<=3,Tutti,07,Sabato,21,0.229,2025
1.5<potenza_impegnata<=3,Tutti,07,Sabato,20,0.2275,2025
1.5<potenza_impegnata<=3,Tutti,07,Sabato,19,0.21975,2025
1.5<potenza_impegnata<=3,Tutti,07,Sabato,1,0.1875,2025
1.5<potenza_impegnata<=3,Tutti,07,Sabato,18,0.20075,2025
1.5<potenza_impegnata<=3,Tutti,07,Sabato,17,0.1925,2025
1.5<potenza_impegnata<=3,Tutti,07,Sabato,16,0.19075,2025
1.5<potenza_impegnata<=3,Tutti,07,Sabato,15,0.19225,2025
1.5<potenza_impegnata<=3,Tutti,07,Sabato,14,0.19625,2025
1.5<potenza_impegnata<=3,Tutti,07,Sabato,13,0.1965,2025
1.5<potenza_impegnata<=3,Tutti,07,Sabato,12,0.18775,2025
1.5<potenza_impegnata<=3,Tutti,07,Sabato,11,0.17275,2025
1.5<potenza_impegnata<=3,Tutti,07,Sabato,10,0.1655,2025
1.5<potenza_impegnata<=3,Tutti,07,Sabato,9,0.1615,2025
1.5<potenza_impegnata<=3,Tutti,07,Sabato,0,0.214,2025
1.5<potenza_impegnata<=3,Tutti,07,Giorno feriale,8,0.15839130434782608,2025
1.5<potenza_impegnata<=3,Tutti,07,Giorno feriale,7,0.15091304347826087,2025
1.5<potenza_impegnata<=3,Tutti,07,Giorno feriale,6,0.13695652173913042,2025
1.5<potenza_impegnata<=3,Tutti,07,Giorno feriale,5,0.1341304347826087,2025
1.5<potenza_impegnata<=3,Tutti,07,Giorno feriale,4,0.1374782608695652,2025
1.5<potenza_impegnata<=3,Tutti,07,Giorno feriale,3,0.1446086956521739,2025
1.5<potenza_impegnata<=3,Tutti,07,Giorno feriale,2,0.15517391304347825,2025
1.5<potenza_impegnata<=3,Tutti,07,Giorno feriale,23,0.23360869565217396,2025
1.5<potenza_impegnata<=3,Tutti,07,Giorno feriale,22,0.2653478260869565,2025
1.5<potenza_impegnata<=3,Tutti,07,Giorno feriale,21,0.2797391304347826,2025
1.5<potenza_impegnata<=3,Tutti,07,Giorno feriale,20,0.27521739130434786,2025
1.5<potenza_impegnata<=3,Tutti,07,Giorno feriale,19,0.2579565217391304,2025
1.5<potenza_impegnata<=3,Tutti,07,Giorno feriale,1,0.1722608695652174,2025
1.5<potenza_impegnata<=3,Tutti,07,Giorno feriale,18,0.22569565217391305,2025
1.5<potenza_impegnata<=3,Tutti,07,Giorno feriale,17,0.20843478260869563,2025
1.5<potenza_impegnata<=3,Tutti,07,Giorno feriale,16,0.2013478260869565,2025
1.5<potenza_impegnata<=3,Tutti,07,Giorno feriale,15,0.19817391304347826,2025
1.5<potenza_impegnata<=3,Tutti,07,Giorno feriale,14,0.19756521739130434,2025
1.5<potenza_impegnata<=3,Tutti,07,Giorno feriale,13,0.19491304347826088,2025
1.5<potenza_impegnata<=3,Tutti,07,Giorno feriale,12,0.18247826086956523,2025
1.5<potenza_impegnata<=3,Tutti,07,Giorno feriale,11,0.16652173913043478,2025
1.5<potenza_impegnata<=3,Tutti,07,Giorno feriale,10,0.15865217391304348,2025
1.5<potenza_impegnata<=3,Tutti,07,Giorno feriale,9,0.15734782608695652,2025
1.5<potenza_impegnata<=3,Tutti,07,Giorno feriale,0,0.20169565217391305,2025
1.5<potenza_impegnata<=3,Tutti,07,Domenica,8,0.1485,2025
1.5<potenza_impegnata<=3,Tutti,07,Domenica,7,0.13325,2025
1.5<potenza_impegnata<=3,Tutti,07,Domenica,6,0.127,2025
1.5<potenza_impegnata<=3,Tutti,07,Domenica,5,0.12825,2025
1.5<potenza_impegnata<=3,Tutti,07,Domenica,4,0.13225,2025
1.5<potenza_impegnata<=3,Tutti,07,Domenica,3,0.139,2025
1.5<potenza_impegnata<=3,Tutti,07,Domenica,2,0.1485,2025
1.5<potenza_impegnata<=3,Tutti,07,Domenica,23,0.20725,2025
1.5<potenza_impegnata<=3,Tutti,07,Domenica,22,0.2335,2025
1.5<potenza_impegnata<=3,Tutti,07,Domenica,21,0.24475,2025
1.5<potenza_impegnata<=3,Tutti,07,Domenica,20,0.2395,2025
1.5<potenza_impegnata<=3,Tutti,07,Domenica,19,0.23,2025
1.5<potenza_impegnata<=3,Tutti,07,Domenica,1,0.163,2025
1.5<potenza_impegnata<=3,Tutti,07,Domenica,18,0.2115,2025
1.5<potenza_impegnata<=3,Tutti,07,Domenica,17,0.209,2025
1.5<potenza_impegnata<=3,Tutti,07,Domenica,16,0.211,2025
1.5<potenza_impegnata<=3,Tutti,07,Domenica,15,0.21175,2025
1.5<potenza_impegnata<=3,Tutti,07,Domenica,14,0.21525,2025
1.5<potenza_impegnata<=3,Tutti,07,Domenica,13,0.217,2025
1.5<potenza_impegnata<=3,Tutti,07,Domenica,12,0.21175,2025
1.5<potenza_impegnata<=3,Tutti,07,Domenica,11,0.19425,2025
1.5<potenza_impegnata<=3,Tutti,07,Domenica,10,0.17975,2025
1.5<potenza_impegnata<=3,Tutti,07,Domenica,9,0.16625,2025
1.5<potenza_impegnata<=3,Tutti,07,Domenica,0,0.18375,2025
1.5<potenza_impegnata<=3,Residente,07,Sabato,8,0.15725,2025
1.5<potenza_impegnata<=3,Residente,07,Sabato,7,0.148,2025
1.5<potenza_impegnata<=3,Residente,07,Sabato,6,0.14175,2025
1.5<potenza_impegnata<=3,Residente,07,Sabato,5,0.14475,2025
1.5<potenza_impegnata<=3,Residente,07,Sabato,4,0.15075,2025
1.5<potenza_impegnata<=3,Residente,07,Sabato,3,0.1605,2025
1.5<potenza_impegnata<=3,Residente,07,Sabato,2,0.17375,2025
1.5<potenza_impegnata<=3,Residente,07,Sabato,23,0.212,2025
1.5<potenza_impegnata<=3,Residente,07,Sabato,22,0.2315,2025
1.5<potenza_impegnata<=3,Residente,07,Sabato,21,0.2395,2025
1.5<potenza_impegnata<=3,Residente,07,Sabato,20,0.2375,2025
1.5<potenza_impegnata<=3,Residente,07,Sabato,19,0.23,2025
1.5<potenza_impegnata<=3,Residente,07,Sabato,1,0.193,2025
1.5<potenza_impegnata<=3,Residente,07,Sabato,18,0.20875,2025
1.5<potenza_impegnata<=3,Residente,07,Sabato,17,0.1995,2025
1.5<potenza_impegnata<=3,Residente,07,Sabato,16,0.1975,2025
1.5<potenza_impegnata<=3,Residente,07,Sabato,15,0.19925,2025
1.5<potenza_impegnata<=3,Residente,07,Sabato,14,0.20375,2025
1.5<potenza_impegnata<=3,Residente,07,Sabato,13,0.20375,2025
1.5<potenza_impegnata<=3,Residente,07,Sabato,12,0.19475,2025
1.5<potenza_impegnata<=3,Residente,07,Sabato,11,0.179,2025
1.5<potenza_impegnata<=3,Residente,07,Sabato,10,0.1715,2025
1.5<potenza_impegnata<=3,Residente,07,Sabato,9,0.1675,2025
1.5<potenza_impegnata<=3,Residente,07,Sabato,0,0.22125,2025
1.5<potenza_impegnata<=3,Residente,07,Giorno feriale,8,0.16191304347826088,2025
1.5<potenza_impegnata<=3,Residente,07,Giorno feriale,7,0.15482608695652175,2025
1.5<potenza_impegnata<=3,Residente,07,Giorno feriale,6,0.14056521739130434,2025
1.5<potenza_impegnata<=3,Residente,07,Giorno feriale,5,0.13743478260869563,2025
1.5<potenza_impegnata<=3,Residente,07,Giorno feriale,4,0.14065217391304347,2025
1.5<potenza_impegnata<=3,Residente,07,Giorno feriale,3,0.14795652173913046,2025
1.5<potenza_impegnata<=3,Residente,07,Giorno feriale,2,0.15865217391304348,2025
1.5<potenza_impegnata<=3,Residente,07,Giorno feriale,23,0.2405217391304348,2025
1.5<potenza_impegnata<=3,Residente,07,Giorno feriale,22,0.27491304347826084,2025
1.5<potenza_impegnata<=3,Residente,07,Giorno feriale,21,0.2909130434782609,2025
1.5<potenza_impegnata<=3,Residente,07,Giorno feriale,20,0.2865652173913043,2025
1.5<potenza_impegnata<=3,Residente,07,Giorno feriale,19,0.26973913043478265,2025
1.5<potenza_impegnata<=3,Residente,07,Giorno feriale,1,0.17595652173913043,2025
1.5<potenza_impegnata<=3,Residente,07,Giorno feriale,17,0.21708695652173915,2025
1.5<potenza_impegnata<=3,Residente,07,Giorno feriale,16,0.20930434782608695,2025
1.5<potenza_impegnata<=3,Residente,07,Giorno feriale,15,0.2060434782608696,2025
1.5<potenza_impegnata<=3,Residente,07,Giorno feriale,14,0.2056086956521739,2025
1.5<potenza_impegnata<=3,Residente,07,Giorno feriale,13,0.20265217391304347,2025
1.5<potenza_impegnata<=3,Residente,07,Giorno feriale,12,0.1896086956521739,2025
1.5<potenza_impegnata<=3,Residente,07,Giorno feriale,11,0.17204347826086955,2025
1.5<potenza_impegnata<=3,Residente,07,Giorno feriale,9,0.16134782608695653,2025
1.5<potenza_impegnata<=3,Residente,07,Domenica,3,0.14275,2025
1.5<potenza_impegnata<=3,Residente,07,Domenica,8,0.15475,2025
1.5<potenza_impegnata<=3,Residente,07,Domenica,6,0.13075,2025
1.5<potenza_impegnata<=3,Residente,07,Domenica,7,0.138,2025
1.5<potenza_impegnata<=3,Residente,07,Domenica,5,0.132,2025
1.5<potenza_impegnata<=3,Residente,07,Domenica,4,0.13575,2025
1.5<potenza_impegnata<=3,Residente,07,Giorno feriale,0,0.20604347826086955,2025
1.5<potenza_impegnata<=3,Residente,07,Giorno feriale,10,0.16321739130434781,2025
1.5<potenza_impegnata<=3,Residente,07,Domenica,2,0.1525,2025
1.5<potenza_impegnata<=3,Residente,07,Domenica,23,0.2125,2025
1.5<potenza_impegnata<=3,Residente,07,Domenica,22,0.24125,2025
1.5<potenza_impegnata<=3,Residente,07,Domenica,21,0.254,2025
1.5<potenza_impegnata<=3,Residente,07,Domenica,20,0.24875,2025
1.5<potenza_impegnata<=3,Residente,07,Domenica,19,0.23975,2025
1.5<potenza_impegnata<=3,Residente,07,Domenica,1,0.1675,2025
1.5<potenza_impegnata<=3,Residente,07,Giorno feriale,18,0.2356086956521739,2025
1.5<potenza_impegnata<=3,Residente,07,Domenica,18,0.22,2025
1.5<potenza_impegnata<=3,Residente,08,Domenica,17,0.20883333333333332,2025
1.5<potenza_impegnata<=3,Residente,08,Domenica,16,0.20683333333333334,2025
1.5<potenza_impegnata<=3,Residente,08,Domenica,15,0.20750000000000002,2025
1.5<potenza_impegnata<=3,Residente,08,Domenica,14,0.20916666666666664,2025
1.5<potenza_impegnata<=3,Residente,08,Domenica,13,0.20966666666666667,2025
1.5<potenza_impegnata<=3,Residente,08,Domenica,12,0.20633333333333334,2025
1.5<potenza_impegnata<=3,Residente,08,Domenica,11,0.18966666666666665,2025
1.5<potenza_impegnata<=3,Residente,08,Domenica,10,0.17400000000000002,2025
1.5<potenza_impegnata<=3,Residente,08,Domenica,9,0.15966666666666665,2025
1.5<potenza_impegnata<=3,Residente,08,Domenica,0,0.17916666666666667,2025
1.5<potenza_impegnata<=3,Non Residente,08,Sabato,8,0.097,2025
1.5<potenza_impegnata<=3,Non Residente,08,Sabato,7,0.0908,2025
1.5<potenza_impegnata<=3,Non Residente,08,Sabato,6,0.087,2025
1.5<potenza_impegnata<=3,Non Residente,08,Sabato,5,0.0876,2025
1.5<potenza_impegnata<=3,Non Residente,08,Sabato,4,0.0892,2025
1.5<potenza_impegnata<=3,Non Residente,08,Sabato,3,0.09280000000000001,2025
1.5<potenza_impegnata<=3,Non Residente,08,Sabato,2,0.0984,2025
1.5<potenza_impegnata<=3,Non Residente,08,Sabato,23,0.1326,2025
1.5<potenza_impegnata<=3,Non Residente,08,Sabato,22,0.1416,2025
1.5<potenza_impegnata<=3,Non Residente,08,Sabato,21,0.147,2025
1.5<potenza_impegnata<=3,Non Residente,08,Sabato,20,0.146,2025
1.5<potenza_impegnata<=3,Non Residente,08,Sabato,19,0.1384,2025
1.5<potenza_impegnata<=3,Non Residente,08,Sabato,1,0.1068,2025
1.5<potenza_impegnata<=3,Non Residente,08,Sabato,18,0.131,2025
1.5<potenza_impegnata<=3,Non Residente,08,Sabato,17,0.129,2025
1.5<potenza_impegnata<=3,Non Residente,08,Sabato,16,0.129,2025
1.5<potenza_impegnata<=3,Non Residente,08,Sabato,15,0.12940000000000002,2025
1.5<potenza_impegnata<=3,Non Residente,08,Sabato,14,0.13040000000000002,2025
1.5<potenza_impegnata<=3,Non Residente,08,Sabato,13,0.131,2025
1.5<potenza_impegnata<=3,Non Residente,08,Sabato,12,0.1254,2025
1.5<potenza_impegnata<=3,Non Residente,08,Sabato,11,0.11739999999999999,2025
1.5<potenza_impegnata<=3,Non Residente,08,Sabato,10,0.11180000000000001,2025
1.5<potenza_impegnata<=3,Non Residente,08,Sabato,9,0.10540000000000001,2025
1.5<potenza_impegnata<=3,Non Residente,08,Sabato,0,0.1192,2025
1.5<potenza_impegnata<=3,Non Residente,08,Giorno feriale,8,0.10479999999999998,2025
1.5<potenza_impegnata<=3,Non Residente,08,Giorno feriale,7,0.09924999999999999,2025
1.5<potenza_impegnata<=3,Non Residente,08,Giorno feriale,6,0.09295,2025
1.5<potenza_impegnata<=3,Non Residente,08,Giorno feriale,5,0.09255000000000001,2025
1.5<potenza_impegnata<=3,Non Residente,08,Giorno feriale,4,0.09435,2025
1.5<potenza_impegnata<=3,Non Residente,08,Giorno feriale,3,0.09809999999999999,2025
1.5<potenza_impegnata<=3,Non Residente,08,Giorno feriale,2,0.10400000000000001,2025
1.5<potenza_impegnata<=3,Non Residente,08,Giorno feriale,23,0.1386,2025
1.5<potenza_impegnata<=3,Non Residente,08,Giorno feriale,22,0.1506,2025
1.5<potenza_impegnata<=3,Non Residente,08,Giorno feriale,21,0.15705,2025
1.5<potenza_impegnata<=3,Non Residente,08,Giorno feriale,20,0.15595,2025
1.5<potenza_impegnata<=3,Non Residente,08,Giorno feriale,19,0.14565,2025
1.5<potenza_impegnata<=3,Non Residente,08,Giorno feriale,1,0.11320000000000001,2025
1.5<potenza_impegnata<=3,Non Residente,08,Giorno feriale,18,0.1324,2025
1.5<potenza_impegnata<=3,Non Residente,08,Giorno feriale,17,0.12610000000000002,2025
1.5<potenza_impegnata<=3,Non Residente,08,Giorno feriale,16,0.12405,2025
1.5<potenza_impegnata<=3,Non Residente,08,Giorno feriale,15,0.12310000000000001,2025
1.5<potenza_impegnata<=3,Non Residente,08,Giorno feriale,14,0.12295,2025
1.5<potenza_impegnata<=3,Non Residente,08,Giorno feriale,13,0.12290000000000001,2025
1.5<potenza_impegnata<=3,Non Residente,08,Giorno feriale,12,0.11795,2025
1.5<potenza_impegnata<=3,Non Residente,08,Giorno feriale,11,0.11180000000000001,2025
1.5<potenza_impegnata<=3,Non Residente,08,Giorno feriale,10,0.10859999999999999,2025
1.5<potenza_impegnata<=3,Non Residente,08,Giorno feriale,9,0.10679999999999998,2025
1.5<potenza_impegnata<=3,Non Residente,08,Giorno feriale,0,0.1274,2025
1.5<potenza_impegnata<=3,Non Residente,08,Domenica,8,0.10099999999999999,2025
1.5<potenza_impegnata<=3,Non Residente,08,Domenica,7,0.09449999999999999,2025
1.5<potenza_impegnata<=3,Non Residente,08,Domenica,6,0.09300000000000001,2025
1.5<potenza_impegnata<=3,Non Residente,08,Domenica,5,0.09516666666666666,2025
1.5<potenza_impegnata<=3,Non Residente,08,Domenica,4,0.09799999999999999,2025
1.5<potenza_impegnata<=3,Non Residente,08,Domenica,3,0.10216666666666667,2025
1.5<potenza_impegnata<=3,Non Residente,08,Domenica,2,0.1085,2025
1.5<potenza_impegnata<=3,Non Residente,08,Domenica,23,0.14466666666666667,2025
1.5<potenza_impegnata<=3,Non Residente,08,Domenica,22,0.15516666666666667,2025
1.5<potenza_impegnata<=3,Non Residente,08,Domenica,21,0.16133333333333333,2025
1.5<potenza_impegnata<=3,Non Residente,08,Domenica,20,0.15866666666666665,2025
1.5<potenza_impegnata<=3,Non Residente,08,Domenica,19,0.14783333333333334,2025
1.5<potenza_impegnata<=3,Non Residente,08,Domenica,1,0.11733333333333333,2025
1.5<potenza_impegnata<=3,Non Residente,08,Domenica,18,0.13933333333333334,2025
1.5<potenza_impegnata<=3,Non Residente,08,Domenica,17,0.13649999999999998,2025
1.5<potenza_impegnata<=3,Non Residente,08,Domenica,16,0.135,2025
1.5<potenza_impegnata<=3,Non Residente,08,Domenica,15,0.13466666666666668,2025
1.5<potenza_impegnata<=3,Non Residente,08,Domenica,14,0.13566666666666666,2025
1.5<potenza_impegnata<=3,Non Residente,08,Domenica,13,0.13766666666666666,2025
1.5<potenza_impegnata<=3,Non Residente,08,Domenica,12,0.134,2025
1.5<potenza_impegnata<=3,Non Residente,08,Domenica,11,0.12583333333333332,2025
1.5<potenza_impegnata<=3,Non Residente,08,Domenica,10,0.119,2025
1.5<potenza_impegnata<=3,Non Residente,08,Domenica,9,0.11066666666666668,2025
1.5<potenza_impegnata<=3,Non Residente,08,Domenica,0,0.1295,2025
1.5<potenza_impegnata<=3,Tutti,08,Sabato,8,0.129,2025
1.5<potenza_impegnata<=3,Tutti,08,Sabato,7,0.11679999999999999,2025
1.5<potenza_impegnata<=3,Tutti,08,Sabato,6,0.10900000000000001,2025
1.5<potenza_impegnata<=3,Tutti,08,Sabato,5,0.1086,2025
1.5<potenza_impegnata<=3,Tutti,08,Sabato,4,0.11040000000000001,2025
1.5<potenza_impegnata<=3,Tutti,08,Sabato,3,0.11499999999999999,2025
1.5<potenza_impegnata<=3,Tutti,08,Sabato,2,0.122,2025
1.5<potenza_impegnata<=3,Tutti,08,Sabato,23,0.179,2025
1.5<potenza_impegnata<=3,Tutti,08,Sabato,22,0.1998,2025
1.5<potenza_impegnata<=3,Tutti,08,Sabato,21,0.21259999999999998,2025
1.5<potenza_impegnata<=3,Tutti,08,Sabato,20,0.2132,2025
1.5<potenza_impegnata<=3,Tutti,08,Sabato,19,0.20379999999999998,2025
1.5<potenza_impegnata<=3,Tutti,08,Sabato,1,0.13340000000000002,2025
1.5<potenza_impegnata<=3,Tutti,08,Sabato,18,0.1874,2025
1.5<potenza_impegnata<=3,Tutti,08,Sabato,17,0.1802,2025
1.5<potenza_impegnata<=3,Tutti,08,Sabato,16,0.1792,2025
1.5<potenza_impegnata<=3,Tutti,08,Sabato,15,0.1804,2025
1.5<potenza_impegnata<=3,Tutti,08,Sabato,14,0.18280000000000002,2025
1.5<potenza_impegnata<=3,Tutti,08,Sabato,13,0.1826,2025
1.5<potenza_impegnata<=3,Tutti,08,Sabato,12,0.1742,2025
1.5<potenza_impegnata<=3,Tutti,08,Sabato,11,0.15860000000000002,2025
1.5<potenza_impegnata<=3,Tutti,08,Sabato,10,0.1488,2025
1.5<potenza_impegnata<=3,Tutti,08,Sabato,9,0.14079999999999998,2025
1.5<potenza_impegnata<=3,Tutti,08,Sabato,0,0.1514,2025
1.5<potenza_impegnata<=3,Tutti,08,Giorno feriale,8,0.1323,2025
1.5<potenza_impegnata<=3,Tutti,08,Giorno feriale,7,0.12475,2025
1.5<potenza_impegnata<=3,Tutti,08,Giorno feriale,6,0.11629999999999999,2025
1.5<potenza_impegnata<=3,Tutti,08,Giorno feriale,5,0.11464999999999999,2025
1.5<potenza_impegnata<=3,Tutti,08,Giorno feriale,4,0.11665,2025
1.5<potenza_impegnata<=3,Tutti,08,Giorno feriale,3,0.1216,2025
1.5<potenza_impegnata<=3,Tutti,08,Giorno feriale,2,0.1291,2025
1.5<potenza_impegnata<=3,Tutti,08,Giorno feriale,23,0.1809,2025
1.5<potenza_impegnata<=3,Tutti,08,Giorno feriale,22,0.20365000000000003,2025
1.5<potenza_impegnata<=3,Tutti,08,Giorno feriale,21,0.2184,2025
1.5<potenza_impegnata<=3,Tutti,08,Giorno feriale,20,0.21844999999999998,2025
1.5<potenza_impegnata<=3,Tutti,08,Giorno feriale,19,0.2065,2025
1.5<potenza_impegnata<=3,Tutti,08,Giorno feriale,1,0.141,2025
1.5<potenza_impegnata<=3,Tutti,08,Giorno feriale,18,0.18480000000000002,2025
1.5<potenza_impegnata<=3,Tutti,08,Giorno feriale,17,0.17394999999999997,2025
1.5<potenza_impegnata<=3,Tutti,08,Giorno feriale,16,0.17034999999999997,2025
1.5<potenza_impegnata<=3,Tutti,08,Giorno feriale,15,0.16899999999999998,2025
1.5<potenza_impegnata<=3,Tutti,08,Giorno feriale,14,0.16949999999999998,2025
1.5<potenza_impegnata<=3,Tutti,08,Giorno feriale,13,0.16904999999999998,2025
1.5<potenza_impegnata<=3,Tutti,08,Giorno feriale,12,0.16140000000000002,2025
1.5<potenza_impegnata<=3,Tutti,08,Giorno feriale,11,0.1482,2025
1.5<potenza_impegnata<=3,Tutti,08,Giorno feriale,10,0.1404,2025
1.5<potenza_impegnata<=3,Tutti,08,Giorno feriale,9,0.1366,2025
1.5<potenza_impegnata<=3,Tutti,08,Giorno feriale,0,0.1607,2025
1.5<potenza_impegnata<=3,Tutti,08,Domenica,8,0.13599999999999998,2025
1.5<potenza_impegnata<=3,Tutti,08,Domenica,7,0.12283333333333334,2025
1.5<potenza_impegnata<=3,Tutti,08,Domenica,6,0.11816666666666666,2025
1.5<potenza_impegnata<=3,Tutti,08,Domenica,5,0.12033333333333333,2025
1.5<potenza_impegnata<=3,Tutti,08,Domenica,4,0.12383333333333334,2025
1.5<potenza_impegnata<=3,Tutti,08,Domenica,3,0.12983333333333333,2025
1.5<potenza_impegnata<=3,Tutti,08,Domenica,2,0.13849999999999998,2025
1.5<potenza_impegnata<=3,Tutti,08,Domenica,23,0.19333333333333333,2025
1.5<potenza_impegnata<=3,Tutti,08,Domenica,22,0.21616666666666665,2025
1.5<potenza_impegnata<=3,Tutti,08,Domenica,21,0.2325,2025
1.5<potenza_impegnata<=3,Tutti,08,Domenica,20,0.23199999999999998,2025
1.5<potenza_impegnata<=3,Tutti,08,Domenica,19,0.2195,2025
1.5<potenza_impegnata<=3,Tutti,08,Domenica,1,0.15133333333333335,2025
1.5<potenza_impegnata<=3,Tutti,08,Domenica,18,0.20366666666666666,2025
1.5<potenza_impegnata<=3,Tutti,08,Domenica,17,0.19683333333333333,2025
1.5<potenza_impegnata<=3,Tutti,08,Domenica,16,0.19499999999999998,2025
1.5<potenza_impegnata<=3,Tutti,08,Domenica,15,0.1955,2025
1.5<potenza_impegnata<=3,Tutti,08,Domenica,14,0.19699999999999998,2025
1.5<potenza_impegnata<=3,Tutti,08,Domenica,13,0.19783333333333333,2025
1.5<potenza_impegnata<=3,Tutti,08,Domenica,12,0.19433333333333333,2025
1.5<potenza_impegnata<=3,Tutti,08,Domenica,11,0.17916666666666667,2025
1.5<potenza_impegnata<=3,Tutti,08,Domenica,10,0.16483333333333333,2025
1.5<potenza_impegnata<=3,Tutti,08,Domenica,9,0.15166666666666667,2025
1.5<potenza_impegnata<=3,Tutti,08,Domenica,0,0.1708333333333333,2025
1.5<potenza_impegnata<=3,Residente,08,Sabato,8,0.13540000000000002,2025
1.5<potenza_impegnata<=3,Residente,08,Sabato,7,0.122,2025
1.5<potenza_impegnata<=3,Residente,08,Sabato,6,0.1132,2025
1.5<potenza_impegnata<=3,Residente,08,Sabato,5,0.11279999999999998,2025
1.5<potenza_impegnata<=3,Residente,08,Sabato,4,0.1146,2025
1.5<potenza_impegnata<=3,Residente,08,Sabato,3,0.11939999999999999,2025
1.5<potenza_impegnata<=3,Residente,08,Sabato,2,0.1268,2025
1.5<potenza_impegnata<=3,Residente,08,Sabato,23,0.18819999999999998,2025
1.5<potenza_impegnata<=3,Residente,08,Sabato,22,0.21139999999999998,2025
1.5<potenza_impegnata<=3,Residente,08,Sabato,21,0.22559999999999997,2025
1.5<potenza_impegnata<=3,Residente,08,Sabato,20,0.2266,2025
1.5<potenza_impegnata<=3,Residente,08,Sabato,19,0.21680000000000002,2025
1.5<potenza_impegnata<=3,Residente,08,Sabato,1,0.1386,2025
1.5<potenza_impegnata<=3,Residente,08,Sabato,18,0.1988,2025
1.5<potenza_impegnata<=3,Residente,08,Sabato,17,0.19039999999999999,2025
1.5<potenza_impegnata<=3,Residente,08,Sabato,16,0.18919999999999998,2025
1.5<potenza_impegnata<=3,Residente,08,Sabato,15,0.1906,2025
1.5<potenza_impegnata<=3,Residente,08,Sabato,14,0.19319999999999998,2025
1.5<potenza_impegnata<=3,Residente,08,Sabato,13,0.1928,2025
1.5<potenza_impegnata<=3,Residente,08,Sabato,12,0.18380000000000002,2025
1.5<potenza_impegnata<=3,Residente,08,Sabato,11,0.1668,2025
1.5<potenza_impegnata<=3,Residente,08,Sabato,10,0.156,2025
1.5<potenza_impegnata<=3,Residente,08,Sabato,9,0.1478,2025
1.5<potenza_impegnata<=3,Residente,08,Sabato,0,0.1578,2025
1.5<potenza_impegnata<=3,Residente,08,Giorno feriale,8,0.13774999999999998,2025
1.5<potenza_impegnata<=3,Residente,08,Giorno feriale,7,0.1298,2025
1.5<potenza_impegnata<=3,Residente,08,Giorno feriale,6,0.12085000000000001,2025
1.5<potenza_impegnata<=3,Residente,08,Giorno feriale,5,0.11904999999999999,2025
1.5<potenza_impegnata<=3,Residente,08,Giorno feriale,4,0.12105000000000002,2025
1.5<potenza_impegnata<=3,Residente,08,Giorno feriale,3,0.1262,2025
1.5<potenza_impegnata<=3,Residente,08,Giorno feriale,2,0.13415,2025
1.5<potenza_impegnata<=3,Residente,08,Giorno feriale,23,0.1893,2025
1.5<potenza_impegnata<=3,Residente,08,Giorno feriale,22,0.2142,2025
1.5<potenza_impegnata<=3,Residente,08,Giorno feriale,21,0.2305,2025
1.5<potenza_impegnata<=3,Residente,08,Giorno feriale,20,0.23085,2025
1.5<potenza_impegnata<=3,Residente,08,Giorno feriale,19,0.2186,2025
1.5<potenza_impegnata<=3,Residente,08,Giorno feriale,1,0.1465,2025
1.5<potenza_impegnata<=3,Residente,08,Giorno feriale,18,0.19515,2025
1.5<potenza_impegnata<=3,Residente,08,Giorno feriale,17,0.1834,2025
1.5<potenza_impegnata<=3,Residente,08,Giorno feriale,16,0.17945,2025
1.5<potenza_impegnata<=3,Residente,08,Giorno feriale,15,0.17819999999999997,2025
1.5<potenza_impegnata<=3,Residente,08,Giorno feriale,14,0.17875,2025
1.5<potenza_impegnata<=3,Residente,08,Giorno feriale,13,0.1783,2025
1.5<potenza_impegnata<=3,Residente,08,Giorno feriale,12,0.16999999999999998,2025
1.5<potenza_impegnata<=3,Residente,08,Giorno feriale,11,0.1554,2025
1.5<potenza_impegnata<=3,Residente,08,Giorno feriale,10,0.1467,2025
1.5<potenza_impegnata<=3,Residente,08,Giorno feriale,9,0.1426,2025
1.5<potenza_impegnata<=3,Residente,08,Giorno feriale,0,0.16724999999999998,2025
1.5<potenza_impegnata<=3,Residente,08,Domenica,8,0.14283333333333334,2025
1.5<potenza_impegnata<=3,Residente,08,Domenica,7,0.1285,2025
1.5<potenza_impegnata<=3,Residente,08,Domenica,6,0.12333333333333334,2025
1.5<potenza_impegnata<=3,Residente,08,Domenica,5,0.12533333333333332,2025
1.5<potenza_impegnata<=3,Residente,08,Domenica,4,0.129,2025
1.5<potenza_impegnata<=3,Residente,08,Domenica,3,0.13533333333333333,2025
1.5<potenza_impegnata<=3,Residente,08,Domenica,2,0.1445,2025
1.5<potenza_impegnata<=3,Residente,08,Domenica,23,0.20299999999999999,2025
1.5<potenza_impegnata<=3,Residente,08,Domenica,22,0.22816666666666666,2025
1.5<potenza_impegnata<=3,Residente,08,Domenica,21,0.24666666666666667,2025
1.5<potenza_impegnata<=3,Residente,08,Domenica,20,0.24650000000000002,2025
1.5<potenza_impegnata<=3,Residente,08,Domenica,19,0.23383333333333334,2025
1.5<potenza_impegnata<=3,Residente,08,Domenica,1,0.15816666666666665,2025
1.5<potenza_impegnata<=3,Residente,08,Domenica,18,0.21633333333333335,2025
1.5<potenza_impegnata<=3,Residente,09,Domenica,17,0.176,2025
1.5<potenza_impegnata<=3,Residente,09,Domenica,16,0.177,2025
1.5<potenza_impegnata<=3,Residente,09,Domenica,15,0.1865,2025
1.5<potenza_impegnata<=3,Residente,09,Domenica,14,0.1985,2025
1.5<potenza_impegnata<=3,Residente,09,Domenica,13,0.20975,2025
1.5<potenza_impegnata<=3,Residente,09,Domenica,12,0.2185,2025
1.5<potenza_impegnata<=3,Residente,09,Domenica,11,0.20375,2025
1.5<potenza_impegnata<=3,Residente,09,Domenica,10,0.1925,2025
1.5<potenza_impegnata<=3,Residente,09,Domenica,9,0.17725,2025
1.5<potenza_impegnata<=3,Residente,09,Domenica,0,0.13925,2025
1.5<potenza_impegnata<=3,Non Residente,09,Sabato,8,0.10825,2025
1.5<potenza_impegnata<=3,Non Residente,09,Sabato,7,0.09225,2025
1.5<potenza_impegnata<=3,Non Residente,09,Sabato,6,0.07975,2025
1.5<potenza_impegnata<=3,Non Residente,09,Sabato,5,0.07675,2025
1.5<potenza_impegnata<=3,Non Residente,09,Sabato,4,0.07725,2025
1.5<potenza_impegnata<=3,Non Residente,09,Sabato,3,0.081,2025
1.5<potenza_impegnata<=3,Non Residente,09,Sabato,2,0.0875,2025
1.5<potenza_impegnata<=3,Non Residente,09,Sabato,23,0.1315,2025
1.5<potenza_impegnata<=3,Non Residente,09,Sabato,22,0.149,2025
1.5<potenza_impegnata<=3,Non Residente,09,Sabato,21,0.16575,2025
1.5<potenza_impegnata<=3,Non Residente,09,Sabato,20,0.1795,2025
1.5<potenza_impegnata<=3,Non Residente,09,Sabato,19,0.1655,2025
1.5<potenza_impegnata<=3,Non Residente,09,Sabato,1,0.09825,2025
1.5<potenza_impegnata<=3,Non Residente,09,Sabato,18,0.14625,2025
1.5<potenza_impegnata<=3,Non Residente,09,Sabato,17,0.141,2025
1.5<potenza_impegnata<=3,Non Residente,09,Sabato,16,0.14275,2025
1.5<potenza_impegnata<=3,Non Residente,09,Sabato,15,0.148,2025
1.5<potenza_impegnata<=3,Non Residente,09,Sabato,14,0.15575,2025
1.5<potenza_impegnata<=3,Non Residente,09,Sabato,13,0.16175,2025
1.5<potenza_impegnata<=3,Non Residente,09,Sabato,12,0.15325,2025
1.5<potenza_impegnata<=3,Non Residente,09,Sabato,11,0.143,2025
1.5<potenza_impegnata<=3,Non Residente,09,Sabato,10,0.13675,2025
1.5<potenza_impegnata<=3,Non Residente,09,Sabato,9,0.12575,2025
1.5<potenza_impegnata<=3,Non Residente,09,Sabato,0,0.1155,2025
1.5<potenza_impegnata<=3,Non Residente,09,Giorno feriale,8,0.1278181818181818,2025
1.5<potenza_impegnata<=3,Non Residente,09,Giorno feriale,7,0.11259090909090909,2025
1.5<potenza_impegnata<=3,Non Residente,09,Giorno feriale,6,0.08590909090909092,2025
1.5<potenza_impegnata<=3,Non Residente,09,Giorno feriale,5,0.07590909090909091,2025
1.5<potenza_impegnata<=3,Non Residente,09,Giorno feriale,4,0.07454545454545455,2025
1.5<potenza_impegnata<=3,Non Residente,09,Giorno feriale,3,0.07718181818181818,2025
1.5<potenza_impegnata<=3,Non Residente,09,Giorno feriale,2,0.08345454545454545,2025
1.5<potenza_impegnata<=3,Non Residente,09,Giorno feriale,23,0.14313636363636364,2025
1.5<potenza_impegnata<=3,Non Residente,09,Giorno feriale,22,0.16972727272727273,2025
1.5<potenza_impegnata<=3,Non Residente,09,Giorno feriale,21,0.1918181818181818,2025
1.5<potenza_impegnata<=3,Non Residente,09,Giorno feriale,20,0.20354545454545453,2025
1.5<potenza_impegnata<=3,Non Residente,09,Giorno feriale,19,0.1750909090909091,2025
1.5<potenza_impegnata<=3,Non Residente,09,Giorno feriale,1,0.096,2025
1.5<potenza_impegnata<=3,Non Residente,09,Giorno feriale,18,0.1373181818181818,2025
1.5<potenza_impegnata<=3,Non Residente,09,Giorno feriale,17,0.12272727272727271,2025
1.5<potenza_impegnata<=3,Non Residente,09,Giorno feriale,16,0.11877272727272727,2025
1.5<potenza_impegnata<=3,Non Residente,09,Giorno feriale,15,0.12040909090909091,2025
1.5<potenza_impegnata<=3,Non Residente,09,Giorno feriale,14,0.12577272727272729,2025
1.5<potenza_impegnata<=3,Non Residente,09,Giorno feriale,13,0.13136363636363638,2025
1.5<potenza_impegnata<=3,Non Residente,09,Giorno feriale,12,0.12445454545454546,2025
1.5<potenza_impegnata<=3,Non Residente,09,Giorno feriale,11,0.11809090909090908,2025
1.5<potenza_impegnata<=3,Non Residente,09,Giorno feriale,10,0.11840909090909091,2025
1.5<potenza_impegnata<=3,Non Residente,09,Giorno feriale,9,0.1235,2025
1.5<potenza_impegnata<=3,Non Residente,09,Giorno feriale,0,0.1185909090909091,2025
1.5<potenza_impegnata<=3,Non Residente,09,Domenica,8,0.10225,2025
1.5<potenza_impegnata<=3,Non Residente,09,Domenica,7,0.08525,2025
1.5<potenza_impegnata<=3,Non Residente,09,Domenica,6,0.0785,2025
1.5<potenza_impegnata<=3,Non Residente,09,Domenica,5,0.077,2025
1.5<potenza_impegnata<=3,Non Residente,09,Domenica,4,0.07825,2025
1.5<potenza_impegnata<=3,Non Residente,09,Domenica,3,0.0825,2025
1.5<potenza_impegnata<=3,Non Residente,09,Domenica,2,0.09025,2025
1.5<potenza_impegnata<=3,Non Residente,09,Domenica,23,0.14825,2025
1.5<potenza_impegnata<=3,Non Residente,09,Domenica,22,0.1715,2025
1.5<potenza_impegnata<=3,Non Residente,09,Domenica,21,0.19125,2025
1.5<potenza_impegnata<=3,Non Residente,09,Domenica,20,0.2025,2025
1.5<potenza_impegnata<=3,Non Residente,09,Domenica,19,0.177,2025
1.5<potenza_impegnata<=3,Non Residente,09,Domenica,1,0.1015,2025
1.5<potenza_impegnata<=3,Non Residente,09,Domenica,18,0.1495,2025
1.5<potenza_impegnata<=3,Non Residente,09,Domenica,17,0.1415,2025
1.5<potenza_impegnata<=3,Non Residente,09,Domenica,16,0.14175,2025
1.5<potenza_impegnata<=3,Non Residente,09,Domenica,15,0.14775,2025
1.5<potenza_impegnata<=3,Non Residente,09,Domenica,14,0.15625,2025
1.5<potenza_impegnata<=3,Non Residente,09,Domenica,13,0.1665,2025
1.5<potenza_impegnata<=3,Non Residente,09,Domenica,12,0.16225,2025
1.5<potenza_impegnata<=3,Non Residente,09,Domenica,11,0.1495,2025
1.5<potenza_impegnata<=3,Non Residente,09,Domenica,10,0.13975,2025
1.5<potenza_impegnata<=3,Non Residente,09,Domenica,9,0.12425,2025
1.5<potenza_impegnata<=3,Non Residente,09,Domenica,0,0.117,2025
1.5<potenza_impegnata<=3,Tutti,09,Sabato,8,0.1425,2025
1.5<potenza_impegnata<=3,Tutti,09,Sabato,7,0.117,2025
1.5<potenza_impegnata<=3,Tutti,09,Sabato,6,0.09675,2025
1.5<potenza_impegnata<=3,Tutti,09,Sabato,5,0.0905,2025
1.5<potenza_impegnata<=3,Tutti,09,Sabato,4,0.08925,2025
1.5<potenza_impegnata<=3,Tutti,09,Sabato,3,0.09225,2025
1.5<potenza_impegnata<=3,Tutti,09,Sabato,2,0.09875,2025
1.5<potenza_impegnata<=3,Tutti,09,Sabato,23,0.15825,2025
1.5<potenza_impegnata<=3,Tutti,09,Sabato,22,0.1845,2025
1.5<potenza_impegnata<=3,Tutti,09,Sabato,21,0.208,2025
1.5<potenza_impegnata<=3,Tutti,09,Sabato,20,0.22775,2025
1.5<potenza_impegnata<=3,Tutti,09,Sabato,19,0.21875,2025
1.5<potenza_impegnata<=3,Tutti,09,Sabato,1,0.111,2025
1.5<potenza_impegnata<=3,Tutti,09,Sabato,18,0.184,2025
1.5<potenza_impegnata<=3,Tutti,09,Sabato,17,0.17075,2025
1.5<potenza_impegnata<=3,Tutti,09,Sabato,16,0.17175,2025
1.5<potenza_impegnata<=3,Tutti,09,Sabato,15,0.17875,2025
1.5<potenza_impegnata<=3,Tutti,09,Sabato,14,0.1895,2025
1.5<potenza_impegnata<=3,Tutti,09,Sabato,13,0.19625,2025
1.5<potenza_impegnata<=3,Tutti,09,Sabato,12,0.191,2025
1.5<potenza_impegnata<=3,Tutti,09,Sabato,11,0.1765,2025
1.5<potenza_impegnata<=3,Tutti,09,Sabato,10,0.17025,2025
1.5<potenza_impegnata<=3,Tutti,09,Sabato,9,0.16275,2025
1.5<potenza_impegnata<=3,Tutti,09,Sabato,0,0.13275,2025
1.5<potenza_impegnata<=3,Tutti,09,Giorno feriale,8,0.14804545454545454,2025
1.5<potenza_impegnata<=3,Tutti,09,Giorno feriale,7,0.13727272727272727,2025
1.5<potenza_impegnata<=3,Tutti,09,Giorno feriale,6,0.1068181818181818,2025
1.5<potenza_impegnata<=3,Tutti,09,Giorno feriale,5,0.09104545454545455,2025
1.5<potenza_impegnata<=3,Tutti,09,Giorno feriale,4,0.08754545454545454,2025
1.5<potenza_impegnata<=3,Tutti,09,Giorno feriale,3,0.0895,2025
1.5<potenza_impegnata<=3,Tutti,09,Giorno feriale,2,0.09536363636363636,2025
1.5<potenza_impegnata<=3,Tutti,09,Giorno feriale,23,0.16336363636363635,2025
1.5<potenza_impegnata<=3,Tutti,09,Giorno feriale,22,0.19963636363636364,2025
1.5<potenza_impegnata<=3,Tutti,09,Giorno feriale,21,0.22986363636363638,2025
1.5<potenza_impegnata<=3,Tutti,09,Giorno feriale,20,0.245,2025
1.5<potenza_impegnata<=3,Tutti,09,Giorno feriale,19,0.22359090909090906,2025
1.5<potenza_impegnata<=3,Tutti,09,Giorno feriale,1,0.10759090909090908,2025
1.5<potenza_impegnata<=3,Tutti,09,Giorno feriale,18,0.17363636363636362,2025
1.5<potenza_impegnata<=3,Tutti,09,Giorno feriale,17,0.15163636363636362,2025
1.5<potenza_impegnata<=3,Tutti,09,Giorno feriale,16,0.14527272727272725,2025
1.5<potenza_impegnata<=3,Tutti,09,Giorno feriale,15,0.1473181818181818,2025
1.5<potenza_impegnata<=3,Tutti,09,Giorno feriale,14,0.15409090909090908,2025
1.5<potenza_impegnata<=3,Tutti,09,Giorno feriale,13,0.1600909090909091,2025
1.5<potenza_impegnata<=3,Tutti,09,Giorno feriale,12,0.155,2025
1.5<potenza_impegnata<=3,Tutti,09,Giorno feriale,11,0.1444090909090909,2025
1.5<potenza_impegnata<=3,Tutti,09,Giorno feriale,10,0.14186363636363636,2025
1.5<potenza_impegnata<=3,Tutti,09,Giorno feriale,9,0.1459090909090909,2025
1.5<potenza_impegnata<=3,Tutti,09,Giorno feriale,0,0.13145454545454546,2025
1.5<potenza_impegnata<=3,Tutti,09,Domenica,8,0.139,2025
1.5<potenza_impegnata<=3,Tutti,09,Domenica,7,0.10925,2025
1.5<potenza_impegnata<=3,Tutti,09,Domenica,6,0.09425,2025
1.5<potenza_impegnata<=3,Tutti,09,Domenica,5,0.09025,2025
1.5<potenza_impegnata<=3,Tutti,09,Domenica,4,0.09,2025
1.5<potenza_impegnata<=3,Tutti,09,Domenica,3,0.09375,2025
1.5<potenza_impegnata<=3,Tutti,09,Domenica,2,0.10125,2025
1.5<potenza_impegnata<=3,Tutti,09,Domenica,23,0.16675,2025
1.5<potenza_impegnata<=3,Tutti,09,Domenica,22,0.20025,2025
1.5<potenza_impegnata<=3,Tutti,09,Domenica,21,0.22925,2025
1.5<potenza_impegnata<=3,Tutti,09,Domenica,20,0.2465,2025
1.5<potenza_impegnata<=3,Tutti,09,Domenica,19,0.227,2025
1.5<potenza_impegnata<=3,Tutti,09,Domenica,1,0.1145,2025
1.5<potenza_impegnata<=3,Tutti,09,Domenica,18,0.1855,2025
1.5<potenza_impegnata<=3,Tutti,09,Domenica,17,0.17025,2025
1.5<potenza_impegnata<=3,Tutti,09,Domenica,16,0.17125,2025
1.5<potenza_impegnata<=3,Tutti,09,Domenica,15,0.18,2025
1.5<potenza_impegnata<=3,Tutti,09,Domenica,14,0.1915,2025
1.5<potenza_impegnata<=3,Tutti,09,Domenica,13,0.2025,2025
1.5<potenza_impegnata<=3,Tutti,09,Domenica,12,0.209,2025
1.5<potenza_impegnata<=3,Tutti,09,Domenica,11,0.19475,2025
1.5<potenza_impegnata<=3,Tutti,09,Domenica,10,0.18375,2025
1.5<potenza_impegnata<=3,Tutti,09,Domenica,9,0.1685,2025
1.5<potenza_impegnata<=3,Tutti,09,Domenica,0,0.1355,2025
1.5<potenza_impegnata<=3,Residente,09,Sabato,8,0.14925,2025
1.5<potenza_impegnata<=3,Residente,09,Sabato,7,0.122,2025
1.5<potenza_impegnata<=3,Residente,09,Sabato,6,0.10025,2025
1.5<potenza_impegnata<=3,Residente,09,Sabato,5,0.09325,2025
1.5<potenza_impegnata<=3,Residente,09,Sabato,4,0.09175,2025
1.5<potenza_impegnata<=3,Residente,09,Sabato,3,0.0945,2025
1.5<potenza_impegnata<=3,Residente,09,Sabato,2,0.101,2025
1.5<potenza_impegnata<=3,Residente,09,Sabato,23,0.1635,2025
1.5<potenza_impegnata<=3,Residente,09,Sabato,22,0.1915,2025
1.5<potenza_impegnata<=3,Residente,09,Sabato,21,0.2165,2025
1.5<potenza_impegnata<=3,Residente,09,Sabato,20,0.2375,2025
1.5<potenza_impegnata<=3,Residente,09,Sabato,19,0.2295,2025
1.5<potenza_impegnata<=3,Residente,09,Sabato,1,0.1135,2025
1.5<potenza_impegnata<=3,Residente,09,Sabato,18,0.1915,2025
1.5<potenza_impegnata<=3,Residente,09,Sabato,17,0.17675,2025
1.5<potenza_impegnata<=3,Residente,09,Sabato,16,0.1775,2025
1.5<potenza_impegnata<=3,Residente,09,Sabato,15,0.185,2025
1.5<potenza_impegnata<=3,Residente,09,Sabato,14,0.19625,2025
1.5<potenza_impegnata<=3,Residente,09,Sabato,13,0.203,2025
1.5<potenza_impegnata<=3,Residente,09,Sabato,12,0.1985,2025
1.5<potenza_impegnata<=3,Residente,09,Sabato,11,0.183,2025
1.5<potenza_impegnata<=3,Residente,09,Sabato,10,0.17675,2025
1.5<potenza_impegnata<=3,Residente,09,Sabato,9,0.17,2025
1.5<potenza_impegnata<=3,Residente,09,Sabato,0,0.13625,2025
1.5<potenza_impegnata<=3,Residente,09,Giorno feriale,8,0.15209090909090908,2025
1.5<potenza_impegnata<=3,Residente,09,Giorno feriale,7,0.1422272727272727,2025
1.5<potenza_impegnata<=3,Residente,09,Giorno feriale,6,0.111,2025
1.5<potenza_impegnata<=3,Residente,09,Giorno feriale,5,0.0940909090909091,2025
1.5<potenza_impegnata<=3,Residente,09,Giorno feriale,4,0.0900909090909091,2025
1.5<potenza_impegnata<=3,Residente,09,Giorno feriale,3,0.092,2025
1.5<potenza_impegnata<=3,Residente,09,Giorno feriale,2,0.09777272727272726,2025
1.5<potenza_impegnata<=3,Residente,09,Giorno feriale,23,0.16740909090909092,2025
1.5<potenza_impegnata<=3,Residente,09,Giorno feriale,22,0.20559090909090913,2025
1.5<potenza_impegnata<=3,Residente,09,Giorno feriale,21,0.23745454545454542,2025
1.5<potenza_impegnata<=3,Residente,09,Giorno feriale,20,0.25331818181818183,2025
1.5<potenza_impegnata<=3,Residente,09,Giorno feriale,19,0.23331818181818179,2025
1.5<potenza_impegnata<=3,Residente,09,Giorno feriale,1,0.10995454545454546,2025
1.5<potenza_impegnata<=3,Residente,09,Giorno feriale,18,0.18090909090909094,2025
1.5<potenza_impegnata<=3,Residente,09,Giorno feriale,17,0.15736363636363637,2025
1.5<potenza_impegnata<=3,Residente,09,Giorno feriale,16,0.1505909090909091,2025
1.5<potenza_impegnata<=3,Residente,09,Giorno feriale,15,0.15268181818181817,2025
1.5<potenza_impegnata<=3,Residente,09,Giorno feriale,14,0.1597727272727273,2025
1.5<potenza_impegnata<=3,Residente,09,Giorno feriale,13,0.16586363636363635,2025
1.5<potenza_impegnata<=3,Residente,09,Giorno feriale,12,0.16118181818181818,2025
1.5<potenza_impegnata<=3,Residente,09,Giorno feriale,11,0.1496818181818182,2025
1.5<potenza_impegnata<=3,Residente,09,Giorno feriale,10,0.14663636363636362,2025
1.5<potenza_impegnata<=3,Residente,09,Giorno feriale,9,0.15036363636363637,2025
1.5<potenza_impegnata<=3,Residente,09,Giorno feriale,0,0.13404545454545455,2025
1.5<potenza_impegnata<=3,Residente,09,Domenica,8,0.1465,2025
1.5<potenza_impegnata<=3,Residente,09,Domenica,7,0.11425,2025
1.5<potenza_impegnata<=3,Residente,09,Domenica,6,0.0975,2025
1.5<potenza_impegnata<=3,Residente,09,Domenica,5,0.093,2025
1.5<potenza_impegnata<=3,Residente,09,Domenica,4,0.09225,2025
1.5<potenza_impegnata<=3,Residente,09,Domenica,3,0.096,2025
1.5<potenza_impegnata<=3,Residente,09,Domenica,2,0.1035,2025
1.5<potenza_impegnata<=3,Residente,09,Domenica,23,0.1705,2025
1.5<potenza_impegnata<=3,Residente,09,Domenica,22,0.206,2025
1.5<potenza_impegnata<=3,Residente,09,Domenica,21,0.237,2025
1.5<potenza_impegnata<=3,Residente,09,Domenica,20,0.2555,2025
1.5<potenza_impegnata<=3,Residente,09,Domenica,19,0.237,2025
1.5<potenza_impegnata<=3,Residente,09,Domenica,1,0.117,2025
1.5<potenza_impegnata<=3,Residente,09,Domenica,18,0.19275,2025
1.5<potenza_impegnata<=3,Tutti,10,Sabato,8,0.15875,2025
1.5<potenza_impegnata<=3,Tutti,10,Sabato,7,0.12375,2025
1.5<potenza_impegnata<=3,Tutti,10,Sabato,6,0.09775,2025
1.5<potenza_impegnata<=3,Tutti,10,Sabato,5,0.08775,2025
1.5<potenza_impegnata<=3,Tutti,10,Sabato,4,0.0845,2025
1.5<potenza_impegnata<=3,Tutti,10,Sabato,3,0.08725,2025
1.5<potenza_impegnata<=3,Tutti,10,Sabato,2,0.095,2025
1.5<potenza_impegnata<=3,Tutti,10,Sabato,23,0.167,2025
1.5<potenza_impegnata<=3,Tutti,10,Sabato,22,0.1985,2025
1.5<potenza_impegnata<=3,Tutti,10,Sabato,21,0.22975,2025
1.5<potenza_impegnata<=3,Tutti,10,Sabato,20,0.25725,2025
1.5<potenza_impegnata<=3,Tutti,10,Sabato,19,0.26225,2025
1.5<potenza_impegnata<=3,Tutti,10,Sabato,1,0.10975,2025
1.5<potenza_impegnata<=3,Tutti,10,Sabato,18,0.2165,2025
1.5<potenza_impegnata<=3,Tutti,10,Sabato,17,0.1875,2025
1.5<potenza_impegnata<=3,Tutti,10,Sabato,16,0.1835,2025
1.5<potenza_impegnata<=3,Tutti,10,Sabato,15,0.1925,2025
1.5<potenza_impegnata<=3,Tutti,10,Sabato,14,0.20675,2025
1.5<potenza_impegnata<=3,Tutti,10,Sabato,13,0.21675,2025
1.5<potenza_impegnata<=3,Tutti,10,Sabato,12,0.2115,2025
1.5<potenza_impegnata<=3,Tutti,10,Sabato,11,0.195,2025
1.5<potenza_impegnata<=3,Tutti,10,Sabato,10,0.1905,2025
1.5<potenza_impegnata<=3,Tutti,10,Sabato,9,0.184,2025
1.5<potenza_impegnata<=3,Tutti,10,Sabato,0,0.136,2025
1.5<potenza_impegnata<=3,Tutti,10,Giorno feriale,8,0.17065217391304346,2025
1.5<potenza_impegnata<=3,Tutti,10,Giorno feriale,7,0.15947826086956524,2025
1.5<potenza_impegnata<=3,Tutti,10,Giorno feriale,6,0.11573913043478261,2025
1.5<potenza_impegnata<=3,Tutti,10,Giorno feriale,5,0.09039130434782608,2025
1.5<potenza_impegnata<=3,Tutti,10,Giorno feriale,4,0.08369565217391305,2025
1.5<potenza_impegnata<=3,Tutti,10,Giorno feriale,3,0.0851304347826087,2025
1.5<potenza_impegnata<=3,Tutti,10,Giorno feriale,2,0.09147826086956522,2025
1.5<potenza_impegnata<=3,Tutti,10,Giorno feriale,23,0.17421739130434782,2025
1.5<potenza_impegnata<=3,Tutti,10,Giorno feriale,22,0.21791304347826088,2025
1.5<potenza_impegnata<=3,Tutti,10,Giorno feriale,21,0.2556086956521739,2025
1.5<potenza_impegnata<=3,Tutti,10,Giorno feriale,20,0.2772608695652174,2025
1.5<potenza_impegnata<=3,Tutti,10,Giorno feriale,19,0.2669565217391305,2025
1.5<potenza_impegnata<=3,Tutti,10,Giorno feriale,1,0.10591304347826087,2025
1.5<potenza_impegnata<=3,Tutti,10,Giorno feriale,18,0.2053478260869565,2025
1.5<potenza_impegnata<=3,Tutti,10,Giorno feriale,17,0.16760869565217393,2025
1.5<potenza_impegnata<=3,Tutti,10,Giorno feriale,16,0.15526086956521737,2025
1.5<potenza_impegnata<=3,Tutti,10,Giorno feriale,15,0.15882608695652173,2025
1.5<potenza_impegnata<=3,Tutti,10,Giorno feriale,14,0.16795652173913042,2025
1.5<potenza_impegnata<=3,Tutti,10,Giorno feriale,13,0.17452173913043478,2025
1.5<potenza_impegnata<=3,Tutti,10,Giorno feriale,12,0.16947826086956522,2025
1.5<potenza_impegnata<=3,Tutti,10,Giorno feriale,11,0.15856521739130436,2025
1.5<potenza_impegnata<=3,Tutti,10,Giorno feriale,10,0.1577391304347826,2025
1.5<potenza_impegnata<=3,Tutti,10,Giorno feriale,9,0.16504347826086957,2025
1.5<potenza_impegnata<=3,Tutti,10,Giorno feriale,0,0.135,2025
1.5<potenza_impegnata<=3,Tutti,10,Domenica,8,0.15475,2025
1.5<potenza_impegnata<=3,Tutti,10,Domenica,7,0.116,2025
1.5<potenza_impegnata<=3,Tutti,10,Domenica,6,0.094,2025
1.5<potenza_impegnata<=3,Tutti,10,Domenica,5,0.08625,2025
1.5<potenza_impegnata<=3,Tutti,10,Domenica,4,0.0845,2025
1.5<potenza_impegnata<=3,Tutti,10,Domenica,3,0.0875,2025
1.5<potenza_impegnata<=3,Tutti,10,Domenica,2,0.0975,2025
1.5<potenza_impegnata<=3,Tutti,10,Domenica,23,0.17025,2025
1.5<potenza_impegnata<=3,Tutti,10,Domenica,22,0.21225,2025
1.5<potenza_impegnata<=3,Tutti,10,Domenica,21,0.25075,2025
1.5<potenza_impegnata<=3,Tutti,10,Domenica,20,0.27725,2025
1.5<potenza_impegnata<=3,Tutti,10,Domenica,19,0.27325,2025
1.5<potenza_impegnata<=3,Tutti,10,Domenica,1,0.11375,2025
1.5<potenza_impegnata<=3,Tutti,10,Domenica,18,0.223,2025
1.5<potenza_impegnata<=3,Tutti,10,Domenica,17,0.1905,2025
1.5<potenza_impegnata<=3,Tutti,10,Domenica,16,0.183,2025
1.5<potenza_impegnata<=3,Tutti,10,Domenica,15,0.191,2025
1.5<potenza_impegnata<=3,Tutti,10,Domenica,14,0.20575,2025
1.5<potenza_impegnata<=3,Tutti,10,Domenica,13,0.22175,2025
1.5<potenza_impegnata<=3,Tutti,10,Domenica,12,0.232,2025
1.5<potenza_impegnata<=3,Tutti,10,Domenica,11,0.218,2025
1.5<potenza_impegnata<=3,Tutti,10,Domenica,10,0.2065,2025
1.5<potenza_impegnata<=3,Tutti,10,Domenica,9,0.1895,2025
1.5<potenza_impegnata<=3,Tutti,10,Domenica,0,0.13875,2025
1.5<potenza_impegnata<=3,Residente,10,Sabato,8,0.167,2025
1.5<potenza_impegnata<=3,Residente,10,Sabato,7,0.12975,2025
1.5<potenza_impegnata<=3,Residente,10,Sabato,6,0.10125,2025
1.5<potenza_impegnata<=3,Residente,10,Sabato,5,0.09025,2025
1.5<potenza_impegnata<=3,Residente,10,Sabato,4,0.08675,2025
1.5<potenza_impegnata<=3,Residente,10,Sabato,3,0.08925,2025
1.5<potenza_impegnata<=3,Residente,10,Sabato,2,0.09675,2025
1.5<potenza_impegnata<=3,Residente,10,Sabato,23,0.173,2025
1.5<potenza_impegnata<=3,Residente,10,Sabato,22,0.20675,2025
1.5<potenza_impegnata<=3,Residente,10,Sabato,21,0.2395,2025
1.5<potenza_impegnata<=3,Residente,10,Sabato,20,0.26825,2025
1.5<potenza_impegnata<=3,Residente,10,Sabato,19,0.27575,2025
1.5<potenza_impegnata<=3,Residente,10,Sabato,1,0.11175,2025
1.5<potenza_impegnata<=3,Residente,10,Sabato,18,0.22675,2025
1.5<potenza_impegnata<=3,Residente,10,Sabato,17,0.19475,2025
1.5<potenza_impegnata<=3,Residente,10,Sabato,16,0.18975,2025
1.5<potenza_impegnata<=3,Residente,10,Sabato,15,0.19925,2025
1.5<potenza_impegnata<=3,Residente,10,Sabato,14,0.21425,2025
1.5<potenza_impegnata<=3,Residente,10,Sabato,13,0.22425,2025
1.5<potenza_impegnata<=3,Residente,10,Sabato,12,0.22,2025
1.5<potenza_impegnata<=3,Residente,10,Sabato,11,0.2025,2025
1.5<potenza_impegnata<=3,Residente,10,Sabato,10,0.19825,2025
1.5<potenza_impegnata<=3,Residente,10,Sabato,9,0.19275,2025
1.5<potenza_impegnata<=3,Residente,10,Sabato,0,0.13925,2025
1.5<potenza_impegnata<=3,Residente,10,Giorno feriale,8,0.17500000000000002,2025
1.5<potenza_impegnata<=3,Residente,10,Giorno feriale,7,0.16543478260869565,2025
1.5<potenza_impegnata<=3,Residente,10,Giorno feriale,6,0.12056521739130435,2025
1.5<potenza_impegnata<=3,Residente,10,Giorno feriale,5,0.0933913043478261,2025
1.5<potenza_impegnata<=3,Residente,10,Giorno feriale,4,0.08608695652173913,2025
1.5<potenza_impegnata<=3,Residente,10,Giorno feriale,3,0.08721739130434782,2025
1.5<potenza_impegnata<=3,Residente,10,Giorno feriale,2,0.0933913043478261,2025
1.5<potenza_impegnata<=3,Residente,10,Giorno feriale,23,0.17778260869565218,2025
1.5<potenza_impegnata<=3,Residente,10,Giorno feriale,22,0.2237391304347826,2025
1.5<potenza_impegnata<=3,Residente,10,Giorno feriale,21,0.26330434782608697,2025
1.5<potenza_impegnata<=3,Residente,10,Giorno feriale,20,0.2859130434782609,2025
1.5<potenza_impegnata<=3,Residente,10,Giorno feriale,19,0.2783913043478261,2025
1.5<potenza_impegnata<=3,Residente,10,Giorno feriale,1,0.10756521739130435,2025
1.5<potenza_impegnata<=3,Residente,10,Giorno feriale,18,0.2145217391304348,2025
1.5<potenza_impegnata<=3,Residente,10,Giorno feriale,17,0.17421739130434782,2025
1.5<potenza_impegnata<=3,Residente,10,Giorno feriale,16,0.16078260869565217,2025
1.5<potenza_impegnata<=3,Residente,10,Giorno feriale,15,0.1642608695652174,2025
1.5<potenza_impegnata<=3,Residente,10,Giorno feriale,14,0.17352173913043475,2025
1.5<potenza_impegnata<=3,Residente,10,Giorno feriale,13,0.18004347826086955,2025
1.5<potenza_impegnata<=3,Residente,10,Giorno feriale,12,0.17556521739130435,2025
1.5<potenza_impegnata<=3,Residente,10,Giorno feriale,11,0.16378260869565217,2025
1.5<potenza_impegnata<=3,Residente,10,Giorno feriale,10,0.1625217391304348,2025
1.5<potenza_impegnata<=3,Residente,10,Giorno feriale,9,0.1696086956521739,2025
1.5<potenza_impegnata<=3,Residente,10,Giorno feriale,0,0.1368695652173913,2025
1.5<potenza_impegnata<=3,Residente,10,Domenica,8,0.16375,2025
1.5<potenza_impegnata<=3,Residente,10,Domenica,7,0.12175,2025
1.5<potenza_impegnata<=3,Residente,10,Domenica,6,0.0975,2025
1.5<potenza_impegnata<=3,Residente,10,Domenica,5,0.089,2025
1.5<potenza_impegnata<=3,Residente,10,Domenica,4,0.08675,2025
1.5<potenza_impegnata<=3,Residente,10,Domenica,3,0.08975,2025
1.5<potenza_impegnata<=3,Residente,10,Domenica,2,0.0995,2025
1.5<potenza_impegnata<=3,Residente,10,Domenica,23,0.17375,2025
1.5<potenza_impegnata<=3,Residente,10,Domenica,22,0.218,2025
1.5<potenza_impegnata<=3,Residente,10,Domenica,21,0.259,2025
1.5<potenza_impegnata<=3,Residente,10,Domenica,20,0.287,2025
1.5<potenza_impegnata<=3,Residente,10,Domenica,19,0.28575,2025
1.5<potenza_impegnata<=3,Residente,10,Domenica,1,0.11625,2025
1.5<potenza_impegnata<=3,Residente,10,Domenica,18,0.23275,2025
1.5<potenza_impegnata<=3,Residente,10,Domenica,17,0.19775,2025
1.5<potenza_impegnata<=3,Residente,10,Domenica,16,0.18925,2025
1.5<potenza_impegnata<=3,Residente,10,Domenica,15,0.1975,2025
1.5<potenza_impegnata<=3,Residente,10,Domenica,14,0.213,2025
1.5<potenza_impegnata<=3,Residente,10,Domenica,13,0.22925,2025
1.5<potenza_impegnata<=3,Residente,10,Domenica,12,0.2425,2025
1.5<potenza_impegnata<=3,Residente,10,Domenica,11,0.22825,2025
1.5<potenza_impegnata<=3,Residente,10,Domenica,10,0.2165,2025
1.5<potenza_impegnata<=3,Residente,10,Domenica,9,0.2,2025
1.5<potenza_impegnata<=3,Residente,10,Domenica,0,0.14275,2025
1.5<potenza_impegnata<=3,Non Residente,10,Sabato,8,0.11775,2025
1.5<potenza_impegnata<=3,Non Residente,10,Sabato,7,0.09425,2025
1.5<potenza_impegnata<=3,Non Residente,10,Sabato,6,0.07925,2025
1.5<potenza_impegnata<=3,Non Residente,10,Sabato,5,0.07425,2025
1.5<potenza_impegnata<=3,Non Residente,10,Sabato,4,0.07375,2025
1.5<potenza_impegnata<=3,Non Residente,10,Sabato,3,0.0775,2025
1.5<potenza_impegnata<=3,Non Residente,10,Sabato,2,0.0855,2025
1.5<potenza_impegnata<=3,Non Residente,10,Sabato,23,0.137,2025
1.5<potenza_impegnata<=3,Non Residente,10,Sabato,22,0.15825,2025
1.5<potenza_impegnata<=3,Non Residente,10,Sabato,21,0.18125,2025
1.5<potenza_impegnata<=3,Non Residente,10,Sabato,20,0.202,2025
1.5<potenza_impegnata<=3,Non Residente,10,Sabato,19,0.1945,2025
1.5<potenza_impegnata<=3,Non Residente,10,Sabato,1,0.0995,2025
1.5<potenza_impegnata<=3,Non Residente,10,Sabato,18,0.16525,2025
1.5<potenza_impegnata<=3,Non Residente,10,Sabato,17,0.15125,2025
1.5<potenza_impegnata<=3,Non Residente,10,Sabato,16,0.1515,2025
1.5<potenza_impegnata<=3,Non Residente,10,Sabato,15,0.1595,2025
1.5<potenza_impegnata<=3,Non Residente,10,Sabato,14,0.1705,2025
1.5<potenza_impegnata<=3,Non Residente,10,Sabato,13,0.179,2025
1.5<potenza_impegnata<=3,Non Residente,10,Sabato,12,0.1695,2025
1.5<potenza_impegnata<=3,Non Residente,10,Sabato,11,0.1585,2025
1.5<potenza_impegnata<=3,Non Residente,10,Sabato,10,0.15275,2025
1.5<potenza_impegnata<=3,Non Residente,10,Sabato,9,0.1405,2025
1.5<potenza_impegnata<=3,Non Residente,10,Sabato,0,0.12,2025
1.5<potenza_impegnata<=3,Non Residente,10,Giorno feriale,8,0.14882608695652175,2025
1.5<potenza_impegnata<=3,Non Residente,10,Giorno feriale,7,0.12969565217391305,2025
1.5<potenza_impegnata<=3,Non Residente,10,Giorno feriale,6,0.09143478260869566,2025
1.5<potenza_impegnata<=3,Non Residente,10,Giorno feriale,5,0.07534782608695653,2025
1.5<potenza_impegnata<=3,Non Residente,10,Giorno feriale,4,0.07195652173913043,2025
1.5<potenza_impegnata<=3,Non Residente,10,Giorno feriale,3,0.07443478260869564,2025
1.5<potenza_impegnata<=3,Non Residente,10,Giorno feriale,2,0.08186956521739129,2025
1.5<potenza_impegnata<=3,Non Residente,10,Giorno feriale,23,0.15656521739130436,2025
1.5<potenza_impegnata<=3,Non Residente,10,Giorno feriale,22,0.18926086956521737,2025
1.5<potenza_impegnata<=3,Non Residente,10,Giorno feriale,21,0.21743478260869567,2025
1.5<potenza_impegnata<=3,Non Residente,10,Giorno feriale,20,0.2340869565217391,2025
1.5<potenza_impegnata<=3,Non Residente,10,Giorno feriale,19,0.20991304347826087,2025
1.5<potenza_impegnata<=3,Non Residente,10,Giorno feriale,1,0.09756521739130433,2025
1.5<potenza_impegnata<=3,Non Residente,10,Giorno feriale,18,0.15956521739130433,2025
1.5<potenza_impegnata<=3,Non Residente,10,Giorno feriale,17,0.1348695652173913,2025
1.5<potenza_impegnata<=3,Non Residente,10,Giorno feriale,16,0.12786956521739132,2025
1.5<potenza_impegnata<=3,Non Residente,10,Giorno feriale,15,0.13152173913043477,2025
1.5<potenza_impegnata<=3,Non Residente,10,Giorno feriale,14,0.14004347826086957,2025
1.5<potenza_impegnata<=3,Non Residente,10,Giorno feriale,13,0.14678260869565216,2025
1.5<potenza_impegnata<=3,Non Residente,10,Giorno feriale,12,0.13904347826086957,2025
1.5<potenza_impegnata<=3,Non Residente,10,Giorno feriale,11,0.13217391304347825,2025
1.5<potenza_impegnata<=3,Non Residente,10,Giorno feriale,10,0.13430434782608697,2025
1.5<potenza_impegnata<=3,Non Residente,10,Giorno feriale,9,0.14243478260869563,2025
1.5<potenza_impegnata<=3,Non Residente,10,Giorno feriale,0,0.12582608695652175,2025
1.5<potenza_impegnata<=3,Non Residente,10,Domenica,8,0.11075,2025
1.5<potenza_impegnata<=3,Non Residente,10,Domenica,7,0.08725,2025
1.5<potenza_impegnata<=3,Non Residente,10,Domenica,6,0.07625,2025
1.5<potenza_impegnata<=3,Non Residente,10,Domenica,5,0.073,2025
1.5<potenza_impegnata<=3,Non Residente,10,Domenica,4,0.07325,2025
1.5<potenza_impegnata<=3,Non Residente,10,Domenica,3,0.077,2025
1.5<potenza_impegnata<=3,Non Residente,10,Domenica,2,0.087,2025
1.5<potenza_impegnata<=3,Non Residente,10,Domenica,23,0.1525,2025
1.5<potenza_impegnata<=3,Non Residente,10,Domenica,22,0.18275,2025
1.5<potenza_impegnata<=3,Non Residente,10,Domenica,21,0.21,2025
1.5<potenza_impegnata<=3,Non Residente,10,Domenica,20,0.2285,2025
1.5<potenza_impegnata<=3,Non Residente,10,Domenica,19,0.21075,2025
1.5<potenza_impegnata<=3,Non Residente,10,Domenica,1,0.1005,2025
1.5<potenza_impegnata<=3,Non Residente,10,Domenica,18,0.17325,2025
1.5<potenza_impegnata<=3,Non Residente,10,Domenica,17,0.15425,2025
1.5<potenza_impegnata<=3,Non Residente,10,Domenica,16,0.15075,2025
1.5<potenza_impegnata<=3,Non Residente,10,Domenica,15,0.1575,2025
1.5<potenza_impegnata<=3,Non Residente,10,Domenica,14,0.16975,2025
1.5<potenza_impegnata<=3,Non Residente,10,Domenica,13,0.18375,2025
1.5<potenza_impegnata<=3,Non Residente,10,Domenica,12,0.18,2025
1.5<potenza_impegnata<=3,Non Residente,10,Domenica,11,0.1675,2025
1.5<potenza_impegnata<=3,Non Residente,10,Domenica,10,0.157,2025
1.5<potenza_impegnata<=3,Non Residente,10,Domenica,9,0.138,2025
1.5<potenza_impegnata<=3,Non Residente,10,Domenica,0,0.11875,2025
1.5<potenza_impegnata<=3,Tutti,11,Domenica,4,0.08966666666666667,2025
1.5<potenza_impegnata<=3,Tutti,11,Domenica,3,0.09333333333333334,2025
1.5<potenza_impegnata<=3,Tutti,11,Domenica,2,0.10233333333333333,2025
1.5<potenza_impegnata<=3,Tutti,11,Domenica,23,0.17616666666666667,2025
1.5<potenza_impegnata<=3,Tutti,11,Domenica,22,0.21583333333333332,2025
1.5<potenza_impegnata<=3,Tutti,11,Domenica,21,0.253,2025
1.5<potenza_impegnata<=3,Tutti,11,Domenica,20,0.2801666666666667,2025
1.5<potenza_impegnata<=3,Tutti,11,Domenica,19,0.283,2025
1.5<potenza_impegnata<=3,Tutti,11,Domenica,1,0.1185,2025
1.5<potenza_impegnata<=3,Tutti,11,Domenica,18,0.252,2025
1.5<potenza_impegnata<=3,Tutti,11,Domenica,17,0.22833333333333336,2025
1.5<potenza_impegnata<=3,Tutti,11,Domenica,16,0.21433333333333335,2025
1.5<potenza_impegnata<=3,Tutti,11,Domenica,15,0.216,2025
1.5<potenza_impegnata<=3,Tutti,11,Domenica,14,0.22816666666666666,2025
1.5<potenza_impegnata<=3,Tutti,11,Domenica,13,0.24266666666666667,2025
1.5<potenza_impegnata<=3,Tutti,11,Domenica,12,0.25133333333333335,2025
1.5<potenza_impegnata<=3,Tutti,11,Domenica,11,0.23383333333333334,2025
1.5<potenza_impegnata<=3,Tutti,11,Domenica,10,0.217,2025
1.5<potenza_impegnata<=3,Tutti,11,Domenica,9,0.19499999999999998,2025
1.5<potenza_impegnata<=3,Tutti,11,Domenica,0,0.14366666666666666,2025
1.5<potenza_impegnata<=3,Residente,11,Sabato,8,0.18275,2025
1.5<potenza_impegnata<=3,Residente,11,Sabato,7,0.1435,2025
1.5<potenza_impegnata<=3,Residente,11,Sabato,6,0.11075,2025
1.5<potenza_impegnata<=3,Residente,11,Sabato,5,0.09725,2025
1.5<potenza_impegnata<=3,Residente,11,Sabato,4,0.0925,2025
1.5<potenza_impegnata<=3,Residente,11,Sabato,3,0.095,2025
1.5<potenza_impegnata<=3,Residente,11,Sabato,2,0.103,2025
1.5<potenza_impegnata<=3,Residente,11,Sabato,23,0.1815,2025
1.5<potenza_impegnata<=3,Residente,11,Sabato,22,0.21475,2025
1.5<potenza_impegnata<=3,Residente,11,Sabato,21,0.248,2025
1.5<potenza_impegnata<=3,Residente,11,Sabato,20,0.2775,2025
1.5<potenza_impegnata<=3,Residente,11,Sabato,19,0.28875,2025
1.5<potenza_impegnata<=3,Residente,11,Sabato,1,0.119,2025
1.5<potenza_impegnata<=3,Residente,11,Sabato,18,0.25675,2025
1.5<potenza_impegnata<=3,Residente,11,Sabato,17,0.23025,2025
1.5<potenza_impegnata<=3,Residente,11,Sabato,16,0.211,2025
1.5<potenza_impegnata<=3,Residente,11,Sabato,15,0.2125,2025
1.5<potenza_impegnata<=3,Residente,11,Sabato,14,0.226,2025
1.5<potenza_impegnata<=3,Residente,11,Sabato,13,0.2355,2025
1.5<potenza_impegnata<=3,Residente,11,Sabato,12,0.233,2025
1.5<potenza_impegnata<=3,Residente,11,Sabato,11,0.21825,2025
1.5<potenza_impegnata<=3,Residente,11,Sabato,10,0.2145,2025
1.5<potenza_impegnata<=3,Residente,11,Sabato,9,0.2085,2025
1.5<potenza_impegnata<=3,Residente,11,Sabato,0,0.14825,2025
1.5<potenza_impegnata<=3,Residente,11,Giorno feriale,8,0.1823,2025
1.5<potenza_impegnata<=3,Residente,11,Giorno feriale,7,0.1754,2025
1.5<potenza_impegnata<=3,Residente,11,Giorno feriale,6,0.12885,2025
1.5<potenza_impegnata<=3,Residente,11,Giorno feriale,5,0.09895000000000001,2025
1.5<potenza_impegnata<=3,Residente,11,Giorno feriale,4,0.09,2025
1.5<potenza_impegnata<=3,Residente,11,Giorno feriale,3,0.09079999999999999,2025
1.5<potenza_impegnata<=3,Residente,11,Giorno feriale,2,0.09735,2025
1.5<potenza_impegnata<=3,Residente,11,Giorno feriale,23,0.18455000000000002,2025
1.5<potenza_impegnata<=3,Residente,11,Giorno feriale,22,0.23135000000000003,2025
1.5<potenza_impegnata<=3,Residente,11,Giorno feriale,21,0.27155,2025
1.5<potenza_impegnata<=3,Residente,11,Giorno feriale,20,0.2944,2025
1.5<potenza_impegnata<=3,Residente,11,Giorno feriale,19,0.28975,2025
1.5<potenza_impegnata<=3,Residente,11,Giorno feriale,1,0.1123,2025
1.5<potenza_impegnata<=3,Residente,11,Giorno feriale,18,0.24205000000000002,2025
1.5<potenza_impegnata<=3,Residente,11,Giorno feriale,17,0.20375000000000001,2025
1.5<potenza_impegnata<=3,Residente,11,Giorno feriale,16,0.17615,2025
1.5<potenza_impegnata<=3,Residente,11,Giorno feriale,15,0.1724,2025
1.5<potenza_impegnata<=3,Residente,11,Giorno feriale,14,0.17925,2025
1.5<potenza_impegnata<=3,Residente,11,Giorno feriale,13,0.18575,2025
1.5<potenza_impegnata<=3,Residente,11,Giorno feriale,12,0.18184999999999998,2025
1.5<potenza_impegnata<=3,Residente,11,Giorno feriale,11,0.17025,2025
1.5<potenza_impegnata<=3,Residente,11,Giorno feriale,10,0.16855,2025
1.5<potenza_impegnata<=3,Residente,11,Giorno feriale,9,0.17635,2025
1.5<potenza_impegnata<=3,Residente,11,Giorno feriale,0,0.1425,2025
1.5<potenza_impegnata<=3,Residente,11,Domenica,8,0.1655,2025
1.5<potenza_impegnata<=3,Residente,11,Domenica,7,0.125,2025
1.5<potenza_impegnata<=3,Residente,11,Domenica,6,0.10266666666666667,2025
1.5<potenza_impegnata<=3,Residente,11,Domenica,5,0.09383333333333332,2025
1.5<potenza_impegnata<=3,Residente,11,Domenica,4,0.09150000000000001,2025
1.5<potenza_impegnata<=3,Residente,11,Domenica,3,0.09499999999999999,2025
1.5<potenza_impegnata<=3,Residente,11,Domenica,2,0.10383333333333333,2025
1.5<potenza_impegnata<=3,Residente,11,Domenica,23,0.1795,2025
1.5<potenza_impegnata<=3,Residente,11,Domenica,22,0.2215,2025
1.5<potenza_impegnata<=3,Residente,11,Domenica,21,0.26066666666666666,2025
1.5<potenza_impegnata<=3,Residente,11,Domenica,20,0.28933333333333333,2025
1.5<potenza_impegnata<=3,Residente,11,Domenica,19,0.29516666666666663,2025
1.5<potenza_impegnata<=3,Residente,11,Domenica,1,0.12066666666666666,2025
1.5<potenza_impegnata<=3,Residente,11,Domenica,18,0.26266666666666666,2025
1.5<potenza_impegnata<=3,Residente,11,Domenica,17,0.23716666666666666,2025
1.5<potenza_impegnata<=3,Residente,11,Domenica,16,0.222,2025
1.5<potenza_impegnata<=3,Residente,11,Domenica,15,0.2235,2025
1.5<potenza_impegnata<=3,Residente,11,Domenica,14,0.23583333333333334,2025
1.5<potenza_impegnata<=3,Residente,11,Domenica,13,0.251,2025
1.5<potenza_impegnata<=3,Residente,11,Domenica,12,0.26266666666666666,2025
1.5<potenza_impegnata<=3,Residente,11,Domenica,11,0.24466666666666667,2025
1.5<potenza_impegnata<=3,Residente,11,Domenica,10,0.22766666666666668,2025
1.5<potenza_impegnata<=3,Residente,11,Domenica,9,0.20550000000000002,2025
1.5<potenza_impegnata<=3,Residente,11,Domenica,0,0.147,2025
1.5<potenza_impegnata<=3,Non Residente,11,Sabato,8,0.1335,2025
1.5<potenza_impegnata<=3,Non Residente,11,Sabato,7,0.10775,2025
1.5<potenza_impegnata<=3,Non Residente,11,Sabato,6,0.09,2025
1.5<potenza_impegnata<=3,Non Residente,11,Sabato,5,0.084,2025
1.5<potenza_impegnata<=3,Non Residente,11,Sabato,4,0.083,2025
1.5<potenza_impegnata<=3,Non Residente,11,Sabato,3,0.08725,2025
1.5<potenza_impegnata<=3,Non Residente,11,Sabato,2,0.09625,2025
1.5<potenza_impegnata<=3,Non Residente,11,Sabato,23,0.1515,2025
1.5<potenza_impegnata<=3,Non Residente,11,Sabato,22,0.173,2025
1.5<potenza_impegnata<=3,Non Residente,11,Sabato,21,0.19725,2025
1.5<potenza_impegnata<=3,Non Residente,11,Sabato,20,0.21725,2025
1.5<potenza_impegnata<=3,Non Residente,11,Sabato,19,0.2115,2025
1.5<potenza_impegnata<=3,Non Residente,11,Sabato,1,0.1115,2025
1.5<potenza_impegnata<=3,Non Residente,11,Sabato,18,0.19175,2025
1.5<potenza_impegnata<=3,Non Residente,11,Sabato,17,0.179,2025
1.5<potenza_impegnata<=3,Non Residente,11,Sabato,16,0.1715,2025
1.5<potenza_impegnata<=3,Non Residente,11,Sabato,15,0.17525,2025
1.5<potenza_impegnata<=3,Non Residente,11,Sabato,14,0.18625,2025
1.5<potenza_impegnata<=3,Non Residente,11,Sabato,13,0.1935,2025
1.5<potenza_impegnata<=3,Non Residente,11,Sabato,12,0.1845,2025
1.5<potenza_impegnata<=3,Non Residente,11,Sabato,11,0.17625,2025
1.5<potenza_impegnata<=3,Non Residente,11,Sabato,10,0.17075,2025
1.5<potenza_impegnata<=3,Non Residente,11,Sabato,9,0.15775,2025
1.5<potenza_impegnata<=3,Non Residente,11,Sabato,0,0.13375,2025
1.5<potenza_impegnata<=3,Non Residente,11,Giorno feriale,8,0.1588,2025
1.5<potenza_impegnata<=3,Non Residente,11,Giorno feriale,7,0.14085,2025
1.5<potenza_impegnata<=3,Non Residente,11,Giorno feriale,6,0.10064999999999999,2025
1.5<potenza_impegnata<=3,Non Residente,11,Giorno feriale,5,0.08245,2025
1.5<potenza_impegnata<=3,Non Residente,11,Giorno feriale,4,0.07835,2025
1.5<potenza_impegnata<=3,Non Residente,11,Giorno feriale,3,0.08065,2025
1.5<potenza_impegnata<=3,Non Residente,11,Giorno feriale,2,0.0888,2025
1.5<potenza_impegnata<=3,Non Residente,11,Giorno feriale,23,0.16945,2025
1.5<potenza_impegnata<=3,Non Residente,11,Giorno feriale,22,0.2036,2025
1.5<potenza_impegnata<=3,Non Residente,11,Giorno feriale,21,0.2323,2025
1.5<potenza_impegnata<=3,Non Residente,11,Giorno feriale,20,0.24884999999999996,2025
1.5<potenza_impegnata<=3,Non Residente,11,Giorno feriale,19,0.2259,2025
1.5<potenza_impegnata<=3,Non Residente,11,Giorno feriale,1,0.10585,2025
1.5<potenza_impegnata<=3,Non Residente,11,Giorno feriale,18,0.18224999999999997,2025
1.5<potenza_impegnata<=3,Non Residente,11,Giorno feriale,17,0.1568,2025
1.5<potenza_impegnata<=3,Non Residente,11,Giorno feriale,16,0.14209999999999998,2025
1.5<potenza_impegnata<=3,Non Residente,11,Giorno feriale,15,0.14209999999999998,2025
1.5<potenza_impegnata<=3,Non Residente,11,Giorno feriale,14,0.1491,2025
1.5<potenza_impegnata<=3,Non Residente,11,Giorno feriale,13,0.15545,2025
1.5<potenza_impegnata<=3,Non Residente,11,Giorno feriale,12,0.1481,2025
1.5<potenza_impegnata<=3,Non Residente,11,Giorno feriale,11,0.1416,2025
1.5<potenza_impegnata<=3,Non Residente,11,Giorno feriale,10,0.14379999999999998,2025
1.5<potenza_impegnata<=3,Non Residente,11,Giorno feriale,9,0.15215,2025
1.5<potenza_impegnata<=3,Non Residente,11,Giorno feriale,0,0.13555,2025
1.5<potenza_impegnata<=3,Non Residente,11,Domenica,8,0.11483333333333333,2025
1.5<potenza_impegnata<=3,Non Residente,11,Domenica,7,0.09333333333333334,2025
1.5<potenza_impegnata<=3,Non Residente,11,Domenica,6,0.0835,2025
1.5<potenza_impegnata<=3,Non Residente,11,Domenica,5,0.08016666666666666,2025
1.5<potenza_impegnata<=3,Non Residente,11,Domenica,4,0.08066666666666666,2025
1.5<potenza_impegnata<=3,Non Residente,11,Domenica,3,0.08533333333333333,2025
1.5<potenza_impegnata<=3,Non Residente,11,Domenica,2,0.09416666666666666,2025
1.5<potenza_impegnata<=3,Non Residente,11,Domenica,23,0.1595,2025
1.5<potenza_impegnata<=3,Non Residente,11,Domenica,22,0.18783333333333332,2025
1.5<potenza_impegnata<=3,Non Residente,11,Domenica,21,0.21433333333333335,2025
1.5<potenza_impegnata<=3,Non Residente,11,Domenica,20,0.23399999999999999,2025
1.5<potenza_impegnata<=3,Non Residente,11,Domenica,19,0.22266666666666668,2025
1.5<potenza_impegnata<=3,Non Residente,11,Domenica,1,0.10816666666666667,2025
1.5<potenza_impegnata<=3,Non Residente,11,Domenica,18,0.19799999999999998,2025
1.5<potenza_impegnata<=3,Non Residente,11,Domenica,17,0.18383333333333332,2025
1.5<potenza_impegnata<=3,Non Residente,11,Domenica,16,0.1758333333333333,2025
1.5<potenza_impegnata<=3,Non Residente,11,Domenica,15,0.17883333333333332,2025
1.5<potenza_impegnata<=3,Non Residente,11,Domenica,14,0.1895,2025
1.5<potenza_impegnata<=3,Non Residente,11,Domenica,13,0.2011666666666667,2025
1.5<potenza_impegnata<=3,Non Residente,11,Domenica,12,0.19516666666666668,2025
1.5<potenza_impegnata<=3,Non Residente,11,Domenica,11,0.17916666666666667,2025
1.5<potenza_impegnata<=3,Non Residente,11,Domenica,10,0.16416666666666666,2025
1.5<potenza_impegnata<=3,Non Residente,11,Domenica,9,0.14283333333333334,2025
1.5<potenza_impegnata<=3,Non Residente,11,Domenica,0,0.12683333333333333,2025
1.5<potenza_impegnata<=3,Tutti,11,Sabato,8,0.1745,2025
1.5<potenza_impegnata<=3,Tutti,11,Sabato,7,0.1375,2025
1.5<potenza_impegnata<=3,Tutti,11,Sabato,6,0.1075,2025
1.5<potenza_impegnata<=3,Tutti,11,Sabato,5,0.095,2025
1.5<potenza_impegnata<=3,Tutti,11,Sabato,4,0.091,2025
1.5<potenza_impegnata<=3,Tutti,11,Sabato,3,0.09375,2025
1.5<potenza_impegnata<=3,Tutti,11,Sabato,2,0.102,2025
1.5<potenza_impegnata<=3,Tutti,11,Sabato,23,0.1765,2025
1.5<potenza_impegnata<=3,Tutti,11,Sabato,22,0.20775,2025
1.5<potenza_impegnata<=3,Tutti,11,Sabato,21,0.23975,2025
1.5<potenza_impegnata<=3,Tutti,11,Sabato,20,0.2675,2025
1.5<potenza_impegnata<=3,Tutti,11,Sabato,19,0.276,2025
1.5<potenza_impegnata<=3,Tutti,11,Sabato,1,0.11775,2025
1.5<potenza_impegnata<=3,Tutti,11,Sabato,18,0.24575,2025
1.5<potenza_impegnata<=3,Tutti,11,Sabato,17,0.22175,2025
1.5<potenza_impegnata<=3,Tutti,11,Sabato,16,0.2045,2025
1.5<potenza_impegnata<=3,Tutti,11,Sabato,15,0.20625,2025
1.5<potenza_impegnata<=3,Tutti,11,Sabato,14,0.2195,2025
1.5<potenza_impegnata<=3,Tutti,11,Sabato,13,0.2285,2025
1.5<potenza_impegnata<=3,Tutti,11,Sabato,12,0.22475,2025
1.5<potenza_impegnata<=3,Tutti,11,Sabato,11,0.21125,2025
1.5<potenza_impegnata<=3,Tutti,11,Sabato,10,0.207,2025
1.5<potenza_impegnata<=3,Tutti,11,Sabato,9,0.2,2025
1.5<potenza_impegnata<=3,Tutti,11,Sabato,0,0.14575,2025
1.5<potenza_impegnata<=3,Tutti,11,Giorno feriale,8,0.17839999999999998,2025
1.5<potenza_impegnata<=3,Tutti,11,Giorno feriale,7,0.16955,2025
1.5<potenza_impegnata<=3,Tutti,11,Giorno feriale,6,0.12414999999999998,2025
1.5<potenza_impegnata<=3,Tutti,11,Giorno feriale,5,0.0962,2025
1.5<potenza_impegnata<=3,Tutti,11,Giorno feriale,4,0.08805,2025
1.5<potenza_impegnata<=3,Tutti,11,Giorno feriale,3,0.08915000000000001,2025
1.5<potenza_impegnata<=3,Tutti,11,Giorno feriale,2,0.09595000000000001,2025
1.5<potenza_impegnata<=3,Tutti,11,Giorno feriale,23,0.182,2025
1.5<potenza_impegnata<=3,Tutti,11,Giorno feriale,22,0.22675,2025
1.5<potenza_impegnata<=3,Tutti,11,Giorno feriale,21,0.26505,2025
1.5<potenza_impegnata<=3,Tutti,11,Giorno feriale,20,0.2868,2025
1.5<potenza_impegnata<=3,Tutti,11,Giorno feriale,19,0.2792,2025
1.5<potenza_impegnata<=3,Tutti,11,Giorno feriale,1,0.11125,2025
1.5<potenza_impegnata<=3,Tutti,11,Giorno feriale,18,0.23205,2025
1.5<potenza_impegnata<=3,Tutti,11,Giorno feriale,17,0.19594999999999999,2025
1.5<potenza_impegnata<=3,Tutti,11,Giorno feriale,16,0.17045,2025
1.5<potenza_impegnata<=3,Tutti,11,Giorno feriale,15,0.1673,2025
1.5<potenza_impegnata<=3,Tutti,11,Giorno feriale,14,0.1743,2025
1.5<potenza_impegnata<=3,Tutti,11,Giorno feriale,13,0.18070000000000003,2025
1.5<potenza_impegnata<=3,Tutti,11,Giorno feriale,12,0.17625,2025
1.5<potenza_impegnata<=3,Tutti,11,Giorno feriale,11,0.16549999999999998,2025
1.5<potenza_impegnata<=3,Tutti,11,Giorno feriale,10,0.16445,2025
1.5<potenza_impegnata<=3,Tutti,11,Giorno feriale,9,0.1723,2025
1.5<potenza_impegnata<=3,Tutti,11,Giorno feriale,0,0.14135,2025
1.5<potenza_impegnata<=3,Tutti,11,Domenica,8,0.157,2025
1.5<potenza_impegnata<=3,Tutti,11,Domenica,7,0.11966666666666666,2025
1.5<potenza_impegnata<=3,Tutti,11,Domenica,6,0.09949999999999999,2025
1.5<potenza_impegnata<=3,Tutti,11,Domenica,5,0.09166666666666667,2025
1.5<potenza_impegnata<=3,Tutti,12,Sabato,8,0.168,2025
1.5<potenza_impegnata<=3,Tutti,12,Sabato,7,0.135,2025
1.5<potenza_impegnata<=3,Tutti,12,Sabato,6,0.106,2025
1.5<potenza_impegnata<=3,Tutti,12,Sabato,5,0.09475,2025
1.5<potenza_impegnata<=3,Tutti,12,Sabato,4,0.09075,2025
1.5<potenza_impegnata<=3,Tutti,12,Sabato,3,0.0935,2025
1.5<potenza_impegnata<=3,Tutti,12,Sabato,2,0.10175,2025
1.5<potenza_impegnata<=3,Tutti,12,Sabato,23,0.1735,2025
1.5<potenza_impegnata<=3,Tutti,12,Sabato,22,0.203,2025
1.5<potenza_impegnata<=3,Tutti,12,Sabato,21,0.22975,2025
1.5<potenza_impegnata<=3,Tutti,12,Sabato,20,0.251,2025
1.5<potenza_impegnata<=3,Tutti,12,Sabato,19,0.25525,2025
1.5<potenza_impegnata<=3,Tutti,12,Sabato,1,0.11725,2025
1.5<potenza_impegnata<=3,Tutti,12,Sabato,18,0.2285,2025
1.5<potenza_impegnata<=3,Tutti,12,Sabato,17,0.20875,2025
1.5<potenza_impegnata<=3,Tutti,12,Sabato,16,0.194,2025
1.5<potenza_impegnata<=3,Tutti,12,Sabato,15,0.19525,2025
1.5<potenza_impegnata<=3,Tutti,12,Sabato,14,0.207,2025
1.5<potenza_impegnata<=3,Tutti,12,Sabato,13,0.21625,2025
1.5<potenza_impegnata<=3,Tutti,12,Sabato,12,0.214,2025
1.5<potenza_impegnata<=3,Tutti,12,Sabato,11,0.2055,2025
1.5<potenza_impegnata<=3,Tutti,12,Sabato,10,0.2015,2025
1.5<potenza_impegnata<=3,Tutti,12,Sabato,9,0.1935,2025
1.5<potenza_impegnata<=3,Tutti,12,Sabato,0,0.14375,2025
1.5<potenza_impegnata<=3,Tutti,12,Giorno feriale,8,0.18135,2025
1.5<potenza_impegnata<=3,Tutti,12,Giorno feriale,7,0.16835,2025
1.5<potenza_impegnata<=3,Tutti,12,Giorno feriale,6,0.12279999999999999,2025
1.5<potenza_impegnata<=3,Tutti,12,Giorno feriale,5,0.09824999999999999,2025
1.5<potenza_impegnata<=3,Tutti,12,Giorno feriale,4,0.09090000000000001,2025
1.5<potenza_impegnata<=3,Tutti,12,Giorno feriale,3,0.09240000000000001,2025
1.5<potenza_impegnata<=3,Tutti,12,Giorno feriale,2,0.09974999999999999,2025
1.5<potenza_impegnata<=3,Tutti,12,Giorno feriale,23,0.18245,2025
1.5<potenza_impegnata<=3,Tutti,12,Giorno feriale,22,0.2218,2025
1.5<potenza_impegnata<=3,Tutti,12,Giorno feriale,21,0.25485,2025
1.5<potenza_impegnata<=3,Tutti,12,Giorno feriale,20,0.27435,2025
1.5<potenza_impegnata<=3,Tutti,12,Giorno feriale,19,0.27,2025
1.5<potenza_impegnata<=3,Tutti,12,Giorno feriale,1,0.11555,2025
1.5<potenza_impegnata<=3,Tutti,12,Giorno feriale,18,0.23245,2025
1.5<potenza_impegnata<=3,Tutti,12,Giorno feriale,17,0.20389999999999997,2025
1.5<potenza_impegnata<=3,Tutti,12,Giorno feriale,16,0.18275000000000002,2025
1.5<potenza_impegnata<=3,Tutti,12,Giorno feriale,15,0.1785,2025
1.5<potenza_impegnata<=3,Tutti,12,Giorno feriale,14,0.18495,2025
1.5<potenza_impegnata<=3,Tutti,12,Giorno feriale,13,0.19095,2025
1.5<potenza_impegnata<=3,Tutti,12,Giorno feriale,12,0.18675,2025
1.5<potenza_impegnata<=3,Tutti,12,Giorno feriale,11,0.1778,2025
1.5<potenza_impegnata<=3,Tutti,12,Giorno feriale,10,0.1762,2025
1.5<potenza_impegnata<=3,Tutti,12,Giorno feriale,9,0.18095,2025
1.5<potenza_impegnata<=3,Tutti,12,Giorno feriale,0,0.14484999999999998,2025
1.5<potenza_impegnata<=3,Tutti,12,Domenica,8,0.15357142857142855,2025
1.5<potenza_impegnata<=3,Tutti,12,Domenica,7,0.12,2025
1.5<potenza_impegnata<=3,Tutti,12,Domenica,6,0.10214285714285713,2025
1.5<potenza_impegnata<=3,Tutti,12,Domenica,5,0.09414285714285715,2025
1.5<potenza_impegnata<=3,Tutti,12,Domenica,4,0.09214285714285715,2025
1.5<potenza_impegnata<=3,Tutti,12,Domenica,3,0.096,2025
1.5<potenza_impegnata<=3,Tutti,12,Domenica,2,0.10542857142857143,2025
1.5<potenza_impegnata<=3,Tutti,12,Domenica,23,0.1732857142857143,2025
1.5<potenza_impegnata<=3,Tutti,12,Domenica,22,0.20557142857142857,2025
1.5<potenza_impegnata<=3,Tutti,12,Domenica,21,0.23357142857142857,2025
1.5<potenza_impegnata<=3,Tutti,12,Domenica,20,0.25142857142857145,2025
1.5<potenza_impegnata<=3,Tutti,12,Domenica,19,0.25,2025
1.5<potenza_impegnata<=3,Tutti,12,Domenica,1,0.12228571428571429,2025
1.5<potenza_impegnata<=3,Tutti,12,Domenica,18,0.22442857142857142,2025
1.5<potenza_impegnata<=3,Tutti,12,Domenica,17,0.20542857142857143,2025
1.5<potenza_impegnata<=3,Tutti,12,Domenica,16,0.1902857142857143,2025
1.5<potenza_impegnata<=3,Tutti,12,Domenica,15,0.19014285714285714,2025
1.5<potenza_impegnata<=3,Tutti,12,Domenica,14,0.20214285714285715,2025
1.5<potenza_impegnata<=3,Tutti,12,Domenica,13,0.219,2025
1.5<potenza_impegnata<=3,Tutti,12,Domenica,12,0.23242857142857143,2025
1.5<potenza_impegnata<=3,Tutti,12,Domenica,11,0.22371428571428573,2025
1.5<potenza_impegnata<=3,Tutti,12,Domenica,10,0.21014285714285716,2025
1.5<potenza_impegnata<=3,Tutti,12,Domenica,9,0.189,2025
1.5<potenza_impegnata<=3,Tutti,12,Domenica,0,0.14728571428571427,2025
1.5<potenza_impegnata<=3,Residente,12,Sabato,8,0.177,2025
1.5<potenza_impegnata<=3,Residente,12,Sabato,7,0.1415,2025
1.5<potenza_impegnata<=3,Residente,12,Sabato,6,0.11,2025
1.5<potenza_impegnata<=3,Residente,12,Sabato,5,0.0975,2025
1.5<potenza_impegnata<=3,Residente,12,Sabato,4,0.093,2025
1.5<potenza_impegnata<=3,Residente,12,Sabato,3,0.09575,2025
1.5<potenza_impegnata<=3,Residente,12,Sabato,2,0.10375,2025
1.5<potenza_impegnata<=3,Residente,12,Sabato,23,0.18025,2025
1.5<potenza_impegnata<=3,Residente,12,Sabato,22,0.212,2025
1.5<potenza_impegnata<=3,Residente,12,Sabato,21,0.241,2025
1.5<potenza_impegnata<=3,Residente,12,Sabato,20,0.264,2025
1.5<potenza_impegnata<=3,Residente,12,Sabato,19,0.27,2025
1.5<potenza_impegnata<=3,Residente,12,Sabato,1,0.11975,2025
1.5<potenza_impegnata<=3,Residente,12,Sabato,18,0.24125,2025
1.5<potenza_impegnata<=3,Residente,12,Sabato,17,0.21925,2025
1.5<potenza_impegnata<=3,Residente,12,Sabato,16,0.2025,2025
1.5<potenza_impegnata<=3,Residente,12,Sabato,15,0.2035,2025
1.5<potenza_impegnata<=3,Residente,12,Sabato,14,0.21575,2025
1.5<potenza_impegnata<=3,Residente,12,Sabato,13,0.22575,2025
1.5<potenza_impegnata<=3,Residente,12,Sabato,12,0.22425,2025
1.5<potenza_impegnata<=3,Residente,12,Sabato,11,0.21475,2025
1.5<potenza_impegnata<=3,Residente,12,Sabato,10,0.21075,2025
1.5<potenza_impegnata<=3,Residente,12,Sabato,9,0.2035,2025
1.5<potenza_impegnata<=3,Residente,12,Sabato,0,0.14775,2025
1.5<potenza_impegnata<=3,Residente,12,Giorno feriale,8,0.18729999999999997,2025
1.5<potenza_impegnata<=3,Residente,12,Giorno feriale,7,0.17495,2025
1.5<potenza_impegnata<=3,Residente,12,Giorno feriale,6,0.12764999999999999,2025
1.5<potenza_impegnata<=3,Residente,12,Giorno feriale,5,0.1012,2025
1.5<potenza_impegnata<=3,Residente,12,Giorno feriale,4,0.09305000000000001,2025
1.5<potenza_impegnata<=3,Residente,12,Giorno feriale,3,0.09430000000000001,2025
1.5<potenza_impegnata<=3,Residente,12,Giorno feriale,2,0.10149999999999999,2025
1.5<potenza_impegnata<=3,Residente,12,Giorno feriale,23,0.1875,2025
1.5<potenza_impegnata<=3,Residente,12,Giorno feriale,22,0.2294,2025
1.5<potenza_impegnata<=3,Residente,12,Giorno feriale,21,0.2648,2025
1.5<potenza_impegnata<=3,Residente,12,Giorno feriale,20,0.28559999999999997,2025
1.5<potenza_impegnata<=3,Residente,12,Giorno feriale,19,0.28335,2025
1.5<potenza_impegnata<=3,Residente,12,Giorno feriale,1,0.11735,2025
1.5<potenza_impegnata<=3,Residente,12,Giorno feriale,18,0.24435,2025
1.5<potenza_impegnata<=3,Residente,12,Giorno feriale,17,0.21390000000000003,2025
1.5<potenza_impegnata<=3,Residente,12,Giorno feriale,16,0.1907,2025
1.5<potenza_impegnata<=3,Residente,12,Giorno feriale,15,0.18575,2025
1.5<potenza_impegnata<=3,Residente,12,Giorno feriale,14,0.19234999999999997,2025
1.5<potenza_impegnata<=3,Residente,12,Giorno feriale,13,0.1984,2025
1.5<potenza_impegnata<=3,Residente,12,Giorno feriale,12,0.19455,2025
1.5<potenza_impegnata<=3,Residente,12,Giorno feriale,11,0.18455,2025
1.5<potenza_impegnata<=3,Residente,12,Giorno feriale,10,0.18235,2025
1.5<potenza_impegnata<=3,Residente,12,Giorno feriale,9,0.1872,2025
1.5<potenza_impegnata<=3,Residente,12,Giorno feriale,0,0.14735,2025
1.5<potenza_impegnata<=3,Residente,12,Domenica,8,0.16271428571428573,2025
1.5<potenza_impegnata<=3,Residente,12,Domenica,7,0.126,2025
1.5<potenza_impegnata<=3,Residente,12,Domenica,6,0.10614285714285714,2025
1.5<potenza_impegnata<=3,Residente,12,Domenica,5,0.09714285714285716,2025
1.5<potenza_impegnata<=3,Residente,12,Domenica,4,0.09471428571428572,2025
1.5<potenza_impegnata<=3,Residente,12,Domenica,3,0.09857142857142856,2025
1.5<potenza_impegnata<=3,Residente,12,Domenica,2,0.10828571428571429,2025
1.5<potenza_impegnata<=3,Residente,12,Domenica,23,0.17985714285714285,2025
1.5<potenza_impegnata<=3,Residente,12,Domenica,22,0.2147142857142857,2025
1.5<potenza_impegnata<=3,Residente,12,Domenica,21,0.2452857142857143,2025
1.5<potenza_impegnata<=3,Residente,12,Domenica,20,0.26471428571428574,2025
1.5<potenza_impegnata<=3,Residente,12,Domenica,19,0.26471428571428574,2025
1.5<potenza_impegnata<=3,Residente,12,Domenica,1,0.12614285714285714,2025
1.5<potenza_impegnata<=3,Residente,12,Domenica,18,0.2374285714285714,2025
1.5<potenza_impegnata<=3,Residente,12,Domenica,17,0.2167142857142857,2025
1.5<potenza_impegnata<=3,Residente,12,Domenica,16,0.20014285714285715,2025
1.5<potenza_impegnata<=3,Residente,12,Domenica,15,0.19985714285714287,2025
1.5<potenza_impegnata<=3,Residente,12,Domenica,14,0.21257142857142858,2025
1.5<potenza_impegnata<=3,Residente,12,Domenica,13,0.2307142857142857,2025
1.5<potenza_impegnata<=3,Residente,12,Domenica,12,0.24657142857142858,2025
1.5<potenza_impegnata<=3,Residente,12,Domenica,11,0.2372857142857143,2025
1.5<potenza_impegnata<=3,Residente,12,Domenica,10,0.2227142857142857,2025
1.5<potenza_impegnata<=3,Residente,12,Domenica,9,0.20057142857142857,2025
1.5<potenza_impegnata<=3,Residente,12,Domenica,0,0.15271428571428572,2025
1.5<potenza_impegnata<=3,Non Residente,12,Sabato,8,0.123,2025
1.5<potenza_impegnata<=3,Non Residente,12,Sabato,7,0.10275,2025
1.5<potenza_impegnata<=3,Non Residente,12,Sabato,6,0.08625,2025
1.5<potenza_impegnata<=3,Non Residente,12,Sabato,5,0.08075,2025
1.5<potenza_impegnata<=3,Non Residente,12,Sabato,4,0.0795,2025
1.5<potenza_impegnata<=3,Non Residente,12,Sabato,3,0.08325,2025
1.5<potenza_impegnata<=3,Non Residente,12,Sabato,2,0.09075,2025
1.5<potenza_impegnata<=3,Non Residente,12,Sabato,23,0.14025,2025
1.5<potenza_impegnata<=3,Non Residente,12,Sabato,22,0.157,2025
1.5<potenza_impegnata<=3,Non Residente,12,Sabato,21,0.1735,2025
1.5<potenza_impegnata<=3,Non Residente,12,Sabato,20,0.1865,2025
1.5<potenza_impegnata<=3,Non Residente,12,Sabato,19,0.18125,2025
1.5<potenza_impegnata<=3,Non Residente,12,Sabato,1,0.10425,2025
1.5<potenza_impegnata<=3,Non Residente,12,Sabato,18,0.16575,2025
1.5<potenza_impegnata<=3,Non Residente,12,Sabato,17,0.1565,2025
1.5<potenza_impegnata<=3,Non Residente,12,Sabato,16,0.1515,2025
1.5<potenza_impegnata<=3,Non Residente,12,Sabato,15,0.15475,2025
1.5<potenza_impegnata<=3,Non Residente,12,Sabato,14,0.1625,2025
1.5<potenza_impegnata<=3,Non Residente,12,Sabato,13,0.1695,2025
1.5<potenza_impegnata<=3,Non Residente,12,Sabato,12,0.16375,2025
1.5<potenza_impegnata<=3,Non Residente,12,Sabato,11,0.16025,2025
1.5<potenza_impegnata<=3,Non Residente,12,Sabato,10,0.15525,2025
1.5<potenza_impegnata<=3,Non Residente,12,Sabato,9,0.144,2025
1.5<potenza_impegnata<=3,Non Residente,12,Sabato,0,0.12375,2025
1.5<potenza_impegnata<=3,Non Residente,12,Giorno feriale,8,0.1518,2025
1.5<potenza_impegnata<=3,Non Residente,12,Giorno feriale,7,0.1355,2025
1.5<potenza_impegnata<=3,Non Residente,12,Giorno feriale,6,0.09855,2025
1.5<potenza_impegnata<=3,Non Residente,12,Giorno feriale,5,0.08345,2025
1.5<potenza_impegnata<=3,Non Residente,12,Giorno feriale,4,0.07990000000000001,2025
1.5<potenza_impegnata<=3,Non Residente,12,Giorno feriale,3,0.08265,2025
1.5<potenza_impegnata<=3,Non Residente,12,Giorno feriale,2,0.0907,2025
1.5<potenza_impegnata<=3,Non Residente,12,Giorno feriale,23,0.1574,2025
1.5<potenza_impegnata<=3,Non Residente,12,Giorno feriale,22,0.18385,2025
1.5<potenza_impegnata<=3,Non Residente,12,Giorno feriale,21,0.20575000000000002,2025
1.5<potenza_impegnata<=3,Non Residente,12,Giorno feriale,20,0.2184,2025
1.5<potenza_impegnata<=3,Non Residente,12,Giorno feriale,19,0.20354999999999998,2025
1.5<potenza_impegnata<=3,Non Residente,12,Giorno feriale,1,0.10645,2025
1.5<potenza_impegnata<=3,Non Residente,12,Giorno feriale,18,0.17295,2025
1.5<potenza_impegnata<=3,Non Residente,12,Giorno feriale,17,0.15430000000000002,2025
1.5<potenza_impegnata<=3,Non Residente,12,Giorno feriale,16,0.14325000000000002,2025
1.5<potenza_impegnata<=3,Non Residente,12,Giorno feriale,15,0.14265,2025
1.5<potenza_impegnata<=3,Non Residente,12,Giorno feriale,14,0.1485,2025
1.5<potenza_impegnata<=3,Non Residente,12,Giorno feriale,13,0.15409999999999996,2025
1.5<potenza_impegnata<=3,Non Residente,12,Giorno feriale,12,0.14805000000000001,2025
1.5<potenza_impegnata<=3,Non Residente,12,Giorno feriale,11,0.14409999999999998,2025
1.5<potenza_impegnata<=3,Non Residente,12,Giorno feriale,10,0.14525000000000002,2025
1.5<potenza_impegnata<=3,Non Residente,12,Giorno feriale,9,0.14975,2025
1.5<potenza_impegnata<=3,Non Residente,12,Giorno feriale,0,0.1323,2025
1.5<potenza_impegnata<=3,Non Residente,12,Domenica,8,0.10828571428571429,2025
1.5<potenza_impegnata<=3,Non Residente,12,Domenica,7,0.09057142857142857,2025
1.5<potenza_impegnata<=3,Non Residente,12,Domenica,6,0.08242857142857142,2025
1.5<potenza_impegnata<=3,Non Residente,12,Domenica,5,0.079,2025
1.5<potenza_impegnata<=3,Non Residente,12,Domenica,4,0.07914285714285715,2025
1.5<potenza_impegnata<=3,Non Residente,12,Domenica,3,0.08314285714285714,2025
1.5<potenza_impegnata<=3,Non Residente,12,Domenica,2,0.09114285714285715,2025
1.5<potenza_impegnata<=3,Non Residente,12,Domenica,23,0.14057142857142857,2025
1.5<potenza_impegnata<=3,Non Residente,12,Domenica,22,0.15971428571428573,2025
1.5<potenza_impegnata<=3,Non Residente,12,Domenica,21,0.1757142857142857,2025
1.5<potenza_impegnata<=3,Non Residente,12,Domenica,20,0.18557142857142855,2025
1.5<potenza_impegnata<=3,Non Residente,12,Domenica,19,0.17671428571428574,2025
1.5<potenza_impegnata<=3,Non Residente,12,Domenica,1,0.10357142857142856,2025
1.5<potenza_impegnata<=3,Non Residente,12,Domenica,18,0.15985714285714286,2025
1.5<potenza_impegnata<=3,Non Residente,12,Domenica,17,0.14928571428571427,2025
1.5<potenza_impegnata<=3,Non Residente,12,Domenica,16,0.14114285714285715,2025
1.5<potenza_impegnata<=3,Non Residente,12,Domenica,15,0.14214285714285715,2025
1.5<potenza_impegnata<=3,Non Residente,12,Domenica,14,0.15014285714285713,2025
1.5<potenza_impegnata<=3,Non Residente,12,Domenica,13,0.16114285714285712,2025
1.5<potenza_impegnata<=3,Non Residente,12,Domenica,12,0.16242857142857142,2025
1.5<potenza_impegnata<=3,Non Residente,12,Domenica,11,0.15685714285714286,2025
1.5<potenza_impegnata<=3,Non Residente,12,Domenica,10,0.14771428571428571,2025
1.5<potenza_impegnata<=3,Non Residente,12,Domenica,9,0.13114285714285714,2025
1.5<potenza_impegnata<=3,Non Residente,12,Domenica,0,0.12,2025
3<potenza_impegnata<=4.5,Tutti,anno,Giorno feriale,4,0.14574772898434757,2025
3<potenza_impegnata<=4.5,Non Residente,anno,Domenica,9,0.21694141495676023,2025
3<potenza_impegnata<=4.5,Residente,anno,Sabato,21,0.36062263227844066,2025
3<potenza_impegnata<=4.5,Tutti,anno,Giorno feriale,9,0.2602685454793081,2025
3<potenza_impegnata<=4.5,Tutti,anno,Domenica,16,0.28972331053272593,2025
3<potenza_impegnata<=4.5,Tutti,anno,Sabato,0,0.23159608761281678,2025
3<potenza_impegnata<=4.5,Non Residente,anno,Domenica,22,0.2848481412816235,2025
3<potenza_impegnata<=4.5,Tutti,anno,Sabato,8,0.2320952165293816,2025
3<potenza_impegnata<=4.5,Residente,anno,Giorno feriale,16,0.2682676654045145,2025
3<potenza_impegnata<=4.5,Residente,anno,Giorno feriale,13,0.2974480257336879,2025
3<potenza_impegnata<=4.5,Tutti,anno,Sabato,13,0.34134052126275966,2025
3<potenza_impegnata<=4.5,Tutti,anno,Giorno feriale,14,0.2759756901638709,2025
3<potenza_impegnata<=4.5,Residente,anno,Domenica,19,0.42060663321621145,2025
3<potenza_impegnata<=4.5,Tutti,anno,Sabato,12,0.3315525040003153,2025
3<potenza_impegnata<=4.5,Tutti,anno,Domenica,3,0.15276486803758588,2025
3<potenza_impegnata<=4.5,Non Residente,anno,Giorno feriale,11,0.22797277010533196,2025
3<potenza_impegnata<=4.5,Non Residente,anno,Giorno feriale,16,0.22283087607650975,2025
3<potenza_impegnata<=4.5,Non Residente,anno,Sabato,21,0.2868755011389059,2025
3<potenza_impegnata<=4.5,Non Residente,anno,Sabato,6,0.14359784460532138,2025
3<potenza_impegnata<=4.5,Residente,anno,Giorno feriale,2,0.16541455027871427,2025
3<potenza_impegnata<=4.5,Tutti,anno,Domenica,10,0.293369822482353,2025
3<potenza_impegnata<=4.5,Tutti,anno,Sabato,19,0.37911994805501914,2025
3<potenza_impegnata<=4.5,Tutti,anno,Sabato,1,0.19230781031017224,2025
3<potenza_impegnata<=4.5,Residente,anno,Domenica,5,0.14804672035096217,2025
3<potenza_impegnata<=4.5,Tutti,anno,Giorno feriale,23,0.28704197366401185,2025
3<potenza_impegnata<=4.5,Non Residente,anno,Domenica,7,0.15026173128655038,2025
3<potenza_impegnata<=4.5,Tutti,anno,Giorno feriale,0,0.2295825870362471,2025
3<potenza_impegnata<=4.5,Non Residente,anno,Domenica,17,0.24496084758996586,2025
3<potenza_impegnata<=4.5,Non Residente,anno,Domenica,10,0.2407672340508637,2025
3<potenza_impegnata<=4.5,Non Residente,anno,Giorno feriale,19,0.3284756814684698,2025
3<potenza_impegnata<=4.5,Non Residente,anno,Sabato,18,0.26395534412823957,2025
3<potenza_impegnata<=4.5,Non Residente,anno,Domenica,0,0.20426256364533568,2025
3<potenza_impegnata<=4.5,Residente,anno,Sabato,20,0.3969470370806299,2025
3<potenza_impegnata<=4.5,Non Residente,anno,Sabato,7,0.16524088915867127,2025
3<potenza_impegnata<=4.5,Residente,anno,Giorno feriale,4,0.14911022496907161,2025
3<potenza_impegnata<=4.5,Non Residente,anno,Giorno feriale,1,0.177928121114294,2025
3<potenza_impegnata<=4.5,Non Residente,anno,Domenica,11,0.2551365188292739,2025
3<potenza_impegnata<=4.5,Residente,anno,Giorno feriale,1,0.18824768516600987,2025
3<potenza_impegnata<=4.5,Tutti,anno,Sabato,23,0.26607194123674777,2025
3<potenza_impegnata<=4.5,Tutti,anno,Sabato,22,0.3073821513419777,2025
3<potenza_impegnata<=4.5,Residente,anno,Giorno feriale,15,0.2729813610799609,2025
3<potenza_impegnata<=4.5,Non Residente,anno,Giorno feriale,9,0.23950293095599517,2025
3<potenza_impegnata<=4.5,Tutti,anno,Sabato,11,0.2948371777085878,2025
3<potenza_impegnata<=4.5,Tutti,anno,Sabato,9,0.2710089270484373,2025
3<potenza_impegnata<=4.5,Residente,anno,Domenica,3,0.1552451077459817,2025
3<potenza_impegnata<=4.5,Tutti,anno,Giorno feriale,13,0.28673992298571416,2025
3<potenza_impegnata<=4.5,Residente,anno,Domenica,18,0.34792417468668635,2025
3<potenza_impegnata<=4.5,Non Residente,anno,Giorno feriale,20,0.35825101761750355,2025
3<potenza_impegnata<=4.5,Residente,anno,Domenica,12,0.37224742548775414,2025
3<potenza_impegnata<=4.5,Non Residente,anno,Giorno feriale,22,0.3052444495294578,2025
3<potenza_impegnata<=4.5,Tutti,anno,Domenica,0,0.22497339829421292,2025
3<potenza_impegnata<=4.5,Non Residente,anno,Sabato,16,0.24439431034272746,2025
3<potenza_impegnata<=4.5,Residente,anno,Giorno feriale,5,0.1538847402446405,2025
3<potenza_impegnata<=4.5,Non Residente,anno,Sabato,1,0.18128048248196224,2025
3<potenza_impegnata<=4.5,Residente,anno,Sabato,9,0.28070058046070023,2025
3<potenza_impegnata<=4.5,Residente,anno,Sabato,12,0.34581878802591376,2025
3<potenza_impegnata<=4.5,Residente,anno,Sabato,13,0.35506399334010114,2025
3<potenza_impegnata<=4.5,Non Residente,anno,Sabato,22,0.2613483909147384,2025
3<potenza_impegnata<=4.5,Non Residente,anno,Sabato,2,0.15961508532658786,2025
3<potenza_impegnata<=4.5,Non Residente,anno,Domenica,15,0.24609820407616323,2025
3<potenza_impegnata<=4.5,Non Residente,anno,Sabato,4,0.13919462399863575,2025
3<potenza_impegnata<=4.5,Residente,anno,Sabato,22,0.31866984512547375,2025
3<potenza_impegnata<=4.5,Residente,anno,Sabato,19,0.39912784470371304,2025
3<potenza_impegnata<=4.5,Non Residente,anno,Domenica,23,0.24866052637583366,2025
3<potenza_impegnata<=4.5,Non Residente,anno,Giorno feriale,13,0.25075672506591923,2025
3<potenza_impegnata<=4.5,Non Residente,anno,Sabato,8,0.19792615585754944,2025
3<potenza_impegnata<=4.5,Tutti,anno,Sabato,6,0.15794763189216884,2025
3<potenza_impegnata<=4.5,Residente,anno,Giorno feriale,17,0.28649324581984664,2025
3<potenza_impegnata<=4.5,Residente,anno,Giorno feriale,14,0.2871619952355105,2025
3<potenza_impegnata<=4.5,Tutti,anno,Domenica,18,0.33184410809641707,2025
3<potenza_impegnata<=4.5,Tutti,anno,Sabato,18,0.3226294010168289,2025
3<potenza_impegnata<=4.5,Tutti,anno,Sabato,17,0.29373911961533916,2025
3<potenza_impegnata<=4.5,Tutti,anno,Giorno feriale,8,0.26288727757846275,2025
3<potenza_impegnata<=4.5,Residente,anno,Domenica,8,0.22015381278814575,2025
3<potenza_impegnata<=4.5,Tutti,anno,Giorno feriale,7,0.24119537094942015,2025
3<potenza_impegnata<=4.5,Tutti,anno,Giorno feriale,6,0.17782309177578437,2025
3<potenza_impegnata<=4.5,Non Residente,anno,Domenica,8,0.1800592695085571,2025
3<potenza_impegnata<=4.5,Non Residente,anno,Domenica,13,0.28373844698419914,2025
3<potenza_impegnata<=4.5,Tutti,anno,Giorno feriale,19,0.4132745633098849,2025
3<potenza_impegnata<=4.5,Tutti,anno,Giorno feriale,1,0.18525149672793936,2025
3<potenza_impegnata<=4.5,Residente,anno,Domenica,23,0.28324425563932887,2025
3<potenza_impegnata<=4.5,Tutti,anno,Giorno feriale,16,0.25756111770851614,2025
3<potenza_impegnata<=4.5,Residente,anno,Domenica,4,0.14807788514029688,2025
3<potenza_impegnata<=4.5,Non Residente,anno,Domenica,6,0.1373650269315581,2025
3<potenza_impegnata<=4.5,Residente,anno,Domenica,20,0.4296462901489068,2025
3<potenza_impegnata<=4.5,Tutti,anno,Giorno feriale,10,0.25200006751328047,2025
3<potenza_impegnata<=4.5,Tutti,anno,Domenica,8,0.21226904601812915,2025
3<potenza_impegnata<=4.5,Residente,anno,Giorno feriale,9,0.26695760849768047,2025
3<potenza_impegnata<=4.5,Tutti,anno,Domenica,5,0.14529681372369618,2025
3<potenza_impegnata<=4.5,Residente,anno,Giorno feriale,10,0.25876808014707897,2025
3<potenza_impegnata<=4.5,Non Residente,anno,Domenica,5,0.13409602751783384,2025
3<potenza_impegnata<=4.5,Residente,anno,Domenica,17,0.31068417585575675,2025
3<potenza_impegnata<=4.5,Tutti,anno,Domenica,13,0.3460507893898106,2025
3<potenza_impegnata<=4.5,Tutti,anno,Domenica,14,0.3194309205427568,2025
3<potenza_impegnata<=4.5,Tutti,anno,Domenica,21,0.38054132262403334,2025
3<potenza_impegnata<=4.5,Non Residente,anno,Domenica,14,0.26153424386866186,2025
3<potenza_impegnata<=4.5,Tutti,anno,Sabato,21,0.34608946108067634,2025
3<potenza_impegnata<=4.5,Tutti,anno,Domenica,19,0.39877368210909236,2025
3<potenza_impegnata<=4.5,Tutti,anno,Sabato,4,0.14917284022386,2025
3<potenza_impegnata<=4.5,Residente,anno,Giorno feriale,19,0.4379041250268985,2025
3<potenza_impegnata<=4.5,Non Residente,anno,Domenica,3,0.1427495454429437,2025
3<potenza_impegnata<=4.5,Residente,anno,Giorno feriale,21,0.4212888003967323,2025
3<potenza_impegnata<=4.5,Tutti,anno,Domenica,9,0.26256498951595475,2025
3<potenza_impegnata<=4.5,Non Residente,anno,Sabato,15,0.25296854061691754,2025
3<potenza_impegnata<=4.5,Non Residente,anno,Domenica,12,0.27774145849237414,2025
3<potenza_impegnata<=4.5,Residente,anno,Domenica,0,0.2300288485305022,2025
3<potenza_impegnata<=4.5,Residente,anno,Giorno feriale,23,0.2952569522574938,2025
3<potenza_impegnata<=4.5,Non Residente,anno,Sabato,17,0.24697728623690057,2025
3<potenza_impegnata<=4.5,Residente,anno,Sabato,3,0.15819844110305187,2025
3<potenza_impegnata<=4.5,Non Residente,anno,Giorno feriale,18,0.2654977567548531,2025
3<potenza_impegnata<=4.5,Non Residente,anno,Sabato,5,0.13818634043745356,2025
3<potenza_impegnata<=4.5,Residente,anno,Giorno feriale,7,0.250762866269037,2025
3<potenza_impegnata<=4.5,Residente,anno,Giorno feriale,8,0.2700325044991443,2025
3<potenza_impegnata<=4.5,Non Residente,anno,Sabato,3,0.1461548871447771,2025
3<potenza_impegnata<=4.5,Residente,anno,Sabato,16,0.29928877115547775,2025
3<potenza_impegnata<=4.5,Residente,anno,Sabato,18,0.33692044544817,2025
3<potenza_impegnata<=4.5,Residente,anno,Sabato,15,0.31286423379285655,2025
3<potenza_impegnata<=4.5,Residente,anno,Sabato,14,0.3363215276081743,2025
3<potenza_impegnata<=4.5,Non Residente,anno,Giorno feriale,15,0.22710106197736638,2025
3<potenza_impegnata<=4.5,Residente,anno,Sabato,10,0.29503012907845244,2025
3<potenza_impegnata<=4.5,Non Residente,anno,Sabato,23,0.2335212865779633,2025
3<potenza_impegnata<=4.5,Residente,anno,Sabato,17,0.3052317822830996,2025
3<potenza_impegnata<=4.5,Residente,anno,Sabato,11,0.3049023970241335,2025
3<potenza_impegnata<=4.5,Non Residente,anno,Sabato,20,0.3074513208060449,2025
3<potenza_impegnata<=4.5,Non Residente,anno,Sabato,19,0.29716196825680397,2025
3<potenza_impegnata<=4.5,Residente,anno,Sabato,1,0.19503138896653865,2025
3<potenza_impegnata<=4.5,Non Residente,anno,Giorno feriale,14,0.23827954427808848,2025
3<potenza_impegnata<=4.5,Residente,anno,Sabato,0,0.23608932586914624,2025
3<potenza_impegnata<=4.5,Non Residente,anno,Giorno feriale,17,0.23331319641390133,2025
3<potenza_impegnata<=4.5,Non Residente,anno,Domenica,16,0.2394781719895553,2025
3<potenza_impegnata<=4.5,Residente,anno,Sabato,23,0.2740154526328179,2025
3<potenza_impegnata<=4.5,Residente,anno,Sabato,5,0.15238259275061672,2025
3<potenza_impegnata<=4.5,Residente,anno,Giorno feriale,6,0.18428370497399216,2025
3<potenza_impegnata<=4.5,Residente,anno,Sabato,2,0.17116145880229713,2025
3<potenza_impegnata<=4.5,Non Residente,anno,Domenica,21,0.3144773957156238,2025
3<potenza_impegnata<=4.5,Residente,anno,Sabato,4,0.15163188826278648,2025
3<potenza_impegnata<=4.5,Non Residente,anno,Domenica,2,0.15365819454724897,2025
3<potenza_impegnata<=4.5,Residente,anno,Giorno feriale,3,0.15421964157775694,2025
3<potenza_impegnata<=4.5,Non Residente,anno,Giorno feriale,12,0.24066081863022287,2025
3<potenza_impegnata<=4.5,Residente,anno,Sabato,6,0.16148082444447717,2025
3<potenza_impegnata<=4.5,Residente,anno,Sabato,7,0.19419604167586202,2025
3<potenza_impegnata<=4.5,Residente,anno,Sabato,8,0.24049375205363227,2025
3<potenza_impegnata<=4.5,Residente,anno,Giorno feriale,22,0.36429352726149433,2025
3<potenza_impegnata<=4.5,Residente,anno,Domenica,9,0.273767386291899,2025
3<potenza_impegnata<=4.5,Residente,anno,Giorno feriale,20,0.4520097753019682,2025
3<potenza_impegnata<=4.5,Tutti,anno,Domenica,11,0.3152369970549481,2025
3<potenza_impegnata<=4.5,Non Residente,anno,Sabato,14,0.26903154992711814,2025
3<potenza_impegnata<=4.5,Tutti,anno,Domenica,12,0.3536774863737065,2025
3<potenza_impegnata<=4.5,Non Residente,anno,Domenica,20,0.3308823714795418,2025
3<potenza_impegnata<=4.5,Residente,anno,Domenica,16,0.3020328466417738,2025
3<potenza_impegnata<=4.5,Residente,anno,Giorno feriale,18,0.3400158628478882,2025
3<potenza_impegnata<=4.5,Non Residente,anno,Giorno feriale,10,0.2305706367620958,2025
3<potenza_impegnata<=4.5,Tutti,anno,Sabato,3,0.15583554360934854,2025
3<potenza_impegnata<=4.5,Residente,anno,Domenica,13,0.36132222176916656,2025
3<potenza_impegnata<=4.5,Non Residente,anno,Giorno feriale,21,0.34024398765386415,2025
3<potenza_impegnata<=4.5,Non Residente,anno,Domenica,4,0.13566321889354765,2025
3<potenza_impegnata<=4.5,Residente,anno,Domenica,14,0.33367788968486567,2025
3<potenza_impegnata<=4.5,Tutti,anno,Domenica,20,0.41019695772940884,2025
3<potenza_impegnata<=4.5,Tutti,anno,Domenica,15,0.2997621726370415,2025
3<potenza_impegnata<=4.5,Residente,anno,Domenica,15,0.31291516584967183,2025
3<potenza_impegnata<=4.5,Residente,anno,Domenica,11,0.3299628133884212,2025
3<potenza_impegnata<=4.5,Tutti,anno,Domenica,22,0.33270165027292375,2025
3<potenza_impegnata<=4.5,Residente,anno,Giorno feriale,12,0.2857028203403986,2025
3<potenza_impegnata<=4.5,Tutti,anno,Sabato,16,0.2884886339021795,2025
3<potenza_impegnata<=4.5,Non Residente,anno,Giorno feriale,23,0.2617218655770184,2025
3<potenza_impegnata<=4.5,Tutti,anno,Sabato,15,0.3010731806250739,2025
3<potenza_impegnata<=4.5,Residente,anno,Giorno feriale,11,0.2609742888225007,2025
3<potenza_impegnata<=4.5,Tutti,anno,Sabato,14,0.3230503135616601,2025
3<potenza_impegnata<=4.5,Non Residente,anno,Giorno feriale,0,0.21894093965412315,2025
3<potenza_impegnata<=4.5,Non Residente,anno,Giorno feriale,2,0.1540279128582311,2025
3<potenza_impegnata<=4.5,Tutti,anno,Sabato,10,0.2855975685177156,2025
3<potenza_impegnata<=4.5,Residente,anno,Giorno feriale,0,0.23368893218772702,2025
3<potenza_impegnata<=4.5,Non Residente,anno,Domenica,18,0.26603843959774365,2025
3<potenza_impegnata<=4.5,Non Residente,anno,Giorno feriale,3,0.1414302292911882,2025
3<potenza_impegnata<=4.5,Residente,anno,Domenica,7,0.1746971304223992,2025
3<potenza_impegnata<=4.5,Tutti,anno,Giorno feriale,5,0.14994029984974552,2025
3<potenza_impegnata<=4.5,Residente,anno,Domenica,6,0.1541048586975387,2025
3<potenza_impegnata<=4.5,Tutti,anno,Giorno feriale,2,0.1623387860058185,2025
3<potenza_impegnata<=4.5,Non Residente,anno,Giorno feriale,4,0.13568398662586684,2025
3<potenza_impegnata<=4.5,Non Residente,anno,Giorno feriale,5,0.13757952114314176,2025
3<potenza_impegnata<=4.5,Residente,anno,Domenica,2,0.1664789696224766,2025
3<potenza_impegnata<=4.5,Tutti,anno,Giorno feriale,18,0.32279221094155375,2025
3<potenza_impegnata<=4.5,Tutti,anno,Giorno feriale,17,0.27386671283050196,2025
3<potenza_impegnata<=4.5,Tutti,anno,Giorno feriale,20,0.4307585749098746,2025
3<potenza_impegnata<=4.5,Non Residente,anno,Giorno feriale,6,0.15619290921096338,2025
3<potenza_impegnata<=4.5,Tutti,anno,Giorno feriale,21,0.4030691520332622,2025
3<potenza_impegnata<=4.5,Tutti,anno,Giorno feriale,15,0.26240357559953426,2025
3<potenza_impegnata<=4.5,Tutti,anno,Giorno feriale,22,0.35068092611865004,2025
3<potenza_impegnata<=4.5,Residente,anno,Domenica,22,0.34448313447692064,2025
3<potenza_impegnata<=4.5,Non Residente,anno,Domenica,1,0.17624180157582875,2025
3<potenza_impegnata<=4.5,Non Residente,anno,Giorno feriale,7,0.20884780361555821,2025
3<potenza_impegnata<=4.5,Tutti,anno,Giorno feriale,3,0.1509617838836019,2025
3<potenza_impegnata<=4.5,Residente,anno,Domenica,21,0.3967172760919435,2025
3<potenza_impegnata<=4.5,Tutti,anno,Giorno feriale,12,0.2754781367365717,2025
3<potenza_impegnata<=4.5,Tutti,anno,Giorno feriale,11,0.25322074742147255,2025
3<potenza_impegnata<=4.5,Non Residente,anno,Giorno feriale,8,0.24068052419550742,2025
3<potenza_impegnata<=4.5,Residente,anno,Domenica,1,0.19260800847372925,2025
3<potenza_impegnata<=4.5,Non Residente,anno,Sabato,0,0.21329956900226968,2025
3<potenza_impegnata<=4.5,Tutti,anno,Domenica,7,0.16987824713841923,2025
3<potenza_impegnata<=4.5,Tutti,anno,Domenica,6,0.15079356468876098,2025
3<potenza_impegnata<=4.5,Non Residente,anno,Sabato,9,0.231506550434652,2025
3<potenza_impegnata<=4.5,Tutti,anno,Domenica,4,0.14564903778231392,2025
3<potenza_impegnata<=4.5,Residente,anno,Domenica,10,0.30622009439018055,2025
3<potenza_impegnata<=4.5,Non Residente,anno,Domenica,19,0.30939847732667547,2025
3<potenza_impegnata<=4.5,Tutti,anno,Domenica,2,0.1639329824975882,2025
3<potenza_impegnata<=4.5,Tutti,anno,Domenica,23,0.2764128264104777,2025
3<potenza_impegnata<=4.5,Non Residente,anno,Sabato,10,0.24731310229039868,2025
3<potenza_impegnata<=4.5,Non Residente,anno,Sabato,11,0.2540214341688017,2025
3<potenza_impegnata<=4.5,Tutti,anno,Domenica,17,0.29773559394281524,2025
3<potenza_impegnata<=4.5,Tutti,anno,Sabato,20,0.37936290119418276,2025
3<potenza_impegnata<=4.5,Tutti,anno,Domenica,1,0.18939781015561866,2025
3<potenza_impegnata<=4.5,Non Residente,anno,Sabato,12,0.2731714625906963,2025
3<potenza_impegnata<=4.5,Tutti,anno,Sabato,2,0.16891377389350884,2025
3<potenza_impegnata<=4.5,Tutti,anno,Sabato,5,0.1495796843495054,2025
3<potenza_impegnata<=4.5,Non Residente,anno,Sabato,13,0.2851119514066808,2025
3<potenza_impegnata<=4.5,Tutti,anno,Sabato,7,0.1885214118551216,2025
3<potenza_impegnata<=4.5,Tutti,01,Giorno feriale,4,0.1441904761904762,2025
3<potenza_impegnata<=4.5,Non Residente,01,Domenica,9,0.2275,2025
3<potenza_impegnata<=4.5,Residente,01,Sabato,21,0.39325,2025
3<potenza_impegnata<=4.5,Tutti,01,Giorno feriale,9,0.29838095238095236,2025
3<potenza_impegnata<=4.5,Tutti,01,Domenica,16,0.3336666666666666,2025
3<potenza_impegnata<=4.5,Tutti,01,Sabato,0,0.22925,2025
3<potenza_impegnata<=4.5,Non Residente,01,Domenica,22,0.3026666666666667,2025
3<potenza_impegnata<=4.5,Tutti,01,Sabato,8,0.24975,2025
3<potenza_impegnata<=4.5,Residente,01,Giorno feriale,16,0.28761904761904755,2025
3<potenza_impegnata<=4.5,Residente,01,Giorno feriale,13,0.3264761904761905,2025
3<potenza_impegnata<=4.5,Tutti,01,Sabato,13,0.38675,2025
3<potenza_impegnata<=4.5,Tutti,01,Giorno feriale,14,0.30180952380952375,2025
3<potenza_impegnata<=4.5,Residente,01,Domenica,19,0.4848333333333333,2025
3<potenza_impegnata<=4.5,Tutti,01,Sabato,12,0.3785,2025
3<potenza_impegnata<=4.5,Tutti,01,Domenica,3,0.156,2025
3<potenza_impegnata<=4.5,Non Residente,01,Giorno feriale,11,0.2600952380952381,2025
3<potenza_impegnata<=4.5,Non Residente,01,Giorno feriale,16,0.2480952380952381,2025
3<potenza_impegnata<=4.5,Non Residente,01,Sabato,21,0.31975,2025
3<potenza_impegnata<=4.5,Non Residente,01,Sabato,6,0.15425,2025
3<potenza_impegnata<=4.5,Residente,01,Giorno feriale,2,0.15833333333333335,2025
3<potenza_impegnata<=4.5,Tutti,01,Domenica,10,0.33183333333333337,2025
3<potenza_impegnata<=4.5,Tutti,01,Sabato,19,0.44475,2025
3<potenza_impegnata<=4.5,Tutti,01,Sabato,1,0.188,2025
3<potenza_impegnata<=4.5,Residente,01,Domenica,5,0.14966666666666667,2025
3<potenza_impegnata<=4.5,Tutti,01,Giorno feriale,23,0.29628571428571426,2025
3<potenza_impegnata<=4.5,Non Residente,01,Domenica,7,0.15833333333333333,2025
3<potenza_impegnata<=4.5,Tutti,01,Giorno feriale,0,0.23123809523809527,2025
3<potenza_impegnata<=4.5,Non Residente,01,Domenica,17,0.28250000000000003,2025
3<potenza_impegnata<=4.5,Non Residente,01,Domenica,10,0.263,2025
3<potenza_impegnata<=4.5,Non Residente,01,Giorno feriale,19,0.37995238095238093,2025
3<potenza_impegnata<=4.5,Non Residente,01,Sabato,18,0.31025,2025
3<potenza_impegnata<=4.5,Non Residente,01,Domenica,0,0.21466666666666667,2025
3<potenza_impegnata<=4.5,Residente,01,Sabato,20,0.4475,2025
3<potenza_impegnata<=4.5,Non Residente,01,Sabato,7,0.175,2025
3<potenza_impegnata<=4.5,Residente,01,Giorno feriale,4,0.14447619047619048,2025
3<potenza_impegnata<=4.5,Non Residente,01,Giorno feriale,1,0.18685714285714286,2025
3<potenza_impegnata<=4.5,Non Residente,01,Domenica,11,0.2853333333333333,2025
3<potenza_impegnata<=4.5,Residente,01,Giorno feriale,1,0.1823809523809524,2025
3<potenza_impegnata<=4.5,Tutti,01,Sabato,23,0.27875,2025
3<potenza_impegnata<=4.5,Tutti,01,Sabato,22,0.32775,2025
3<potenza_impegnata<=4.5,Residente,01,Giorno feriale,15,0.29061904761904767,2025
3<potenza_impegnata<=4.5,Non Residente,01,Giorno feriale,9,0.2731904761904762,2025
3<potenza_impegnata<=4.5,Tutti,01,Sabato,11,0.337,2025
3<potenza_impegnata<=4.5,Tutti,01,Sabato,9,0.30125,2025
3<potenza_impegnata<=4.5,Residente,01,Domenica,3,0.15666666666666665,2025
3<potenza_impegnata<=4.5,Tutti,01,Giorno feriale,13,0.31890476190476186,2025
3<potenza_impegnata<=4.5,Residente,01,Domenica,18,0.4126666666666667,2025
3<potenza_impegnata<=4.5,Non Residente,01,Giorno feriale,20,0.4094761904761905,2025
3<potenza_impegnata<=4.5,Residente,01,Domenica,12,0.43450000000000005,2025
3<potenza_impegnata<=4.5,Non Residente,01,Giorno feriale,22,0.33447619047619054,2025
3<potenza_impegnata<=4.5,Tutti,01,Domenica,0,0.23383333333333334,2025
3<potenza_impegnata<=4.5,Non Residente,01,Sabato,16,0.27825,2025
3<potenza_impegnata<=4.5,Residente,01,Giorno feriale,5,0.15457142857142858,2025
3<potenza_impegnata<=4.5,Non Residente,01,Sabato,1,0.18825,2025
3<potenza_impegnata<=4.5,Residente,01,Sabato,9,0.31275,2025
3<potenza_impegnata<=4.5,Residente,01,Sabato,12,0.3945,2025
3<potenza_impegnata<=4.5,Residente,01,Sabato,13,0.40125,2025
3<potenza_impegnata<=4.5,Non Residente,01,Sabato,22,0.28425,2025
3<potenza_impegnata<=4.5,Non Residente,01,Sabato,2,0.16575,2025
3<potenza_impegnata<=4.5,Non Residente,01,Domenica,15,0.28150000000000003,2025
3<potenza_impegnata<=4.5,Non Residente,01,Sabato,4,0.1455,2025
3<potenza_impegnata<=4.5,Residente,01,Sabato,22,0.33825,2025
3<potenza_impegnata<=4.5,Residente,01,Sabato,19,0.46825,2025
3<potenza_impegnata<=4.5,Non Residente,01,Domenica,23,0.26016666666666666,2025
3<potenza_impegnata<=4.5,Non Residente,01,Giorno feriale,13,0.28761904761904755,2025
3<potenza_impegnata<=4.5,Non Residente,01,Sabato,8,0.2135,2025
3<potenza_impegnata<=4.5,Tutti,01,Sabato,6,0.1625,2025
3<potenza_impegnata<=4.5,Residente,01,Giorno feriale,17,0.3223809523809524,2025
3<potenza_impegnata<=4.5,Residente,01,Giorno feriale,14,0.3095714285714286,2025
3<potenza_impegnata<=4.5,Tutti,01,Domenica,18,0.39266666666666666,2025
3<potenza_impegnata<=4.5,Tutti,01,Sabato,18,0.3835,2025
3<potenza_impegnata<=4.5,Tutti,01,Sabato,17,0.34325,2025
3<potenza_impegnata<=4.5,Tutti,01,Giorno feriale,8,0.3022380952380952,2025
3<potenza_impegnata<=4.5,Residente,01,Domenica,8,0.22633333333333336,2025
3<potenza_impegnata<=4.5,Tutti,01,Giorno feriale,7,0.27714285714285714,2025
3<potenza_impegnata<=4.5,Tutti,01,Giorno feriale,6,0.1946190476190476,2025
3<potenza_impegnata<=4.5,Non Residente,01,Domenica,8,0.1865,2025
3<potenza_impegnata<=4.5,Non Residente,01,Domenica,13,0.32516666666666666,2025
3<potenza_impegnata<=4.5,Tutti,01,Giorno feriale,19,0.47514285714285714,2025
3<potenza_impegnata<=4.5,Tutti,01,Giorno feriale,1,0.1831904761904762,2025
3<potenza_impegnata<=4.5,Residente,01,Domenica,23,0.28783333333333333,2025
3<potenza_impegnata<=4.5,Tutti,01,Giorno feriale,16,0.27985714285714286,2025
3<potenza_impegnata<=4.5,Residente,01,Domenica,4,0.14833333333333334,2025
3<potenza_impegnata<=4.5,Non Residente,01,Domenica,6,0.1495,2025
3<potenza_impegnata<=4.5,Residente,01,Domenica,20,0.4745,2025
3<potenza_impegnata<=4.5,Tutti,01,Giorno feriale,10,0.2878095238095238,2025
3<potenza_impegnata<=4.5,Tutti,01,Domenica,8,0.2185,2025
3<potenza_impegnata<=4.5,Residente,01,Giorno feriale,9,0.3046666666666667,2025
3<potenza_impegnata<=4.5,Tutti,01,Domenica,5,0.14883333333333335,2025
3<potenza_impegnata<=4.5,Residente,01,Giorno feriale,10,0.2935714285714286,2025
3<potenza_impegnata<=4.5,Non Residente,01,Domenica,5,0.14533333333333334,2025
3<potenza_impegnata<=4.5,Residente,01,Domenica,17,0.3675,2025
3<potenza_impegnata<=4.5,Tutti,01,Domenica,13,0.40199999999999997,2025
3<potenza_impegnata<=4.5,Tutti,01,Domenica,14,0.36833333333333335,2025
3<potenza_impegnata<=4.5,Tutti,01,Domenica,21,0.408,2025
3<potenza_impegnata<=4.5,Non Residente,01,Domenica,14,0.3016666666666667,2025
3<potenza_impegnata<=4.5,Tutti,01,Sabato,21,0.37875,2025
3<potenza_impegnata<=4.5,Tutti,01,Domenica,19,0.45999999999999996,2025
3<potenza_impegnata<=4.5,Tutti,01,Sabato,4,0.14475,2025
3<potenza_impegnata<=4.5,Residente,01,Giorno feriale,19,0.49809523809523815,2025
3<potenza_impegnata<=4.5,Non Residente,01,Domenica,3,0.1535,2025
3<potenza_impegnata<=4.5,Residente,01,Giorno feriale,21,0.45285714285714285,2025
3<potenza_impegnata<=4.5,Tutti,01,Domenica,9,0.2816666666666667,2025
3<potenza_impegnata<=4.5,Non Residente,01,Sabato,15,0.2885,2025
3<potenza_impegnata<=4.5,Non Residente,01,Domenica,12,0.314,2025
3<potenza_impegnata<=4.5,Residente,01,Domenica,0,0.23850000000000002,2025
3<potenza_impegnata<=4.5,Residente,01,Giorno feriale,23,0.2996666666666667,2025
3<potenza_impegnata<=4.5,Non Residente,01,Sabato,17,0.287,2025
3<potenza_impegnata<=4.5,Residente,01,Sabato,3,0.1505,2025
3<potenza_impegnata<=4.5,Non Residente,01,Giorno feriale,18,0.30628571428571433,2025
3<potenza_impegnata<=4.5,Non Residente,01,Sabato,5,0.1465,2025
3<potenza_impegnata<=4.5,Residente,01,Giorno feriale,7,0.2868095238095238,2025
3<potenza_impegnata<=4.5,Residente,01,Giorno feriale,8,0.3086666666666667,2025
3<potenza_impegnata<=4.5,Non Residente,01,Sabato,3,0.15175,2025
3<potenza_impegnata<=4.5,Residente,01,Sabato,16,0.3355,2025
3<potenza_impegnata<=4.5,Residente,01,Sabato,18,0.401,2025
3<potenza_impegnata<=4.5,Residente,01,Sabato,15,0.34875,2025
3<potenza_impegnata<=4.5,Residente,01,Sabato,14,0.37725,2025
3<potenza_impegnata<=4.5,Non Residente,01,Giorno feriale,15,0.253952380952381,2025
3<potenza_impegnata<=4.5,Residente,01,Sabato,10,0.3375,2025
3<potenza_impegnata<=4.5,Non Residente,01,Sabato,23,0.25125,2025
3<potenza_impegnata<=4.5,Residente,01,Sabato,17,0.35675,2025
3<potenza_impegnata<=4.5,Residente,01,Sabato,11,0.349,2025
3<potenza_impegnata<=4.5,Non Residente,01,Sabato,20,0.35325,2025
3<potenza_impegnata<=4.5,Non Residente,01,Sabato,19,0.3465,2025
3<potenza_impegnata<=4.5,Residente,01,Sabato,1,0.188,2025
3<potenza_impegnata<=4.5,Non Residente,01,Giorno feriale,14,0.27,2025
3<potenza_impegnata<=4.5,Residente,01,Sabato,0,0.23075,2025
3<potenza_impegnata<=4.5,Non Residente,01,Giorno feriale,17,0.26442857142857146,2025
3<potenza_impegnata<=4.5,Non Residente,01,Domenica,16,0.2738333333333333,2025
3<potenza_impegnata<=4.5,Residente,01,Sabato,23,0.28525,2025
3<potenza_impegnata<=4.5,Residente,01,Sabato,5,0.14925,2025
3<potenza_impegnata<=4.5,Residente,01,Giorno feriale,6,0.19957142857142857,2025
3<potenza_impegnata<=4.5,Residente,01,Sabato,2,0.163,2025
3<potenza_impegnata<=4.5,Non Residente,01,Domenica,21,0.34149999999999997,2025
3<potenza_impegnata<=4.5,Residente,01,Sabato,4,0.14475,2025
3<potenza_impegnata<=4.5,Non Residente,01,Domenica,2,0.16733333333333333,2025
3<potenza_impegnata<=4.5,Residente,01,Giorno feriale,3,0.1473809523809524,2025
3<potenza_impegnata<=4.5,Non Residente,01,Giorno feriale,12,0.2749047619047619,2025
3<potenza_impegnata<=4.5,Residente,01,Sabato,6,0.1645,2025
3<potenza_impegnata<=4.5,Residente,01,Sabato,7,0.2015,2025
3<potenza_impegnata<=4.5,Residente,01,Sabato,8,0.2585,2025
3<potenza_impegnata<=4.5,Residente,01,Giorno feriale,22,0.37947619047619047,2025
3<potenza_impegnata<=4.5,Residente,01,Domenica,9,0.29483333333333334,2025
3<potenza_impegnata<=4.5,Residente,01,Giorno feriale,20,0.4971428571428571,2025
3<potenza_impegnata<=4.5,Tutti,01,Domenica,11,0.36516666666666664,2025
3<potenza_impegnata<=4.5,Non Residente,01,Sabato,14,0.30875,2025
3<potenza_impegnata<=4.5,Tutti,01,Domenica,12,0.41100000000000003,2025
3<potenza_impegnata<=4.5,Non Residente,01,Domenica,20,0.37033333333333335,2025
3<potenza_impegnata<=4.5,Residente,01,Domenica,16,0.3481666666666667,2025
3<potenza_impegnata<=4.5,Residente,01,Giorno feriale,18,0.39200000000000007,2025
3<potenza_impegnata<=4.5,Non Residente,01,Giorno feriale,10,0.2641904761904762,2025
3<potenza_impegnata<=4.5,Tutti,01,Sabato,3,0.15075,2025
3<potenza_impegnata<=4.5,Residente,01,Domenica,13,0.4203333333333333,2025
3<potenza_impegnata<=4.5,Non Residente,01,Giorno feriale,21,0.37995238095238093,2025
3<potenza_impegnata<=4.5,Non Residente,01,Domenica,4,0.14583333333333334,2025
3<potenza_impegnata<=4.5,Residente,01,Domenica,14,0.3845,2025
3<potenza_impegnata<=4.5,Tutti,01,Domenica,20,0.45416666666666666,2025
3<potenza_impegnata<=4.5,Tutti,01,Domenica,15,0.3436666666666666,2025
3<potenza_impegnata<=4.5,Residente,01,Domenica,15,0.3586666666666667,2025
3<potenza_impegnata<=4.5,Residente,01,Domenica,11,0.38433333333333336,2025
3<potenza_impegnata<=4.5,Tutti,01,Domenica,22,0.3473333333333333,2025
3<potenza_impegnata<=4.5,Residente,01,Giorno feriale,12,0.31685714285714284,2025
3<potenza_impegnata<=4.5,Tutti,01,Sabato,16,0.3245,2025
3<potenza_impegnata<=4.5,Non Residente,01,Giorno feriale,23,0.2823333333333333,2025
3<potenza_impegnata<=4.5,Tutti,01,Sabato,15,0.337,2025
3<potenza_impegnata<=4.5,Residente,01,Giorno feriale,11,0.2925238095238096,2025
3<potenza_impegnata<=4.5,Tutti,01,Sabato,14,0.36375,2025
3<potenza_impegnata<=4.5,Non Residente,01,Giorno feriale,0,0.23195238095238094,2025
3<potenza_impegnata<=4.5,Non Residente,01,Giorno feriale,2,0.16128571428571428,2025
3<potenza_impegnata<=4.5,Tutti,01,Sabato,10,0.326,2025
3<potenza_impegnata<=4.5,Residente,01,Giorno feriale,0,0.23119047619047617,2025
3<potenza_impegnata<=4.5,Non Residente,01,Domenica,18,0.30983333333333335,2025
3<potenza_impegnata<=4.5,Non Residente,01,Giorno feriale,3,0.14804761904761904,2025
3<potenza_impegnata<=4.5,Residente,01,Domenica,7,0.17916666666666667,2025
3<potenza_impegnata<=4.5,Tutti,01,Giorno feriale,5,0.15333333333333332,2025
3<potenza_impegnata<=4.5,Residente,01,Domenica,6,0.15916666666666665,2025
3<potenza_impegnata<=4.5,Tutti,01,Giorno feriale,2,0.15895238095238096,2025
3<potenza_impegnata<=4.5,Non Residente,01,Giorno feriale,4,0.14323809523809525,2025
3<potenza_impegnata<=4.5,Non Residente,01,Giorno feriale,5,0.1480952380952381,2025
3<potenza_impegnata<=4.5,Residente,01,Domenica,2,0.17316666666666666,2025
3<potenza_impegnata<=4.5,Tutti,01,Giorno feriale,18,0.3752857142857143,2025
3<potenza_impegnata<=4.5,Tutti,01,Giorno feriale,17,0.3110952380952381,2025
3<potenza_impegnata<=4.5,Tutti,01,Giorno feriale,20,0.48009523809523813,2025
3<potenza_impegnata<=4.5,Non Residente,01,Giorno feriale,6,0.174,2025
3<potenza_impegnata<=4.5,Tutti,01,Giorno feriale,21,0.4385714285714286,2025
3<potenza_impegnata<=4.5,Tutti,01,Giorno feriale,15,0.2834761904761905,2025
3<potenza_impegnata<=4.5,Tutti,01,Giorno feriale,22,0.37066666666666664,2025
3<potenza_impegnata<=4.5,Residente,01,Domenica,22,0.3581666666666667,2025
3<potenza_impegnata<=4.5,Non Residente,01,Domenica,1,0.18899999999999997,2025
3<potenza_impegnata<=4.5,Non Residente,01,Giorno feriale,7,0.2370952380952381,2025
3<potenza_impegnata<=4.5,Tutti,01,Giorno feriale,3,0.14752380952380953,2025
3<potenza_impegnata<=4.5,Residente,01,Domenica,21,0.424,2025
3<potenza_impegnata<=4.5,Tutti,01,Giorno feriale,12,0.3087142857142857,2025
3<potenza_impegnata<=4.5,Tutti,01,Giorno feriale,11,0.28614285714285714,2025
3<potenza_impegnata<=4.5,Non Residente,01,Giorno feriale,8,0.27547619047619043,2025
3<potenza_impegnata<=4.5,Residente,01,Domenica,1,0.1995,2025
3<potenza_impegnata<=4.5,Non Residente,01,Sabato,0,0.22325,2025
3<potenza_impegnata<=4.5,Tutti,01,Domenica,7,0.17516666666666666,2025
3<potenza_impegnata<=4.5,Tutti,01,Domenica,6,0.15733333333333333,2025
3<potenza_impegnata<=4.5,Non Residente,01,Sabato,9,0.2545,2025
3<potenza_impegnata<=4.5,Tutti,01,Domenica,4,0.14783333333333334,2025
3<potenza_impegnata<=4.5,Residente,01,Domenica,10,0.34850000000000003,2025
3<potenza_impegnata<=4.5,Non Residente,01,Domenica,19,0.35733333333333334,2025
3<potenza_impegnata<=4.5,Tutti,01,Domenica,2,0.17200000000000001,2025
3<potenza_impegnata<=4.5,Tutti,01,Domenica,23,0.28250000000000003,2025
3<potenza_impegnata<=4.5,Non Residente,01,Sabato,10,0.27925,2025
3<potenza_impegnata<=4.5,Non Residente,01,Sabato,11,0.28775,2025
3<potenza_impegnata<=4.5,Tutti,01,Domenica,17,0.351,2025
3<potenza_impegnata<=4.5,Tutti,01,Sabato,20,0.42925,2025
3<potenza_impegnata<=4.5,Tutti,01,Domenica,1,0.1975,2025
3<potenza_impegnata<=4.5,Non Residente,01,Sabato,12,0.3125,2025
3<potenza_impegnata<=4.5,Tutti,01,Sabato,2,0.1635,2025
3<potenza_impegnata<=4.5,Tutti,01,Sabato,5,0.14875,2025
3<potenza_impegnata<=4.5,Non Residente,01,Sabato,13,0.327,2025
3<potenza_impegnata<=4.5,Tutti,01,Sabato,7,0.1965,2025
3<potenza_impegnata<=4.5,Residente,02,Domenica,19,0.5035,2025
3<potenza_impegnata<=4.5,Residente,02,Sabato,21,0.3905,2025
3<potenza_impegnata<=4.5,Tutti,02,Giorno feriale,21,0.4349,2025
3<potenza_impegnata<=4.5,Tutti,02,Domenica,19,0.47975,2025
3<potenza_impegnata<=4.5,Non Residente,02,Domenica,22,0.3255,2025
3<potenza_impegnata<=4.5,Tutti,02,Sabato,22,0.3245,2025
3<potenza_impegnata<=4.5,Residente,02,Giorno feriale,16,0.26770000000000005,2025
3<potenza_impegnata<=4.5,Tutti,02,Giorno feriale,18,0.3611,2025
3<potenza_impegnata<=4.5,Residente,02,Giorno feriale,17,0.29485,2025
3<potenza_impegnata<=4.5,Residente,02,Domenica,12,0.44225,2025
3<potenza_impegnata<=4.5,Non Residente,02,Giorno feriale,11,0.25684999999999997,2025
3<potenza_impegnata<=4.5,Non Residente,02,Giorno feriale,16,0.2384,2025
3<potenza_impegnata<=4.5,Non Residente,02,Sabato,21,0.3285,2025
3<potenza_impegnata<=4.5,Non Residente,02,Sabato,6,0.155,2025
3<potenza_impegnata<=4.5,Residente,02,Giorno feriale,2,0.15394999999999998,2025
3<potenza_impegnata<=4.5,Tutti,02,Domenica,10,0.34375,2025
3<potenza_impegnata<=4.5,Non Residente,02,Domenica,7,0.166,2025
3<potenza_impegnata<=4.5,Tutti,02,Giorno feriale,22,0.3659,2025
3<potenza_impegnata<=4.5,Residente,02,Giorno feriale,10,0.2814,2025
3<potenza_impegnata<=4.5,Tutti,02,Sabato,16,0.328,2025
3<potenza_impegnata<=4.5,Tutti,02,Sabato,17,0.3375,2025
3<potenza_impegnata<=4.5,Tutti,02,Domenica,2,0.16825,2025
3<potenza_impegnata<=4.5,Non Residente,02,Giorno feriale,19,0.38105,2025
3<potenza_impegnata<=4.5,Non Residente,02,Sabato,18,0.31875,2025
3<potenza_impegnata<=4.5,Non Residente,02,Domenica,0,0.228,2025
3<potenza_impegnata<=4.5,Residente,02,Sabato,20,0.449,2025
3<potenza_impegnata<=4.5,Non Residente,02,Sabato,7,0.178,2025
3<potenza_impegnata<=4.5,Residente,02,Giorno feriale,4,0.1398,2025
3<potenza_impegnata<=4.5,Non Residente,02,Giorno feriale,1,0.18575,2025
3<potenza_impegnata<=4.5,Non Residente,02,Domenica,11,0.30575,2025
3<potenza_impegnata<=4.5,Tutti,02,Giorno feriale,0,0.22835,2025
3<potenza_impegnata<=4.5,Non Residente,02,Giorno feriale,3,0.1446,2025
3<potenza_impegnata<=4.5,Residente,02,Domenica,20,0.49525,2025
3<potenza_impegnata<=4.5,Tutti,02,Giorno feriale,11,0.27490000000000003,2025
3<potenza_impegnata<=4.5,Tutti,02,Giorno feriale,3,0.14325,2025
3<potenza_impegnata<=4.5,Tutti,02,Sabato,0,0.2325,2025
3<potenza_impegnata<=4.5,Non Residente,02,Giorno feriale,0,0.2324,2025
3<potenza_impegnata<=4.5,Tutti,02,Giorno feriale,8,0.2992,2025
3<potenza_impegnata<=4.5,Tutti,02,Sabato,20,0.43275,2025
3<potenza_impegnata<=4.5,Tutti,02,Sabato,7,0.2,2025
3<potenza_impegnata<=4.5,Residente,02,Giorno feriale,1,0.17829999999999996,2025
3<potenza_impegnata<=4.5,Tutti,02,Domenica,7,0.17925,2025
3<potenza_impegnata<=4.5,Non Residente,02,Giorno feriale,2,0.1582,2025
3<potenza_impegnata<=4.5,Tutti,02,Domenica,6,0.15625,2025
3<potenza_impegnata<=4.5,Tutti,02,Domenica,0,0.23625,2025
3<potenza_impegnata<=4.5,Non Residente,02,Sabato,16,0.28625,2025
3<potenza_impegnata<=4.5,Residente,02,Giorno feriale,5,0.15019999999999997,2025
3<potenza_impegnata<=4.5,Non Residente,02,Sabato,1,0.19175,2025
3<potenza_impegnata<=4.5,Residente,02,Sabato,9,0.324,2025
3<potenza_impegnata<=4.5,Residente,02,Sabato,12,0.41625,2025
3<potenza_impegnata<=4.5,Residente,02,Sabato,13,0.418,2025
3<potenza_impegnata<=4.5,Non Residente,02,Sabato,22,0.29025,2025
3<potenza_impegnata<=4.5,Non Residente,02,Sabato,2,0.16825,2025
3<potenza_impegnata<=4.5,Non Residente,02,Domenica,15,0.283,2025
3<potenza_impegnata<=4.5,Non Residente,02,Sabato,4,0.14625,2025
3<potenza_impegnata<=4.5,Residente,02,Sabato,22,0.33275,2025
3<potenza_impegnata<=4.5,Residente,02,Sabato,19,0.4725,2025
3<potenza_impegnata<=4.5,Non Residente,02,Domenica,23,0.2755,2025
3<potenza_impegnata<=4.5,Non Residente,02,Giorno feriale,13,0.27980000000000005,2025
3<potenza_impegnata<=4.5,Non Residente,02,Sabato,8,0.21875,2025
3<potenza_impegnata<=4.5,Tutti,02,Domenica,3,0.15225,2025
3<potenza_impegnata<=4.5,Residente,02,Domenica,17,0.34925,2025
3<potenza_impegnata<=4.5,Tutti,02,Giorno feriale,9,0.29114999999999996,2025
3<potenza_impegnata<=4.5,Tutti,02,Domenica,18,0.396,2025
3<potenza_impegnata<=4.5,Tutti,02,Sabato,19,0.45075,2025
3<potenza_impegnata<=4.5,Non Residente,02,Sabato,10,0.29025,2025
3<potenza_impegnata<=4.5,Tutti,02,Giorno feriale,15,0.26980000000000004,2025
3<potenza_impegnata<=4.5,Tutti,02,Giorno feriale,19,0.4702,2025
3<potenza_impegnata<=4.5,Non Residente,02,Giorno feriale,6,0.17250000000000001,2025
3<potenza_impegnata<=4.5,Residente,02,Domenica,7,0.1825,2025
3<potenza_impegnata<=4.5,Tutti,02,Giorno feriale,23,0.29205000000000003,2025
3<potenza_impegnata<=4.5,Residente,02,Giorno feriale,11,0.27935,2025
3<potenza_impegnata<=4.5,Tutti,02,Giorno feriale,7,0.27765000000000006,2025
3<potenza_impegnata<=4.5,Non Residente,02,Giorno feriale,9,0.27425,2025
3<potenza_impegnata<=4.5,Residente,02,Giorno feriale,0,0.2274,2025
3<potenza_impegnata<=4.5,Tutti,02,Sabato,23,0.276,2025
3<potenza_impegnata<=4.5,Non Residente,02,Domenica,8,0.2015,2025
3<potenza_impegnata<=4.5,Tutti,02,Sabato,6,0.16225,2025
3<potenza_impegnata<=4.5,Residente,02,Domenica,4,0.144,2025
3<potenza_impegnata<=4.5,Non Residente,02,Giorno feriale,4,0.13995,2025
3<potenza_impegnata<=4.5,Tutti,02,Sabato,8,0.25675,2025
3<potenza_impegnata<=4.5,Residente,02,Domenica,10,0.3585,2025
3<potenza_impegnata<=4.5,Non Residente,02,Domenica,9,0.2475,2025
3<potenza_impegnata<=4.5,Non Residente,02,Giorno feriale,20,0.41475,2025
3<potenza_impegnata<=4.5,Tutti,02,Domenica,21,0.42675,2025
3<potenza_impegnata<=4.5,Tutti,02,Domenica,16,0.3185,2025
3<potenza_impegnata<=4.5,Tutti,02,Domenica,17,0.3365,2025
3<potenza_impegnata<=4.5,Tutti,02,Domenica,1,0.19625,2025
3<potenza_impegnata<=4.5,Non Residente,02,Domenica,17,0.284,2025
3<potenza_impegnata<=4.5,Residente,02,Domenica,18,0.414,2025
3<potenza_impegnata<=4.5,Tutti,02,Domenica,5,0.14625,2025
3<potenza_impegnata<=4.5,Non Residente,02,Sabato,13,0.34475,2025
3<potenza_impegnata<=4.5,Residente,02,Giorno feriale,19,0.4918,2025
3<potenza_impegnata<=4.5,Non Residente,02,Domenica,3,0.15575,2025
3<potenza_impegnata<=4.5,Residente,02,Giorno feriale,21,0.44749999999999995,2025
3<potenza_impegnata<=4.5,Tutti,02,Domenica,9,0.2985,2025
3<potenza_impegnata<=4.5,Non Residente,02,Sabato,15,0.29725,2025
3<potenza_impegnata<=4.5,Non Residente,02,Domenica,12,0.33475,2025
3<potenza_impegnata<=4.5,Residente,02,Domenica,0,0.23825,2025
3<potenza_impegnata<=4.5,Residente,02,Giorno feriale,23,0.2946,2025
3<potenza_impegnata<=4.5,Non Residente,02,Sabato,17,0.291,2025
3<potenza_impegnata<=4.5,Residente,02,Sabato,3,0.1485,2025
3<potenza_impegnata<=4.5,Non Residente,02,Giorno feriale,18,0.2996,2025
3<potenza_impegnata<=4.5,Non Residente,02,Sabato,5,0.147,2025
3<potenza_impegnata<=4.5,Residente,02,Giorno feriale,7,0.2865,2025
3<potenza_impegnata<=4.5,Residente,02,Giorno feriale,8,0.30415000000000003,2025
3<potenza_impegnata<=4.5,Non Residente,02,Sabato,3,0.15325,2025
3<potenza_impegnata<=4.5,Residente,02,Sabato,16,0.33825,2025
3<potenza_impegnata<=4.5,Residente,02,Sabato,18,0.4,2025
3<potenza_impegnata<=4.5,Residente,02,Sabato,15,0.35525,2025
3<potenza_impegnata<=4.5,Residente,02,Sabato,14,0.388,2025
3<potenza_impegnata<=4.5,Non Residente,02,Giorno feriale,15,0.24634999999999999,2025
3<potenza_impegnata<=4.5,Residente,02,Sabato,10,0.34975,2025
3<potenza_impegnata<=4.5,Non Residente,02,Sabato,23,0.25425,2025
3<potenza_impegnata<=4.5,Residente,02,Sabato,17,0.34875,2025
3<potenza_impegnata<=4.5,Residente,02,Sabato,11,0.36625,2025
3<potenza_impegnata<=4.5,Non Residente,02,Sabato,20,0.36575,2025
3<potenza_impegnata<=4.5,Non Residente,02,Sabato,19,0.3615,2025
3<potenza_impegnata<=4.5,Residente,02,Sabato,1,0.189,2025
3<potenza_impegnata<=4.5,Non Residente,02,Giorno feriale,14,0.26280000000000003,2025
3<potenza_impegnata<=4.5,Residente,02,Sabato,0,0.2335,2025
3<potenza_impegnata<=4.5,Non Residente,02,Giorno feriale,17,0.25205,2025
3<potenza_impegnata<=4.5,Non Residente,02,Domenica,16,0.27375,2025
3<potenza_impegnata<=4.5,Residente,02,Sabato,23,0.28125,2025
3<potenza_impegnata<=4.5,Residente,02,Sabato,5,0.14775,2025
3<potenza_impegnata<=4.5,Residente,02,Giorno feriale,6,0.19695000000000001,2025
3<potenza_impegnata<=4.5,Residente,02,Sabato,2,0.162,2025
3<potenza_impegnata<=4.5,Non Residente,02,Domenica,21,0.3715,2025
3<potenza_impegnata<=4.5,Residente,02,Sabato,4,0.143,2025
3<potenza_impegnata<=4.5,Non Residente,02,Domenica,2,0.17225,2025
3<potenza_impegnata<=4.5,Residente,02,Giorno feriale,3,0.143,2025
3<potenza_impegnata<=4.5,Non Residente,02,Giorno feriale,12,0.26905,2025
3<potenza_impegnata<=4.5,Residente,02,Sabato,6,0.164,2025
3<potenza_impegnata<=4.5,Residente,02,Sabato,7,0.20525,2025
3<potenza_impegnata<=4.5,Residente,02,Sabato,8,0.266,2025
3<potenza_impegnata<=4.5,Residente,02,Giorno feriale,22,0.3733,2025
3<potenza_impegnata<=4.5,Residente,02,Domenica,9,0.311,2025
3<potenza_impegnata<=4.5,Residente,02,Giorno feriale,20,0.49304999999999993,2025
3<potenza_impegnata<=4.5,Tutti,02,Domenica,11,0.37525,2025
3<potenza_impegnata<=4.5,Non Residente,02,Sabato,14,0.3205,2025
3<potenza_impegnata<=4.5,Tutti,02,Domenica,12,0.42125,2025
3<potenza_impegnata<=4.5,Non Residente,02,Domenica,20,0.404,2025
3<potenza_impegnata<=4.5,Non Residente,02,Giorno feriale,23,0.2822,2025
3<potenza_impegnata<=4.5,Residente,02,Domenica,16,0.32925,2025
3<potenza_impegnata<=4.5,Tutti,02,Domenica,4,0.14475,2025
3<potenza_impegnata<=4.5,Non Residente,02,Domenica,5,0.14675,2025
3<potenza_impegnata<=4.5,Tutti,02,Sabato,5,0.1475,2025
3<potenza_impegnata<=4.5,Residente,02,Domenica,1,0.19625,2025
3<potenza_impegnata<=4.5,Residente,02,Domenica,13,0.4175,2025
3<potenza_impegnata<=4.5,Tutti,02,Sabato,21,0.37825,2025
3<potenza_impegnata<=4.5,Non Residente,02,Giorno feriale,21,0.38325,2025
3<potenza_impegnata<=4.5,Non Residente,02,Domenica,4,0.14775,2025
3<potenza_impegnata<=4.5,Residente,02,Domenica,14,0.377,2025
3<potenza_impegnata<=4.5,Tutti,02,Giorno feriale,10,0.2775,2025
3<potenza_impegnata<=4.5,Tutti,02,Domenica,20,0.4775,2025
3<potenza_impegnata<=4.5,Tutti,02,Domenica,15,0.33275,2025
3<potenza_impegnata<=4.5,Residente,02,Domenica,15,0.34475,2025
3<potenza_impegnata<=4.5,Residente,02,Domenica,11,0.39225,2025
3<potenza_impegnata<=4.5,Tutti,02,Domenica,22,0.358,2025
3<potenza_impegnata<=4.5,Tutti,02,Giorno feriale,12,0.2954,2025
3<potenza_impegnata<=4.5,Residente,02,Domenica,21,0.44025,2025
3<potenza_impegnata<=4.5,Residente,02,Giorno feriale,12,0.30175,2025
3<potenza_impegnata<=4.5,Non Residente,02,Domenica,19,0.3825,2025
3<potenza_impegnata<=4.5,Residente,02,Domenica,22,0.366,2025
3<potenza_impegnata<=4.5,Residente,02,Giorno feriale,18,0.376,2025
3<potenza_impegnata<=4.5,Residente,02,Domenica,23,0.28875,2025
3<potenza_impegnata<=4.5,Tutti,02,Giorno feriale,17,0.28650000000000003,2025
3<potenza_impegnata<=4.5,Non Residente,02,Sabato,0,0.22775,2025
3<potenza_impegnata<=4.5,Residente,02,Domenica,8,0.23975,2025
3<potenza_impegnata<=4.5,Tutti,02,Giorno feriale,6,0.19219999999999998,2025
3<potenza_impegnata<=4.5,Tutti,02,Giorno feriale,5,0.14915,2025
3<potenza_impegnata<=4.5,Tutti,02,Sabato,14,0.37475,2025
3<potenza_impegnata<=4.5,Tutti,02,Sabato,12,0.3995,2025
3<potenza_impegnata<=4.5,Non Residente,02,Domenica,1,0.1955,2025
3<potenza_impegnata<=4.5,Tutti,02,Sabato,18,0.384,2025
3<potenza_impegnata<=4.5,Tutti,02,Sabato,1,0.1895,2025
3<potenza_impegnata<=4.5,Residente,02,Domenica,6,0.15725,2025
3<potenza_impegnata<=4.5,Tutti,02,Sabato,10,0.33825,2025
3<potenza_impegnata<=4.5,Tutti,02,Giorno feriale,2,0.1547,2025
3<potenza_impegnata<=4.5,Residente,02,Domenica,5,0.146,2025
3<potenza_impegnata<=4.5,Non Residente,02,Domenica,18,0.32125,2025
3<potenza_impegnata<=4.5,Residente,02,Giorno feriale,9,0.29534999999999995,2025
3<potenza_impegnata<=4.5,Non Residente,02,Sabato,12,0.33025,2025
3<potenza_impegnata<=4.5,Non Residente,02,Giorno feriale,7,0.24074999999999996,2025
3<potenza_impegnata<=4.5,Tutti,02,Giorno feriale,16,0.26195,2025
3<potenza_impegnata<=4.5,Tutti,02,Giorno feriale,4,0.13985000000000003,2025
3<potenza_impegnata<=4.5,Non Residente,02,Giorno feriale,8,0.2792,2025
3<potenza_impegnata<=4.5,Tutti,02,Giorno feriale,14,0.28884999999999994,2025
3<potenza_impegnata<=4.5,Tutti,02,Giorno feriale,20,0.47775,2025
3<potenza_impegnata<=4.5,Residente,02,Domenica,3,0.1515,2025
3<potenza_impegnata<=4.5,Tutti,02,Sabato,9,0.31225,2025
3<potenza_impegnata<=4.5,Tutti,02,Domenica,13,0.40225,2025
3<potenza_impegnata<=4.5,Tutti,02,Giorno feriale,1,0.1797,2025
3<potenza_impegnata<=4.5,Residente,02,Domenica,2,0.1675,2025
3<potenza_impegnata<=4.5,Tutti,02,Domenica,23,0.28625,2025
3<potenza_impegnata<=4.5,Tutti,02,Sabato,11,0.35425,2025
3<potenza_impegnata<=4.5,Tutti,02,Domenica,14,0.36325,2025
3<potenza_impegnata<=4.5,Non Residente,02,Giorno feriale,5,0.14494999999999997,2025
3<potenza_impegnata<=4.5,Tutti,02,Sabato,13,0.40375,2025
3<potenza_impegnata<=4.5,Non Residente,02,Domenica,13,0.3395,2025
3<potenza_impegnata<=4.5,Non Residente,02,Sabato,9,0.263,2025
3<potenza_impegnata<=4.5,Tutti,02,Sabato,15,0.344,2025
3<potenza_impegnata<=4.5,Tutti,02,Giorno feriale,13,0.30415000000000003,2025
3<potenza_impegnata<=4.5,Residente,02,Giorno feriale,13,0.31,2025
3<potenza_impegnata<=4.5,Non Residente,02,Domenica,6,0.15275,2025
3<potenza_impegnata<=4.5,Residente,02,Giorno feriale,14,0.29525,2025
3<potenza_impegnata<=4.5,Non Residente,02,Sabato,11,0.30425,2025
3<potenza_impegnata<=4.5,Residente,02,Giorno feriale,15,0.27549999999999997,2025
3<potenza_impegnata<=4.5,Non Residente,02,Domenica,14,0.307,2025
3<potenza_impegnata<=4.5,Tutti,02,Domenica,8,0.23225,2025
3<potenza_impegnata<=4.5,Tutti,02,Sabato,2,0.16325,2025
3<potenza_impegnata<=4.5,Non Residente,02,Giorno feriale,22,0.3355,2025
3<potenza_impegnata<=4.5,Tutti,02,Sabato,3,0.1495,2025
3<potenza_impegnata<=4.5,Tutti,02,Sabato,4,0.14375,2025
3<potenza_impegnata<=4.5,Non Residente,02,Giorno feriale,10,0.26165000000000005,2025
3<potenza_impegnata<=4.5,Non Residente,02,Domenica,10,0.28275,2025
3<potenza_impegnata<=4.5,Tutti,03,Giorno feriale,4,0.12961904761904763,2025
3<potenza_impegnata<=4.5,Residente,03,Giorno feriale,6,0.18104761904761904,2025
3<potenza_impegnata<=4.5,Tutti,03,Giorno feriale,9,0.26280952380952377,2025
3<potenza_impegnata<=4.5,Tutti,03,Domenica,14,0.3252,2025
3<potenza_impegnata<=4.5,Non Residente,03,Sabato,18,0.27040000000000003,2025
3<potenza_impegnata<=4.5,Residente,03,Giorno feriale,17,0.25171428571428567,2025
3<potenza_impegnata<=4.5,Tutti,03,Sabato,13,0.3554,2025
3<potenza_impegnata<=4.5,Residente,03,Domenica,19,0.4572,2025
3<potenza_impegnata<=4.5,Non Residente,03,Domenica,4,0.12940000000000002,2025
3<potenza_impegnata<=4.5,Residente,03,Sabato,5,0.136,2025
3<potenza_impegnata<=4.5,Residente,03,Sabato,10,0.3154,2025
3<potenza_impegnata<=4.5,Residente,03,Domenica,5,0.1356,2025
3<potenza_impegnata<=4.5,Residente,03,Giorno feriale,13,0.2788571428571428,2025
3<potenza_impegnata<=4.5,Tutti,03,Domenica,1,0.174,2025
3<potenza_impegnata<=4.5,Tutti,03,Domenica,9,0.2742,2025
3<potenza_impegnata<=4.5,Residente,03,Sabato,23,0.2546,2025
3<potenza_impegnata<=4.5,Non Residente,03,Domenica,23,0.2476,2025
3<potenza_impegnata<=4.5,Residente,03,Sabato,9,0.29900000000000004,2025
3<potenza_impegnata<=4.5,Residente,03,Giorno feriale,4,0.13085714285714287,2025
3<potenza_impegnata<=4.5,Non Residente,03,Sabato,14,0.2774,2025
3<potenza_impegnata<=4.5,Tutti,03,Sabato,8,0.2408,2025
3<potenza_impegnata<=4.5,Non Residente,03,Giorno feriale,10,0.22857142857142856,2025
3<potenza_impegnata<=4.5,Tutti,03,Sabato,18,0.3298,2025
3<potenza_impegnata<=4.5,Tutti,03,Giorno feriale,6,0.1755238095238095,2025
3<potenza_impegnata<=4.5,Tutti,03,Giorno feriale,19,0.4289523809523809,2025
3<potenza_impegnata<=4.5,Non Residente,03,Domenica,8,0.1806,2025
3<potenza_impegnata<=4.5,Tutti,03,Domenica,8,0.2152,2025
3<potenza_impegnata<=4.5,Residente,03,Domenica,16,0.29159999999999997,2025
3<potenza_impegnata<=4.5,Residente,03,Domenica,10,0.324,2025
3<potenza_impegnata<=4.5,Residente,03,Sabato,8,0.2506,2025
3<potenza_impegnata<=4.5,Residente,03,Sabato,6,0.151,2025
3<potenza_impegnata<=4.5,Non Residente,03,Domenica,2,0.11939999999999999,2025
3<potenza_impegnata<=4.5,Non Residente,03,Sabato,3,0.13240000000000002,2025
3<potenza_impegnata<=4.5,Residente,03,Sabato,19,0.4264,2025
3<potenza_impegnata<=4.5,Non Residente,03,Sabato,2,0.1442,2025
3<potenza_impegnata<=4.5,Non Residente,03,Sabato,23,0.22200000000000003,2025
3<potenza_impegnata<=4.5,Non Residente,03,Sabato,17,0.24500000000000002,2025
3<potenza_impegnata<=4.5,Residente,03,Giorno feriale,19,0.45052380952380955,2025
3<potenza_impegnata<=4.5,Non Residente,03,Domenica,20,0.3648,2025
3<potenza_impegnata<=4.5,Tutti,03,Sabato,4,0.1316,2025
3<potenza_impegnata<=4.5,Tutti,03,Sabato,16,0.2798,2025
3<potenza_impegnata<=4.5,Residente,03,Giorno feriale,11,0.24966666666666665,2025
3<potenza_impegnata<=4.5,Tutti,03,Sabato,14,0.32839999999999997,2025
3<potenza_impegnata<=4.5,Tutti,03,Giorno feriale,2,0.1422857142857143,2025
3<potenza_impegnata<=4.5,Residente,03,Domenica,2,0.1224,2025
3<potenza_impegnata<=4.5,Residente,03,Domenica,1,0.1754,2025
3<potenza_impegnata<=4.5,Tutti,03,Domenica,23,0.2672,2025
3<potenza_impegnata<=4.5,Residente,03,Domenica,13,0.3762,2025
3<potenza_impegnata<=4.5,Tutti,03,Domenica,18,0.33799999999999997,2025
3<potenza_impegnata<=4.5,Tutti,03,Domenica,15,0.2976,2025
3<potenza_impegnata<=4.5,Non Residente,03,Domenica,3,0.13640000000000002,2025
3<potenza_impegnata<=4.5,Non Residente,03,Domenica,11,0.26880000000000004,2025
3<potenza_impegnata<=4.5,Non Residente,03,Sabato,7,0.1618,2025
3<potenza_impegnata<=4.5,Residente,03,Sabato,4,0.1326,2025
3<potenza_impegnata<=4.5,Non Residente,03,Sabato,6,0.1348,2025
3<potenza_impegnata<=4.5,Residente,03,Sabato,1,0.1698,2025
3<potenza_impegnata<=4.5,Residente,03,Sabato,18,0.3442,2025
3<potenza_impegnata<=4.5,Residente,03,Sabato,16,0.2888,2025
3<potenza_impegnata<=4.5,Residente,03,Sabato,15,0.3076,2025
3<potenza_impegnata<=4.5,Non Residente,03,Sabato,22,0.25579999999999997,2025
3<potenza_impegnata<=4.5,Residente,03,Sabato,14,0.3408,2025
3<potenza_impegnata<=4.5,Residente,03,Sabato,11,0.32639999999999997,2025
3<potenza_impegnata<=4.5,Non Residente,03,Sabato,20,0.3238,2025
3<potenza_impegnata<=4.5,Non Residente,03,Sabato,19,0.31579999999999997,2025
3<potenza_impegnata<=4.5,Residente,03,Sabato,0,0.2092,2025
3<potenza_impegnata<=4.5,Non Residente,03,Sabato,4,0.1272,2025
3<potenza_impegnata<=4.5,Residente,03,Giorno feriale,5,0.13957142857142857,2025
3<potenza_impegnata<=4.5,Non Residente,03,Domenica,21,0.3388,2025
3<potenza_impegnata<=4.5,Residente,03,Giorno feriale,3,0.13347619047619047,2025
3<potenza_impegnata<=4.5,Non Residente,03,Sabato,16,0.2428,2025
3<potenza_impegnata<=4.5,Non Residente,03,Sabato,8,0.2002,2025
3<potenza_impegnata<=4.5,Residente,03,Giorno feriale,22,0.34609523809523807,2025
3<potenza_impegnata<=4.5,Non Residente,03,Domenica,12,0.2956,2025
3<potenza_impegnata<=4.5,Residente,03,Domenica,0,0.2144,2025
3<potenza_impegnata<=4.5,Tutti,03,Sabato,2,0.147,2025
3<potenza_impegnata<=4.5,Residente,03,Giorno feriale,16,0.23523809523809525,2025
3<potenza_impegnata<=4.5,Residente,03,Giorno feriale,15,0.24538095238095237,2025
3<potenza_impegnata<=4.5,Non Residente,03,Giorno feriale,9,0.24333333333333335,2025
3<potenza_impegnata<=4.5,Residente,03,Giorno feriale,10,0.2524761904761905,2025
3<potenza_impegnata<=4.5,Tutti,03,Sabato,12,0.35459999999999997,2025
3<potenza_impegnata<=4.5,Non Residente,03,Domenica,9,0.22200000000000003,2025
3<potenza_impegnata<=4.5,Residente,03,Giorno feriale,9,0.26752380952380955,2025
3<potenza_impegnata<=4.5,Tutti,03,Giorno feriale,3,0.13233333333333333,2025
3<potenza_impegnata<=4.5,Tutti,03,Giorno feriale,23,0.2663333333333333,2025
3<potenza_impegnata<=4.5,Tutti,03,Giorno feriale,22,0.3375238095238095,2025
3<potenza_impegnata<=4.5,Residente,03,Domenica,4,0.1342,2025
3<potenza_impegnata<=4.5,Tutti,03,Giorno feriale,21,0.40238095238095234,2025
3<potenza_impegnata<=4.5,Non Residente,03,Domenica,13,0.302,2025
3<potenza_impegnata<=4.5,Tutti,03,Giorno feriale,20,0.44180952380952376,2025
3<potenza_impegnata<=4.5,Non Residente,03,Domenica,7,0.1478,2025
3<potenza_impegnata<=4.5,Tutti,03,Giorno feriale,18,0.3102380952380952,2025
3<potenza_impegnata<=4.5,Tutti,03,Giorno feriale,15,0.23890476190476193,2025
3<potenza_impegnata<=4.5,Residente,03,Domenica,21,0.41479999999999995,2025
3<potenza_impegnata<=4.5,Tutti,03,Giorno feriale,12,0.2643809523809524,2025
3<potenza_impegnata<=4.5,Residente,03,Domenica,8,0.22360000000000002,2025
3<potenza_impegnata<=4.5,Tutti,03,Giorno feriale,0,0.20866666666666664,2025
3<potenza_impegnata<=4.5,Tutti,03,Domenica,7,0.16599999999999998,2025
3<potenza_impegnata<=4.5,Residente,03,Domenica,18,0.3538,2025
3<potenza_impegnata<=4.5,Tutti,03,Domenica,4,0.1332,2025
3<potenza_impegnata<=4.5,Residente,03,Giorno feriale,12,0.2716190476190476,2025
3<potenza_impegnata<=4.5,Residente,03,Domenica,15,0.3094,2025
3<potenza_impegnata<=4.5,Tutti,03,Domenica,21,0.4,2025
3<potenza_impegnata<=4.5,Residente,03,Giorno feriale,14,0.26461904761904764,2025
3<potenza_impegnata<=4.5,Tutti,03,Domenica,20,0.4462,2025
3<potenza_impegnata<=4.5,Non Residente,03,Domenica,14,0.2726,2025
3<potenza_impegnata<=4.5,Residente,03,Domenica,12,0.3966,2025
3<potenza_impegnata<=4.5,Tutti,03,Domenica,16,0.2814,2025
3<potenza_impegnata<=4.5,Tutti,03,Domenica,12,0.37679999999999997,2025
3<potenza_impegnata<=4.5,Tutti,03,Domenica,11,0.3338,2025
3<potenza_impegnata<=4.5,Residente,03,Domenica,9,0.2868,2025
3<potenza_impegnata<=4.5,Tutti,03,Domenica,10,0.30979999999999996,2025
3<potenza_impegnata<=4.5,Non Residente,03,Giorno feriale,11,0.22219047619047622,2025
3<potenza_impegnata<=4.5,Tutti,03,Domenica,0,0.21080000000000002,2025
3<potenza_impegnata<=4.5,Residente,03,Sabato,7,0.1936,2025
3<potenza_impegnata<=4.5,Non Residente,03,Giorno feriale,12,0.23414285714285712,2025
3<potenza_impegnata<=4.5,Residente,03,Sabato,3,0.1366,2025
3<potenza_impegnata<=4.5,Residente,03,Sabato,2,0.1476,2025
3<potenza_impegnata<=4.5,Non Residente,03,Sabato,5,0.1274,2025
3<potenza_impegnata<=4.5,Non Residente,03,Giorno feriale,13,0.244,2025
3<potenza_impegnata<=4.5,Non Residente,03,Domenica,15,0.2494,2025
3<potenza_impegnata<=4.5,Non Residente,03,Giorno feriale,14,0.22790476190476192,2025
3<potenza_impegnata<=4.5,Residente,03,Sabato,17,0.29460000000000003,2025
3<potenza_impegnata<=4.5,Non Residente,03,Giorno feriale,15,0.212047619047619,2025
3<potenza_impegnata<=4.5,Residente,03,Sabato,13,0.369,2025
3<potenza_impegnata<=4.5,Non Residente,03,Sabato,21,0.2904,2025
3<potenza_impegnata<=4.5,Residente,03,Sabato,12,0.3702,2025
3<potenza_impegnata<=4.5,Non Residente,03,Domenica,22,0.2958,2025
3<potenza_impegnata<=4.5,Non Residente,03,Giorno feriale,16,0.20423809523809522,2025
3<potenza_impegnata<=4.5,Residente,03,Sabato,20,0.40919999999999995,2025
3<potenza_impegnata<=4.5,Non Residente,03,Giorno feriale,17,0.21433333333333335,2025
3<potenza_impegnata<=4.5,Residente,03,Sabato,21,0.3568,2025
3<potenza_impegnata<=4.5,Residente,03,Giorno feriale,8,0.27714285714285714,2025
3<potenza_impegnata<=4.5,Non Residente,03,Domenica,0,0.19619999999999999,2025
3<potenza_impegnata<=4.5,Non Residente,03,Sabato,1,0.16499999999999998,2025
3<potenza_impegnata<=4.5,Residente,03,Sabato,22,0.3044,2025
3<potenza_impegnata<=4.5,Residente,03,Giorno feriale,7,0.25980952380952377,2025
3<potenza_impegnata<=4.5,Non Residente,03,Domenica,16,0.2392,2025
3<potenza_impegnata<=4.5,Non Residente,03,Giorno feriale,18,0.25661904761904764,2025
3<potenza_impegnata<=4.5,Non Residente,03,Giorno feriale,1,0.16290476190476189,2025
3<potenza_impegnata<=4.5,Residente,03,Giorno feriale,2,0.14309523809523808,2025
3<potenza_impegnata<=4.5,Residente,03,Giorno feriale,23,0.2702380952380952,2025
3<potenza_impegnata<=4.5,Non Residente,03,Sabato,15,0.2556,2025
3<potenza_impegnata<=4.5,Residente,03,Giorno feriale,21,0.41547619047619044,2025
3<potenza_impegnata<=4.5,Non Residente,03,Giorno feriale,19,0.33985714285714286,2025
3<potenza_impegnata<=4.5,Residente,03,Giorno feriale,20,0.4579523809523809,2025
3<potenza_impegnata<=4.5,Residente,03,Giorno feriale,1,0.1644761904761905,2025
3<potenza_impegnata<=4.5,Non Residente,03,Giorno feriale,20,0.375047619047619,2025
3<potenza_impegnata<=4.5,Residente,03,Giorno feriale,18,0.3231904761904762,2025
3<potenza_impegnata<=4.5,Tutti,03,Sabato,5,0.13440000000000002,2025
3<potenza_impegnata<=4.5,Non Residente,03,Domenica,17,0.2434,2025
3<potenza_impegnata<=4.5,Tutti,03,Sabato,3,0.1358,2025
3<potenza_impegnata<=4.5,Non Residente,03,Giorno feriale,21,0.348,2025
3<potenza_impegnata<=4.5,Tutti,03,Sabato,23,0.2484,2025
3<potenza_impegnata<=4.5,Tutti,03,Sabato,22,0.2948,2025
3<potenza_impegnata<=4.5,Tutti,03,Sabato,21,0.3438,2025
3<potenza_impegnata<=4.5,Tutti,03,Sabato,20,0.3926,2025
3<potenza_impegnata<=4.5,Non Residente,03,Giorno feriale,22,0.30233333333333334,2025
3<potenza_impegnata<=4.5,Tutti,03,Sabato,19,0.40499999999999997,2025
3<potenza_impegnata<=4.5,Tutti,03,Sabato,1,0.1688,2025
3<potenza_impegnata<=4.5,Non Residente,03,Domenica,10,0.2506,2025
3<potenza_impegnata<=4.5,Non Residente,03,Giorno feriale,23,0.25066666666666665,2025
3<potenza_impegnata<=4.5,Tutti,03,Sabato,15,0.2974,2025
3<potenza_impegnata<=4.5,Non Residente,03,Giorno feriale,0,0.2056190476190476,2025
3<potenza_impegnata<=4.5,Tutti,03,Sabato,11,0.315,2025
3<potenza_impegnata<=4.5,Non Residente,03,Giorno feriale,2,0.13923809523809524,2025
3<potenza_impegnata<=4.5,Tutti,03,Sabato,10,0.3044,2025
3<potenza_impegnata<=4.5,Tutti,03,Sabato,9,0.2874,2025
3<potenza_impegnata<=4.5,Residente,03,Giorno feriale,0,0.2094285714285714,2025
3<potenza_impegnata<=4.5,Non Residente,03,Domenica,18,0.273,2025
3<potenza_impegnata<=4.5,Non Residente,03,Giorno feriale,3,0.12776190476190474,2025
3<potenza_impegnata<=4.5,Residente,03,Domenica,7,0.1704,2025
3<potenza_impegnata<=4.5,Tutti,03,Giorno feriale,5,0.1372857142857143,2025
3<potenza_impegnata<=4.5,Residente,03,Domenica,6,0.1446,2025
3<potenza_impegnata<=4.5,Non Residente,03,Giorno feriale,4,0.12423809523809523,2025
3<potenza_impegnata<=4.5,Residente,03,Domenica,3,0.14079999999999998,2025
3<potenza_impegnata<=4.5,Non Residente,03,Giorno feriale,5,0.1281904761904762,2025
3<potenza_impegnata<=4.5,Tutti,03,Giorno feriale,1,0.16414285714285715,2025
3<potenza_impegnata<=4.5,Tutti,03,Giorno feriale,17,0.2443333333333333,2025
3<potenza_impegnata<=4.5,Residente,03,Domenica,23,0.272,2025
3<potenza_impegnata<=4.5,Non Residente,03,Giorno feriale,6,0.15295238095238095,2025
3<potenza_impegnata<=4.5,Tutti,03,Giorno feriale,16,0.22923809523809524,2025
3<potenza_impegnata<=4.5,Residente,03,Domenica,22,0.3446,2025
3<potenza_impegnata<=4.5,Non Residente,03,Domenica,1,0.1678,2025
3<potenza_impegnata<=4.5,Tutti,03,Giorno feriale,14,0.2574285714285714,2025
3<potenza_impegnata<=4.5,Tutti,03,Giorno feriale,13,0.27204761904761904,2025
3<potenza_impegnata<=4.5,Non Residente,03,Giorno feriale,7,0.21619047619047618,2025
3<potenza_impegnata<=4.5,Non Residente,03,Domenica,6,0.1318,2025
3<potenza_impegnata<=4.5,Tutti,03,Giorno feriale,11,0.24433333333333335,2025
3<potenza_impegnata<=4.5,Residente,03,Domenica,20,0.466,2025
3<potenza_impegnata<=4.5,Tutti,03,Giorno feriale,10,0.24776190476190474,2025
3<potenza_impegnata<=4.5,Non Residente,03,Giorno feriale,8,0.2501428571428571,2025
3<potenza_impegnata<=4.5,Tutti,03,Giorno feriale,7,0.2512857142857142,2025
3<potenza_impegnata<=4.5,Tutti,03,Giorno feriale,8,0.27185714285714285,2025
3<potenza_impegnata<=4.5,Tutti,03,Sabato,0,0.20659999999999998,2025
3<potenza_impegnata<=4.5,Non Residente,03,Sabato,0,0.1966,2025
3<potenza_impegnata<=4.5,Tutti,03,Domenica,6,0.142,2025
3<potenza_impegnata<=4.5,Tutti,03,Domenica,5,0.1342,2025
3<potenza_impegnata<=4.5,Non Residente,03,Domenica,5,0.12840000000000001,2025
3<potenza_impegnata<=4.5,Non Residente,03,Sabato,9,0.2392,2025
3<potenza_impegnata<=4.5,Residente,03,Domenica,17,0.2974,2025
3<potenza_impegnata<=4.5,Tutti,03,Domenica,3,0.13999999999999999,2025
3<potenza_impegnata<=4.5,Non Residente,03,Domenica,19,0.335,2025
3<potenza_impegnata<=4.5,Tutti,03,Domenica,2,0.12179999999999999,2025
3<potenza_impegnata<=4.5,Tutti,03,Sabato,17,0.2848,2025
3<potenza_impegnata<=4.5,Non Residente,03,Sabato,10,0.2582,2025
3<potenza_impegnata<=4.5,Tutti,03,Domenica,22,0.335,2025
3<potenza_impegnata<=4.5,Non Residente,03,Sabato,11,0.268,2025
3<potenza_impegnata<=4.5,Residente,03,Domenica,14,0.33799999999999997,2025
3<potenza_impegnata<=4.5,Tutti,03,Domenica,19,0.43339999999999995,2025
3<potenza_impegnata<=4.5,Non Residente,03,Sabato,12,0.2902,2025
3<potenza_impegnata<=4.5,Tutti,03,Domenica,17,0.2868,2025
3<potenza_impegnata<=4.5,Residente,03,Domenica,11,0.3496,2025
3<potenza_impegnata<=4.5,Tutti,03,Sabato,6,0.1478,2025
3<potenza_impegnata<=4.5,Non Residente,03,Sabato,13,0.2994,2025
3<potenza_impegnata<=4.5,Tutti,03,Sabato,7,0.1874,2025
3<potenza_impegnata<=4.5,Tutti,03,Domenica,13,0.36160000000000003,2025
3<potenza_impegnata<=4.5,Residente,04,Domenica,17,0.2363333333333333,2025
3<potenza_impegnata<=4.5,Residente,04,Domenica,15,0.253,2025
3<potenza_impegnata<=4.5,Residente,04,Domenica,13,0.3106666666666667,2025
3<potenza_impegnata<=4.5,Residente,04,Domenica,11,0.30283333333333334,2025
3<potenza_impegnata<=4.5,Residente,04,Domenica,9,0.251,2025
3<potenza_impegnata<=4.5,Non Residente,04,Sabato,8,0.17625,2025
3<potenza_impegnata<=4.5,Non Residente,04,Sabato,6,0.115,2025
3<potenza_impegnata<=4.5,Non Residente,04,Domenica,18,0.2011666666666667,2025
3<potenza_impegnata<=4.5,Non Residente,04,Sabato,5,0.1095,2025
3<potenza_impegnata<=4.5,Non Residente,04,Sabato,4,0.10875,2025
3<potenza_impegnata<=4.5,Non Residente,04,Sabato,2,0.126,2025
3<potenza_impegnata<=4.5,Non Residente,04,Sabato,22,0.2235,2025
3<potenza_impegnata<=4.5,Non Residente,04,Domenica,23,0.20266666666666666,2025
3<potenza_impegnata<=4.5,Non Residente,04,Sabato,20,0.26075,2025
3<potenza_impegnata<=4.5,Non Residente,04,Sabato,1,0.14525,2025
3<potenza_impegnata<=4.5,Non Residente,04,Sabato,17,0.18825,2025
3<potenza_impegnata<=4.5,Non Residente,04,Sabato,15,0.2045,2025
3<potenza_impegnata<=4.5,Non Residente,04,Sabato,13,0.24175,2025
3<potenza_impegnata<=4.5,Non Residente,04,Giorno feriale,0,0.18855,2025
3<potenza_impegnata<=4.5,Non Residente,04,Sabato,11,0.222,2025
3<potenza_impegnata<=4.5,Non Residente,04,Sabato,9,0.20925,2025
3<potenza_impegnata<=4.5,Non Residente,04,Sabato,0,0.17475,2025
3<potenza_impegnata<=4.5,Non Residente,04,Giorno feriale,8,0.22574999999999998,2025
3<potenza_impegnata<=4.5,Non Residente,04,Giorno feriale,6,0.13094999999999998,2025
3<potenza_impegnata<=4.5,Non Residente,04,Giorno feriale,5,0.11205000000000001,2025
3<potenza_impegnata<=4.5,Non Residente,04,Giorno feriale,4,0.10975000000000001,2025
3<potenza_impegnata<=4.5,Non Residente,04,Giorno feriale,2,0.12569999999999998,2025
3<potenza_impegnata<=4.5,Non Residente,04,Giorno feriale,22,0.27060000000000006,2025
3<potenza_impegnata<=4.5,Non Residente,04,Giorno feriale,20,0.31785,2025
3<potenza_impegnata<=4.5,Non Residente,04,Giorno feriale,19,0.27475,2025
3<potenza_impegnata<=4.5,Non Residente,04,Giorno feriale,1,0.14895,2025
3<potenza_impegnata<=4.5,Non Residente,04,Giorno feriale,21,0.30575,2025
3<potenza_impegnata<=4.5,Non Residente,04,Giorno feriale,18,0.2129,2025
3<potenza_impegnata<=4.5,Non Residente,04,Giorno feriale,23,0.2286,2025
3<potenza_impegnata<=4.5,Non Residente,04,Giorno feriale,17,0.18765,2025
3<potenza_impegnata<=4.5,Non Residente,04,Giorno feriale,3,0.11399999999999999,2025
3<potenza_impegnata<=4.5,Non Residente,04,Giorno feriale,15,0.19285,2025
3<potenza_impegnata<=4.5,Non Residente,04,Giorno feriale,14,0.20750000000000002,2025
3<potenza_impegnata<=4.5,Non Residente,04,Giorno feriale,16,0.18375,2025
3<potenza_impegnata<=4.5,Non Residente,04,Giorno feriale,13,0.2237,2025
3<potenza_impegnata<=4.5,Non Residente,04,Giorno feriale,12,0.21764999999999998,2025
3<potenza_impegnata<=4.5,Non Residente,04,Giorno feriale,11,0.20749999999999996,2025
3<potenza_impegnata<=4.5,Non Residente,04,Giorno feriale,10,0.2144,2025
3<potenza_impegnata<=4.5,Non Residente,04,Sabato,10,0.22075,2025
3<potenza_impegnata<=4.5,Non Residente,04,Giorno feriale,9,0.2258,2025
3<potenza_impegnata<=4.5,Non Residente,04,Sabato,12,0.236,2025
3<potenza_impegnata<=4.5,Non Residente,04,Domenica,8,0.15716666666666665,2025
3<potenza_impegnata<=4.5,Non Residente,04,Giorno feriale,7,0.18855,2025
3<potenza_impegnata<=4.5,Non Residente,04,Domenica,7,0.12733333333333333,2025
3<potenza_impegnata<=4.5,Non Residente,04,Sabato,14,0.2225,2025
3<potenza_impegnata<=4.5,Non Residente,04,Domenica,6,0.11183333333333334,2025
3<potenza_impegnata<=4.5,Non Residente,04,Sabato,16,0.192,2025
3<potenza_impegnata<=4.5,Non Residente,04,Domenica,5,0.10733333333333334,2025
3<potenza_impegnata<=4.5,Non Residente,04,Domenica,4,0.1075,2025
3<potenza_impegnata<=4.5,Non Residente,04,Sabato,18,0.20175,2025
3<potenza_impegnata<=4.5,Non Residente,04,Domenica,3,0.113,2025
3<potenza_impegnata<=4.5,Non Residente,04,Domenica,2,0.12416666666666666,2025
3<potenza_impegnata<=4.5,Non Residente,04,Sabato,19,0.23475,2025
3<potenza_impegnata<=4.5,Non Residente,04,Sabato,21,0.24825,2025
3<potenza_impegnata<=4.5,Non Residente,04,Domenica,22,0.23399999999999999,2025
3<potenza_impegnata<=4.5,Non Residente,04,Domenica,21,0.2615,2025
3<potenza_impegnata<=4.5,Non Residente,04,Sabato,23,0.1965,2025
3<potenza_impegnata<=4.5,Non Residente,04,Domenica,20,0.27099999999999996,2025
3<potenza_impegnata<=4.5,Non Residente,04,Sabato,3,0.11475,2025
3<potenza_impegnata<=4.5,Non Residente,04,Domenica,19,0.23983333333333334,2025
3<potenza_impegnata<=4.5,Non Residente,04,Domenica,1,0.1415,2025
3<potenza_impegnata<=4.5,Non Residente,04,Domenica,17,0.18433333333333335,2025
3<potenza_impegnata<=4.5,Non Residente,04,Domenica,16,0.18483333333333332,2025
3<potenza_impegnata<=4.5,Residente,04,Domenica,0,0.19316666666666668,2025
3<potenza_impegnata<=4.5,Non Residente,04,Domenica,15,0.19466666666666665,2025
3<potenza_impegnata<=4.5,Non Residente,04,Sabato,7,0.141,2025
3<potenza_impegnata<=4.5,Non Residente,04,Domenica,14,0.21033333333333334,2025
3<potenza_impegnata<=4.5,Residente,04,Domenica,10,0.2816666666666667,2025
3<potenza_impegnata<=4.5,Non Residente,04,Domenica,13,0.23366666666666666,2025
3<potenza_impegnata<=4.5,Non Residente,04,Domenica,12,0.23933333333333331,2025
3<potenza_impegnata<=4.5,Residente,04,Domenica,12,0.3365,2025
3<potenza_impegnata<=4.5,Non Residente,04,Domenica,11,0.22383333333333333,2025
3<potenza_impegnata<=4.5,Residente,04,Domenica,14,0.27599999999999997,2025
3<potenza_impegnata<=4.5,Non Residente,04,Domenica,10,0.21366666666666667,2025
3<potenza_impegnata<=4.5,Non Residente,04,Domenica,9,0.19083333333333333,2025
3<potenza_impegnata<=4.5,Residente,04,Domenica,16,0.23716666666666666,2025
3<potenza_impegnata<=4.5,Non Residente,04,Domenica,0,0.17,2025
3<potenza_impegnata<=4.5,Tutti,04,Sabato,8,0.20875,2025
3<potenza_impegnata<=4.5,Tutti,04,Sabato,6,0.13025,2025
3<potenza_impegnata<=4.5,Tutti,04,Sabato,4,0.11925,2025
3<potenza_impegnata<=4.5,Tutti,04,Sabato,2,0.13425,2025
3<potenza_impegnata<=4.5,Tutti,04,Sabato,22,0.2675,2025
3<potenza_impegnata<=4.5,Tutti,04,Sabato,20,0.3365,2025
3<potenza_impegnata<=4.5,Tutti,04,Sabato,1,0.154,2025
3<potenza_impegnata<=4.5,Residente,04,Giorno feriale,7,0.23135,2025
3<potenza_impegnata<=4.5,Tutti,04,Sabato,17,0.2265,2025
3<potenza_impegnata<=4.5,Tutti,04,Sabato,15,0.2495,2025
3<potenza_impegnata<=4.5,Tutti,04,Sabato,13,0.296,2025
3<potenza_impegnata<=4.5,Tutti,04,Sabato,12,0.2925,2025
3<potenza_impegnata<=4.5,Residente,04,Sabato,12,0.30625,2025
3<potenza_impegnata<=4.5,Tutti,04,Sabato,11,0.26225,2025
3<potenza_impegnata<=4.5,Tutti,04,Sabato,9,0.2475,2025
3<potenza_impegnata<=4.5,Tutti,04,Giorno feriale,8,0.24925000000000003,2025
3<potenza_impegnata<=4.5,Tutti,04,Giorno feriale,6,0.15435,2025
3<potenza_impegnata<=4.5,Residente,04,Sabato,18,0.26225,2025
3<potenza_impegnata<=4.5,Tutti,04,Giorno feriale,4,0.12004999999999999,2025
3<potenza_impegnata<=4.5,Tutti,04,Giorno feriale,2,0.1333,2025
3<potenza_impegnata<=4.5,Tutti,04,Giorno feriale,23,0.25205,2025
3<potenza_impegnata<=4.5,Tutti,04,Giorno feriale,22,0.31505000000000005,2025
3<potenza_impegnata<=4.5,Tutti,04,Giorno feriale,20,0.39335,2025
3<potenza_impegnata<=4.5,Tutti,04,Giorno feriale,1,0.15475,2025
3<potenza_impegnata<=4.5,Residente,04,Sabato,3,0.12625,2025
3<potenza_impegnata<=4.5,Tutti,04,Giorno feriale,17,0.21915,2025
3<potenza_impegnata<=4.5,Tutti,04,Giorno feriale,15,0.22549999999999998,2025
3<potenza_impegnata<=4.5,Residente,04,Sabato,7,0.16925,2025
3<potenza_impegnata<=4.5,Tutti,04,Giorno feriale,13,0.2582,2025
3<potenza_impegnata<=4.5,Tutti,04,Giorno feriale,11,0.2326,2025
3<potenza_impegnata<=4.5,Tutti,04,Giorno feriale,10,0.23559999999999998,2025
3<potenza_impegnata<=4.5,Tutti,04,Giorno feriale,9,0.24739999999999998,2025
3<potenza_impegnata<=4.5,Tutti,04,Domenica,8,0.19033333333333333,2025
3<potenza_impegnata<=4.5,Tutti,04,Domenica,6,0.12666666666666668,2025
3<potenza_impegnata<=4.5,Tutti,04,Domenica,5,0.12016666666666666,2025
3<potenza_impegnata<=4.5,Tutti,04,Domenica,14,0.26316666666666666,2025
3<potenza_impegnata<=4.5,Tutti,04,Domenica,4,0.11916666666666666,2025
3<potenza_impegnata<=4.5,Tutti,04,Domenica,2,0.13483333333333333,2025
3<potenza_impegnata<=4.5,Tutti,04,Domenica,23,0.23016666666666666,2025
3<potenza_impegnata<=4.5,Tutti,04,Domenica,22,0.2811666666666667,2025
3<potenza_impegnata<=4.5,Tutti,04,Domenica,20,0.35050000000000003,2025
3<potenza_impegnata<=4.5,Tutti,04,Domenica,19,0.32,2025
3<potenza_impegnata<=4.5,Tutti,04,Domenica,17,0.22616666666666665,2025
3<potenza_impegnata<=4.5,Tutti,04,Domenica,15,0.24166666666666667,2025
3<potenza_impegnata<=4.5,Tutti,04,Domenica,13,0.2955,2025
3<potenza_impegnata<=4.5,Tutti,04,Domenica,3,0.12433333333333334,2025
3<potenza_impegnata<=4.5,Tutti,04,Domenica,12,0.3175,2025
3<potenza_impegnata<=4.5,Tutti,04,Domenica,7,0.14783333333333334,2025
3<potenza_impegnata<=4.5,Tutti,04,Domenica,11,0.28733333333333333,2025
3<potenza_impegnata<=4.5,Tutti,04,Giorno feriale,0,0.19755000000000003,2025
3<potenza_impegnata<=4.5,Tutti,04,Domenica,9,0.23916666666666667,2025
3<potenza_impegnata<=4.5,Tutti,04,Domenica,0,0.1885,2025
3<potenza_impegnata<=4.5,Residente,04,Sabato,8,0.21675,2025
3<potenza_impegnata<=4.5,Tutti,04,Giorno feriale,12,0.25155,2025
3<potenza_impegnata<=4.5,Tutti,04,Giorno feriale,14,0.24339999999999998,2025
3<potenza_impegnata<=4.5,Residente,04,Sabato,6,0.134,2025
3<potenza_impegnata<=4.5,Tutti,04,Giorno feriale,16,0.21339999999999998,2025
3<potenza_impegnata<=4.5,Residente,04,Sabato,4,0.122,2025
3<potenza_impegnata<=4.5,Tutti,04,Giorno feriale,18,0.25825,2025
3<potenza_impegnata<=4.5,Residente,04,Sabato,2,0.13625,2025
3<potenza_impegnata<=4.5,Tutti,04,Giorno feriale,19,0.3551,2025
3<potenza_impegnata<=4.5,Residente,04,Sabato,23,0.2345,2025
3<potenza_impegnata<=4.5,Residente,04,Sabato,22,0.27825,2025
3<potenza_impegnata<=4.5,Residente,04,Sabato,21,0.32275,2025
3<potenza_impegnata<=4.5,Residente,04,Sabato,5,0.12425,2025
3<potenza_impegnata<=4.5,Residente,04,Sabato,20,0.355,2025
3<potenza_impegnata<=4.5,Residente,04,Sabato,19,0.332,2025
3<potenza_impegnata<=4.5,Tutti,04,Giorno feriale,3,0.1237,2025
3<potenza_impegnata<=4.5,Tutti,04,Domenica,10,0.26833333333333337,2025
3<potenza_impegnata<=4.5,Residente,04,Sabato,1,0.15625,2025
3<potenza_impegnata<=4.5,Tutti,04,Giorno feriale,5,0.12525,2025
3<potenza_impegnata<=4.5,Tutti,04,Domenica,16,0.227,2025
3<potenza_impegnata<=4.5,Tutti,04,Domenica,18,0.25466666666666665,2025
3<potenza_impegnata<=4.5,Residente,04,Sabato,17,0.23575,2025
3<potenza_impegnata<=4.5,Tutti,04,Domenica,1,0.154,2025
3<potenza_impegnata<=4.5,Tutti,04,Giorno feriale,7,0.22290000000000001,2025
3<potenza_impegnata<=4.5,Residente,04,Sabato,16,0.24025,2025
3<potenza_impegnata<=4.5,Tutti,04,Domenica,21,0.3273333333333333,2025
3<potenza_impegnata<=4.5,Residente,04,Sabato,15,0.2605,2025
3<potenza_impegnata<=4.5,Tutti,04,Sabato,0,0.18975,2025
3<potenza_impegnata<=4.5,Residente,04,Sabato,14,0.28725,2025
3<potenza_impegnata<=4.5,Residente,04,Sabato,13,0.309,2025
3<potenza_impegnata<=4.5,Tutti,04,Sabato,10,0.2585,2025
3<potenza_impegnata<=4.5,Residente,04,Sabato,11,0.27225,2025
3<potenza_impegnata<=4.5,Residente,04,Sabato,10,0.26775,2025
3<potenza_impegnata<=4.5,Tutti,04,Sabato,14,0.2745,2025
3<potenza_impegnata<=4.5,Residente,04,Sabato,9,0.257,2025
3<potenza_impegnata<=4.5,Tutti,04,Sabato,16,0.23075,2025
3<potenza_impegnata<=4.5,Residente,04,Sabato,0,0.1935,2025
3<potenza_impegnata<=4.5,Residente,04,Giorno feriale,8,0.25504999999999994,2025
3<potenza_impegnata<=4.5,Tutti,04,Sabato,18,0.2505,2025
3<potenza_impegnata<=4.5,Residente,04,Giorno feriale,6,0.16004999999999997,2025
3<potenza_impegnata<=4.5,Tutti,04,Sabato,19,0.313,2025
3<potenza_impegnata<=4.5,Residente,04,Giorno feriale,5,0.12845,2025
3<potenza_impegnata<=4.5,Residente,04,Giorno feriale,4,0.12265,2025
3<potenza_impegnata<=4.5,Residente,04,Giorno feriale,3,0.12610000000000002,2025
3<potenza_impegnata<=4.5,Tutti,04,Sabato,23,0.227,2025
3<potenza_impegnata<=4.5,Residente,04,Giorno feriale,2,0.13515,2025
3<potenza_impegnata<=4.5,Residente,04,Giorno feriale,23,0.25789999999999996,2025
3<potenza_impegnata<=4.5,Tutti,04,Sabato,3,0.124,2025
3<potenza_impegnata<=4.5,Tutti,04,Giorno feriale,21,0.36934999999999996,2025
3<potenza_impegnata<=4.5,Residente,04,Giorno feriale,22,0.3259,2025
3<potenza_impegnata<=4.5,Tutti,04,Sabato,5,0.12125,2025
3<potenza_impegnata<=4.5,Residente,04,Giorno feriale,21,0.3849,2025
3<potenza_impegnata<=4.5,Residente,04,Giorno feriale,20,0.41180000000000005,2025
3<potenza_impegnata<=4.5,Tutti,04,Sabato,7,0.16375,2025
3<potenza_impegnata<=4.5,Residente,04,Giorno feriale,19,0.3746,2025
3<potenza_impegnata<=4.5,Residente,04,Giorno feriale,1,0.15625,2025
3<potenza_impegnata<=4.5,Residente,04,Giorno feriale,17,0.22695000000000004,2025
3<potenza_impegnata<=4.5,Residente,04,Giorno feriale,16,0.22075,2025
3<potenza_impegnata<=4.5,Residente,04,Giorno feriale,15,0.23349999999999999,2025
3<potenza_impegnata<=4.5,Residente,04,Giorno feriale,14,0.25225,2025
3<potenza_impegnata<=4.5,Residente,04,Giorno feriale,13,0.26665,2025
3<potenza_impegnata<=4.5,Residente,04,Giorno feriale,12,0.25985,2025
3<potenza_impegnata<=4.5,Residente,04,Giorno feriale,11,0.23879999999999998,2025
3<potenza_impegnata<=4.5,Residente,04,Giorno feriale,9,0.2528,2025
3<potenza_impegnata<=4.5,Residente,04,Domenica,3,0.12716666666666668,2025
3<potenza_impegnata<=4.5,Residente,04,Domenica,8,0.19833333333333333,2025
3<potenza_impegnata<=4.5,Residente,04,Domenica,6,0.13016666666666668,2025
3<potenza_impegnata<=4.5,Residente,04,Domenica,7,0.15283333333333335,2025
3<potenza_impegnata<=4.5,Residente,04,Domenica,5,0.12333333333333334,2025
3<potenza_impegnata<=4.5,Residente,04,Domenica,4,0.122,2025
3<potenza_impegnata<=4.5,Residente,04,Giorno feriale,0,0.19979999999999998,2025
3<potenza_impegnata<=4.5,Residente,04,Giorno feriale,10,0.24085,2025
3<potenza_impegnata<=4.5,Residente,04,Domenica,2,0.13733333333333334,2025
3<potenza_impegnata<=4.5,Residente,04,Domenica,23,0.23683333333333334,2025
3<potenza_impegnata<=4.5,Tutti,04,Sabato,21,0.308,2025
3<potenza_impegnata<=4.5,Residente,04,Domenica,22,0.2926666666666667,2025
3<potenza_impegnata<=4.5,Residente,04,Domenica,21,0.3433333333333333,2025
3<potenza_impegnata<=4.5,Residente,04,Domenica,20,0.3698333333333333,2025
3<potenza_impegnata<=4.5,Residente,04,Domenica,19,0.3393333333333333,2025
3<potenza_impegnata<=4.5,Residente,04,Domenica,1,0.157,2025
3<potenza_impegnata<=4.5,Residente,04,Giorno feriale,18,0.2693,2025
3<potenza_impegnata<=4.5,Residente,04,Domenica,18,0.26766666666666666,2025
3<potenza_impegnata<=4.5,Tutti,05,Domenica,4,0.12,2025
3<potenza_impegnata<=4.5,Tutti,05,Domenica,3,0.1256,2025
3<potenza_impegnata<=4.5,Tutti,05,Domenica,2,0.1376,2025
3<potenza_impegnata<=4.5,Tutti,05,Domenica,23,0.24559999999999998,2025
3<potenza_impegnata<=4.5,Tutti,05,Domenica,22,0.3016,2025
3<potenza_impegnata<=4.5,Tutti,05,Domenica,21,0.34740000000000004,2025
3<potenza_impegnata<=4.5,Tutti,05,Domenica,20,0.3606,2025
3<potenza_impegnata<=4.5,Tutti,05,Domenica,19,0.3278,2025
3<potenza_impegnata<=4.5,Tutti,05,Domenica,1,0.15940000000000001,2025
3<potenza_impegnata<=4.5,Tutti,05,Domenica,18,0.259,2025
3<potenza_impegnata<=4.5,Tutti,05,Domenica,17,0.23500000000000001,2025
3<potenza_impegnata<=4.5,Tutti,05,Domenica,16,0.236,2025
3<potenza_impegnata<=4.5,Tutti,05,Domenica,15,0.2532,2025
3<potenza_impegnata<=4.5,Tutti,05,Domenica,14,0.27559999999999996,2025
3<potenza_impegnata<=4.5,Tutti,05,Domenica,13,0.305,2025
3<potenza_impegnata<=4.5,Tutti,05,Domenica,12,0.31520000000000004,2025
3<potenza_impegnata<=4.5,Tutti,05,Domenica,11,0.27999999999999997,2025
3<potenza_impegnata<=4.5,Tutti,05,Domenica,10,0.2666,2025
3<potenza_impegnata<=4.5,Tutti,05,Domenica,9,0.24220000000000003,2025
3<potenza_impegnata<=4.5,Tutti,05,Domenica,0,0.1954,2025
3<potenza_impegnata<=4.5,Residente,05,Sabato,8,0.2182,2025
3<potenza_impegnata<=4.5,Residente,05,Sabato,7,0.1708,2025
3<potenza_impegnata<=4.5,Residente,05,Sabato,6,0.1366,2025
3<potenza_impegnata<=4.5,Residente,05,Sabato,5,0.1262,2025
3<potenza_impegnata<=4.5,Residente,05,Sabato,4,0.1244,2025
3<potenza_impegnata<=4.5,Residente,05,Sabato,3,0.1296,2025
3<potenza_impegnata<=4.5,Residente,05,Sabato,2,0.1406,2025
3<potenza_impegnata<=4.5,Residente,05,Sabato,23,0.2412,2025
3<potenza_impegnata<=4.5,Residente,05,Sabato,22,0.28159999999999996,2025
3<potenza_impegnata<=4.5,Residente,05,Sabato,21,0.318,2025
3<potenza_impegnata<=4.5,Residente,05,Sabato,20,0.3366,2025
3<potenza_impegnata<=4.5,Residente,05,Sabato,19,0.3162,2025
3<potenza_impegnata<=4.5,Residente,05,Sabato,1,0.162,2025
3<potenza_impegnata<=4.5,Residente,05,Sabato,18,0.256,2025
3<potenza_impegnata<=4.5,Residente,05,Sabato,17,0.23759999999999998,2025
3<potenza_impegnata<=4.5,Residente,05,Sabato,16,0.2434,2025
3<potenza_impegnata<=4.5,Residente,05,Sabato,15,0.26280000000000003,2025
3<potenza_impegnata<=4.5,Residente,05,Sabato,14,0.28900000000000003,2025
3<potenza_impegnata<=4.5,Residente,05,Sabato,13,0.3102,2025
3<potenza_impegnata<=4.5,Residente,05,Sabato,12,0.3052,2025
3<potenza_impegnata<=4.5,Residente,05,Sabato,11,0.2684,2025
3<potenza_impegnata<=4.5,Residente,05,Sabato,10,0.2642,2025
3<potenza_impegnata<=4.5,Residente,05,Sabato,9,0.2548,2025
3<potenza_impegnata<=4.5,Residente,05,Sabato,0,0.20099999999999998,2025
3<potenza_impegnata<=4.5,Residente,05,Giorno feriale,8,0.24728571428571428,2025
3<potenza_impegnata<=4.5,Residente,05,Giorno feriale,7,0.22552380952380952,2025
3<potenza_impegnata<=4.5,Residente,05,Giorno feriale,6,0.15757142857142856,2025
3<potenza_impegnata<=4.5,Residente,05,Giorno feriale,5,0.1276190476190476,2025
3<potenza_impegnata<=4.5,Residente,05,Giorno feriale,4,0.1227142857142857,2025
3<potenza_impegnata<=4.5,Residente,05,Giorno feriale,3,0.12661904761904763,2025
3<potenza_impegnata<=4.5,Residente,05,Giorno feriale,2,0.1358095238095238,2025
3<potenza_impegnata<=4.5,Residente,05,Giorno feriale,23,0.26052380952380955,2025
3<potenza_impegnata<=4.5,Residente,05,Giorno feriale,22,0.3277619047619048,2025
3<potenza_impegnata<=4.5,Residente,05,Giorno feriale,21,0.38176190476190475,2025
3<potenza_impegnata<=4.5,Residente,05,Giorno feriale,20,0.3982380952380952,2025
3<potenza_impegnata<=4.5,Residente,05,Giorno feriale,19,0.36642857142857144,2025
3<potenza_impegnata<=4.5,Residente,05,Giorno feriale,1,0.15671428571428572,2025
3<potenza_impegnata<=4.5,Residente,05,Giorno feriale,18,0.2691904761904762,2025
3<potenza_impegnata<=4.5,Residente,05,Giorno feriale,17,0.2268095238095238,2025
3<potenza_impegnata<=4.5,Residente,05,Giorno feriale,16,0.21957142857142856,2025
3<potenza_impegnata<=4.5,Residente,05,Giorno feriale,15,0.23195238095238097,2025
3<potenza_impegnata<=4.5,Residente,05,Giorno feriale,14,0.24942857142857142,2025
3<potenza_impegnata<=4.5,Residente,05,Giorno feriale,13,0.26171428571428573,2025
3<potenza_impegnata<=4.5,Residente,05,Giorno feriale,12,0.25276190476190474,2025
3<potenza_impegnata<=4.5,Residente,05,Giorno feriale,11,0.23247619047619045,2025
3<potenza_impegnata<=4.5,Residente,05,Giorno feriale,10,0.23423809523809527,2025
3<potenza_impegnata<=4.5,Residente,05,Giorno feriale,9,0.24414285714285713,2025
3<potenza_impegnata<=4.5,Residente,05,Giorno feriale,0,0.20080952380952383,2025
3<potenza_impegnata<=4.5,Residente,05,Domenica,8,0.2016,2025
3<potenza_impegnata<=4.5,Residente,05,Domenica,7,0.154,2025
3<potenza_impegnata<=4.5,Residente,05,Domenica,6,0.13040000000000002,2025
3<potenza_impegnata<=4.5,Residente,05,Domenica,5,0.1236,2025
3<potenza_impegnata<=4.5,Residente,05,Domenica,4,0.12279999999999999,2025
3<potenza_impegnata<=4.5,Residente,05,Domenica,3,0.12840000000000001,2025
3<potenza_impegnata<=4.5,Residente,05,Domenica,2,0.13999999999999999,2025
3<potenza_impegnata<=4.5,Residente,05,Domenica,23,0.25139999999999996,2025
3<potenza_impegnata<=4.5,Residente,05,Domenica,22,0.312,2025
3<potenza_impegnata<=4.5,Residente,05,Domenica,21,0.3618,2025
3<potenza_impegnata<=4.5,Residente,05,Domenica,20,0.378,2025
3<potenza_impegnata<=4.5,Residente,05,Domenica,19,0.3456,2025
3<potenza_impegnata<=4.5,Residente,05,Domenica,1,0.1622,2025
3<potenza_impegnata<=4.5,Residente,05,Domenica,18,0.27040000000000003,2025
3<potenza_impegnata<=4.5,Residente,05,Domenica,17,0.244,2025
3<potenza_impegnata<=4.5,Residente,05,Domenica,16,0.2454,2025
3<potenza_impegnata<=4.5,Residente,05,Domenica,15,0.2638,2025
3<potenza_impegnata<=4.5,Residente,05,Domenica,14,0.2874,2025
3<potenza_impegnata<=4.5,Residente,05,Domenica,13,0.3176,2025
3<potenza_impegnata<=4.5,Residente,05,Domenica,12,0.3316,2025
3<potenza_impegnata<=4.5,Residente,05,Domenica,11,0.29300000000000004,2025
3<potenza_impegnata<=4.5,Residente,05,Domenica,10,0.2784,2025
3<potenza_impegnata<=4.5,Residente,05,Domenica,9,0.2532,2025
3<potenza_impegnata<=4.5,Residente,05,Domenica,0,0.1996,2025
3<potenza_impegnata<=4.5,Non Residente,05,Sabato,8,0.1766,2025
3<potenza_impegnata<=4.5,Non Residente,05,Sabato,7,0.14179999999999998,2025
3<potenza_impegnata<=4.5,Non Residente,05,Sabato,6,0.1176,2025
3<potenza_impegnata<=4.5,Non Residente,05,Sabato,5,0.1106,2025
3<potenza_impegnata<=4.5,Non Residente,05,Sabato,4,0.1116,2025
3<potenza_impegnata<=4.5,Non Residente,05,Sabato,3,0.1182,2025
3<potenza_impegnata<=4.5,Non Residente,05,Sabato,2,0.1316,2025
3<potenza_impegnata<=4.5,Non Residente,05,Sabato,23,0.2056,2025
3<potenza_impegnata<=4.5,Non Residente,05,Sabato,22,0.23079999999999998,2025
3<potenza_impegnata<=4.5,Non Residente,05,Sabato,21,0.2544,2025
3<potenza_impegnata<=4.5,Non Residente,05,Sabato,20,0.2618,2025
3<potenza_impegnata<=4.5,Non Residente,05,Sabato,19,0.2394,2025
3<potenza_impegnata<=4.5,Non Residente,05,Sabato,1,0.153,2025
3<potenza_impegnata<=4.5,Non Residente,05,Sabato,18,0.2102,2025
3<potenza_impegnata<=4.5,Non Residente,05,Sabato,17,0.2004,2025
3<potenza_impegnata<=4.5,Non Residente,05,Sabato,16,0.2036,2025
3<potenza_impegnata<=4.5,Non Residente,05,Sabato,15,0.2164,2025
3<potenza_impegnata<=4.5,Non Residente,05,Sabato,14,0.2338,2025
3<potenza_impegnata<=4.5,Non Residente,05,Sabato,13,0.2528,2025
3<potenza_impegnata<=4.5,Non Residente,05,Sabato,12,0.242,2025
3<potenza_impegnata<=4.5,Non Residente,05,Sabato,11,0.225,2025
3<potenza_impegnata<=4.5,Non Residente,05,Sabato,10,0.2222,2025
3<potenza_impegnata<=4.5,Non Residente,05,Sabato,9,0.2088,2025
3<potenza_impegnata<=4.5,Non Residente,05,Sabato,0,0.184,2025
3<potenza_impegnata<=4.5,Non Residente,05,Giorno feriale,8,0.22133333333333333,2025
3<potenza_impegnata<=4.5,Non Residente,05,Giorno feriale,7,0.18552380952380954,2025
3<potenza_impegnata<=4.5,Non Residente,05,Giorno feriale,6,0.12933333333333333,2025
3<potenza_impegnata<=4.5,Non Residente,05,Giorno feriale,5,0.10971428571428571,2025
3<potenza_impegnata<=4.5,Non Residente,05,Giorno feriale,4,0.10766666666666667,2025
3<potenza_impegnata<=4.5,Non Residente,05,Giorno feriale,3,0.1130952380952381,2025
3<potenza_impegnata<=4.5,Non Residente,05,Giorno feriale,2,0.12504761904761905,2025
3<potenza_impegnata<=4.5,Non Residente,05,Giorno feriale,23,0.23476190476190475,2025
3<potenza_impegnata<=4.5,Non Residente,05,Giorno feriale,22,0.2784285714285714,2025
3<potenza_impegnata<=4.5,Non Residente,05,Giorno feriale,21,0.312,2025
3<potenza_impegnata<=4.5,Non Residente,05,Giorno feriale,20,0.31890476190476186,2025
3<potenza_impegnata<=4.5,Non Residente,05,Giorno feriale,19,0.27814285714285714,2025
3<potenza_impegnata<=4.5,Non Residente,05,Giorno feriale,1,0.14857142857142858,2025
3<potenza_impegnata<=4.5,Non Residente,05,Giorno feriale,18,0.21628571428571428,2025
3<potenza_impegnata<=4.5,Non Residente,05,Giorno feriale,17,0.19047619047619047,2025
3<potenza_impegnata<=4.5,Non Residente,05,Giorno feriale,16,0.18504761904761904,2025
3<potenza_impegnata<=4.5,Non Residente,05,Giorno feriale,15,0.1936190476190476,2025
3<potenza_impegnata<=4.5,Non Residente,05,Giorno feriale,14,0.20814285714285713,2025
3<potenza_impegnata<=4.5,Non Residente,05,Giorno feriale,13,0.22338095238095237,2025
3<potenza_impegnata<=4.5,Non Residente,05,Giorno feriale,12,0.214,2025
3<potenza_impegnata<=4.5,Non Residente,05,Giorno feriale,11,0.2023333333333333,2025
3<potenza_impegnata<=4.5,Non Residente,05,Giorno feriale,10,0.2080952380952381,2025
3<potenza_impegnata<=4.5,Non Residente,05,Giorno feriale,9,0.22019047619047621,2025
3<potenza_impegnata<=4.5,Non Residente,05,Giorno feriale,0,0.18980952380952382,2025
3<potenza_impegnata<=4.5,Non Residente,05,Domenica,8,0.16160000000000002,2025
3<potenza_impegnata<=4.5,Non Residente,05,Domenica,7,0.12840000000000001,2025
3<potenza_impegnata<=4.5,Non Residente,05,Domenica,6,0.11120000000000001,2025
3<potenza_impegnata<=4.5,Non Residente,05,Domenica,5,0.1068,2025
3<potenza_impegnata<=4.5,Non Residente,05,Domenica,4,0.10840000000000001,2025
3<potenza_impegnata<=4.5,Non Residente,05,Domenica,3,0.11499999999999999,2025
3<potenza_impegnata<=4.5,Non Residente,05,Domenica,2,0.1278,2025
3<potenza_impegnata<=4.5,Non Residente,05,Domenica,23,0.22280000000000003,2025
3<potenza_impegnata<=4.5,Non Residente,05,Domenica,22,0.2596,2025
3<potenza_impegnata<=4.5,Non Residente,05,Domenica,21,0.2888,2025
3<potenza_impegnata<=4.5,Non Residente,05,Domenica,20,0.2898,2025
3<potenza_impegnata<=4.5,Non Residente,05,Domenica,19,0.255,2025
3<potenza_impegnata<=4.5,Non Residente,05,Domenica,1,0.1488,2025
3<potenza_impegnata<=4.5,Non Residente,05,Domenica,18,0.21259999999999998,2025
3<potenza_impegnata<=4.5,Non Residente,05,Domenica,17,0.1982,2025
3<potenza_impegnata<=4.5,Non Residente,05,Domenica,16,0.1976,2025
3<potenza_impegnata<=4.5,Non Residente,05,Domenica,15,0.21000000000000002,2025
3<potenza_impegnata<=4.5,Non Residente,05,Domenica,14,0.227,2025
3<potenza_impegnata<=4.5,Non Residente,05,Domenica,13,0.2542,2025
3<potenza_impegnata<=4.5,Non Residente,05,Domenica,12,0.2484,2025
3<potenza_impegnata<=4.5,Non Residente,05,Domenica,11,0.2274,2025
3<potenza_impegnata<=4.5,Non Residente,05,Domenica,10,0.2186,2025
3<potenza_impegnata<=4.5,Non Residente,05,Domenica,9,0.1974,2025
3<potenza_impegnata<=4.5,Non Residente,05,Domenica,0,0.17880000000000001,2025
3<potenza_impegnata<=4.5,Tutti,05,Sabato,8,0.21000000000000002,2025
3<potenza_impegnata<=4.5,Tutti,05,Sabato,7,0.16499999999999998,2025
3<potenza_impegnata<=4.5,Tutti,05,Sabato,6,0.1328,2025
3<potenza_impegnata<=4.5,Tutti,05,Sabato,5,0.123,2025
3<potenza_impegnata<=4.5,Tutti,05,Sabato,4,0.12179999999999999,2025
3<potenza_impegnata<=4.5,Tutti,05,Sabato,3,0.1272,2025
3<potenza_impegnata<=4.5,Tutti,05,Sabato,2,0.13879999999999998,2025
3<potenza_impegnata<=4.5,Tutti,05,Sabato,23,0.23399999999999999,2025
3<potenza_impegnata<=4.5,Tutti,05,Sabato,22,0.2716,2025
3<potenza_impegnata<=4.5,Tutti,05,Sabato,21,0.3054,2025
3<potenza_impegnata<=4.5,Tutti,05,Sabato,20,0.3218,2025
3<potenza_impegnata<=4.5,Tutti,05,Sabato,19,0.301,2025
3<potenza_impegnata<=4.5,Tutti,05,Sabato,1,0.1602,2025
3<potenza_impegnata<=4.5,Tutti,05,Sabato,18,0.24700000000000003,2025
3<potenza_impegnata<=4.5,Tutti,05,Sabato,17,0.23020000000000002,2025
3<potenza_impegnata<=4.5,Tutti,05,Sabato,16,0.23559999999999998,2025
3<potenza_impegnata<=4.5,Tutti,05,Sabato,15,0.2536,2025
3<potenza_impegnata<=4.5,Tutti,05,Sabato,14,0.27799999999999997,2025
3<potenza_impegnata<=4.5,Tutti,05,Sabato,13,0.2988,2025
3<potenza_impegnata<=4.5,Tutti,05,Sabato,12,0.2926,2025
3<potenza_impegnata<=4.5,Tutti,05,Sabato,11,0.2598,2025
3<potenza_impegnata<=4.5,Tutti,05,Sabato,10,0.25579999999999997,2025
3<potenza_impegnata<=4.5,Tutti,05,Sabato,9,0.24559999999999998,2025
3<potenza_impegnata<=4.5,Tutti,05,Sabato,0,0.1976,2025
3<potenza_impegnata<=4.5,Tutti,05,Giorno feriale,8,0.24204761904761907,2025
3<potenza_impegnata<=4.5,Tutti,05,Giorno feriale,7,0.21752380952380954,2025
3<potenza_impegnata<=4.5,Tutti,05,Giorno feriale,6,0.152,2025
3<potenza_impegnata<=4.5,Tutti,05,Giorno feriale,5,0.12414285714285714,2025
3<potenza_impegnata<=4.5,Tutti,05,Giorno feriale,4,0.11971428571428573,2025
3<potenza_impegnata<=4.5,Tutti,05,Giorno feriale,3,0.12390476190476189,2025
3<potenza_impegnata<=4.5,Tutti,05,Giorno feriale,2,0.13366666666666666,2025
3<potenza_impegnata<=4.5,Tutti,05,Giorno feriale,23,0.2553809523809524,2025
3<potenza_impegnata<=4.5,Tutti,05,Giorno feriale,22,0.317952380952381,2025
3<potenza_impegnata<=4.5,Tutti,05,Giorno feriale,21,0.36804761904761907,2025
3<potenza_impegnata<=4.5,Tutti,05,Giorno feriale,20,0.38261904761904764,2025
3<potenza_impegnata<=4.5,Tutti,05,Giorno feriale,19,0.34900000000000003,2025
3<potenza_impegnata<=4.5,Tutti,05,Giorno feriale,1,0.155,2025
3<potenza_impegnata<=4.5,Tutti,05,Giorno feriale,18,0.25871428571428573,2025
3<potenza_impegnata<=4.5,Tutti,05,Giorno feriale,17,0.2195714285714286,2025
3<potenza_impegnata<=4.5,Tutti,05,Giorno feriale,16,0.21271428571428574,2025
3<potenza_impegnata<=4.5,Tutti,05,Giorno feriale,15,0.22438095238095238,2025
3<potenza_impegnata<=4.5,Tutti,05,Giorno feriale,14,0.24123809523809522,2025
3<potenza_impegnata<=4.5,Tutti,05,Giorno feriale,13,0.254047619047619,2025
3<potenza_impegnata<=4.5,Tutti,05,Giorno feriale,12,0.24499999999999997,2025
3<potenza_impegnata<=4.5,Tutti,05,Giorno feriale,11,0.2264761904761905,2025
3<potenza_impegnata<=4.5,Tutti,05,Giorno feriale,10,0.22885714285714281,2025
3<potenza_impegnata<=4.5,Tutti,05,Giorno feriale,9,0.2392380952380952,2025
3<potenza_impegnata<=4.5,Tutti,05,Giorno feriale,0,0.19857142857142857,2025
3<potenza_impegnata<=4.5,Tutti,05,Domenica,8,0.1936,2025
3<potenza_impegnata<=4.5,Tutti,05,Domenica,7,0.149,2025
3<potenza_impegnata<=4.5,Tutti,05,Domenica,6,0.1266,2025
3<potenza_impegnata<=4.5,Tutti,05,Domenica,5,0.1204,2025
3<potenza_impegnata<=4.5,Non Residente,06,Domenica,0,0.25366666666666665,2025
3<potenza_impegnata<=4.5,Non Residente,06,Domenica,9,0.23199999999999998,2025
3<potenza_impegnata<=4.5,Non Residente,06,Domenica,10,0.2545,2025
3<potenza_impegnata<=4.5,Non Residente,06,Domenica,11,0.2688333333333333,2025
3<potenza_impegnata<=4.5,Non Residente,06,Domenica,12,0.29516666666666663,2025
3<potenza_impegnata<=4.5,Non Residente,06,Domenica,13,0.3105,2025
3<potenza_impegnata<=4.5,Non Residente,06,Domenica,14,0.2995,2025
3<potenza_impegnata<=4.5,Non Residente,06,Domenica,15,0.29433333333333334,2025
3<potenza_impegnata<=4.5,Non Residente,06,Domenica,16,0.29483333333333334,2025
3<potenza_impegnata<=4.5,Non Residente,06,Domenica,17,0.3015,2025
3<potenza_impegnata<=4.5,Non Residente,06,Domenica,18,0.31583333333333335,2025
3<potenza_impegnata<=4.5,Non Residente,06,Domenica,1,0.2225,2025
3<potenza_impegnata<=4.5,Non Residente,06,Domenica,19,0.3455,2025
3<potenza_impegnata<=4.5,Non Residente,06,Domenica,20,0.36483333333333334,2025
3<potenza_impegnata<=4.5,Non Residente,06,Domenica,21,0.3665,2025
3<potenza_impegnata<=4.5,Non Residente,06,Domenica,22,0.35716666666666663,2025
3<potenza_impegnata<=4.5,Non Residente,06,Domenica,23,0.3263333333333333,2025
3<potenza_impegnata<=4.5,Non Residente,06,Domenica,2,0.19766666666666666,2025
3<potenza_impegnata<=4.5,Non Residente,06,Domenica,3,0.1815,2025
3<potenza_impegnata<=4.5,Non Residente,06,Domenica,4,0.17049999999999998,2025
3<potenza_impegnata<=4.5,Non Residente,06,Domenica,5,0.16483333333333333,2025
3<potenza_impegnata<=4.5,Non Residente,06,Domenica,6,0.16383333333333333,2025
3<potenza_impegnata<=4.5,Non Residente,06,Domenica,7,0.17466666666666666,2025
3<potenza_impegnata<=4.5,Non Residente,06,Domenica,8,0.2005,2025
3<potenza_impegnata<=4.5,Non Residente,06,Giorno feriale,0,0.29125,2025
3<potenza_impegnata<=4.5,Non Residente,06,Giorno feriale,9,0.25660000000000005,2025
3<potenza_impegnata<=4.5,Non Residente,06,Giorno feriale,10,0.25515,2025
3<potenza_impegnata<=4.5,Non Residente,06,Giorno feriale,11,0.25965,2025
3<potenza_impegnata<=4.5,Non Residente,06,Giorno feriale,12,0.27890000000000004,2025
3<potenza_impegnata<=4.5,Non Residente,06,Giorno feriale,13,0.2962,2025
3<potenza_impegnata<=4.5,Non Residente,06,Giorno feriale,14,0.29314999999999997,2025
3<potenza_impegnata<=4.5,Non Residente,06,Giorno feriale,15,0.29124999999999995,2025
3<potenza_impegnata<=4.5,Non Residente,06,Giorno feriale,16,0.29295,2025
3<potenza_impegnata<=4.5,Non Residente,06,Giorno feriale,17,0.30134999999999995,2025
3<potenza_impegnata<=4.5,Non Residente,06,Giorno feriale,18,0.32535,2025
3<potenza_impegnata<=4.5,Non Residente,06,Giorno feriale,1,0.24235,2025
3<potenza_impegnata<=4.5,Non Residente,06,Giorno feriale,19,0.37485000000000007,2025
3<potenza_impegnata<=4.5,Non Residente,06,Giorno feriale,20,0.40630000000000005,2025
3<potenza_impegnata<=4.5,Non Residente,06,Giorno feriale,21,0.40745000000000003,2025
3<potenza_impegnata<=4.5,Non Residente,06,Giorno feriale,22,0.3883,2025
3<potenza_impegnata<=4.5,Non Residente,06,Giorno feriale,23,0.34635,2025
3<potenza_impegnata<=4.5,Non Residente,06,Giorno feriale,2,0.21180000000000004,2025
3<potenza_impegnata<=4.5,Non Residente,06,Giorno feriale,3,0.19395,2025
3<potenza_impegnata<=4.5,Non Residente,06,Giorno feriale,4,0.18314999999999998,2025
3<potenza_impegnata<=4.5,Non Residente,06,Giorno feriale,5,0.1783,2025
3<potenza_impegnata<=4.5,Non Residente,06,Giorno feriale,6,0.18580000000000002,2025
3<potenza_impegnata<=4.5,Non Residente,06,Giorno feriale,7,0.22275,2025
3<potenza_impegnata<=4.5,Non Residente,06,Giorno feriale,8,0.25285,2025
3<potenza_impegnata<=4.5,Non Residente,06,Sabato,0,0.30425,2025
3<potenza_impegnata<=4.5,Non Residente,06,Sabato,9,0.26275,2025
3<potenza_impegnata<=4.5,Non Residente,06,Sabato,10,0.2805,2025
3<potenza_impegnata<=4.5,Non Residente,06,Sabato,11,0.29325,2025
3<potenza_impegnata<=4.5,Non Residente,06,Sabato,12,0.3195,2025
3<potenza_impegnata<=4.5,Non Residente,06,Sabato,13,0.343,2025
3<potenza_impegnata<=4.5,Non Residente,06,Sabato,14,0.3415,2025
3<potenza_impegnata<=4.5,Non Residente,06,Sabato,15,0.337,2025
3<potenza_impegnata<=4.5,Non Residente,06,Sabato,16,0.333,2025
3<potenza_impegnata<=4.5,Non Residente,06,Sabato,17,0.3285,2025
3<potenza_impegnata<=4.5,Non Residente,06,Sabato,18,0.3335,2025
3<potenza_impegnata<=4.5,Non Residente,06,Sabato,1,0.262,2025
3<potenza_impegnata<=4.5,Non Residente,06,Sabato,19,0.35275,2025
3<potenza_impegnata<=4.5,Non Residente,06,Sabato,20,0.35775,2025
3<potenza_impegnata<=4.5,Non Residente,06,Sabato,21,0.3465,2025
3<potenza_impegnata<=4.5,Non Residente,06,Sabato,22,0.331,2025
3<potenza_impegnata<=4.5,Non Residente,06,Sabato,23,0.309,2025
3<potenza_impegnata<=4.5,Non Residente,06,Sabato,2,0.233,2025
3<potenza_impegnata<=4.5,Non Residente,06,Sabato,3,0.21325,2025
3<potenza_impegnata<=4.5,Non Residente,06,Sabato,4,0.2005,2025
3<potenza_impegnata<=4.5,Non Residente,06,Sabato,5,0.1935,2025
3<potenza_impegnata<=4.5,Non Residente,06,Sabato,6,0.19275,2025
3<potenza_impegnata<=4.5,Non Residente,06,Sabato,7,0.209,2025
3<potenza_impegnata<=4.5,Non Residente,06,Sabato,8,0.2345,2025
3<potenza_impegnata<=4.5,Residente,06,Domenica,0,0.29416666666666663,2025
3<potenza_impegnata<=4.5,Residente,06,Domenica,9,0.2796666666666667,2025
3<potenza_impegnata<=4.5,Residente,06,Domenica,10,0.30883333333333335,2025
3<potenza_impegnata<=4.5,Residente,06,Domenica,11,0.336,2025
3<potenza_impegnata<=4.5,Residente,06,Domenica,12,0.3861666666666667,2025
3<potenza_impegnata<=4.5,Residente,06,Domenica,13,0.39949999999999997,2025
3<potenza_impegnata<=4.5,Residente,06,Domenica,14,0.39366666666666666,2025
3<potenza_impegnata<=4.5,Residente,06,Domenica,15,0.3893333333333333,2025
3<potenza_impegnata<=4.5,Residente,06,Domenica,16,0.38716666666666666,2025
3<potenza_impegnata<=4.5,Residente,06,Domenica,17,0.39433333333333337,2025
3<potenza_impegnata<=4.5,Residente,06,Domenica,18,0.4186666666666667,2025
3<potenza_impegnata<=4.5,Residente,06,Domenica,1,0.25133333333333335,2025
3<potenza_impegnata<=4.5,Residente,06,Domenica,19,0.474,2025
3<potenza_impegnata<=4.5,Residente,06,Domenica,20,0.49016666666666664,2025
3<potenza_impegnata<=4.5,Residente,06,Domenica,21,0.486,2025
3<potenza_impegnata<=4.5,Residente,06,Domenica,22,0.46016666666666667,2025
3<potenza_impegnata<=4.5,Residente,06,Domenica,23,0.3993333333333333,2025
3<potenza_impegnata<=4.5,Residente,06,Domenica,2,0.22433333333333336,2025
3<potenza_impegnata<=4.5,Residente,06,Domenica,3,0.20750000000000002,2025
3<potenza_impegnata<=4.5,Residente,06,Domenica,4,0.19616666666666668,2025
3<potenza_impegnata<=4.5,Residente,06,Domenica,5,0.19033333333333333,2025
3<potenza_impegnata<=4.5,Residente,06,Domenica,6,0.18899999999999997,2025
3<potenza_impegnata<=4.5,Residente,06,Domenica,7,0.20333333333333334,2025
3<potenza_impegnata<=4.5,Residente,06,Domenica,8,0.23816666666666667,2025
3<potenza_impegnata<=4.5,Residente,06,Giorno feriale,0,0.33125,2025
3<potenza_impegnata<=4.5,Residente,06,Giorno feriale,9,0.27999999999999997,2025
3<potenza_impegnata<=4.5,Residente,06,Giorno feriale,10,0.2838,2025
3<potenza_impegnata<=4.5,Residente,06,Giorno feriale,11,0.29835,2025
3<potenza_impegnata<=4.5,Residente,06,Giorno feriale,12,0.33605,2025
3<potenza_impegnata<=4.5,Residente,06,Giorno feriale,13,0.3639,2025
3<potenza_impegnata<=4.5,Residente,06,Giorno feriale,14,0.36855000000000004,2025
3<potenza_impegnata<=4.5,Residente,06,Giorno feriale,15,0.3651,2025
3<potenza_impegnata<=4.5,Residente,06,Giorno feriale,16,0.36655000000000004,2025
3<potenza_impegnata<=4.5,Residente,06,Giorno feriale,17,0.37985,2025
3<potenza_impegnata<=4.5,Residente,06,Giorno feriale,18,0.42210000000000003,2025
3<potenza_impegnata<=4.5,Residente,06,Giorno feriale,1,0.273,2025
3<potenza_impegnata<=4.5,Residente,06,Giorno feriale,19,0.5053,2025
3<potenza_impegnata<=4.5,Residente,06,Giorno feriale,20,0.53545,2025
3<potenza_impegnata<=4.5,Residente,06,Giorno feriale,21,0.53035,2025
3<potenza_impegnata<=4.5,Residente,06,Giorno feriale,22,0.49255000000000004,2025
3<potenza_impegnata<=4.5,Residente,06,Giorno feriale,23,0.4176,2025
3<potenza_impegnata<=4.5,Residente,06,Giorno feriale,2,0.24159999999999998,2025
3<potenza_impegnata<=4.5,Residente,06,Giorno feriale,3,0.22395,2025
3<potenza_impegnata<=4.5,Residente,06,Giorno feriale,4,0.21164999999999998,2025
3<potenza_impegnata<=4.5,Residente,06,Giorno feriale,5,0.20595,2025
3<potenza_impegnata<=4.5,Residente,06,Giorno feriale,6,0.21535,2025
3<potenza_impegnata<=4.5,Residente,06,Giorno feriale,7,0.25575,2025
3<potenza_impegnata<=4.5,Residente,06,Giorno feriale,8,0.27605,2025
3<potenza_impegnata<=4.5,Residente,06,Sabato,0,0.369,2025
3<potenza_impegnata<=4.5,Residente,06,Sabato,9,0.303,2025
3<potenza_impegnata<=4.5,Residente,06,Sabato,10,0.3245,2025
3<potenza_impegnata<=4.5,Residente,06,Sabato,11,0.3485,2025
3<potenza_impegnata<=4.5,Residente,06,Sabato,12,0.40575,2025
3<potenza_impegnata<=4.5,Residente,06,Sabato,13,0.4425,2025
3<potenza_impegnata<=4.5,Residente,06,Sabato,14,0.449,2025
3<potenza_impegnata<=4.5,Residente,06,Sabato,15,0.44225,2025
3<potenza_impegnata<=4.5,Residente,06,Sabato,16,0.43475,2025
3<potenza_impegnata<=4.5,Residente,06,Sabato,17,0.42825,2025
3<potenza_impegnata<=4.5,Residente,06,Sabato,18,0.441,2025
3<potenza_impegnata<=4.5,Residente,06,Sabato,1,0.30975,2025
3<potenza_impegnata<=4.5,Residente,06,Sabato,19,0.48125,2025
3<potenza_impegnata<=4.5,Residente,06,Sabato,20,0.4815,2025
3<potenza_impegnata<=4.5,Residente,06,Sabato,21,0.46275,2025
3<potenza_impegnata<=4.5,Residente,06,Sabato,22,0.4325,2025
3<potenza_impegnata<=4.5,Residente,06,Sabato,23,0.387,2025
3<potenza_impegnata<=4.5,Residente,06,Sabato,2,0.274,2025
3<potenza_impegnata<=4.5,Residente,06,Sabato,3,0.25125,2025
3<potenza_impegnata<=4.5,Residente,06,Sabato,4,0.2355,2025
3<potenza_impegnata<=4.5,Residente,06,Sabato,5,0.2255,2025
3<potenza_impegnata<=4.5,Residente,06,Sabato,6,0.22125,2025
3<potenza_impegnata<=4.5,Residente,06,Sabato,7,0.24,2025
3<potenza_impegnata<=4.5,Residente,06,Sabato,8,0.27175,2025
3<potenza_impegnata<=4.5,Tutti,06,Domenica,0,0.2861666666666667,2025
3<potenza_impegnata<=4.5,Tutti,06,Domenica,9,0.27033333333333337,2025
3<potenza_impegnata<=4.5,Tutti,06,Domenica,10,0.298,2025
3<potenza_impegnata<=4.5,Tutti,06,Domenica,11,0.32266666666666666,2025
3<potenza_impegnata<=4.5,Tutti,06,Domenica,12,0.3681666666666667,2025
3<potenza_impegnata<=4.5,Tutti,06,Domenica,13,0.38199999999999995,2025
3<potenza_impegnata<=4.5,Tutti,06,Domenica,14,0.375,2025
3<potenza_impegnata<=4.5,Tutti,06,Domenica,15,0.3705,2025
3<potenza_impegnata<=4.5,Tutti,06,Domenica,16,0.36883333333333335,2025
3<potenza_impegnata<=4.5,Tutti,06,Domenica,17,0.3758333333333333,2025
3<potenza_impegnata<=4.5,Tutti,06,Domenica,18,0.3983333333333334,2025
3<potenza_impegnata<=4.5,Tutti,06,Domenica,1,0.24550000000000002,2025
3<potenza_impegnata<=4.5,Tutti,06,Domenica,19,0.4486666666666667,2025
3<potenza_impegnata<=4.5,Tutti,06,Domenica,20,0.4653333333333333,2025
3<potenza_impegnata<=4.5,Tutti,06,Domenica,21,0.46249999999999997,2025
3<potenza_impegnata<=4.5,Tutti,06,Domenica,22,0.43966666666666665,2025
3<potenza_impegnata<=4.5,Tutti,06,Domenica,23,0.38483333333333336,2025
3<potenza_impegnata<=4.5,Tutti,06,Domenica,2,0.219,2025
3<potenza_impegnata<=4.5,Tutti,06,Domenica,3,0.20233333333333334,2025
3<potenza_impegnata<=4.5,Tutti,06,Domenica,4,0.19099999999999998,2025
3<potenza_impegnata<=4.5,Tutti,06,Domenica,5,0.18516666666666667,2025
3<potenza_impegnata<=4.5,Tutti,06,Domenica,6,0.18400000000000002,2025
3<potenza_impegnata<=4.5,Tutti,06,Domenica,7,0.1975,2025
3<potenza_impegnata<=4.5,Tutti,06,Domenica,8,0.23066666666666666,2025
3<potenza_impegnata<=4.5,Tutti,06,Giorno feriale,0,0.32320000000000004,2025
3<potenza_impegnata<=4.5,Tutti,06,Giorno feriale,9,0.27525,2025
3<potenza_impegnata<=4.5,Tutti,06,Giorno feriale,10,0.278,2025
3<potenza_impegnata<=4.5,Tutti,06,Giorno feriale,11,0.29055,2025
3<potenza_impegnata<=4.5,Tutti,06,Giorno feriale,12,0.3247,2025
3<potenza_impegnata<=4.5,Tutti,06,Giorno feriale,13,0.35035,2025
3<potenza_impegnata<=4.5,Tutti,06,Giorno feriale,14,0.3536,2025
3<potenza_impegnata<=4.5,Tutti,06,Giorno feriale,15,0.3505,2025
3<potenza_impegnata<=4.5,Tutti,06,Giorno feriale,16,0.35185,2025
3<potenza_impegnata<=4.5,Tutti,06,Giorno feriale,17,0.36415000000000003,2025
3<potenza_impegnata<=4.5,Tutti,06,Giorno feriale,18,0.4029,2025
3<potenza_impegnata<=4.5,Tutti,06,Giorno feriale,1,0.26685,2025
3<potenza_impegnata<=4.5,Tutti,06,Giorno feriale,19,0.4796,2025
3<potenza_impegnata<=4.5,Tutti,06,Giorno feriale,20,0.50995,2025
3<potenza_impegnata<=4.5,Tutti,06,Giorno feriale,21,0.506,2025
3<potenza_impegnata<=4.5,Tutti,06,Giorno feriale,22,0.47189999999999993,2025
3<potenza_impegnata<=4.5,Tutti,06,Giorno feriale,23,0.40345,2025
3<potenza_impegnata<=4.5,Tutti,06,Giorno feriale,2,0.23559999999999998,2025
3<potenza_impegnata<=4.5,Tutti,06,Giorno feriale,3,0.21795,2025
3<potenza_impegnata<=4.5,Tutti,06,Giorno feriale,4,0.20595,2025
3<potenza_impegnata<=4.5,Tutti,06,Giorno feriale,5,0.2004,2025
3<potenza_impegnata<=4.5,Tutti,06,Giorno feriale,6,0.20935,2025
3<potenza_impegnata<=4.5,Tutti,06,Giorno feriale,7,0.24909999999999996,2025
3<potenza_impegnata<=4.5,Tutti,06,Giorno feriale,8,0.27135000000000004,2025
3<potenza_impegnata<=4.5,Tutti,06,Sabato,0,0.356,2025
3<potenza_impegnata<=4.5,Tutti,06,Sabato,9,0.295,2025
3<potenza_impegnata<=4.5,Tutti,06,Sabato,10,0.3155,2025
3<potenza_impegnata<=4.5,Tutti,06,Sabato,11,0.3375,2025
3<potenza_impegnata<=4.5,Tutti,06,Sabato,12,0.38875,2025
3<potenza_impegnata<=4.5,Tutti,06,Sabato,13,0.42275,2025
3<potenza_impegnata<=4.5,Tutti,06,Sabato,14,0.42775,2025
3<potenza_impegnata<=4.5,Tutti,06,Sabato,15,0.4215,2025
3<potenza_impegnata<=4.5,Tutti,06,Sabato,16,0.4145,2025
3<potenza_impegnata<=4.5,Tutti,06,Sabato,17,0.4085,2025
3<potenza_impegnata<=4.5,Tutti,06,Sabato,18,0.41975,2025
3<potenza_impegnata<=4.5,Tutti,06,Sabato,1,0.30025,2025
3<potenza_impegnata<=4.5,Tutti,06,Sabato,19,0.45575,2025
3<potenza_impegnata<=4.5,Tutti,06,Sabato,20,0.457,2025
3<potenza_impegnata<=4.5,Tutti,06,Sabato,21,0.43975,2025
3<potenza_impegnata<=4.5,Tutti,06,Sabato,22,0.41225,2025
3<potenza_impegnata<=4.5,Tutti,06,Sabato,23,0.3715,2025
3<potenza_impegnata<=4.5,Tutti,06,Sabato,2,0.26575,2025
3<potenza_impegnata<=4.5,Tutti,06,Sabato,3,0.24375,2025
3<potenza_impegnata<=4.5,Tutti,06,Sabato,4,0.2285,2025
3<potenza_impegnata<=4.5,Tutti,06,Sabato,5,0.21925,2025
3<potenza_impegnata<=4.5,Tutti,06,Sabato,6,0.2155,2025
3<potenza_impegnata<=4.5,Tutti,06,Sabato,7,0.23375,2025
3<potenza_impegnata<=4.5,Tutti,06,Sabato,8,0.26425,2025
3<potenza_impegnata<=4.5,Tutti,07,Sabato,8,0.2175,2025
3<potenza_impegnata<=4.5,Tutti,07,Sabato,7,0.20275,2025
3<potenza_impegnata<=4.5,Tutti,07,Sabato,6,0.19375,2025
3<potenza_impegnata<=4.5,Tutti,07,Sabato,5,0.19825,2025
3<potenza_impegnata<=4.5,Tutti,07,Sabato,4,0.206,2025
3<potenza_impegnata<=4.5,Tutti,07,Sabato,3,0.218,2025
3<potenza_impegnata<=4.5,Tutti,07,Sabato,2,0.236,2025
3<potenza_impegnata<=4.5,Tutti,07,Sabato,23,0.29175,2025
3<potenza_impegnata<=4.5,Tutti,07,Sabato,22,0.31825,2025
3<potenza_impegnata<=4.5,Tutti,07,Sabato,21,0.33225,2025
3<potenza_impegnata<=4.5,Tutti,07,Sabato,20,0.33675,2025
3<potenza_impegnata<=4.5,Tutti,07,Sabato,19,0.326,2025
3<potenza_impegnata<=4.5,Tutti,07,Sabato,1,0.26275,2025
3<potenza_impegnata<=4.5,Tutti,07,Sabato,18,0.29275,2025
3<potenza_impegnata<=4.5,Tutti,07,Sabato,17,0.2805,2025
3<potenza_impegnata<=4.5,Tutti,07,Sabato,16,0.278,2025
3<potenza_impegnata<=4.5,Tutti,07,Sabato,15,0.2825,2025
3<potenza_impegnata<=4.5,Tutti,07,Sabato,14,0.2925,2025
3<potenza_impegnata<=4.5,Tutti,07,Sabato,13,0.2985,2025
3<potenza_impegnata<=4.5,Tutti,07,Sabato,12,0.2845,2025
3<potenza_impegnata<=4.5,Tutti,07,Sabato,11,0.254,2025
3<potenza_impegnata<=4.5,Tutti,07,Sabato,10,0.24425,2025
3<potenza_impegnata<=4.5,Tutti,07,Sabato,9,0.23675,2025
3<potenza_impegnata<=4.5,Tutti,07,Sabato,0,0.303,2025
3<potenza_impegnata<=4.5,Tutti,07,Giorno feriale,8,0.24569565217391304,2025
3<potenza_impegnata<=4.5,Tutti,07,Giorno feriale,7,0.22673913043478264,2025
3<potenza_impegnata<=4.5,Tutti,07,Giorno feriale,6,0.19869565217391302,2025
3<potenza_impegnata<=4.5,Tutti,07,Giorno feriale,5,0.19434782608695655,2025
3<potenza_impegnata<=4.5,Tutti,07,Giorno feriale,4,0.19930434782608694,2025
3<potenza_impegnata<=4.5,Tutti,07,Giorno feriale,3,0.21004347826086958,2025
3<potenza_impegnata<=4.5,Tutti,07,Giorno feriale,2,0.22526086956521735,2025
3<potenza_impegnata<=4.5,Tutti,07,Giorno feriale,23,0.34843478260869565,2025
3<potenza_impegnata<=4.5,Tutti,07,Giorno feriale,22,0.40117391304347827,2025
3<potenza_impegnata<=4.5,Tutti,07,Giorno feriale,21,0.431,2025
3<potenza_impegnata<=4.5,Tutti,07,Giorno feriale,20,0.4344347826086956,2025
3<potenza_impegnata<=4.5,Tutti,07,Giorno feriale,19,0.40943478260869565,2025
3<potenza_impegnata<=4.5,Tutti,07,Giorno feriale,1,0.25126086956521737,2025
3<potenza_impegnata<=4.5,Tutti,07,Giorno feriale,18,0.3461739130434783,2025
3<potenza_impegnata<=4.5,Tutti,07,Giorno feriale,17,0.3154347826086957,2025
3<potenza_impegnata<=4.5,Tutti,07,Giorno feriale,16,0.30539130434782613,2025
3<potenza_impegnata<=4.5,Tutti,07,Giorno feriale,15,0.303,2025
3<potenza_impegnata<=4.5,Tutti,07,Giorno feriale,14,0.3045652173913043,2025
3<potenza_impegnata<=4.5,Tutti,07,Giorno feriale,13,0.30330434782608695,2025
3<potenza_impegnata<=4.5,Tutti,07,Giorno feriale,12,0.2842173913043478,2025
3<potenza_impegnata<=4.5,Tutti,07,Giorno feriale,11,0.25726086956521743,2025
3<potenza_impegnata<=4.5,Tutti,07,Giorno feriale,10,0.24800000000000003,2025
3<potenza_impegnata<=4.5,Tutti,07,Giorno feriale,9,0.247,2025
3<potenza_impegnata<=4.5,Tutti,07,Giorno feriale,0,0.2987826086956522,2025
3<potenza_impegnata<=4.5,Tutti,07,Domenica,8,0.20675,2025
3<potenza_impegnata<=4.5,Tutti,07,Domenica,7,0.1855,2025
3<potenza_impegnata<=4.5,Tutti,07,Domenica,6,0.17875,2025
3<potenza_impegnata<=4.5,Tutti,07,Domenica,5,0.1815,2025
3<potenza_impegnata<=4.5,Tutti,07,Domenica,4,0.1865,2025
3<potenza_impegnata<=4.5,Tutti,07,Domenica,3,0.196,2025
3<potenza_impegnata<=4.5,Tutti,07,Domenica,2,0.2095,2025
3<potenza_impegnata<=4.5,Tutti,07,Domenica,23,0.311,2025
3<potenza_impegnata<=4.5,Tutti,07,Domenica,22,0.353,2025
3<potenza_impegnata<=4.5,Tutti,07,Domenica,21,0.37425,2025
3<potenza_impegnata<=4.5,Tutti,07,Domenica,20,0.3735,2025
3<potenza_impegnata<=4.5,Tutti,07,Domenica,19,0.36,2025
3<potenza_impegnata<=4.5,Tutti,07,Domenica,1,0.23075,2025
3<potenza_impegnata<=4.5,Tutti,07,Domenica,18,0.322,2025
3<potenza_impegnata<=4.5,Tutti,07,Domenica,17,0.3135,2025
3<potenza_impegnata<=4.5,Tutti,07,Domenica,16,0.314,2025
3<potenza_impegnata<=4.5,Tutti,07,Domenica,15,0.3155,2025
3<potenza_impegnata<=4.5,Tutti,07,Domenica,14,0.32175,2025
3<potenza_impegnata<=4.5,Tutti,07,Domenica,13,0.3285,2025
3<potenza_impegnata<=4.5,Tutti,07,Domenica,12,0.3185,2025
3<potenza_impegnata<=4.5,Tutti,07,Domenica,11,0.28025,2025
3<potenza_impegnata<=4.5,Tutti,07,Domenica,10,0.25675,2025
3<potenza_impegnata<=4.5,Tutti,07,Domenica,9,0.23525,2025
3<potenza_impegnata<=4.5,Tutti,07,Domenica,0,0.2625,2025
3<potenza_impegnata<=4.5,Residente,07,Sabato,8,0.22375,2025
3<potenza_impegnata<=4.5,Residente,07,Sabato,7,0.208,2025
3<potenza_impegnata<=4.5,Residente,07,Sabato,6,0.199,2025
3<potenza_impegnata<=4.5,Residente,07,Sabato,5,0.204,2025
3<potenza_impegnata<=4.5,Residente,07,Sabato,4,0.21175,2025
3<potenza_impegnata<=4.5,Residente,07,Sabato,3,0.22425,2025
3<potenza_impegnata<=4.5,Residente,07,Sabato,2,0.24275,2025
3<potenza_impegnata<=4.5,Residente,07,Sabato,23,0.30175,2025
3<potenza_impegnata<=4.5,Residente,07,Sabato,22,0.33075,2025
3<potenza_impegnata<=4.5,Residente,07,Sabato,21,0.34625,2025
3<potenza_impegnata<=4.5,Residente,07,Sabato,20,0.35175,2025
3<potenza_impegnata<=4.5,Residente,07,Sabato,19,0.34075,2025
3<potenza_impegnata<=4.5,Residente,07,Sabato,1,0.2705,2025
3<potenza_impegnata<=4.5,Residente,07,Sabato,18,0.304,2025
3<potenza_impegnata<=4.5,Residente,07,Sabato,17,0.29025,2025
3<potenza_impegnata<=4.5,Residente,07,Sabato,16,0.28775,2025
3<potenza_impegnata<=4.5,Residente,07,Sabato,15,0.2925,2025
3<potenza_impegnata<=4.5,Residente,07,Sabato,14,0.30325,2025
3<potenza_impegnata<=4.5,Residente,07,Sabato,13,0.309,2025
3<potenza_impegnata<=4.5,Residente,07,Sabato,12,0.29475,2025
3<potenza_impegnata<=4.5,Residente,07,Sabato,11,0.26125,2025
3<potenza_impegnata<=4.5,Residente,07,Sabato,10,0.25075,2025
3<potenza_impegnata<=4.5,Residente,07,Sabato,9,0.24325,2025
3<potenza_impegnata<=4.5,Residente,07,Sabato,0,0.31275,2025
3<potenza_impegnata<=4.5,Residente,07,Giorno feriale,8,0.24982608695652175,2025
3<potenza_impegnata<=4.5,Residente,07,Giorno feriale,7,0.2322173913043478,2025
3<potenza_impegnata<=4.5,Residente,07,Giorno feriale,6,0.2038695652173913,2025
3<potenza_impegnata<=4.5,Residente,07,Giorno feriale,5,0.19943478260869565,2025
3<potenza_impegnata<=4.5,Residente,07,Giorno feriale,4,0.20456521739130434,2025
3<potenza_impegnata<=4.5,Residente,07,Giorno feriale,3,0.21556521739130435,2025
3<potenza_impegnata<=4.5,Residente,07,Giorno feriale,2,0.23108695652173913,2025
3<potenza_impegnata<=4.5,Residente,07,Giorno feriale,23,0.3601739130434783,2025
3<potenza_impegnata<=4.5,Residente,07,Giorno feriale,22,0.4180869565217391,2025
3<potenza_impegnata<=4.5,Residente,07,Giorno feriale,21,0.4511739130434783,2025
3<potenza_impegnata<=4.5,Residente,07,Giorno feriale,20,0.4555652173913044,2025
3<potenza_impegnata<=4.5,Residente,07,Giorno feriale,19,0.4306086956521739,2025
3<potenza_impegnata<=4.5,Residente,07,Giorno feriale,1,0.2573043478260869,2025
3<potenza_impegnata<=4.5,Residente,07,Giorno feriale,18,0.36169565217391303,2025
3<potenza_impegnata<=4.5,Residente,07,Giorno feriale,17,0.32817391304347826,2025
3<potenza_impegnata<=4.5,Residente,07,Giorno feriale,16,0.3173478260869565,2025
3<potenza_impegnata<=4.5,Residente,07,Giorno feriale,15,0.3150434782608696,2025
3<potenza_impegnata<=4.5,Residente,07,Giorno feriale,14,0.317,2025
3<potenza_impegnata<=4.5,Residente,07,Giorno feriale,13,0.3149565217391304,2025
3<potenza_impegnata<=4.5,Residente,07,Giorno feriale,12,0.2941739130434783,2025
3<potenza_impegnata<=4.5,Residente,07,Giorno feriale,11,0.264,2025
3<potenza_impegnata<=4.5,Residente,07,Giorno feriale,10,0.2532608695652174,2025
3<potenza_impegnata<=4.5,Residente,07,Giorno feriale,9,0.25126086956521737,2025
3<potenza_impegnata<=4.5,Residente,07,Giorno feriale,0,0.30617391304347824,2025
3<potenza_impegnata<=4.5,Residente,07,Domenica,8,0.213,2025
3<potenza_impegnata<=4.5,Residente,07,Domenica,7,0.19025,2025
3<potenza_impegnata<=4.5,Residente,07,Domenica,6,0.18325,2025
3<potenza_impegnata<=4.5,Residente,07,Domenica,5,0.1865,2025
3<potenza_impegnata<=4.5,Residente,07,Domenica,4,0.1915,2025
3<potenza_impegnata<=4.5,Residente,07,Domenica,3,0.20125,2025
3<potenza_impegnata<=4.5,Residente,07,Domenica,2,0.215,2025
3<potenza_impegnata<=4.5,Residente,07,Domenica,23,0.31975,2025
3<potenza_impegnata<=4.5,Residente,07,Domenica,22,0.36625,2025
3<potenza_impegnata<=4.5,Residente,07,Domenica,21,0.3905,2025
3<potenza_impegnata<=4.5,Residente,07,Domenica,20,0.3905,2025
3<potenza_impegnata<=4.5,Residente,07,Domenica,19,0.378,2025
3<potenza_impegnata<=4.5,Residente,07,Domenica,1,0.23675,2025
3<potenza_impegnata<=4.5,Residente,07,Domenica,18,0.3365,2025
3<potenza_impegnata<=4.5,Residente,07,Domenica,17,0.32725,2025
3<potenza_impegnata<=4.5,Residente,07,Domenica,16,0.328,2025
3<potenza_impegnata<=4.5,Residente,07,Domenica,15,0.32975,2025
3<potenza_impegnata<=4.5,Residente,07,Domenica,14,0.33625,2025
3<potenza_impegnata<=4.5,Residente,07,Domenica,13,0.3425,2025
3<potenza_impegnata<=4.5,Residente,07,Domenica,12,0.333,2025
3<potenza_impegnata<=4.5,Residente,07,Domenica,11,0.2905,2025
3<potenza_impegnata<=4.5,Residente,07,Domenica,10,0.2655,2025
3<potenza_impegnata<=4.5,Residente,07,Domenica,9,0.24275,2025
3<potenza_impegnata<=4.5,Residente,07,Domenica,0,0.26975,2025
3<potenza_impegnata<=4.5,Non Residente,07,Sabato,8,0.19275,2025
3<potenza_impegnata<=4.5,Non Residente,07,Sabato,7,0.181,2025
3<potenza_impegnata<=4.5,Non Residente,07,Sabato,6,0.1725,2025
3<potenza_impegnata<=4.5,Non Residente,07,Sabato,5,0.1755,2025
3<potenza_impegnata<=4.5,Non Residente,07,Sabato,4,0.182,2025
3<potenza_impegnata<=4.5,Non Residente,07,Sabato,3,0.19275,2025
3<potenza_impegnata<=4.5,Non Residente,07,Sabato,2,0.20825,2025
3<potenza_impegnata<=4.5,Non Residente,07,Sabato,23,0.251,2025
3<potenza_impegnata<=4.5,Non Residente,07,Sabato,22,0.2675,2025
3<potenza_impegnata<=4.5,Non Residente,07,Sabato,21,0.275,2025
3<potenza_impegnata<=4.5,Non Residente,07,Sabato,20,0.27525,2025
3<potenza_impegnata<=4.5,Non Residente,07,Sabato,19,0.26475,2025
3<potenza_impegnata<=4.5,Non Residente,07,Sabato,1,0.2315,2025
3<potenza_impegnata<=4.5,Non Residente,07,Sabato,18,0.24625,2025
3<potenza_impegnata<=4.5,Non Residente,07,Sabato,17,0.24025,2025
3<potenza_impegnata<=4.5,Non Residente,07,Sabato,16,0.2375,2025
3<potenza_impegnata<=4.5,Non Residente,07,Sabato,15,0.241,2025
3<potenza_impegnata<=4.5,Non Residente,07,Sabato,14,0.248,2025
3<potenza_impegnata<=4.5,Non Residente,07,Sabato,13,0.2545,2025
3<potenza_impegnata<=4.5,Non Residente,07,Sabato,12,0.2435,2025
3<potenza_impegnata<=4.5,Non Residente,07,Sabato,11,0.225,2025
3<potenza_impegnata<=4.5,Non Residente,07,Sabato,10,0.2185,2025
3<potenza_impegnata<=4.5,Non Residente,07,Sabato,9,0.211,2025
3<potenza_impegnata<=4.5,Non Residente,07,Sabato,0,0.2635,2025
3<potenza_impegnata<=4.5,Non Residente,07,Giorno feriale,8,0.22952173913043478,2025
3<potenza_impegnata<=4.5,Non Residente,07,Giorno feriale,7,0.20478260869565218,2025
3<potenza_impegnata<=4.5,Non Residente,07,Giorno feriale,6,0.1776521739130435,2025
3<potenza_impegnata<=4.5,Non Residente,07,Giorno feriale,5,0.17373913043478262,2025
3<potenza_impegnata<=4.5,Non Residente,07,Giorno feriale,4,0.1781304347826087,2025
3<potenza_impegnata<=4.5,Non Residente,07,Giorno feriale,3,0.18756521739130436,2025
3<potenza_impegnata<=4.5,Non Residente,07,Giorno feriale,2,0.20204347826086957,2025
3<potenza_impegnata<=4.5,Non Residente,07,Giorno feriale,23,0.30091304347826087,2025
3<potenza_impegnata<=4.5,Non Residente,07,Giorno feriale,22,0.3323043478260869,2025
3<potenza_impegnata<=4.5,Non Residente,07,Giorno feriale,21,0.3489130434782609,2025
3<potenza_impegnata<=4.5,Non Residente,07,Giorno feriale,20,0.34795652173913044,2025
3<potenza_impegnata<=4.5,Non Residente,07,Giorno feriale,19,0.32269565217391305,2025
3<potenza_impegnata<=4.5,Non Residente,07,Giorno feriale,1,0.22708695652173913,2025
3<potenza_impegnata<=4.5,Non Residente,07,Giorno feriale,18,0.2827391304347826,2025
3<potenza_impegnata<=4.5,Non Residente,07,Giorno feriale,17,0.2636086956521739,2025
3<potenza_impegnata<=4.5,Non Residente,07,Giorno feriale,16,0.2566086956521739,2025
3<potenza_impegnata<=4.5,Non Residente,07,Giorno feriale,15,0.2540869565217391,2025
3<potenza_impegnata<=4.5,Non Residente,07,Giorno feriale,14,0.25417391304347825,2025
3<potenza_impegnata<=4.5,Non Residente,07,Giorno feriale,13,0.25582608695652176,2025
3<potenza_impegnata<=4.5,Non Residente,07,Giorno feriale,12,0.24356521739130435,2025
3<potenza_impegnata<=4.5,Non Residente,07,Giorno feriale,11,0.23008695652173913,2025
3<potenza_impegnata<=4.5,Non Residente,07,Giorno feriale,10,0.2268695652173913,2025
3<potenza_impegnata<=4.5,Non Residente,07,Giorno feriale,9,0.23008695652173913,2025
3<potenza_impegnata<=4.5,Non Residente,07,Giorno feriale,0,0.26904347826086955,2025
3<potenza_impegnata<=4.5,Non Residente,07,Domenica,8,0.1805,2025
3<potenza_impegnata<=4.5,Non Residente,07,Domenica,7,0.1655,2025
3<potenza_impegnata<=4.5,Non Residente,07,Domenica,6,0.1595,2025
3<potenza_impegnata<=4.5,Non Residente,07,Domenica,5,0.16125,2025
3<potenza_impegnata<=4.5,Non Residente,07,Domenica,4,0.16625,2025
3<potenza_impegnata<=4.5,Non Residente,07,Domenica,3,0.175,2025
3<potenza_impegnata<=4.5,Non Residente,07,Domenica,2,0.1875,2025
3<potenza_impegnata<=4.5,Non Residente,07,Domenica,23,0.27525,2025
3<potenza_impegnata<=4.5,Non Residente,07,Domenica,22,0.2995,2025
3<potenza_impegnata<=4.5,Non Residente,07,Domenica,21,0.3075,2025
3<potenza_impegnata<=4.5,Non Residente,07,Domenica,20,0.30425,2025
3<potenza_impegnata<=4.5,Non Residente,07,Domenica,19,0.28625,2025
3<potenza_impegnata<=4.5,Non Residente,07,Domenica,1,0.20625,2025
3<potenza_impegnata<=4.5,Non Residente,07,Domenica,18,0.26275,2025
3<potenza_impegnata<=4.5,Non Residente,07,Domenica,17,0.2575,2025
3<potenza_impegnata<=4.5,Non Residente,07,Domenica,16,0.257,2025
3<potenza_impegnata<=4.5,Non Residente,07,Domenica,15,0.25725,2025
3<potenza_impegnata<=4.5,Non Residente,07,Domenica,14,0.26225,2025
3<potenza_impegnata<=4.5,Non Residente,07,Domenica,13,0.271,2025
3<potenza_impegnata<=4.5,Non Residente,07,Domenica,12,0.25925,2025
3<potenza_impegnata<=4.5,Non Residente,07,Domenica,11,0.23725,2025
3<potenza_impegnata<=4.5,Non Residente,07,Domenica,10,0.221,2025
3<potenza_impegnata<=4.5,Non Residente,07,Domenica,9,0.20475,2025
3<potenza_impegnata<=4.5,Non Residente,07,Domenica,0,0.23275,2025
3<potenza_impegnata<=4.5,Residente,08,Domenica,17,0.27699999999999997,2025
3<potenza_impegnata<=4.5,Residente,08,Domenica,15,0.2773333333333333,2025
3<potenza_impegnata<=4.5,Residente,08,Domenica,13,0.2881666666666667,2025
3<potenza_impegnata<=4.5,Residente,08,Domenica,11,0.2535,2025
3<potenza_impegnata<=4.5,Residente,08,Domenica,9,0.21133333333333335,2025
3<potenza_impegnata<=4.5,Non Residente,08,Sabato,8,0.1516,2025
3<potenza_impegnata<=4.5,Non Residente,08,Sabato,6,0.131,2025
3<potenza_impegnata<=4.5,Non Residente,08,Domenica,18,0.21316666666666664,2025
3<potenza_impegnata<=4.5,Non Residente,08,Sabato,5,0.1302,2025
3<potenza_impegnata<=4.5,Non Residente,08,Sabato,4,0.13240000000000002,2025
3<potenza_impegnata<=4.5,Non Residente,08,Sabato,2,0.1452,2025
3<potenza_impegnata<=4.5,Non Residente,08,Sabato,22,0.2144,2025
3<potenza_impegnata<=4.5,Non Residente,08,Domenica,23,0.21283333333333332,2025
3<potenza_impegnata<=4.5,Non Residente,08,Sabato,20,0.22679999999999997,2025
3<potenza_impegnata<=4.5,Non Residente,08,Sabato,1,0.1584,2025
3<potenza_impegnata<=4.5,Non Residente,08,Sabato,17,0.197,2025
3<potenza_impegnata<=4.5,Non Residente,08,Sabato,15,0.19619999999999999,2025
3<potenza_impegnata<=4.5,Non Residente,08,Sabato,13,0.2068,2025
3<potenza_impegnata<=4.5,Non Residente,08,Giorno feriale,0,0.18929999999999997,2025
3<potenza_impegnata<=4.5,Non Residente,08,Sabato,11,0.1844,2025
3<potenza_impegnata<=4.5,Non Residente,08,Sabato,9,0.16799999999999998,2025
3<potenza_impegnata<=4.5,Non Residente,08,Sabato,0,0.1786,2025
3<potenza_impegnata<=4.5,Non Residente,08,Giorno feriale,8,0.16505,2025
3<potenza_impegnata<=4.5,Non Residente,08,Giorno feriale,6,0.1379,2025
3<potenza_impegnata<=4.5,Non Residente,08,Giorno feriale,5,0.13575,2025
3<potenza_impegnata<=4.5,Non Residente,08,Giorno feriale,4,0.13784999999999997,2025
3<potenza_impegnata<=4.5,Non Residente,08,Giorno feriale,2,0.15180000000000002,2025
3<potenza_impegnata<=4.5,Non Residente,08,Giorno feriale,22,0.22705000000000003,2025
3<potenza_impegnata<=4.5,Non Residente,08,Giorno feriale,20,0.2415,2025
3<potenza_impegnata<=4.5,Non Residente,08,Giorno feriale,19,0.22895,2025
3<potenza_impegnata<=4.5,Non Residente,08,Giorno feriale,1,0.16615,2025
3<potenza_impegnata<=4.5,Non Residente,08,Giorno feriale,21,0.23854999999999996,2025
3<potenza_impegnata<=4.5,Non Residente,08,Giorno feriale,18,0.20515,2025
3<potenza_impegnata<=4.5,Non Residente,08,Giorno feriale,23,0.20695000000000002,2025
3<potenza_impegnata<=4.5,Non Residente,08,Giorno feriale,17,0.1953,2025
3<potenza_impegnata<=4.5,Non Residente,08,Giorno feriale,3,0.14354999999999998,2025
3<potenza_impegnata<=4.5,Non Residente,08,Giorno feriale,15,0.19105,2025
3<potenza_impegnata<=4.5,Non Residente,08,Giorno feriale,14,0.1927,2025
3<potenza_impegnata<=4.5,Non Residente,08,Giorno feriale,16,0.1921,2025
3<potenza_impegnata<=4.5,Non Residente,08,Giorno feriale,13,0.196,2025
3<potenza_impegnata<=4.5,Non Residente,08,Giorno feriale,12,0.1913,2025
3<potenza_impegnata<=4.5,Non Residente,08,Giorno feriale,11,0.18045,2025
3<potenza_impegnata<=4.5,Non Residente,08,Giorno feriale,10,0.1765,2025
3<potenza_impegnata<=4.5,Non Residente,08,Sabato,10,0.177,2025
3<potenza_impegnata<=4.5,Non Residente,08,Giorno feriale,9,0.17315,2025
3<potenza_impegnata<=4.5,Non Residente,08,Sabato,12,0.198,2025
3<potenza_impegnata<=4.5,Non Residente,08,Domenica,8,0.15483333333333335,2025
3<potenza_impegnata<=4.5,Non Residente,08,Giorno feriale,7,0.15109999999999998,2025
3<potenza_impegnata<=4.5,Non Residente,08,Domenica,7,0.14166666666666666,2025
3<potenza_impegnata<=4.5,Non Residente,08,Sabato,14,0.2002,2025
3<potenza_impegnata<=4.5,Non Residente,08,Domenica,6,0.13733333333333334,2025
3<potenza_impegnata<=4.5,Non Residente,08,Sabato,16,0.1964,2025
3<potenza_impegnata<=4.5,Non Residente,08,Domenica,5,0.13833333333333334,2025
3<potenza_impegnata<=4.5,Non Residente,08,Domenica,4,0.14133333333333334,2025
3<potenza_impegnata<=4.5,Non Residente,08,Sabato,18,0.20259999999999997,2025
3<potenza_impegnata<=4.5,Non Residente,08,Domenica,3,0.14716666666666667,2025
3<potenza_impegnata<=4.5,Non Residente,08,Domenica,2,0.15666666666666665,2025
3<potenza_impegnata<=4.5,Non Residente,08,Sabato,19,0.2172,2025
3<potenza_impegnata<=4.5,Non Residente,08,Sabato,21,0.22400000000000003,2025
3<potenza_impegnata<=4.5,Non Residente,08,Domenica,22,0.22966666666666666,2025
3<potenza_impegnata<=4.5,Non Residente,08,Domenica,21,0.24333333333333332,2025
3<potenza_impegnata<=4.5,Non Residente,08,Sabato,23,0.1988,2025
3<potenza_impegnata<=4.5,Non Residente,08,Domenica,20,0.24350000000000002,2025
3<potenza_impegnata<=4.5,Non Residente,08,Sabato,3,0.13720000000000002,2025
3<potenza_impegnata<=4.5,Non Residente,08,Domenica,19,0.23016666666666666,2025
3<potenza_impegnata<=4.5,Non Residente,08,Domenica,1,0.17049999999999998,2025
3<potenza_impegnata<=4.5,Non Residente,08,Domenica,17,0.20583333333333334,2025
3<potenza_impegnata<=4.5,Non Residente,08,Domenica,16,0.20233333333333334,2025
3<potenza_impegnata<=4.5,Residente,08,Domenica,0,0.23299999999999998,2025
3<potenza_impegnata<=4.5,Non Residente,08,Domenica,15,0.20283333333333334,2025
3<potenza_impegnata<=4.5,Non Residente,08,Sabato,7,0.1392,2025
3<potenza_impegnata<=4.5,Non Residente,08,Domenica,14,0.20583333333333334,2025
3<potenza_impegnata<=4.5,Residente,08,Domenica,10,0.2325,2025
3<potenza_impegnata<=4.5,Non Residente,08,Domenica,13,0.21083333333333332,2025
3<potenza_impegnata<=4.5,Non Residente,08,Domenica,12,0.20666666666666667,2025
3<potenza_impegnata<=4.5,Residente,08,Domenica,12,0.28450000000000003,2025
3<potenza_impegnata<=4.5,Non Residente,08,Domenica,11,0.1945,2025
3<potenza_impegnata<=4.5,Residente,08,Domenica,14,0.28250000000000003,2025
3<potenza_impegnata<=4.5,Non Residente,08,Domenica,10,0.18466666666666667,2025
3<potenza_impegnata<=4.5,Non Residente,08,Domenica,9,0.17266666666666666,2025
3<potenza_impegnata<=4.5,Residente,08,Domenica,16,0.27466666666666667,2025
3<potenza_impegnata<=4.5,Non Residente,08,Domenica,0,0.1905,2025
3<potenza_impegnata<=4.5,Tutti,08,Sabato,8,0.1758,2025
3<potenza_impegnata<=4.5,Tutti,08,Sabato,7,0.15860000000000002,2025
3<potenza_impegnata<=4.5,Tutti,08,Sabato,6,0.1482,2025
3<potenza_impegnata<=4.5,Tutti,08,Sabato,5,0.1482,2025
3<potenza_impegnata<=4.5,Tutti,08,Sabato,4,0.1504,2025
3<potenza_impegnata<=4.5,Tutti,08,Sabato,3,0.1562,2025
3<potenza_impegnata<=4.5,Tutti,08,Sabato,2,0.1654,2025
3<potenza_impegnata<=4.5,Tutti,08,Sabato,23,0.24100000000000002,2025
3<potenza_impegnata<=4.5,Tutti,08,Sabato,22,0.27,2025
3<potenza_impegnata<=4.5,Tutti,08,Sabato,21,0.2894,2025
3<potenza_impegnata<=4.5,Tutti,08,Sabato,20,0.2968,2025
3<potenza_impegnata<=4.5,Tutti,08,Sabato,19,0.2844,2025
3<potenza_impegnata<=4.5,Tutti,08,Sabato,1,0.18080000000000002,2025
3<potenza_impegnata<=4.5,Tutti,08,Sabato,18,0.2564,2025
3<potenza_impegnata<=4.5,Tutti,08,Sabato,17,0.246,2025
3<potenza_impegnata<=4.5,Tutti,08,Sabato,16,0.2454,2025
3<potenza_impegnata<=4.5,Tutti,08,Sabato,15,0.24820000000000003,2025
3<potenza_impegnata<=4.5,Tutti,08,Sabato,14,0.2542,2025
3<potenza_impegnata<=4.5,Tutti,08,Sabato,13,0.2586,2025
3<potenza_impegnata<=4.5,Tutti,08,Sabato,12,0.2476,2025
3<potenza_impegnata<=4.5,Tutti,08,Sabato,11,0.2204,2025
3<potenza_impegnata<=4.5,Tutti,08,Sabato,10,0.2076,2025
3<potenza_impegnata<=4.5,Tutti,08,Sabato,9,0.196,2025
3<potenza_impegnata<=4.5,Tutti,08,Sabato,0,0.20600000000000002,2025
3<potenza_impegnata<=4.5,Tutti,08,Giorno feriale,8,0.1861,2025
3<potenza_impegnata<=4.5,Tutti,08,Giorno feriale,7,0.17254999999999998,2025
3<potenza_impegnata<=4.5,Tutti,08,Giorno feriale,6,0.15805,2025
3<potenza_impegnata<=4.5,Tutti,08,Giorno feriale,5,0.15575,2025
3<potenza_impegnata<=4.5,Tutti,08,Giorno feriale,4,0.15794999999999998,2025
3<potenza_impegnata<=4.5,Tutti,08,Giorno feriale,3,0.16465000000000002,2025
3<potenza_impegnata<=4.5,Tutti,08,Giorno feriale,2,0.17385,2025
3<potenza_impegnata<=4.5,Tutti,08,Giorno feriale,23,0.24509999999999996,2025
3<potenza_impegnata<=4.5,Tutti,08,Giorno feriale,22,0.27745,2025
3<potenza_impegnata<=4.5,Tutti,08,Giorno feriale,21,0.30060000000000003,2025
3<potenza_impegnata<=4.5,Tutti,08,Giorno feriale,20,0.30795000000000006,2025
3<potenza_impegnata<=4.5,Tutti,08,Giorno feriale,19,0.2942,2025
3<potenza_impegnata<=4.5,Tutti,08,Giorno feriale,1,0.18965,2025
3<potenza_impegnata<=4.5,Tutti,08,Giorno feriale,18,0.25585,2025
3<potenza_impegnata<=4.5,Tutti,08,Giorno feriale,17,0.23879999999999998,2025
3<potenza_impegnata<=4.5,Tutti,08,Giorno feriale,16,0.23454999999999998,2025
3<potenza_impegnata<=4.5,Tutti,08,Giorno feriale,15,0.2345,2025
3<potenza_impegnata<=4.5,Tutti,08,Giorno feriale,14,0.2379,2025
3<potenza_impegnata<=4.5,Tutti,08,Giorno feriale,13,0.24105000000000004,2025
3<potenza_impegnata<=4.5,Tutti,08,Giorno feriale,12,0.23215,2025
3<potenza_impegnata<=4.5,Tutti,08,Giorno feriale,11,0.21015,2025
3<potenza_impegnata<=4.5,Tutti,08,Giorno feriale,10,0.20065,2025
3<potenza_impegnata<=4.5,Tutti,08,Giorno feriale,9,0.1954,2025
3<potenza_impegnata<=4.5,Tutti,08,Giorno feriale,0,0.21694999999999998,2025
3<potenza_impegnata<=4.5,Tutti,08,Domenica,8,0.17983333333333332,2025
3<potenza_impegnata<=4.5,Tutti,08,Domenica,7,0.16266666666666665,2025
3<potenza_impegnata<=4.5,Tutti,08,Domenica,6,0.15766666666666665,2025
3<potenza_impegnata<=4.5,Tutti,08,Domenica,5,0.15966666666666665,2025
3<potenza_impegnata<=4.5,Tutti,08,Domenica,4,0.16333333333333333,2025
3<potenza_impegnata<=4.5,Tutti,08,Domenica,3,0.17049999999999998,2025
3<potenza_impegnata<=4.5,Tutti,08,Domenica,2,0.1815,2025
3<potenza_impegnata<=4.5,Tutti,08,Domenica,23,0.2568333333333333,2025
3<potenza_impegnata<=4.5,Tutti,08,Domenica,22,0.28950000000000004,2025
3<potenza_impegnata<=4.5,Tutti,08,Domenica,21,0.3143333333333333,2025
3<potenza_impegnata<=4.5,Tutti,08,Domenica,20,0.321,2025
3<potenza_impegnata<=4.5,Tutti,08,Domenica,19,0.3046666666666667,2025
3<potenza_impegnata<=4.5,Tutti,08,Domenica,1,0.1985,2025
3<potenza_impegnata<=4.5,Tutti,08,Domenica,18,0.27516666666666667,2025
3<potenza_impegnata<=4.5,Tutti,08,Domenica,17,0.263,2025
3<potenza_impegnata<=4.5,Tutti,08,Domenica,16,0.26033333333333336,2025
3<potenza_impegnata<=4.5,Tutti,08,Domenica,15,0.26266666666666666,2025
3<potenza_impegnata<=4.5,Tutti,08,Domenica,14,0.26733333333333337,2025
3<potenza_impegnata<=4.5,Tutti,08,Domenica,13,0.27299999999999996,2025
3<potenza_impegnata<=4.5,Tutti,08,Domenica,12,0.26916666666666667,2025
3<potenza_impegnata<=4.5,Tutti,08,Domenica,11,0.24183333333333334,2025
3<potenza_impegnata<=4.5,Tutti,08,Domenica,10,0.223,2025
3<potenza_impegnata<=4.5,Tutti,08,Domenica,9,0.20366666666666666,2025
3<potenza_impegnata<=4.5,Tutti,08,Domenica,0,0.22466666666666668,2025
3<potenza_impegnata<=4.5,Residente,08,Sabato,8,0.18180000000000002,2025
3<potenza_impegnata<=4.5,Residente,08,Sabato,7,0.1634,2025
3<potenza_impegnata<=4.5,Residente,08,Sabato,6,0.1526,2025
3<potenza_impegnata<=4.5,Residente,08,Sabato,5,0.1526,2025
3<potenza_impegnata<=4.5,Residente,08,Sabato,4,0.1548,2025
3<potenza_impegnata<=4.5,Residente,08,Sabato,3,0.1608,2025
3<potenza_impegnata<=4.5,Residente,08,Sabato,2,0.1704,2025
3<potenza_impegnata<=4.5,Residente,08,Sabato,23,0.25139999999999996,2025
3<potenza_impegnata<=4.5,Residente,08,Sabato,22,0.2834,2025
3<potenza_impegnata<=4.5,Residente,08,Sabato,21,0.3054,2025
3<potenza_impegnata<=4.5,Residente,08,Sabato,20,0.314,2025
3<potenza_impegnata<=4.5,Residente,08,Sabato,19,0.301,2025
3<potenza_impegnata<=4.5,Residente,08,Sabato,1,0.1864,2025
3<potenza_impegnata<=4.5,Residente,08,Sabato,18,0.2694,2025
3<potenza_impegnata<=4.5,Residente,08,Sabato,17,0.258,2025
3<potenza_impegnata<=4.5,Residente,08,Sabato,16,0.25739999999999996,2025
3<potenza_impegnata<=4.5,Residente,08,Sabato,15,0.261,2025
3<potenza_impegnata<=4.5,Residente,08,Sabato,14,0.26739999999999997,2025
3<potenza_impegnata<=4.5,Residente,08,Sabato,13,0.2712,2025
3<potenza_impegnata<=4.5,Residente,08,Sabato,12,0.2596,2025
3<potenza_impegnata<=4.5,Residente,08,Sabato,11,0.2292,2025
3<potenza_impegnata<=4.5,Residente,08,Sabato,10,0.2152,2025
3<potenza_impegnata<=4.5,Residente,08,Sabato,9,0.2028,2025
3<potenza_impegnata<=4.5,Residente,08,Sabato,0,0.21259999999999998,2025
3<potenza_impegnata<=4.5,Residente,08,Giorno feriale,8,0.19135,2025
3<potenza_impegnata<=4.5,Residente,08,Giorno feriale,7,0.17785,2025
3<potenza_impegnata<=4.5,Residente,08,Giorno feriale,6,0.16310000000000002,2025
3<potenza_impegnata<=4.5,Residente,08,Giorno feriale,5,0.1607,2025
3<potenza_impegnata<=4.5,Residente,08,Giorno feriale,4,0.1629,2025
3<potenza_impegnata<=4.5,Residente,08,Giorno feriale,3,0.16984999999999997,2025
3<potenza_impegnata<=4.5,Residente,08,Giorno feriale,2,0.17934999999999998,2025
3<potenza_impegnata<=4.5,Residente,08,Giorno feriale,23,0.25455,2025
3<potenza_impegnata<=4.5,Residente,08,Giorno feriale,22,0.28979999999999995,2025
3<potenza_impegnata<=4.5,Residente,08,Giorno feriale,21,0.3157,2025
3<potenza_impegnata<=4.5,Residente,08,Giorno feriale,20,0.32415,2025
3<potenza_impegnata<=4.5,Residente,08,Giorno feriale,19,0.3101,2025
3<potenza_impegnata<=4.5,Residente,08,Giorno feriale,1,0.19544999999999998,2025
3<potenza_impegnata<=4.5,Residente,08,Giorno feriale,17,0.2495,2025
3<potenza_impegnata<=4.5,Residente,08,Giorno feriale,16,0.24495000000000006,2025
3<potenza_impegnata<=4.5,Residente,08,Giorno feriale,15,0.24514999999999998,2025
3<potenza_impegnata<=4.5,Residente,08,Giorno feriale,14,0.24905,2025
3<potenza_impegnata<=4.5,Residente,08,Giorno feriale,13,0.25205,2025
3<potenza_impegnata<=4.5,Residente,08,Giorno feriale,12,0.24215,2025
3<potenza_impegnata<=4.5,Residente,08,Giorno feriale,11,0.21745,2025
3<potenza_impegnata<=4.5,Residente,08,Giorno feriale,9,0.20085000000000003,2025
3<potenza_impegnata<=4.5,Residente,08,Domenica,3,0.17633333333333334,2025
3<potenza_impegnata<=4.5,Residente,08,Domenica,8,0.18600000000000003,2025
3<potenza_impegnata<=4.5,Residente,08,Domenica,6,0.16283333333333333,2025
3<potenza_impegnata<=4.5,Residente,08,Domenica,7,0.1678333333333333,2025
3<potenza_impegnata<=4.5,Residente,08,Domenica,5,0.165,2025
3<potenza_impegnata<=4.5,Residente,08,Domenica,4,0.1688333333333333,2025
3<potenza_impegnata<=4.5,Residente,08,Giorno feriale,0,0.22385000000000002,2025
3<potenza_impegnata<=4.5,Residente,08,Giorno feriale,10,0.20669999999999997,2025
3<potenza_impegnata<=4.5,Residente,08,Domenica,2,0.18766666666666665,2025
3<potenza_impegnata<=4.5,Residente,08,Domenica,23,0.26766666666666666,2025
3<potenza_impegnata<=4.5,Residente,08,Domenica,22,0.30416666666666664,2025
3<potenza_impegnata<=4.5,Residente,08,Domenica,21,0.33183333333333337,2025
3<potenza_impegnata<=4.5,Residente,08,Domenica,20,0.34,2025
3<potenza_impegnata<=4.5,Residente,08,Domenica,19,0.32283333333333336,2025
3<potenza_impegnata<=4.5,Residente,08,Domenica,1,0.20533333333333334,2025
3<potenza_impegnata<=4.5,Residente,08,Giorno feriale,18,0.2683,2025
3<potenza_impegnata<=4.5,Residente,08,Domenica,18,0.29050000000000004,2025
3<potenza_impegnata<=4.5,Residente,09,Domenica,17,0.26175,2025
3<potenza_impegnata<=4.5,Residente,09,Domenica,15,0.28225,2025
3<potenza_impegnata<=4.5,Residente,09,Domenica,13,0.333,2025
3<potenza_impegnata<=4.5,Residente,09,Domenica,11,0.3,2025
3<potenza_impegnata<=4.5,Residente,09,Domenica,9,0.25825,2025
3<potenza_impegnata<=4.5,Non Residente,09,Sabato,8,0.17725,2025
3<potenza_impegnata<=4.5,Non Residente,09,Sabato,6,0.12525,2025
3<potenza_impegnata<=4.5,Non Residente,09,Domenica,18,0.236,2025
3<potenza_impegnata<=4.5,Non Residente,09,Sabato,5,0.11975,2025
3<potenza_impegnata<=4.5,Non Residente,09,Sabato,4,0.121,2025
3<potenza_impegnata<=4.5,Non Residente,09,Sabato,2,0.13875,2025
3<potenza_impegnata<=4.5,Non Residente,09,Sabato,22,0.24,2025
3<potenza_impegnata<=4.5,Non Residente,09,Domenica,23,0.233,2025
3<potenza_impegnata<=4.5,Non Residente,09,Sabato,20,0.287,2025
3<potenza_impegnata<=4.5,Non Residente,09,Sabato,1,0.15675,2025
3<potenza_impegnata<=4.5,Non Residente,09,Sabato,17,0.22025,2025
3<potenza_impegnata<=4.5,Non Residente,09,Sabato,15,0.23,2025
3<potenza_impegnata<=4.5,Non Residente,09,Sabato,13,0.2635,2025
3<potenza_impegnata<=4.5,Non Residente,09,Giorno feriale,0,0.18827272727272726,2025
3<potenza_impegnata<=4.5,Non Residente,09,Sabato,11,0.22925,2025
3<potenza_impegnata<=4.5,Non Residente,09,Sabato,9,0.208,2025
3<potenza_impegnata<=4.5,Non Residente,09,Sabato,0,0.18525,2025
3<potenza_impegnata<=4.5,Non Residente,09,Giorno feriale,8,0.21236363636363634,2025
3<potenza_impegnata<=4.5,Non Residente,09,Giorno feriale,6,0.13390909090909095,2025
3<potenza_impegnata<=4.5,Non Residente,09,Giorno feriale,5,0.11754545454545454,2025
3<potenza_impegnata<=4.5,Non Residente,09,Giorno feriale,4,0.11631818181818182,2025
3<potenza_impegnata<=4.5,Non Residente,09,Giorno feriale,2,0.13231818181818183,2025
3<potenza_impegnata<=4.5,Non Residente,09,Giorno feriale,22,0.26840909090909093,2025
3<potenza_impegnata<=4.5,Non Residente,09,Giorno feriale,20,0.3270909090909091,2025
3<potenza_impegnata<=4.5,Non Residente,09,Giorno feriale,19,0.29109090909090907,2025
3<potenza_impegnata<=4.5,Non Residente,09,Giorno feriale,1,0.1524090909090909,2025
3<potenza_impegnata<=4.5,Non Residente,09,Giorno feriale,21,0.3043181818181818,2025
3<potenza_impegnata<=4.5,Non Residente,09,Giorno feriale,18,0.22518181818181812,2025
3<potenza_impegnata<=4.5,Non Residente,09,Giorno feriale,23,0.22709090909090907,2025
3<potenza_impegnata<=4.5,Non Residente,09,Giorno feriale,17,0.19904545454545455,2025
3<potenza_impegnata<=4.5,Non Residente,09,Giorno feriale,3,0.12181818181818181,2025
3<potenza_impegnata<=4.5,Non Residente,09,Giorno feriale,15,0.19718181818181818,2025
3<potenza_impegnata<=4.5,Non Residente,09,Giorno feriale,14,0.20795454545454548,2025
3<potenza_impegnata<=4.5,Non Residente,09,Giorno feriale,16,0.19254545454545455,2025
3<potenza_impegnata<=4.5,Non Residente,09,Giorno feriale,13,0.22254545454545455,2025
3<potenza_impegnata<=4.5,Non Residente,09,Giorno feriale,12,0.2130454545454545,2025
3<potenza_impegnata<=4.5,Non Residente,09,Giorno feriale,11,0.1991818181818182,2025
3<potenza_impegnata<=4.5,Non Residente,09,Giorno feriale,10,0.20072727272727275,2025
3<potenza_impegnata<=4.5,Non Residente,09,Sabato,10,0.22325,2025
3<potenza_impegnata<=4.5,Non Residente,09,Giorno feriale,9,0.21031818181818182,2025
3<potenza_impegnata<=4.5,Non Residente,09,Sabato,12,0.24975,2025
3<potenza_impegnata<=4.5,Non Residente,09,Domenica,8,0.168,2025
3<potenza_impegnata<=4.5,Non Residente,09,Giorno feriale,7,0.1834090909090909,2025
3<potenza_impegnata<=4.5,Non Residente,09,Domenica,7,0.1375,2025
3<potenza_impegnata<=4.5,Non Residente,09,Sabato,14,0.2465,2025
3<potenza_impegnata<=4.5,Non Residente,09,Domenica,6,0.125,2025
3<potenza_impegnata<=4.5,Non Residente,09,Sabato,16,0.221,2025
3<potenza_impegnata<=4.5,Non Residente,09,Domenica,5,0.12125,2025
3<potenza_impegnata<=4.5,Non Residente,09,Domenica,4,0.12325,2025
3<potenza_impegnata<=4.5,Non Residente,09,Sabato,18,0.23125,2025
3<potenza_impegnata<=4.5,Non Residente,09,Domenica,3,0.12975,2025
3<potenza_impegnata<=4.5,Non Residente,09,Domenica,2,0.14225,2025
3<potenza_impegnata<=4.5,Non Residente,09,Sabato,19,0.269,2025
3<potenza_impegnata<=4.5,Non Residente,09,Sabato,21,0.265,2025
3<potenza_impegnata<=4.5,Non Residente,09,Domenica,22,0.2705,2025
3<potenza_impegnata<=4.5,Non Residente,09,Domenica,21,0.30175,2025
3<potenza_impegnata<=4.5,Non Residente,09,Sabato,23,0.21125,2025
3<potenza_impegnata<=4.5,Non Residente,09,Domenica,20,0.32325,2025
3<potenza_impegnata<=4.5,Non Residente,09,Sabato,3,0.127,2025
3<potenza_impegnata<=4.5,Non Residente,09,Domenica,19,0.28825,2025
3<potenza_impegnata<=4.5,Non Residente,09,Domenica,1,0.16125,2025
3<potenza_impegnata<=4.5,Non Residente,09,Domenica,17,0.218,2025
3<potenza_impegnata<=4.5,Non Residente,09,Domenica,16,0.219,2025
3<potenza_impegnata<=4.5,Residente,09,Domenica,0,0.209,2025
3<potenza_impegnata<=4.5,Non Residente,09,Domenica,15,0.2295,2025
3<potenza_impegnata<=4.5,Non Residente,09,Sabato,7,0.148,2025
3<potenza_impegnata<=4.5,Non Residente,09,Domenica,14,0.24575,2025
3<potenza_impegnata<=4.5,Residente,09,Domenica,10,0.28325,2025
3<potenza_impegnata<=4.5,Non Residente,09,Domenica,13,0.26925,2025
3<potenza_impegnata<=4.5,Non Residente,09,Domenica,12,0.26175,2025
3<potenza_impegnata<=4.5,Residente,09,Domenica,12,0.3425,2025
3<potenza_impegnata<=4.5,Non Residente,09,Domenica,11,0.2365,2025
3<potenza_impegnata<=4.5,Residente,09,Domenica,14,0.3045,2025
3<potenza_impegnata<=4.5,Non Residente,09,Domenica,10,0.22475,2025
3<potenza_impegnata<=4.5,Non Residente,09,Domenica,9,0.20425,2025
3<potenza_impegnata<=4.5,Residente,09,Domenica,16,0.2645,2025
3<potenza_impegnata<=4.5,Non Residente,09,Domenica,0,0.18775,2025
3<potenza_impegnata<=4.5,Tutti,09,Sabato,8,0.2105,2025
3<potenza_impegnata<=4.5,Tutti,09,Sabato,7,0.16925,2025
3<potenza_impegnata<=4.5,Tutti,09,Sabato,6,0.139,2025
3<potenza_impegnata<=4.5,Tutti,09,Sabato,5,0.132,2025
3<potenza_impegnata<=4.5,Tutti,09,Sabato,4,0.13175,2025
3<potenza_impegnata<=4.5,Tutti,09,Sabato,3,0.13725,2025
3<potenza_impegnata<=4.5,Tutti,09,Sabato,2,0.14825,2025
3<potenza_impegnata<=4.5,Tutti,09,Sabato,23,0.239,2025
3<potenza_impegnata<=4.5,Tutti,09,Sabato,22,0.278,2025
3<potenza_impegnata<=4.5,Tutti,09,Sabato,21,0.316,2025
3<potenza_impegnata<=4.5,Tutti,09,Sabato,20,0.35225,2025
3<potenza_impegnata<=4.5,Tutti,09,Sabato,19,0.33825,2025
3<potenza_impegnata<=4.5,Tutti,09,Sabato,1,0.167,2025
3<potenza_impegnata<=4.5,Tutti,09,Sabato,18,0.274,2025
3<potenza_impegnata<=4.5,Tutti,09,Sabato,17,0.25325,2025
3<potenza_impegnata<=4.5,Tutti,09,Sabato,16,0.2565,2025
3<potenza_impegnata<=4.5,Tutti,09,Sabato,15,0.27275,2025
3<potenza_impegnata<=4.5,Tutti,09,Sabato,14,0.29575,2025
3<potenza_impegnata<=4.5,Tutti,09,Sabato,13,0.31525,2025
3<potenza_impegnata<=4.5,Tutti,09,Sabato,12,0.305,2025
3<potenza_impegnata<=4.5,Tutti,09,Sabato,11,0.26725,2025
3<potenza_impegnata<=4.5,Tutti,09,Sabato,10,0.259,2025
3<potenza_impegnata<=4.5,Tutti,09,Sabato,9,0.24725,2025
3<potenza_impegnata<=4.5,Tutti,09,Sabato,0,0.20075,2025
3<potenza_impegnata<=4.5,Tutti,09,Giorno feriale,8,0.23545454545454547,2025
3<potenza_impegnata<=4.5,Tutti,09,Giorno feriale,7,0.2138181818181818,2025
3<potenza_impegnata<=4.5,Tutti,09,Giorno feriale,6,0.1553181818181818,2025
3<potenza_impegnata<=4.5,Tutti,09,Giorno feriale,5,0.132,2025
3<potenza_impegnata<=4.5,Tutti,09,Giorno feriale,4,0.12904545454545457,2025
3<potenza_impegnata<=4.5,Tutti,09,Giorno feriale,3,0.13372727272727272,2025
3<potenza_impegnata<=4.5,Tutti,09,Giorno feriale,2,0.14295454545454545,2025
3<potenza_impegnata<=4.5,Tutti,09,Giorno feriale,23,0.251,2025
3<potenza_impegnata<=4.5,Tutti,09,Giorno feriale,22,0.3108636363636364,2025
3<potenza_impegnata<=4.5,Tutti,09,Giorno feriale,21,0.3632727272727273,2025
3<potenza_impegnata<=4.5,Tutti,09,Giorno feriale,20,0.39645454545454545,2025
3<potenza_impegnata<=4.5,Tutti,09,Giorno feriale,19,0.36872727272727274,2025
3<potenza_impegnata<=4.5,Tutti,09,Giorno feriale,1,0.16190909090909092,2025
3<potenza_impegnata<=4.5,Tutti,09,Giorno feriale,18,0.26836363636363636,2025
3<potenza_impegnata<=4.5,Tutti,09,Giorno feriale,17,0.22836363636363635,2025
3<potenza_impegnata<=4.5,Tutti,09,Giorno feriale,16,0.22104545454545452,2025
3<potenza_impegnata<=4.5,Tutti,09,Giorno feriale,15,0.2285,2025
3<potenza_impegnata<=4.5,Tutti,09,Giorno feriale,14,0.24363636363636362,2025
3<potenza_impegnata<=4.5,Tutti,09,Giorno feriale,13,0.25790909090909087,2025
3<potenza_impegnata<=4.5,Tutti,09,Giorno feriale,12,0.24795454545454546,2025
3<potenza_impegnata<=4.5,Tutti,09,Giorno feriale,11,0.2255,2025
3<potenza_impegnata<=4.5,Tutti,09,Giorno feriale,10,0.2242727272727273,2025
3<potenza_impegnata<=4.5,Tutti,09,Giorno feriale,9,0.2326818181818182,2025
3<potenza_impegnata<=4.5,Tutti,09,Giorno feriale,0,0.19972727272727273,2025
3<potenza_impegnata<=4.5,Tutti,09,Domenica,8,0.1985,2025
3<potenza_impegnata<=4.5,Tutti,09,Domenica,7,0.15575,2025
3<potenza_impegnata<=4.5,Tutti,09,Domenica,6,0.13675,2025
3<potenza_impegnata<=4.5,Tutti,09,Domenica,5,0.13275,2025
3<potenza_impegnata<=4.5,Tutti,09,Domenica,4,0.13325,2025
3<potenza_impegnata<=4.5,Tutti,09,Domenica,3,0.1395,2025
3<potenza_impegnata<=4.5,Tutti,09,Domenica,2,0.1515,2025
3<potenza_impegnata<=4.5,Tutti,09,Domenica,23,0.25475,2025
3<potenza_impegnata<=4.5,Tutti,09,Domenica,22,0.31025,2025
3<potenza_impegnata<=4.5,Tutti,09,Domenica,21,0.36025,2025
3<potenza_impegnata<=4.5,Tutti,09,Domenica,20,0.396,2025
3<potenza_impegnata<=4.5,Tutti,09,Domenica,19,0.366,2025
3<potenza_impegnata<=4.5,Tutti,09,Domenica,1,0.17225,2025
3<potenza_impegnata<=4.5,Tutti,09,Domenica,18,0.2815,2025
3<potenza_impegnata<=4.5,Tutti,09,Domenica,17,0.253,2025
3<potenza_impegnata<=4.5,Tutti,09,Domenica,16,0.2555,2025
3<potenza_impegnata<=4.5,Tutti,09,Domenica,15,0.27175,2025
3<potenza_impegnata<=4.5,Tutti,09,Domenica,14,0.29275,2025
3<potenza_impegnata<=4.5,Tutti,09,Domenica,13,0.32025,2025
3<potenza_impegnata<=4.5,Tutti,09,Domenica,12,0.32675,2025
3<potenza_impegnata<=4.5,Tutti,09,Domenica,11,0.28725,2025
3<potenza_impegnata<=4.5,Tutti,09,Domenica,10,0.27175,2025
3<potenza_impegnata<=4.5,Tutti,09,Domenica,9,0.2475,2025
3<potenza_impegnata<=4.5,Tutti,09,Domenica,0,0.205,2025
3<potenza_impegnata<=4.5,Residente,09,Sabato,8,0.21875,2025
3<potenza_impegnata<=4.5,Residente,09,Sabato,7,0.1745,2025
3<potenza_impegnata<=4.5,Residente,09,Sabato,6,0.1425,2025
3<potenza_impegnata<=4.5,Residente,09,Sabato,5,0.135,2025
3<potenza_impegnata<=4.5,Residente,09,Sabato,4,0.1345,2025
3<potenza_impegnata<=4.5,Residente,09,Sabato,3,0.13975,2025
3<potenza_impegnata<=4.5,Residente,09,Sabato,2,0.1505,2025
3<potenza_impegnata<=4.5,Residente,09,Sabato,23,0.24575,2025
3<potenza_impegnata<=4.5,Residente,09,Sabato,22,0.2875,2025
3<potenza_impegnata<=4.5,Residente,09,Sabato,21,0.3285,2025
3<potenza_impegnata<=4.5,Residente,09,Sabato,20,0.36825,2025
3<potenza_impegnata<=4.5,Residente,09,Sabato,19,0.35525,2025
3<potenza_impegnata<=4.5,Residente,09,Sabato,1,0.1695,2025
3<potenza_impegnata<=4.5,Residente,09,Sabato,18,0.2845,2025
3<potenza_impegnata<=4.5,Residente,09,Sabato,17,0.2615,2025
3<potenza_impegnata<=4.5,Residente,09,Sabato,16,0.26525,2025
3<potenza_impegnata<=4.5,Residente,09,Sabato,15,0.28325,2025
3<potenza_impegnata<=4.5,Residente,09,Sabato,14,0.308,2025
3<potenza_impegnata<=4.5,Residente,09,Sabato,13,0.328,2025
3<potenza_impegnata<=4.5,Residente,09,Sabato,12,0.31825,2025
3<potenza_impegnata<=4.5,Residente,09,Sabato,11,0.27675,2025
3<potenza_impegnata<=4.5,Residente,09,Sabato,10,0.268,2025
3<potenza_impegnata<=4.5,Residente,09,Sabato,9,0.25675,2025
3<potenza_impegnata<=4.5,Residente,09,Sabato,0,0.2045,2025
3<potenza_impegnata<=4.5,Residente,09,Giorno feriale,8,0.2411818181818182,2025
3<potenza_impegnata<=4.5,Residente,09,Giorno feriale,7,0.22136363636363637,2025
3<potenza_impegnata<=4.5,Residente,09,Giorno feriale,6,0.1605909090909091,2025
3<potenza_impegnata<=4.5,Residente,09,Giorno feriale,5,0.13554545454545455,2025
3<potenza_impegnata<=4.5,Residente,09,Giorno feriale,4,0.13222727272727275,2025
3<potenza_impegnata<=4.5,Residente,09,Giorno feriale,3,0.1366818181818182,2025
3<potenza_impegnata<=4.5,Residente,09,Giorno feriale,2,0.14554545454545453,2025
3<potenza_impegnata<=4.5,Residente,09,Giorno feriale,23,0.2569090909090909,2025
3<potenza_impegnata<=4.5,Residente,09,Giorno feriale,22,0.32136363636363635,2025
3<potenza_impegnata<=4.5,Residente,09,Giorno feriale,21,0.3778636363636363,2025
3<potenza_impegnata<=4.5,Residente,09,Giorno feriale,20,0.4135454545454545,2025
3<potenza_impegnata<=4.5,Residente,09,Giorno feriale,19,0.3877727272727273,2025
3<potenza_impegnata<=4.5,Residente,09,Giorno feriale,1,0.16422727272727272,2025
3<potenza_impegnata<=4.5,Residente,09,Giorno feriale,17,0.23563636363636364,2025
3<potenza_impegnata<=4.5,Residente,09,Giorno feriale,16,0.22804545454545452,2025
3<potenza_impegnata<=4.5,Residente,09,Giorno feriale,15,0.23618181818181816,2025
3<potenza_impegnata<=4.5,Residente,09,Giorno feriale,14,0.2524545454545455,2025
3<potenza_impegnata<=4.5,Residente,09,Giorno feriale,13,0.2665909090909091,2025
3<potenza_impegnata<=4.5,Residente,09,Giorno feriale,12,0.2565909090909091,2025
3<potenza_impegnata<=4.5,Residente,09,Giorno feriale,11,0.23195454545454544,2025
3<potenza_impegnata<=4.5,Residente,09,Giorno feriale,9,0.2382272727272727,2025
3<potenza_impegnata<=4.5,Residente,09,Domenica,3,0.14175,2025
3<potenza_impegnata<=4.5,Residente,09,Domenica,8,0.206,2025
3<potenza_impegnata<=4.5,Residente,09,Domenica,6,0.13975,2025
3<potenza_impegnata<=4.5,Residente,09,Domenica,7,0.1605,2025
3<potenza_impegnata<=4.5,Residente,09,Domenica,5,0.13575,2025
3<potenza_impegnata<=4.5,Residente,09,Domenica,4,0.13575,2025
3<potenza_impegnata<=4.5,Residente,09,Giorno feriale,0,0.20259090909090907,2025
3<potenza_impegnata<=4.5,Residente,09,Giorno feriale,10,0.23009090909090915,2025
3<potenza_impegnata<=4.5,Residente,09,Domenica,2,0.154,2025
3<potenza_impegnata<=4.5,Residente,09,Domenica,23,0.26025,2025
3<potenza_impegnata<=4.5,Residente,09,Domenica,22,0.32,2025
3<potenza_impegnata<=4.5,Residente,09,Domenica,21,0.37475,2025
3<potenza_impegnata<=4.5,Residente,09,Domenica,20,0.414,2025
3<potenza_impegnata<=4.5,Residente,09,Domenica,19,0.385,2025
3<potenza_impegnata<=4.5,Residente,09,Domenica,1,0.175,2025
3<potenza_impegnata<=4.5,Residente,09,Giorno feriale,18,0.27904545454545454,2025
3<potenza_impegnata<=4.5,Residente,09,Domenica,18,0.2925,2025
3<potenza_impegnata<=4.5,Tutti,10,Domenica,4,0.12625,2025
3<potenza_impegnata<=4.5,Tutti,10,Domenica,3,0.13175,2025
3<potenza_impegnata<=4.5,Tutti,10,Domenica,2,0.1465,2025
3<potenza_impegnata<=4.5,Tutti,10,Domenica,23,0.26,2025
3<potenza_impegnata<=4.5,Tutti,10,Domenica,22,0.3285,2025
3<potenza_impegnata<=4.5,Tutti,10,Domenica,21,0.392,2025
3<potenza_impegnata<=4.5,Tutti,10,Domenica,20,0.442,2025
3<potenza_impegnata<=4.5,Tutti,10,Domenica,19,0.43925,2025
3<potenza_impegnata<=4.5,Tutti,10,Domenica,1,0.171,2025
3<potenza_impegnata<=4.5,Tutti,10,Domenica,18,0.3385,2025
3<potenza_impegnata<=4.5,Tutti,10,Domenica,17,0.2805,2025
3<potenza_impegnata<=4.5,Tutti,10,Domenica,16,0.2705,2025
3<potenza_impegnata<=4.5,Tutti,10,Domenica,15,0.2865,2025
3<potenza_impegnata<=4.5,Tutti,10,Domenica,14,0.31475,2025
3<potenza_impegnata<=4.5,Tutti,10,Domenica,13,0.35,2025
3<potenza_impegnata<=4.5,Tutti,10,Domenica,12,0.362,2025
3<potenza_impegnata<=4.5,Tutti,10,Domenica,11,0.32275,2025
3<potenza_impegnata<=4.5,Tutti,10,Domenica,10,0.30725,2025
3<potenza_impegnata<=4.5,Tutti,10,Domenica,9,0.28175,2025
3<potenza_impegnata<=4.5,Tutti,10,Domenica,0,0.20875,2025
3<potenza_impegnata<=4.5,Residente,10,Sabato,8,0.24475,2025
3<potenza_impegnata<=4.5,Residente,10,Sabato,7,0.186,2025
3<potenza_impegnata<=4.5,Residente,10,Sabato,6,0.14475,2025
3<potenza_impegnata<=4.5,Residente,10,Sabato,5,0.13175,2025
3<potenza_impegnata<=4.5,Residente,10,Sabato,4,0.12875,2025
3<potenza_impegnata<=4.5,Residente,10,Sabato,3,0.1335,2025
3<potenza_impegnata<=4.5,Residente,10,Sabato,2,0.14475,2025
3<potenza_impegnata<=4.5,Residente,10,Sabato,23,0.25825,2025
3<potenza_impegnata<=4.5,Residente,10,Sabato,22,0.30925,2025
3<potenza_impegnata<=4.5,Residente,10,Sabato,21,0.36025,2025
3<potenza_impegnata<=4.5,Residente,10,Sabato,20,0.413,2025
3<potenza_impegnata<=4.5,Residente,10,Sabato,19,0.42575,2025
3<potenza_impegnata<=4.5,Residente,10,Sabato,1,0.1675,2025
3<potenza_impegnata<=4.5,Residente,10,Sabato,18,0.334,2025
3<potenza_impegnata<=4.5,Residente,10,Sabato,17,0.28475,2025
3<potenza_impegnata<=4.5,Residente,10,Sabato,16,0.28025,2025
3<potenza_impegnata<=4.5,Residente,10,Sabato,15,0.30175,2025
3<potenza_impegnata<=4.5,Residente,10,Sabato,14,0.33325,2025
3<potenza_impegnata<=4.5,Residente,10,Sabato,13,0.3605,2025
3<potenza_impegnata<=4.5,Residente,10,Sabato,12,0.35125,2025
3<potenza_impegnata<=4.5,Residente,10,Sabato,11,0.3055,2025
3<potenza_impegnata<=4.5,Residente,10,Sabato,10,0.30025,2025
3<potenza_impegnata<=4.5,Residente,10,Sabato,9,0.29,2025
3<potenza_impegnata<=4.5,Residente,10,Sabato,0,0.20925,2025
3<potenza_impegnata<=4.5,Residente,10,Giorno feriale,8,0.2799565217391304,2025
3<potenza_impegnata<=4.5,Residente,10,Giorno feriale,7,0.26221739130434785,2025
3<potenza_impegnata<=4.5,Residente,10,Giorno feriale,6,0.1763478260869565,2025
3<potenza_impegnata<=4.5,Residente,10,Giorno feriale,5,0.13486956521739132,2025
3<potenza_impegnata<=4.5,Residente,10,Giorno feriale,4,0.12721739130434784,2025
3<potenza_impegnata<=4.5,Residente,10,Giorno feriale,3,0.13065217391304348,2025
3<potenza_impegnata<=4.5,Residente,10,Giorno feriale,2,0.14030434782608694,2025
3<potenza_impegnata<=4.5,Residente,10,Giorno feriale,23,0.2724782608695653,2025
3<potenza_impegnata<=4.5,Residente,10,Giorno feriale,22,0.348695652173913,2025
3<potenza_impegnata<=4.5,Residente,10,Giorno feriale,21,0.41760869565217396,2025
3<potenza_impegnata<=4.5,Residente,10,Giorno feriale,20,0.46286956521739137,2025
3<potenza_impegnata<=4.5,Residente,10,Giorno feriale,19,0.4585652173913043,2025
3<potenza_impegnata<=4.5,Residente,10,Giorno feriale,1,0.1617391304347826,2025
3<potenza_impegnata<=4.5,Residente,10,Giorno feriale,18,0.32891304347826084,2025
3<potenza_impegnata<=4.5,Residente,10,Giorno feriale,17,0.2583913043478261,2025
3<potenza_impegnata<=4.5,Residente,10,Giorno feriale,16,0.2419565217391304,2025
3<potenza_impegnata<=4.5,Residente,10,Giorno feriale,15,0.25352173913043474,2025
3<potenza_impegnata<=4.5,Residente,10,Giorno feriale,14,0.27391304347826084,2025
3<potenza_impegnata<=4.5,Residente,10,Giorno feriale,13,0.28795652173913044,2025
3<potenza_impegnata<=4.5,Residente,10,Giorno feriale,12,0.27747826086956523,2025
3<potenza_impegnata<=4.5,Residente,10,Giorno feriale,11,0.25478260869565217,2025
3<potenza_impegnata<=4.5,Residente,10,Giorno feriale,10,0.25621739130434784,2025
3<potenza_impegnata<=4.5,Residente,10,Giorno feriale,9,0.2702608695652174,2025
3<potenza_impegnata<=4.5,Residente,10,Giorno feriale,0,0.20730434782608698,2025
3<potenza_impegnata<=4.5,Residente,10,Domenica,8,0.23425,2025
3<potenza_impegnata<=4.5,Residente,10,Domenica,7,0.172,2025
3<potenza_impegnata<=4.5,Residente,10,Domenica,6,0.14025,2025
3<potenza_impegnata<=4.5,Residente,10,Domenica,5,0.1305,2025
3<potenza_impegnata<=4.5,Residente,10,Domenica,4,0.12825,2025
3<potenza_impegnata<=4.5,Residente,10,Domenica,3,0.13375,2025
3<potenza_impegnata<=4.5,Residente,10,Domenica,2,0.1485,2025
3<potenza_impegnata<=4.5,Residente,10,Domenica,23,0.265,2025
3<potenza_impegnata<=4.5,Residente,10,Domenica,22,0.339,2025
3<potenza_impegnata<=4.5,Residente,10,Domenica,21,0.40775,2025
3<potenza_impegnata<=4.5,Residente,10,Domenica,20,0.46225,2025
3<potenza_impegnata<=4.5,Residente,10,Domenica,19,0.4645,2025
3<potenza_impegnata<=4.5,Residente,10,Domenica,1,0.17375,2025
3<potenza_impegnata<=4.5,Residente,10,Domenica,18,0.35525,2025
3<potenza_impegnata<=4.5,Residente,10,Domenica,17,0.29175,2025
3<potenza_impegnata<=4.5,Residente,10,Domenica,16,0.28075,2025
3<potenza_impegnata<=4.5,Residente,10,Domenica,15,0.298,2025
3<potenza_impegnata<=4.5,Residente,10,Domenica,14,0.32825,2025
3<potenza_impegnata<=4.5,Residente,10,Domenica,13,0.36425,2025
3<potenza_impegnata<=4.5,Residente,10,Domenica,12,0.3805,2025
3<potenza_impegnata<=4.5,Residente,10,Domenica,11,0.337,2025
3<potenza_impegnata<=4.5,Residente,10,Domenica,10,0.32025,2025
3<potenza_impegnata<=4.5,Residente,10,Domenica,9,0.294,2025
3<potenza_impegnata<=4.5,Residente,10,Domenica,0,0.21325,2025
3<potenza_impegnata<=4.5,Non Residente,10,Sabato,8,0.19625,2025
3<potenza_impegnata<=4.5,Non Residente,10,Sabato,7,0.1535,2025
3<potenza_impegnata<=4.5,Non Residente,10,Sabato,6,0.126,2025
3<potenza_impegnata<=4.5,Non Residente,10,Sabato,5,0.118,2025
3<potenza_impegnata<=4.5,Non Residente,10,Sabato,4,0.11725,2025
3<potenza_impegnata<=4.5,Non Residente,10,Sabato,3,0.12375,2025
3<potenza_impegnata<=4.5,Non Residente,10,Sabato,2,0.13725,2025
3<potenza_impegnata<=4.5,Non Residente,10,Sabato,23,0.21875,2025
3<potenza_impegnata<=4.5,Non Residente,10,Sabato,22,0.2525,2025
3<potenza_impegnata<=4.5,Non Residente,10,Sabato,21,0.28575,2025
3<potenza_impegnata<=4.5,Non Residente,10,Sabato,20,0.3175,2025
3<potenza_impegnata<=4.5,Non Residente,10,Sabato,19,0.31125,2025
3<potenza_impegnata<=4.5,Non Residente,10,Sabato,1,0.1595,2025
3<potenza_impegnata<=4.5,Non Residente,10,Sabato,18,0.25825,2025
3<potenza_impegnata<=4.5,Non Residente,10,Sabato,17,0.231,2025
3<potenza_impegnata<=4.5,Non Residente,10,Sabato,16,0.22975,2025
3<potenza_impegnata<=4.5,Non Residente,10,Sabato,15,0.24475,2025
3<potenza_impegnata<=4.5,Non Residente,10,Sabato,14,0.268,2025
3<potenza_impegnata<=4.5,Non Residente,10,Sabato,13,0.28975,2025
3<potenza_impegnata<=4.5,Non Residente,10,Sabato,12,0.27675,2025
3<potenza_impegnata<=4.5,Non Residente,10,Sabato,11,0.2555,2025
3<potenza_impegnata<=4.5,Non Residente,10,Sabato,10,0.25125,2025
3<potenza_impegnata<=4.5,Non Residente,10,Sabato,9,0.23525,2025
3<potenza_impegnata<=4.5,Non Residente,10,Sabato,0,0.19225,2025
3<potenza_impegnata<=4.5,Non Residente,10,Giorno feriale,8,0.24882608695652172,2025
3<potenza_impegnata<=4.5,Non Residente,10,Giorno feriale,7,0.2125217391304348,2025
3<potenza_impegnata<=4.5,Non Residente,10,Giorno feriale,6,0.14447826086956522,2025
3<potenza_impegnata<=4.5,Non Residente,10,Giorno feriale,5,0.11886956521739128,2025
3<potenza_impegnata<=4.5,Non Residente,10,Giorno feriale,4,0.11465217391304348,2025
3<potenza_impegnata<=4.5,Non Residente,10,Giorno feriale,3,0.11960869565217389,2025
3<potenza_impegnata<=4.5,Non Residente,10,Giorno feriale,2,0.13165217391304349,2025
3<potenza_impegnata<=4.5,Non Residente,10,Giorno feriale,23,0.2468695652173913,2025
3<potenza_impegnata<=4.5,Non Residente,10,Giorno feriale,22,0.29856521739130437,2025
3<potenza_impegnata<=4.5,Non Residente,10,Giorno feriale,21,0.3437391304347826,2025
3<potenza_impegnata<=4.5,Non Residente,10,Giorno feriale,20,0.37286956521739134,2025
3<potenza_impegnata<=4.5,Non Residente,10,Giorno feriale,19,0.3433913043478261,2025
3<potenza_impegnata<=4.5,Non Residente,10,Giorno feriale,1,0.15586956521739131,2025
3<potenza_impegnata<=4.5,Non Residente,10,Giorno feriale,18,0.2569130434782609,2025
3<potenza_impegnata<=4.5,Non Residente,10,Giorno feriale,17,0.21317391304347827,2025
3<potenza_impegnata<=4.5,Non Residente,10,Giorno feriale,16,0.20330434782608697,2025
3<potenza_impegnata<=4.5,Non Residente,10,Giorno feriale,15,0.21204347826086956,2025
3<potenza_impegnata<=4.5,Non Residente,10,Giorno feriale,14,0.22934782608695653,2025
3<potenza_impegnata<=4.5,Non Residente,10,Giorno feriale,13,0.2464347826086956,2025
3<potenza_impegnata<=4.5,Non Residente,10,Giorno feriale,12,0.23582608695652177,2025
3<potenza_impegnata<=4.5,Non Residente,10,Giorno feriale,11,0.22299999999999998,2025
3<potenza_impegnata<=4.5,Non Residente,10,Giorno feriale,10,0.2293913043478261,2025
3<potenza_impegnata<=4.5,Non Residente,10,Giorno feriale,9,0.24343478260869567,2025
3<potenza_impegnata<=4.5,Non Residente,10,Giorno feriale,0,0.1997391304347826,2025
3<potenza_impegnata<=4.5,Non Residente,10,Domenica,8,0.18625,2025
3<potenza_impegnata<=4.5,Non Residente,10,Domenica,7,0.14425,2025
3<potenza_impegnata<=4.5,Non Residente,10,Domenica,6,0.1235,2025
3<potenza_impegnata<=4.5,Non Residente,10,Domenica,5,0.11775,2025
3<potenza_impegnata<=4.5,Non Residente,10,Domenica,4,0.11725,2025
3<potenza_impegnata<=4.5,Non Residente,10,Domenica,3,0.12325,2025
3<potenza_impegnata<=4.5,Non Residente,10,Domenica,2,0.1385,2025
3<potenza_impegnata<=4.5,Non Residente,10,Domenica,23,0.2405,2025
3<potenza_impegnata<=4.5,Non Residente,10,Domenica,22,0.287,2025
3<potenza_impegnata<=4.5,Non Residente,10,Domenica,21,0.3285,2025
3<potenza_impegnata<=4.5,Non Residente,10,Domenica,20,0.36,2025
3<potenza_impegnata<=4.5,Non Residente,10,Domenica,19,0.33675,2025
3<potenza_impegnata<=4.5,Non Residente,10,Domenica,1,0.16025,2025
3<potenza_impegnata<=4.5,Non Residente,10,Domenica,18,0.27,2025
3<potenza_impegnata<=4.5,Non Residente,10,Domenica,17,0.235,2025
3<potenza_impegnata<=4.5,Non Residente,10,Domenica,16,0.22875,2025
3<potenza_impegnata<=4.5,Non Residente,10,Domenica,15,0.23975,2025
3<potenza_impegnata<=4.5,Non Residente,10,Domenica,14,0.261,2025
3<potenza_impegnata<=4.5,Non Residente,10,Domenica,13,0.29225,2025
3<potenza_impegnata<=4.5,Non Residente,10,Domenica,12,0.28675,2025
3<potenza_impegnata<=4.5,Non Residente,10,Domenica,11,0.2645,2025
3<potenza_impegnata<=4.5,Non Residente,10,Domenica,10,0.25375,2025
3<potenza_impegnata<=4.5,Non Residente,10,Domenica,9,0.233,2025
3<potenza_impegnata<=4.5,Non Residente,10,Domenica,0,0.19075,2025
3<potenza_impegnata<=4.5,Tutti,10,Sabato,8,0.23525,2025
3<potenza_impegnata<=4.5,Tutti,10,Sabato,7,0.1795,2025
3<potenza_impegnata<=4.5,Tutti,10,Sabato,6,0.141,2025
3<potenza_impegnata<=4.5,Tutti,10,Sabato,5,0.129,2025
3<potenza_impegnata<=4.5,Tutti,10,Sabato,4,0.1265,2025
3<potenza_impegnata<=4.5,Tutti,10,Sabato,3,0.1315,2025
3<potenza_impegnata<=4.5,Tutti,10,Sabato,2,0.14325,2025
3<potenza_impegnata<=4.5,Tutti,10,Sabato,23,0.2505,2025
3<potenza_impegnata<=4.5,Tutti,10,Sabato,22,0.298,2025
3<potenza_impegnata<=4.5,Tutti,10,Sabato,21,0.3455,2025
3<potenza_impegnata<=4.5,Tutti,10,Sabato,20,0.394,2025
3<potenza_impegnata<=4.5,Tutti,10,Sabato,19,0.40325,2025
3<potenza_impegnata<=4.5,Tutti,10,Sabato,1,0.166,2025
3<potenza_impegnata<=4.5,Tutti,10,Sabato,18,0.319,2025
3<potenza_impegnata<=4.5,Tutti,10,Sabato,17,0.274,2025
3<potenza_impegnata<=4.5,Tutti,10,Sabato,16,0.27025,2025
3<potenza_impegnata<=4.5,Tutti,10,Sabato,15,0.2905,2025
3<potenza_impegnata<=4.5,Tutti,10,Sabato,14,0.3205,2025
3<potenza_impegnata<=4.5,Tutti,10,Sabato,13,0.3465,2025
3<potenza_impegnata<=4.5,Tutti,10,Sabato,12,0.3365,2025
3<potenza_impegnata<=4.5,Tutti,10,Sabato,11,0.2955,2025
3<potenza_impegnata<=4.5,Tutti,10,Sabato,10,0.2905,2025
3<potenza_impegnata<=4.5,Tutti,10,Sabato,9,0.279,2025
3<potenza_impegnata<=4.5,Tutti,10,Sabato,0,0.206,2025
3<potenza_impegnata<=4.5,Tutti,10,Giorno feriale,8,0.2738260869565217,2025
3<potenza_impegnata<=4.5,Tutti,10,Giorno feriale,7,0.2524347826086956,2025
3<potenza_impegnata<=4.5,Tutti,10,Giorno feriale,6,0.17,2025
3<potenza_impegnata<=4.5,Tutti,10,Giorno feriale,5,0.13165217391304349,2025
3<potenza_impegnata<=4.5,Tutti,10,Giorno feriale,4,0.1247391304347826,2025
3<potenza_impegnata<=4.5,Tutti,10,Giorno feriale,3,0.12852173913043477,2025
3<potenza_impegnata<=4.5,Tutti,10,Giorno feriale,2,0.13860869565217393,2025
3<potenza_impegnata<=4.5,Tutti,10,Giorno feriale,23,0.2673913043478261,2025
3<potenza_impegnata<=4.5,Tutti,10,Giorno feriale,22,0.33869565217391306,2025
3<potenza_impegnata<=4.5,Tutti,10,Giorno feriale,21,0.403,2025
3<potenza_impegnata<=4.5,Tutti,10,Giorno feriale,20,0.4450434782608696,2025
3<potenza_impegnata<=4.5,Tutti,10,Giorno feriale,19,0.43578260869565216,2025
3<potenza_impegnata<=4.5,Tutti,10,Giorno feriale,1,0.16060869565217392,2025
3<potenza_impegnata<=4.5,Tutti,10,Giorno feriale,18,0.3146521739130435,2025
3<potenza_impegnata<=4.5,Tutti,10,Giorno feriale,17,0.2493913043478261,2025
3<potenza_impegnata<=4.5,Tutti,10,Giorno feriale,16,0.23426086956521738,2025
3<potenza_impegnata<=4.5,Tutti,10,Giorno feriale,15,0.2452608695652174,2025
3<potenza_impegnata<=4.5,Tutti,10,Giorno feriale,14,0.26504347826086955,2025
3<potenza_impegnata<=4.5,Tutti,10,Giorno feriale,13,0.27969565217391307,2025
3<potenza_impegnata<=4.5,Tutti,10,Giorno feriale,12,0.26921739130434785,2025
3<potenza_impegnata<=4.5,Tutti,10,Giorno feriale,11,0.24839130434782608,2025
3<potenza_impegnata<=4.5,Tutti,10,Giorno feriale,10,0.25086956521739134,2025
3<potenza_impegnata<=4.5,Tutti,10,Giorno feriale,9,0.2648695652173913,2025
3<potenza_impegnata<=4.5,Tutti,10,Giorno feriale,0,0.20582608695652174,2025
3<potenza_impegnata<=4.5,Tutti,10,Domenica,8,0.22475,2025
3<potenza_impegnata<=4.5,Tutti,10,Domenica,7,0.1665,2025
3<potenza_impegnata<=4.5,Tutti,10,Domenica,6,0.13675,2025
3<potenza_impegnata<=4.5,Tutti,10,Domenica,5,0.128,2025
3<potenza_impegnata<=4.5,Tutti,11,Domenica,4,0.13833333333333334,2025
3<potenza_impegnata<=4.5,Tutti,11,Domenica,3,0.14466666666666667,2025
3<potenza_impegnata<=4.5,Tutti,11,Domenica,2,0.15866666666666665,2025
3<potenza_impegnata<=4.5,Tutti,11,Domenica,23,0.2738333333333333,2025
3<potenza_impegnata<=4.5,Tutti,11,Domenica,22,0.3376666666666666,2025
3<potenza_impegnata<=4.5,Tutti,11,Domenica,21,0.4013333333333333,2025
3<potenza_impegnata<=4.5,Tutti,11,Domenica,20,0.452,2025
3<potenza_impegnata<=4.5,Tutti,11,Domenica,19,0.46249999999999997,2025
3<potenza_impegnata<=4.5,Tutti,11,Domenica,1,0.18366666666666667,2025
3<potenza_impegnata<=4.5,Tutti,11,Domenica,18,0.3938333333333333,2025
3<potenza_impegnata<=4.5,Tutti,11,Domenica,17,0.34933333333333333,2025
3<potenza_impegnata<=4.5,Tutti,11,Domenica,16,0.3295,2025
3<potenza_impegnata<=4.5,Tutti,11,Domenica,15,0.3373333333333333,2025
3<potenza_impegnata<=4.5,Tutti,11,Domenica,14,0.36200000000000004,2025
3<potenza_impegnata<=4.5,Tutti,11,Domenica,13,0.39716666666666667,2025
3<potenza_impegnata<=4.5,Tutti,11,Domenica,12,0.4066666666666667,2025
3<potenza_impegnata<=4.5,Tutti,11,Domenica,11,0.359,2025
3<potenza_impegnata<=4.5,Tutti,11,Domenica,10,0.333,2025
3<potenza_impegnata<=4.5,Tutti,11,Domenica,9,0.2966666666666667,2025
3<potenza_impegnata<=4.5,Tutti,11,Domenica,0,0.22216666666666665,2025
3<potenza_impegnata<=4.5,Residente,11,Sabato,8,0.2755,2025
3<potenza_impegnata<=4.5,Residente,11,Sabato,7,0.212,2025
3<potenza_impegnata<=4.5,Residente,11,Sabato,6,0.16425,2025
3<potenza_impegnata<=4.5,Residente,11,Sabato,5,0.1475,2025
3<potenza_impegnata<=4.5,Residente,11,Sabato,4,0.143,2025
3<potenza_impegnata<=4.5,Residente,11,Sabato,3,0.14775,2025
3<potenza_impegnata<=4.5,Residente,11,Sabato,2,0.16025,2025
3<potenza_impegnata<=4.5,Residente,11,Sabato,23,0.27775,2025
3<potenza_impegnata<=4.5,Residente,11,Sabato,22,0.32925,2025
3<potenza_impegnata<=4.5,Residente,11,Sabato,21,0.38275,2025
3<potenza_impegnata<=4.5,Residente,11,Sabato,20,0.438,2025
3<potenza_impegnata<=4.5,Residente,11,Sabato,19,0.46,2025
3<potenza_impegnata<=4.5,Residente,11,Sabato,1,0.18575,2025
3<potenza_impegnata<=4.5,Residente,11,Sabato,18,0.39275,2025
3<potenza_impegnata<=4.5,Residente,11,Sabato,17,0.3465,2025
3<potenza_impegnata<=4.5,Residente,11,Sabato,16,0.32075,2025
3<potenza_impegnata<=4.5,Residente,11,Sabato,15,0.3315,2025
3<potenza_impegnata<=4.5,Residente,11,Sabato,14,0.3615,2025
3<potenza_impegnata<=4.5,Residente,11,Sabato,13,0.38775,2025
3<potenza_impegnata<=4.5,Residente,11,Sabato,12,0.37925,2025
3<potenza_impegnata<=4.5,Residente,11,Sabato,11,0.33725,2025
3<potenza_impegnata<=4.5,Residente,11,Sabato,10,0.332,2025
3<potenza_impegnata<=4.5,Residente,11,Sabato,9,0.322,2025
3<potenza_impegnata<=4.5,Residente,11,Sabato,0,0.22975,2025
3<potenza_impegnata<=4.5,Residente,11,Giorno feriale,8,0.2955,2025
3<potenza_impegnata<=4.5,Residente,11,Giorno feriale,7,0.2812,2025
3<potenza_impegnata<=4.5,Residente,11,Giorno feriale,6,0.19360000000000002,2025
3<potenza_impegnata<=4.5,Residente,11,Giorno feriale,5,0.1469,2025
3<potenza_impegnata<=4.5,Residente,11,Giorno feriale,4,0.1366,2025
3<potenza_impegnata<=4.5,Residente,11,Giorno feriale,3,0.13940000000000002,2025
3<potenza_impegnata<=4.5,Residente,11,Giorno feriale,2,0.14984999999999998,2025
3<potenza_impegnata<=4.5,Residente,11,Giorno feriale,23,0.288,2025
3<potenza_impegnata<=4.5,Residente,11,Giorno feriale,22,0.36665000000000003,2025
3<potenza_impegnata<=4.5,Residente,11,Giorno feriale,21,0.43694999999999995,2025
3<potenza_impegnata<=4.5,Residente,11,Giorno feriale,20,0.48325000000000007,2025
3<potenza_impegnata<=4.5,Residente,11,Giorno feriale,19,0.48340000000000005,2025
3<potenza_impegnata<=4.5,Residente,11,Giorno feriale,1,0.1726,2025
3<potenza_impegnata<=4.5,Residente,11,Giorno feriale,18,0.3789,2025
3<potenza_impegnata<=4.5,Residente,11,Giorno feriale,17,0.30815000000000003,2025
3<potenza_impegnata<=4.5,Residente,11,Giorno feriale,16,0.26959999999999995,2025
3<potenza_impegnata<=4.5,Residente,11,Giorno feriale,15,0.26955,2025
3<potenza_impegnata<=4.5,Residente,11,Giorno feriale,14,0.2858,2025
3<potenza_impegnata<=4.5,Residente,11,Giorno feriale,13,0.2993,2025
3<potenza_impegnata<=4.5,Residente,11,Giorno feriale,12,0.28955000000000003,2025
3<potenza_impegnata<=4.5,Residente,11,Giorno feriale,11,0.26675,2025
3<potenza_impegnata<=4.5,Residente,11,Giorno feriale,10,0.2679,2025
3<potenza_impegnata<=4.5,Residente,11,Giorno feriale,9,0.28405,2025
3<potenza_impegnata<=4.5,Residente,11,Giorno feriale,0,0.21985000000000002,2025
3<potenza_impegnata<=4.5,Residente,11,Domenica,8,0.24033333333333332,2025
3<potenza_impegnata<=4.5,Residente,11,Domenica,7,0.17983333333333332,2025
3<potenza_impegnata<=4.5,Residente,11,Domenica,6,0.15233333333333335,2025
3<potenza_impegnata<=4.5,Residente,11,Domenica,5,0.14133333333333334,2025
3<potenza_impegnata<=4.5,Residente,11,Domenica,4,0.13899999999999998,2025
3<potenza_impegnata<=4.5,Residente,11,Domenica,3,0.14533333333333334,2025
3<potenza_impegnata<=4.5,Residente,11,Domenica,2,0.15916666666666665,2025
3<potenza_impegnata<=4.5,Residente,11,Domenica,23,0.27799999999999997,2025
3<potenza_impegnata<=4.5,Residente,11,Domenica,22,0.3471666666666667,2025
3<potenza_impegnata<=4.5,Residente,11,Domenica,21,0.41583333333333333,2025
3<potenza_impegnata<=4.5,Residente,11,Domenica,20,0.47100000000000003,2025
3<potenza_impegnata<=4.5,Residente,11,Domenica,19,0.4868333333333333,2025
3<potenza_impegnata<=4.5,Residente,11,Domenica,1,0.18500000000000003,2025
3<potenza_impegnata<=4.5,Residente,11,Domenica,18,0.4123333333333334,2025
3<potenza_impegnata<=4.5,Residente,11,Domenica,17,0.36366666666666664,2025
3<potenza_impegnata<=4.5,Residente,11,Domenica,16,0.3421666666666667,2025
3<potenza_impegnata<=4.5,Residente,11,Domenica,15,0.35050000000000003,2025
3<potenza_impegnata<=4.5,Residente,11,Domenica,14,0.3761666666666667,2025
3<potenza_impegnata<=4.5,Residente,11,Domenica,13,0.4131666666666667,2025
3<potenza_impegnata<=4.5,Residente,11,Domenica,12,0.42733333333333334,2025
3<potenza_impegnata<=4.5,Residente,11,Domenica,11,0.3758333333333333,2025
3<potenza_impegnata<=4.5,Residente,11,Domenica,10,0.3476666666666666,2025
3<potenza_impegnata<=4.5,Residente,11,Domenica,9,0.30983333333333335,2025
3<potenza_impegnata<=4.5,Residente,11,Domenica,0,0.22533333333333336,2025
3<potenza_impegnata<=4.5,Non Residente,11,Sabato,8,0.22775,2025
3<potenza_impegnata<=4.5,Non Residente,11,Sabato,7,0.182,2025
3<potenza_impegnata<=4.5,Non Residente,11,Sabato,6,0.1525,2025
3<potenza_impegnata<=4.5,Non Residente,11,Sabato,5,0.14275,2025
3<potenza_impegnata<=4.5,Non Residente,11,Sabato,4,0.14175,2025
3<potenza_impegnata<=4.5,Non Residente,11,Sabato,3,0.1485,2025
3<potenza_impegnata<=4.5,Non Residente,11,Sabato,2,0.164,2025
3<potenza_impegnata<=4.5,Non Residente,11,Sabato,23,0.252,2025
3<potenza_impegnata<=4.5,Non Residente,11,Sabato,22,0.2865,2025
3<potenza_impegnata<=4.5,Non Residente,11,Sabato,21,0.3225,2025
3<potenza_impegnata<=4.5,Non Residente,11,Sabato,20,0.358,2025
3<potenza_impegnata<=4.5,Non Residente,11,Sabato,19,0.3545,2025
3<potenza_impegnata<=4.5,Non Residente,11,Sabato,1,0.18875,2025
3<potenza_impegnata<=4.5,Non Residente,11,Sabato,18,0.316,2025
3<potenza_impegnata<=4.5,Non Residente,11,Sabato,17,0.28575,2025
3<potenza_impegnata<=4.5,Non Residente,11,Sabato,16,0.27325,2025
3<potenza_impegnata<=4.5,Non Residente,11,Sabato,15,0.28,2025
3<potenza_impegnata<=4.5,Non Residente,11,Sabato,14,0.30125,2025
3<potenza_impegnata<=4.5,Non Residente,11,Sabato,13,0.322,2025
3<potenza_impegnata<=4.5,Non Residente,11,Sabato,12,0.31025,2025
3<potenza_impegnata<=4.5,Non Residente,11,Sabato,11,0.2915,2025
3<potenza_impegnata<=4.5,Non Residente,11,Sabato,10,0.2865,2025
3<potenza_impegnata<=4.5,Non Residente,11,Sabato,9,0.27075,2025
3<potenza_impegnata<=4.5,Non Residente,11,Sabato,0,0.225,2025
3<potenza_impegnata<=4.5,Non Residente,11,Giorno feriale,8,0.26995,2025
3<potenza_impegnata<=4.5,Non Residente,11,Giorno feriale,7,0.23499999999999996,2025
3<potenza_impegnata<=4.5,Non Residente,11,Giorno feriale,6,0.16515,2025
3<potenza_impegnata<=4.5,Non Residente,11,Giorno feriale,5,0.13695,2025
3<potenza_impegnata<=4.5,Non Residente,11,Giorno feriale,4,0.13130000000000003,2025
3<potenza_impegnata<=4.5,Non Residente,11,Giorno feriale,3,0.13599999999999998,2025
3<potenza_impegnata<=4.5,Non Residente,11,Giorno feriale,2,0.1492,2025
3<potenza_impegnata<=4.5,Non Residente,11,Giorno feriale,23,0.2742,2025
3<potenza_impegnata<=4.5,Non Residente,11,Giorno feriale,22,0.3276,2025
3<potenza_impegnata<=4.5,Non Residente,11,Giorno feriale,21,0.3755,2025
3<potenza_impegnata<=4.5,Non Residente,11,Giorno feriale,20,0.40485,2025
3<potenza_impegnata<=4.5,Non Residente,11,Giorno feriale,19,0.37705,2025
3<potenza_impegnata<=4.5,Non Residente,11,Giorno feriale,1,0.17504999999999998,2025
3<potenza_impegnata<=4.5,Non Residente,11,Giorno feriale,18,0.30155000000000004,2025
3<potenza_impegnata<=4.5,Non Residente,11,Giorno feriale,17,0.2556,2025
3<potenza_impegnata<=4.5,Non Residente,11,Giorno feriale,16,0.23245,2025
3<potenza_impegnata<=4.5,Non Residente,11,Giorno feriale,15,0.236,2025
3<potenza_impegnata<=4.5,Non Residente,11,Giorno feriale,14,0.2501,2025
3<potenza_impegnata<=4.5,Non Residente,11,Giorno feriale,13,0.26555,2025
3<potenza_impegnata<=4.5,Non Residente,11,Giorno feriale,12,0.2547,2025
3<potenza_impegnata<=4.5,Non Residente,11,Giorno feriale,11,0.24215,2025
3<potenza_impegnata<=4.5,Non Residente,11,Giorno feriale,10,0.24725000000000003,2025
3<potenza_impegnata<=4.5,Non Residente,11,Giorno feriale,9,0.2626,2025
3<potenza_impegnata<=4.5,Non Residente,11,Giorno feriale,0,0.2204,2025
3<potenza_impegnata<=4.5,Non Residente,11,Domenica,8,0.1945,2025
3<potenza_impegnata<=4.5,Non Residente,11,Domenica,7,0.156,2025
3<potenza_impegnata<=4.5,Non Residente,11,Domenica,6,0.14016666666666666,2025
3<potenza_impegnata<=4.5,Non Residente,11,Domenica,5,0.135,2025
3<potenza_impegnata<=4.5,Non Residente,11,Domenica,4,0.13533333333333333,2025
3<potenza_impegnata<=4.5,Non Residente,11,Domenica,3,0.14183333333333334,2025
3<potenza_impegnata<=4.5,Non Residente,11,Domenica,2,0.15533333333333335,2025
3<potenza_impegnata<=4.5,Non Residente,11,Domenica,23,0.2565,2025
3<potenza_impegnata<=4.5,Non Residente,11,Domenica,22,0.2985,2025
3<potenza_impegnata<=4.5,Non Residente,11,Domenica,21,0.342,2025
3<potenza_impegnata<=4.5,Non Residente,11,Domenica,20,0.37516666666666665,2025
3<potenza_impegnata<=4.5,Non Residente,11,Domenica,19,0.36366666666666664,2025
3<potenza_impegnata<=4.5,Non Residente,11,Domenica,1,0.17816666666666667,2025
3<potenza_impegnata<=4.5,Non Residente,11,Domenica,18,0.3183333333333333,2025
3<potenza_impegnata<=4.5,Non Residente,11,Domenica,17,0.291,2025
3<potenza_impegnata<=4.5,Non Residente,11,Domenica,16,0.2781666666666667,2025
3<potenza_impegnata<=4.5,Non Residente,11,Domenica,15,0.2836666666666667,2025
3<potenza_impegnata<=4.5,Non Residente,11,Domenica,14,0.3046666666666667,2025
3<potenza_impegnata<=4.5,Non Residente,11,Domenica,13,0.332,2025
3<potenza_impegnata<=4.5,Non Residente,11,Domenica,12,0.32283333333333336,2025
3<potenza_impegnata<=4.5,Non Residente,11,Domenica,11,0.29083333333333333,2025
3<potenza_impegnata<=4.5,Non Residente,11,Domenica,10,0.2733333333333333,2025
3<potenza_impegnata<=4.5,Non Residente,11,Domenica,9,0.24316666666666667,2025
3<potenza_impegnata<=4.5,Non Residente,11,Domenica,0,0.209,2025
3<potenza_impegnata<=4.5,Tutti,11,Sabato,8,0.266,2025
3<potenza_impegnata<=4.5,Tutti,11,Sabato,7,0.20625,2025
3<potenza_impegnata<=4.5,Tutti,11,Sabato,6,0.16225,2025
3<potenza_impegnata<=4.5,Tutti,11,Sabato,5,0.14675,2025
3<potenza_impegnata<=4.5,Tutti,11,Sabato,4,0.14275,2025
3<potenza_impegnata<=4.5,Tutti,11,Sabato,3,0.148,2025
3<potenza_impegnata<=4.5,Tutti,11,Sabato,2,0.16125,2025
3<potenza_impegnata<=4.5,Tutti,11,Sabato,23,0.27275,2025
3<potenza_impegnata<=4.5,Tutti,11,Sabato,22,0.321,2025
3<potenza_impegnata<=4.5,Tutti,11,Sabato,21,0.371,2025
3<potenza_impegnata<=4.5,Tutti,11,Sabato,20,0.4225,2025
3<potenza_impegnata<=4.5,Tutti,11,Sabato,19,0.43925,2025
3<potenza_impegnata<=4.5,Tutti,11,Sabato,1,0.1865,2025
3<potenza_impegnata<=4.5,Tutti,11,Sabato,18,0.37775,2025
3<potenza_impegnata<=4.5,Tutti,11,Sabato,17,0.3345,2025
3<potenza_impegnata<=4.5,Tutti,11,Sabato,16,0.3115,2025
3<potenza_impegnata<=4.5,Tutti,11,Sabato,15,0.32125,2025
3<potenza_impegnata<=4.5,Tutti,11,Sabato,14,0.3495,2025
3<potenza_impegnata<=4.5,Tutti,11,Sabato,13,0.375,2025
3<potenza_impegnata<=4.5,Tutti,11,Sabato,12,0.36575,2025
3<potenza_impegnata<=4.5,Tutti,11,Sabato,11,0.32825,2025
3<potenza_impegnata<=4.5,Tutti,11,Sabato,10,0.32325,2025
3<potenza_impegnata<=4.5,Tutti,11,Sabato,9,0.312,2025
3<potenza_impegnata<=4.5,Tutti,11,Sabato,0,0.22875,2025
3<potenza_impegnata<=4.5,Tutti,11,Giorno feriale,8,0.29045,2025
3<potenza_impegnata<=4.5,Tutti,11,Giorno feriale,7,0.27215,2025
3<potenza_impegnata<=4.5,Tutti,11,Giorno feriale,6,0.18805,2025
3<potenza_impegnata<=4.5,Tutti,11,Giorno feriale,5,0.14499999999999996,2025
3<potenza_impegnata<=4.5,Tutti,11,Giorno feriale,4,0.1356,2025
3<potenza_impegnata<=4.5,Tutti,11,Giorno feriale,3,0.1388,2025
3<potenza_impegnata<=4.5,Tutti,11,Giorno feriale,2,0.14985,2025
3<potenza_impegnata<=4.5,Tutti,11,Giorno feriale,23,0.2854,2025
3<potenza_impegnata<=4.5,Tutti,11,Giorno feriale,22,0.35900000000000004,2025
3<potenza_impegnata<=4.5,Tutti,11,Giorno feriale,21,0.42485,2025
3<potenza_impegnata<=4.5,Tutti,11,Giorno feriale,20,0.46770000000000006,2025
3<potenza_impegnata<=4.5,Tutti,11,Giorno feriale,19,0.46240000000000003,2025
3<potenza_impegnata<=4.5,Tutti,11,Giorno feriale,1,0.1732,2025
3<potenza_impegnata<=4.5,Tutti,11,Giorno feriale,18,0.36369999999999997,2025
3<potenza_impegnata<=4.5,Tutti,11,Giorno feriale,17,0.29775,2025
3<potenza_impegnata<=4.5,Tutti,11,Giorno feriale,16,0.2623,2025
3<potenza_impegnata<=4.5,Tutti,11,Giorno feriale,15,0.26285,2025
3<potenza_impegnata<=4.5,Tutti,11,Giorno feriale,14,0.27875,2025
3<potenza_impegnata<=4.5,Tutti,11,Giorno feriale,13,0.29269999999999996,2025
3<potenza_impegnata<=4.5,Tutti,11,Giorno feriale,12,0.2827,2025
3<potenza_impegnata<=4.5,Tutti,11,Giorno feriale,11,0.26175000000000004,2025
3<potenza_impegnata<=4.5,Tutti,11,Giorno feriale,10,0.26385,2025
3<potenza_impegnata<=4.5,Tutti,11,Giorno feriale,9,0.27985000000000004,2025
3<potenza_impegnata<=4.5,Tutti,11,Giorno feriale,0,0.22005,2025
3<potenza_impegnata<=4.5,Tutti,11,Domenica,8,0.2313333333333333,2025
3<potenza_impegnata<=4.5,Tutti,11,Domenica,7,0.17516666666666666,2025
3<potenza_impegnata<=4.5,Tutti,11,Domenica,6,0.15,2025
3<potenza_impegnata<=4.5,Tutti,11,Domenica,5,0.14016666666666666,2025
3<potenza_impegnata<=4.5,Residente,12,Domenica,17,0.3221428571428571,2025
3<potenza_impegnata<=4.5,Residente,12,Domenica,16,0.29942857142857143,2025
3<potenza_impegnata<=4.5,Residente,12,Domenica,15,0.30342857142857144,2025
3<potenza_impegnata<=4.5,Residente,12,Domenica,14,0.3267142857142857,2025
3<potenza_impegnata<=4.5,Residente,12,Domenica,13,0.3618571428571428,2025
3<potenza_impegnata<=4.5,Residente,12,Domenica,12,0.38242857142857145,2025
3<potenza_impegnata<=4.5,Residente,12,Domenica,11,0.3537142857142857,2025
3<potenza_impegnata<=4.5,Residente,12,Domenica,10,0.3322857142857143,2025
3<potenza_impegnata<=4.5,Residente,12,Domenica,9,0.29557142857142854,2025
3<potenza_impegnata<=4.5,Residente,12,Domenica,0,0.232,2025
3<potenza_impegnata<=4.5,Non Residente,12,Sabato,8,0.211,2025
3<potenza_impegnata<=4.5,Non Residente,12,Sabato,7,0.17325,2025
3<potenza_impegnata<=4.5,Non Residente,12,Sabato,6,0.1475,2025
3<potenza_impegnata<=4.5,Non Residente,12,Sabato,5,0.1385,2025
3<potenza_impegnata<=4.5,Non Residente,12,Sabato,4,0.137,2025
3<potenza_impegnata<=4.5,Non Residente,12,Sabato,3,0.142,2025
3<potenza_impegnata<=4.5,Non Residente,12,Sabato,2,0.15425,2025
3<potenza_impegnata<=4.5,Non Residente,12,Sabato,23,0.23425,2025
3<potenza_impegnata<=4.5,Non Residente,12,Sabato,22,0.263,2025
3<potenza_impegnata<=4.5,Non Residente,12,Sabato,21,0.28775,2025
3<potenza_impegnata<=4.5,Non Residente,12,Sabato,20,0.30875,2025
3<potenza_impegnata<=4.5,Non Residente,12,Sabato,19,0.30475,2025
3<potenza_impegnata<=4.5,Non Residente,12,Sabato,1,0.1765,2025
3<potenza_impegnata<=4.5,Non Residente,12,Sabato,18,0.27375,2025
3<potenza_impegnata<=4.5,Non Residente,12,Sabato,17,0.25425,2025
3<potenza_impegnata<=4.5,Non Residente,12,Sabato,16,0.2445,2025
3<potenza_impegnata<=4.5,Non Residente,12,Sabato,15,0.251,2025
3<potenza_impegnata<=4.5,Non Residente,12,Sabato,14,0.2675,2025
3<potenza_impegnata<=4.5,Non Residente,12,Sabato,13,0.2845,2025
3<potenza_impegnata<=4.5,Non Residente,12,Sabato,12,0.27725,2025
3<potenza_impegnata<=4.5,Non Residente,12,Sabato,11,0.26825,2025
3<potenza_impegnata<=4.5,Non Residente,12,Sabato,10,0.26475,2025
3<potenza_impegnata<=4.5,Non Residente,12,Sabato,9,0.25,2025
3<potenza_impegnata<=4.5,Non Residente,12,Sabato,0,0.2065,2025
3<potenza_impegnata<=4.5,Non Residente,12,Giorno feriale,8,0.25925,2025
3<potenza_impegnata<=4.5,Non Residente,12,Giorno feriale,7,0.22750000000000004,2025
3<potenza_impegnata<=4.5,Non Residente,12,Giorno feriale,6,0.16635,2025
3<potenza_impegnata<=4.5,Non Residente,12,Giorno feriale,5,0.14234999999999998,2025
3<potenza_impegnata<=4.5,Non Residente,12,Giorno feriale,4,0.13729999999999998,2025
3<potenza_impegnata<=4.5,Non Residente,12,Giorno feriale,3,0.14225,2025
3<potenza_impegnata<=4.5,Non Residente,12,Giorno feriale,2,0.1552,2025
3<potenza_impegnata<=4.5,Non Residente,12,Giorno feriale,23,0.25880000000000003,2025
3<potenza_impegnata<=4.5,Non Residente,12,Giorno feriale,22,0.30035,2025
3<potenza_impegnata<=4.5,Non Residente,12,Giorno feriale,21,0.33785000000000004,2025
3<potenza_impegnata<=4.5,Non Residente,12,Giorno feriale,20,0.36315,2025
3<potenza_impegnata<=4.5,Non Residente,12,Giorno feriale,19,0.34575,2025
3<potenza_impegnata<=4.5,Non Residente,12,Giorno feriale,1,0.17895,2025
3<potenza_impegnata<=4.5,Non Residente,12,Giorno feriale,18,0.29035,2025
3<potenza_impegnata<=4.5,Non Residente,12,Giorno feriale,17,0.2555,2025
3<potenza_impegnata<=4.5,Non Residente,12,Giorno feriale,16,0.23875000000000002,2025
3<potenza_impegnata<=4.5,Non Residente,12,Giorno feriale,15,0.24095,2025
3<potenza_impegnata<=4.5,Non Residente,12,Giorno feriale,14,0.25345,2025
3<potenza_impegnata<=4.5,Non Residente,12,Giorno feriale,13,0.26735,2025
3<potenza_impegnata<=4.5,Non Residente,12,Giorno feriale,12,0.25985,2025
3<potenza_impegnata<=4.5,Non Residente,12,Giorno feriale,11,0.251,2025
3<potenza_impegnata<=4.5,Non Residente,12,Giorno feriale,10,0.25405,2025
3<potenza_impegnata<=4.5,Non Residente,12,Giorno feriale,9,0.2621,2025
3<potenza_impegnata<=4.5,Non Residente,12,Giorno feriale,0,0.21805,2025
3<potenza_impegnata<=4.5,Non Residente,12,Domenica,8,0.189,2025
3<potenza_impegnata<=4.5,Non Residente,12,Domenica,7,0.15642857142857142,2025
3<potenza_impegnata<=4.5,Non Residente,12,Domenica,6,0.14314285714285716,2025
3<potenza_impegnata<=4.5,Non Residente,12,Domenica,5,0.1372857142857143,2025
3<potenza_impegnata<=4.5,Non Residente,12,Domenica,4,0.13642857142857143,2025
3<potenza_impegnata<=4.5,Non Residente,12,Domenica,3,0.14242857142857143,2025
3<potenza_impegnata<=4.5,Non Residente,12,Domenica,2,0.15528571428571428,2025
3<potenza_impegnata<=4.5,Non Residente,12,Domenica,23,0.23457142857142857,2025
3<potenza_impegnata<=4.5,Non Residente,12,Domenica,22,0.2644285714285714,2025
3<potenza_impegnata<=4.5,Non Residente,12,Domenica,21,0.2902857142857143,2025
3<potenza_impegnata<=4.5,Non Residente,12,Domenica,20,0.3085714285714286,2025
3<potenza_impegnata<=4.5,Non Residente,12,Domenica,19,0.2998571428571429,2025
3<potenza_impegnata<=4.5,Non Residente,12,Domenica,1,0.17542857142857143,2025
3<potenza_impegnata<=4.5,Non Residente,12,Domenica,18,0.26357142857142857,2025
3<potenza_impegnata<=4.5,Non Residente,12,Domenica,17,0.24185714285714285,2025
3<potenza_impegnata<=4.5,Non Residente,12,Domenica,16,0.2285714285714286,2025
3<potenza_impegnata<=4.5,Non Residente,12,Domenica,15,0.23228571428571426,2025
3<potenza_impegnata<=4.5,Non Residente,12,Domenica,14,0.24714285714285714,2025
3<potenza_impegnata<=4.5,Non Residente,12,Domenica,13,0.2717142857142857,2025
3<potenza_impegnata<=4.5,Non Residente,12,Domenica,12,0.275,2025
3<potenza_impegnata<=4.5,Non Residente,12,Domenica,11,0.2631428571428572,2025
3<potenza_impegnata<=4.5,Non Residente,12,Domenica,10,0.2517142857142857,2025
3<potenza_impegnata<=4.5,Non Residente,12,Domenica,9,0.2287142857142857,2025
3<potenza_impegnata<=4.5,Non Residente,12,Domenica,0,0.20142857142857143,2025
3<potenza_impegnata<=4.5,Tutti,12,Sabato,8,0.252,2025
3<potenza_impegnata<=4.5,Tutti,12,Sabato,7,0.2,2025
3<potenza_impegnata<=4.5,Tutti,12,Sabato,6,0.16,2025
3<potenza_impegnata<=4.5,Tutti,12,Sabato,5,0.14575,2025
3<potenza_impegnata<=4.5,Tutti,12,Sabato,4,0.14175,2025
3<potenza_impegnata<=4.5,Tutti,12,Sabato,3,0.14675,2025
3<potenza_impegnata<=4.5,Tutti,12,Sabato,2,0.159,2025
3<potenza_impegnata<=4.5,Tutti,12,Sabato,23,0.26375,2025
3<potenza_impegnata<=4.5,Tutti,12,Sabato,22,0.30775,2025
3<potenza_impegnata<=4.5,Tutti,12,Sabato,21,0.35025,2025
3<potenza_impegnata<=4.5,Tutti,12,Sabato,20,0.388,2025
3<potenza_impegnata<=4.5,Tutti,12,Sabato,19,0.39725,2025
3<potenza_impegnata<=4.5,Tutti,12,Sabato,1,0.183,2025
3<potenza_impegnata<=4.5,Tutti,12,Sabato,18,0.3445,2025
3<potenza_impegnata<=4.5,Tutti,12,Sabato,17,0.31125,2025
3<potenza_impegnata<=4.5,Tutti,12,Sabato,16,0.29275,2025
3<potenza_impegnata<=4.5,Tutti,12,Sabato,15,0.3015,2025
3<potenza_impegnata<=4.5,Tutti,12,Sabato,14,0.32525,2025
3<potenza_impegnata<=4.5,Tutti,12,Sabato,13,0.34825,2025
3<potenza_impegnata<=4.5,Tutti,12,Sabato,12,0.34325,2025
3<potenza_impegnata<=4.5,Tutti,12,Sabato,11,0.3155,2025
3<potenza_impegnata<=4.5,Tutti,12,Sabato,10,0.3115,2025
3<potenza_impegnata<=4.5,Tutti,12,Sabato,9,0.297,2025
3<potenza_impegnata<=4.5,Tutti,12,Sabato,0,0.22275,2025
3<potenza_impegnata<=4.5,Tutti,12,Giorno feriale,8,0.2928,2025
3<potenza_impegnata<=4.5,Tutti,12,Giorno feriale,7,0.26605,2025
3<potenza_impegnata<=4.5,Tutti,12,Giorno feriale,6,0.1874,2025
3<potenza_impegnata<=4.5,Tutti,12,Giorno feriale,5,0.1504,2025
3<potenza_impegnata<=4.5,Tutti,12,Giorno feriale,4,0.1417,2025
3<potenza_impegnata<=4.5,Tutti,12,Giorno feriale,3,0.14555,2025
3<potenza_impegnata<=4.5,Tutti,12,Giorno feriale,2,0.15745,2025
3<potenza_impegnata<=4.5,Tutti,12,Giorno feriale,23,0.28345,2025
3<potenza_impegnata<=4.5,Tutti,12,Giorno feriale,22,0.34635,2025
3<potenza_impegnata<=4.5,Tutti,12,Giorno feriale,21,0.4022,2025
3<potenza_impegnata<=4.5,Tutti,12,Giorno feriale,20,0.4404,2025
3<potenza_impegnata<=4.5,Tutti,12,Giorno feriale,19,0.4386,2025
3<potenza_impegnata<=4.5,Tutti,12,Giorno feriale,1,0.1816,2025
3<potenza_impegnata<=4.5,Tutti,12,Giorno feriale,18,0.36164999999999997,2025
3<potenza_impegnata<=4.5,Tutti,12,Giorno feriale,17,0.31175,2025
3<potenza_impegnata<=4.5,Tutti,12,Giorno feriale,16,0.28365,2025
3<potenza_impegnata<=4.5,Tutti,12,Giorno feriale,15,0.28285,2025
3<potenza_impegnata<=4.5,Tutti,12,Giorno feriale,14,0.2974,2025
3<potenza_impegnata<=4.5,Tutti,12,Giorno feriale,13,0.3114,2025
3<potenza_impegnata<=4.5,Tutti,12,Giorno feriale,12,0.30295,2025
3<potenza_impegnata<=4.5,Tutti,12,Giorno feriale,11,0.28385000000000005,2025
3<potenza_impegnata<=4.5,Tutti,12,Giorno feriale,10,0.28490000000000004,2025
3<potenza_impegnata<=4.5,Tutti,12,Giorno feriale,9,0.29410000000000003,2025
3<potenza_impegnata<=4.5,Tutti,12,Giorno feriale,0,0.22610000000000002,2025
3<potenza_impegnata<=4.5,Tutti,12,Domenica,8,0.22571428571428573,2025
3<potenza_impegnata<=4.5,Tutti,12,Domenica,7,0.178,2025
3<potenza_impegnata<=4.5,Tutti,12,Domenica,6,0.15642857142857142,2025
3<potenza_impegnata<=4.5,Tutti,12,Domenica,5,0.1457142857142857,2025
3<potenza_impegnata<=4.5,Tutti,12,Domenica,4,0.14328571428571427,2025
3<potenza_impegnata<=4.5,Tutti,12,Domenica,3,0.14957142857142855,2025
3<potenza_impegnata<=4.5,Tutti,12,Domenica,2,0.16414285714285715,2025
3<potenza_impegnata<=4.5,Tutti,12,Domenica,23,0.26571428571428574,2025
3<potenza_impegnata<=4.5,Tutti,12,Domenica,22,0.3152857142857143,2025
3<potenza_impegnata<=4.5,Tutti,12,Domenica,21,0.36,2025
3<potenza_impegnata<=4.5,Tutti,12,Domenica,20,0.3931428571428571,2025
3<potenza_impegnata<=4.5,Tutti,12,Domenica,19,0.39285714285714285,2025
3<potenza_impegnata<=4.5,Tutti,12,Domenica,1,0.18985714285714286,2025
3<potenza_impegnata<=4.5,Tutti,12,Domenica,18,0.3392857142857143,2025
3<potenza_impegnata<=4.5,Tutti,12,Domenica,17,0.30628571428571433,2025
3<potenza_impegnata<=4.5,Tutti,12,Domenica,16,0.2854285714285714,2025
3<potenza_impegnata<=4.5,Tutti,12,Domenica,15,0.28928571428571426,2025
3<potenza_impegnata<=4.5,Tutti,12,Domenica,14,0.3108571428571429,2025
3<potenza_impegnata<=4.5,Tutti,12,Domenica,13,0.344,2025
3<potenza_impegnata<=4.5,Tutti,12,Domenica,12,0.36128571428571427,2025
3<potenza_impegnata<=4.5,Tutti,12,Domenica,11,0.33585714285714285,2025
3<potenza_impegnata<=4.5,Tutti,12,Domenica,10,0.3164285714285714,2025
3<potenza_impegnata<=4.5,Tutti,12,Domenica,9,0.2824285714285714,2025
3<potenza_impegnata<=4.5,Tutti,12,Domenica,0,0.22614285714285715,2025
3<potenza_impegnata<=4.5,Residente,12,Sabato,8,0.262,2025
3<potenza_impegnata<=4.5,Residente,12,Sabato,7,0.2065,2025
3<potenza_impegnata<=4.5,Residente,12,Sabato,6,0.163,2025
3<potenza_impegnata<=4.5,Residente,12,Sabato,5,0.1475,2025
3<potenza_impegnata<=4.5,Residente,12,Sabato,4,0.14275,2025
3<potenza_impegnata<=4.5,Residente,12,Sabato,3,0.14775,2025
3<potenza_impegnata<=4.5,Residente,12,Sabato,2,0.16,2025
3<potenza_impegnata<=4.5,Residente,12,Sabato,23,0.27075,2025
3<potenza_impegnata<=4.5,Residente,12,Sabato,22,0.31875,2025
3<potenza_impegnata<=4.5,Residente,12,Sabato,21,0.3655,2025
3<potenza_impegnata<=4.5,Residente,12,Sabato,20,0.4075,2025
3<potenza_impegnata<=4.5,Residente,12,Sabato,19,0.42,2025
3<potenza_impegnata<=4.5,Residente,12,Sabato,1,0.1845,2025
3<potenza_impegnata<=4.5,Residente,12,Sabato,18,0.36175,2025
3<potenza_impegnata<=4.5,Residente,12,Sabato,17,0.3255,2025
3<potenza_impegnata<=4.5,Residente,12,Sabato,16,0.30475,2025
3<potenza_impegnata<=4.5,Residente,12,Sabato,15,0.314,2025
3<potenza_impegnata<=4.5,Residente,12,Sabato,14,0.3395,2025
3<potenza_impegnata<=4.5,Residente,12,Sabato,13,0.364,2025
3<potenza_impegnata<=4.5,Residente,12,Sabato,12,0.3595,2025
3<potenza_impegnata<=4.5,Residente,12,Sabato,11,0.32725,2025
3<potenza_impegnata<=4.5,Residente,12,Sabato,10,0.323,2025
3<potenza_impegnata<=4.5,Residente,12,Sabato,9,0.3085,2025
3<potenza_impegnata<=4.5,Residente,12,Sabato,0,0.2265,2025
3<potenza_impegnata<=4.5,Residente,12,Giorno feriale,8,0.30105,2025
3<potenza_impegnata<=4.5,Residente,12,Giorno feriale,7,0.27555,2025
3<potenza_impegnata<=4.5,Residente,12,Giorno feriale,6,0.19245,2025
3<potenza_impegnata<=4.5,Residente,12,Giorno feriale,5,0.15225,2025
3<potenza_impegnata<=4.5,Residente,12,Giorno feriale,4,0.14265,2025
3<potenza_impegnata<=4.5,Residente,12,Giorno feriale,3,0.14615,2025
3<potenza_impegnata<=4.5,Residente,12,Giorno feriale,2,0.15785,2025
3<potenza_impegnata<=4.5,Residente,12,Giorno feriale,23,0.28945000000000004,2025
3<potenza_impegnata<=4.5,Residente,12,Giorno feriale,22,0.35760000000000003,2025
3<potenza_impegnata<=4.5,Residente,12,Giorno feriale,21,0.41795,2025
3<potenza_impegnata<=4.5,Residente,12,Giorno feriale,20,0.45949999999999996,2025
3<potenza_impegnata<=4.5,Residente,12,Giorno feriale,19,0.46145,2025
3<potenza_impegnata<=4.5,Residente,12,Giorno feriale,1,0.182,2025
3<potenza_impegnata<=4.5,Residente,12,Giorno feriale,18,0.37915,2025
3<potenza_impegnata<=4.5,Residente,12,Giorno feriale,17,0.3256,2025
3<potenza_impegnata<=4.5,Residente,12,Giorno feriale,16,0.2948,2025
3<potenza_impegnata<=4.5,Residente,12,Giorno feriale,15,0.29305,2025
3<potenza_impegnata<=4.5,Residente,12,Giorno feriale,14,0.3083,2025
3<potenza_impegnata<=4.5,Residente,12,Giorno feriale,13,0.32225000000000004,2025
3<potenza_impegnata<=4.5,Residente,12,Giorno feriale,12,0.31355,2025
3<potenza_impegnata<=4.5,Residente,12,Giorno feriale,11,0.29189999999999994,2025
3<potenza_impegnata<=4.5,Residente,12,Giorno feriale,10,0.2925,2025
3<potenza_impegnata<=4.5,Residente,12,Giorno feriale,9,0.30195,2025
3<potenza_impegnata<=4.5,Residente,12,Giorno feriale,0,0.22784999999999997,2025
3<potenza_impegnata<=4.5,Residente,12,Domenica,8,0.2347142857142857,2025
3<potenza_impegnata<=4.5,Residente,12,Domenica,7,0.18328571428571427,2025
3<potenza_impegnata<=4.5,Residente,12,Domenica,6,0.15957142857142856,2025
3<potenza_impegnata<=4.5,Residente,12,Domenica,5,0.14771428571428571,2025
3<potenza_impegnata<=4.5,Residente,12,Domenica,4,0.1447142857142857,2025
3<potenza_impegnata<=4.5,Residente,12,Domenica,3,0.15128571428571427,2025
3<potenza_impegnata<=4.5,Residente,12,Domenica,2,0.1662857142857143,2025
3<potenza_impegnata<=4.5,Residente,12,Domenica,23,0.2732857142857143,2025
3<potenza_impegnata<=4.5,Residente,12,Domenica,22,0.32771428571428574,2025
3<potenza_impegnata<=4.5,Residente,12,Domenica,21,0.37714285714285717,2025
3<potenza_impegnata<=4.5,Residente,12,Domenica,20,0.4138571428571428,2025
3<potenza_impegnata<=4.5,Residente,12,Domenica,19,0.41571428571428576,2025
3<potenza_impegnata<=4.5,Residente,12,Domenica,1,0.19314285714285714,2025
3<potenza_impegnata<=4.5,Residente,12,Domenica,18,0.358,2025
4.5<potenza_impegnata<=6,Tutti,anno,Giorno feriale,4,0.2010607115318569,2025
4.5<potenza_impegnata<=6,Non Residente,anno,Domenica,9,0.2768688271821359,2025
4.5<potenza_impegnata<=6,Residente,anno,Sabato,21,0.44091529971994453,2025
4.5<potenza_impegnata<=6,Tutti,anno,Giorno feriale,9,0.3496813217190698,2025
4.5<potenza_impegnata<=6,Tutti,anno,Domenica,16,0.35305326045034297,2025
4.5<potenza_impegnata<=6,Tutti,anno,Sabato,0,0.3003079347193409,2025
4.5<potenza_impegnata<=6,Non Residente,anno,Domenica,22,0.3575411668769146,2025
4.5<potenza_impegnata<=6,Tutti,anno,Sabato,8,0.29386659423209904,2025
4.5<potenza_impegnata<=6,Residente,anno,Giorno feriale,16,0.3448995039505122,2025
4.5<potenza_impegnata<=6,Residente,anno,Giorno feriale,13,0.37468106027452663,2025
4.5<potenza_impegnata<=6,Tutti,anno,Sabato,13,0.3966533407956857,2025
4.5<potenza_impegnata<=6,Tutti,anno,Giorno feriale,14,0.36127368389613107,2025
4.5<potenza_impegnata<=6,Residente,anno,Domenica,19,0.508878933314431,2025
4.5<potenza_impegnata<=6,Tutti,anno,Sabato,12,0.3861887780149147,2025
4.5<potenza_impegnata<=6,Tutti,anno,Domenica,3,0.20692756353890787,2025
4.5<potenza_impegnata<=6,Non Residente,anno,Giorno feriale,11,0.32466484767761794,2025
4.5<potenza_impegnata<=6,Non Residente,anno,Giorno feriale,16,0.3159795174064514,2025
4.5<potenza_impegnata<=6,Non Residente,anno,Sabato,21,0.3610764016887932,2025
4.5<potenza_impegnata<=6,Non Residente,anno,Sabato,6,0.19927527090262756,2025
4.5<potenza_impegnata<=6,Residente,anno,Giorno feriale,2,0.21992315322449127,2025
4.5<potenza_impegnata<=6,Tutti,anno,Domenica,10,0.3461678024836942,2025
4.5<potenza_impegnata<=6,Tutti,anno,Sabato,19,0.45538793034142744,2025
4.5<potenza_impegnata<=6,Tutti,anno,Sabato,1,0.25464097567770594,2025
4.5<potenza_impegnata<=6,Residente,anno,Domenica,5,0.20221337973417572,2025
4.5<potenza_impegnata<=6,Tutti,anno,Giorno feriale,23,0.365012066120658,2025
4.5<potenza_impegnata<=6,Non Residente,anno,Domenica,7,0.2056740485006591,2025
4.5<potenza_impegnata<=6,Tutti,anno,Giorno feriale,0,0.2993794109054118,2025
4.5<potenza_impegnata<=6,Non Residente,anno,Domenica,17,0.313883678239718,2025
4.5<potenza_impegnata<=6,Non Residente,anno,Domenica,10,0.3012773390900181,2025
4.5<potenza_impegnata<=6,Non Residente,anno,Giorno feriale,19,0.4207259914056574,2025
4.5<potenza_impegnata<=6,Non Residente,anno,Sabato,18,0.33766901131262694,2025
4.5<potenza_impegnata<=6,Non Residente,anno,Domenica,0,0.26671472478403924,2025
4.5<potenza_impegnata<=6,Residente,anno,Sabato,20,0.4779895223798542,2025
4.5<potenza_impegnata<=6,Non Residente,anno,Sabato,7,0.22474957923127512,2025
4.5<potenza_impegnata<=6,Residente,anno,Giorno feriale,4,0.20145383090543864,2025
4.5<potenza_impegnata<=6,Non Residente,anno,Giorno feriale,1,0.23889383710348913,2025
4.5<potenza_impegnata<=6,Non Residente,anno,Domenica,11,0.31466356686620356,2025
4.5<potenza_impegnata<=6,Residente,anno,Giorno feriale,1,0.2465367645778951,2025
4.5<potenza_impegnata<=6,Tutti,anno,Sabato,23,0.33790755493535113,2025
4.5<potenza_impegnata<=6,Tutti,anno,Sabato,22,0.3827416235093951,2025
4.5<potenza_impegnata<=6,Residente,anno,Giorno feriale,15,0.35111034953183395,2025
4.5<potenza_impegnata<=6,Non Residente,anno,Giorno feriale,9,0.3320235719773941,2025
4.5<potenza_impegnata<=6,Tutti,anno,Sabato,11,0.3533497434940724,2025
4.5<potenza_impegnata<=6,Tutti,anno,Sabato,9,0.33406163281246115,2025
4.5<potenza_impegnata<=6,Residente,anno,Domenica,3,0.20988919018172683,2025
4.5<potenza_impegnata<=6,Tutti,anno,Giorno feriale,13,0.3692614830948091,2025
4.5<potenza_impegnata<=6,Residente,anno,Domenica,18,0.4277228622863637,2025
4.5<potenza_impegnata<=6,Non Residente,anno,Giorno feriale,20,0.4443832248866604,2025
4.5<potenza_impegnata<=6,Residente,anno,Domenica,12,0.41945033714106544,2025
4.5<potenza_impegnata<=6,Non Residente,anno,Giorno feriale,22,0.3845673325738786,2025
4.5<potenza_impegnata<=6,Tutti,anno,Domenica,0,0.2904535943351008,2025
4.5<potenza_impegnata<=6,Non Residente,anno,Sabato,16,0.31153426334499223,2025
4.5<potenza_impegnata<=6,Residente,anno,Giorno feriale,5,0.20706291756883607,2025
4.5<potenza_impegnata<=6,Non Residente,anno,Sabato,1,0.2415495265756192,2025
4.5<potenza_impegnata<=6,Residente,anno,Sabato,9,0.3430570126737422,2025
4.5<potenza_impegnata<=6,Residente,anno,Sabato,12,0.39877830376631185,2025
4.5<potenza_impegnata<=6,Residente,anno,Sabato,13,0.4098388741918929,2025
4.5<potenza_impegnata<=6,Non Residente,anno,Sabato,22,0.33266754005165494,2025
4.5<potenza_impegnata<=6,Non Residente,anno,Sabato,2,0.2170960563058126,2025
4.5<potenza_impegnata<=6,Non Residente,anno,Domenica,15,0.30674209079894876,2025
4.5<potenza_impegnata<=6,Non Residente,anno,Sabato,4,0.19357599569224318,2025
4.5<potenza_impegnata<=6,Residente,anno,Sabato,22,0.39622846598668193,2025
4.5<potenza_impegnata<=6,Residente,anno,Sabato,19,0.4772687800498576,2025
4.5<potenza_impegnata<=6,Non Residente,anno,Domenica,23,0.3161906512533293,2025
4.5<potenza_impegnata<=6,Non Residente,anno,Giorno feriale,13,0.3426581864182838,2025
4.5<potenza_impegnata<=6,Non Residente,anno,Sabato,8,0.2628881522391759,2025
4.5<potenza_impegnata<=6,Tutti,anno,Sabato,6,0.2147306808650359,2025
4.5<potenza_impegnata<=6,Residente,anno,Giorno feriale,17,0.3650247868944462,2025
4.5<potenza_impegnata<=6,Residente,anno,Giorno feriale,14,0.3664754275244876,2025
4.5<potenza_impegnata<=6,Tutti,anno,Domenica,18,0.40912465324882763,2025
4.5<potenza_impegnata<=6,Tutti,anno,Sabato,18,0.395007692740126,2025
4.5<potenza_impegnata<=6,Tutti,anno,Sabato,17,0.36106432532871663,2025
4.5<potenza_impegnata<=6,Tutti,anno,Giorno feriale,8,0.3431508451213815,2025
4.5<potenza_impegnata<=6,Residente,anno,Domenica,8,0.275872804084158,2025
4.5<potenza_impegnata<=6,Tutti,anno,Giorno feriale,7,0.3125750672354381,2025
4.5<potenza_impegnata<=6,Tutti,anno,Giorno feriale,6,0.23690107690022302,2025
4.5<potenza_impegnata<=6,Non Residente,anno,Domenica,8,0.2383967818797863,2025
4.5<potenza_impegnata<=6,Non Residente,anno,Domenica,13,0.34128679469662465,2025
4.5<potenza_impegnata<=6,Tutti,anno,Giorno feriale,19,0.5039140249990133,2025
4.5<potenza_impegnata<=6,Tutti,anno,Giorno feriale,1,0.2472595786523715,2025
4.5<potenza_impegnata<=6,Residente,anno,Domenica,23,0.362882432406061,2025
4.5<potenza_impegnata<=6,Tutti,anno,Giorno feriale,16,0.3407666943888731,2025
4.5<potenza_impegnata<=6,Residente,anno,Domenica,4,0.20180218473234793,2025
4.5<potenza_impegnata<=6,Non Residente,anno,Domenica,6,0.19054260228111583,2025
4.5<potenza_impegnata<=6,Residente,anno,Domenica,20,0.5205939069892365,2025
4.5<potenza_impegnata<=6,Tutti,anno,Giorno feriale,10,0.34369005349777587,2025
4.5<potenza_impegnata<=6,Tutti,anno,Domenica,8,0.267882863039944,2025
4.5<potenza_impegnata<=6,Residente,anno,Giorno feriale,9,0.3544326126549494,2025
4.5<potenza_impegnata<=6,Tutti,anno,Domenica,5,0.19879859936842512,2025
4.5<potenza_impegnata<=6,Residente,anno,Giorno feriale,10,0.3473632322052068,2025
4.5<potenza_impegnata<=6,Non Residente,anno,Domenica,5,0.18627347577088813,2025
4.5<potenza_impegnata<=6,Residente,anno,Domenica,17,0.3830596505597931,2025
4.5<potenza_impegnata<=6,Tutti,anno,Domenica,13,0.39827849784291514,2025
4.5<potenza_impegnata<=6,Tutti,anno,Domenica,14,0.37368619058706287,2025
4.5<potenza_impegnata<=6,Tutti,anno,Domenica,21,0.4670880284990487,2025
4.5<potenza_impegnata<=6,Non Residente,anno,Domenica,14,0.3197159428148437,2025
4.5<potenza_impegnata<=6,Tutti,anno,Sabato,21,0.42395524847146154,2025
4.5<potenza_impegnata<=6,Tutti,anno,Domenica,19,0.483151298477314,2025
4.5<potenza_impegnata<=6,Tutti,anno,Sabato,4,0.20436495221606993,2025
4.5<potenza_impegnata<=6,Residente,anno,Giorno feriale,19,0.5254131626448574,2025
4.5<potenza_impegnata<=6,Non Residente,anno,Domenica,3,0.1959749303050376,2025
4.5<potenza_impegnata<=6,Residente,anno,Giorno feriale,21,0.5058021083845582,2025
4.5<potenza_impegnata<=6,Tutti,anno,Domenica,9,0.31652980247270174,2025
4.5<potenza_impegnata<=6,Non Residente,anno,Sabato,15,0.31886067218161196,2025
4.5<potenza_impegnata<=6,Non Residente,anno,Domenica,12,0.33667613297288246,2025
4.5<potenza_impegnata<=6,Residente,anno,Domenica,0,0.29690687343250943,2025
4.5<potenza_impegnata<=6,Residente,anno,Giorno feriale,23,0.3695848952805847,2025
4.5<potenza_impegnata<=6,Non Residente,anno,Sabato,17,0.3167560389604201,2025
4.5<potenza_impegnata<=6,Residente,anno,Sabato,3,0.21534733077193693,2025
4.5<potenza_impegnata<=6,Non Residente,anno,Giorno feriale,18,0.3601379031322719,2025
4.5<potenza_impegnata<=6,Non Residente,anno,Sabato,5,0.19242101794580993,2025
4.5<potenza_impegnata<=6,Residente,anno,Giorno feriale,7,0.32212632956852116,2025
4.5<potenza_impegnata<=6,Residente,anno,Giorno feriale,8,0.34960013010694146,2025
4.5<potenza_impegnata<=6,Non Residente,anno,Sabato,3,0.2016329707796849,2025
4.5<potenza_impegnata<=6,Residente,anno,Sabato,16,0.36179134173205707,2025
4.5<potenza_impegnata<=6,Residente,anno,Sabato,18,0.41048873239880623,2025
4.5<potenza_impegnata<=6,Residente,anno,Sabato,15,0.37211972657703046,2025
4.5<potenza_impegnata<=6,Residente,anno,Sabato,14,0.3924374115605814,2025
4.5<potenza_impegnata<=6,Non Residente,anno,Giorno feriale,15,0.3216465003786107,2025
4.5<potenza_impegnata<=6,Residente,anno,Sabato,10,0.35648673746023296,2025
4.5<potenza_impegnata<=6,Non Residente,anno,Sabato,23,0.30160236616886027,2025
4.5<potenza_impegnata<=6,Residente,anno,Sabato,17,0.37303813515295875,2025
4.5<potenza_impegnata<=6,Residente,anno,Sabato,11,0.361972435587858,2025
4.5<potenza_impegnata<=6,Non Residente,anno,Sabato,20,0.38290717332049906,2025
4.5<potenza_impegnata<=6,Non Residente,anno,Sabato,19,0.3738446195926692,2025
4.5<potenza_impegnata<=6,Residente,anno,Sabato,1,0.25821141954487503,2025
4.5<potenza_impegnata<=6,Non Residente,anno,Giorno feriale,14,0.3334809793386005,2025
4.5<potenza_impegnata<=6,Residente,anno,Sabato,0,0.3063781576860175,2025
4.5<potenza_impegnata<=6,Non Residente,anno,Giorno feriale,17,0.3266868458282227,2025
4.5<potenza_impegnata<=6,Non Residente,anno,Domenica,16,0.3035092577035484,2025
4.5<potenza_impegnata<=6,Residente,anno,Sabato,23,0.347737011274095,2025
4.5<potenza_impegnata<=6,Residente,anno,Sabato,5,0.2081357799628526,2025
4.5<potenza_impegnata<=6,Residente,anno,Giorno feriale,6,0.2419303323633146,2025
4.5<potenza_impegnata<=6,Residente,anno,Sabato,2,0.23050188971284538,2025
4.5<potenza_impegnata<=6,Non Residente,anno,Domenica,21,0.39107878845023136,2025
4.5<potenza_impegnata<=6,Residente,anno,Sabato,4,0.20734294552598362,2025
4.5<potenza_impegnata<=6,Non Residente,anno,Domenica,2,0.2076747499093994,2025
4.5<potenza_impegnata<=6,Residente,anno,Giorno feriale,3,0.2072114260977451,2025
4.5<potenza_impegnata<=6,Non Residente,anno,Giorno feriale,12,0.3334017959569048,2025
4.5<potenza_impegnata<=6,Residente,anno,Sabato,6,0.21900061950149863,2025
4.5<potenza_impegnata<=6,Residente,anno,Sabato,7,0.25490699937078926,2025
4.5<potenza_impegnata<=6,Residente,anno,Sabato,8,0.3022933647266211,2025
4.5<potenza_impegnata<=6,Residente,anno,Giorno feriale,22,0.44492655438721435,2025
4.5<potenza_impegnata<=6,Residente,anno,Domenica,9,0.32730799517449494,2025
4.5<potenza_impegnata<=6,Residente,anno,Giorno feriale,20,0.5393383568236663,2025
4.5<potenza_impegnata<=6,Tutti,anno,Domenica,11,0.3647580041109035,2025
4.5<potenza_impegnata<=6,Non Residente,anno,Sabato,14,0.3327247302886769,2025
4.5<potenza_impegnata<=6,Tutti,anno,Domenica,12,0.40188420878255615,2025
4.5<potenza_impegnata<=6,Non Residente,anno,Domenica,20,0.40779007998723765,2025
4.5<potenza_impegnata<=6,Residente,anno,Domenica,16,0.36640805500093426,2025
4.5<potenza_impegnata<=6,Residente,anno,Giorno feriale,18,0.4216967611633665,2025
4.5<potenza_impegnata<=6,Non Residente,anno,Giorno feriale,10,0.32813910382536304,2025
4.5<potenza_impegnata<=6,Tutti,anno,Sabato,3,0.21243633324876,2025
4.5<potenza_impegnata<=6,Residente,anno,Domenica,13,0.4136437383961867,2025
4.5<potenza_impegnata<=6,Non Residente,anno,Giorno feriale,21,0.4235034062515661,2025
4.5<potenza_impegnata<=6,Non Residente,anno,Domenica,4,0.1878838622208032,2025
4.5<potenza_impegnata<=6,Residente,anno,Domenica,14,0.3882265192979371,2025
4.5<potenza_impegnata<=6,Tutti,anno,Domenica,20,0.49667639199157976,2025
4.5<potenza_impegnata<=6,Tutti,anno,Domenica,15,0.3576021132286168,2025
4.5<potenza_impegnata<=6,Residente,anno,Domenica,15,0.37133175508262045,2025
4.5<potenza_impegnata<=6,Residente,anno,Domenica,11,0.3783267910403309,2025
4.5<potenza_impegnata<=6,Tutti,anno,Domenica,22,0.41579699927544383,2025
4.5<potenza_impegnata<=6,Residente,anno,Giorno feriale,12,0.36382804579956063,2025
4.5<potenza_impegnata<=6,Tutti,anno,Sabato,16,0.35111399942291144,2025
4.5<potenza_impegnata<=6,Non Residente,anno,Giorno feriale,23,0.33428402142130476,2025
4.5<potenza_impegnata<=6,Tutti,anno,Sabato,15,0.36076178688516436,2025
4.5<potenza_impegnata<=6,Residente,anno,Giorno feriale,11,0.3446509752683996,2025
4.5<potenza_impegnata<=6,Tutti,anno,Sabato,14,0.3796797417031078,2025
4.5<potenza_impegnata<=6,Non Residente,anno,Giorno feriale,0,0.2847955702862368,2025
4.5<potenza_impegnata<=6,Non Residente,anno,Giorno feriale,2,0.2117146476112516,2025
4.5<potenza_impegnata<=6,Tutti,anno,Sabato,10,0.3479593073444473,2025
4.5<potenza_impegnata<=6,Residente,anno,Giorno feriale,0,0.29985974650568786,2025
4.5<potenza_impegnata<=6,Non Residente,anno,Domenica,18,0.34004594918241604,2025
4.5<potenza_impegnata<=6,Non Residente,anno,Giorno feriale,3,0.19773995715138024,2025
4.5<potenza_impegnata<=6,Residente,anno,Domenica,7,0.23116933488623279,2025
4.5<potenza_impegnata<=6,Tutti,anno,Giorno feriale,5,0.20557600256358569,2025
4.5<potenza_impegnata<=6,Residente,anno,Domenica,6,0.20968508446435233,2025
4.5<potenza_impegnata<=6,Tutti,anno,Giorno feriale,2,0.22028991748959822,2025
4.5<potenza_impegnata<=6,Non Residente,anno,Giorno feriale,4,0.1913170722908186,2025
4.5<potenza_impegnata<=6,Non Residente,anno,Giorno feriale,5,0.19308309066004123,2025
4.5<potenza_impegnata<=6,Residente,anno,Domenica,2,0.2225236039666848,2025
4.5<potenza_impegnata<=6,Tutti,anno,Giorno feriale,18,0.4101649578204416,2025
4.5<potenza_impegnata<=6,Tutti,anno,Giorno feriale,17,0.35863780532267436,2025
4.5<potenza_impegnata<=6,Tutti,anno,Giorno feriale,20,0.5203817133057669,2025
4.5<potenza_impegnata<=6,Non Residente,anno,Giorno feriale,6,0.2147438123448364,2025
4.5<potenza_impegnata<=6,Tutti,anno,Giorno feriale,21,0.4907132375609056,2025
4.5<potenza_impegnata<=6,Tutti,anno,Giorno feriale,15,0.3469375326326653,2025
4.5<potenza_impegnata<=6,Tutti,anno,Giorno feriale,22,0.4350754641760658,2025
4.5<potenza_impegnata<=6,Residente,anno,Domenica,22,0.4315745271528631,2025
4.5<potenza_impegnata<=6,Non Residente,anno,Domenica,1,0.23451549725497722,2025
4.5<potenza_impegnata<=6,Non Residente,anno,Giorno feriale,7,0.27862397963734287,2025
4.5<potenza_impegnata<=6,Tutti,anno,Giorno feriale,3,0.2071554092041136,2025
4.5<potenza_impegnata<=6,Residente,anno,Domenica,21,0.487601401365365,2025
4.5<potenza_impegnata<=6,Tutti,anno,Giorno feriale,12,0.35839530759390203,2025
4.5<potenza_impegnata<=6,Tutti,anno,Giorno feriale,11,0.34117056165653703,2025
4.5<potenza_impegnata<=6,Non Residente,anno,Giorno feriale,8,0.32080717418728194,2025
4.5<potenza_impegnata<=6,Residente,anno,Domenica,1,0.2535338815467124,2025
4.5<potenza_impegnata<=6,Non Residente,anno,Sabato,0,0.2779977277059289,2025
4.5<potenza_impegnata<=6,Tutti,anno,Domenica,7,0.22567887083152816,2025
4.5<potenza_impegnata<=6,Tutti,anno,Domenica,6,0.2055633404841316,2025
4.5<potenza_impegnata<=6,Non Residente,anno,Sabato,9,0.30101259113478895,2025
4.5<potenza_impegnata<=6,Tutti,anno,Domenica,4,0.1988194477548237,2025
4.5<potenza_impegnata<=6,Residente,anno,Domenica,10,0.35832686195419144,2025
4.5<potenza_impegnata<=6,Non Residente,anno,Domenica,19,0.38742197869926787,2025
4.5<potenza_impegnata<=6,Tutti,anno,Domenica,2,0.2193897930314874,2025
4.5<potenza_impegnata<=6,Tutti,anno,Domenica,23,0.35291188099777226,2025
4.5<potenza_impegnata<=6,Non Residente,anno,Sabato,10,0.31686101503902714,2025
4.5<potenza_impegnata<=6,Non Residente,anno,Sabato,11,0.32168843314876056,2025
4.5<potenza_impegnata<=6,Tutti,anno,Domenica,17,0.36833501204150465,2025
4.5<potenza_impegnata<=6,Tutti,anno,Sabato,20,0.45785415931624945,2025
4.5<potenza_impegnata<=6,Tutti,anno,Domenica,1,0.24943241929434334,2025
4.5<potenza_impegnata<=6,Non Residente,anno,Sabato,12,0.33969761143461646,2025
4.5<potenza_impegnata<=6,Tutti,anno,Sabato,2,0.22758617882781368,2025
4.5<potenza_impegnata<=6,Tutti,anno,Sabato,5,0.20477031784646454,2025
4.5<potenza_impegnata<=6,Non Residente,anno,Sabato,13,0.3480008084191867,2025
4.5<potenza_impegnata<=6,Tutti,anno,Sabato,7,0.24843876020476693,2025
4.5<potenza_impegnata<=6,Tutti,01,Giorno feriale,4,0.21223809523809523,2025
4.5<potenza_impegnata<=6,Non Residente,01,Domenica,9,0.3086666666666667,2025
4.5<potenza_impegnata<=6,Residente,01,Sabato,21,0.4935,2025
4.5<potenza_impegnata<=6,Tutti,01,Giorno feriale,9,0.41866666666666663,2025
4.5<potenza_impegnata<=6,Tutti,01,Domenica,16,0.4231666666666667,2025
4.5<potenza_impegnata<=6,Tutti,01,Sabato,0,0.309,2025
4.5<potenza_impegnata<=6,Non Residente,01,Domenica,22,0.3853333333333333,2025
4.5<potenza_impegnata<=6,Tutti,01,Sabato,8,0.3335,2025
4.5<potenza_impegnata<=6,Residente,01,Giorno feriale,16,0.3928095238095238,2025
4.5<potenza_impegnata<=6,Residente,01,Giorno feriale,13,0.429047619047619,2025
4.5<potenza_impegnata<=6,Tutti,01,Sabato,13,0.46075,2025
4.5<potenza_impegnata<=6,Tutti,01,Giorno feriale,14,0.4055238095238095,2025
4.5<potenza_impegnata<=6,Residente,01,Domenica,19,0.606,2025
4.5<potenza_impegnata<=6,Tutti,01,Sabato,12,0.451,2025
4.5<potenza_impegnata<=6,Tutti,01,Domenica,3,0.22416666666666665,2025
4.5<potenza_impegnata<=6,Non Residente,01,Giorno feriale,11,0.37700000000000006,2025
4.5<potenza_impegnata<=6,Non Residente,01,Giorno feriale,16,0.3525714285714286,2025
4.5<potenza_impegnata<=6,Non Residente,01,Sabato,21,0.4085,2025
4.5<potenza_impegnata<=6,Non Residente,01,Sabato,6,0.223,2025
4.5<potenza_impegnata<=6,Residente,01,Giorno feriale,2,0.22833333333333333,2025
4.5<potenza_impegnata<=6,Tutti,01,Domenica,10,0.412,2025
4.5<potenza_impegnata<=6,Tutti,01,Sabato,19,0.547,2025
4.5<potenza_impegnata<=6,Tutti,01,Sabato,1,0.261,2025
4.5<potenza_impegnata<=6,Residente,01,Domenica,5,0.22,2025
4.5<potenza_impegnata<=6,Tutti,01,Giorno feriale,23,0.38785714285714284,2025
4.5<potenza_impegnata<=6,Non Residente,01,Domenica,7,0.23166666666666666,2025
4.5<potenza_impegnata<=6,Tutti,01,Giorno feriale,0,0.31285714285714283,2025
4.5<potenza_impegnata<=6,Non Residente,01,Domenica,17,0.3726666666666667,2025
4.5<potenza_impegnata<=6,Non Residente,01,Domenica,10,0.3455,2025
4.5<potenza_impegnata<=6,Non Residente,01,Giorno feriale,19,0.4865238095238095,2025
4.5<potenza_impegnata<=6,Non Residente,01,Sabato,18,0.4035,2025
4.5<potenza_impegnata<=6,Non Residente,01,Domenica,0,0.29133333333333333,2025
4.5<potenza_impegnata<=6,Residente,01,Sabato,20,0.551,2025
4.5<potenza_impegnata<=6,Non Residente,01,Sabato,7,0.249,2025
4.5<potenza_impegnata<=6,Residente,01,Giorno feriale,4,0.2127142857142857,2025
4.5<potenza_impegnata<=6,Non Residente,01,Giorno feriale,1,0.25785714285714284,2025
4.5<potenza_impegnata<=6,Non Residente,01,Domenica,11,0.365,2025
4.5<potenza_impegnata<=6,Residente,01,Giorno feriale,1,0.2564285714285714,2025
4.5<potenza_impegnata<=6,Tutti,01,Sabato,23,0.3655,2025
4.5<potenza_impegnata<=6,Tutti,01,Sabato,22,0.41975,2025
4.5<potenza_impegnata<=6,Residente,01,Giorno feriale,15,0.39357142857142857,2025
4.5<potenza_impegnata<=6,Non Residente,01,Giorno feriale,9,0.38757142857142857,2025
4.5<potenza_impegnata<=6,Tutti,01,Sabato,11,0.41475,2025
4.5<potenza_impegnata<=6,Tutti,01,Sabato,9,0.3845,2025
4.5<potenza_impegnata<=6,Residente,01,Domenica,3,0.22516666666666665,2025
4.5<potenza_impegnata<=6,Tutti,01,Giorno feriale,13,0.42157142857142854,2025
4.5<potenza_impegnata<=6,Residente,01,Domenica,18,0.5275,2025
4.5<potenza_impegnata<=6,Non Residente,01,Giorno feriale,20,0.506,2025
4.5<potenza_impegnata<=6,Residente,01,Domenica,12,0.507,2025
4.5<potenza_impegnata<=6,Non Residente,01,Giorno feriale,22,0.4204285714285715,2025
4.5<potenza_impegnata<=6,Tutti,01,Domenica,0,0.31466666666666665,2025
4.5<potenza_impegnata<=6,Non Residente,01,Sabato,16,0.36025,2025
4.5<potenza_impegnata<=6,Residente,01,Giorno feriale,5,0.2251904761904762,2025
4.5<potenza_impegnata<=6,Non Residente,01,Sabato,1,0.2565,2025
4.5<potenza_impegnata<=6,Residente,01,Sabato,9,0.396,2025
4.5<potenza_impegnata<=6,Residente,01,Sabato,12,0.4655,2025
4.5<potenza_impegnata<=6,Residente,01,Sabato,13,0.47475,2025
4.5<potenza_impegnata<=6,Non Residente,01,Sabato,22,0.36975,2025
4.5<potenza_impegnata<=6,Non Residente,01,Sabato,2,0.233,2025
4.5<potenza_impegnata<=6,Non Residente,01,Domenica,15,0.3585,2025
4.5<potenza_impegnata<=6,Non Residente,01,Sabato,4,0.2115,2025
4.5<potenza_impegnata<=6,Residente,01,Sabato,22,0.433,2025
4.5<potenza_impegnata<=6,Residente,01,Sabato,19,0.5745,2025
4.5<potenza_impegnata<=6,Non Residente,01,Domenica,23,0.3373333333333333,2025
4.5<potenza_impegnata<=6,Non Residente,01,Giorno feriale,13,0.39338095238095233,2025
4.5<potenza_impegnata<=6,Non Residente,01,Sabato,8,0.29475,2025
4.5<potenza_impegnata<=6,Tutti,01,Sabato,6,0.23625,2025
4.5<potenza_impegnata<=6,Residente,01,Giorno feriale,17,0.43742857142857144,2025
4.5<potenza_impegnata<=6,Residente,01,Giorno feriale,14,0.413047619047619,2025
4.5<potenza_impegnata<=6,Tutti,01,Domenica,18,0.5018333333333334,2025
4.5<potenza_impegnata<=6,Tutti,01,Sabato,18,0.4845,2025
4.5<potenza_impegnata<=6,Tutti,01,Sabato,17,0.4395,2025
4.5<potenza_impegnata<=6,Tutti,01,Giorno feriale,8,0.41295238095238096,2025
4.5<potenza_impegnata<=6,Residente,01,Domenica,8,0.30816666666666664,2025
4.5<potenza_impegnata<=6,Tutti,01,Giorno feriale,7,0.376,2025
4.5<potenza_impegnata<=6,Tutti,01,Giorno feriale,6,0.2725714285714286,2025
4.5<potenza_impegnata<=6,Non Residente,01,Domenica,8,0.2628333333333333,2025
4.5<potenza_impegnata<=6,Non Residente,01,Domenica,13,0.40116666666666667,2025
4.5<potenza_impegnata<=6,Tutti,01,Giorno feriale,19,0.5945714285714286,2025
4.5<potenza_impegnata<=6,Tutti,01,Giorno feriale,1,0.25661904761904764,2025
4.5<potenza_impegnata<=6,Residente,01,Domenica,23,0.381,2025
4.5<potenza_impegnata<=6,Tutti,01,Giorno feriale,16,0.3843809523809523,2025
4.5<potenza_impegnata<=6,Residente,01,Domenica,4,0.21666666666666667,2025
4.5<potenza_impegnata<=6,Non Residente,01,Domenica,6,0.21766666666666667,2025
4.5<potenza_impegnata<=6,Residente,01,Domenica,20,0.5938333333333333,2025
4.5<potenza_impegnata<=6,Tutti,01,Giorno feriale,10,0.40671428571428564,2025
4.5<potenza_impegnata<=6,Tutti,01,Domenica,8,0.2986666666666667,2025
4.5<potenza_impegnata<=6,Residente,01,Giorno feriale,9,0.4268571428571429,2025
4.5<potenza_impegnata<=6,Tutti,01,Domenica,5,0.218,2025
4.5<potenza_impegnata<=6,Residente,01,Giorno feriale,10,0.4129523809523809,2025
4.5<potenza_impegnata<=6,Non Residente,01,Domenica,5,0.21066666666666667,2025
4.5<potenza_impegnata<=6,Residente,01,Domenica,17,0.47433333333333333,2025
4.5<potenza_impegnata<=6,Tutti,01,Domenica,13,0.4795,2025
4.5<potenza_impegnata<=6,Tutti,01,Domenica,14,0.4466666666666667,2025
4.5<potenza_impegnata<=6,Tutti,01,Domenica,21,0.5143333333333333,2025
4.5<potenza_impegnata<=6,Non Residente,01,Domenica,14,0.37599999999999995,2025
4.5<potenza_impegnata<=6,Tutti,01,Sabato,21,0.476,2025
4.5<potenza_impegnata<=6,Tutti,01,Domenica,19,0.5743333333333334,2025
4.5<potenza_impegnata<=6,Tutti,01,Sabato,4,0.21275,2025
4.5<potenza_impegnata<=6,Residente,01,Giorno feriale,19,0.6228571428571429,2025
4.5<potenza_impegnata<=6,Non Residente,01,Domenica,3,0.22,2025
4.5<potenza_impegnata<=6,Residente,01,Giorno feriale,21,0.5656666666666668,2025
4.5<potenza_impegnata<=6,Tutti,01,Domenica,9,0.36233333333333334,2025
4.5<potenza_impegnata<=6,Non Residente,01,Sabato,15,0.36825,2025
4.5<potenza_impegnata<=6,Non Residente,01,Domenica,12,0.39266666666666666,2025
4.5<potenza_impegnata<=6,Residente,01,Domenica,0,0.32083333333333336,2025
4.5<potenza_impegnata<=6,Residente,01,Giorno feriale,23,0.39485714285714285,2025
4.5<potenza_impegnata<=6,Non Residente,01,Sabato,17,0.37675,2025
4.5<potenza_impegnata<=6,Residente,01,Sabato,3,0.2195,2025
4.5<potenza_impegnata<=6,Non Residente,01,Giorno feriale,18,0.41914285714285715,2025
4.5<potenza_impegnata<=6,Non Residente,01,Sabato,5,0.212,2025
4.5<potenza_impegnata<=6,Residente,01,Giorno feriale,7,0.3892380952380952,2025
4.5<potenza_impegnata<=6,Residente,01,Giorno feriale,8,0.42280952380952386,2025
4.5<potenza_impegnata<=6,Non Residente,01,Sabato,3,0.218,2025
4.5<potenza_impegnata<=6,Residente,01,Sabato,16,0.42225,2025
4.5<potenza_impegnata<=6,Residente,01,Sabato,18,0.50575,2025
4.5<potenza_impegnata<=6,Residente,01,Sabato,15,0.42825,2025
4.5<potenza_impegnata<=6,Residente,01,Sabato,14,0.4515,2025
4.5<potenza_impegnata<=6,Non Residente,01,Giorno feriale,15,0.35823809523809524,2025
4.5<potenza_impegnata<=6,Residente,01,Sabato,10,0.42175,2025
4.5<potenza_impegnata<=6,Non Residente,01,Sabato,23,0.33225,2025
4.5<potenza_impegnata<=6,Residente,01,Sabato,17,0.45575,2025
4.5<potenza_impegnata<=6,Residente,01,Sabato,11,0.4255,2025
4.5<potenza_impegnata<=6,Non Residente,01,Sabato,20,0.4465,2025
4.5<potenza_impegnata<=6,Non Residente,01,Sabato,19,0.44225,2025
4.5<potenza_impegnata<=6,Residente,01,Sabato,1,0.2625,2025
4.5<potenza_impegnata<=6,Non Residente,01,Giorno feriale,14,0.3774761904761905,2025
4.5<potenza_impegnata<=6,Residente,01,Sabato,0,0.31275,2025
4.5<potenza_impegnata<=6,Non Residente,01,Giorno feriale,17,0.3751904761904762,2025
4.5<potenza_impegnata<=6,Non Residente,01,Domenica,16,0.35483333333333333,2025
4.5<potenza_impegnata<=6,Residente,01,Sabato,23,0.37425,2025
4.5<potenza_impegnata<=6,Residente,01,Sabato,5,0.21925,2025
4.5<potenza_impegnata<=6,Residente,01,Giorno feriale,6,0.2793809523809524,2025
4.5<potenza_impegnata<=6,Residente,01,Sabato,2,0.2335,2025
4.5<potenza_impegnata<=6,Non Residente,01,Domenica,21,0.4306666666666667,2025
4.5<potenza_impegnata<=6,Residente,01,Sabato,4,0.21325,2025
4.5<potenza_impegnata<=6,Non Residente,01,Domenica,2,0.2353333333333333,2025
4.5<potenza_impegnata<=6,Residente,01,Giorno feriale,3,0.21638095238095237,2025
4.5<potenza_impegnata<=6,Non Residente,01,Giorno feriale,12,0.38466666666666666,2025
4.5<potenza_impegnata<=6,Residente,01,Sabato,6,0.23975,2025
4.5<potenza_impegnata<=6,Residente,01,Sabato,7,0.28425,2025
4.5<potenza_impegnata<=6,Residente,01,Sabato,8,0.344,2025
4.5<potenza_impegnata<=6,Residente,01,Giorno feriale,22,0.4847619047619047,2025
4.5<potenza_impegnata<=6,Residente,01,Domenica,9,0.3765,2025
4.5<potenza_impegnata<=6,Residente,01,Giorno feriale,20,0.6170952380952381,2025
4.5<potenza_impegnata<=6,Tutti,01,Domenica,11,0.439,2025
4.5<potenza_impegnata<=6,Non Residente,01,Sabato,14,0.38675,2025
4.5<potenza_impegnata<=6,Tutti,01,Domenica,12,0.4831666666666667,2025
4.5<potenza_impegnata<=6,Non Residente,01,Domenica,20,0.46449999999999997,2025
4.5<potenza_impegnata<=6,Residente,01,Domenica,16,0.441,2025
4.5<potenza_impegnata<=6,Residente,01,Giorno feriale,18,0.5133333333333333,2025
4.5<potenza_impegnata<=6,Non Residente,01,Giorno feriale,10,0.38333333333333336,2025
4.5<potenza_impegnata<=6,Tutti,01,Sabato,3,0.21925,2025
4.5<potenza_impegnata<=6,Residente,01,Domenica,13,0.5,2025
4.5<potenza_impegnata<=6,Non Residente,01,Giorno feriale,21,0.4723333333333334,2025
4.5<potenza_impegnata<=6,Non Residente,01,Domenica,4,0.21166666666666667,2025
4.5<potenza_impegnata<=6,Residente,01,Domenica,14,0.4651666666666667,2025
4.5<potenza_impegnata<=6,Tutti,01,Domenica,20,0.5670000000000001,2025
4.5<potenza_impegnata<=6,Tutti,01,Domenica,15,0.4255,2025
4.5<potenza_impegnata<=6,Residente,01,Domenica,15,0.443,2025
4.5<potenza_impegnata<=6,Residente,01,Domenica,11,0.4583333333333333,2025
4.5<potenza_impegnata<=6,Tutti,01,Domenica,22,0.44566666666666666,2025
4.5<potenza_impegnata<=6,Residente,01,Giorno feriale,12,0.4213809523809524,2025
4.5<potenza_impegnata<=6,Tutti,01,Sabato,16,0.4095,2025
4.5<potenza_impegnata<=6,Non Residente,01,Giorno feriale,23,0.3613809523809524,2025
4.5<potenza_impegnata<=6,Tutti,01,Sabato,15,0.41575,2025
4.5<potenza_impegnata<=6,Residente,01,Giorno feriale,11,0.4028571428571429,2025
4.5<potenza_impegnata<=6,Tutti,01,Sabato,14,0.438,2025
4.5<potenza_impegnata<=6,Non Residente,01,Giorno feriale,0,0.30523809523809525,2025
4.5<potenza_impegnata<=6,Non Residente,01,Giorno feriale,2,0.23009523809523807,2025
4.5<potenza_impegnata<=6,Tutti,01,Sabato,10,0.41025,2025
4.5<potenza_impegnata<=6,Residente,01,Giorno feriale,0,0.3149047619047619,2025
4.5<potenza_impegnata<=6,Non Residente,01,Domenica,18,0.4043333333333334,2025
4.5<potenza_impegnata<=6,Non Residente,01,Giorno feriale,3,0.21619047619047618,2025
4.5<potenza_impegnata<=6,Residente,01,Domenica,7,0.2588333333333333,2025
4.5<potenza_impegnata<=6,Tutti,01,Giorno feriale,5,0.2233333333333333,2025
4.5<potenza_impegnata<=6,Residente,01,Domenica,6,0.23399999999999999,2025
4.5<potenza_impegnata<=6,Tutti,01,Giorno feriale,2,0.22866666666666668,2025
4.5<potenza_impegnata<=6,Non Residente,01,Giorno feriale,4,0.21080952380952378,2025
4.5<potenza_impegnata<=6,Non Residente,01,Giorno feriale,5,0.21623809523809526,2025
4.5<potenza_impegnata<=6,Residente,01,Domenica,2,0.24316666666666667,2025
4.5<potenza_impegnata<=6,Tutti,01,Giorno feriale,18,0.4937142857142857,2025
4.5<potenza_impegnata<=6,Tutti,01,Giorno feriale,17,0.42447619047619045,2025
4.5<potenza_impegnata<=6,Tutti,01,Giorno feriale,20,0.5939047619047618,2025
4.5<potenza_impegnata<=6,Non Residente,01,Giorno feriale,6,0.24690476190476193,2025
4.5<potenza_impegnata<=6,Tutti,01,Giorno feriale,21,0.5461904761904761,2025
4.5<potenza_impegnata<=6,Tutti,01,Giorno feriale,15,0.38623809523809527,2025
4.5<potenza_impegnata<=6,Tutti,01,Giorno feriale,22,0.4712857142857143,2025
4.5<potenza_impegnata<=6,Residente,01,Domenica,22,0.4615,2025
4.5<potenza_impegnata<=6,Non Residente,01,Domenica,1,0.2608333333333333,2025
4.5<potenza_impegnata<=6,Non Residente,01,Giorno feriale,7,0.32590476190476186,2025
4.5<potenza_impegnata<=6,Tutti,01,Giorno feriale,3,0.21628571428571428,2025
4.5<potenza_impegnata<=6,Residente,01,Domenica,21,0.5363333333333333,2025
4.5<potenza_impegnata<=6,Tutti,01,Giorno feriale,12,0.41371428571428576,2025
4.5<potenza_impegnata<=6,Tutti,01,Giorno feriale,11,0.3974285714285714,2025
4.5<potenza_impegnata<=6,Non Residente,01,Giorno feriale,8,0.37542857142857144,2025
4.5<potenza_impegnata<=6,Residente,01,Domenica,1,0.27416666666666667,2025
4.5<potenza_impegnata<=6,Non Residente,01,Sabato,0,0.29525,2025
4.5<potenza_impegnata<=6,Tutti,01,Domenica,7,0.25316666666666665,2025
4.5<potenza_impegnata<=6,Tutti,01,Domenica,6,0.2305,2025
4.5<potenza_impegnata<=6,Non Residente,01,Sabato,9,0.34075,2025
4.5<potenza_impegnata<=6,Tutti,01,Domenica,4,0.21566666666666667,2025
4.5<potenza_impegnata<=6,Residente,01,Domenica,10,0.4295,2025
4.5<potenza_impegnata<=6,Non Residente,01,Domenica,19,0.45333333333333337,2025
4.5<potenza_impegnata<=6,Tutti,01,Domenica,2,0.24150000000000002,2025
4.5<potenza_impegnata<=6,Tutti,01,Domenica,23,0.37200000000000005,2025
4.5<potenza_impegnata<=6,Non Residente,01,Sabato,10,0.36675,2025
4.5<potenza_impegnata<=6,Non Residente,01,Sabato,11,0.37425,2025
4.5<potenza_impegnata<=6,Tutti,01,Domenica,17,0.45316666666666666,2025
4.5<potenza_impegnata<=6,Tutti,01,Sabato,20,0.5295,2025
4.5<potenza_impegnata<=6,Tutti,01,Domenica,1,0.2713333333333333,2025
4.5<potenza_impegnata<=6,Non Residente,01,Sabato,12,0.396,2025
4.5<potenza_impegnata<=6,Tutti,01,Sabato,2,0.23325,2025
4.5<potenza_impegnata<=6,Tutti,01,Sabato,5,0.21775,2025
4.5<potenza_impegnata<=6,Non Residente,01,Sabato,13,0.40775,2025
4.5<potenza_impegnata<=6,Tutti,01,Sabato,7,0.27675,2025
4.5<potenza_impegnata<=6,Residente,02,Domenica,17,0.436,2025
4.5<potenza_impegnata<=6,Residente,02,Domenica,15,0.4115,2025
4.5<potenza_impegnata<=6,Residente,02,Domenica,13,0.47975,2025
4.5<potenza_impegnata<=6,Residente,02,Domenica,11,0.453,2025
4.5<potenza_impegnata<=6,Residente,02,Domenica,9,0.38375,2025
4.5<potenza_impegnata<=6,Non Residente,02,Sabato,8,0.30025,2025
4.5<potenza_impegnata<=6,Non Residente,02,Sabato,6,0.222,2025
4.5<potenza_impegnata<=6,Non Residente,02,Domenica,18,0.408,2025
4.5<potenza_impegnata<=6,Non Residente,02,Sabato,5,0.2115,2025
4.5<potenza_impegnata<=6,Non Residente,02,Sabato,4,0.2105,2025
4.5<potenza_impegnata<=6,Non Residente,02,Sabato,2,0.2355,2025
4.5<potenza_impegnata<=6,Non Residente,02,Sabato,22,0.36825,2025
4.5<potenza_impegnata<=6,Non Residente,02,Domenica,23,0.34825,2025
4.5<potenza_impegnata<=6,Non Residente,02,Sabato,20,0.4515,2025
4.5<potenza_impegnata<=6,Non Residente,02,Sabato,1,0.26275,2025
4.5<potenza_impegnata<=6,Non Residente,02,Sabato,17,0.3725,2025
4.5<potenza_impegnata<=6,Non Residente,02,Sabato,15,0.37875,2025
4.5<potenza_impegnata<=6,Non Residente,02,Sabato,13,0.42425,2025
4.5<potenza_impegnata<=6,Non Residente,02,Giorno feriale,0,0.29979999999999996,2025
4.5<potenza_impegnata<=6,Non Residente,02,Sabato,11,0.38825,2025
4.5<potenza_impegnata<=6,Non Residente,02,Sabato,9,0.35275,2025
4.5<potenza_impegnata<=6,Non Residente,02,Sabato,0,0.30075,2025
4.5<potenza_impegnata<=6,Non Residente,02,Giorno feriale,8,0.37145000000000006,2025
4.5<potenza_impegnata<=6,Non Residente,02,Giorno feriale,6,0.2404,2025
4.5<potenza_impegnata<=6,Non Residente,02,Giorno feriale,5,0.2082,2025
4.5<potenza_impegnata<=6,Non Residente,02,Giorno feriale,4,0.2022,2025
4.5<potenza_impegnata<=6,Non Residente,02,Giorno feriale,2,0.22104999999999997,2025
4.5<potenza_impegnata<=6,Non Residente,02,Giorno feriale,22,0.41315,2025
4.5<potenza_impegnata<=6,Non Residente,02,Giorno feriale,20,0.50155,2025
4.5<potenza_impegnata<=6,Non Residente,02,Giorno feriale,19,0.47800000000000004,2025
4.5<potenza_impegnata<=6,Non Residente,02,Giorno feriale,1,0.25005,2025
4.5<potenza_impegnata<=6,Non Residente,02,Giorno feriale,21,0.46690000000000004,2025
4.5<potenza_impegnata<=6,Non Residente,02,Giorno feriale,18,0.40214999999999995,2025
4.5<potenza_impegnata<=6,Non Residente,02,Giorno feriale,23,0.35419999999999996,2025
4.5<potenza_impegnata<=6,Non Residente,02,Giorno feriale,17,0.3492,2025
4.5<potenza_impegnata<=6,Non Residente,02,Giorno feriale,3,0.20749999999999996,2025
4.5<potenza_impegnata<=6,Non Residente,02,Giorno feriale,15,0.34440000000000004,2025
4.5<potenza_impegnata<=6,Non Residente,02,Giorno feriale,14,0.36435,2025
4.5<potenza_impegnata<=6,Non Residente,02,Giorno feriale,16,0.33330000000000004,2025
4.5<potenza_impegnata<=6,Non Residente,02,Giorno feriale,13,0.37825,2025
4.5<potenza_impegnata<=6,Non Residente,02,Giorno feriale,12,0.37110000000000004,2025
4.5<potenza_impegnata<=6,Non Residente,02,Giorno feriale,11,0.36505,2025
4.5<potenza_impegnata<=6,Non Residente,02,Giorno feriale,10,0.37305,2025
4.5<potenza_impegnata<=6,Non Residente,02,Sabato,10,0.378,2025
4.5<potenza_impegnata<=6,Non Residente,02,Giorno feriale,9,0.3809,2025
4.5<potenza_impegnata<=6,Non Residente,02,Sabato,12,0.41325,2025
4.5<potenza_impegnata<=6,Non Residente,02,Domenica,8,0.276,2025
4.5<potenza_impegnata<=6,Non Residente,02,Giorno feriale,7,0.3234,2025
4.5<potenza_impegnata<=6,Non Residente,02,Domenica,7,0.23525,2025
4.5<potenza_impegnata<=6,Non Residente,02,Sabato,14,0.40025,2025
4.5<potenza_impegnata<=6,Non Residente,02,Domenica,6,0.2175,2025
4.5<potenza_impegnata<=6,Non Residente,02,Sabato,16,0.36425,2025
4.5<potenza_impegnata<=6,Non Residente,02,Domenica,5,0.209,2025
4.5<potenza_impegnata<=6,Non Residente,02,Domenica,4,0.20975,2025
4.5<potenza_impegnata<=6,Non Residente,02,Sabato,18,0.407,2025
4.5<potenza_impegnata<=6,Non Residente,02,Domenica,3,0.2195,2025
4.5<potenza_impegnata<=6,Non Residente,02,Domenica,2,0.23625,2025
4.5<potenza_impegnata<=6,Non Residente,02,Sabato,19,0.45,2025
4.5<potenza_impegnata<=6,Non Residente,02,Sabato,21,0.40975,2025
4.5<potenza_impegnata<=6,Non Residente,02,Domenica,22,0.40425,2025
4.5<potenza_impegnata<=6,Non Residente,02,Domenica,21,0.456,2025
4.5<potenza_impegnata<=6,Non Residente,02,Sabato,23,0.32975,2025
4.5<potenza_impegnata<=6,Non Residente,02,Domenica,20,0.48775,2025
4.5<potenza_impegnata<=6,Non Residente,02,Sabato,3,0.2185,2025
4.5<potenza_impegnata<=6,Non Residente,02,Domenica,19,0.47075,2025
4.5<potenza_impegnata<=6,Non Residente,02,Domenica,1,0.2645,2025
4.5<potenza_impegnata<=6,Non Residente,02,Domenica,17,0.36025,2025
4.5<potenza_impegnata<=6,Non Residente,02,Domenica,16,0.34425,2025
4.5<potenza_impegnata<=6,Residente,02,Domenica,0,0.3195,2025
4.5<potenza_impegnata<=6,Non Residente,02,Domenica,15,0.352,2025
4.5<potenza_impegnata<=6,Non Residente,02,Sabato,7,0.2525,2025
4.5<potenza_impegnata<=6,Non Residente,02,Domenica,14,0.374,2025
4.5<potenza_impegnata<=6,Residente,02,Domenica,10,0.427,2025
4.5<potenza_impegnata<=6,Non Residente,02,Domenica,13,0.406,2025
4.5<potenza_impegnata<=6,Non Residente,02,Domenica,12,0.40475,2025
4.5<potenza_impegnata<=6,Residente,02,Domenica,12,0.5015,2025
4.5<potenza_impegnata<=6,Non Residente,02,Domenica,11,0.37625,2025
4.5<potenza_impegnata<=6,Residente,02,Domenica,14,0.43925,2025
4.5<potenza_impegnata<=6,Non Residente,02,Domenica,10,0.35525,2025
4.5<potenza_impegnata<=6,Non Residente,02,Domenica,9,0.32325,2025
4.5<potenza_impegnata<=6,Residente,02,Domenica,16,0.4035,2025
4.5<potenza_impegnata<=6,Non Residente,02,Domenica,0,0.299,2025
4.5<potenza_impegnata<=6,Tutti,02,Sabato,8,0.338,2025
4.5<potenza_impegnata<=6,Tutti,02,Sabato,7,0.279,2025
4.5<potenza_impegnata<=6,Tutti,02,Sabato,6,0.2345,2025
4.5<potenza_impegnata<=6,Tutti,02,Sabato,5,0.21475,2025
4.5<potenza_impegnata<=6,Tutti,02,Sabato,4,0.20975,2025
4.5<potenza_impegnata<=6,Tutti,02,Sabato,3,0.21625,2025
4.5<potenza_impegnata<=6,Tutti,02,Sabato,2,0.2325,2025
4.5<potenza_impegnata<=6,Tutti,02,Sabato,23,0.3605,2025
4.5<potenza_impegnata<=6,Tutti,02,Sabato,22,0.41375,2025
4.5<potenza_impegnata<=6,Tutti,02,Sabato,21,0.472,2025
4.5<potenza_impegnata<=6,Tutti,02,Sabato,20,0.532,2025
4.5<potenza_impegnata<=6,Tutti,02,Sabato,19,0.5495,2025
4.5<potenza_impegnata<=6,Tutti,02,Sabato,1,0.26225,2025
4.5<potenza_impegnata<=6,Tutti,02,Sabato,18,0.47925,2025
4.5<potenza_impegnata<=6,Tutti,02,Sabato,17,0.424,2025
4.5<potenza_impegnata<=6,Tutti,02,Sabato,16,0.40775,2025
4.5<potenza_impegnata<=6,Tutti,02,Sabato,15,0.42275,2025
4.5<potenza_impegnata<=6,Tutti,02,Sabato,14,0.45075,2025
4.5<potenza_impegnata<=6,Tutti,02,Sabato,13,0.4795,2025
4.5<potenza_impegnata<=6,Tutti,02,Sabato,12,0.4735,2025
4.5<potenza_impegnata<=6,Tutti,02,Sabato,11,0.43025,2025
4.5<potenza_impegnata<=6,Tutti,02,Sabato,10,0.41925,2025
4.5<potenza_impegnata<=6,Tutti,02,Sabato,9,0.39425,2025
4.5<potenza_impegnata<=6,Tutti,02,Sabato,0,0.3125,2025
4.5<potenza_impegnata<=6,Tutti,02,Giorno feriale,8,0.40054999999999996,2025
4.5<potenza_impegnata<=6,Tutti,02,Giorno feriale,7,0.3704,2025
4.5<potenza_impegnata<=6,Tutti,02,Giorno feriale,6,0.2657,2025
4.5<potenza_impegnata<=6,Tutti,02,Giorno feriale,5,0.2145,2025
4.5<potenza_impegnata<=6,Tutti,02,Giorno feriale,4,0.2032,2025
4.5<potenza_impegnata<=6,Tutti,02,Giorno feriale,3,0.20694999999999997,2025
4.5<potenza_impegnata<=6,Tutti,02,Giorno feriale,2,0.21935000000000002,2025
4.5<potenza_impegnata<=6,Tutti,02,Giorno feriale,23,0.37825,2025
4.5<potenza_impegnata<=6,Tutti,02,Giorno feriale,22,0.45925000000000005,2025
4.5<potenza_impegnata<=6,Tutti,02,Giorno feriale,21,0.5339,2025
4.5<potenza_impegnata<=6,Tutti,02,Giorno feriale,20,0.5822,2025
4.5<potenza_impegnata<=6,Tutti,02,Giorno feriale,19,0.5794499999999999,2025
4.5<potenza_impegnata<=6,Tutti,02,Giorno feriale,1,0.24794999999999998,2025
4.5<potenza_impegnata<=6,Tutti,02,Giorno feriale,18,0.46630000000000005,2025
4.5<potenza_impegnata<=6,Tutti,02,Giorno feriale,17,0.38265,2025
4.5<potenza_impegnata<=6,Tutti,02,Giorno feriale,16,0.35265,2025
4.5<potenza_impegnata<=6,Tutti,02,Giorno feriale,15,0.36255000000000004,2025
4.5<potenza_impegnata<=6,Tutti,02,Giorno feriale,14,0.3839,2025
4.5<potenza_impegnata<=6,Tutti,02,Giorno feriale,13,0.39699999999999996,2025
4.5<potenza_impegnata<=6,Tutti,02,Giorno feriale,12,0.39049999999999996,2025
4.5<potenza_impegnata<=6,Tutti,02,Giorno feriale,11,0.3782,2025
4.5<potenza_impegnata<=6,Tutti,02,Giorno feriale,10,0.38689999999999997,2025
4.5<potenza_impegnata<=6,Tutti,02,Giorno feriale,9,0.40099999999999997,2025
4.5<potenza_impegnata<=6,Tutti,02,Giorno feriale,0,0.30525,2025
4.5<potenza_impegnata<=6,Tutti,02,Domenica,8,0.30875,2025
4.5<potenza_impegnata<=6,Tutti,02,Domenica,7,0.2545,2025
4.5<potenza_impegnata<=6,Tutti,02,Domenica,6,0.22675,2025
4.5<potenza_impegnata<=6,Tutti,02,Domenica,5,0.21225,2025
4.5<potenza_impegnata<=6,Tutti,02,Domenica,4,0.20925,2025
4.5<potenza_impegnata<=6,Tutti,02,Domenica,3,0.2175,2025
4.5<potenza_impegnata<=6,Tutti,02,Domenica,2,0.23625,2025
4.5<potenza_impegnata<=6,Tutti,02,Domenica,23,0.3735,2025
4.5<potenza_impegnata<=6,Tutti,02,Domenica,22,0.45375,2025
4.5<potenza_impegnata<=6,Tutti,02,Domenica,21,0.5315,2025
4.5<potenza_impegnata<=6,Tutti,02,Domenica,20,0.585,2025
4.5<potenza_impegnata<=6,Tutti,02,Domenica,19,0.58675,2025
4.5<potenza_impegnata<=6,Tutti,02,Domenica,1,0.268,2025
4.5<potenza_impegnata<=6,Tutti,02,Domenica,18,0.49325,2025
4.5<potenza_impegnata<=6,Tutti,02,Domenica,17,0.42025,2025
4.5<potenza_impegnata<=6,Tutti,02,Domenica,16,0.39125,2025
4.5<potenza_impegnata<=6,Tutti,02,Domenica,15,0.399,2025
4.5<potenza_impegnata<=6,Tutti,02,Domenica,14,0.4255,2025
4.5<potenza_impegnata<=6,Tutti,02,Domenica,13,0.46425,2025
4.5<potenza_impegnata<=6,Tutti,02,Domenica,12,0.48125,2025
4.5<potenza_impegnata<=6,Tutti,02,Domenica,11,0.43675,2025
4.5<potenza_impegnata<=6,Tutti,02,Domenica,10,0.412,2025
4.5<potenza_impegnata<=6,Tutti,02,Domenica,9,0.371,2025
4.5<potenza_impegnata<=6,Tutti,02,Domenica,0,0.31525,2025
4.5<potenza_impegnata<=6,Residente,02,Sabato,8,0.348,2025
4.5<potenza_impegnata<=6,Residente,02,Sabato,7,0.286,2025
4.5<potenza_impegnata<=6,Residente,02,Sabato,6,0.23775,2025
4.5<potenza_impegnata<=6,Residente,02,Sabato,5,0.2155,2025
4.5<potenza_impegnata<=6,Residente,02,Sabato,4,0.20975,2025
4.5<potenza_impegnata<=6,Residente,02,Sabato,3,0.21575,2025
4.5<potenza_impegnata<=6,Residente,02,Sabato,2,0.23175,2025
4.5<potenza_impegnata<=6,Residente,02,Sabato,23,0.36875,2025
4.5<potenza_impegnata<=6,Residente,02,Sabato,22,0.4255,2025
4.5<potenza_impegnata<=6,Residente,02,Sabato,21,0.4885,2025
4.5<potenza_impegnata<=6,Residente,02,Sabato,20,0.55325,2025
4.5<potenza_impegnata<=6,Residente,02,Sabato,19,0.5755,2025
4.5<potenza_impegnata<=6,Residente,02,Sabato,1,0.262,2025
4.5<potenza_impegnata<=6,Residente,02,Sabato,18,0.49825,2025
4.5<potenza_impegnata<=6,Residente,02,Sabato,17,0.4375,2025
4.5<potenza_impegnata<=6,Residente,02,Sabato,16,0.41925,2025
4.5<potenza_impegnata<=6,Residente,02,Sabato,15,0.4345,2025
4.5<potenza_impegnata<=6,Residente,02,Sabato,14,0.464,2025
4.5<potenza_impegnata<=6,Residente,02,Sabato,13,0.49425,2025
4.5<potenza_impegnata<=6,Residente,02,Sabato,12,0.4895,2025
4.5<potenza_impegnata<=6,Residente,02,Sabato,11,0.44125,2025
4.5<potenza_impegnata<=6,Residente,02,Sabato,10,0.43025,2025
4.5<potenza_impegnata<=6,Residente,02,Sabato,9,0.40525,2025
4.5<potenza_impegnata<=6,Residente,02,Sabato,0,0.31575,2025
4.5<potenza_impegnata<=6,Residente,02,Giorno feriale,8,0.40835,2025
4.5<potenza_impegnata<=6,Residente,02,Giorno feriale,7,0.38285,2025
4.5<potenza_impegnata<=6,Residente,02,Giorno feriale,6,0.27244999999999997,2025
4.5<potenza_impegnata<=6,Residente,02,Giorno feriale,5,0.21625,2025
4.5<potenza_impegnata<=6,Residente,02,Giorno feriale,4,0.20354999999999998,2025
4.5<potenza_impegnata<=6,Residente,02,Giorno feriale,3,0.2068,2025
4.5<potenza_impegnata<=6,Residente,02,Giorno feriale,2,0.219,2025
4.5<potenza_impegnata<=6,Residente,02,Giorno feriale,23,0.38465,2025
4.5<potenza_impegnata<=6,Residente,02,Giorno feriale,22,0.47135,2025
4.5<potenza_impegnata<=6,Residente,02,Giorno feriale,21,0.55165,2025
4.5<potenza_impegnata<=6,Residente,02,Giorno feriale,20,0.60355,2025
4.5<potenza_impegnata<=6,Residente,02,Giorno feriale,19,0.6061500000000001,2025
4.5<potenza_impegnata<=6,Residente,02,Giorno feriale,1,0.24745,2025
4.5<potenza_impegnata<=6,Residente,02,Giorno feriale,17,0.3915,2025
4.5<potenza_impegnata<=6,Residente,02,Giorno feriale,16,0.3578,2025
4.5<potenza_impegnata<=6,Residente,02,Giorno feriale,15,0.36745,2025
4.5<potenza_impegnata<=6,Residente,02,Giorno feriale,14,0.38915,2025
4.5<potenza_impegnata<=6,Residente,02,Giorno feriale,13,0.40205,2025
4.5<potenza_impegnata<=6,Residente,02,Giorno feriale,12,0.39574999999999994,2025
4.5<potenza_impegnata<=6,Residente,02,Giorno feriale,11,0.38175,2025
4.5<potenza_impegnata<=6,Residente,02,Giorno feriale,9,0.4064,2025
4.5<potenza_impegnata<=6,Residente,02,Domenica,3,0.217,2025
4.5<potenza_impegnata<=6,Residente,02,Domenica,8,0.31725,2025
4.5<potenza_impegnata<=6,Residente,02,Domenica,6,0.22925,2025
4.5<potenza_impegnata<=6,Residente,02,Domenica,7,0.2595,2025
4.5<potenza_impegnata<=6,Residente,02,Domenica,5,0.213,2025
4.5<potenza_impegnata<=6,Residente,02,Domenica,4,0.209,2025
4.5<potenza_impegnata<=6,Residente,02,Giorno feriale,0,0.30674999999999997,2025
4.5<potenza_impegnata<=6,Residente,02,Giorno feriale,10,0.39065000000000005,2025
4.5<potenza_impegnata<=6,Residente,02,Domenica,2,0.23625,2025
4.5<potenza_impegnata<=6,Residente,02,Domenica,23,0.38025,2025
4.5<potenza_impegnata<=6,Residente,02,Domenica,22,0.46675,2025
4.5<potenza_impegnata<=6,Residente,02,Domenica,21,0.5515,2025
4.5<potenza_impegnata<=6,Residente,02,Domenica,20,0.61075,2025
4.5<potenza_impegnata<=6,Residente,02,Domenica,19,0.61725,2025
4.5<potenza_impegnata<=6,Residente,02,Domenica,1,0.269,2025
4.5<potenza_impegnata<=6,Residente,02,Giorno feriale,18,0.48325000000000007,2025
4.5<potenza_impegnata<=6,Residente,02,Domenica,18,0.5155,2025
4.5<potenza_impegnata<=6,Tutti,03,Giorno feriale,4,0.18076190476190476,2025
4.5<potenza_impegnata<=6,Non Residente,03,Domenica,9,0.277,2025
4.5<potenza_impegnata<=6,Residente,03,Sabato,21,0.43360000000000004,2025
4.5<potenza_impegnata<=6,Tutti,03,Giorno feriale,9,0.3480952380952381,2025
4.5<potenza_impegnata<=6,Tutti,03,Domenica,16,0.3316,2025
4.5<potenza_impegnata<=6,Tutti,03,Sabato,0,0.2692,2025
4.5<potenza_impegnata<=6,Non Residente,03,Domenica,22,0.3598,2025
4.5<potenza_impegnata<=6,Tutti,03,Sabato,8,0.3016,2025
4.5<potenza_impegnata<=6,Residente,03,Giorno feriale,16,0.30138095238095236,2025
4.5<potenza_impegnata<=6,Residente,03,Giorno feriale,13,0.3504761904761905,2025
4.5<potenza_impegnata<=6,Tutti,03,Sabato,13,0.4044,2025
4.5<potenza_impegnata<=6,Tutti,03,Giorno feriale,14,0.33114285714285707,2025
4.5<potenza_impegnata<=6,Residente,03,Domenica,19,0.5456000000000001,2025
4.5<potenza_impegnata<=6,Tutti,03,Sabato,12,0.4058,2025
4.5<potenza_impegnata<=6,Tutti,03,Domenica,3,0.19219999999999998,2025
4.5<potenza_impegnata<=6,Non Residente,03,Giorno feriale,11,0.3074285714285714,2025
4.5<potenza_impegnata<=6,Non Residente,03,Giorno feriale,16,0.27723809523809523,2025
4.5<potenza_impegnata<=6,Non Residente,03,Sabato,21,0.3556,2025
4.5<potenza_impegnata<=6,Non Residente,03,Sabato,6,0.18660000000000002,2025
4.5<potenza_impegnata<=6,Residente,03,Giorno feriale,2,0.19652380952380955,2025
4.5<potenza_impegnata<=6,Tutti,03,Domenica,10,0.3574,2025
4.5<potenza_impegnata<=6,Tutti,03,Sabato,19,0.4788,2025
4.5<potenza_impegnata<=6,Tutti,03,Sabato,1,0.22480000000000003,2025
4.5<potenza_impegnata<=6,Residente,03,Domenica,5,0.1898,2025
4.5<potenza_impegnata<=6,Tutti,03,Giorno feriale,23,0.3358571428571429,2025
4.5<potenza_impegnata<=6,Non Residente,03,Domenica,7,0.1988,2025
4.5<potenza_impegnata<=6,Tutti,03,Giorno feriale,0,0.27195238095238095,2025
4.5<potenza_impegnata<=6,Non Residente,03,Domenica,17,0.29660000000000003,2025
4.5<potenza_impegnata<=6,Non Residente,03,Domenica,10,0.3054,2025
4.5<potenza_impegnata<=6,Non Residente,03,Giorno feriale,19,0.41833333333333333,2025
4.5<potenza_impegnata<=6,Non Residente,03,Sabato,18,0.3344,2025
4.5<potenza_impegnata<=6,Non Residente,03,Domenica,0,0.254,2025
4.5<potenza_impegnata<=6,Residente,03,Sabato,20,0.4888,2025
4.5<potenza_impegnata<=6,Non Residente,03,Sabato,7,0.21760000000000002,2025
4.5<potenza_impegnata<=6,Residente,03,Giorno feriale,4,0.1829047619047619,2025
4.5<potenza_impegnata<=6,Non Residente,03,Giorno feriale,1,0.2138095238095238,2025
4.5<potenza_impegnata<=6,Non Residente,03,Domenica,11,0.3196,2025
4.5<potenza_impegnata<=6,Residente,03,Giorno feriale,1,0.22147619047619047,2025
4.5<potenza_impegnata<=6,Tutti,03,Sabato,23,0.3156,2025
4.5<potenza_impegnata<=6,Tutti,03,Sabato,22,0.3652,2025
4.5<potenza_impegnata<=6,Residente,03,Giorno feriale,15,0.3157619047619048,2025
4.5<potenza_impegnata<=6,Non Residente,03,Giorno feriale,9,0.3258095238095238,2025
4.5<potenza_impegnata<=6,Tutti,03,Sabato,11,0.372,2025
4.5<potenza_impegnata<=6,Tutti,03,Sabato,9,0.3496,2025
4.5<potenza_impegnata<=6,Residente,03,Domenica,3,0.1938,2025
4.5<potenza_impegnata<=6,Tutti,03,Giorno feriale,13,0.34471428571428575,2025
4.5<potenza_impegnata<=6,Residente,03,Domenica,18,0.42619999999999997,2025
4.5<potenza_impegnata<=6,Non Residente,03,Giorno feriale,20,0.44414285714285706,2025
4.5<potenza_impegnata<=6,Residente,03,Domenica,12,0.434,2025
4.5<potenza_impegnata<=6,Non Residente,03,Giorno feriale,22,0.3650952380952381,2025
4.5<potenza_impegnata<=6,Tutti,03,Domenica,0,0.2738,2025
4.5<potenza_impegnata<=6,Non Residente,03,Sabato,16,0.2952,2025
4.5<potenza_impegnata<=6,Residente,03,Giorno feriale,5,0.19352380952380951,2025
4.5<potenza_impegnata<=6,Non Residente,03,Sabato,1,0.2164,2025
4.5<potenza_impegnata<=6,Residente,03,Sabato,9,0.361,2025
4.5<potenza_impegnata<=6,Residente,03,Sabato,12,0.4208,2025
4.5<potenza_impegnata<=6,Residente,03,Sabato,13,0.41740000000000005,2025
4.5<potenza_impegnata<=6,Non Residente,03,Sabato,22,0.3182,2025
4.5<potenza_impegnata<=6,Non Residente,03,Sabato,2,0.19419999999999998,2025
4.5<potenza_impegnata<=6,Non Residente,03,Domenica,15,0.29900000000000004,2025
4.5<potenza_impegnata<=6,Non Residente,03,Sabato,4,0.1748,2025
4.5<potenza_impegnata<=6,Residente,03,Sabato,22,0.3776,2025
4.5<potenza_impegnata<=6,Residente,03,Sabato,19,0.5038,2025
4.5<potenza_impegnata<=6,Non Residente,03,Domenica,23,0.3096,2025
4.5<potenza_impegnata<=6,Non Residente,03,Giorno feriale,13,0.3231428571428571,2025
4.5<potenza_impegnata<=6,Non Residente,03,Sabato,8,0.2602,2025
4.5<potenza_impegnata<=6,Tutti,03,Sabato,6,0.2042,2025
4.5<potenza_impegnata<=6,Residente,03,Giorno feriale,17,0.3180952380952381,2025
4.5<potenza_impegnata<=6,Residente,03,Giorno feriale,14,0.3375238095238095,2025
4.5<potenza_impegnata<=6,Tutti,03,Domenica,18,0.40759999999999996,2025
4.5<potenza_impegnata<=6,Tutti,03,Sabato,18,0.3952,2025
4.5<potenza_impegnata<=6,Tutti,03,Sabato,17,0.3406,2025
4.5<potenza_impegnata<=6,Tutti,03,Giorno feriale,8,0.34947619047619044,2025
4.5<potenza_impegnata<=6,Residente,03,Domenica,8,0.2804,2025
4.5<potenza_impegnata<=6,Tutti,03,Giorno feriale,7,0.3229047619047619,2025
4.5<potenza_impegnata<=6,Tutti,03,Giorno feriale,6,0.2341904761904762,2025
4.5<potenza_impegnata<=6,Non Residente,03,Domenica,8,0.23479999999999998,2025
4.5<potenza_impegnata<=6,Non Residente,03,Domenica,13,0.3498,2025
4.5<potenza_impegnata<=6,Tutti,03,Giorno feriale,19,0.5118095238095238,2025
4.5<potenza_impegnata<=6,Tutti,03,Giorno feriale,1,0.2198095238095238,2025
4.5<potenza_impegnata<=6,Residente,03,Domenica,23,0.34900000000000003,2025
4.5<potenza_impegnata<=6,Tutti,03,Giorno feriale,16,0.2962380952380953,2025
4.5<potenza_impegnata<=6,Residente,03,Domenica,4,0.18660000000000002,2025
4.5<potenza_impegnata<=6,Non Residente,03,Domenica,6,0.18280000000000002,2025
4.5<potenza_impegnata<=6,Residente,03,Domenica,20,0.5578000000000001,2025
4.5<potenza_impegnata<=6,Tutti,03,Giorno feriale,10,0.3345714285714286,2025
4.5<potenza_impegnata<=6,Tutti,03,Domenica,8,0.27080000000000004,2025
4.5<potenza_impegnata<=6,Residente,03,Giorno feriale,9,0.3541428571428571,2025
4.5<potenza_impegnata<=6,Tutti,03,Domenica,5,0.187,2025
4.5<potenza_impegnata<=6,Residente,03,Giorno feriale,10,0.3395714285714286,2025
4.5<potenza_impegnata<=6,Non Residente,03,Domenica,5,0.1764,2025
4.5<potenza_impegnata<=6,Residente,03,Domenica,17,0.3574,2025
4.5<potenza_impegnata<=6,Tutti,03,Domenica,13,0.4034,2025
4.5<potenza_impegnata<=6,Tutti,03,Domenica,14,0.36819999999999997,2025
4.5<potenza_impegnata<=6,Tutti,03,Domenica,21,0.48440000000000005,2025
4.5<potenza_impegnata<=6,Non Residente,03,Domenica,14,0.3184,2025
4.5<potenza_impegnata<=6,Tutti,03,Sabato,21,0.41719999999999996,2025
4.5<potenza_impegnata<=6,Tutti,03,Domenica,19,0.5166000000000001,2025
4.5<potenza_impegnata<=6,Tutti,03,Sabato,4,0.1824,2025
4.5<potenza_impegnata<=6,Residente,03,Giorno feriale,19,0.5365238095238095,2025
4.5<potenza_impegnata<=6,Non Residente,03,Domenica,3,0.186,2025
4.5<potenza_impegnata<=6,Residente,03,Giorno feriale,21,0.49723809523809526,2025
4.5<potenza_impegnata<=6,Tutti,03,Domenica,9,0.3256,2025
4.5<potenza_impegnata<=6,Non Residente,03,Sabato,15,0.3096,2025
4.5<potenza_impegnata<=6,Non Residente,03,Domenica,12,0.346,2025
4.5<potenza_impegnata<=6,Residente,03,Domenica,0,0.279,2025
4.5<potenza_impegnata<=6,Residente,03,Giorno feriale,23,0.3431904761904762,2025
4.5<potenza_impegnata<=6,Non Residente,03,Sabato,17,0.3004,2025
4.5<potenza_impegnata<=6,Residente,03,Sabato,3,0.18919999999999998,2025
4.5<potenza_impegnata<=6,Non Residente,03,Giorno feriale,18,0.33452380952380956,2025
4.5<potenza_impegnata<=6,Non Residente,03,Sabato,5,0.1756,2025
4.5<potenza_impegnata<=6,Residente,03,Giorno feriale,7,0.3341904761904762,2025
4.5<potenza_impegnata<=6,Residente,03,Giorno feriale,8,0.3572380952380952,2025
4.5<potenza_impegnata<=6,Non Residente,03,Sabato,3,0.1806,2025
4.5<potenza_impegnata<=6,Residente,03,Sabato,16,0.3392,2025
4.5<potenza_impegnata<=6,Residente,03,Sabato,18,0.4112,2025
4.5<potenza_impegnata<=6,Residente,03,Sabato,15,0.3578,2025
4.5<potenza_impegnata<=6,Residente,03,Sabato,14,0.3892,2025
4.5<potenza_impegnata<=6,Non Residente,03,Giorno feriale,15,0.2889047619047619,2025
4.5<potenza_impegnata<=6,Residente,03,Sabato,10,0.3772,2025
4.5<potenza_impegnata<=6,Non Residente,03,Sabato,23,0.2824,2025
4.5<potenza_impegnata<=6,Residente,03,Sabato,17,0.351,2025
4.5<potenza_impegnata<=6,Residente,03,Sabato,11,0.383,2025
4.5<potenza_impegnata<=6,Non Residente,03,Sabato,20,0.3896,2025
4.5<potenza_impegnata<=6,Non Residente,03,Sabato,19,0.384,2025
4.5<potenza_impegnata<=6,Residente,03,Sabato,1,0.22719999999999999,2025
4.5<potenza_impegnata<=6,Non Residente,03,Giorno feriale,14,0.3078095238095238,2025
4.5<potenza_impegnata<=6,Residente,03,Sabato,0,0.2742,2025
4.5<potenza_impegnata<=6,Non Residente,03,Giorno feriale,17,0.28604761904761905,2025
4.5<potenza_impegnata<=6,Non Residente,03,Domenica,16,0.28900000000000003,2025
4.5<potenza_impegnata<=6,Residente,03,Sabato,23,0.3244,2025
4.5<potenza_impegnata<=6,Residente,03,Sabato,5,0.1896,2025
4.5<potenza_impegnata<=6,Residente,03,Giorno feriale,6,0.2417142857142857,2025
4.5<potenza_impegnata<=6,Residente,03,Sabato,2,0.2022,2025
4.5<potenza_impegnata<=6,Non Residente,03,Domenica,21,0.4056,2025
4.5<potenza_impegnata<=6,Residente,03,Sabato,4,0.18460000000000001,2025
4.5<potenza_impegnata<=6,Non Residente,03,Domenica,2,0.16040000000000001,2025
4.5<potenza_impegnata<=6,Residente,03,Giorno feriale,3,0.1856666666666667,2025
4.5<potenza_impegnata<=6,Non Residente,03,Giorno feriale,12,0.31447619047619046,2025
4.5<potenza_impegnata<=6,Residente,03,Sabato,6,0.2088,2025
4.5<potenza_impegnata<=6,Residente,03,Sabato,7,0.25539999999999996,2025
4.5<potenza_impegnata<=6,Residente,03,Sabato,8,0.3126,2025
4.5<potenza_impegnata<=6,Residente,03,Giorno feriale,22,0.42504761904761906,2025
4.5<potenza_impegnata<=6,Residente,03,Domenica,9,0.3386,2025
4.5<potenza_impegnata<=6,Residente,03,Giorno feriale,20,0.5432857142857143,2025
4.5<potenza_impegnata<=6,Tutti,03,Domenica,11,0.3756,2025
4.5<potenza_impegnata<=6,Non Residente,03,Sabato,14,0.3316,2025
4.5<potenza_impegnata<=6,Tutti,03,Domenica,12,0.41559999999999997,2025
4.5<potenza_impegnata<=6,Non Residente,03,Domenica,20,0.4344,2025
4.5<potenza_impegnata<=6,Residente,03,Domenica,16,0.343,2025
4.5<potenza_impegnata<=6,Residente,03,Giorno feriale,18,0.3975238095238095,2025
4.5<potenza_impegnata<=6,Non Residente,03,Giorno feriale,10,0.31609523809523804,2025
4.5<potenza_impegnata<=6,Tutti,03,Sabato,3,0.1874,2025
4.5<potenza_impegnata<=6,Residente,03,Domenica,13,0.4176,2025
4.5<potenza_impegnata<=6,Non Residente,03,Giorno feriale,21,0.41404761904761905,2025
4.5<potenza_impegnata<=6,Non Residente,03,Domenica,4,0.1776,2025
4.5<potenza_impegnata<=6,Residente,03,Domenica,14,0.3814,2025
4.5<potenza_impegnata<=6,Tutti,03,Domenica,20,0.532,2025
4.5<potenza_impegnata<=6,Tutti,03,Domenica,15,0.344,2025
4.5<potenza_impegnata<=6,Residente,03,Domenica,15,0.3558,2025
4.5<potenza_impegnata<=6,Residente,03,Domenica,11,0.39039999999999997,2025
4.5<potenza_impegnata<=6,Tutti,03,Domenica,22,0.41600000000000004,2025
4.5<potenza_impegnata<=6,Residente,03,Giorno feriale,12,0.3448571428571429,2025
4.5<potenza_impegnata<=6,Tutti,03,Sabato,16,0.32999999999999996,2025
4.5<potenza_impegnata<=6,Non Residente,03,Giorno feriale,23,0.30819047619047624,2025
4.5<potenza_impegnata<=6,Tutti,03,Sabato,15,0.3478,2025
4.5<potenza_impegnata<=6,Residente,03,Giorno feriale,11,0.3299047619047619,2025
4.5<potenza_impegnata<=6,Tutti,03,Sabato,14,0.377,2025
4.5<potenza_impegnata<=6,Non Residente,03,Giorno feriale,0,0.25957142857142856,2025
4.5<potenza_impegnata<=6,Non Residente,03,Giorno feriale,2,0.18890476190476194,2025
4.5<potenza_impegnata<=6,Tutti,03,Sabato,10,0.3658,2025
4.5<potenza_impegnata<=6,Residente,03,Giorno feriale,0,0.2752380952380953,2025
4.5<potenza_impegnata<=6,Non Residente,03,Domenica,18,0.3372,2025
4.5<potenza_impegnata<=6,Non Residente,03,Giorno feriale,3,0.17657142857142855,2025
4.5<potenza_impegnata<=6,Residente,03,Domenica,7,0.2294,2025
4.5<potenza_impegnata<=6,Tutti,03,Giorno feriale,5,0.1901904761904762,2025
4.5<potenza_impegnata<=6,Residente,03,Domenica,6,0.2028,2025
4.5<potenza_impegnata<=6,Tutti,03,Giorno feriale,2,0.19490476190476191,2025
4.5<potenza_impegnata<=6,Non Residente,03,Giorno feriale,4,0.17285714285714282,2025
4.5<potenza_impegnata<=6,Non Residente,03,Giorno feriale,5,0.17723809523809522,2025
4.5<potenza_impegnata<=6,Residente,03,Domenica,2,0.1676,2025
4.5<potenza_impegnata<=6,Tutti,03,Giorno feriale,18,0.3842857142857143,2025
4.5<potenza_impegnata<=6,Tutti,03,Giorno feriale,17,0.31138095238095237,2025
4.5<potenza_impegnata<=6,Tutti,03,Giorno feriale,20,0.5225238095238096,2025
4.5<potenza_impegnata<=6,Non Residente,03,Giorno feriale,6,0.20604761904761904,2025
4.5<potenza_impegnata<=6,Tutti,03,Giorno feriale,21,0.47985714285714287,2025
4.5<potenza_impegnata<=6,Tutti,03,Giorno feriale,15,0.31004761904761907,2025
4.5<potenza_impegnata<=6,Tutti,03,Giorno feriale,22,0.41247619047619044,2025
4.5<potenza_impegnata<=6,Residente,03,Domenica,22,0.43099999999999994,2025
4.5<potenza_impegnata<=6,Non Residente,03,Domenica,1,0.2206,2025
4.5<potenza_impegnata<=6,Non Residente,03,Giorno feriale,7,0.27999999999999997,2025
4.5<potenza_impegnata<=6,Tutti,03,Giorno feriale,3,0.18376190476190477,2025
4.5<potenza_impegnata<=6,Residente,03,Domenica,21,0.5052,2025
4.5<potenza_impegnata<=6,Tutti,03,Giorno feriale,12,0.3384285714285714,2025
4.5<potenza_impegnata<=6,Tutti,03,Giorno feriale,11,0.3250476190476191,2025
4.5<potenza_impegnata<=6,Non Residente,03,Giorno feriale,8,0.3209047619047619,2025
4.5<potenza_impegnata<=6,Residente,03,Domenica,1,0.2338,2025
4.5<potenza_impegnata<=6,Non Residente,03,Sabato,0,0.2504,2025
4.5<potenza_impegnata<=6,Tutti,03,Domenica,7,0.223,2025
4.5<potenza_impegnata<=6,Tutti,03,Domenica,6,0.1986,2025
4.5<potenza_impegnata<=6,Non Residente,03,Sabato,9,0.3068,2025
4.5<potenza_impegnata<=6,Tutti,03,Domenica,4,0.18460000000000001,2025
4.5<potenza_impegnata<=6,Residente,03,Domenica,10,0.371,2025
4.5<potenza_impegnata<=6,Non Residente,03,Domenica,19,0.40659999999999996,2025
4.5<potenza_impegnata<=6,Tutti,03,Domenica,2,0.1662,2025
4.5<potenza_impegnata<=6,Tutti,03,Domenica,23,0.3408,2025
4.5<potenza_impegnata<=6,Non Residente,03,Sabato,10,0.323,2025
4.5<potenza_impegnata<=6,Non Residente,03,Sabato,11,0.3302,2025
4.5<potenza_impegnata<=6,Tutti,03,Domenica,17,0.3446,2025
4.5<potenza_impegnata<=6,Tutti,03,Sabato,20,0.46799999999999997,2025
4.5<potenza_impegnata<=6,Tutti,03,Domenica,1,0.231,2025
4.5<potenza_impegnata<=6,Non Residente,03,Sabato,12,0.3496,2025
4.5<potenza_impegnata<=6,Tutti,03,Sabato,2,0.2004,2025
4.5<potenza_impegnata<=6,Tutti,03,Sabato,5,0.18660000000000002,2025
4.5<potenza_impegnata<=6,Non Residente,03,Sabato,13,0.3556,2025
4.5<potenza_impegnata<=6,Tutti,03,Sabato,7,0.2476,2025
4.5<potenza_impegnata<=6,Residente,04,Domenica,17,0.2735,2025
4.5<potenza_impegnata<=6,Residente,04,Domenica,15,0.28683333333333333,2025
4.5<potenza_impegnata<=6,Residente,04,Domenica,13,0.3416666666666666,2025
4.5<potenza_impegnata<=6,Residente,04,Domenica,11,0.33,2025
4.5<potenza_impegnata<=6,Residente,04,Domenica,9,0.2843333333333333,2025
4.5<potenza_impegnata<=6,Non Residente,04,Sabato,8,0.2225,2025
4.5<potenza_impegnata<=6,Non Residente,04,Sabato,6,0.15525,2025
4.5<potenza_impegnata<=6,Non Residente,04,Domenica,18,0.24650000000000002,2025
4.5<potenza_impegnata<=6,Non Residente,04,Sabato,5,0.14675,2025
4.5<potenza_impegnata<=6,Non Residente,04,Sabato,4,0.1465,2025
4.5<potenza_impegnata<=6,Non Residente,04,Sabato,2,0.16625,2025
4.5<potenza_impegnata<=6,Non Residente,04,Sabato,22,0.273,2025
4.5<potenza_impegnata<=6,Non Residente,04,Domenica,23,0.25166666666666665,2025
4.5<potenza_impegnata<=6,Non Residente,04,Sabato,20,0.31225,2025
4.5<potenza_impegnata<=6,Non Residente,04,Sabato,1,0.1885,2025
4.5<potenza_impegnata<=6,Non Residente,04,Sabato,17,0.23,2025
4.5<potenza_impegnata<=6,Non Residente,04,Sabato,15,0.24675,2025
4.5<potenza_impegnata<=6,Non Residente,04,Sabato,13,0.28175,2025
4.5<potenza_impegnata<=6,Non Residente,04,Giorno feriale,0,0.23570000000000002,2025
4.5<potenza_impegnata<=6,Non Residente,04,Sabato,11,0.26925,2025
4.5<potenza_impegnata<=6,Non Residente,04,Sabato,9,0.2585,2025
4.5<potenza_impegnata<=6,Non Residente,04,Sabato,0,0.22175,2025
4.5<potenza_impegnata<=6,Non Residente,04,Giorno feriale,8,0.2875,2025
4.5<potenza_impegnata<=6,Non Residente,04,Giorno feriale,6,0.17325,2025
4.5<potenza_impegnata<=6,Non Residente,04,Giorno feriale,5,0.1519,2025
4.5<potenza_impegnata<=6,Non Residente,04,Giorno feriale,4,0.1493,2025
4.5<potenza_impegnata<=6,Non Residente,04,Giorno feriale,2,0.16705,2025
4.5<potenza_impegnata<=6,Non Residente,04,Giorno feriale,22,0.3255,2025
4.5<potenza_impegnata<=6,Non Residente,04,Giorno feriale,20,0.37595,2025
4.5<potenza_impegnata<=6,Non Residente,04,Giorno feriale,19,0.3337,2025
4.5<potenza_impegnata<=6,Non Residente,04,Giorno feriale,1,0.19295,2025
4.5<potenza_impegnata<=6,Non Residente,04,Giorno feriale,21,0.36319999999999997,2025
4.5<potenza_impegnata<=6,Non Residente,04,Giorno feriale,18,0.2731,2025
4.5<potenza_impegnata<=6,Non Residente,04,Giorno feriale,23,0.2784,2025
4.5<potenza_impegnata<=6,Non Residente,04,Giorno feriale,17,0.24935000000000002,2025
4.5<potenza_impegnata<=6,Non Residente,04,Giorno feriale,3,0.1544,2025
4.5<potenza_impegnata<=6,Non Residente,04,Giorno feriale,15,0.26215,2025
4.5<potenza_impegnata<=6,Non Residente,04,Giorno feriale,14,0.27925,2025
4.5<potenza_impegnata<=6,Non Residente,04,Giorno feriale,16,0.24889999999999998,2025
4.5<potenza_impegnata<=6,Non Residente,04,Giorno feriale,13,0.29235,2025
4.5<potenza_impegnata<=6,Non Residente,04,Giorno feriale,12,0.28795,2025
4.5<potenza_impegnata<=6,Non Residente,04,Giorno feriale,11,0.28274999999999995,2025
4.5<potenza_impegnata<=6,Non Residente,04,Giorno feriale,10,0.29075,2025
4.5<potenza_impegnata<=6,Non Residente,04,Sabato,10,0.27025,2025
4.5<potenza_impegnata<=6,Non Residente,04,Giorno feriale,9,0.2987,2025
4.5<potenza_impegnata<=6,Non Residente,04,Sabato,12,0.28075,2025
4.5<potenza_impegnata<=6,Non Residente,04,Domenica,8,0.19933333333333333,2025
4.5<potenza_impegnata<=6,Non Residente,04,Giorno feriale,7,0.2398,2025
4.5<potenza_impegnata<=6,Non Residente,04,Domenica,7,0.16716666666666666,2025
4.5<potenza_impegnata<=6,Non Residente,04,Sabato,14,0.26175,2025
4.5<potenza_impegnata<=6,Non Residente,04,Domenica,6,0.15116666666666667,2025
4.5<potenza_impegnata<=6,Non Residente,04,Sabato,16,0.23325,2025
4.5<potenza_impegnata<=6,Non Residente,04,Domenica,5,0.14583333333333334,2025
4.5<potenza_impegnata<=6,Non Residente,04,Domenica,4,0.1455,2025
4.5<potenza_impegnata<=6,Non Residente,04,Sabato,18,0.24525,2025
4.5<potenza_impegnata<=6,Non Residente,04,Domenica,3,0.15066666666666667,2025
4.5<potenza_impegnata<=6,Non Residente,04,Domenica,2,0.163,2025
4.5<potenza_impegnata<=6,Non Residente,04,Sabato,19,0.2835,2025
4.5<potenza_impegnata<=6,Non Residente,04,Sabato,21,0.2985,2025
4.5<potenza_impegnata<=6,Non Residente,04,Domenica,22,0.285,2025
4.5<potenza_impegnata<=6,Non Residente,04,Domenica,21,0.31416666666666665,2025
4.5<potenza_impegnata<=6,Non Residente,04,Sabato,23,0.244,2025
4.5<potenza_impegnata<=6,Non Residente,04,Domenica,20,0.32283333333333336,2025
4.5<potenza_impegnata<=6,Non Residente,04,Sabato,3,0.15325,2025
4.5<potenza_impegnata<=6,Non Residente,04,Domenica,19,0.29033333333333333,2025
4.5<potenza_impegnata<=6,Non Residente,04,Domenica,1,0.18366666666666667,2025
4.5<potenza_impegnata<=6,Non Residente,04,Domenica,17,0.228,2025
4.5<potenza_impegnata<=6,Non Residente,04,Domenica,16,0.227,2025
4.5<potenza_impegnata<=6,Residente,04,Domenica,0,0.24033333333333332,2025
4.5<potenza_impegnata<=6,Non Residente,04,Domenica,15,0.23416666666666666,2025
4.5<potenza_impegnata<=6,Non Residente,04,Sabato,7,0.18375,2025
4.5<potenza_impegnata<=6,Non Residente,04,Domenica,14,0.24933333333333332,2025
4.5<potenza_impegnata<=6,Residente,04,Domenica,10,0.31266666666666665,2025
4.5<potenza_impegnata<=6,Non Residente,04,Domenica,13,0.27516666666666667,2025
4.5<potenza_impegnata<=6,Non Residente,04,Domenica,12,0.2803333333333333,2025
4.5<potenza_impegnata<=6,Residente,04,Domenica,12,0.36333333333333334,2025
4.5<potenza_impegnata<=6,Non Residente,04,Domenica,11,0.2648333333333333,2025
4.5<potenza_impegnata<=6,Residente,04,Domenica,14,0.30883333333333335,2025
4.5<potenza_impegnata<=6,Non Residente,04,Domenica,10,0.25633333333333336,2025
4.5<potenza_impegnata<=6,Non Residente,04,Domenica,9,0.23583333333333334,2025
4.5<potenza_impegnata<=6,Residente,04,Domenica,16,0.2723333333333333,2025
4.5<potenza_impegnata<=6,Non Residente,04,Domenica,0,0.2145,2025
4.5<potenza_impegnata<=6,Tutti,04,Sabato,8,0.24875,2025
4.5<potenza_impegnata<=6,Tutti,04,Sabato,7,0.204,2025
4.5<potenza_impegnata<=6,Tutti,04,Sabato,6,0.16925,2025
4.5<potenza_impegnata<=6,Tutti,04,Sabato,5,0.15925,2025
4.5<potenza_impegnata<=6,Tutti,04,Sabato,4,0.15725,2025
4.5<potenza_impegnata<=6,Tutti,04,Sabato,3,0.16325,2025
4.5<potenza_impegnata<=6,Tutti,04,Sabato,2,0.1755,2025
4.5<potenza_impegnata<=6,Tutti,04,Sabato,23,0.27725,2025
4.5<potenza_impegnata<=6,Tutti,04,Sabato,22,0.319,2025
4.5<potenza_impegnata<=6,Tutti,04,Sabato,21,0.35925,2025
4.5<potenza_impegnata<=6,Tutti,04,Sabato,20,0.38525,2025
4.5<potenza_impegnata<=6,Tutti,04,Sabato,19,0.3525,2025
4.5<potenza_impegnata<=6,Tutti,04,Sabato,1,0.198,2025
4.5<potenza_impegnata<=6,Tutti,04,Sabato,18,0.286,2025
4.5<potenza_impegnata<=6,Tutti,04,Sabato,17,0.26075,2025
4.5<potenza_impegnata<=6,Tutti,04,Sabato,16,0.265,2025
4.5<potenza_impegnata<=6,Tutti,04,Sabato,15,0.28325,2025
4.5<potenza_impegnata<=6,Tutti,04,Sabato,14,0.306,2025
4.5<potenza_impegnata<=6,Tutti,04,Sabato,13,0.3275,2025
4.5<potenza_impegnata<=6,Tutti,04,Sabato,12,0.32425,2025
4.5<potenza_impegnata<=6,Tutti,04,Sabato,11,0.2985,2025
4.5<potenza_impegnata<=6,Tutti,04,Sabato,10,0.2995,2025
4.5<potenza_impegnata<=6,Tutti,04,Sabato,9,0.28825,2025
4.5<potenza_impegnata<=6,Tutti,04,Sabato,0,0.23825,2025
4.5<potenza_impegnata<=6,Tutti,04,Giorno feriale,8,0.31470000000000004,2025
4.5<potenza_impegnata<=6,Tutti,04,Giorno feriale,7,0.2778,2025
4.5<potenza_impegnata<=6,Tutti,04,Giorno feriale,6,0.1981,2025
4.5<potenza_impegnata<=6,Tutti,04,Giorno feriale,5,0.1665,2025
4.5<potenza_impegnata<=6,Tutti,04,Giorno feriale,4,0.16109999999999997,2025
4.5<potenza_impegnata<=6,Tutti,04,Giorno feriale,3,0.16535,2025
4.5<potenza_impegnata<=6,Tutti,04,Giorno feriale,2,0.17650000000000002,2025
4.5<potenza_impegnata<=6,Tutti,04,Giorno feriale,23,0.31029999999999996,2025
4.5<potenza_impegnata<=6,Tutti,04,Giorno feriale,22,0.37735,2025
4.5<potenza_impegnata<=6,Tutti,04,Giorno feriale,21,0.4327,2025
4.5<potenza_impegnata<=6,Tutti,04,Giorno feriale,20,0.45575,2025
4.5<potenza_impegnata<=6,Tutti,04,Giorno feriale,19,0.41145,2025
4.5<potenza_impegnata<=6,Tutti,04,Giorno feriale,1,0.20125,2025
4.5<potenza_impegnata<=6,Tutti,04,Giorno feriale,18,0.3115,2025
4.5<potenza_impegnata<=6,Tutti,04,Giorno feriale,17,0.2735,2025
4.5<potenza_impegnata<=6,Tutti,04,Giorno feriale,16,0.2713,2025
4.5<potenza_impegnata<=6,Tutti,04,Giorno feriale,15,0.28855000000000003,2025
4.5<potenza_impegnata<=6,Tutti,04,Giorno feriale,14,0.3096,2025
4.5<potenza_impegnata<=6,Tutti,04,Giorno feriale,13,0.3229,2025
4.5<potenza_impegnata<=6,Tutti,04,Giorno feriale,12,0.31755,2025
4.5<potenza_impegnata<=6,Tutti,04,Giorno feriale,11,0.30505,2025
4.5<potenza_impegnata<=6,Tutti,04,Giorno feriale,10,0.3129,2025
4.5<potenza_impegnata<=6,Tutti,04,Giorno feriale,9,0.32284999999999997,2025
4.5<potenza_impegnata<=6,Tutti,04,Giorno feriale,0,0.25065,2025
4.5<potenza_impegnata<=6,Tutti,04,Domenica,8,0.22683333333333333,2025
4.5<potenza_impegnata<=6,Tutti,04,Domenica,7,0.1865,2025
4.5<potenza_impegnata<=6,Tutti,04,Domenica,6,0.16566666666666666,2025
4.5<potenza_impegnata<=6,Tutti,04,Domenica,5,0.15866666666666665,2025
4.5<potenza_impegnata<=6,Tutti,04,Domenica,4,0.1575,2025
4.5<potenza_impegnata<=6,Tutti,04,Domenica,3,0.16316666666666665,2025
4.5<potenza_impegnata<=6,Tutti,04,Domenica,2,0.17516666666666666,2025
4.5<potenza_impegnata<=6,Tutti,04,Domenica,23,0.2828333333333333,2025
4.5<potenza_impegnata<=6,Tutti,04,Domenica,22,0.33666666666666667,2025
4.5<potenza_impegnata<=6,Tutti,04,Domenica,21,0.3838333333333333,2025
4.5<potenza_impegnata<=6,Tutti,04,Domenica,20,0.4041666666666666,2025
4.5<potenza_impegnata<=6,Tutti,04,Domenica,19,0.3666666666666667,2025
4.5<potenza_impegnata<=6,Tutti,04,Domenica,1,0.19716666666666668,2025
4.5<potenza_impegnata<=6,Tutti,04,Domenica,18,0.29583333333333334,2025
4.5<potenza_impegnata<=6,Tutti,04,Domenica,17,0.2638333333333333,2025
4.5<potenza_impegnata<=6,Tutti,04,Domenica,16,0.2628333333333333,2025
4.5<potenza_impegnata<=6,Tutti,04,Domenica,15,0.27566666666666667,2025
4.5<potenza_impegnata<=6,Tutti,04,Domenica,14,0.29633333333333334,2025
4.5<potenza_impegnata<=6,Tutti,04,Domenica,13,0.32766666666666666,2025
4.5<potenza_impegnata<=6,Tutti,04,Domenica,12,0.34600000000000003,2025
4.5<potenza_impegnata<=6,Tutti,04,Domenica,11,0.31616666666666665,2025
4.5<potenza_impegnata<=6,Tutti,04,Domenica,10,0.30083333333333334,2025
4.5<potenza_impegnata<=6,Tutti,04,Domenica,9,0.27399999999999997,2025
4.5<potenza_impegnata<=6,Tutti,04,Domenica,0,0.23483333333333334,2025
4.5<potenza_impegnata<=6,Residente,04,Sabato,8,0.25575,2025
4.5<potenza_impegnata<=6,Residente,04,Sabato,7,0.2095,2025
4.5<potenza_impegnata<=6,Residente,04,Sabato,6,0.17325,2025
4.5<potenza_impegnata<=6,Residente,04,Sabato,5,0.1625,2025
4.5<potenza_impegnata<=6,Residente,04,Sabato,4,0.16025,2025
4.5<potenza_impegnata<=6,Residente,04,Sabato,3,0.166,2025
4.5<potenza_impegnata<=6,Residente,04,Sabato,2,0.178,2025
4.5<potenza_impegnata<=6,Residente,04,Sabato,23,0.286,2025
4.5<potenza_impegnata<=6,Residente,04,Sabato,22,0.33125,2025
4.5<potenza_impegnata<=6,Residente,04,Sabato,21,0.37525,2025
4.5<potenza_impegnata<=6,Residente,04,Sabato,20,0.4045,2025
4.5<potenza_impegnata<=6,Residente,04,Sabato,19,0.37075,2025
4.5<potenza_impegnata<=6,Residente,04,Sabato,1,0.2005,2025
4.5<potenza_impegnata<=6,Residente,04,Sabato,18,0.29675,2025
4.5<potenza_impegnata<=6,Residente,04,Sabato,17,0.269,2025
4.5<potenza_impegnata<=6,Residente,04,Sabato,16,0.2735,2025
4.5<potenza_impegnata<=6,Residente,04,Sabato,15,0.293,2025
4.5<potenza_impegnata<=6,Residente,04,Sabato,14,0.318,2025
4.5<potenza_impegnata<=6,Residente,04,Sabato,13,0.33975,2025
4.5<potenza_impegnata<=6,Residente,04,Sabato,12,0.33575,2025
4.5<potenza_impegnata<=6,Residente,04,Sabato,11,0.3065,2025
4.5<potenza_impegnata<=6,Residente,04,Sabato,10,0.3075,2025
4.5<potenza_impegnata<=6,Residente,04,Sabato,9,0.29625,2025
4.5<potenza_impegnata<=6,Residente,04,Sabato,0,0.2425,2025
4.5<potenza_impegnata<=6,Residente,04,Giorno feriale,8,0.32205,2025
4.5<potenza_impegnata<=6,Residente,04,Giorno feriale,7,0.288,2025
4.5<potenza_impegnata<=6,Residente,04,Giorno feriale,6,0.2048,2025
4.5<potenza_impegnata<=6,Residente,04,Giorno feriale,5,0.1704,2025
4.5<potenza_impegnata<=6,Residente,04,Giorno feriale,4,0.16419999999999998,2025
4.5<potenza_impegnata<=6,Residente,04,Giorno feriale,3,0.16835,2025
4.5<potenza_impegnata<=6,Residente,04,Giorno feriale,2,0.17905,2025
4.5<potenza_impegnata<=6,Residente,04,Giorno feriale,23,0.31880000000000003,2025
4.5<potenza_impegnata<=6,Residente,04,Giorno feriale,22,0.3913,2025
4.5<potenza_impegnata<=6,Residente,04,Giorno feriale,21,0.4513,2025
4.5<potenza_impegnata<=6,Residente,04,Giorno feriale,20,0.477,2025
4.5<potenza_impegnata<=6,Residente,04,Giorno feriale,19,0.43224999999999997,2025
4.5<potenza_impegnata<=6,Residente,04,Giorno feriale,1,0.20354999999999998,2025
4.5<potenza_impegnata<=6,Residente,04,Giorno feriale,17,0.28005,2025
4.5<potenza_impegnata<=6,Residente,04,Giorno feriale,16,0.2773,2025
4.5<potenza_impegnata<=6,Residente,04,Giorno feriale,15,0.29555,2025
4.5<potenza_impegnata<=6,Residente,04,Giorno feriale,14,0.31779999999999997,2025
4.5<potenza_impegnata<=6,Residente,04,Giorno feriale,13,0.3312,2025
4.5<potenza_impegnata<=6,Residente,04,Giorno feriale,12,0.32555,2025
4.5<potenza_impegnata<=6,Residente,04,Giorno feriale,11,0.3111,2025
4.5<potenza_impegnata<=6,Residente,04,Giorno feriale,9,0.32945,2025
4.5<potenza_impegnata<=6,Residente,04,Domenica,3,0.1665,2025
4.5<potenza_impegnata<=6,Residente,04,Domenica,8,0.2343333333333333,2025
4.5<potenza_impegnata<=6,Residente,04,Domenica,6,0.16966666666666666,2025
4.5<potenza_impegnata<=6,Residente,04,Domenica,7,0.19166666666666665,2025
4.5<potenza_impegnata<=6,Residente,04,Domenica,5,0.16216666666666665,2025
4.5<potenza_impegnata<=6,Residente,04,Domenica,4,0.16066666666666665,2025
4.5<potenza_impegnata<=6,Residente,04,Giorno feriale,0,0.25470000000000004,2025
4.5<potenza_impegnata<=6,Residente,04,Giorno feriale,10,0.319,2025
4.5<potenza_impegnata<=6,Residente,04,Domenica,2,0.17833333333333334,2025
4.5<potenza_impegnata<=6,Residente,04,Domenica,23,0.2911666666666667,2025
4.5<potenza_impegnata<=6,Residente,04,Domenica,22,0.35050000000000003,2025
4.5<potenza_impegnata<=6,Residente,04,Domenica,21,0.4025,2025
4.5<potenza_impegnata<=6,Residente,04,Domenica,20,0.42566666666666664,2025
4.5<potenza_impegnata<=6,Residente,04,Domenica,19,0.387,2025
4.5<potenza_impegnata<=6,Residente,04,Domenica,1,0.20083333333333334,2025
4.5<potenza_impegnata<=6,Residente,04,Giorno feriale,18,0.32175,2025
4.5<potenza_impegnata<=6,Residente,04,Domenica,18,0.30883333333333335,2025
4.5<potenza_impegnata<=6,Residente,05,Domenica,17,0.2842,2025
4.5<potenza_impegnata<=6,Residente,05,Domenica,15,0.2994,2025
4.5<potenza_impegnata<=6,Residente,05,Domenica,13,0.34940000000000004,2025
4.5<potenza_impegnata<=6,Residente,05,Domenica,11,0.3216,2025
4.5<potenza_impegnata<=6,Residente,05,Domenica,9,0.2848,2025
4.5<potenza_impegnata<=6,Non Residente,05,Sabato,8,0.22280000000000003,2025
4.5<potenza_impegnata<=6,Non Residente,05,Sabato,6,0.1558,2025
4.5<potenza_impegnata<=6,Non Residente,05,Domenica,18,0.2582,2025
4.5<potenza_impegnata<=6,Non Residente,05,Sabato,5,0.1476,2025
4.5<potenza_impegnata<=6,Non Residente,05,Sabato,4,0.1486,2025
4.5<potenza_impegnata<=6,Non Residente,05,Sabato,2,0.1708,2025
4.5<potenza_impegnata<=6,Non Residente,05,Sabato,22,0.28300000000000003,2025
4.5<potenza_impegnata<=6,Non Residente,05,Domenica,23,0.2676,2025
4.5<potenza_impegnata<=6,Non Residente,05,Sabato,20,0.3128,2025
4.5<potenza_impegnata<=6,Non Residente,05,Sabato,1,0.1946,2025
4.5<potenza_impegnata<=6,Non Residente,05,Sabato,17,0.2452,2025
4.5<potenza_impegnata<=6,Non Residente,05,Sabato,15,0.2592,2025
4.5<potenza_impegnata<=6,Non Residente,05,Sabato,13,0.2954,2025
4.5<potenza_impegnata<=6,Non Residente,05,Giorno feriale,0,0.23323809523809522,2025
4.5<potenza_impegnata<=6,Non Residente,05,Sabato,11,0.274,2025
4.5<potenza_impegnata<=6,Non Residente,05,Sabato,9,0.26,2025
4.5<potenza_impegnata<=6,Non Residente,05,Sabato,0,0.22999999999999998,2025
4.5<potenza_impegnata<=6,Non Residente,05,Giorno feriale,8,0.2767142857142857,2025
4.5<potenza_impegnata<=6,Non Residente,05,Giorno feriale,6,0.16704761904761906,2025
4.5<potenza_impegnata<=6,Non Residente,05,Giorno feriale,5,0.14595238095238097,2025
4.5<potenza_impegnata<=6,Non Residente,05,Giorno feriale,4,0.14423809523809522,2025
4.5<potenza_impegnata<=6,Non Residente,05,Giorno feriale,2,0.16238095238095238,2025
4.5<potenza_impegnata<=6,Non Residente,05,Giorno feriale,22,0.3314285714285714,2025
4.5<potenza_impegnata<=6,Non Residente,05,Giorno feriale,20,0.3728571428571429,2025
4.5<potenza_impegnata<=6,Non Residente,05,Giorno feriale,19,0.3352380952380952,2025
4.5<potenza_impegnata<=6,Non Residente,05,Giorno feriale,1,0.18838095238095237,2025
4.5<potenza_impegnata<=6,Non Residente,05,Giorno feriale,21,0.3657142857142857,2025
4.5<potenza_impegnata<=6,Non Residente,05,Giorno feriale,18,0.27795238095238095,2025
4.5<potenza_impegnata<=6,Non Residente,05,Giorno feriale,23,0.283,2025
4.5<potenza_impegnata<=6,Non Residente,05,Giorno feriale,17,0.25247619047619047,2025
4.5<potenza_impegnata<=6,Non Residente,05,Giorno feriale,3,0.14966666666666667,2025
4.5<potenza_impegnata<=6,Non Residente,05,Giorno feriale,15,0.26195238095238094,2025
4.5<potenza_impegnata<=6,Non Residente,05,Giorno feriale,14,0.2785714285714286,2025
4.5<potenza_impegnata<=6,Non Residente,05,Giorno feriale,16,0.24985714285714286,2025
4.5<potenza_impegnata<=6,Non Residente,05,Giorno feriale,13,0.2907142857142857,2025
4.5<potenza_impegnata<=6,Non Residente,05,Giorno feriale,12,0.2824285714285714,2025
4.5<potenza_impegnata<=6,Non Residente,05,Giorno feriale,11,0.27514285714285713,2025
4.5<potenza_impegnata<=6,Non Residente,05,Giorno feriale,10,0.28071428571428575,2025
4.5<potenza_impegnata<=6,Non Residente,05,Sabato,10,0.2726,2025
4.5<potenza_impegnata<=6,Non Residente,05,Giorno feriale,9,0.2881428571428571,2025
4.5<potenza_impegnata<=6,Non Residente,05,Sabato,12,0.28959999999999997,2025
4.5<potenza_impegnata<=6,Non Residente,05,Domenica,8,0.1982,2025
4.5<potenza_impegnata<=6,Non Residente,05,Giorno feriale,7,0.23147619047619047,2025
4.5<potenza_impegnata<=6,Non Residente,05,Domenica,7,0.1644,2025
4.5<potenza_impegnata<=6,Non Residente,05,Sabato,14,0.2786,2025
4.5<potenza_impegnata<=6,Non Residente,05,Domenica,6,0.14579999999999999,2025
4.5<potenza_impegnata<=6,Non Residente,05,Sabato,16,0.2488,2025
4.5<potenza_impegnata<=6,Non Residente,05,Domenica,5,0.142,2025
4.5<potenza_impegnata<=6,Non Residente,05,Domenica,4,0.1434,2025
4.5<potenza_impegnata<=6,Non Residente,05,Sabato,18,0.2564,2025
4.5<potenza_impegnata<=6,Non Residente,05,Domenica,3,0.1504,2025
4.5<potenza_impegnata<=6,Non Residente,05,Domenica,2,0.1646,2025
4.5<potenza_impegnata<=6,Non Residente,05,Sabato,19,0.2914,2025
4.5<potenza_impegnata<=6,Non Residente,05,Sabato,21,0.3068,2025
4.5<potenza_impegnata<=6,Non Residente,05,Domenica,22,0.3096,2025
4.5<potenza_impegnata<=6,Non Residente,05,Domenica,21,0.34140000000000004,2025
4.5<potenza_impegnata<=6,Non Residente,05,Sabato,23,0.25539999999999996,2025
4.5<potenza_impegnata<=6,Non Residente,05,Domenica,20,0.3408,2025
4.5<potenza_impegnata<=6,Non Residente,05,Sabato,3,0.1558,2025
4.5<potenza_impegnata<=6,Non Residente,05,Domenica,19,0.3044,2025
4.5<potenza_impegnata<=6,Non Residente,05,Domenica,1,0.1874,2025
4.5<potenza_impegnata<=6,Non Residente,05,Domenica,17,0.2404,2025
4.5<potenza_impegnata<=6,Non Residente,05,Domenica,16,0.23759999999999998,2025
4.5<potenza_impegnata<=6,Residente,05,Domenica,0,0.2488,2025
4.5<potenza_impegnata<=6,Non Residente,05,Domenica,15,0.24900000000000003,2025
4.5<potenza_impegnata<=6,Non Residente,05,Sabato,7,0.18380000000000002,2025
4.5<potenza_impegnata<=6,Non Residente,05,Domenica,14,0.26480000000000004,2025
4.5<potenza_impegnata<=6,Residente,05,Domenica,10,0.3102,2025
4.5<potenza_impegnata<=6,Non Residente,05,Domenica,13,0.2904,2025
4.5<potenza_impegnata<=6,Non Residente,05,Domenica,12,0.2866,2025
4.5<potenza_impegnata<=6,Residente,05,Domenica,12,0.35819999999999996,2025
4.5<potenza_impegnata<=6,Non Residente,05,Domenica,11,0.2678,2025
4.5<potenza_impegnata<=6,Residente,05,Domenica,14,0.32080000000000003,2025
4.5<potenza_impegnata<=6,Non Residente,05,Domenica,10,0.259,2025
4.5<potenza_impegnata<=6,Non Residente,05,Domenica,9,0.2378,2025
4.5<potenza_impegnata<=6,Residente,05,Domenica,16,0.28300000000000003,2025
4.5<potenza_impegnata<=6,Non Residente,05,Domenica,0,0.22080000000000002,2025
4.5<potenza_impegnata<=6,Tutti,05,Sabato,8,0.2496,2025
4.5<potenza_impegnata<=6,Tutti,05,Sabato,7,0.2028,2025
4.5<potenza_impegnata<=6,Tutti,05,Sabato,6,0.1694,2025
4.5<potenza_impegnata<=6,Tutti,05,Sabato,5,0.16060000000000002,2025
4.5<potenza_impegnata<=6,Tutti,05,Sabato,4,0.16040000000000001,2025
4.5<potenza_impegnata<=6,Tutti,05,Sabato,3,0.16699999999999998,2025
4.5<potenza_impegnata<=6,Tutti,05,Sabato,2,0.1802,2025
4.5<potenza_impegnata<=6,Tutti,05,Sabato,23,0.2868,2025
4.5<potenza_impegnata<=6,Tutti,05,Sabato,22,0.3258,2025
4.5<potenza_impegnata<=6,Tutti,05,Sabato,21,0.3594,2025
4.5<potenza_impegnata<=6,Tutti,05,Sabato,20,0.3702,2025
4.5<potenza_impegnata<=6,Tutti,05,Sabato,19,0.3446,2025
4.5<potenza_impegnata<=6,Tutti,05,Sabato,1,0.2048,2025
4.5<potenza_impegnata<=6,Tutti,05,Sabato,18,0.2874,2025
4.5<potenza_impegnata<=6,Tutti,05,Sabato,17,0.2682,2025
4.5<potenza_impegnata<=6,Tutti,05,Sabato,16,0.2722,2025
4.5<potenza_impegnata<=6,Tutti,05,Sabato,15,0.28959999999999997,2025
4.5<potenza_impegnata<=6,Tutti,05,Sabato,14,0.31379999999999997,2025
4.5<potenza_impegnata<=6,Tutti,05,Sabato,13,0.3342,2025
4.5<potenza_impegnata<=6,Tutti,05,Sabato,12,0.32799999999999996,2025
4.5<potenza_impegnata<=6,Tutti,05,Sabato,11,0.2998,2025
4.5<potenza_impegnata<=6,Tutti,05,Sabato,10,0.2988,2025
4.5<potenza_impegnata<=6,Tutti,05,Sabato,9,0.2892,2025
4.5<potenza_impegnata<=6,Tutti,05,Sabato,0,0.24780000000000002,2025
4.5<potenza_impegnata<=6,Tutti,05,Giorno feriale,8,0.30033333333333334,2025
4.5<potenza_impegnata<=6,Tutti,05,Giorno feriale,7,0.26490476190476187,2025
4.5<potenza_impegnata<=6,Tutti,05,Giorno feriale,6,0.18904761904761905,2025
4.5<potenza_impegnata<=6,Tutti,05,Giorno feriale,5,0.16080952380952382,2025
4.5<potenza_impegnata<=6,Tutti,05,Giorno feriale,4,0.15704761904761905,2025
4.5<potenza_impegnata<=6,Tutti,05,Giorno feriale,3,0.162,2025
4.5<potenza_impegnata<=6,Tutti,05,Giorno feriale,2,0.17338095238095236,2025
4.5<potenza_impegnata<=6,Tutti,05,Giorno feriale,23,0.31276190476190474,2025
4.5<potenza_impegnata<=6,Tutti,05,Giorno feriale,22,0.3793333333333333,2025
4.5<potenza_impegnata<=6,Tutti,05,Giorno feriale,21,0.4291904761904762,2025
4.5<potenza_impegnata<=6,Tutti,05,Giorno feriale,20,0.4408571428571429,2025
4.5<potenza_impegnata<=6,Tutti,05,Giorno feriale,19,0.4048095238095238,2025
4.5<potenza_impegnata<=6,Tutti,05,Giorno feriale,1,0.19857142857142857,2025
4.5<potenza_impegnata<=6,Tutti,05,Giorno feriale,18,0.31333333333333335,2025
4.5<potenza_impegnata<=6,Tutti,05,Giorno feriale,17,0.2753333333333333,2025
4.5<potenza_impegnata<=6,Tutti,05,Giorno feriale,16,0.27166666666666667,2025
4.5<potenza_impegnata<=6,Tutti,05,Giorno feriale,15,0.2885714285714286,2025
4.5<potenza_impegnata<=6,Tutti,05,Giorno feriale,14,0.30819047619047624,2025
4.5<potenza_impegnata<=6,Tutti,05,Giorno feriale,13,0.3185714285714286,2025
4.5<potenza_impegnata<=6,Tutti,05,Giorno feriale,12,0.3104761904761905,2025
4.5<potenza_impegnata<=6,Tutti,05,Giorno feriale,11,0.2967142857142857,2025
4.5<potenza_impegnata<=6,Tutti,05,Giorno feriale,10,0.3024285714285715,2025
4.5<potenza_impegnata<=6,Tutti,05,Giorno feriale,9,0.30947619047619046,2025
4.5<potenza_impegnata<=6,Tutti,05,Giorno feriale,0,0.249,2025
4.5<potenza_impegnata<=6,Tutti,05,Domenica,8,0.227,2025
4.5<potenza_impegnata<=6,Tutti,05,Domenica,7,0.18280000000000002,2025
4.5<potenza_impegnata<=6,Tutti,05,Domenica,6,0.16140000000000002,2025
4.5<potenza_impegnata<=6,Tutti,05,Domenica,5,0.1564,2025
4.5<potenza_impegnata<=6,Tutti,05,Domenica,4,0.1564,2025
4.5<potenza_impegnata<=6,Tutti,05,Domenica,3,0.16319999999999998,2025
4.5<potenza_impegnata<=6,Tutti,05,Domenica,2,0.177,2025
4.5<potenza_impegnata<=6,Tutti,05,Domenica,23,0.301,2025
4.5<potenza_impegnata<=6,Tutti,05,Domenica,22,0.36160000000000003,2025
4.5<potenza_impegnata<=6,Tutti,05,Domenica,21,0.4072,2025
4.5<potenza_impegnata<=6,Tutti,05,Domenica,20,0.41559999999999997,2025
4.5<potenza_impegnata<=6,Tutti,05,Domenica,19,0.3758,2025
4.5<potenza_impegnata<=6,Tutti,05,Domenica,1,0.2024,2025
4.5<potenza_impegnata<=6,Tutti,05,Domenica,18,0.302,2025
4.5<potenza_impegnata<=6,Tutti,05,Domenica,17,0.27480000000000004,2025
4.5<potenza_impegnata<=6,Tutti,05,Domenica,16,0.2732,2025
4.5<potenza_impegnata<=6,Tutti,05,Domenica,15,0.2886,2025
4.5<potenza_impegnata<=6,Tutti,05,Domenica,14,0.309,2025
4.5<potenza_impegnata<=6,Tutti,05,Domenica,13,0.337,2025
4.5<potenza_impegnata<=6,Tutti,05,Domenica,12,0.343,2025
4.5<potenza_impegnata<=6,Tutti,05,Domenica,11,0.3102,2025
4.5<potenza_impegnata<=6,Tutti,05,Domenica,10,0.2992,2025
4.5<potenza_impegnata<=6,Tutti,05,Domenica,9,0.27480000000000004,2025
4.5<potenza_impegnata<=6,Tutti,05,Domenica,0,0.2428,2025
4.5<potenza_impegnata<=6,Residente,05,Sabato,8,0.25680000000000003,2025
4.5<potenza_impegnata<=6,Residente,05,Sabato,7,0.20800000000000002,2025
4.5<potenza_impegnata<=6,Residente,05,Sabato,6,0.1732,2025
4.5<potenza_impegnata<=6,Residente,05,Sabato,5,0.16419999999999998,2025
4.5<potenza_impegnata<=6,Residente,05,Sabato,4,0.1636,2025
4.5<potenza_impegnata<=6,Residente,05,Sabato,3,0.16999999999999998,2025
4.5<potenza_impegnata<=6,Residente,05,Sabato,2,0.18280000000000002,2025
4.5<potenza_impegnata<=6,Residente,05,Sabato,23,0.2952,2025
4.5<potenza_impegnata<=6,Residente,05,Sabato,22,0.3372,2025
4.5<potenza_impegnata<=6,Residente,05,Sabato,21,0.37360000000000004,2025
4.5<potenza_impegnata<=6,Residente,05,Sabato,20,0.3856,2025
4.5<potenza_impegnata<=6,Residente,05,Sabato,19,0.359,2025
4.5<potenza_impegnata<=6,Residente,05,Sabato,1,0.2076,2025
4.5<potenza_impegnata<=6,Residente,05,Sabato,18,0.2958,2025
4.5<potenza_impegnata<=6,Residente,05,Sabato,17,0.27440000000000003,2025
4.5<potenza_impegnata<=6,Residente,05,Sabato,16,0.2786,2025
4.5<potenza_impegnata<=6,Residente,05,Sabato,15,0.2978,2025
4.5<potenza_impegnata<=6,Residente,05,Sabato,14,0.3234,2025
4.5<potenza_impegnata<=6,Residente,05,Sabato,13,0.3448,2025
4.5<potenza_impegnata<=6,Residente,05,Sabato,12,0.3386,2025
4.5<potenza_impegnata<=6,Residente,05,Sabato,11,0.3068,2025
4.5<potenza_impegnata<=6,Residente,05,Sabato,10,0.306,2025
4.5<potenza_impegnata<=6,Residente,05,Sabato,9,0.2972,2025
4.5<potenza_impegnata<=6,Residente,05,Sabato,0,0.2526,2025
4.5<potenza_impegnata<=6,Residente,05,Giorno feriale,8,0.3068571428571429,2025
4.5<potenza_impegnata<=6,Residente,05,Giorno feriale,7,0.27399999999999997,2025
4.5<potenza_impegnata<=6,Residente,05,Giorno feriale,6,0.19509523809523807,2025
4.5<potenza_impegnata<=6,Residente,05,Giorno feriale,5,0.16485714285714284,2025
4.5<potenza_impegnata<=6,Residente,05,Giorno feriale,4,0.1605714285714286,2025
4.5<potenza_impegnata<=6,Residente,05,Giorno feriale,3,0.16523809523809524,2025
4.5<potenza_impegnata<=6,Residente,05,Giorno feriale,2,0.17638095238095236,2025
4.5<potenza_impegnata<=6,Residente,05,Giorno feriale,23,0.3209047619047619,2025
4.5<potenza_impegnata<=6,Residente,05,Giorno feriale,22,0.3923809523809524,2025
4.5<potenza_impegnata<=6,Residente,05,Giorno feriale,21,0.4463809523809523,2025
4.5<potenza_impegnata<=6,Residente,05,Giorno feriale,20,0.4592380952380952,2025
4.5<potenza_impegnata<=6,Residente,05,Giorno feriale,19,0.4234761904761905,2025
4.5<potenza_impegnata<=6,Residente,05,Giorno feriale,1,0.20142857142857146,2025
4.5<potenza_impegnata<=6,Residente,05,Giorno feriale,17,0.2816190476190476,2025
4.5<potenza_impegnata<=6,Residente,05,Giorno feriale,16,0.27776190476190477,2025
4.5<potenza_impegnata<=6,Residente,05,Giorno feriale,15,0.2958571428571429,2025
4.5<potenza_impegnata<=6,Residente,05,Giorno feriale,14,0.3163333333333333,2025
4.5<potenza_impegnata<=6,Residente,05,Giorno feriale,13,0.3262380952380952,2025
4.5<potenza_impegnata<=6,Residente,05,Giorno feriale,12,0.3180952380952381,2025
4.5<potenza_impegnata<=6,Residente,05,Giorno feriale,11,0.3027142857142857,2025
4.5<potenza_impegnata<=6,Residente,05,Giorno feriale,9,0.31533333333333335,2025
4.5<potenza_impegnata<=6,Residente,05,Domenica,3,0.1666,2025
4.5<potenza_impegnata<=6,Residente,05,Domenica,8,0.23479999999999998,2025
4.5<potenza_impegnata<=6,Residente,05,Domenica,6,0.1656,2025
4.5<potenza_impegnata<=6,Residente,05,Domenica,7,0.188,2025
4.5<potenza_impegnata<=6,Residente,05,Domenica,5,0.16040000000000001,2025
4.5<potenza_impegnata<=6,Residente,05,Domenica,4,0.16,2025
4.5<potenza_impegnata<=6,Residente,05,Giorno feriale,0,0.25333333333333324,2025
4.5<potenza_impegnata<=6,Residente,05,Giorno feriale,10,0.30842857142857144,2025
4.5<potenza_impegnata<=6,Residente,05,Domenica,2,0.1804,2025
4.5<potenza_impegnata<=6,Residente,05,Domenica,23,0.3102,2025
4.5<potenza_impegnata<=6,Residente,05,Domenica,22,0.3756,2025
4.5<potenza_impegnata<=6,Residente,05,Domenica,21,0.425,2025
4.5<potenza_impegnata<=6,Residente,05,Domenica,20,0.43579999999999997,2025
4.5<potenza_impegnata<=6,Residente,05,Domenica,19,0.395,2025
4.5<potenza_impegnata<=6,Residente,05,Domenica,1,0.2064,2025
4.5<potenza_impegnata<=6,Residente,05,Giorno feriale,18,0.3229047619047619,2025
4.5<potenza_impegnata<=6,Residente,05,Domenica,18,0.31379999999999997,2025
4.5<potenza_impegnata<=6,Tutti,06,Domenica,4,0.25066666666666665,2025
4.5<potenza_impegnata<=6,Tutti,06,Domenica,3,0.2635,2025
4.5<potenza_impegnata<=6,Tutti,06,Domenica,2,0.2833333333333333,2025
4.5<potenza_impegnata<=6,Tutti,06,Domenica,23,0.4896666666666667,2025
4.5<potenza_impegnata<=6,Tutti,06,Domenica,22,0.5533333333333333,2025
4.5<potenza_impegnata<=6,Tutti,06,Domenica,21,0.5763333333333334,2025
4.5<potenza_impegnata<=6,Tutti,06,Domenica,20,0.5748333333333333,2025
4.5<potenza_impegnata<=6,Tutti,06,Domenica,19,0.5551666666666667,2025
4.5<potenza_impegnata<=6,Tutti,06,Domenica,1,0.31483333333333335,2025
4.5<potenza_impegnata<=6,Tutti,06,Domenica,18,0.49833333333333335,2025
4.5<potenza_impegnata<=6,Tutti,06,Domenica,17,0.4718333333333333,2025
4.5<potenza_impegnata<=6,Tutti,06,Domenica,16,0.4583333333333333,2025
4.5<potenza_impegnata<=6,Tutti,06,Domenica,15,0.4523333333333333,2025
4.5<potenza_impegnata<=6,Tutti,06,Domenica,14,0.4503333333333333,2025
4.5<potenza_impegnata<=6,Tutti,06,Domenica,13,0.45166666666666666,2025
4.5<potenza_impegnata<=6,Tutti,06,Domenica,12,0.43166666666666664,2025
4.5<potenza_impegnata<=6,Tutti,06,Domenica,11,0.38466666666666666,2025
4.5<potenza_impegnata<=6,Tutti,06,Domenica,10,0.3578333333333333,2025
4.5<potenza_impegnata<=6,Tutti,06,Domenica,9,0.32583333333333336,2025
4.5<potenza_impegnata<=6,Tutti,06,Domenica,0,0.36166666666666664,2025
4.5<potenza_impegnata<=6,Residente,06,Sabato,8,0.34075,2025
4.5<potenza_impegnata<=6,Residente,06,Sabato,7,0.30625,2025
4.5<potenza_impegnata<=6,Residente,06,Sabato,6,0.28975,2025
4.5<potenza_impegnata<=6,Residente,06,Sabato,5,0.29725,2025
4.5<potenza_impegnata<=6,Residente,06,Sabato,4,0.30925,2025
4.5<potenza_impegnata<=6,Residente,06,Sabato,3,0.32775,2025
4.5<potenza_impegnata<=6,Residente,06,Sabato,2,0.35425,2025
4.5<potenza_impegnata<=6,Residente,06,Sabato,23,0.48325,2025
4.5<potenza_impegnata<=6,Residente,06,Sabato,22,0.53575,2025
4.5<potenza_impegnata<=6,Residente,06,Sabato,21,0.56975,2025
4.5<potenza_impegnata<=6,Residente,06,Sabato,20,0.588,2025
4.5<potenza_impegnata<=6,Residente,06,Sabato,19,0.587,2025
4.5<potenza_impegnata<=6,Residente,06,Sabato,1,0.39675,2025
4.5<potenza_impegnata<=6,Residente,06,Sabato,18,0.54575,2025
4.5<potenza_impegnata<=6,Residente,06,Sabato,17,0.53175,2025
4.5<potenza_impegnata<=6,Residente,06,Sabato,16,0.536,2025
4.5<potenza_impegnata<=6,Residente,06,Sabato,15,0.5395,2025
4.5<potenza_impegnata<=6,Residente,06,Sabato,14,0.5415,2025
4.5<potenza_impegnata<=6,Residente,06,Sabato,13,0.52925,2025
4.5<potenza_impegnata<=6,Residente,06,Sabato,12,0.4885,2025
4.5<potenza_impegnata<=6,Residente,06,Sabato,11,0.43025,2025
4.5<potenza_impegnata<=6,Residente,06,Sabato,10,0.40275,2025
4.5<potenza_impegnata<=6,Residente,06,Sabato,9,0.37675,2025
4.5<potenza_impegnata<=6,Residente,06,Sabato,0,0.46775,2025
4.5<potenza_impegnata<=6,Residente,06,Giorno feriale,8,0.35919999999999996,2025
4.5<potenza_impegnata<=6,Residente,06,Giorno feriale,7,0.32735,2025
4.5<potenza_impegnata<=6,Residente,06,Giorno feriale,6,0.28365,2025
4.5<potenza_impegnata<=6,Residente,06,Giorno feriale,5,0.27695,2025
4.5<potenza_impegnata<=6,Residente,06,Giorno feriale,4,0.2849,2025
4.5<potenza_impegnata<=6,Residente,06,Giorno feriale,3,0.29960000000000003,2025
4.5<potenza_impegnata<=6,Residente,06,Giorno feriale,2,0.32130000000000003,2025
4.5<potenza_impegnata<=6,Residente,06,Giorno feriale,23,0.5338499999999999,2025
4.5<potenza_impegnata<=6,Residente,06,Giorno feriale,22,0.62115,2025
4.5<potenza_impegnata<=6,Residente,06,Giorno feriale,21,0.6629,2025
4.5<potenza_impegnata<=6,Residente,06,Giorno feriale,20,0.6673000000000001,2025
4.5<potenza_impegnata<=6,Residente,06,Giorno feriale,19,0.6348999999999999,2025
4.5<potenza_impegnata<=6,Residente,06,Giorno feriale,1,0.36035,2025
4.5<potenza_impegnata<=6,Residente,06,Giorno feriale,18,0.5484499999999999,2025
4.5<potenza_impegnata<=6,Residente,06,Giorno feriale,17,0.5064,2025
4.5<potenza_impegnata<=6,Residente,06,Giorno feriale,16,0.49384999999999996,2025
4.5<potenza_impegnata<=6,Residente,06,Giorno feriale,15,0.49354999999999993,2025
4.5<potenza_impegnata<=6,Residente,06,Giorno feriale,14,0.49540000000000006,2025
4.5<potenza_impegnata<=6,Residente,06,Giorno feriale,13,0.48340000000000005,2025
4.5<potenza_impegnata<=6,Residente,06,Giorno feriale,12,0.44980000000000003,2025
4.5<potenza_impegnata<=6,Residente,06,Giorno feriale,11,0.4102,2025
4.5<potenza_impegnata<=6,Residente,06,Giorno feriale,10,0.393,2025
4.5<potenza_impegnata<=6,Residente,06,Giorno feriale,9,0.37905,2025
4.5<potenza_impegnata<=6,Residente,06,Giorno feriale,0,0.4309,2025
4.5<potenza_impegnata<=6,Residente,06,Domenica,8,0.29083333333333333,2025
4.5<potenza_impegnata<=6,Residente,06,Domenica,7,0.257,2025
4.5<potenza_impegnata<=6,Residente,06,Domenica,6,0.24583333333333335,2025
4.5<potenza_impegnata<=6,Residente,06,Domenica,5,0.24933333333333332,2025
4.5<potenza_impegnata<=6,Residente,06,Domenica,4,0.2565,2025
4.5<potenza_impegnata<=6,Residente,06,Domenica,3,0.26933333333333337,2025
4.5<potenza_impegnata<=6,Residente,06,Domenica,2,0.28950000000000004,2025
4.5<potenza_impegnata<=6,Residente,06,Domenica,23,0.5086666666666667,2025
4.5<potenza_impegnata<=6,Residente,06,Domenica,22,0.5795,2025
4.5<potenza_impegnata<=6,Residente,06,Domenica,21,0.605,2025
4.5<potenza_impegnata<=6,Residente,06,Domenica,20,0.6044999999999999,2025
4.5<potenza_impegnata<=6,Residente,06,Domenica,19,0.5845,2025
4.5<potenza_impegnata<=6,Residente,06,Domenica,1,0.32183333333333336,2025
4.5<potenza_impegnata<=6,Residente,06,Domenica,18,0.5216666666666666,2025
4.5<potenza_impegnata<=6,Residente,06,Domenica,17,0.49266666666666664,2025
4.5<potenza_impegnata<=6,Residente,06,Domenica,16,0.478,2025
4.5<potenza_impegnata<=6,Residente,06,Domenica,15,0.4718333333333333,2025
4.5<potenza_impegnata<=6,Residente,06,Domenica,14,0.4691666666666667,2025
4.5<potenza_impegnata<=6,Residente,06,Domenica,13,0.46900000000000003,2025
4.5<potenza_impegnata<=6,Residente,06,Domenica,12,0.44816666666666666,2025
4.5<potenza_impegnata<=6,Residente,06,Domenica,11,0.39599999999999996,2025
4.5<potenza_impegnata<=6,Residente,06,Domenica,10,0.36733333333333335,2025
4.5<potenza_impegnata<=6,Residente,06,Domenica,9,0.3336666666666666,2025
4.5<potenza_impegnata<=6,Residente,06,Domenica,0,0.37166666666666665,2025
4.5<potenza_impegnata<=6,Non Residente,06,Sabato,8,0.30725,2025
4.5<potenza_impegnata<=6,Non Residente,06,Sabato,7,0.27525,2025
4.5<potenza_impegnata<=6,Non Residente,06,Sabato,6,0.25825,2025
4.5<potenza_impegnata<=6,Non Residente,06,Sabato,5,0.26225,2025
4.5<potenza_impegnata<=6,Non Residente,06,Sabato,4,0.27125,2025
4.5<potenza_impegnata<=6,Non Residente,06,Sabato,3,0.28575,2025
4.5<potenza_impegnata<=6,Non Residente,06,Sabato,2,0.309,2025
4.5<potenza_impegnata<=6,Non Residente,06,Sabato,23,0.3965,2025
4.5<potenza_impegnata<=6,Non Residente,06,Sabato,22,0.42675,2025
4.5<potenza_impegnata<=6,Non Residente,06,Sabato,21,0.4475,2025
4.5<potenza_impegnata<=6,Non Residente,06,Sabato,20,0.45875,2025
4.5<potenza_impegnata<=6,Non Residente,06,Sabato,19,0.4595,2025
4.5<potenza_impegnata<=6,Non Residente,06,Sabato,1,0.343,2025
4.5<potenza_impegnata<=6,Non Residente,06,Sabato,18,0.44025,2025
4.5<potenza_impegnata<=6,Non Residente,06,Sabato,17,0.435,2025
4.5<potenza_impegnata<=6,Non Residente,06,Sabato,16,0.44025,2025
4.5<potenza_impegnata<=6,Non Residente,06,Sabato,15,0.4385,2025
4.5<potenza_impegnata<=6,Non Residente,06,Sabato,14,0.438,2025
4.5<potenza_impegnata<=6,Non Residente,06,Sabato,13,0.4375,2025
4.5<potenza_impegnata<=6,Non Residente,06,Sabato,12,0.41475,2025
4.5<potenza_impegnata<=6,Non Residente,06,Sabato,11,0.3845,2025
4.5<potenza_impegnata<=6,Non Residente,06,Sabato,10,0.36875,2025
4.5<potenza_impegnata<=6,Non Residente,06,Sabato,9,0.344,2025
4.5<potenza_impegnata<=6,Non Residente,06,Sabato,0,0.3915,2025
4.5<potenza_impegnata<=6,Non Residente,06,Giorno feriale,8,0.33745,2025
4.5<potenza_impegnata<=6,Non Residente,06,Giorno feriale,7,0.29450000000000004,2025
4.5<potenza_impegnata<=6,Non Residente,06,Giorno feriale,6,0.2531,2025
4.5<potenza_impegnata<=6,Non Residente,06,Giorno feriale,5,0.24659999999999999,2025
4.5<potenza_impegnata<=6,Non Residente,06,Giorno feriale,4,0.25325,2025
4.5<potenza_impegnata<=6,Non Residente,06,Giorno feriale,3,0.2655,2025
4.5<potenza_impegnata<=6,Non Residente,06,Giorno feriale,2,0.2858,2025
4.5<potenza_impegnata<=6,Non Residente,06,Giorno feriale,23,0.4457,2025
4.5<potenza_impegnata<=6,Non Residente,06,Giorno feriale,22,0.49960000000000004,2025
4.5<potenza_impegnata<=6,Non Residente,06,Giorno feriale,21,0.52305,2025
4.5<potenza_impegnata<=6,Non Residente,06,Giorno feriale,20,0.5226,2025
4.5<potenza_impegnata<=6,Non Residente,06,Giorno feriale,19,0.49910000000000004,2025
4.5<potenza_impegnata<=6,Non Residente,06,Giorno feriale,1,0.32165,2025
4.5<potenza_impegnata<=6,Non Residente,06,Giorno feriale,18,0.45430000000000004,2025
4.5<potenza_impegnata<=6,Non Residente,06,Giorno feriale,17,0.4327,2025
4.5<potenza_impegnata<=6,Non Residente,06,Giorno feriale,16,0.42645,2025
4.5<potenza_impegnata<=6,Non Residente,06,Giorno feriale,15,0.4263,2025
4.5<potenza_impegnata<=6,Non Residente,06,Giorno feriale,14,0.42625,2025
4.5<potenza_impegnata<=6,Non Residente,06,Giorno feriale,13,0.42190000000000005,2025
4.5<potenza_impegnata<=6,Non Residente,06,Giorno feriale,12,0.40149999999999997,2025
4.5<potenza_impegnata<=6,Non Residente,06,Giorno feriale,11,0.379,2025
4.5<potenza_impegnata<=6,Non Residente,06,Giorno feriale,10,0.36929999999999996,2025
4.5<potenza_impegnata<=6,Non Residente,06,Giorno feriale,9,0.35925,2025
4.5<potenza_impegnata<=6,Non Residente,06,Giorno feriale,0,0.37825,2025
4.5<potenza_impegnata<=6,Non Residente,06,Domenica,8,0.2615,2025
4.5<potenza_impegnata<=6,Non Residente,06,Domenica,7,0.23366666666666666,2025
4.5<potenza_impegnata<=6,Non Residente,06,Domenica,6,0.2215,2025
4.5<potenza_impegnata<=6,Non Residente,06,Domenica,5,0.22333333333333336,2025
4.5<potenza_impegnata<=6,Non Residente,06,Domenica,4,0.22966666666666666,2025
4.5<potenza_impegnata<=6,Non Residente,06,Domenica,3,0.24216666666666667,2025
4.5<potenza_impegnata<=6,Non Residente,06,Domenica,2,0.26133333333333336,2025
4.5<potenza_impegnata<=6,Non Residente,06,Domenica,23,0.4203333333333333,2025
4.5<potenza_impegnata<=6,Non Residente,06,Domenica,22,0.4575,2025
4.5<potenza_impegnata<=6,Non Residente,06,Domenica,21,0.4708333333333334,2025
4.5<potenza_impegnata<=6,Non Residente,06,Domenica,20,0.4658333333333333,2025
4.5<potenza_impegnata<=6,Non Residente,06,Domenica,19,0.44716666666666666,2025
4.5<potenza_impegnata<=6,Non Residente,06,Domenica,1,0.28983333333333333,2025
4.5<potenza_impegnata<=6,Non Residente,06,Domenica,18,0.41300000000000003,2025
4.5<potenza_impegnata<=6,Non Residente,06,Domenica,17,0.39599999999999996,2025
4.5<potenza_impegnata<=6,Non Residente,06,Domenica,16,0.38683333333333336,2025
4.5<potenza_impegnata<=6,Non Residente,06,Domenica,15,0.38083333333333336,2025
4.5<potenza_impegnata<=6,Non Residente,06,Domenica,14,0.38083333333333336,2025
4.5<potenza_impegnata<=6,Non Residente,06,Domenica,13,0.3885,2025
4.5<potenza_impegnata<=6,Non Residente,06,Domenica,12,0.3718333333333333,2025
4.5<potenza_impegnata<=6,Non Residente,06,Domenica,11,0.3436666666666666,2025
4.5<potenza_impegnata<=6,Non Residente,06,Domenica,10,0.32366666666666666,2025
4.5<potenza_impegnata<=6,Non Residente,06,Domenica,9,0.2976666666666667,2025
4.5<potenza_impegnata<=6,Non Residente,06,Domenica,0,0.326,2025
4.5<potenza_impegnata<=6,Tutti,06,Sabato,8,0.33325,2025
4.5<potenza_impegnata<=6,Tutti,06,Sabato,7,0.2995,2025
4.5<potenza_impegnata<=6,Tutti,06,Sabato,6,0.28275,2025
4.5<potenza_impegnata<=6,Tutti,06,Sabato,5,0.2895,2025
4.5<potenza_impegnata<=6,Tutti,06,Sabato,4,0.301,2025
4.5<potenza_impegnata<=6,Tutti,06,Sabato,3,0.31875,2025
4.5<potenza_impegnata<=6,Tutti,06,Sabato,2,0.34425,2025
4.5<potenza_impegnata<=6,Tutti,06,Sabato,23,0.4645,2025
4.5<potenza_impegnata<=6,Tutti,06,Sabato,22,0.51225,2025
4.5<potenza_impegnata<=6,Tutti,06,Sabato,21,0.5435,2025
4.5<potenza_impegnata<=6,Tutti,06,Sabato,20,0.5605,2025
4.5<potenza_impegnata<=6,Tutti,06,Sabato,19,0.55975,2025
4.5<potenza_impegnata<=6,Tutti,06,Sabato,1,0.38525,2025
4.5<potenza_impegnata<=6,Tutti,06,Sabato,18,0.523,2025
4.5<potenza_impegnata<=6,Tutti,06,Sabato,17,0.51075,2025
4.5<potenza_impegnata<=6,Tutti,06,Sabato,16,0.51525,2025
4.5<potenza_impegnata<=6,Tutti,06,Sabato,15,0.51775,2025
4.5<potenza_impegnata<=6,Tutti,06,Sabato,14,0.51925,2025
4.5<potenza_impegnata<=6,Tutti,06,Sabato,13,0.5095,2025
4.5<potenza_impegnata<=6,Tutti,06,Sabato,12,0.4725,2025
4.5<potenza_impegnata<=6,Tutti,06,Sabato,11,0.42025,2025
4.5<potenza_impegnata<=6,Tutti,06,Sabato,10,0.39525,2025
4.5<potenza_impegnata<=6,Tutti,06,Sabato,9,0.3695,2025
4.5<potenza_impegnata<=6,Tutti,06,Sabato,0,0.45125,2025
4.5<potenza_impegnata<=6,Tutti,06,Giorno feriale,8,0.35425000000000006,2025
4.5<potenza_impegnata<=6,Tutti,06,Giorno feriale,7,0.32015000000000005,2025
4.5<potenza_impegnata<=6,Tutti,06,Giorno feriale,6,0.27695,2025
4.5<potenza_impegnata<=6,Tutti,06,Giorno feriale,5,0.27025,2025
4.5<potenza_impegnata<=6,Tutti,06,Giorno feriale,4,0.278,2025
4.5<potenza_impegnata<=6,Tutti,06,Giorno feriale,3,0.29215,2025
4.5<potenza_impegnata<=6,Tutti,06,Giorno feriale,2,0.3135,2025
4.5<potenza_impegnata<=6,Tutti,06,Giorno feriale,23,0.51475,2025
4.5<potenza_impegnata<=6,Tutti,06,Giorno feriale,22,0.59505,2025
4.5<potenza_impegnata<=6,Tutti,06,Giorno feriale,21,0.6329,2025
4.5<potenza_impegnata<=6,Tutti,06,Giorno feriale,20,0.6363000000000001,2025
4.5<potenza_impegnata<=6,Tutti,06,Giorno feriale,19,0.6058,2025
4.5<potenza_impegnata<=6,Tutti,06,Giorno feriale,1,0.3519,2025
4.5<potenza_impegnata<=6,Tutti,06,Giorno feriale,18,0.5281,2025
4.5<potenza_impegnata<=6,Tutti,06,Giorno feriale,17,0.49040000000000006,2025
4.5<potenza_impegnata<=6,Tutti,06,Giorno feriale,16,0.47919999999999996,2025
4.5<potenza_impegnata<=6,Tutti,06,Giorno feriale,15,0.47885,2025
4.5<potenza_impegnata<=6,Tutti,06,Giorno feriale,14,0.48034999999999994,2025
4.5<potenza_impegnata<=6,Tutti,06,Giorno feriale,13,0.47000000000000003,2025
4.5<potenza_impegnata<=6,Tutti,06,Giorno feriale,12,0.4391999999999999,2025
4.5<potenza_impegnata<=6,Tutti,06,Giorno feriale,11,0.40329999999999994,2025
4.5<potenza_impegnata<=6,Tutti,06,Giorno feriale,10,0.38765,2025
4.5<potenza_impegnata<=6,Tutti,06,Giorno feriale,9,0.37449999999999994,2025
4.5<potenza_impegnata<=6,Tutti,06,Giorno feriale,0,0.4194,2025
4.5<potenza_impegnata<=6,Tutti,06,Domenica,8,0.2843333333333333,2025
4.5<potenza_impegnata<=6,Tutti,06,Domenica,7,0.2518333333333333,2025
4.5<potenza_impegnata<=6,Tutti,06,Domenica,6,0.24050000000000002,2025
4.5<potenza_impegnata<=6,Tutti,06,Domenica,5,0.24366666666666667,2025
4.5<potenza_impegnata<=6,Tutti,07,Giorno feriale,4,0.26821739130434785,2025
4.5<potenza_impegnata<=6,Residente,07,Giorno feriale,6,0.2681304347826087,2025
4.5<potenza_impegnata<=6,Tutti,07,Giorno feriale,9,0.33291304347826084,2025
4.5<potenza_impegnata<=6,Tutti,07,Domenica,14,0.3845,2025
4.5<potenza_impegnata<=6,Non Residente,07,Sabato,18,0.32325,2025
4.5<potenza_impegnata<=6,Residente,07,Giorno feriale,17,0.42639130434782613,2025
4.5<potenza_impegnata<=6,Tutti,07,Sabato,13,0.351,2025
4.5<potenza_impegnata<=6,Residente,07,Domenica,19,0.4585,2025
4.5<potenza_impegnata<=6,Non Residente,07,Domenica,4,0.2255,2025
4.5<potenza_impegnata<=6,Residente,07,Sabato,5,0.26575,2025
4.5<potenza_impegnata<=6,Residente,07,Sabato,10,0.30475,2025
4.5<potenza_impegnata<=6,Residente,07,Domenica,5,0.24225,2025
4.5<potenza_impegnata<=6,Residente,07,Giorno feriale,13,0.4076086956521739,2025
4.5<potenza_impegnata<=6,Tutti,07,Domenica,1,0.294,2025
4.5<potenza_impegnata<=6,Tutti,07,Domenica,9,0.283,2025
4.5<potenza_impegnata<=6,Residente,07,Sabato,23,0.3735,2025
4.5<potenza_impegnata<=6,Non Residente,07,Domenica,23,0.35575,2025
4.5<potenza_impegnata<=6,Residente,07,Sabato,9,0.29875,2025
4.5<potenza_impegnata<=6,Residente,07,Giorno feriale,4,0.27399999999999997,2025
4.5<potenza_impegnata<=6,Non Residente,07,Sabato,14,0.3185,2025
4.5<potenza_impegnata<=6,Tutti,07,Sabato,8,0.27325,2025
4.5<potenza_impegnata<=6,Non Residente,07,Giorno feriale,10,0.3303043478260869,2025
4.5<potenza_impegnata<=6,Tutti,07,Sabato,18,0.3585,2025
4.5<potenza_impegnata<=6,Tutti,07,Giorno feriale,6,0.2627391304347826,2025
4.5<potenza_impegnata<=6,Tutti,07,Giorno feriale,19,0.5057826086956522,2025
4.5<potenza_impegnata<=6,Non Residente,07,Domenica,8,0.239,2025
4.5<potenza_impegnata<=6,Tutti,07,Domenica,8,0.256,2025
4.5<potenza_impegnata<=6,Residente,07,Domenica,16,0.406,2025
4.5<potenza_impegnata<=6,Residente,07,Domenica,10,0.31275,2025
4.5<potenza_impegnata<=6,Residente,07,Sabato,8,0.27775,2025
4.5<potenza_impegnata<=6,Residente,07,Sabato,6,0.25825,2025
4.5<potenza_impegnata<=6,Non Residente,07,Domenica,2,0.24925,2025
4.5<potenza_impegnata<=6,Non Residente,07,Sabato,3,0.25975,2025
4.5<potenza_impegnata<=6,Residente,07,Sabato,19,0.40675,2025
4.5<potenza_impegnata<=6,Non Residente,07,Sabato,2,0.27925,2025
4.5<potenza_impegnata<=6,Non Residente,07,Sabato,23,0.325,2025
4.5<potenza_impegnata<=6,Non Residente,07,Sabato,17,0.3145,2025
4.5<potenza_impegnata<=6,Residente,07,Giorno feriale,19,0.5275217391304349,2025
4.5<potenza_impegnata<=6,Non Residente,07,Domenica,20,0.386,2025
4.5<potenza_impegnata<=6,Tutti,07,Sabato,4,0.26875,2025
4.5<potenza_impegnata<=6,Tutti,07,Sabato,16,0.341,2025
4.5<potenza_impegnata<=6,Residente,07,Giorno feriale,11,0.3553043478260869,2025
4.5<potenza_impegnata<=6,Tutti,07,Sabato,14,0.349,2025
4.5<potenza_impegnata<=6,Tutti,07,Giorno feriale,2,0.2992608695652174,2025
4.5<potenza_impegnata<=6,Residente,07,Domenica,2,0.275,2025
4.5<potenza_impegnata<=6,Residente,07,Domenica,1,0.30025,2025
4.5<potenza_impegnata<=6,Tutti,07,Domenica,23,0.39725,2025
4.5<potenza_impegnata<=6,Residente,07,Domenica,13,0.39875,2025
4.5<potenza_impegnata<=6,Tutti,07,Domenica,18,0.402,2025
4.5<potenza_impegnata<=6,Tutti,07,Domenica,15,0.3855,2025
4.5<potenza_impegnata<=6,Non Residente,07,Domenica,3,0.23425,2025
4.5<potenza_impegnata<=6,Non Residente,07,Domenica,11,0.302,2025
4.5<potenza_impegnata<=6,Non Residente,07,Sabato,7,0.243,2025
4.5<potenza_impegnata<=6,Residente,07,Sabato,4,0.27475,2025
4.5<potenza_impegnata<=6,Non Residente,07,Sabato,6,0.236,2025
4.5<potenza_impegnata<=6,Residente,07,Sabato,1,0.34325,2025
4.5<potenza_impegnata<=6,Residente,07,Sabato,18,0.36825,2025
4.5<potenza_impegnata<=6,Residente,07,Sabato,16,0.3485,2025
4.5<potenza_impegnata<=6,Residente,07,Sabato,15,0.3515,2025
4.5<potenza_impegnata<=6,Non Residente,07,Sabato,22,0.34325,2025
4.5<potenza_impegnata<=6,Residente,07,Sabato,14,0.3575,2025
4.5<potenza_impegnata<=6,Residente,07,Sabato,11,0.3125,2025
4.5<potenza_impegnata<=6,Non Residente,07,Sabato,20,0.3485,2025
4.5<potenza_impegnata<=6,Non Residente,07,Sabato,19,0.3405,2025
4.5<potenza_impegnata<=6,Residente,07,Sabato,0,0.3915,2025
4.5<potenza_impegnata<=6,Non Residente,07,Sabato,4,0.24675,2025
4.5<potenza_impegnata<=6,Residente,07,Giorno feriale,5,0.2668695652173913,2025
4.5<potenza_impegnata<=6,Non Residente,07,Domenica,21,0.39375,2025
4.5<potenza_impegnata<=6,Residente,07,Giorno feriale,3,0.28691304347826085,2025
4.5<potenza_impegnata<=6,Non Residente,07,Sabato,16,0.31325,2025
4.5<potenza_impegnata<=6,Non Residente,07,Sabato,8,0.258,2025
4.5<potenza_impegnata<=6,Residente,07,Giorno feriale,22,0.5191304347826087,2025
4.5<potenza_impegnata<=6,Non Residente,07,Domenica,12,0.32625,2025
4.5<potenza_impegnata<=6,Residente,07,Domenica,0,0.33675,2025
4.5<potenza_impegnata<=6,Tutti,07,Sabato,2,0.3045,2025
4.5<potenza_impegnata<=6,Residente,07,Giorno feriale,16,0.41647826086956524,2025
4.5<potenza_impegnata<=6,Residente,07,Giorno feriale,15,0.4152608695652173,2025
4.5<potenza_impegnata<=6,Non Residente,07,Giorno feriale,9,0.3234782608695652,2025
4.5<potenza_impegnata<=6,Residente,07,Giorno feriale,10,0.3437826086956522,2025
4.5<potenza_impegnata<=6,Tutti,07,Sabato,12,0.33575,2025
4.5<potenza_impegnata<=6,Non Residente,07,Domenica,9,0.2635,2025
4.5<potenza_impegnata<=6,Residente,07,Giorno feriale,9,0.33591304347826084,2025
4.5<potenza_impegnata<=6,Tutti,07,Giorno feriale,3,0.2808260869565218,2025
4.5<potenza_impegnata<=6,Tutti,07,Giorno feriale,23,0.44208695652173907,2025
4.5<potenza_impegnata<=6,Tutti,07,Giorno feriale,22,0.4998695652173913,2025
4.5<potenza_impegnata<=6,Residente,07,Domenica,4,0.2485,2025
4.5<potenza_impegnata<=6,Tutti,07,Giorno feriale,21,0.5288260869565218,2025
4.5<potenza_impegnata<=6,Non Residente,07,Domenica,13,0.34,2025
4.5<potenza_impegnata<=6,Tutti,07,Giorno feriale,20,0.5307826086956523,2025
4.5<potenza_impegnata<=6,Non Residente,07,Domenica,7,0.22125,2025
4.5<potenza_impegnata<=6,Tutti,07,Giorno feriale,18,0.44456521739130433,2025
4.5<potenza_impegnata<=6,Tutti,07,Giorno feriale,15,0.4057826086956522,2025
4.5<potenza_impegnata<=6,Residente,07,Domenica,21,0.477,2025
4.5<potenza_impegnata<=6,Tutti,07,Giorno feriale,12,0.3763043478260869,2025
4.5<potenza_impegnata<=6,Residente,07,Domenica,8,0.26075,2025
4.5<potenza_impegnata<=6,Tutti,07,Giorno feriale,0,0.3869565217391305,2025
4.5<potenza_impegnata<=6,Tutti,07,Domenica,7,0.236,2025
4.5<potenza_impegnata<=6,Residente,07,Domenica,18,0.41775,2025
4.5<potenza_impegnata<=6,Tutti,07,Domenica,4,0.2435,2025
4.5<potenza_impegnata<=6,Residente,07,Giorno feriale,12,0.3836086956521739,2025
4.5<potenza_impegnata<=6,Residente,07,Domenica,15,0.3995,2025
4.5<potenza_impegnata<=6,Tutti,07,Domenica,21,0.45925,2025
4.5<potenza_impegnata<=6,Residente,07,Giorno feriale,14,0.4152608695652174,2025
4.5<potenza_impegnata<=6,Tutti,07,Domenica,20,0.45325,2025
4.5<potenza_impegnata<=6,Non Residente,07,Domenica,14,0.33375,2025
4.5<potenza_impegnata<=6,Residente,07,Domenica,12,0.38225,2025
4.5<potenza_impegnata<=6,Tutti,07,Domenica,16,0.392,2025
4.5<potenza_impegnata<=6,Tutti,07,Domenica,12,0.37025,2025
4.5<potenza_impegnata<=6,Tutti,07,Domenica,11,0.33125,2025
4.5<potenza_impegnata<=6,Residente,07,Domenica,9,0.2885,2025
4.5<potenza_impegnata<=6,Tutti,07,Domenica,10,0.3065,2025
4.5<potenza_impegnata<=6,Non Residente,07,Giorno feriale,11,0.337304347826087,2025
4.5<potenza_impegnata<=6,Tutti,07,Domenica,0,0.32925,2025
4.5<potenza_impegnata<=6,Residente,07,Sabato,7,0.265,2025
4.5<potenza_impegnata<=6,Non Residente,07,Giorno feriale,12,0.350695652173913,2025
4.5<potenza_impegnata<=6,Residente,07,Sabato,3,0.29,2025
4.5<potenza_impegnata<=6,Residente,07,Sabato,2,0.3115,2025
4.5<potenza_impegnata<=6,Non Residente,07,Sabato,5,0.24025,2025
4.5<potenza_impegnata<=6,Non Residente,07,Giorno feriale,13,0.36482608695652174,2025
4.5<potenza_impegnata<=6,Non Residente,07,Domenica,15,0.334,2025
4.5<potenza_impegnata<=6,Non Residente,07,Giorno feriale,14,0.3687391304347826,2025
4.5<potenza_impegnata<=6,Residente,07,Sabato,17,0.35275,2025
4.5<potenza_impegnata<=6,Non Residente,07,Giorno feriale,15,0.3721739130434783,2025
4.5<potenza_impegnata<=6,Residente,07,Sabato,13,0.35925,2025
4.5<potenza_impegnata<=6,Non Residente,07,Sabato,21,0.35,2025
4.5<potenza_impegnata<=6,Residente,07,Sabato,12,0.34275,2025
4.5<potenza_impegnata<=6,Non Residente,07,Domenica,22,0.386,2025
4.5<potenza_impegnata<=6,Non Residente,07,Giorno feriale,16,0.3726086956521739,2025
4.5<potenza_impegnata<=6,Residente,07,Sabato,20,0.41975,2025
4.5<potenza_impegnata<=6,Non Residente,07,Giorno feriale,17,0.3769565217391304,2025
4.5<potenza_impegnata<=6,Residente,07,Sabato,21,0.41825,2025
4.5<potenza_impegnata<=6,Residente,07,Giorno feriale,8,0.3217826086956522,2025
4.5<potenza_impegnata<=6,Non Residente,07,Domenica,0,0.3025,2025
4.5<potenza_impegnata<=6,Non Residente,07,Sabato,1,0.306,2025
4.5<potenza_impegnata<=6,Residente,07,Sabato,22,0.405,2025
4.5<potenza_impegnata<=6,Residente,07,Giorno feriale,7,0.2962173913043478,2025
4.5<potenza_impegnata<=6,Non Residente,07,Domenica,16,0.33975,2025
4.5<potenza_impegnata<=6,Non Residente,07,Giorno feriale,18,0.3922608695652174,2025
4.5<potenza_impegnata<=6,Non Residente,07,Giorno feriale,1,0.3057826086956522,2025
4.5<potenza_impegnata<=6,Residente,07,Giorno feriale,2,0.305695652173913,2025
4.5<potenza_impegnata<=6,Residente,07,Giorno feriale,23,0.4558695652173913,2025
4.5<potenza_impegnata<=6,Non Residente,07,Sabato,15,0.31525,2025
4.5<potenza_impegnata<=6,Residente,07,Giorno feriale,21,0.5514782608695653,2025
4.5<potenza_impegnata<=6,Non Residente,07,Giorno feriale,19,0.42608695652173917,2025
4.5<potenza_impegnata<=6,Residente,07,Giorno feriale,20,0.5538260869565218,2025
4.5<potenza_impegnata<=6,Residente,07,Giorno feriale,1,0.33752173913043476,2025
4.5<potenza_impegnata<=6,Non Residente,07,Giorno feriale,20,0.4462608695652174,2025
4.5<potenza_impegnata<=6,Residente,07,Giorno feriale,18,0.45891304347826084,2025
4.5<potenza_impegnata<=6,Tutti,07,Sabato,5,0.26025,2025
4.5<potenza_impegnata<=6,Non Residente,07,Domenica,17,0.3425,2025
4.5<potenza_impegnata<=6,Tutti,07,Sabato,3,0.2835,2025
4.5<potenza_impegnata<=6,Non Residente,07,Giorno feriale,21,0.44586956521739135,2025
4.5<potenza_impegnata<=6,Tutti,07,Sabato,23,0.363,2025
4.5<potenza_impegnata<=6,Tutti,07,Sabato,22,0.39175,2025
4.5<potenza_impegnata<=6,Tutti,07,Sabato,21,0.4035,2025
4.5<potenza_impegnata<=6,Tutti,07,Sabato,20,0.4045,2025
4.5<potenza_impegnata<=6,Non Residente,07,Giorno feriale,22,0.4295217391304348,2025
4.5<potenza_impegnata<=6,Tutti,07,Sabato,19,0.3925,2025
4.5<potenza_impegnata<=6,Tutti,07,Sabato,1,0.335,2025
4.5<potenza_impegnata<=6,Non Residente,07,Domenica,10,0.28425,2025
4.5<potenza_impegnata<=6,Non Residente,07,Giorno feriale,23,0.39243478260869563,2025
4.5<potenza_impegnata<=6,Tutti,07,Sabato,15,0.3435,2025
4.5<potenza_impegnata<=6,Non Residente,07,Giorno feriale,0,0.3544347826086957,2025
4.5<potenza_impegnata<=6,Tutti,07,Sabato,11,0.308,2025
4.5<potenza_impegnata<=6,Non Residente,07,Giorno feriale,2,0.27634782608695646,2025
4.5<potenza_impegnata<=6,Tutti,07,Sabato,10,0.30075,2025
4.5<potenza_impegnata<=6,Tutti,07,Sabato,9,0.29475,2025
4.5<potenza_impegnata<=6,Residente,07,Giorno feriale,0,0.3960869565217392,2025
4.5<potenza_impegnata<=6,Non Residente,07,Domenica,18,0.344,2025
4.5<potenza_impegnata<=6,Non Residente,07,Giorno feriale,3,0.25908695652173913,2025
4.5<potenza_impegnata<=6,Residente,07,Domenica,7,0.24025,2025
4.5<potenza_impegnata<=6,Tutti,07,Giorno feriale,5,0.2613913043478261,2025
4.5<potenza_impegnata<=6,Residente,07,Domenica,6,0.2375,2025
4.5<potenza_impegnata<=6,Non Residente,07,Giorno feriale,4,0.24786956521739129,2025
4.5<potenza_impegnata<=6,Residente,07,Domenica,3,0.25925,2025
4.5<potenza_impegnata<=6,Non Residente,07,Giorno feriale,5,0.24178260869565218,2025
4.5<potenza_impegnata<=6,Tutti,07,Giorno feriale,1,0.3305217391304348,2025
4.5<potenza_impegnata<=6,Tutti,07,Giorno feriale,17,0.41560869565217395,2025
4.5<potenza_impegnata<=6,Residente,07,Domenica,23,0.40875,2025
4.5<potenza_impegnata<=6,Non Residente,07,Giorno feriale,6,0.2438695652173913,2025
4.5<potenza_impegnata<=6,Tutti,07,Giorno feriale,16,0.4068695652173913,2025
4.5<potenza_impegnata<=6,Residente,07,Domenica,22,0.458,2025
4.5<potenza_impegnata<=6,Non Residente,07,Domenica,1,0.27225,2025
4.5<potenza_impegnata<=6,Tutti,07,Giorno feriale,14,0.4051304347826087,2025
4.5<potenza_impegnata<=6,Tutti,07,Giorno feriale,13,0.3982173913043478,2025
4.5<potenza_impegnata<=6,Non Residente,07,Giorno feriale,7,0.2742608695652174,2025
4.5<potenza_impegnata<=6,Non Residente,07,Domenica,6,0.2165,2025
4.5<potenza_impegnata<=6,Tutti,07,Giorno feriale,11,0.35126086956521735,2025
4.5<potenza_impegnata<=6,Residente,07,Domenica,20,0.4715,2025
4.5<potenza_impegnata<=6,Tutti,07,Giorno feriale,10,0.3406521739130435,2025
4.5<potenza_impegnata<=6,Non Residente,07,Giorno feriale,8,0.308,2025
4.5<potenza_impegnata<=6,Tutti,07,Giorno feriale,7,0.29130434782608694,2025
4.5<potenza_impegnata<=6,Tutti,07,Giorno feriale,8,0.3186086956521739,2025
4.5<potenza_impegnata<=6,Tutti,07,Sabato,0,0.38125,2025
4.5<potenza_impegnata<=6,Non Residente,07,Sabato,0,0.3445,2025
4.5<potenza_impegnata<=6,Tutti,07,Domenica,6,0.233,2025
4.5<potenza_impegnata<=6,Tutti,07,Domenica,5,0.2375,2025
4.5<potenza_impegnata<=6,Non Residente,07,Domenica,5,0.2205,2025
4.5<potenza_impegnata<=6,Non Residente,07,Sabato,9,0.2805,2025
4.5<potenza_impegnata<=6,Residente,07,Domenica,17,0.40925,2025
4.5<potenza_impegnata<=6,Tutti,07,Domenica,3,0.25375,2025
4.5<potenza_impegnata<=6,Non Residente,07,Domenica,19,0.3695,2025
4.5<potenza_impegnata<=6,Tutti,07,Domenica,2,0.2695,2025
4.5<potenza_impegnata<=6,Tutti,07,Sabato,17,0.3445,2025
4.5<potenza_impegnata<=6,Non Residente,07,Sabato,10,0.287,2025
4.5<potenza_impegnata<=6,Tutti,07,Domenica,22,0.4425,2025
4.5<potenza_impegnata<=6,Non Residente,07,Sabato,11,0.292,2025
4.5<potenza_impegnata<=6,Residente,07,Domenica,14,0.3985,2025
4.5<potenza_impegnata<=6,Tutti,07,Domenica,19,0.4395,2025
4.5<potenza_impegnata<=6,Non Residente,07,Sabato,12,0.31025,2025
4.5<potenza_impegnata<=6,Tutti,07,Domenica,17,0.395,2025
4.5<potenza_impegnata<=6,Residente,07,Domenica,11,0.3395,2025
4.5<potenza_impegnata<=6,Tutti,07,Sabato,6,0.25325,2025
4.5<potenza_impegnata<=6,Non Residente,07,Sabato,13,0.32125,2025
4.5<potenza_impegnata<=6,Tutti,07,Sabato,7,0.26025,2025
4.5<potenza_impegnata<=6,Tutti,07,Domenica,13,0.38625,2025
4.5<potenza_impegnata<=6,Residente,08,Domenica,17,0.32483333333333336,2025
4.5<potenza_impegnata<=6,Residente,08,Domenica,16,0.32016666666666665,2025
4.5<potenza_impegnata<=6,Residente,08,Domenica,15,0.32016666666666665,2025
4.5<potenza_impegnata<=6,Residente,08,Domenica,14,0.32266666666666666,2025
4.5<potenza_impegnata<=6,Residente,08,Domenica,13,0.3253333333333333,2025
4.5<potenza_impegnata<=6,Residente,08,Domenica,12,0.31883333333333336,2025
4.5<potenza_impegnata<=6,Residente,08,Domenica,11,0.28983333333333333,2025
4.5<potenza_impegnata<=6,Residente,08,Domenica,10,0.27099999999999996,2025
4.5<potenza_impegnata<=6,Residente,08,Domenica,9,0.25133333333333335,2025
4.5<potenza_impegnata<=6,Residente,08,Domenica,0,0.285,2025
4.5<potenza_impegnata<=6,Non Residente,08,Sabato,8,0.2024,2025
4.5<potenza_impegnata<=6,Non Residente,08,Sabato,7,0.1876,2025
4.5<potenza_impegnata<=6,Non Residente,08,Sabato,6,0.1796,2025
4.5<potenza_impegnata<=6,Non Residente,08,Sabato,5,0.1802,2025
4.5<potenza_impegnata<=6,Non Residente,08,Sabato,4,0.1824,2025
4.5<potenza_impegnata<=6,Non Residente,08,Sabato,3,0.189,2025
4.5<potenza_impegnata<=6,Non Residente,08,Sabato,2,0.1988,2025
4.5<potenza_impegnata<=6,Non Residente,08,Sabato,23,0.2612,2025
4.5<potenza_impegnata<=6,Non Residente,08,Sabato,22,0.2786,2025
4.5<potenza_impegnata<=6,Non Residente,08,Sabato,21,0.28959999999999997,2025
4.5<potenza_impegnata<=6,Non Residente,08,Sabato,20,0.2922,2025
4.5<potenza_impegnata<=6,Non Residente,08,Sabato,19,0.2806,2025
4.5<potenza_impegnata<=6,Non Residente,08,Sabato,1,0.2142,2025
4.5<potenza_impegnata<=6,Non Residente,08,Sabato,18,0.2652,2025
4.5<potenza_impegnata<=6,Non Residente,08,Sabato,17,0.2578,2025
4.5<potenza_impegnata<=6,Non Residente,08,Sabato,16,0.256,2025
4.5<potenza_impegnata<=6,Non Residente,08,Sabato,15,0.25579999999999997,2025
4.5<potenza_impegnata<=6,Non Residente,08,Sabato,14,0.2578,2025
4.5<potenza_impegnata<=6,Non Residente,08,Sabato,13,0.2604,2025
4.5<potenza_impegnata<=6,Non Residente,08,Sabato,12,0.2552,2025
4.5<potenza_impegnata<=6,Non Residente,08,Sabato,11,0.2406,2025
4.5<potenza_impegnata<=6,Non Residente,08,Sabato,10,0.2332,2025
4.5<potenza_impegnata<=6,Non Residente,08,Sabato,9,0.22080000000000002,2025
4.5<potenza_impegnata<=6,Non Residente,08,Sabato,0,0.2384,2025
4.5<potenza_impegnata<=6,Non Residente,08,Giorno feriale,8,0.2198,2025
4.5<potenza_impegnata<=6,Non Residente,08,Giorno feriale,7,0.2011,2025
4.5<potenza_impegnata<=6,Non Residente,08,Giorno feriale,6,0.18785000000000002,2025
4.5<potenza_impegnata<=6,Non Residente,08,Giorno feriale,5,0.18755000000000002,2025
4.5<potenza_impegnata<=6,Non Residente,08,Giorno feriale,4,0.19005,2025
4.5<potenza_impegnata<=6,Non Residente,08,Giorno feriale,3,0.19649999999999998,2025
4.5<potenza_impegnata<=6,Non Residente,08,Giorno feriale,2,0.2065,2025
4.5<potenza_impegnata<=6,Non Residente,08,Giorno feriale,23,0.26959999999999995,2025
4.5<potenza_impegnata<=6,Non Residente,08,Giorno feriale,22,0.2899,2025
4.5<potenza_impegnata<=6,Non Residente,08,Giorno feriale,21,0.30185,2025
4.5<potenza_impegnata<=6,Non Residente,08,Giorno feriale,20,0.30395,2025
4.5<potenza_impegnata<=6,Non Residente,08,Giorno feriale,19,0.29315,2025
4.5<potenza_impegnata<=6,Non Residente,08,Giorno feriale,1,0.2237,2025
4.5<potenza_impegnata<=6,Non Residente,08,Giorno feriale,18,0.2731,2025
4.5<potenza_impegnata<=6,Non Residente,08,Giorno feriale,17,0.26535000000000003,2025
4.5<potenza_impegnata<=6,Non Residente,08,Giorno feriale,16,0.26455,2025
4.5<potenza_impegnata<=6,Non Residente,08,Giorno feriale,15,0.26444999999999996,2025
4.5<potenza_impegnata<=6,Non Residente,08,Giorno feriale,14,0.2636,2025
4.5<potenza_impegnata<=6,Non Residente,08,Giorno feriale,13,0.26295,2025
4.5<potenza_impegnata<=6,Non Residente,08,Giorno feriale,12,0.2573,2025
4.5<potenza_impegnata<=6,Non Residente,08,Giorno feriale,11,0.24794999999999998,2025
4.5<potenza_impegnata<=6,Non Residente,08,Giorno feriale,10,0.24170000000000003,2025
4.5<potenza_impegnata<=6,Non Residente,08,Giorno feriale,9,0.23424999999999999,2025
4.5<potenza_impegnata<=6,Non Residente,08,Giorno feriale,0,0.24885000000000002,2025
4.5<potenza_impegnata<=6,Non Residente,08,Domenica,8,0.20566666666666666,2025
4.5<potenza_impegnata<=6,Non Residente,08,Domenica,7,0.19199999999999998,2025
4.5<potenza_impegnata<=6,Non Residente,08,Domenica,6,0.18866666666666665,2025
4.5<potenza_impegnata<=6,Non Residente,08,Domenica,5,0.19133333333333333,2025
4.5<potenza_impegnata<=6,Non Residente,08,Domenica,4,0.19433333333333333,2025
4.5<potenza_impegnata<=6,Non Residente,08,Domenica,3,0.20233333333333334,2025
4.5<potenza_impegnata<=6,Non Residente,08,Domenica,2,0.21233333333333335,2025
4.5<potenza_impegnata<=6,Non Residente,08,Domenica,23,0.27799999999999997,2025
4.5<potenza_impegnata<=6,Non Residente,08,Domenica,22,0.2966666666666667,2025
4.5<potenza_impegnata<=6,Non Residente,08,Domenica,21,0.31133333333333335,2025
4.5<potenza_impegnata<=6,Non Residente,08,Domenica,20,0.31266666666666665,2025
4.5<potenza_impegnata<=6,Non Residente,08,Domenica,19,0.30016666666666664,2025
4.5<potenza_impegnata<=6,Non Residente,08,Domenica,1,0.22883333333333333,2025
4.5<potenza_impegnata<=6,Non Residente,08,Domenica,18,0.2816666666666667,2025
4.5<potenza_impegnata<=6,Non Residente,08,Domenica,17,0.27299999999999996,2025
4.5<potenza_impegnata<=6,Non Residente,08,Domenica,16,0.2665,2025
4.5<potenza_impegnata<=6,Non Residente,08,Domenica,15,0.26566666666666666,2025
4.5<potenza_impegnata<=6,Non Residente,08,Domenica,14,0.26666666666666666,2025
4.5<potenza_impegnata<=6,Non Residente,08,Domenica,13,0.27066666666666667,2025
4.5<potenza_impegnata<=6,Non Residente,08,Domenica,12,0.266,2025
4.5<potenza_impegnata<=6,Non Residente,08,Domenica,11,0.25016666666666665,2025
4.5<potenza_impegnata<=6,Non Residente,08,Domenica,10,0.23966666666666667,2025
4.5<potenza_impegnata<=6,Non Residente,08,Domenica,9,0.225,2025
4.5<potenza_impegnata<=6,Non Residente,08,Domenica,0,0.25266666666666665,2025
4.5<potenza_impegnata<=6,Tutti,08,Sabato,8,0.2178,2025
4.5<potenza_impegnata<=6,Tutti,08,Sabato,7,0.20139999999999997,2025
4.5<potenza_impegnata<=6,Tutti,08,Sabato,6,0.1924,2025
4.5<potenza_impegnata<=6,Tutti,08,Sabato,5,0.19319999999999998,2025
4.5<potenza_impegnata<=6,Tutti,08,Sabato,4,0.1958,2025
4.5<potenza_impegnata<=6,Tutti,08,Sabato,3,0.20259999999999997,2025
4.5<potenza_impegnata<=6,Tutti,08,Sabato,2,0.2132,2025
4.5<potenza_impegnata<=6,Tutti,08,Sabato,23,0.2942,2025
4.5<potenza_impegnata<=6,Tutti,08,Sabato,22,0.3226,2025
4.5<potenza_impegnata<=6,Tutti,08,Sabato,21,0.3422,2025
4.5<potenza_impegnata<=6,Tutti,08,Sabato,20,0.3476,2025
4.5<potenza_impegnata<=6,Tutti,08,Sabato,19,0.3342,2025
4.5<potenza_impegnata<=6,Tutti,08,Sabato,1,0.23020000000000002,2025
4.5<potenza_impegnata<=6,Tutti,08,Sabato,18,0.30579999999999996,2025
4.5<potenza_impegnata<=6,Tutti,08,Sabato,17,0.29359999999999997,2025
4.5<potenza_impegnata<=6,Tutti,08,Sabato,16,0.2906,2025
4.5<potenza_impegnata<=6,Tutti,08,Sabato,15,0.29159999999999997,2025
4.5<potenza_impegnata<=6,Tutti,08,Sabato,14,0.2952,2025
4.5<potenza_impegnata<=6,Tutti,08,Sabato,13,0.29700000000000004,2025
4.5<potenza_impegnata<=6,Tutti,08,Sabato,12,0.286,2025
4.5<potenza_impegnata<=6,Tutti,08,Sabato,11,0.2624,2025
4.5<potenza_impegnata<=6,Tutti,08,Sabato,10,0.2506,2025
4.5<potenza_impegnata<=6,Tutti,08,Sabato,9,0.238,2025
4.5<potenza_impegnata<=6,Tutti,08,Sabato,0,0.2586,2025
4.5<potenza_impegnata<=6,Tutti,08,Giorno feriale,8,0.23379999999999995,2025
4.5<potenza_impegnata<=6,Tutti,08,Giorno feriale,7,0.21755,2025
4.5<potenza_impegnata<=6,Tutti,08,Giorno feriale,6,0.20395,2025
4.5<potenza_impegnata<=6,Tutti,08,Giorno feriale,5,0.20309999999999997,2025
4.5<potenza_impegnata<=6,Tutti,08,Giorno feriale,4,0.20599999999999996,2025
4.5<potenza_impegnata<=6,Tutti,08,Giorno feriale,3,0.21334999999999998,2025
4.5<potenza_impegnata<=6,Tutti,08,Giorno feriale,2,0.22400000000000003,2025
4.5<potenza_impegnata<=6,Tutti,08,Giorno feriale,23,0.3009,2025
4.5<potenza_impegnata<=6,Tutti,08,Giorno feriale,22,0.33290000000000003,2025
4.5<potenza_impegnata<=6,Tutti,08,Giorno feriale,21,0.3554,2025
4.5<potenza_impegnata<=6,Tutti,08,Giorno feriale,20,0.3605999999999999,2025
4.5<potenza_impegnata<=6,Tutti,08,Giorno feriale,19,0.34665,2025
4.5<potenza_impegnata<=6,Tutti,08,Giorno feriale,1,0.24184999999999998,2025
4.5<potenza_impegnata<=6,Tutti,08,Giorno feriale,18,0.31055,2025
4.5<potenza_impegnata<=6,Tutti,08,Giorno feriale,17,0.2949,2025
4.5<potenza_impegnata<=6,Tutti,08,Giorno feriale,16,0.29174999999999995,2025
4.5<potenza_impegnata<=6,Tutti,08,Giorno feriale,15,0.29215,2025
4.5<potenza_impegnata<=6,Tutti,08,Giorno feriale,14,0.2935,2025
4.5<potenza_impegnata<=6,Tutti,08,Giorno feriale,13,0.2936500000000001,2025
4.5<potenza_impegnata<=6,Tutti,08,Giorno feriale,12,0.28385,2025
4.5<potenza_impegnata<=6,Tutti,08,Giorno feriale,11,0.26494999999999996,2025
4.5<potenza_impegnata<=6,Tutti,08,Giorno feriale,10,0.256,2025
4.5<potenza_impegnata<=6,Tutti,08,Giorno feriale,9,0.24725000000000003,2025
4.5<potenza_impegnata<=6,Tutti,08,Giorno feriale,0,0.27195,2025
4.5<potenza_impegnata<=6,Tutti,08,Domenica,8,0.2225,2025
4.5<potenza_impegnata<=6,Tutti,08,Domenica,7,0.20666666666666667,2025
4.5<potenza_impegnata<=6,Tutti,08,Domenica,6,0.204,2025
4.5<potenza_impegnata<=6,Tutti,08,Domenica,5,0.20750000000000002,2025
4.5<potenza_impegnata<=6,Tutti,08,Domenica,4,0.21116666666666664,2025
4.5<potenza_impegnata<=6,Tutti,08,Domenica,3,0.21916666666666665,2025
4.5<potenza_impegnata<=6,Tutti,08,Domenica,2,0.23083333333333333,2025
4.5<potenza_impegnata<=6,Tutti,08,Domenica,23,0.315,2025
4.5<potenza_impegnata<=6,Tutti,08,Domenica,22,0.3475,2025
4.5<potenza_impegnata<=6,Tutti,08,Domenica,21,0.3721666666666667,2025
4.5<potenza_impegnata<=6,Tutti,08,Domenica,20,0.3761666666666667,2025
4.5<potenza_impegnata<=6,Tutti,08,Domenica,19,0.35800000000000004,2025
4.5<potenza_impegnata<=6,Tutti,08,Domenica,1,0.24933333333333332,2025
4.5<potenza_impegnata<=6,Tutti,08,Domenica,18,0.32783333333333337,2025
4.5<potenza_impegnata<=6,Tutti,08,Domenica,17,0.31366666666666665,2025
4.5<potenza_impegnata<=6,Tutti,08,Domenica,16,0.3086666666666667,2025
4.5<potenza_impegnata<=6,Tutti,08,Domenica,15,0.3085,2025
4.5<potenza_impegnata<=6,Tutti,08,Domenica,14,0.3106666666666667,2025
4.5<potenza_impegnata<=6,Tutti,08,Domenica,13,0.31366666666666665,2025
4.5<potenza_impegnata<=6,Tutti,08,Domenica,12,0.3075,2025
4.5<potenza_impegnata<=6,Tutti,08,Domenica,11,0.2811666666666667,2025
4.5<potenza_impegnata<=6,Tutti,08,Domenica,10,0.26416666666666666,2025
4.5<potenza_impegnata<=6,Tutti,08,Domenica,9,0.24550000000000002,2025
4.5<potenza_impegnata<=6,Tutti,08,Domenica,0,0.2778333333333333,2025
4.5<potenza_impegnata<=6,Residente,08,Sabato,8,0.22200000000000003,2025
4.5<potenza_impegnata<=6,Residente,08,Sabato,7,0.20539999999999997,2025
4.5<potenza_impegnata<=6,Residente,08,Sabato,6,0.19619999999999999,2025
4.5<potenza_impegnata<=6,Residente,08,Sabato,5,0.1968,2025
4.5<potenza_impegnata<=6,Residente,08,Sabato,4,0.1994,2025
4.5<potenza_impegnata<=6,Residente,08,Sabato,3,0.2062,2025
4.5<potenza_impegnata<=6,Residente,08,Sabato,2,0.217,2025
4.5<potenza_impegnata<=6,Residente,08,Sabato,23,0.3034,2025
4.5<potenza_impegnata<=6,Residente,08,Sabato,22,0.3346,2025
4.5<potenza_impegnata<=6,Residente,08,Sabato,21,0.3564,2025
4.5<potenza_impegnata<=6,Residente,08,Sabato,20,0.3628,2025
4.5<potenza_impegnata<=6,Residente,08,Sabato,19,0.3488,2025
4.5<potenza_impegnata<=6,Residente,08,Sabato,1,0.2346,2025
4.5<potenza_impegnata<=6,Residente,08,Sabato,18,0.317,2025
4.5<potenza_impegnata<=6,Residente,08,Sabato,17,0.3036,2025
4.5<potenza_impegnata<=6,Residente,08,Sabato,16,0.30019999999999997,2025
4.5<potenza_impegnata<=6,Residente,08,Sabato,15,0.3014,2025
4.5<potenza_impegnata<=6,Residente,08,Sabato,14,0.3054,2025
4.5<potenza_impegnata<=6,Residente,08,Sabato,13,0.307,2025
4.5<potenza_impegnata<=6,Residente,08,Sabato,12,0.2944,2025
4.5<potenza_impegnata<=6,Residente,08,Sabato,11,0.2686,2025
4.5<potenza_impegnata<=6,Residente,08,Sabato,10,0.25539999999999996,2025
4.5<potenza_impegnata<=6,Residente,08,Sabato,9,0.2428,2025
4.5<potenza_impegnata<=6,Residente,08,Sabato,0,0.2642,2025
4.5<potenza_impegnata<=6,Residente,08,Giorno feriale,8,0.23775,2025
4.5<potenza_impegnata<=6,Residente,08,Giorno feriale,7,0.2222,2025
4.5<potenza_impegnata<=6,Residente,08,Giorno feriale,6,0.2084,2025
4.5<potenza_impegnata<=6,Residente,08,Giorno feriale,5,0.20745,2025
4.5<potenza_impegnata<=6,Residente,08,Giorno feriale,4,0.21044999999999997,2025
4.5<potenza_impegnata<=6,Residente,08,Giorno feriale,3,0.21800000000000003,2025
4.5<potenza_impegnata<=6,Residente,08,Giorno feriale,2,0.22885,2025
4.5<potenza_impegnata<=6,Residente,08,Giorno feriale,23,0.30965,2025
4.5<potenza_impegnata<=6,Residente,08,Giorno feriale,22,0.34459999999999996,2025
4.5<potenza_impegnata<=6,Residente,08,Giorno feriale,21,0.36995,2025
4.5<potenza_impegnata<=6,Residente,08,Giorno feriale,20,0.37605,2025
4.5<potenza_impegnata<=6,Residente,08,Giorno feriale,19,0.36114999999999997,2025
4.5<potenza_impegnata<=6,Residente,08,Giorno feriale,1,0.24689999999999998,2025
4.5<potenza_impegnata<=6,Residente,08,Giorno feriale,18,0.32080000000000003,2025
4.5<potenza_impegnata<=6,Residente,08,Giorno feriale,17,0.3031,2025
4.5<potenza_impegnata<=6,Residente,08,Giorno feriale,16,0.29934999999999995,2025
4.5<potenza_impegnata<=6,Residente,08,Giorno feriale,15,0.29975,2025
4.5<potenza_impegnata<=6,Residente,08,Giorno feriale,14,0.30175,2025
4.5<potenza_impegnata<=6,Residente,08,Giorno feriale,13,0.30205000000000004,2025
4.5<potenza_impegnata<=6,Residente,08,Giorno feriale,12,0.29115,2025
4.5<potenza_impegnata<=6,Residente,08,Giorno feriale,11,0.26975000000000005,2025
4.5<potenza_impegnata<=6,Residente,08,Giorno feriale,10,0.26005,2025
4.5<potenza_impegnata<=6,Residente,08,Giorno feriale,9,0.25095,2025
4.5<potenza_impegnata<=6,Residente,08,Giorno feriale,0,0.27835,2025
4.5<potenza_impegnata<=6,Residente,08,Domenica,8,0.22716666666666666,2025
4.5<potenza_impegnata<=6,Residente,08,Domenica,7,0.21083333333333332,2025
4.5<potenza_impegnata<=6,Residente,08,Domenica,6,0.20833333333333334,2025
4.5<potenza_impegnata<=6,Residente,08,Domenica,5,0.21216666666666664,2025
4.5<potenza_impegnata<=6,Residente,08,Domenica,4,0.21583333333333332,2025
4.5<potenza_impegnata<=6,Residente,08,Domenica,3,0.22383333333333333,2025
4.5<potenza_impegnata<=6,Residente,08,Domenica,2,0.236,2025
4.5<potenza_impegnata<=6,Residente,08,Domenica,23,0.32516666666666666,2025
4.5<potenza_impegnata<=6,Residente,08,Domenica,22,0.3615,2025
4.5<potenza_impegnata<=6,Residente,08,Domenica,21,0.38883333333333336,2025
4.5<potenza_impegnata<=6,Residente,08,Domenica,20,0.3933333333333333,2025
4.5<potenza_impegnata<=6,Residente,08,Domenica,19,0.37366666666666665,2025
4.5<potenza_impegnata<=6,Residente,08,Domenica,1,0.25516666666666665,2025
4.5<potenza_impegnata<=6,Residente,08,Domenica,18,0.3405,2025
4.5<potenza_impegnata<=6,Tutti,09,Giorno feriale,4,0.17177272727272727,2025
4.5<potenza_impegnata<=6,Residente,09,Giorno feriale,6,0.2034090909090909,2025
4.5<potenza_impegnata<=6,Tutti,09,Giorno feriale,9,0.30404545454545456,2025
4.5<potenza_impegnata<=6,Tutti,09,Domenica,14,0.3355,2025
4.5<potenza_impegnata<=6,Non Residente,09,Sabato,18,0.29475,2025
4.5<potenza_impegnata<=6,Residente,09,Giorno feriale,17,0.2979545454545454,2025
4.5<potenza_impegnata<=6,Tutti,09,Sabato,13,0.35975,2025
4.5<potenza_impegnata<=6,Residente,09,Domenica,19,0.4605,2025
4.5<potenza_impegnata<=6,Non Residente,09,Domenica,4,0.16775,2025
4.5<potenza_impegnata<=6,Residente,09,Sabato,5,0.178,2025
4.5<potenza_impegnata<=6,Residente,09,Sabato,10,0.31425,2025
4.5<potenza_impegnata<=6,Residente,09,Domenica,5,0.18,2025
4.5<potenza_impegnata<=6,Residente,09,Giorno feriale,13,0.3321818181818182,2025
4.5<potenza_impegnata<=6,Tutti,09,Domenica,1,0.225,2025
4.5<potenza_impegnata<=6,Tutti,09,Domenica,9,0.28675,2025
4.5<potenza_impegnata<=6,Residente,09,Sabato,23,0.3085,2025
4.5<potenza_impegnata<=6,Non Residente,09,Domenica,23,0.296,2025
4.5<potenza_impegnata<=6,Residente,09,Sabato,9,0.303,2025
4.5<potenza_impegnata<=6,Residente,09,Giorno feriale,4,0.1749090909090909,2025
4.5<potenza_impegnata<=6,Non Residente,09,Sabato,14,0.30325,2025
4.5<potenza_impegnata<=6,Tutti,09,Sabato,8,0.2565,2025
4.5<potenza_impegnata<=6,Non Residente,09,Giorno feriale,10,0.2805454545454546,2025
4.5<potenza_impegnata<=6,Tutti,09,Sabato,18,0.32875,2025
4.5<potenza_impegnata<=6,Tutti,09,Giorno feriale,6,0.19795454545454547,2025
4.5<potenza_impegnata<=6,Tutti,09,Giorno feriale,19,0.4397272727272728,2025
4.5<potenza_impegnata<=6,Non Residente,09,Domenica,8,0.2175,2025
4.5<potenza_impegnata<=6,Tutti,09,Domenica,8,0.2395,2025
4.5<potenza_impegnata<=6,Residente,09,Domenica,16,0.31425,2025
4.5<potenza_impegnata<=6,Residente,09,Domenica,10,0.3195,2025
4.5<potenza_impegnata<=6,Residente,09,Sabato,8,0.26325,2025
4.5<potenza_impegnata<=6,Residente,09,Sabato,6,0.185,2025
4.5<potenza_impegnata<=6,Non Residente,09,Domenica,2,0.1905,2025
4.5<potenza_impegnata<=6,Non Residente,09,Sabato,3,0.174,2025
4.5<potenza_impegnata<=6,Residente,09,Sabato,19,0.41675,2025
4.5<potenza_impegnata<=6,Non Residente,09,Sabato,2,0.18775,2025
4.5<potenza_impegnata<=6,Non Residente,09,Sabato,23,0.275,2025
4.5<potenza_impegnata<=6,Non Residente,09,Sabato,17,0.279,2025
4.5<potenza_impegnata<=6,Residente,09,Giorno feriale,19,0.4600454545454546,2025
4.5<potenza_impegnata<=6,Non Residente,09,Domenica,20,0.396,2025
4.5<potenza_impegnata<=6,Tutti,09,Sabato,4,0.176,2025
4.5<potenza_impegnata<=6,Tutti,09,Sabato,16,0.3065,2025
4.5<potenza_impegnata<=6,Residente,09,Giorno feriale,11,0.30272727272727273,2025
4.5<potenza_impegnata<=6,Tutti,09,Sabato,14,0.34225,2025
4.5<potenza_impegnata<=6,Tutti,09,Giorno feriale,2,0.18863636363636366,2025
4.5<potenza_impegnata<=6,Residente,09,Domenica,2,0.2025,2025
4.5<potenza_impegnata<=6,Residente,09,Domenica,1,0.22775,2025
4.5<potenza_impegnata<=6,Tutti,09,Domenica,23,0.32425,2025
4.5<potenza_impegnata<=6,Residente,09,Domenica,13,0.37175,2025
4.5<potenza_impegnata<=6,Tutti,09,Domenica,18,0.34275,2025
4.5<potenza_impegnata<=6,Tutti,09,Domenica,15,0.3185,2025
4.5<potenza_impegnata<=6,Non Residente,09,Domenica,3,0.176,2025
4.5<potenza_impegnata<=6,Non Residente,09,Domenica,11,0.28625,2025
4.5<potenza_impegnata<=6,Non Residente,09,Sabato,7,0.19475,2025
4.5<potenza_impegnata<=6,Residente,09,Sabato,4,0.1785,2025
4.5<potenza_impegnata<=6,Non Residente,09,Sabato,6,0.16925,2025
4.5<potenza_impegnata<=6,Residente,09,Sabato,1,0.22075,2025
4.5<potenza_impegnata<=6,Residente,09,Sabato,18,0.33825,2025
4.5<potenza_impegnata<=6,Residente,09,Sabato,16,0.31375,2025
4.5<potenza_impegnata<=6,Residente,09,Sabato,15,0.33025,2025
4.5<potenza_impegnata<=6,Non Residente,09,Sabato,22,0.3065,2025
4.5<potenza_impegnata<=6,Residente,09,Sabato,14,0.353,2025
4.5<potenza_impegnata<=6,Residente,09,Sabato,11,0.3205,2025
4.5<potenza_impegnata<=6,Non Residente,09,Sabato,20,0.3565,2025
4.5<potenza_impegnata<=6,Non Residente,09,Sabato,19,0.3355,2025
4.5<potenza_impegnata<=6,Residente,09,Sabato,0,0.26225,2025
4.5<potenza_impegnata<=6,Non Residente,09,Sabato,4,0.167,2025
4.5<potenza_impegnata<=6,Residente,09,Giorno feriale,5,0.17736363636363636,2025
4.5<potenza_impegnata<=6,Non Residente,09,Domenica,21,0.3735,2025
4.5<potenza_impegnata<=6,Residente,09,Giorno feriale,3,0.18027272727272725,2025
4.5<potenza_impegnata<=6,Non Residente,09,Sabato,16,0.2805,2025
4.5<potenza_impegnata<=6,Non Residente,09,Sabato,8,0.23125,2025
4.5<potenza_impegnata<=6,Residente,09,Giorno feriale,22,0.3925,2025
4.5<potenza_impegnata<=6,Non Residente,09,Domenica,12,0.30875,2025
4.5<potenza_impegnata<=6,Residente,09,Domenica,0,0.2675,2025
4.5<potenza_impegnata<=6,Tutti,09,Sabato,2,0.196,2025
4.5<potenza_impegnata<=6,Residente,09,Giorno feriale,16,0.29131818181818186,2025
4.5<potenza_impegnata<=6,Residente,09,Giorno feriale,15,0.3024545454545455,2025
4.5<potenza_impegnata<=6,Non Residente,09,Giorno feriale,9,0.28554545454545455,2025
4.5<potenza_impegnata<=6,Residente,09,Giorno feriale,10,0.3039545454545455,2025
4.5<potenza_impegnata<=6,Tutti,09,Sabato,12,0.34825,2025
4.5<potenza_impegnata<=6,Non Residente,09,Domenica,9,0.2545,2025
4.5<potenza_impegnata<=6,Residente,09,Giorno feriale,9,0.3093181818181818,2025
4.5<potenza_impegnata<=6,Tutti,09,Giorno feriale,3,0.1774090909090909,2025
4.5<potenza_impegnata<=6,Tutti,09,Giorno feriale,23,0.3143636363636364,2025
4.5<potenza_impegnata<=6,Tutti,09,Giorno feriale,22,0.37981818181818183,2025
4.5<potenza_impegnata<=6,Residente,09,Domenica,4,0.18075,2025
4.5<potenza_impegnata<=6,Tutti,09,Giorno feriale,21,0.43509090909090914,2025
4.5<potenza_impegnata<=6,Non Residente,09,Domenica,13,0.31425,2025
4.5<potenza_impegnata<=6,Tutti,09,Giorno feriale,20,0.4697727272727273,2025
4.5<potenza_impegnata<=6,Non Residente,09,Domenica,7,0.183,2025
4.5<potenza_impegnata<=6,Tutti,09,Giorno feriale,18,0.33254545454545453,2025
4.5<potenza_impegnata<=6,Tutti,09,Giorno feriale,15,0.29604545454545456,2025
4.5<potenza_impegnata<=6,Residente,09,Domenica,21,0.45575,2025
4.5<potenza_impegnata<=6,Tutti,09,Giorno feriale,12,0.3146363636363636,2025
4.5<potenza_impegnata<=6,Residente,09,Domenica,8,0.24525,2025
4.5<potenza_impegnata<=6,Tutti,09,Giorno feriale,0,0.25636363636363635,2025
4.5<potenza_impegnata<=6,Tutti,09,Domenica,7,0.198,2025
4.5<potenza_impegnata<=6,Residente,09,Domenica,18,0.3545,2025
4.5<potenza_impegnata<=6,Tutti,09,Domenica,4,0.178,2025
4.5<potenza_impegnata<=6,Residente,09,Giorno feriale,12,0.32249999999999995,2025
4.5<potenza_impegnata<=6,Residente,09,Domenica,15,0.3285,2025
4.5<potenza_impegnata<=6,Tutti,09,Domenica,21,0.43825,2025
4.5<potenza_impegnata<=6,Residente,09,Giorno feriale,14,0.32,2025
4.5<potenza_impegnata<=6,Tutti,09,Domenica,20,0.475,2025
4.5<potenza_impegnata<=6,Non Residente,09,Domenica,14,0.29375,2025
4.5<potenza_impegnata<=6,Residente,09,Domenica,12,0.37475,2025
4.5<potenza_impegnata<=6,Tutti,09,Domenica,16,0.30575,2025
4.5<potenza_impegnata<=6,Tutti,09,Domenica,12,0.36075,2025
4.5<potenza_impegnata<=6,Tutti,09,Domenica,11,0.3225,2025
4.5<potenza_impegnata<=6,Residente,09,Domenica,9,0.29575,2025
4.5<potenza_impegnata<=6,Tutti,09,Domenica,10,0.31,2025
4.5<potenza_impegnata<=6,Non Residente,09,Giorno feriale,11,0.27704545454545454,2025
4.5<potenza_impegnata<=6,Tutti,09,Domenica,0,0.263,2025
4.5<potenza_impegnata<=6,Residente,09,Sabato,7,0.21875,2025
4.5<potenza_impegnata<=6,Non Residente,09,Giorno feriale,12,0.28613636363636363,2025
4.5<potenza_impegnata<=6,Residente,09,Sabato,3,0.1855,2025
4.5<potenza_impegnata<=6,Residente,09,Sabato,2,0.19825,2025
4.5<potenza_impegnata<=6,Non Residente,09,Sabato,5,0.16425,2025
4.5<potenza_impegnata<=6,Non Residente,09,Giorno feriale,13,0.2947272727272728,2025
4.5<potenza_impegnata<=6,Non Residente,09,Domenica,15,0.28125,2025
4.5<potenza_impegnata<=6,Non Residente,09,Giorno feriale,14,0.2841363636363637,2025
4.5<potenza_impegnata<=6,Residente,09,Sabato,17,0.3105,2025
4.5<potenza_impegnata<=6,Non Residente,09,Giorno feriale,15,0.2731363636363637,2025
4.5<potenza_impegnata<=6,Residente,09,Sabato,13,0.3715,2025
4.5<potenza_impegnata<=6,Non Residente,09,Sabato,21,0.33275,2025
4.5<potenza_impegnata<=6,Residente,09,Sabato,12,0.35925,2025
4.5<potenza_impegnata<=6,Non Residente,09,Domenica,22,0.33775,2025
4.5<potenza_impegnata<=6,Non Residente,09,Giorno feriale,16,0.26586363636363636,2025
4.5<potenza_impegnata<=6,Residente,09,Sabato,20,0.4365,2025
4.5<potenza_impegnata<=6,Non Residente,09,Giorno feriale,17,0.27,2025
4.5<potenza_impegnata<=6,Residente,09,Sabato,21,0.396,2025
4.5<potenza_impegnata<=6,Residente,09,Giorno feriale,8,0.3033181818181818,2025
4.5<potenza_impegnata<=6,Non Residente,09,Domenica,0,0.24625,2025
4.5<potenza_impegnata<=6,Non Residente,09,Sabato,1,0.209,2025
4.5<potenza_impegnata<=6,Residente,09,Sabato,22,0.3545,2025
4.5<potenza_impegnata<=6,Residente,09,Giorno feriale,7,0.27509090909090905,2025
4.5<potenza_impegnata<=6,Non Residente,09,Domenica,16,0.2745,2025
4.5<potenza_impegnata<=6,Non Residente,09,Giorno feriale,18,0.2965,2025
4.5<potenza_impegnata<=6,Non Residente,09,Giorno feriale,1,0.20190909090909093,2025
4.5<potenza_impegnata<=6,Residente,09,Giorno feriale,2,0.19136363636363637,2025
4.5<potenza_impegnata<=6,Residente,09,Giorno feriale,23,0.32195454545454544,2025
4.5<potenza_impegnata<=6,Non Residente,09,Sabato,15,0.289,2025
4.5<potenza_impegnata<=6,Residente,09,Giorno feriale,21,0.4521818181818182,2025
4.5<potenza_impegnata<=6,Non Residente,09,Giorno feriale,19,0.3647272727272727,2025
4.5<potenza_impegnata<=6,Residente,09,Giorno feriale,20,0.4894545454545455,2025
4.5<potenza_impegnata<=6,Residente,09,Giorno feriale,1,0.21440909090909094,2025
4.5<potenza_impegnata<=6,Non Residente,09,Giorno feriale,20,0.39709090909090905,2025
4.5<potenza_impegnata<=6,Residente,09,Giorno feriale,18,0.34236363636363637,2025
4.5<potenza_impegnata<=6,Tutti,09,Sabato,5,0.175,2025
4.5<potenza_impegnata<=6,Non Residente,09,Domenica,17,0.277,2025
4.5<potenza_impegnata<=6,Tutti,09,Sabato,3,0.183,2025
4.5<potenza_impegnata<=6,Non Residente,09,Giorno feriale,21,0.3723181818181818,2025
4.5<potenza_impegnata<=6,Tutti,09,Sabato,23,0.30125,2025
4.5<potenza_impegnata<=6,Tutti,09,Sabato,22,0.34425,2025
4.5<potenza_impegnata<=6,Tutti,09,Sabato,21,0.3825,2025
4.5<potenza_impegnata<=6,Tutti,09,Sabato,20,0.41925,2025
4.5<potenza_impegnata<=6,Non Residente,09,Giorno feriale,22,0.3331363636363636,2025
4.5<potenza_impegnata<=6,Tutti,09,Sabato,19,0.3995,2025
4.5<potenza_impegnata<=6,Tutti,09,Sabato,1,0.21825,2025
4.5<potenza_impegnata<=6,Non Residente,09,Domenica,10,0.27575,2025
4.5<potenza_impegnata<=6,Non Residente,09,Giorno feriale,23,0.2867272727272728,2025
4.5<potenza_impegnata<=6,Tutti,09,Sabato,15,0.3215,2025
4.5<potenza_impegnata<=6,Non Residente,09,Giorno feriale,0,0.242,2025
4.5<potenza_impegnata<=6,Tutti,09,Sabato,11,0.3135,2025
4.5<potenza_impegnata<=6,Non Residente,09,Giorno feriale,2,0.17859090909090908,2025
4.5<potenza_impegnata<=6,Tutti,09,Sabato,10,0.3075,2025
4.5<potenza_impegnata<=6,Tutti,09,Sabato,9,0.2955,2025
4.5<potenza_impegnata<=6,Residente,09,Giorno feriale,0,0.26031818181818184,2025
4.5<potenza_impegnata<=6,Non Residente,09,Domenica,18,0.3,2025
4.5<potenza_impegnata<=6,Non Residente,09,Giorno feriale,3,0.16654545454545455,2025
4.5<potenza_impegnata<=6,Residente,09,Domenica,7,0.20225,2025
4.5<potenza_impegnata<=6,Tutti,09,Giorno feriale,5,0.17386363636363636,2025
4.5<potenza_impegnata<=6,Residente,09,Domenica,6,0.1835,2025
4.5<potenza_impegnata<=6,Non Residente,09,Giorno feriale,4,0.16045454545454543,2025
4.5<potenza_impegnata<=6,Residente,09,Domenica,3,0.1885,2025
4.5<potenza_impegnata<=6,Non Residente,09,Giorno feriale,5,0.16077272727272726,2025
4.5<potenza_impegnata<=6,Tutti,09,Giorno feriale,1,0.21177272727272725,2025
4.5<potenza_impegnata<=6,Tutti,09,Giorno feriale,17,0.2918636363636364,2025
4.5<potenza_impegnata<=6,Residente,09,Domenica,23,0.332,2025
4.5<potenza_impegnata<=6,Non Residente,09,Giorno feriale,6,0.1780909090909091,2025
4.5<potenza_impegnata<=6,Tutti,09,Giorno feriale,16,0.2857727272727273,2025
4.5<potenza_impegnata<=6,Residente,09,Domenica,22,0.39825,2025
4.5<potenza_impegnata<=6,Non Residente,09,Domenica,1,0.2145,2025
4.5<potenza_impegnata<=6,Tutti,09,Giorno feriale,14,0.31213636363636366,2025
4.5<potenza_impegnata<=6,Tutti,09,Giorno feriale,13,0.3240909090909091,2025
4.5<potenza_impegnata<=6,Non Residente,09,Giorno feriale,7,0.23613636363636364,2025
4.5<potenza_impegnata<=6,Non Residente,09,Domenica,6,0.1685,2025
4.5<potenza_impegnata<=6,Tutti,09,Giorno feriale,11,0.2971818181818182,2025
4.5<potenza_impegnata<=6,Residente,09,Domenica,20,0.4965,2025
4.5<potenza_impegnata<=6,Tutti,09,Giorno feriale,10,0.2988181818181818,2025
4.5<potenza_impegnata<=6,Non Residente,09,Giorno feriale,8,0.2756818181818182,2025
4.5<potenza_impegnata<=6,Tutti,09,Giorno feriale,7,0.2666818181818182,2025
4.5<potenza_impegnata<=6,Tutti,09,Giorno feriale,8,0.2972727272727273,2025
4.5<potenza_impegnata<=6,Tutti,09,Sabato,0,0.258,2025
4.5<potenza_impegnata<=6,Non Residente,09,Sabato,0,0.24275,2025
4.5<potenza_impegnata<=6,Tutti,09,Domenica,6,0.18025,2025
4.5<potenza_impegnata<=6,Tutti,09,Domenica,5,0.177,2025
4.5<potenza_impegnata<=6,Non Residente,09,Domenica,5,0.1655,2025
4.5<potenza_impegnata<=6,Non Residente,09,Sabato,9,0.26825,2025
4.5<potenza_impegnata<=6,Residente,09,Domenica,17,0.3165,2025
4.5<potenza_impegnata<=6,Tutti,09,Domenica,3,0.18575,2025
4.5<potenza_impegnata<=6,Non Residente,09,Domenica,19,0.35875,2025
4.5<potenza_impegnata<=6,Tutti,09,Domenica,2,0.2,2025
4.5<potenza_impegnata<=6,Tutti,09,Sabato,17,0.30375,2025
4.5<potenza_impegnata<=6,Non Residente,09,Sabato,10,0.283,2025
4.5<potenza_impegnata<=6,Tutti,09,Domenica,22,0.38525,2025
4.5<potenza_impegnata<=6,Non Residente,09,Sabato,11,0.28775,2025
4.5<potenza_impegnata<=6,Residente,09,Domenica,14,0.34675,2025
4.5<potenza_impegnata<=6,Tutti,09,Domenica,19,0.43875,2025
4.5<potenza_impegnata<=6,Non Residente,09,Sabato,12,0.30675,2025
4.5<potenza_impegnata<=6,Tutti,09,Domenica,17,0.308,2025
4.5<potenza_impegnata<=6,Residente,09,Domenica,11,0.3325,2025
4.5<potenza_impegnata<=6,Tutti,09,Sabato,6,0.18175,2025
4.5<potenza_impegnata<=6,Non Residente,09,Sabato,13,0.31625,2025
4.5<potenza_impegnata<=6,Tutti,09,Sabato,7,0.2135,2025
4.5<potenza_impegnata<=6,Tutti,09,Domenica,13,0.3595,2025
4.5<potenza_impegnata<=6,Residente,10,Domenica,17,0.34825,2025
4.5<potenza_impegnata<=6,Residente,10,Domenica,16,0.3285,2025
4.5<potenza_impegnata<=6,Residente,10,Domenica,15,0.343,2025
4.5<potenza_impegnata<=6,Residente,10,Domenica,14,0.3685,2025
4.5<potenza_impegnata<=6,Residente,10,Domenica,13,0.40375,2025
4.5<potenza_impegnata<=6,Residente,10,Domenica,12,0.416,2025
4.5<potenza_impegnata<=6,Residente,10,Domenica,11,0.37475,2025
4.5<potenza_impegnata<=6,Residente,10,Domenica,10,0.364,2025
4.5<potenza_impegnata<=6,Residente,10,Domenica,9,0.341,2025
4.5<potenza_impegnata<=6,Residente,10,Domenica,0,0.2745,2025
4.5<potenza_impegnata<=6,Non Residente,10,Sabato,8,0.25575,2025
4.5<potenza_impegnata<=6,Non Residente,10,Sabato,7,0.205,2025
4.5<potenza_impegnata<=6,Non Residente,10,Sabato,6,0.1715,2025
4.5<potenza_impegnata<=6,Non Residente,10,Sabato,5,0.16225,2025
4.5<potenza_impegnata<=6,Non Residente,10,Sabato,4,0.1625,2025
4.5<potenza_impegnata<=6,Non Residente,10,Sabato,3,0.16925,2025
4.5<potenza_impegnata<=6,Non Residente,10,Sabato,2,0.18475,2025
4.5<potenza_impegnata<=6,Non Residente,10,Sabato,23,0.281,2025
4.5<potenza_impegnata<=6,Non Residente,10,Sabato,22,0.3175,2025
4.5<potenza_impegnata<=6,Non Residente,10,Sabato,21,0.35375,2025
4.5<potenza_impegnata<=6,Non Residente,10,Sabato,20,0.3875,2025
4.5<potenza_impegnata<=6,Non Residente,10,Sabato,19,0.381,2025
4.5<potenza_impegnata<=6,Non Residente,10,Sabato,1,0.20925,2025
4.5<potenza_impegnata<=6,Non Residente,10,Sabato,18,0.3215,2025
4.5<potenza_impegnata<=6,Non Residente,10,Sabato,17,0.28625,2025
4.5<potenza_impegnata<=6,Non Residente,10,Sabato,16,0.28175,2025
4.5<potenza_impegnata<=6,Non Residente,10,Sabato,15,0.29625,2025
4.5<potenza_impegnata<=6,Non Residente,10,Sabato,14,0.3175,2025
4.5<potenza_impegnata<=6,Non Residente,10,Sabato,13,0.339,2025
4.5<potenza_impegnata<=6,Non Residente,10,Sabato,12,0.32925,2025
4.5<potenza_impegnata<=6,Non Residente,10,Sabato,11,0.31025,2025
4.5<potenza_impegnata<=6,Non Residente,10,Sabato,10,0.31025,2025
4.5<potenza_impegnata<=6,Non Residente,10,Sabato,9,0.29775,2025
4.5<potenza_impegnata<=6,Non Residente,10,Sabato,0,0.247,2025
4.5<potenza_impegnata<=6,Non Residente,10,Giorno feriale,8,0.32121739130434784,2025
4.5<potenza_impegnata<=6,Non Residente,10,Giorno feriale,7,0.2746086956521739,2025
4.5<potenza_impegnata<=6,Non Residente,10,Giorno feriale,6,0.1932608695652174,2025
4.5<potenza_impegnata<=6,Non Residente,10,Giorno feriale,5,0.1633913043478261,2025
4.5<potenza_impegnata<=6,Non Residente,10,Giorno feriale,4,0.15891304347826085,2025
4.5<potenza_impegnata<=6,Non Residente,10,Giorno feriale,3,0.16382608695652176,2025
4.5<potenza_impegnata<=6,Non Residente,10,Giorno feriale,2,0.17678260869565215,2025
4.5<potenza_impegnata<=6,Non Residente,10,Giorno feriale,23,0.3066086956521739,2025
4.5<potenza_impegnata<=6,Non Residente,10,Giorno feriale,22,0.364,2025
4.5<potenza_impegnata<=6,Non Residente,10,Giorno feriale,21,0.41213043478260863,2025
4.5<potenza_impegnata<=6,Non Residente,10,Giorno feriale,20,0.4446521739130435,2025
4.5<potenza_impegnata<=6,Non Residente,10,Giorno feriale,19,0.42121739130434777,2025
4.5<potenza_impegnata<=6,Non Residente,10,Giorno feriale,1,0.20426086956521736,2025
4.5<potenza_impegnata<=6,Non Residente,10,Giorno feriale,18,0.33326086956521744,2025
4.5<potenza_impegnata<=6,Non Residente,10,Giorno feriale,17,0.28652173913043477,2025
4.5<potenza_impegnata<=6,Non Residente,10,Giorno feriale,16,0.27804347826086956,2025
4.5<potenza_impegnata<=6,Non Residente,10,Giorno feriale,15,0.2895217391304348,2025
4.5<potenza_impegnata<=6,Non Residente,10,Giorno feriale,14,0.30882608695652175,2025
4.5<potenza_impegnata<=6,Non Residente,10,Giorno feriale,13,0.32286956521739135,2025
4.5<potenza_impegnata<=6,Non Residente,10,Giorno feriale,12,0.3149565217391304,2025
4.5<potenza_impegnata<=6,Non Residente,10,Giorno feriale,11,0.308,2025
4.5<potenza_impegnata<=6,Non Residente,10,Giorno feriale,10,0.3168695652173913,2025
4.5<potenza_impegnata<=6,Non Residente,10,Giorno feriale,9,0.3272608695652174,2025
4.5<potenza_impegnata<=6,Non Residente,10,Giorno feriale,0,0.25260869565217386,2025
4.5<potenza_impegnata<=6,Non Residente,10,Domenica,8,0.2395,2025
4.5<potenza_impegnata<=6,Non Residente,10,Domenica,7,0.19375,2025
4.5<potenza_impegnata<=6,Non Residente,10,Domenica,6,0.16925,2025
4.5<potenza_impegnata<=6,Non Residente,10,Domenica,5,0.16175,2025
4.5<potenza_impegnata<=6,Non Residente,10,Domenica,4,0.162,2025
4.5<potenza_impegnata<=6,Non Residente,10,Domenica,3,0.168,2025
4.5<potenza_impegnata<=6,Non Residente,10,Domenica,2,0.185,2025
4.5<potenza_impegnata<=6,Non Residente,10,Domenica,23,0.29975,2025
4.5<potenza_impegnata<=6,Non Residente,10,Domenica,22,0.35425,2025
4.5<potenza_impegnata<=6,Non Residente,10,Domenica,21,0.40175,2025
4.5<potenza_impegnata<=6,Non Residente,10,Domenica,20,0.432,2025
4.5<potenza_impegnata<=6,Non Residente,10,Domenica,19,0.40925,2025
4.5<potenza_impegnata<=6,Non Residente,10,Domenica,1,0.2105,2025
4.5<potenza_impegnata<=6,Non Residente,10,Domenica,18,0.33375,2025
4.5<potenza_impegnata<=6,Non Residente,10,Domenica,17,0.28775,2025
4.5<potenza_impegnata<=6,Non Residente,10,Domenica,16,0.275,2025
4.5<potenza_impegnata<=6,Non Residente,10,Domenica,15,0.28125,2025
4.5<potenza_impegnata<=6,Non Residente,10,Domenica,14,0.30325,2025
4.5<potenza_impegnata<=6,Non Residente,10,Domenica,13,0.3345,2025
4.5<potenza_impegnata<=6,Non Residente,10,Domenica,12,0.3345,2025
4.5<potenza_impegnata<=6,Non Residente,10,Domenica,11,0.3115,2025
4.5<potenza_impegnata<=6,Non Residente,10,Domenica,10,0.30325,2025
4.5<potenza_impegnata<=6,Non Residente,10,Domenica,9,0.28325,2025
4.5<potenza_impegnata<=6,Non Residente,10,Domenica,0,0.246,2025
4.5<potenza_impegnata<=6,Tutti,10,Sabato,8,0.28975,2025
4.5<potenza_impegnata<=6,Tutti,10,Sabato,7,0.2305,2025
4.5<potenza_impegnata<=6,Tutti,10,Sabato,6,0.187,2025
4.5<potenza_impegnata<=6,Tutti,10,Sabato,5,0.17375,2025
4.5<potenza_impegnata<=6,Tutti,10,Sabato,4,0.17175,2025
4.5<potenza_impegnata<=6,Tutti,10,Sabato,3,0.178,2025
4.5<potenza_impegnata<=6,Tutti,10,Sabato,2,0.19175,2025
4.5<potenza_impegnata<=6,Tutti,10,Sabato,23,0.3165,2025
4.5<potenza_impegnata<=6,Tutti,10,Sabato,22,0.3675,2025
4.5<potenza_impegnata<=6,Tutti,10,Sabato,21,0.418,2025
4.5<potenza_impegnata<=6,Tutti,10,Sabato,20,0.469,2025
4.5<potenza_impegnata<=6,Tutti,10,Sabato,19,0.475,2025
4.5<potenza_impegnata<=6,Tutti,10,Sabato,1,0.21875,2025
4.5<potenza_impegnata<=6,Tutti,10,Sabato,18,0.38025,2025
4.5<potenza_impegnata<=6,Tutti,10,Sabato,17,0.32525,2025
4.5<potenza_impegnata<=6,Tutti,10,Sabato,16,0.318,2025
4.5<potenza_impegnata<=6,Tutti,10,Sabato,15,0.33775,2025
4.5<potenza_impegnata<=6,Tutti,10,Sabato,14,0.36575,2025
4.5<potenza_impegnata<=6,Tutti,10,Sabato,13,0.3915,2025
4.5<potenza_impegnata<=6,Tutti,10,Sabato,12,0.3785,2025
4.5<potenza_impegnata<=6,Tutti,10,Sabato,11,0.3425,2025
4.5<potenza_impegnata<=6,Tutti,10,Sabato,10,0.34275,2025
4.5<potenza_impegnata<=6,Tutti,10,Sabato,9,0.33425,2025
4.5<potenza_impegnata<=6,Tutti,10,Sabato,0,0.265,2025
4.5<potenza_impegnata<=6,Tutti,10,Giorno feriale,8,0.35221739130434776,2025
4.5<potenza_impegnata<=6,Tutti,10,Giorno feriale,7,0.32078260869565217,2025
4.5<potenza_impegnata<=6,Tutti,10,Giorno feriale,6,0.22017391304347828,2025
4.5<potenza_impegnata<=6,Tutti,10,Giorno feriale,5,0.17734782608695654,2025
4.5<potenza_impegnata<=6,Tutti,10,Giorno feriale,4,0.17008695652173914,2025
4.5<potenza_impegnata<=6,Tutti,10,Giorno feriale,3,0.1746086956521739,2025
4.5<potenza_impegnata<=6,Tutti,10,Giorno feriale,2,0.18643478260869567,2025
4.5<potenza_impegnata<=6,Tutti,10,Giorno feriale,23,0.337304347826087,2025
4.5<potenza_impegnata<=6,Tutti,10,Giorno feriale,22,0.4161739130434783,2025
4.5<potenza_impegnata<=6,Tutti,10,Giorno feriale,21,0.48408695652173916,2025
4.5<potenza_impegnata<=6,Tutti,10,Giorno feriale,20,0.5290869565217391,2025
4.5<potenza_impegnata<=6,Tutti,10,Giorno feriale,19,0.5211304347826087,2025
4.5<potenza_impegnata<=6,Tutti,10,Giorno feriale,1,0.212695652173913,2025
4.5<potenza_impegnata<=6,Tutti,10,Giorno feriale,18,0.39017391304347826,2025
4.5<potenza_impegnata<=6,Tutti,10,Giorno feriale,17,0.3190434782608696,2025
4.5<potenza_impegnata<=6,Tutti,10,Giorno feriale,16,0.30369565217391303,2025
4.5<potenza_impegnata<=6,Tutti,10,Giorno feriale,15,0.3183913043478261,2025
4.5<potenza_impegnata<=6,Tutti,10,Giorno feriale,14,0.3413478260869565,2025
4.5<potenza_impegnata<=6,Tutti,10,Giorno feriale,13,0.354304347826087,2025
4.5<potenza_impegnata<=6,Tutti,10,Giorno feriale,12,0.3449130434782609,2025
4.5<potenza_impegnata<=6,Tutti,10,Giorno feriale,11,0.32982608695652177,2025
4.5<potenza_impegnata<=6,Tutti,10,Giorno feriale,10,0.3383043478260869,2025
4.5<potenza_impegnata<=6,Tutti,10,Giorno feriale,9,0.35130434782608694,2025
4.5<potenza_impegnata<=6,Tutti,10,Giorno feriale,0,0.2661304347826087,2025
4.5<potenza_impegnata<=6,Tutti,10,Domenica,8,0.2745,2025
4.5<potenza_impegnata<=6,Tutti,10,Domenica,7,0.21625,2025
4.5<potenza_impegnata<=6,Tutti,10,Domenica,6,0.184,2025
4.5<potenza_impegnata<=6,Tutti,10,Domenica,5,0.1735,2025
4.5<potenza_impegnata<=6,Tutti,10,Domenica,4,0.17125,2025
4.5<potenza_impegnata<=6,Tutti,10,Domenica,3,0.178,2025
4.5<potenza_impegnata<=6,Tutti,10,Domenica,2,0.19575,2025
4.5<potenza_impegnata<=6,Tutti,10,Domenica,23,0.3295,2025
4.5<potenza_impegnata<=6,Tutti,10,Domenica,22,0.40825,2025
4.5<potenza_impegnata<=6,Tutti,10,Domenica,21,0.47825,2025
4.5<potenza_impegnata<=6,Tutti,10,Domenica,20,0.5265,2025
4.5<potenza_impegnata<=6,Tutti,10,Domenica,19,0.522,2025
4.5<potenza_impegnata<=6,Tutti,10,Domenica,1,0.22425,2025
4.5<potenza_impegnata<=6,Tutti,10,Domenica,18,0.406,2025
4.5<potenza_impegnata<=6,Tutti,10,Domenica,17,0.33525,2025
4.5<potenza_impegnata<=6,Tutti,10,Domenica,16,0.317,2025
4.5<potenza_impegnata<=6,Tutti,10,Domenica,15,0.32975,2025
4.5<potenza_impegnata<=6,Tutti,10,Domenica,14,0.3545,2025
4.5<potenza_impegnata<=6,Tutti,10,Domenica,13,0.38875,2025
4.5<potenza_impegnata<=6,Tutti,10,Domenica,12,0.3985,2025
4.5<potenza_impegnata<=6,Tutti,10,Domenica,11,0.36125,2025
4.5<potenza_impegnata<=6,Tutti,10,Domenica,10,0.351,2025
4.5<potenza_impegnata<=6,Tutti,10,Domenica,9,0.32875,2025
4.5<potenza_impegnata<=6,Tutti,10,Domenica,0,0.2685,2025
4.5<potenza_impegnata<=6,Residente,10,Sabato,8,0.299,2025
4.5<potenza_impegnata<=6,Residente,10,Sabato,7,0.23775,2025
4.5<potenza_impegnata<=6,Residente,10,Sabato,6,0.1915,2025
4.5<potenza_impegnata<=6,Residente,10,Sabato,5,0.17675,2025
4.5<potenza_impegnata<=6,Residente,10,Sabato,4,0.17425,2025
4.5<potenza_impegnata<=6,Residente,10,Sabato,3,0.1805,2025
4.5<potenza_impegnata<=6,Residente,10,Sabato,2,0.19375,2025
4.5<potenza_impegnata<=6,Residente,10,Sabato,23,0.32625,2025
4.5<potenza_impegnata<=6,Residente,10,Sabato,22,0.381,2025
4.5<potenza_impegnata<=6,Residente,10,Sabato,21,0.4355,2025
4.5<potenza_impegnata<=6,Residente,10,Sabato,20,0.491,2025
4.5<potenza_impegnata<=6,Residente,10,Sabato,19,0.5005,2025
4.5<potenza_impegnata<=6,Residente,10,Sabato,1,0.22125,2025
4.5<potenza_impegnata<=6,Residente,10,Sabato,18,0.39625,2025
4.5<potenza_impegnata<=6,Residente,10,Sabato,17,0.336,2025
4.5<potenza_impegnata<=6,Residente,10,Sabato,16,0.32775,2025
4.5<potenza_impegnata<=6,Residente,10,Sabato,15,0.349,2025
4.5<potenza_impegnata<=6,Residente,10,Sabato,14,0.379,2025
4.5<potenza_impegnata<=6,Residente,10,Sabato,13,0.406,2025
4.5<potenza_impegnata<=6,Residente,10,Sabato,12,0.392,2025
4.5<potenza_impegnata<=6,Residente,10,Sabato,11,0.35125,2025
4.5<potenza_impegnata<=6,Residente,10,Sabato,10,0.352,2025
4.5<potenza_impegnata<=6,Residente,10,Sabato,9,0.34425,2025
4.5<potenza_impegnata<=6,Residente,10,Sabato,0,0.27,2025
4.5<potenza_impegnata<=6,Residente,10,Giorno feriale,8,0.36086956521739133,2025
4.5<potenza_impegnata<=6,Residente,10,Giorno feriale,7,0.3333913043478261,2025
4.5<potenza_impegnata<=6,Residente,10,Giorno feriale,6,0.2274782608695652,2025
4.5<potenza_impegnata<=6,Residente,10,Giorno feriale,5,0.18121739130434783,2025
4.5<potenza_impegnata<=6,Residente,10,Giorno feriale,4,0.17317391304347823,2025
4.5<potenza_impegnata<=6,Residente,10,Giorno feriale,3,0.1776086956521739,2025
4.5<potenza_impegnata<=6,Residente,10,Giorno feriale,2,0.18908695652173915,2025
4.5<potenza_impegnata<=6,Residente,10,Giorno feriale,23,0.34573913043478255,2025
4.5<potenza_impegnata<=6,Residente,10,Giorno feriale,22,0.43052173913043484,2025
4.5<potenza_impegnata<=6,Residente,10,Giorno feriale,21,0.5037391304347826,2025
4.5<potenza_impegnata<=6,Residente,10,Giorno feriale,20,0.5521304347826088,2025
4.5<potenza_impegnata<=6,Residente,10,Giorno feriale,19,0.5483478260869565,2025
4.5<potenza_impegnata<=6,Residente,10,Giorno feriale,1,0.21500000000000002,2025
4.5<potenza_impegnata<=6,Residente,10,Giorno feriale,18,0.4056521739130435,2025
4.5<potenza_impegnata<=6,Residente,10,Giorno feriale,17,0.32804347826086955,2025
4.5<potenza_impegnata<=6,Residente,10,Giorno feriale,16,0.31086956521739134,2025
4.5<potenza_impegnata<=6,Residente,10,Giorno feriale,15,0.3263913043478261,2025
4.5<potenza_impegnata<=6,Residente,10,Giorno feriale,14,0.35043478260869565,2025
4.5<potenza_impegnata<=6,Residente,10,Giorno feriale,13,0.36313043478260865,2025
4.5<potenza_impegnata<=6,Residente,10,Giorno feriale,12,0.35321739130434776,2025
4.5<potenza_impegnata<=6,Residente,10,Giorno feriale,11,0.33604347826086955,2025
4.5<potenza_impegnata<=6,Residente,10,Giorno feriale,10,0.34447826086956523,2025
4.5<potenza_impegnata<=6,Residente,10,Giorno feriale,9,0.3580869565217391,2025
4.5<potenza_impegnata<=6,Residente,10,Giorno feriale,0,0.2699130434782609,2025
4.5<potenza_impegnata<=6,Residente,10,Domenica,8,0.28425,2025
4.5<potenza_impegnata<=6,Residente,10,Domenica,7,0.2225,2025
4.5<potenza_impegnata<=6,Residente,10,Domenica,6,0.18825,2025
4.5<potenza_impegnata<=6,Residente,10,Domenica,5,0.17675,2025
4.5<potenza_impegnata<=6,Residente,10,Domenica,4,0.174,2025
4.5<potenza_impegnata<=6,Residente,10,Domenica,3,0.1805,2025
4.5<potenza_impegnata<=6,Residente,10,Domenica,2,0.1985,2025
4.5<potenza_impegnata<=6,Residente,10,Domenica,23,0.33775,2025
4.5<potenza_impegnata<=6,Residente,10,Domenica,22,0.42325,2025
4.5<potenza_impegnata<=6,Residente,10,Domenica,21,0.49925,2025
4.5<potenza_impegnata<=6,Residente,10,Domenica,20,0.55225,2025
4.5<potenza_impegnata<=6,Residente,10,Domenica,19,0.55275,2025
4.5<potenza_impegnata<=6,Residente,10,Domenica,1,0.228,2025
4.5<potenza_impegnata<=6,Residente,10,Domenica,18,0.42575,2025
4.5<potenza_impegnata<=6,Tutti,11,Domenica,4,0.19766666666666666,2025
4.5<potenza_impegnata<=6,Tutti,11,Domenica,3,0.20533333333333334,2025
4.5<potenza_impegnata<=6,Tutti,11,Domenica,2,0.22166666666666668,2025
4.5<potenza_impegnata<=6,Tutti,11,Domenica,23,0.3585,2025
4.5<potenza_impegnata<=6,Tutti,11,Domenica,22,0.4331666666666667,2025
4.5<potenza_impegnata<=6,Tutti,11,Domenica,21,0.505,2025
4.5<potenza_impegnata<=6,Tutti,11,Domenica,20,0.561,2025
4.5<potenza_impegnata<=6,Tutti,11,Domenica,19,0.5733333333333334,2025
4.5<potenza_impegnata<=6,Tutti,11,Domenica,1,0.2518333333333333,2025
4.5<potenza_impegnata<=6,Tutti,11,Domenica,18,0.49733333333333335,2025
4.5<potenza_impegnata<=6,Tutti,11,Domenica,17,0.443,2025
4.5<potenza_impegnata<=6,Tutti,11,Domenica,16,0.41100000000000003,2025
4.5<potenza_impegnata<=6,Tutti,11,Domenica,15,0.4096666666666667,2025
4.5<potenza_impegnata<=6,Tutti,11,Domenica,14,0.4303333333333333,2025
4.5<potenza_impegnata<=6,Tutti,11,Domenica,13,0.463,2025
4.5<potenza_impegnata<=6,Tutti,11,Domenica,12,0.4678333333333333,2025
4.5<potenza_impegnata<=6,Tutti,11,Domenica,11,0.4223333333333333,2025
4.5<potenza_impegnata<=6,Tutti,11,Domenica,10,0.4003333333333334,2025
4.5<potenza_impegnata<=6,Tutti,11,Domenica,9,0.36483333333333334,2025
4.5<potenza_impegnata<=6,Tutti,11,Domenica,0,0.29716666666666663,2025
4.5<potenza_impegnata<=6,Residente,11,Sabato,8,0.35975,2025
4.5<potenza_impegnata<=6,Residente,11,Sabato,7,0.293,2025
4.5<potenza_impegnata<=6,Residente,11,Sabato,6,0.23725,2025
4.5<potenza_impegnata<=6,Residente,11,Sabato,5,0.21525,2025
4.5<potenza_impegnata<=6,Residente,11,Sabato,4,0.2095,2025
4.5<potenza_impegnata<=6,Residente,11,Sabato,3,0.21625,2025
4.5<potenza_impegnata<=6,Residente,11,Sabato,2,0.231,2025
4.5<potenza_impegnata<=6,Residente,11,Sabato,23,0.37075,2025
4.5<potenza_impegnata<=6,Residente,11,Sabato,22,0.42875,2025
4.5<potenza_impegnata<=6,Residente,11,Sabato,21,0.48925,2025
4.5<potenza_impegnata<=6,Residente,11,Sabato,20,0.54875,2025
4.5<potenza_impegnata<=6,Residente,11,Sabato,19,0.56825,2025
4.5<potenza_impegnata<=6,Residente,11,Sabato,1,0.2615,2025
4.5<potenza_impegnata<=6,Residente,11,Sabato,18,0.4965,2025
4.5<potenza_impegnata<=6,Residente,11,Sabato,17,0.44075,2025
4.5<potenza_impegnata<=6,Residente,11,Sabato,16,0.40175,2025
4.5<potenza_impegnata<=6,Residente,11,Sabato,15,0.40375,2025
4.5<potenza_impegnata<=6,Residente,11,Sabato,14,0.4285,2025
4.5<potenza_impegnata<=6,Residente,11,Sabato,13,0.4525,2025
4.5<potenza_impegnata<=6,Residente,11,Sabato,12,0.443,2025
4.5<potenza_impegnata<=6,Residente,11,Sabato,11,0.405,2025
4.5<potenza_impegnata<=6,Residente,11,Sabato,10,0.40925,2025
4.5<potenza_impegnata<=6,Residente,11,Sabato,9,0.405,2025
4.5<potenza_impegnata<=6,Residente,11,Sabato,0,0.3135,2025
4.5<potenza_impegnata<=6,Residente,11,Giorno feriale,8,0.3957,2025
4.5<potenza_impegnata<=6,Residente,11,Giorno feriale,7,0.37699999999999995,2025
4.5<potenza_impegnata<=6,Residente,11,Giorno feriale,6,0.26725000000000004,2025
4.5<potenza_impegnata<=6,Residente,11,Giorno feriale,5,0.21095000000000003,2025
4.5<potenza_impegnata<=6,Residente,11,Giorno feriale,4,0.1982,2025
4.5<potenza_impegnata<=6,Residente,11,Giorno feriale,3,0.20190000000000002,2025
4.5<potenza_impegnata<=6,Residente,11,Giorno feriale,2,0.2137,2025
4.5<potenza_impegnata<=6,Residente,11,Giorno feriale,23,0.3796,2025
4.5<potenza_impegnata<=6,Residente,11,Giorno feriale,22,0.4681,2025
4.5<potenza_impegnata<=6,Residente,11,Giorno feriale,21,0.54635,2025
4.5<potenza_impegnata<=6,Residente,11,Giorno feriale,20,0.5982,2025
4.5<potenza_impegnata<=6,Residente,11,Giorno feriale,19,0.6022500000000001,2025
4.5<potenza_impegnata<=6,Residente,11,Giorno feriale,1,0.2407,2025
4.5<potenza_impegnata<=6,Residente,11,Giorno feriale,18,0.4904,2025
4.5<potenza_impegnata<=6,Residente,11,Giorno feriale,17,0.4115500000000001,2025
4.5<potenza_impegnata<=6,Residente,11,Giorno feriale,16,0.36325,2025
4.5<potenza_impegnata<=6,Residente,11,Giorno feriale,15,0.3597,2025
4.5<potenza_impegnata<=6,Residente,11,Giorno feriale,14,0.3759,2025
4.5<potenza_impegnata<=6,Residente,11,Giorno feriale,13,0.3863,2025
4.5<potenza_impegnata<=6,Residente,11,Giorno feriale,12,0.37795000000000006,2025
4.5<potenza_impegnata<=6,Residente,11,Giorno feriale,11,0.36124999999999996,2025
4.5<potenza_impegnata<=6,Residente,11,Giorno feriale,10,0.36855,2025
4.5<potenza_impegnata<=6,Residente,11,Giorno feriale,9,0.38705,2025
4.5<potenza_impegnata<=6,Residente,11,Giorno feriale,0,0.2978,2025
4.5<potenza_impegnata<=6,Residente,11,Domenica,8,0.3105,2025
4.5<potenza_impegnata<=6,Residente,11,Domenica,7,0.24933333333333332,2025
4.5<potenza_impegnata<=6,Residente,11,Domenica,6,0.21666666666666667,2025
4.5<potenza_impegnata<=6,Residente,11,Domenica,5,0.2025,2025
4.5<potenza_impegnata<=6,Residente,11,Domenica,4,0.19933333333333333,2025
4.5<potenza_impegnata<=6,Residente,11,Domenica,3,0.207,2025
4.5<potenza_impegnata<=6,Residente,11,Domenica,2,0.2235,2025
4.5<potenza_impegnata<=6,Residente,11,Domenica,23,0.3678333333333333,2025
4.5<potenza_impegnata<=6,Residente,11,Domenica,22,0.44933333333333336,2025
4.5<potenza_impegnata<=6,Residente,11,Domenica,21,0.5271666666666667,2025
4.5<potenza_impegnata<=6,Residente,11,Domenica,20,0.5883333333333333,2025
4.5<potenza_impegnata<=6,Residente,11,Domenica,19,0.6051666666666666,2025
4.5<potenza_impegnata<=6,Residente,11,Domenica,1,0.2548333333333333,2025
4.5<potenza_impegnata<=6,Residente,11,Domenica,18,0.5218333333333333,2025
4.5<potenza_impegnata<=6,Residente,11,Domenica,17,0.46249999999999997,2025
4.5<potenza_impegnata<=6,Residente,11,Domenica,16,0.42783333333333334,2025
4.5<potenza_impegnata<=6,Residente,11,Domenica,15,0.42583333333333334,2025
4.5<potenza_impegnata<=6,Residente,11,Domenica,14,0.44716666666666666,2025
4.5<potenza_impegnata<=6,Residente,11,Domenica,13,0.4816666666666667,2025
4.5<potenza_impegnata<=6,Residente,11,Domenica,12,0.4896666666666667,2025
4.5<potenza_impegnata<=6,Residente,11,Domenica,11,0.439,2025
4.5<potenza_impegnata<=6,Residente,11,Domenica,10,0.4155,2025
4.5<potenza_impegnata<=6,Residente,11,Domenica,9,0.379,2025
4.5<potenza_impegnata<=6,Residente,11,Domenica,0,0.3026666666666667,2025
4.5<potenza_impegnata<=6,Non Residente,11,Sabato,8,0.3095,2025
4.5<potenza_impegnata<=6,Non Residente,11,Sabato,7,0.2575,2025
4.5<potenza_impegnata<=6,Non Residente,11,Sabato,6,0.2205,2025
4.5<potenza_impegnata<=6,Non Residente,11,Sabato,5,0.2065,2025
4.5<potenza_impegnata<=6,Non Residente,11,Sabato,4,0.2045,2025
4.5<potenza_impegnata<=6,Non Residente,11,Sabato,3,0.213,2025
4.5<potenza_impegnata<=6,Non Residente,11,Sabato,2,0.22875,2025
4.5<potenza_impegnata<=6,Non Residente,11,Sabato,23,0.32875,2025
4.5<potenza_impegnata<=6,Non Residente,11,Sabato,22,0.36775,2025
4.5<potenza_impegnata<=6,Non Residente,11,Sabato,21,0.4115,2025
4.5<potenza_impegnata<=6,Non Residente,11,Sabato,20,0.449,2025
4.5<potenza_impegnata<=6,Non Residente,11,Sabato,19,0.44875,2025
4.5<potenza_impegnata<=6,Non Residente,11,Sabato,1,0.25625,2025
4.5<potenza_impegnata<=6,Non Residente,11,Sabato,18,0.40625,2025
4.5<potenza_impegnata<=6,Non Residente,11,Sabato,17,0.371,2025
4.5<potenza_impegnata<=6,Non Residente,11,Sabato,16,0.34925,2025
4.5<potenza_impegnata<=6,Non Residente,11,Sabato,15,0.353,2025
4.5<potenza_impegnata<=6,Non Residente,11,Sabato,14,0.37,2025
4.5<potenza_impegnata<=6,Non Residente,11,Sabato,13,0.3925,2025
4.5<potenza_impegnata<=6,Non Residente,11,Sabato,12,0.386,2025
4.5<potenza_impegnata<=6,Non Residente,11,Sabato,11,0.368,2025
4.5<potenza_impegnata<=6,Non Residente,11,Sabato,10,0.36875,2025
4.5<potenza_impegnata<=6,Non Residente,11,Sabato,9,0.35375,2025
4.5<potenza_impegnata<=6,Non Residente,11,Sabato,0,0.29625,2025
4.5<potenza_impegnata<=6,Non Residente,11,Giorno feriale,8,0.35914999999999997,2025
4.5<potenza_impegnata<=6,Non Residente,11,Giorno feriale,7,0.31595,2025
4.5<potenza_impegnata<=6,Non Residente,11,Giorno feriale,6,0.22975000000000004,2025
4.5<potenza_impegnata<=6,Non Residente,11,Giorno feriale,5,0.19529999999999997,2025
4.5<potenza_impegnata<=6,Non Residente,11,Giorno feriale,4,0.18905,2025
4.5<potenza_impegnata<=6,Non Residente,11,Giorno feriale,3,0.19395,2025
4.5<potenza_impegnata<=6,Non Residente,11,Giorno feriale,2,0.20815,2025
4.5<potenza_impegnata<=6,Non Residente,11,Giorno feriale,23,0.34654999999999997,2025
4.5<potenza_impegnata<=6,Non Residente,11,Giorno feriale,22,0.40685000000000004,2025
4.5<potenza_impegnata<=6,Non Residente,11,Giorno feriale,21,0.45949999999999996,2025
4.5<potenza_impegnata<=6,Non Residente,11,Giorno feriale,20,0.495,2025
4.5<potenza_impegnata<=6,Non Residente,11,Giorno feriale,19,0.4755999999999999,2025
4.5<potenza_impegnata<=6,Non Residente,11,Giorno feriale,1,0.23620000000000002,2025
4.5<potenza_impegnata<=6,Non Residente,11,Giorno feriale,18,0.40599999999999997,2025
4.5<potenza_impegnata<=6,Non Residente,11,Giorno feriale,17,0.35679999999999995,2025
4.5<potenza_impegnata<=6,Non Residente,11,Giorno feriale,16,0.32944999999999997,2025
4.5<potenza_impegnata<=6,Non Residente,11,Giorno feriale,15,0.3304,2025
4.5<potenza_impegnata<=6,Non Residente,11,Giorno feriale,14,0.34445000000000003,2025
4.5<potenza_impegnata<=6,Non Residente,11,Giorno feriale,13,0.35695,2025
4.5<potenza_impegnata<=6,Non Residente,11,Giorno feriale,12,0.34835000000000005,2025
4.5<potenza_impegnata<=6,Non Residente,11,Giorno feriale,11,0.34224999999999994,2025
4.5<potenza_impegnata<=6,Non Residente,11,Giorno feriale,10,0.3506,2025
4.5<potenza_impegnata<=6,Non Residente,11,Giorno feriale,9,0.36239999999999994,2025
4.5<potenza_impegnata<=6,Non Residente,11,Giorno feriale,0,0.2859,2025
4.5<potenza_impegnata<=6,Non Residente,11,Domenica,8,0.2628333333333333,2025
4.5<potenza_impegnata<=6,Non Residente,11,Domenica,7,0.21933333333333335,2025
4.5<potenza_impegnata<=6,Non Residente,11,Domenica,6,0.19833333333333333,2025
4.5<potenza_impegnata<=6,Non Residente,11,Domenica,5,0.19066666666666665,2025
4.5<potenza_impegnata<=6,Non Residente,11,Domenica,4,0.19099999999999998,2025
4.5<potenza_impegnata<=6,Non Residente,11,Domenica,3,0.1991666666666667,2025
4.5<potenza_impegnata<=6,Non Residente,11,Domenica,2,0.21483333333333332,2025
4.5<potenza_impegnata<=6,Non Residente,11,Domenica,23,0.3245,2025
4.5<potenza_impegnata<=6,Non Residente,11,Domenica,22,0.3735,2025
4.5<potenza_impegnata<=6,Non Residente,11,Domenica,21,0.42366666666666664,2025
4.5<potenza_impegnata<=6,Non Residente,11,Domenica,20,0.46016666666666667,2025
4.5<potenza_impegnata<=6,Non Residente,11,Domenica,19,0.456,2025
4.5<potenza_impegnata<=6,Non Residente,11,Domenica,1,0.241,2025
4.5<potenza_impegnata<=6,Non Residente,11,Domenica,18,0.4073333333333333,2025
4.5<potenza_impegnata<=6,Non Residente,11,Domenica,17,0.37133333333333335,2025
4.5<potenza_impegnata<=6,Non Residente,11,Domenica,16,0.34883333333333333,2025
4.5<potenza_impegnata<=6,Non Residente,11,Domenica,15,0.35050000000000003,2025
4.5<potenza_impegnata<=6,Non Residente,11,Domenica,14,0.36800000000000005,2025
4.5<potenza_impegnata<=6,Non Residente,11,Domenica,13,0.39466666666666667,2025
4.5<potenza_impegnata<=6,Non Residente,11,Domenica,12,0.3875,2025
4.5<potenza_impegnata<=6,Non Residente,11,Domenica,11,0.36083333333333334,2025
4.5<potenza_impegnata<=6,Non Residente,11,Domenica,10,0.3446666666666667,2025
4.5<potenza_impegnata<=6,Non Residente,11,Domenica,9,0.31283333333333335,2025
4.5<potenza_impegnata<=6,Non Residente,11,Domenica,0,0.2768333333333333,2025
4.5<potenza_impegnata<=6,Tutti,11,Sabato,8,0.349,2025
4.5<potenza_impegnata<=6,Tutti,11,Sabato,7,0.2855,2025
4.5<potenza_impegnata<=6,Tutti,11,Sabato,6,0.23375,2025
4.5<potenza_impegnata<=6,Tutti,11,Sabato,5,0.2135,2025
4.5<potenza_impegnata<=6,Tutti,11,Sabato,4,0.2085,2025
4.5<potenza_impegnata<=6,Tutti,11,Sabato,3,0.21575,2025
4.5<potenza_impegnata<=6,Tutti,11,Sabato,2,0.2305,2025
4.5<potenza_impegnata<=6,Tutti,11,Sabato,23,0.362,2025
4.5<potenza_impegnata<=6,Tutti,11,Sabato,22,0.41575,2025
4.5<potenza_impegnata<=6,Tutti,11,Sabato,21,0.4725,2025
4.5<potenza_impegnata<=6,Tutti,11,Sabato,20,0.5275,2025
4.5<potenza_impegnata<=6,Tutti,11,Sabato,19,0.543,2025
4.5<potenza_impegnata<=6,Tutti,11,Sabato,1,0.2605,2025
4.5<potenza_impegnata<=6,Tutti,11,Sabato,18,0.47725,2025
4.5<potenza_impegnata<=6,Tutti,11,Sabato,17,0.42575,2025
4.5<potenza_impegnata<=6,Tutti,11,Sabato,16,0.39075,2025
4.5<potenza_impegnata<=6,Tutti,11,Sabato,15,0.39275,2025
4.5<potenza_impegnata<=6,Tutti,11,Sabato,14,0.416,2025
4.5<potenza_impegnata<=6,Tutti,11,Sabato,13,0.43975,2025
4.5<potenza_impegnata<=6,Tutti,11,Sabato,12,0.43075,2025
4.5<potenza_impegnata<=6,Tutti,11,Sabato,11,0.397,2025
4.5<potenza_impegnata<=6,Tutti,11,Sabato,10,0.4005,2025
4.5<potenza_impegnata<=6,Tutti,11,Sabato,9,0.394,2025
4.5<potenza_impegnata<=6,Tutti,11,Sabato,0,0.31,2025
4.5<potenza_impegnata<=6,Tutti,11,Giorno feriale,8,0.3878,2025
4.5<potenza_impegnata<=6,Tutti,11,Giorno feriale,7,0.36384999999999995,2025
4.5<potenza_impegnata<=6,Tutti,11,Giorno feriale,6,0.25925,2025
4.5<potenza_impegnata<=6,Tutti,11,Giorno feriale,5,0.20764999999999997,2025
4.5<potenza_impegnata<=6,Tutti,11,Giorno feriale,4,0.1963,2025
4.5<potenza_impegnata<=6,Tutti,11,Giorno feriale,3,0.20024999999999998,2025
4.5<potenza_impegnata<=6,Tutti,11,Giorno feriale,2,0.21255000000000002,2025
4.5<potenza_impegnata<=6,Tutti,11,Giorno feriale,23,0.37250000000000005,2025
4.5<potenza_impegnata<=6,Tutti,11,Giorno feriale,22,0.45499999999999996,2025
4.5<potenza_impegnata<=6,Tutti,11,Giorno feriale,21,0.5277499999999999,2025
4.5<potenza_impegnata<=6,Tutti,11,Giorno feriale,20,0.57625,2025
4.5<potenza_impegnata<=6,Tutti,11,Giorno feriale,19,0.5752499999999999,2025
4.5<potenza_impegnata<=6,Tutti,11,Giorno feriale,1,0.23984999999999998,2025
4.5<potenza_impegnata<=6,Tutti,11,Giorno feriale,18,0.4723,2025
4.5<potenza_impegnata<=6,Tutti,11,Giorno feriale,17,0.39985,2025
4.5<potenza_impegnata<=6,Tutti,11,Giorno feriale,16,0.356,2025
4.5<potenza_impegnata<=6,Tutti,11,Giorno feriale,15,0.35330000000000006,2025
4.5<potenza_impegnata<=6,Tutti,11,Giorno feriale,14,0.36905,2025
4.5<potenza_impegnata<=6,Tutti,11,Giorno feriale,13,0.3799,2025
4.5<potenza_impegnata<=6,Tutti,11,Giorno feriale,12,0.3715,2025
4.5<potenza_impegnata<=6,Tutti,11,Giorno feriale,11,0.3571000000000001,2025
4.5<potenza_impegnata<=6,Tutti,11,Giorno feriale,10,0.36465,2025
4.5<potenza_impegnata<=6,Tutti,11,Giorno feriale,9,0.3817499999999999,2025
4.5<potenza_impegnata<=6,Tutti,11,Giorno feriale,0,0.29535,2025
4.5<potenza_impegnata<=6,Tutti,11,Domenica,8,0.30033333333333334,2025
4.5<potenza_impegnata<=6,Tutti,11,Domenica,7,0.24283333333333335,2025
4.5<potenza_impegnata<=6,Tutti,11,Domenica,6,0.21283333333333332,2025
4.5<potenza_impegnata<=6,Tutti,11,Domenica,5,0.19999999999999998,2025
4.5<potenza_impegnata<=6,Tutti,12,Domenica,4,0.21014285714285716,2025
4.5<potenza_impegnata<=6,Tutti,12,Domenica,3,0.21742857142857144,2025
4.5<potenza_impegnata<=6,Tutti,12,Domenica,2,0.23399999999999999,2025
4.5<potenza_impegnata<=6,Tutti,12,Domenica,23,0.3522857142857143,2025
4.5<potenza_impegnata<=6,Tutti,12,Domenica,22,0.4097142857142857,2025
4.5<potenza_impegnata<=6,Tutti,12,Domenica,21,0.46099999999999997,2025
4.5<potenza_impegnata<=6,Tutti,12,Domenica,20,0.4977142857142857,2025
4.5<potenza_impegnata<=6,Tutti,12,Domenica,19,0.4987142857142857,2025
4.5<potenza_impegnata<=6,Tutti,12,Domenica,1,0.2642857142857143,2025
4.5<potenza_impegnata<=6,Tutti,12,Domenica,18,0.4402857142857143,2025
4.5<potenza_impegnata<=6,Tutti,12,Domenica,17,0.39985714285714286,2025
4.5<potenza_impegnata<=6,Tutti,12,Domenica,16,0.36514285714285716,2025
4.5<potenza_impegnata<=6,Tutti,12,Domenica,15,0.3588571428571429,2025
4.5<potenza_impegnata<=6,Tutti,12,Domenica,14,0.37857142857142856,2025
4.5<potenza_impegnata<=6,Tutti,12,Domenica,13,0.4121428571428571,2025
4.5<potenza_impegnata<=6,Tutti,12,Domenica,12,0.4257142857142857,2025
4.5<potenza_impegnata<=6,Tutti,12,Domenica,11,0.4032857142857143,2025
4.5<potenza_impegnata<=6,Tutti,12,Domenica,10,0.3884285714285714,2025
4.5<potenza_impegnata<=6,Tutti,12,Domenica,9,0.3588571428571429,2025
4.5<potenza_impegnata<=6,Tutti,12,Domenica,0,0.30742857142857144,2025
4.5<potenza_impegnata<=6,Residente,12,Sabato,8,0.35025,2025
4.5<potenza_impegnata<=6,Residente,12,Sabato,7,0.29075,2025
4.5<potenza_impegnata<=6,Residente,12,Sabato,6,0.238,2025
4.5<potenza_impegnata<=6,Residente,12,Sabato,5,0.2165,2025
4.5<potenza_impegnata<=6,Residente,12,Sabato,4,0.21025,2025
4.5<potenza_impegnata<=6,Residente,12,Sabato,3,0.2165,2025
4.5<potenza_impegnata<=6,Residente,12,Sabato,2,0.231,2025
4.5<potenza_impegnata<=6,Residente,12,Sabato,23,0.35975,2025
4.5<potenza_impegnata<=6,Residente,12,Sabato,22,0.41275,2025
4.5<potenza_impegnata<=6,Residente,12,Sabato,21,0.4655,2025
4.5<potenza_impegnata<=6,Residente,12,Sabato,20,0.512,2025
4.5<potenza_impegnata<=6,Residente,12,Sabato,19,0.52325,2025
4.5<potenza_impegnata<=6,Residente,12,Sabato,1,0.25975,2025
4.5<potenza_impegnata<=6,Residente,12,Sabato,18,0.4625,2025
4.5<potenza_impegnata<=6,Residente,12,Sabato,17,0.41825,2025
4.5<potenza_impegnata<=6,Residente,12,Sabato,16,0.38575,2025
4.5<potenza_impegnata<=6,Residente,12,Sabato,15,0.385,2025
4.5<potenza_impegnata<=6,Residente,12,Sabato,14,0.40575,2025
4.5<potenza_impegnata<=6,Residente,12,Sabato,13,0.43025,2025
4.5<potenza_impegnata<=6,Residente,12,Sabato,12,0.425,2025
4.5<potenza_impegnata<=6,Residente,12,Sabato,11,0.40075,2025
4.5<potenza_impegnata<=6,Residente,12,Sabato,10,0.404,2025
4.5<potenza_impegnata<=6,Residente,12,Sabato,9,0.395,2025
4.5<potenza_impegnata<=6,Residente,12,Sabato,0,0.30925,2025
4.5<potenza_impegnata<=6,Residente,12,Giorno feriale,8,0.41459999999999997,2025
4.5<potenza_impegnata<=6,Residente,12,Giorno feriale,7,0.3781,2025
4.5<potenza_impegnata<=6,Residente,12,Giorno feriale,6,0.27255,2025
4.5<potenza_impegnata<=6,Residente,12,Giorno feriale,5,0.22215000000000001,2025
4.5<potenza_impegnata<=6,Residente,12,Giorno feriale,4,0.21000000000000002,2025
4.5<potenza_impegnata<=6,Residente,12,Giorno feriale,3,0.2145,2025
4.5<potenza_impegnata<=6,Residente,12,Giorno feriale,2,0.22765,2025
4.5<potenza_impegnata<=6,Residente,12,Giorno feriale,23,0.3861,2025
4.5<potenza_impegnata<=6,Residente,12,Giorno feriale,22,0.46335,2025
4.5<potenza_impegnata<=6,Residente,12,Giorno feriale,21,0.5311999999999999,2025
4.5<potenza_impegnata<=6,Residente,12,Giorno feriale,20,0.5799000000000001,2025
4.5<potenza_impegnata<=6,Residente,12,Giorno feriale,19,0.58685,2025
4.5<potenza_impegnata<=6,Residente,12,Giorno feriale,1,0.25625,2025
4.5<potenza_impegnata<=6,Residente,12,Giorno feriale,18,0.49960000000000004,2025
4.5<potenza_impegnata<=6,Residente,12,Giorno feriale,17,0.44145,2025
4.5<potenza_impegnata<=6,Residente,12,Giorno feriale,16,0.40190000000000003,2025
4.5<potenza_impegnata<=6,Residente,12,Giorno feriale,15,0.3954,2025
4.5<potenza_impegnata<=6,Residente,12,Giorno feriale,14,0.40995,2025
4.5<potenza_impegnata<=6,Residente,12,Giorno feriale,13,0.42169999999999996,2025
4.5<potenza_impegnata<=6,Residente,12,Giorno feriale,12,0.41535,2025
4.5<potenza_impegnata<=6,Residente,12,Giorno feriale,11,0.4016,2025
4.5<potenza_impegnata<=6,Residente,12,Giorno feriale,10,0.40954999999999997,2025
4.5<potenza_impegnata<=6,Residente,12,Giorno feriale,9,0.42135,2025
4.5<potenza_impegnata<=6,Residente,12,Giorno feriale,0,0.3121999999999999,2025
4.5<potenza_impegnata<=6,Residente,12,Domenica,8,0.318,2025
4.5<potenza_impegnata<=6,Residente,12,Domenica,7,0.2652857142857143,2025
4.5<potenza_impegnata<=6,Residente,12,Domenica,6,0.2354285714285714,2025
4.5<potenza_impegnata<=6,Residente,12,Domenica,5,0.21814285714285714,2025
4.5<potenza_impegnata<=6,Residente,12,Domenica,4,0.21342857142857144,2025
4.5<potenza_impegnata<=6,Residente,12,Domenica,3,0.22085714285714286,2025
4.5<potenza_impegnata<=6,Residente,12,Domenica,2,0.23785714285714285,2025
4.5<potenza_impegnata<=6,Residente,12,Domenica,23,0.36414285714285716,2025
4.5<potenza_impegnata<=6,Residente,12,Domenica,22,0.4272857142857143,2025
4.5<potenza_impegnata<=6,Residente,12,Domenica,21,0.484,2025
4.5<potenza_impegnata<=6,Residente,12,Domenica,20,0.525,2025
4.5<potenza_impegnata<=6,Residente,12,Domenica,19,0.5287142857142857,2025
4.5<potenza_impegnata<=6,Residente,12,Domenica,1,0.2702857142857143,2025
4.5<potenza_impegnata<=6,Residente,12,Domenica,18,0.46471428571428575,2025
4.5<potenza_impegnata<=6,Residente,12,Domenica,17,0.4207142857142857,2025
4.5<potenza_impegnata<=6,Residente,12,Domenica,16,0.38257142857142856,2025
4.5<potenza_impegnata<=6,Residente,12,Domenica,15,0.3751428571428571,2025
4.5<potenza_impegnata<=6,Residente,12,Domenica,14,0.3962857142857143,2025
4.5<potenza_impegnata<=6,Residente,12,Domenica,13,0.43242857142857144,2025
4.5<potenza_impegnata<=6,Residente,12,Domenica,12,0.44857142857142857,2025
4.5<potenza_impegnata<=6,Residente,12,Domenica,11,0.42242857142857143,2025
4.5<potenza_impegnata<=6,Residente,12,Domenica,10,0.4055714285714286,2025
4.5<potenza_impegnata<=6,Residente,12,Domenica,9,0.3737142857142857,2025
4.5<potenza_impegnata<=6,Residente,12,Domenica,0,0.31685714285714284,2025
4.5<potenza_impegnata<=6,Non Residente,12,Sabato,8,0.291,2025
4.5<potenza_impegnata<=6,Non Residente,12,Sabato,7,0.24775,2025
4.5<potenza_impegnata<=6,Non Residente,12,Sabato,6,0.2145,2025
4.5<potenza_impegnata<=6,Non Residente,12,Sabato,5,0.20075,2025
4.5<potenza_impegnata<=6,Non Residente,12,Sabato,4,0.1975,2025
4.5<potenza_impegnata<=6,Non Residente,12,Sabato,3,0.2035,2025
4.5<potenza_impegnata<=6,Non Residente,12,Sabato,2,0.218,2025
4.5<potenza_impegnata<=6,Non Residente,12,Sabato,23,0.3095,2025
4.5<potenza_impegnata<=6,Non Residente,12,Sabato,22,0.34175,2025
4.5<potenza_impegnata<=6,Non Residente,12,Sabato,21,0.37225,2025
4.5<potenza_impegnata<=6,Non Residente,12,Sabato,20,0.39525,2025
4.5<potenza_impegnata<=6,Non Residente,12,Sabato,19,0.394,2025
4.5<potenza_impegnata<=6,Non Residente,12,Sabato,1,0.243,2025
4.5<potenza_impegnata<=6,Non Residente,12,Sabato,18,0.35875,2025
4.5<potenza_impegnata<=6,Non Residente,12,Sabato,17,0.3365,2025
4.5<potenza_impegnata<=6,Non Residente,12,Sabato,16,0.32025,2025
4.5<potenza_impegnata<=6,Non Residente,12,Sabato,15,0.32225,2025
4.5<potenza_impegnata<=6,Non Residente,12,Sabato,14,0.33625,2025
4.5<potenza_impegnata<=6,Non Residente,12,Sabato,13,0.35325,2025
4.5<potenza_impegnata<=6,Non Residente,12,Sabato,12,0.353,2025
4.5<potenza_impegnata<=6,Non Residente,12,Sabato,11,0.3475,2025
4.5<potenza_impegnata<=6,Non Residente,12,Sabato,10,0.34575,2025
4.5<potenza_impegnata<=6,Non Residente,12,Sabato,9,0.33125,2025
4.5<potenza_impegnata<=6,Non Residente,12,Sabato,0,0.2785,2025
4.5<potenza_impegnata<=6,Non Residente,12,Giorno feriale,8,0.35489999999999994,2025
4.5<potenza_impegnata<=6,Non Residente,12,Giorno feriale,7,0.31045,2025
4.5<potenza_impegnata<=6,Non Residente,12,Giorno feriale,6,0.2344,2025
4.5<potenza_impegnata<=6,Non Residente,12,Giorno feriale,5,0.20395,2025
4.5<potenza_impegnata<=6,Non Residente,12,Giorno feriale,4,0.1987,2025
4.5<potenza_impegnata<=6,Non Residente,12,Giorno feriale,3,0.20375000000000001,2025
4.5<potenza_impegnata<=6,Non Residente,12,Giorno feriale,2,0.21705000000000002,2025
4.5<potenza_impegnata<=6,Non Residente,12,Giorno feriale,23,0.33330000000000004,2025
4.5<potenza_impegnata<=6,Non Residente,12,Giorno feriale,22,0.3822,2025
4.5<potenza_impegnata<=6,Non Residente,12,Giorno feriale,21,0.42535000000000006,2025
4.5<potenza_impegnata<=6,Non Residente,12,Giorno feriale,20,0.4553999999999999,2025
4.5<potenza_impegnata<=6,Non Residente,12,Giorno feriale,19,0.44630000000000003,2025
4.5<potenza_impegnata<=6,Non Residente,12,Giorno feriale,1,0.24394999999999997,2025
4.5<potenza_impegnata<=6,Non Residente,12,Giorno feriale,18,0.396,2025
4.5<potenza_impegnata<=6,Non Residente,12,Giorno feriale,17,0.36185,2025
4.5<potenza_impegnata<=6,Non Residente,12,Giorno feriale,16,0.34240000000000004,2025
4.5<potenza_impegnata<=6,Non Residente,12,Giorno feriale,15,0.34185,2025
4.5<potenza_impegnata<=6,Non Residente,12,Giorno feriale,14,0.35350000000000004,2025
4.5<potenza_impegnata<=6,Non Residente,12,Giorno feriale,13,0.36544999999999994,2025
4.5<potenza_impegnata<=6,Non Residente,12,Giorno feriale,12,0.3599,2025
4.5<potenza_impegnata<=6,Non Residente,12,Giorno feriale,11,0.35705,2025
4.5<potenza_impegnata<=6,Non Residente,12,Giorno feriale,10,0.364,2025
4.5<potenza_impegnata<=6,Non Residente,12,Giorno feriale,9,0.3694,2025
4.5<potenza_impegnata<=6,Non Residente,12,Giorno feriale,0,0.28785000000000005,2025
4.5<potenza_impegnata<=6,Non Residente,12,Domenica,8,0.264,2025
4.5<potenza_impegnata<=6,Non Residente,12,Domenica,7,0.2287142857142857,2025
4.5<potenza_impegnata<=6,Non Residente,12,Domenica,6,0.21028571428571427,2025
4.5<potenza_impegnata<=6,Non Residente,12,Domenica,5,0.1997142857142857,2025
4.5<potenza_impegnata<=6,Non Residente,12,Domenica,4,0.19799999999999998,2025
4.5<potenza_impegnata<=6,Non Residente,12,Domenica,3,0.20500000000000002,2025
4.5<potenza_impegnata<=6,Non Residente,12,Domenica,2,0.21914285714285714,2025
4.5<potenza_impegnata<=6,Non Residente,12,Domenica,23,0.3085714285714286,2025
4.5<potenza_impegnata<=6,Non Residente,12,Domenica,22,0.3455714285714286,2025
4.5<potenza_impegnata<=6,Non Residente,12,Domenica,21,0.37685714285714284,2025
4.5<potenza_impegnata<=6,Non Residente,12,Domenica,20,0.39785714285714285,2025
4.5<potenza_impegnata<=6,Non Residente,12,Domenica,19,0.38871428571428573,2025
4.5<potenza_impegnata<=6,Non Residente,12,Domenica,1,0.24228571428571427,2025
4.5<potenza_impegnata<=6,Non Residente,12,Domenica,18,0.3505714285714286,2025
4.5<potenza_impegnata<=6,Non Residente,12,Domenica,17,0.32371428571428573,2025
4.5<potenza_impegnata<=6,Non Residente,12,Domenica,16,0.3015714285714286,2025
4.5<potenza_impegnata<=6,Non Residente,12,Domenica,15,0.2997142857142857,2025
4.5<potenza_impegnata<=6,Non Residente,12,Domenica,14,0.3138571428571429,2025
4.5<potenza_impegnata<=6,Non Residente,12,Domenica,13,0.3377142857142857,2025
4.5<potenza_impegnata<=6,Non Residente,12,Domenica,12,0.3418571428571428,2025
4.5<potenza_impegnata<=6,Non Residente,12,Domenica,11,0.33314285714285713,2025
4.5<potenza_impegnata<=6,Non Residente,12,Domenica,10,0.326,2025
4.5<potenza_impegnata<=6,Non Residente,12,Domenica,9,0.3044285714285714,2025
4.5<potenza_impegnata<=6,Non Residente,12,Domenica,0,0.27271428571428574,2025
4.5<potenza_impegnata<=6,Tutti,12,Sabato,8,0.3375,2025
4.5<potenza_impegnata<=6,Tutti,12,Sabato,7,0.2815,2025
4.5<potenza_impegnata<=6,Tutti,12,Sabato,6,0.233,2025
4.5<potenza_impegnata<=6,Tutti,12,Sabato,5,0.213,2025
4.5<potenza_impegnata<=6,Tutti,12,Sabato,4,0.2075,2025
4.5<potenza_impegnata<=6,Tutti,12,Sabato,3,0.21375,2025
4.5<potenza_impegnata<=6,Tutti,12,Sabato,2,0.22825,2025
4.5<potenza_impegnata<=6,Tutti,12,Sabato,23,0.349,2025
4.5<potenza_impegnata<=6,Tutti,12,Sabato,22,0.3975,2025
4.5<potenza_impegnata<=6,Tutti,12,Sabato,21,0.4455,2025
4.5<potenza_impegnata<=6,Tutti,12,Sabato,20,0.487,2025
4.5<potenza_impegnata<=6,Tutti,12,Sabato,19,0.4955,2025
4.5<potenza_impegnata<=6,Tutti,12,Sabato,1,0.25625,2025
4.5<potenza_impegnata<=6,Tutti,12,Sabato,18,0.44025,2025
4.5<potenza_impegnata<=6,Tutti,12,Sabato,17,0.40075,2025
4.5<potenza_impegnata<=6,Tutti,12,Sabato,16,0.37175,2025
4.5<potenza_impegnata<=6,Tutti,12,Sabato,15,0.3715,2025
4.5<potenza_impegnata<=6,Tutti,12,Sabato,14,0.39075,2025
4.5<potenza_impegnata<=6,Tutti,12,Sabato,13,0.41375,2025
4.5<potenza_impegnata<=6,Tutti,12,Sabato,12,0.4095,2025
4.5<potenza_impegnata<=6,Tutti,12,Sabato,11,0.38925,2025
4.5<potenza_impegnata<=6,Tutti,12,Sabato,10,0.3915,2025
4.5<potenza_impegnata<=6,Tutti,12,Sabato,9,0.38125,2025
4.5<potenza_impegnata<=6,Tutti,12,Sabato,0,0.30275,2025
4.5<potenza_impegnata<=6,Tutti,12,Giorno feriale,8,0.40164999999999995,2025
4.5<potenza_impegnata<=6,Tutti,12,Giorno feriale,7,0.36360000000000003,2025
4.5<potenza_impegnata<=6,Tutti,12,Giorno feriale,6,0.2644,2025
4.5<potenza_impegnata<=6,Tutti,12,Giorno feriale,5,0.21825,2025
4.5<potenza_impegnata<=6,Tutti,12,Giorno feriale,4,0.2076,2025
4.5<potenza_impegnata<=6,Tutti,12,Giorno feriale,3,0.2122,2025
4.5<potenza_impegnata<=6,Tutti,12,Giorno feriale,2,0.22545,2025
4.5<potenza_impegnata<=6,Tutti,12,Giorno feriale,23,0.37475,2025
4.5<potenza_impegnata<=6,Tutti,12,Giorno feriale,22,0.44589999999999996,2025
4.5<potenza_impegnata<=6,Tutti,12,Giorno feriale,21,0.5085000000000001,2025
4.5<potenza_impegnata<=6,Tutti,12,Giorno feriale,20,0.5531999999999999,2025
4.5<potenza_impegnata<=6,Tutti,12,Giorno feriale,19,0.55665,2025
4.5<potenza_impegnata<=6,Tutti,12,Giorno feriale,1,0.2537,2025
4.5<potenza_impegnata<=6,Tutti,12,Giorno feriale,18,0.47735000000000005,2025
4.5<potenza_impegnata<=6,Tutti,12,Giorno feriale,17,0.4243,2025
4.5<potenza_impegnata<=6,Tutti,12,Giorno feriale,16,0.38905,2025
4.5<potenza_impegnata<=6,Tutti,12,Giorno feriale,15,0.38370000000000004,2025
4.5<potenza_impegnata<=6,Tutti,12,Giorno feriale,14,0.3977,2025
4.5<potenza_impegnata<=6,Tutti,12,Giorno feriale,13,0.4095000000000001,2025
4.5<potenza_impegnata<=6,Tutti,12,Giorno feriale,12,0.4034,2025
4.5<potenza_impegnata<=6,Tutti,12,Giorno feriale,11,0.3919499999999999,2025
4.5<potenza_impegnata<=6,Tutti,12,Giorno feriale,10,0.39965,2025
4.5<potenza_impegnata<=6,Tutti,12,Giorno feriale,9,0.41005,2025
4.5<potenza_impegnata<=6,Tutti,12,Giorno feriale,0,0.307,2025
4.5<potenza_impegnata<=6,Tutti,12,Domenica,8,0.30642857142857144,2025
4.5<potenza_impegnata<=6,Tutti,12,Domenica,7,0.25742857142857145,2025
4.5<potenza_impegnata<=6,Tutti,12,Domenica,6,0.23,2025
4.5<potenza_impegnata<=6,Tutti,12,Domenica,5,0.21428571428571427,2025
potenza_impegnata>6,Tutti,anno,Giorno feriale,4,0.5633598898499105,2025
potenza_impegnata>6,Non Residente,anno,Domenica,9,0.8666883978083767,2025
potenza_impegnata>6,Residente,anno,Sabato,21,0.8718042432195977,2025
potenza_impegnata>6,Tutti,anno,Giorno feriale,9,0.8914710099552845,2025
potenza_impegnata>6,Tutti,anno,Domenica,16,0.7936472735497332,2025
potenza_impegnata>6,Tutti,anno,Sabato,0,0.7212652089703658,2025
potenza_impegnata>6,Non Residente,anno,Domenica,22,0.9978632472601637,2025
potenza_impegnata>6,Tutti,anno,Sabato,8,0.7429835668627132,2025
potenza_impegnata>6,Residente,anno,Giorno feriale,16,0.8198420807847524,2025
potenza_impegnata>6,Residente,anno,Giorno feriale,13,0.8447175556441121,2025
potenza_impegnata>6,Tutti,anno,Sabato,13,0.8467390931729015,2025
potenza_impegnata>6,Tutti,anno,Giorno feriale,14,0.8873711860504682,2025
potenza_impegnata>6,Residente,anno,Domenica,19,0.9556894057379159,2025
potenza_impegnata>6,Tutti,anno,Sabato,12,0.8490752605478421,2025
potenza_impegnata>6,Tutti,anno,Domenica,3,0.5817286916112964,2025
potenza_impegnata>6,Non Residente,anno,Giorno feriale,11,1.1259468173399667,2025
potenza_impegnata>6,Non Residente,anno,Giorno feriale,16,1.0490636953296173,2025
potenza_impegnata>6,Non Residente,anno,Sabato,21,1.0765666842933423,2025
potenza_impegnata>6,Non Residente,anno,Sabato,6,0.7629238604999097,2025
potenza_impegnata>6,Residente,anno,Giorno feriale,2,0.5540597215728779,2025
potenza_impegnata>6,Tutti,anno,Domenica,10,0.7543368885798877,2025
potenza_impegnata>6,Tutti,anno,Sabato,19,0.9799015171723907,2025
potenza_impegnata>6,Tutti,anno,Sabato,1,0.655700169560066,2025
potenza_impegnata>6,Residente,anno,Domenica,5,0.5296632049866916,2025
potenza_impegnata>6,Tutti,anno,Giorno feriale,23,0.7808794635546834,2025
potenza_impegnata>6,Non Residente,anno,Domenica,7,0.763701289746509,2025
potenza_impegnata>6,Tutti,anno,Giorno feriale,0,0.6863243251168326,2025
potenza_impegnata>6,Non Residente,anno,Domenica,17,0.9740721491026062,2025
potenza_impegnata>6,Non Residente,anno,Domenica,10,0.9150386081398592,2025
potenza_impegnata>6,Non Residente,anno,Giorno feriale,19,1.1840182527548315,2025
potenza_impegnata>6,Non Residente,anno,Sabato,18,1.0908903165063066,2025
potenza_impegnata>6,Non Residente,anno,Domenica,0,0.8256901118410791,2025
potenza_impegnata>6,Residente,anno,Sabato,20,0.9198385802196073,2025
potenza_impegnata>6,Non Residente,anno,Sabato,7,0.828769663631439,2025
potenza_impegnata>6,Residente,anno,Giorno feriale,4,0.5327146377656506,2025
potenza_impegnata>6,Non Residente,anno,Giorno feriale,1,0.7517765293986934,2025
potenza_impegnata>6,Non Residente,anno,Domenica,11,0.9467291965275961,2025
potenza_impegnata>6,Residente,anno,Giorno feriale,1,0.5878691753411518,2025
potenza_impegnata>6,Tutti,anno,Sabato,23,0.7821146364390967,2025
potenza_impegnata>6,Tutti,anno,Sabato,22,0.8616435279845056,2025
potenza_impegnata>6,Residente,anno,Giorno feriale,15,0.8221561659028097,2025
potenza_impegnata>6,Non Residente,anno,Giorno feriale,9,1.0753579325958065,2025
potenza_impegnata>6,Tutti,anno,Sabato,11,0.8337064230630068,2025
potenza_impegnata>6,Tutti,anno,Sabato,9,0.8011245447063914,2025
potenza_impegnata>6,Residente,anno,Domenica,3,0.5321822077841222,2025
potenza_impegnata>6,Tutti,anno,Giorno feriale,13,0.8967004630694045,2025
potenza_impegnata>6,Residente,anno,Domenica,18,0.8612381066834064,2025
potenza_impegnata>6,Non Residente,anno,Giorno feriale,20,1.169556451673136,2025
potenza_impegnata>6,Residente,anno,Domenica,12,0.7425893118114674,2025
potenza_impegnata>6,Non Residente,anno,Giorno feriale,22,1.0180012295547753,2025
potenza_impegnata>6,Tutti,anno,Domenica,0,0.698018592276009,2025
potenza_impegnata>6,Non Residente,anno,Sabato,16,0.9743037970438777,2025
potenza_impegnata>6,Residente,anno,Giorno feriale,5,0.5441486219183416,2025
potenza_impegnata>6,Non Residente,anno,Sabato,1,0.7893744499187453,2025
potenza_impegnata>6,Residente,anno,Sabato,9,0.7334430682119791,2025
potenza_impegnata>6,Residente,anno,Sabato,12,0.7733627355569318,2025
potenza_impegnata>6,Residente,anno,Sabato,13,0.7759434663363709,2025
potenza_impegnata>6,Non Residente,anno,Sabato,22,1.0068135347073541,2025
potenza_impegnata>6,Non Residente,anno,Sabato,2,0.7547544599788478,2025
potenza_impegnata>6,Non Residente,anno,Domenica,15,0.9119453307639118,2025
potenza_impegnata>6,Non Residente,anno,Sabato,4,0.7225705703304357,2025
potenza_impegnata>6,Residente,anno,Sabato,22,0.80623088511408,2025
potenza_impegnata>6,Residente,anno,Sabato,19,0.9228052925968524,2025
potenza_impegnata>6,Non Residente,anno,Domenica,23,0.9011337037623851,2025
potenza_impegnata>6,Non Residente,anno,Giorno feriale,13,1.1039697667395303,2025
potenza_impegnata>6,Non Residente,anno,Sabato,8,0.9011917726416798,2025
potenza_impegnata>6,Tutti,anno,Sabato,6,0.6244018853802331,2025
potenza_impegnata>6,Residente,anno,Giorno feriale,17,0.8599961852851686,2025
potenza_impegnata>6,Residente,anno,Giorno feriale,14,0.8407189651014517,2025
potenza_impegnata>6,Tutti,anno,Domenica,18,0.9133290034107233,2025
potenza_impegnata>6,Tutti,anno,Sabato,18,0.9146704617851339,2025
potenza_impegnata>6,Tutti,anno,Sabato,17,0.8493230825168673,2025
potenza_impegnata>6,Tutti,anno,Giorno feriale,8,0.8342639039582628,2025
potenza_impegnata>6,Residente,anno,Domenica,8,0.6206067364666803,2025
potenza_impegnata>6,Tutti,anno,Giorno feriale,7,0.7562158126069759,2025
potenza_impegnata>6,Tutti,anno,Giorno feriale,6,0.6319669315458476,2025
potenza_impegnata>6,Non Residente,anno,Domenica,8,0.8139405574981792,2025
potenza_impegnata>6,Non Residente,anno,Domenica,13,0.9541853225471665,2025
potenza_impegnata>6,Tutti,anno,Giorno feriale,19,1.0511081345097286,2025
potenza_impegnata>6,Tutti,anno,Giorno feriale,1,0.6164903589500154,2025
potenza_impegnata>6,Residente,anno,Domenica,23,0.7497226377486488,2025
potenza_impegnata>6,Tutti,anno,Giorno feriale,16,0.8542168793380375,2025
potenza_impegnata>6,Residente,anno,Domenica,4,0.523529504116099,2025
potenza_impegnata>6,Non Residente,anno,Domenica,6,0.7285767742458464,2025
potenza_impegnata>6,Residente,anno,Domenica,20,0.970721711333807,2025
potenza_impegnata>6,Tutti,anno,Giorno feriale,10,0.9051739249952292,2025
potenza_impegnata>6,Tutti,anno,Domenica,8,0.674138233697378,2025
potenza_impegnata>6,Residente,anno,Giorno feriale,9,0.8359436220862179,2025
potenza_impegnata>6,Tutti,anno,Domenica,5,0.5788059789681076,2025
potenza_impegnata>6,Residente,anno,Giorno feriale,10,0.844210691755817,2025
potenza_impegnata>6,Non Residente,anno,Domenica,5,0.7066175910812083,2025
potenza_impegnata>6,Residente,anno,Domenica,17,0.7897765854213419,2025
potenza_impegnata>6,Tutti,anno,Domenica,13,0.803613430702455,2025
potenza_impegnata>6,Tutti,anno,Domenica,14,0.7865110423516153,2025
potenza_impegnata>6,Tutti,anno,Domenica,21,0.9700812706835906,2025
potenza_impegnata>6,Non Residente,anno,Domenica,14,0.9313064888337012,2025
potenza_impegnata>6,Tutti,anno,Sabato,21,0.9283990865749576,2025
potenza_impegnata>6,Tutti,anno,Domenica,19,0.996554311189983,2025
potenza_impegnata>6,Tutti,anno,Sabato,4,0.5912701329521188,2025
potenza_impegnata>6,Residente,anno,Giorno feriale,19,1.0251683842141,2025
potenza_impegnata>6,Non Residente,anno,Domenica,3,0.7113107315728128,2025
potenza_impegnata>6,Residente,anno,Giorno feriale,21,0.9707296376117412,2025
potenza_impegnata>6,Tutti,anno,Domenica,9,0.7221026463847549,2025
potenza_impegnata>6,Non Residente,anno,Sabato,15,0.9760895181468773,2025
potenza_impegnata>6,Non Residente,anno,Domenica,12,0.9627944830512742,2025
potenza_impegnata>6,Residente,anno,Domenica,0,0.6492044405700467,2025
potenza_impegnata>6,Residente,anno,Giorno feriale,23,0.7624350679201893,2025
potenza_impegnata>6,Non Residente,anno,Sabato,17,1.0184470812804705,2025
potenza_impegnata>6,Residente,anno,Sabato,3,0.5498998618852419,2025
potenza_impegnata>6,Non Residente,anno,Giorno feriale,18,1.1410890406320398,2025
potenza_impegnata>6,Non Residente,anno,Sabato,5,0.7277052119070344,2025
potenza_impegnata>6,Residente,anno,Giorno feriale,7,0.7146084139028613,2025
potenza_impegnata>6,Residente,anno,Giorno feriale,8,0.7851048064356224,2025
potenza_impegnata>6,Non Residente,anno,Sabato,3,0.7319190226223334,2025
potenza_impegnata>6,Residente,anno,Sabato,16,0.7489241695911606,2025
potenza_impegnata>6,Residente,anno,Sabato,18,0.8464902336646121,2025
potenza_impegnata>6,Residente,anno,Sabato,15,0.7460552827666205,2025
potenza_impegnata>6,Residente,anno,Sabato,14,0.762128385286109,2025
potenza_impegnata>6,Non Residente,anno,Giorno feriale,15,1.0582650724355238,2025
potenza_impegnata>6,Residente,anno,Sabato,10,0.7484449924798727,2025
potenza_impegnata>6,Non Residente,anno,Sabato,23,0.9174416204503831,2025
potenza_impegnata>6,Residente,anno,Sabato,17,0.7840182547406295,2025
potenza_impegnata>6,Residente,anno,Sabato,11,0.7516398768271944,2025
potenza_impegnata>6,Non Residente,anno,Sabato,20,1.1203132251657335,2025
potenza_impegnata>6,Non Residente,anno,Sabato,19,1.1286450976345863,2025
potenza_impegnata>6,Residente,anno,Sabato,1,0.6046787701396875,2025
potenza_impegnata>6,Non Residente,anno,Giorno feriale,14,1.0891130964260054,2025
potenza_impegnata>6,Residente,anno,Sabato,0,0.6719659480767152,2025
potenza_impegnata>6,Non Residente,anno,Giorno feriale,17,1.0736204921037529,2025
potenza_impegnata>6,Non Residente,anno,Domenica,16,0.9260416214991323,2025
potenza_impegnata>6,Residente,anno,Sabato,23,0.7306144288143758,2025
potenza_impegnata>6,Residente,anno,Sabato,5,0.5476876296361831,2025
potenza_impegnata>6,Residente,anno,Giorno feriale,6,0.5949951870051795,2025
potenza_impegnata>6,Residente,anno,Sabato,2,0.5685976191178349,2025
potenza_impegnata>6,Non Residente,anno,Domenica,21,1.0726577963892991,2025
potenza_impegnata>6,Residente,anno,Sabato,4,0.541240904577939,2025
potenza_impegnata>6,Non Residente,anno,Domenica,2,0.7246053570967991,2025
potenza_impegnata>6,Residente,anno,Giorno feriale,3,0.5385537209906078,2025
potenza_impegnata>6,Non Residente,anno,Giorno feriale,12,1.1176203249533596,2025
potenza_impegnata>6,Residente,anno,Sabato,6,0.5712273634335034,2025
potenza_impegnata>6,Residente,anno,Sabato,7,0.6258848142577683,2025
potenza_impegnata>6,Residente,anno,Sabato,8,0.6825464306427989,2025
potenza_impegnata>6,Residente,anno,Giorno feriale,22,0.8776143676322848,2025
potenza_impegnata>6,Residente,anno,Domenica,9,0.6661686025860318,2025
potenza_impegnata>6,Residente,anno,Giorno feriale,20,1.022312049212294,2025
potenza_impegnata>6,Tutti,anno,Domenica,11,0.7743663469282546,2025
potenza_impegnata>6,Non Residente,anno,Sabato,14,1.0063660084608044,2025
potenza_impegnata>6,Tutti,anno,Domenica,12,0.8041507361635309,2025
potenza_impegnata>6,Non Residente,anno,Domenica,20,1.110907251983871,2025
potenza_impegnata>6,Residente,anno,Domenica,16,0.7423725028624981,2025
potenza_impegnata>6,Residente,anno,Giorno feriale,18,0.9305728844319862,2025
potenza_impegnata>6,Non Residente,anno,Giorno feriale,10,1.1086776787524804,2025
potenza_impegnata>6,Tutti,anno,Sabato,3,0.6001584503345089,2025
potenza_impegnata>6,Residente,anno,Domenica,13,0.7451678518297986,2025
potenza_impegnata>6,Non Residente,anno,Giorno feriale,21,1.110506007202174,2025
potenza_impegnata>6,Non Residente,anno,Domenica,4,0.7019430490511441,2025
potenza_impegnata>6,Residente,anno,Domenica,14,0.7304151735801961,2025
potenza_impegnata>6,Tutti,anno,Domenica,20,1.009372014417873,2025
potenza_impegnata>6,Tutti,anno,Domenica,15,0.7775468324630853,2025
potenza_impegnata>6,Residente,anno,Domenica,15,0.7255059362545325,2025
potenza_impegnata>6,Residente,anno,Domenica,11,0.7075235755619905,2025
potenza_impegnata>6,Tutti,anno,Domenica,22,0.8922947005583642,2025
potenza_impegnata>6,Residente,anno,Giorno feriale,12,0.8481938328926725,2025
potenza_impegnata>6,Tutti,anno,Sabato,16,0.8117685505097444,2025
potenza_impegnata>6,Non Residente,anno,Giorno feriale,23,0.9047494779732433,2025
potenza_impegnata>6,Tutti,anno,Sabato,15,0.8103244819195051,2025
potenza_impegnata>6,Residente,anno,Giorno feriale,11,0.8395840880043091,2025
potenza_impegnata>6,Tutti,anno,Sabato,14,0.8304432307222975,2025
potenza_impegnata>6,Non Residente,anno,Giorno feriale,0,0.8165620776215861,2025
potenza_impegnata>6,Non Residente,anno,Giorno feriale,2,0.7203984883989621,2025
potenza_impegnata>6,Tutti,anno,Sabato,10,0.8246060991961861,2025
potenza_impegnata>6,Residente,anno,Giorno feriale,0,0.6611481192900092,2025
potenza_impegnata>6,Non Residente,anno,Domenica,18,1.0481388440181727,2025
potenza_impegnata>6,Non Residente,anno,Giorno feriale,3,0.7016508695268184,2025
potenza_impegnata>6,Residente,anno,Domenica,7,0.5778182341359561,2025
potenza_impegnata>6,Tutti,anno,Giorno feriale,5,0.5763260946490333,2025
potenza_impegnata>6,Residente,anno,Domenica,6,0.5477753124172029,2025
potenza_impegnata>6,Tutti,anno,Giorno feriale,2,0.5843564295441239,2025
potenza_impegnata>6,Non Residente,anno,Giorno feriale,4,0.6955071053397264,2025
potenza_impegnata>6,Non Residente,anno,Giorno feriale,5,0.7094544181144121,2025
potenza_impegnata>6,Residente,anno,Domenica,2,0.5434108473462326,2025
potenza_impegnata>6,Tutti,anno,Giorno feriale,18,0.9611690395311319,2025
potenza_impegnata>6,Tutti,anno,Giorno feriale,17,0.886010098431133,2025
potenza_impegnata>6,Tutti,anno,Giorno feriale,20,1.046929596469673,2025
potenza_impegnata>6,Non Residente,anno,Giorno feriale,6,0.7709202207619383,2025
potenza_impegnata>6,Tutti,anno,Giorno feriale,21,0.9899767982478392,2025
potenza_impegnata>6,Tutti,anno,Giorno feriale,15,0.8626507355248109,2025
potenza_impegnata>6,Tutti,anno,Giorno feriale,22,0.8951013667271146,2025
potenza_impegnata>6,Residente,anno,Domenica,22,0.8524189771683597,2025
potenza_impegnata>6,Non Residente,anno,Domenica,1,0.768441101780786,2025
potenza_impegnata>6,Non Residente,anno,Giorno feriale,7,0.8990747276167222,2025
potenza_impegnata>6,Tutti,anno,Giorno feriale,3,0.5686677968054578,2025
potenza_impegnata>6,Residente,anno,Domenica,21,0.9313127236984879,2025
potenza_impegnata>6,Tutti,anno,Giorno feriale,12,0.9055848617733466,2025
potenza_impegnata>6,Tutti,anno,Giorno feriale,11,0.9042775750495374,2025
potenza_impegnata>6,Non Residente,anno,Giorno feriale,8,0.9994266688901974,2025
potenza_impegnata>6,Residente,anno,Domenica,1,0.5865056040830504,2025
potenza_impegnata>6,Non Residente,anno,Sabato,0,0.8508401449686589,2025
potenza_impegnata>6,Tutti,anno,Domenica,7,0.6293654644002384,2025
potenza_impegnata>6,Tutti,anno,Domenica,6,0.597878110849181,2025
potenza_impegnata>6,Non Residente,anno,Sabato,9,0.9756916643021127,2025
potenza_impegnata>6,Tutti,anno,Domenica,4,0.5727585334464386,2025
potenza_impegnata>6,Residente,anno,Domenica,10,0.691886403813044,2025
potenza_impegnata>6,Non Residente,anno,Domenica,19,1.1037409879254378,2025
potenza_impegnata>6,Tutti,anno,Domenica,2,0.5935529665961281,2025
potenza_impegnata>6,Tutti,anno,Domenica,23,0.7913659559923463,2025
potenza_impegnata>6,Non Residente,anno,Sabato,10,1.0203712397141897,2025
potenza_impegnata>6,Non Residente,anno,Sabato,11,1.045461186060309,2025
potenza_impegnata>6,Tutti,anno,Domenica,17,0.8412635600572418,2025
potenza_impegnata>6,Tutti,anno,Sabato,20,0.9754243694706746,2025
potenza_impegnata>6,Tutti,anno,Domenica,1,0.6369238577489227,2025
potenza_impegnata>6,Non Residente,anno,Sabato,12,1.0440073013129723,2025
potenza_impegnata>6,Tutti,anno,Sabato,2,0.6200046990840917,2025
potenza_impegnata>6,Tutti,anno,Sabato,5,0.5976645956453569,2025
potenza_impegnata>6,Non Residente,anno,Sabato,13,1.0287470090540922,2025
potenza_impegnata>6,Tutti,anno,Sabato,7,0.6821211006505715,2025
potenza_impegnata>6,Tutti,01,Giorno feriale,4,0.6423333333333334,2025
potenza_impegnata>6,Residente,01,Giorno feriale,6,0.6958095238095238,2025
potenza_impegnata>6,Tutti,01,Giorno feriale,9,1.1081904761904762,2025
potenza_impegnata>6,Tutti,01,Domenica,14,0.9256666666666667,2025
potenza_impegnata>6,Non Residente,01,Sabato,18,1.28925,2025
potenza_impegnata>6,Residente,01,Giorno feriale,17,1.0111904761904762,2025
potenza_impegnata>6,Tutti,01,Sabato,13,0.9715,2025
potenza_impegnata>6,Residente,01,Domenica,19,1.1303333333333334,2025
potenza_impegnata>6,Non Residente,01,Domenica,4,0.7921666666666667,2025
potenza_impegnata>6,Residente,01,Sabato,5,0.6045,2025
potenza_impegnata>6,Residente,01,Sabato,10,0.879,2025
potenza_impegnata>6,Residente,01,Domenica,5,0.6013333333333334,2025
potenza_impegnata>6,Residente,01,Giorno feriale,13,0.9601428571428572,2025
potenza_impegnata>6,Tutti,01,Domenica,1,0.7036666666666668,2025
potenza_impegnata>6,Tutti,01,Domenica,9,0.8588333333333332,2025
potenza_impegnata>6,Residente,01,Sabato,23,0.795,2025
potenza_impegnata>6,Non Residente,01,Domenica,23,0.9598333333333334,2025
potenza_impegnata>6,Residente,01,Sabato,9,0.8595,2025
potenza_impegnata>6,Residente,01,Giorno feriale,4,0.583952380952381,2025
potenza_impegnata>6,Non Residente,01,Sabato,14,1.17375,2025
potenza_impegnata>6,Tutti,01,Sabato,8,0.875,2025
potenza_impegnata>6,Non Residente,01,Giorno feriale,10,1.383047619047619,2025
potenza_impegnata>6,Tutti,01,Sabato,18,1.092,2025
potenza_impegnata>6,Tutti,01,Giorno feriale,6,0.7596190476190476,2025
potenza_impegnata>6,Tutti,01,Giorno feriale,19,1.2759047619047617,2025
potenza_impegnata>6,Non Residente,01,Domenica,8,0.9513333333333334,2025
potenza_impegnata>6,Tutti,01,Domenica,8,0.7989999999999999,2025
potenza_impegnata>6,Residente,01,Domenica,16,0.8816666666666667,2025
potenza_impegnata>6,Residente,01,Domenica,10,0.8455,2025
potenza_impegnata>6,Residente,01,Sabato,8,0.8065,2025
potenza_impegnata>6,Residente,01,Sabato,6,0.64975,2025
potenza_impegnata>6,Non Residente,01,Domenica,2,0.8236666666666667,2025
potenza_impegnata>6,Non Residente,01,Sabato,3,0.809,2025
potenza_impegnata>6,Residente,01,Sabato,19,1.0905,2025
potenza_impegnata>6,Non Residente,01,Sabato,2,0.81725,2025
potenza_impegnata>6,Non Residente,01,Sabato,23,1.00825,2025
potenza_impegnata>6,Non Residente,01,Sabato,17,1.20825,2025
potenza_impegnata>6,Residente,01,Giorno feriale,19,1.2154761904761904,2025
potenza_impegnata>6,Non Residente,01,Domenica,20,1.2586666666666666,2025
potenza_impegnata>6,Tutti,01,Sabato,4,0.64575,2025
potenza_impegnata>6,Tutti,01,Sabato,16,0.93325,2025
potenza_impegnata>6,Residente,01,Giorno feriale,11,0.9794761904761906,2025
potenza_impegnata>6,Tutti,01,Sabato,14,0.94875,2025
potenza_impegnata>6,Tutti,01,Giorno feriale,2,0.6561904761904762,2025
potenza_impegnata>6,Residente,01,Domenica,2,0.6126666666666667,2025
potenza_impegnata>6,Residente,01,Domenica,1,0.6488333333333333,2025
potenza_impegnata>6,Tutti,01,Domenica,23,0.8445,2025
potenza_impegnata>6,Residente,01,Domenica,13,0.8945,2025
potenza_impegnata>6,Tutti,01,Domenica,18,1.0996666666666666,2025
potenza_impegnata>6,Tutti,01,Domenica,15,0.9093333333333334,2025
potenza_impegnata>6,Non Residente,01,Domenica,3,0.7999999999999999,2025
potenza_impegnata>6,Non Residente,01,Domenica,11,1.1278333333333335,2025
potenza_impegnata>6,Non Residente,01,Sabato,7,0.97225,2025
potenza_impegnata>6,Residente,01,Sabato,4,0.5885,2025
potenza_impegnata>6,Non Residente,01,Sabato,6,0.8785,2025
potenza_impegnata>6,Residente,01,Sabato,1,0.63975,2025
potenza_impegnata>6,Residente,01,Sabato,18,1.019,2025
potenza_impegnata>6,Residente,01,Sabato,16,0.8595,2025
potenza_impegnata>6,Residente,01,Sabato,15,0.8445,2025
potenza_impegnata>6,Non Residente,01,Sabato,22,1.105,2025
potenza_impegnata>6,Residente,01,Sabato,14,0.86525,2025
potenza_impegnata>6,Residente,01,Sabato,11,0.869,2025
potenza_impegnata>6,Non Residente,01,Sabato,20,1.2755,2025
potenza_impegnata>6,Non Residente,01,Sabato,19,1.32625,2025
potenza_impegnata>6,Residente,01,Sabato,0,0.705,2025
potenza_impegnata>6,Non Residente,01,Sabato,4,0.8,2025
potenza_impegnata>6,Residente,01,Giorno feriale,5,0.6081904761904762,2025
potenza_impegnata>6,Non Residente,01,Domenica,21,1.1784999999999999,2025
potenza_impegnata>6,Residente,01,Giorno feriale,3,0.5844285714285714,2025
potenza_impegnata>6,Non Residente,01,Sabato,16,1.13225,2025
potenza_impegnata>6,Non Residente,01,Sabato,8,1.06,2025
potenza_impegnata>6,Residente,01,Giorno feriale,22,0.9649523809523811,2025
potenza_impegnata>6,Non Residente,01,Domenica,12,1.1428333333333334,2025
potenza_impegnata>6,Residente,01,Domenica,0,0.7120000000000001,2025
potenza_impegnata>6,Tutti,01,Sabato,2,0.66225,2025
potenza_impegnata>6,Residente,01,Giorno feriale,16,0.9244761904761906,2025
potenza_impegnata>6,Residente,01,Giorno feriale,15,0.9148095238095237,2025
potenza_impegnata>6,Non Residente,01,Giorno feriale,9,1.347952380952381,2025
potenza_impegnata>6,Residente,01,Giorno feriale,10,1.0064285714285712,2025
potenza_impegnata>6,Tutti,01,Sabato,12,0.98275,2025
potenza_impegnata>6,Non Residente,01,Domenica,9,1.0001666666666666,2025
potenza_impegnata>6,Residente,01,Giorno feriale,9,1.0194761904761904,2025
potenza_impegnata>6,Tutti,01,Giorno feriale,3,0.6427619047619049,2025
potenza_impegnata>6,Tutti,01,Giorno feriale,23,0.8791428571428571,2025
potenza_impegnata>6,Tutti,01,Giorno feriale,22,1.0175714285714286,2025
potenza_impegnata>6,Residente,01,Domenica,4,0.5856666666666667,2025
potenza_impegnata>6,Tutti,01,Giorno feriale,21,1.1421428571428571,2025
potenza_impegnata>6,Non Residente,01,Domenica,13,1.1261666666666665,2025
potenza_impegnata>6,Tutti,01,Giorno feriale,20,1.2324285714285714,2025
potenza_impegnata>6,Non Residente,01,Domenica,7,0.8983333333333333,2025
potenza_impegnata>6,Tutti,01,Giorno feriale,18,1.195904761904762,2025
potenza_impegnata>6,Tutti,01,Giorno feriale,15,1.0084761904761905,2025
potenza_impegnata>6,Residente,01,Domenica,21,1.0246666666666666,2025
potenza_impegnata>6,Tutti,01,Giorno feriale,12,1.089095238095238,2025
potenza_impegnata>6,Residente,01,Domenica,8,0.7428333333333333,2025
potenza_impegnata>6,Tutti,01,Giorno feriale,0,0.7641428571428571,2025
potenza_impegnata>6,Tutti,01,Domenica,7,0.741,2025
potenza_impegnata>6,Residente,01,Domenica,18,1.0435,2025
potenza_impegnata>6,Tutti,01,Domenica,4,0.6415000000000001,2025
potenza_impegnata>6,Residente,01,Giorno feriale,12,0.978,2025
potenza_impegnata>6,Residente,01,Domenica,15,0.8521666666666667,2025
potenza_impegnata>6,Tutti,01,Domenica,21,1.0655,2025
potenza_impegnata>6,Residente,01,Giorno feriale,14,0.9407142857142858,2025
potenza_impegnata>6,Tutti,01,Domenica,20,1.1486666666666667,2025
potenza_impegnata>6,Non Residente,01,Domenica,14,1.093,2025
potenza_impegnata>6,Residente,01,Domenica,12,0.9008333333333334,2025
potenza_impegnata>6,Tutti,01,Domenica,16,0.9335,2025
potenza_impegnata>6,Tutti,01,Domenica,12,0.9660000000000001,2025
potenza_impegnata>6,Tutti,01,Domenica,11,0.9321666666666667,2025
potenza_impegnata>6,Residente,01,Domenica,9,0.8069999999999999,2025
potenza_impegnata>6,Tutti,01,Domenica,10,0.9065,2025
potenza_impegnata>6,Non Residente,01,Giorno feriale,11,1.4054761904761905,2025
potenza_impegnata>6,Tutti,01,Domenica,0,0.7648333333333334,2025
potenza_impegnata>6,Residente,01,Sabato,7,0.725,2025
potenza_impegnata>6,Non Residente,01,Giorno feriale,12,1.3865238095238095,2025
potenza_impegnata>6,Residente,01,Sabato,3,0.59225,2025
potenza_impegnata>6,Residente,01,Sabato,2,0.605,2025
potenza_impegnata>6,Non Residente,01,Sabato,5,0.8225,2025
potenza_impegnata>6,Non Residente,01,Giorno feriale,13,1.3512380952380953,2025
potenza_impegnata>6,Non Residente,01,Domenica,15,1.0651666666666666,2025
potenza_impegnata>6,Non Residente,01,Giorno feriale,14,1.3085238095238094,2025
potenza_impegnata>6,Residente,01,Sabato,17,0.9405,2025
potenza_impegnata>6,Non Residente,01,Giorno feriale,15,1.2599523809523812,2025
potenza_impegnata>6,Residente,01,Sabato,13,0.8835,2025
potenza_impegnata>6,Non Residente,01,Sabato,21,1.19775,2025
potenza_impegnata>6,Residente,01,Sabato,12,0.88775,2025
potenza_impegnata>6,Non Residente,01,Domenica,22,1.079,2025
potenza_impegnata>6,Non Residente,01,Giorno feriale,16,1.2568095238095238,2025
potenza_impegnata>6,Residente,01,Sabato,20,1.05625,2025
potenza_impegnata>6,Non Residente,01,Giorno feriale,17,1.3285238095238097,2025
potenza_impegnata>6,Residente,01,Sabato,21,0.97125,2025
potenza_impegnata>6,Residente,01,Giorno feriale,8,0.9694285714285713,2025
potenza_impegnata>6,Non Residente,01,Domenica,0,0.9071666666666666,2025
potenza_impegnata>6,Non Residente,01,Sabato,1,0.84975,2025
potenza_impegnata>6,Residente,01,Sabato,22,0.881,2025
potenza_impegnata>6,Residente,01,Giorno feriale,7,0.878904761904762,2025
potenza_impegnata>6,Non Residente,01,Domenica,16,1.0748333333333333,2025
potenza_impegnata>6,Non Residente,01,Giorno feriale,18,1.4218095238095239,2025
potenza_impegnata>6,Non Residente,01,Giorno feriale,1,0.8436190476190477,2025
potenza_impegnata>6,Residente,01,Giorno feriale,2,0.5973333333333334,2025
potenza_impegnata>6,Residente,01,Giorno feriale,23,0.8274761904761906,2025
potenza_impegnata>6,Non Residente,01,Sabato,15,1.13125,2025
potenza_impegnata>6,Residente,01,Giorno feriale,21,1.0902380952380955,2025
potenza_impegnata>6,Non Residente,01,Giorno feriale,19,1.4407619047619047,2025
potenza_impegnata>6,Residente,01,Giorno feriale,20,1.1772380952380952,2025
potenza_impegnata>6,Residente,01,Giorno feriale,1,0.6316666666666666,2025
potenza_impegnata>6,Non Residente,01,Giorno feriale,20,1.3830952380952382,2025
potenza_impegnata>6,Residente,01,Giorno feriale,18,1.1125238095238095,2025
potenza_impegnata>6,Tutti,01,Sabato,5,0.66325,2025
potenza_impegnata>6,Non Residente,01,Domenica,17,1.1578333333333333,2025
potenza_impegnata>6,Tutti,01,Sabato,3,0.65075,2025
potenza_impegnata>6,Non Residente,01,Giorno feriale,21,1.2843809523809524,2025
potenza_impegnata>6,Tutti,01,Sabato,23,0.8525,2025
potenza_impegnata>6,Tutti,01,Sabato,22,0.9415,2025
potenza_impegnata>6,Tutti,01,Sabato,21,1.0325,2025
potenza_impegnata>6,Tutti,01,Sabato,20,1.11575,2025
potenza_impegnata>6,Non Residente,01,Giorno feriale,22,1.161,2025
potenza_impegnata>6,Tutti,01,Sabato,19,1.1545,2025
potenza_impegnata>6,Tutti,01,Sabato,1,0.69675,2025
potenza_impegnata>6,Non Residente,01,Domenica,10,1.0716666666666665,2025
potenza_impegnata>6,Non Residente,01,Giorno feriale,23,1.0192380952380953,2025
potenza_impegnata>6,Tutti,01,Sabato,15,0.922,2025
potenza_impegnata>6,Non Residente,01,Giorno feriale,0,0.9088571428571428,2025
potenza_impegnata>6,Tutti,01,Sabato,11,0.9715,2025
potenza_impegnata>6,Non Residente,01,Giorno feriale,2,0.8149047619047619,2025
potenza_impegnata>6,Tutti,01,Sabato,10,0.968,2025
potenza_impegnata>6,Tutti,01,Sabato,9,0.9355,2025
potenza_impegnata>6,Residente,01,Giorno feriale,0,0.7106666666666667,2025
potenza_impegnata>6,Non Residente,01,Domenica,18,1.2538333333333334,2025
potenza_impegnata>6,Non Residente,01,Giorno feriale,3,0.8005238095238095,2025
potenza_impegnata>6,Residente,01,Domenica,7,0.6826666666666666,2025
potenza_impegnata>6,Tutti,01,Giorno feriale,5,0.6677619047619048,2025
potenza_impegnata>6,Residente,01,Domenica,6,0.637,2025
potenza_impegnata>6,Non Residente,01,Giorno feriale,4,0.8001904761904761,2025
potenza_impegnata>6,Residente,01,Domenica,3,0.5943333333333333,2025
potenza_impegnata>6,Non Residente,01,Giorno feriale,5,0.8289047619047619,2025
potenza_impegnata>6,Tutti,01,Giorno feriale,1,0.688952380952381,2025
potenza_impegnata>6,Tutti,01,Giorno feriale,17,1.0970476190476188,2025
potenza_impegnata>6,Residente,01,Domenica,23,0.8025000000000001,2025
potenza_impegnata>6,Non Residente,01,Giorno feriale,6,0.9322380952380953,2025
potenza_impegnata>6,Tutti,01,Giorno feriale,16,1.0144285714285712,2025
potenza_impegnata>6,Residente,01,Domenica,22,0.9168333333333334,2025
potenza_impegnata>6,Non Residente,01,Domenica,1,0.8511666666666667,2025
potenza_impegnata>6,Tutti,01,Giorno feriale,14,1.0404285714285713,2025
potenza_impegnata>6,Tutti,01,Giorno feriale,13,1.0661904761904761,2025
potenza_impegnata>6,Non Residente,01,Giorno feriale,7,1.1242380952380953,2025
potenza_impegnata>6,Non Residente,01,Domenica,6,0.8525,2025
potenza_impegnata>6,Tutti,01,Giorno feriale,11,1.0952380952380953,2025
potenza_impegnata>6,Residente,01,Domenica,20,1.109,2025
potenza_impegnata>6,Tutti,01,Giorno feriale,10,1.1087142857142855,2025
potenza_impegnata>6,Non Residente,01,Giorno feriale,8,1.2577619047619049,2025
potenza_impegnata>6,Tutti,01,Giorno feriale,7,0.9447619047619048,2025
potenza_impegnata>6,Tutti,01,Giorno feriale,8,1.0470000000000002,2025
potenza_impegnata>6,Tutti,01,Sabato,0,0.7605,2025
potenza_impegnata>6,Non Residente,01,Sabato,0,0.9095,2025
potenza_impegnata>6,Tutti,01,Domenica,6,0.6951666666666667,2025
potenza_impegnata>6,Tutti,01,Domenica,5,0.6568333333333333,2025
potenza_impegnata>6,Non Residente,01,Domenica,5,0.8065000000000001,2025
potenza_impegnata>6,Non Residente,01,Sabato,9,1.1395,2025
potenza_impegnata>6,Residente,01,Domenica,17,0.963,2025
potenza_impegnata>6,Tutti,01,Domenica,3,0.65,2025
potenza_impegnata>6,Non Residente,01,Domenica,19,1.2925,2025
potenza_impegnata>6,Tutti,01,Domenica,2,0.6698333333333334,2025
potenza_impegnata>6,Tutti,01,Sabato,17,1.013,2025
potenza_impegnata>6,Non Residente,01,Sabato,10,1.20625,2025
potenza_impegnata>6,Tutti,01,Domenica,22,0.9598333333333334,2025
potenza_impegnata>6,Non Residente,01,Sabato,11,1.24575,2025
potenza_impegnata>6,Residente,01,Domenica,14,0.864,2025
potenza_impegnata>6,Tutti,01,Domenica,19,1.1736666666666666,2025
potenza_impegnata>6,Non Residente,01,Sabato,12,1.2385,2025
potenza_impegnata>6,Tutti,01,Domenica,17,1.0153333333333332,2025
potenza_impegnata>6,Residente,01,Domenica,11,0.86,2025
potenza_impegnata>6,Tutti,01,Sabato,6,0.7115,2025
potenza_impegnata>6,Non Residente,01,Sabato,13,1.20825,2025
potenza_impegnata>6,Tutti,01,Sabato,7,0.792,2025
potenza_impegnata>6,Tutti,01,Domenica,13,0.9566666666666667,2025
potenza_impegnata>6,Tutti,02,Giorno feriale,4,0.6164000000000001,2025
potenza_impegnata>6,Residente,02,Giorno feriale,6,0.67425,2025
potenza_impegnata>6,Tutti,02,Giorno feriale,9,1.0525,2025
potenza_impegnata>6,Tutti,02,Domenica,14,0.86125,2025
potenza_impegnata>6,Non Residente,02,Sabato,18,1.288,2025
potenza_impegnata>6,Residente,02,Giorno feriale,17,0.9014000000000001,2025
potenza_impegnata>6,Tutti,02,Sabato,13,0.9985,2025
potenza_impegnata>6,Residente,02,Domenica,19,1.11875,2025
potenza_impegnata>6,Non Residente,02,Domenica,4,0.7835,2025
potenza_impegnata>6,Residente,02,Sabato,5,0.589,2025
potenza_impegnata>6,Residente,02,Sabato,10,0.88075,2025
potenza_impegnata>6,Residente,02,Domenica,5,0.57975,2025
potenza_impegnata>6,Residente,02,Giorno feriale,13,0.89375,2025
potenza_impegnata>6,Tutti,02,Domenica,1,0.69325,2025
potenza_impegnata>6,Tutti,02,Domenica,9,0.8375,2025
potenza_impegnata>6,Residente,02,Sabato,23,0.781,2025
potenza_impegnata>6,Non Residente,02,Domenica,23,0.96425,2025
potenza_impegnata>6,Residente,02,Sabato,9,0.85825,2025
potenza_impegnata>6,Residente,02,Giorno feriale,4,0.55795,2025
potenza_impegnata>6,Non Residente,02,Sabato,14,1.19425,2025
potenza_impegnata>6,Tutti,02,Sabato,8,0.8635,2025
potenza_impegnata>6,Non Residente,02,Giorno feriale,10,1.3406500000000001,2025
potenza_impegnata>6,Tutti,02,Sabato,18,1.07,2025
potenza_impegnata>6,Tutti,02,Giorno feriale,6,0.73765,2025
potenza_impegnata>6,Tutti,02,Giorno feriale,19,1.2253500000000002,2025
potenza_impegnata>6,Non Residente,02,Domenica,8,0.96175,2025
potenza_impegnata>6,Tutti,02,Domenica,8,0.78925,2025
potenza_impegnata>6,Residente,02,Domenica,16,0.79125,2025
potenza_impegnata>6,Residente,02,Domenica,10,0.80425,2025
potenza_impegnata>6,Residente,02,Sabato,8,0.7885,2025
potenza_impegnata>6,Residente,02,Sabato,6,0.6375,2025
potenza_impegnata>6,Non Residente,02,Domenica,2,0.819,2025
potenza_impegnata>6,Non Residente,02,Sabato,3,0.792,2025
potenza_impegnata>6,Residente,02,Sabato,19,1.06825,2025
potenza_impegnata>6,Non Residente,02,Sabato,2,0.81625,2025
potenza_impegnata>6,Non Residente,02,Sabato,23,1.004,2025
potenza_impegnata>6,Non Residente,02,Sabato,17,1.177,2025
potenza_impegnata>6,Residente,02,Giorno feriale,19,1.16305,2025
potenza_impegnata>6,Non Residente,02,Domenica,20,1.2725,2025
potenza_impegnata>6,Tutti,02,Sabato,4,0.63175,2025
potenza_impegnata>6,Tutti,02,Sabato,16,0.91725,2025
potenza_impegnata>6,Residente,02,Giorno feriale,11,0.9243500000000001,2025
potenza_impegnata>6,Tutti,02,Sabato,14,0.9595,2025
potenza_impegnata>6,Tutti,02,Giorno feriale,2,0.6294500000000001,2025
potenza_impegnata>6,Residente,02,Domenica,2,0.5925,2025
potenza_impegnata>6,Residente,02,Domenica,1,0.63475,2025
potenza_impegnata>6,Tutti,02,Domenica,23,0.837,2025
potenza_impegnata>6,Residente,02,Domenica,13,0.821,2025
potenza_impegnata>6,Tutti,02,Domenica,18,1.0665,2025
potenza_impegnata>6,Tutti,02,Domenica,15,0.83675,2025
potenza_impegnata>6,Non Residente,02,Domenica,3,0.792,2025
potenza_impegnata>6,Non Residente,02,Domenica,11,1.14375,2025
potenza_impegnata>6,Non Residente,02,Sabato,7,0.96075,2025
potenza_impegnata>6,Residente,02,Sabato,4,0.5735,2025
potenza_impegnata>6,Non Residente,02,Sabato,6,0.8745,2025
potenza_impegnata>6,Residente,02,Sabato,1,0.63275,2025
potenza_impegnata>6,Residente,02,Sabato,18,0.98925,2025
potenza_impegnata>6,Residente,02,Sabato,16,0.844,2025
potenza_impegnata>6,Residente,02,Sabato,15,0.846,2025
potenza_impegnata>6,Non Residente,02,Sabato,22,1.106,2025
potenza_impegnata>6,Residente,02,Sabato,14,0.87175,2025
potenza_impegnata>6,Residente,02,Sabato,11,0.89075,2025
potenza_impegnata>6,Non Residente,02,Sabato,20,1.28525,2025
potenza_impegnata>6,Non Residente,02,Sabato,19,1.321,2025
potenza_impegnata>6,Residente,02,Sabato,0,0.70625,2025
potenza_impegnata>6,Non Residente,02,Sabato,4,0.7895,2025
potenza_impegnata>6,Residente,02,Giorno feriale,5,0.5843,2025
potenza_impegnata>6,Non Residente,02,Domenica,21,1.1965,2025
potenza_impegnata>6,Residente,02,Giorno feriale,3,0.55715,2025
potenza_impegnata>6,Non Residente,02,Sabato,16,1.11425,2025
potenza_impegnata>6,Non Residente,02,Sabato,8,1.0665,2025
potenza_impegnata>6,Residente,02,Giorno feriale,22,0.9237500000000001,2025
potenza_impegnata>6,Non Residente,02,Domenica,12,1.14925,2025
potenza_impegnata>6,Residente,02,Domenica,0,0.7065,2025
potenza_impegnata>6,Tutti,02,Sabato,2,0.65625,2025
potenza_impegnata>6,Residente,02,Giorno feriale,16,0.8379,2025
potenza_impegnata>6,Residente,02,Giorno feriale,15,0.8512500000000001,2025
potenza_impegnata>6,Non Residente,02,Giorno feriale,9,1.3082,2025
potenza_impegnata>6,Residente,02,Giorno feriale,10,0.94885,2025
potenza_impegnata>6,Tutti,02,Sabato,12,1.0145,2025
potenza_impegnata>6,Non Residente,02,Domenica,9,1.01025,2025
potenza_impegnata>6,Residente,02,Giorno feriale,9,0.9576,2025
potenza_impegnata>6,Tutti,02,Giorno feriale,3,0.6143000000000001,2025
potenza_impegnata>6,Tutti,02,Giorno feriale,23,0.8472999999999999,2025
potenza_impegnata>6,Tutti,02,Giorno feriale,22,0.97915,2025
potenza_impegnata>6,Residente,02,Domenica,4,0.563,2025
potenza_impegnata>6,Tutti,02,Giorno feriale,21,1.10415,2025
potenza_impegnata>6,Non Residente,02,Domenica,13,1.109,2025
potenza_impegnata>6,Tutti,02,Giorno feriale,20,1.1891500000000002,2025
potenza_impegnata>6,Non Residente,02,Domenica,7,0.90525,2025
potenza_impegnata>6,Tutti,02,Giorno feriale,18,1.1247,2025
potenza_impegnata>6,Tutti,02,Giorno feriale,15,0.9455,2025
potenza_impegnata>6,Residente,02,Domenica,21,1.02775,2025
potenza_impegnata>6,Tutti,02,Giorno feriale,12,1.02585,2025
potenza_impegnata>6,Residente,02,Domenica,8,0.7255,2025
potenza_impegnata>6,Tutti,02,Giorno feriale,0,0.7384000000000001,2025
potenza_impegnata>6,Tutti,02,Domenica,7,0.729,2025
potenza_impegnata>6,Residente,02,Domenica,18,1.0075,2025
potenza_impegnata>6,Tutti,02,Domenica,4,0.6225,2025
potenza_impegnata>6,Residente,02,Giorno feriale,12,0.9121500000000001,2025
potenza_impegnata>6,Residente,02,Domenica,15,0.7705,2025
potenza_impegnata>6,Tutti,02,Domenica,21,1.07275,2025
potenza_impegnata>6,Residente,02,Giorno feriale,14,0.8811500000000001,2025
potenza_impegnata>6,Tutti,02,Domenica,20,1.148,2025
potenza_impegnata>6,Non Residente,02,Domenica,14,1.068,2025
potenza_impegnata>6,Residente,02,Domenica,12,0.8445,2025
potenza_impegnata>6,Tutti,02,Domenica,16,0.854,2025
potenza_impegnata>6,Tutti,02,Domenica,12,0.92725,2025
potenza_impegnata>6,Tutti,02,Domenica,11,0.904,2025
potenza_impegnata>6,Residente,02,Domenica,9,0.77375,2025
potenza_impegnata>6,Tutti,02,Domenica,10,0.87925,2025
potenza_impegnata>6,Non Residente,02,Giorno feriale,11,1.3609,2025
potenza_impegnata>6,Tutti,02,Domenica,0,0.76275,2025
potenza_impegnata>6,Residente,02,Sabato,7,0.716,2025
potenza_impegnata>6,Non Residente,02,Giorno feriale,12,1.32945,2025
potenza_impegnata>6,Residente,02,Sabato,3,0.578,2025
potenza_impegnata>6,Residente,02,Sabato,2,0.597,2025
potenza_impegnata>6,Non Residente,02,Sabato,5,0.80825,2025
potenza_impegnata>6,Non Residente,02,Giorno feriale,13,1.2943500000000001,2025
potenza_impegnata>6,Non Residente,02,Domenica,15,1.0145,2025
potenza_impegnata>6,Non Residente,02,Giorno feriale,14,1.2545,2025
potenza_impegnata>6,Residente,02,Sabato,17,0.88875,2025
potenza_impegnata>6,Non Residente,02,Giorno feriale,15,1.198,2025
potenza_impegnata>6,Residente,02,Sabato,13,0.907,2025
potenza_impegnata>6,Non Residente,02,Sabato,21,1.20475,2025
potenza_impegnata>6,Residente,02,Sabato,12,0.91675,2025
potenza_impegnata>6,Non Residente,02,Domenica,22,1.08975,2025
potenza_impegnata>6,Non Residente,02,Giorno feriale,16,1.18425,2025
potenza_impegnata>6,Residente,02,Sabato,20,1.0315,2025
potenza_impegnata>6,Non Residente,02,Giorno feriale,17,1.2322,2025
potenza_impegnata>6,Residente,02,Sabato,21,0.94725,2025
potenza_impegnata>6,Residente,02,Giorno feriale,8,0.9163499999999999,2025
potenza_impegnata>6,Non Residente,02,Domenica,0,0.915,2025
potenza_impegnata>6,Non Residente,02,Sabato,1,0.851,2025
potenza_impegnata>6,Residente,02,Sabato,22,0.86075,2025
potenza_impegnata>6,Residente,02,Giorno feriale,7,0.84605,2025
potenza_impegnata>6,Non Residente,02,Domenica,16,1.02375,2025
potenza_impegnata>6,Non Residente,02,Giorno feriale,18,1.35875,2025
potenza_impegnata>6,Non Residente,02,Giorno feriale,1,0.8150999999999999,2025
potenza_impegnata>6,Residente,02,Giorno feriale,2,0.5715,2025
potenza_impegnata>6,Residente,02,Giorno feriale,23,0.7932499999999999,2025
potenza_impegnata>6,Non Residente,02,Sabato,15,1.13525,2025
potenza_impegnata>6,Residente,02,Giorno feriale,21,1.0481,2025
potenza_impegnata>6,Non Residente,02,Giorno feriale,19,1.3952000000000002,2025
potenza_impegnata>6,Residente,02,Giorno feriale,20,1.1312,2025
potenza_impegnata>6,Residente,02,Giorno feriale,1,0.6052,2025
potenza_impegnata>6,Non Residente,02,Giorno feriale,20,1.3479499999999998,2025
potenza_impegnata>6,Residente,02,Giorno feriale,18,1.0380500000000001,2025
potenza_impegnata>6,Tutti,02,Sabato,5,0.64825,2025
potenza_impegnata>6,Non Residente,02,Domenica,17,1.0945,2025
potenza_impegnata>6,Tutti,02,Sabato,3,0.63575,2025
potenza_impegnata>6,Non Residente,02,Giorno feriale,21,1.25815,2025
potenza_impegnata>6,Tutti,02,Sabato,23,0.8415,2025
potenza_impegnata>6,Tutti,02,Sabato,22,0.927,2025
potenza_impegnata>6,Tutti,02,Sabato,21,1.01675,2025
potenza_impegnata>6,Tutti,02,Sabato,20,1.1,2025
potenza_impegnata>6,Non Residente,02,Giorno feriale,22,1.13035,2025
potenza_impegnata>6,Tutti,02,Sabato,19,1.13675,2025
potenza_impegnata>6,Tutti,02,Sabato,1,0.69175,2025
potenza_impegnata>6,Non Residente,02,Domenica,10,1.082,2025
potenza_impegnata>6,Non Residente,02,Giorno feriale,23,0.9943,2025
potenza_impegnata>6,Tutti,02,Sabato,15,0.9245,2025
potenza_impegnata>6,Non Residente,02,Giorno feriale,0,0.8881499999999999,2025
potenza_impegnata>6,Tutti,02,Sabato,11,0.99425,2025
potenza_impegnata>6,Non Residente,02,Giorno feriale,2,0.7864,2025
potenza_impegnata>6,Tutti,02,Sabato,10,0.97225,2025
potenza_impegnata>6,Tutti,02,Sabato,9,0.93775,2025
potenza_impegnata>6,Residente,02,Giorno feriale,0,0.68315,2025
potenza_impegnata>6,Non Residente,02,Domenica,18,1.22725,2025
potenza_impegnata>6,Non Residente,02,Giorno feriale,3,0.769,2025
potenza_impegnata>6,Residente,02,Domenica,7,0.66375,2025
potenza_impegnata>6,Tutti,02,Giorno feriale,5,0.6429500000000001,2025
potenza_impegnata>6,Residente,02,Domenica,6,0.61575,2025
potenza_impegnata>6,Non Residente,02,Giorno feriale,4,0.77455,2025
potenza_impegnata>6,Residente,02,Domenica,3,0.5685,2025
potenza_impegnata>6,Non Residente,02,Giorno feriale,5,0.80205,2025
potenza_impegnata>6,Tutti,02,Giorno feriale,1,0.6617,2025
potenza_impegnata>6,Tutti,02,Giorno feriale,17,0.9910500000000001,2025
potenza_impegnata>6,Residente,02,Domenica,23,0.79025,2025
potenza_impegnata>6,Non Residente,02,Giorno feriale,6,0.9097500000000001,2025
potenza_impegnata>6,Tutti,02,Giorno feriale,16,0.9319000000000001,2025
potenza_impegnata>6,Residente,02,Domenica,22,0.91475,2025
potenza_impegnata>6,Non Residente,02,Domenica,1,0.8515,2025
potenza_impegnata>6,Tutti,02,Giorno feriale,14,0.9826500000000001,2025
potenza_impegnata>6,Tutti,02,Giorno feriale,13,1.00265,2025
potenza_impegnata>6,Non Residente,02,Giorno feriale,7,1.1070499999999999,2025
potenza_impegnata>6,Non Residente,02,Domenica,6,0.8495,2025
potenza_impegnata>6,Tutti,02,Giorno feriale,11,1.0432,2025
potenza_impegnata>6,Residente,02,Domenica,20,1.10275,2025
potenza_impegnata>6,Tutti,02,Giorno feriale,10,1.0554000000000001,2025
potenza_impegnata>6,Non Residente,02,Giorno feriale,8,1.22565,2025
potenza_impegnata>6,Tutti,02,Giorno feriale,7,0.91625,2025
potenza_impegnata>6,Tutti,02,Giorno feriale,8,0.9999,2025
potenza_impegnata>6,Tutti,02,Sabato,0,0.761,2025
potenza_impegnata>6,Non Residente,02,Sabato,0,0.90925,2025
potenza_impegnata>6,Tutti,02,Domenica,6,0.67875,2025
potenza_impegnata>6,Tutti,02,Domenica,5,0.6395,2025
potenza_impegnata>6,Non Residente,02,Domenica,5,0.8015,2025
potenza_impegnata>6,Non Residente,02,Sabato,9,1.15175,2025
potenza_impegnata>6,Residente,02,Domenica,17,0.87275,2025
potenza_impegnata>6,Tutti,02,Domenica,3,0.629,2025
potenza_impegnata>6,Non Residente,02,Domenica,19,1.29175,2025
potenza_impegnata>6,Tutti,02,Domenica,2,0.65375,2025
potenza_impegnata>6,Tutti,02,Sabato,17,0.967,2025
potenza_impegnata>6,Non Residente,02,Sabato,10,1.21775,2025
potenza_impegnata>6,Tutti,02,Domenica,22,0.9615,2025
potenza_impegnata>6,Non Residente,02,Sabato,11,1.27175,2025
potenza_impegnata>6,Residente,02,Domenica,14,0.7845,2025
potenza_impegnata>6,Tutti,02,Domenica,19,1.165,2025
potenza_impegnata>6,Non Residente,02,Sabato,12,1.27675,2025
potenza_impegnata>6,Tutti,02,Domenica,17,0.93275,2025
potenza_impegnata>6,Residente,02,Domenica,11,0.81475,2025
potenza_impegnata>6,Tutti,02,Sabato,6,0.70125,2025
potenza_impegnata>6,Non Residente,02,Sabato,13,1.24425,2025
potenza_impegnata>6,Tutti,02,Sabato,7,0.782,2025
potenza_impegnata>6,Tutti,02,Domenica,13,0.89925,2025
potenza_impegnata>6,Residente,03,Domenica,19,0.9614,2025
potenza_impegnata>6,Residente,03,Sabato,21,0.829,2025
potenza_impegnata>6,Tutti,03,Giorno feriale,21,0.9599047619047619,2025
potenza_impegnata>6,Tutti,03,Domenica,19,0.9965999999999999,2025
potenza_impegnata>6,Non Residente,03,Domenica,22,0.9502,2025
potenza_impegnata>6,Tutti,03,Sabato,22,0.8018000000000001,2025
potenza_impegnata>6,Residente,03,Giorno feriale,16,0.6865714285714285,2025
potenza_impegnata>6,Tutti,03,Giorno feriale,18,0.9144761904761903,2025
potenza_impegnata>6,Residente,03,Giorno feriale,17,0.7185238095238095,2025
potenza_impegnata>6,Residente,03,Domenica,12,0.6940000000000001,2025
potenza_impegnata>6,Non Residente,03,Giorno feriale,11,1.1061904761904764,2025
potenza_impegnata>6,Non Residente,03,Giorno feriale,16,0.9623333333333333,2025
potenza_impegnata>6,Non Residente,03,Sabato,21,1.0116,2025
potenza_impegnata>6,Non Residente,03,Sabato,6,0.7258,2025
potenza_impegnata>6,Residente,03,Giorno feriale,2,0.49428571428571433,2025
potenza_impegnata>6,Tutti,03,Domenica,10,0.7312000000000001,2025
potenza_impegnata>6,Non Residente,03,Domenica,7,0.746,2025
potenza_impegnata>6,Tutti,03,Giorno feriale,22,0.8525714285714285,2025
potenza_impegnata>6,Residente,03,Giorno feriale,10,0.7938095238095237,2025
potenza_impegnata>6,Tutti,03,Sabato,16,0.7228,2025
potenza_impegnata>6,Tutti,03,Sabato,17,0.7636000000000001,2025
potenza_impegnata>6,Tutti,03,Domenica,2,0.4518,2025
potenza_impegnata>6,Non Residente,03,Giorno feriale,19,1.1788571428571428,2025
potenza_impegnata>6,Non Residente,03,Sabato,18,1.0474,2025
potenza_impegnata>6,Non Residente,03,Domenica,0,0.7777999999999999,2025
potenza_impegnata>6,Residente,03,Sabato,20,0.8934,2025
potenza_impegnata>6,Non Residente,03,Sabato,7,0.807,2025
potenza_impegnata>6,Residente,03,Giorno feriale,4,0.48538095238095247,2025
potenza_impegnata>6,Non Residente,03,Giorno feriale,1,0.7068095238095238,2025
potenza_impegnata>6,Non Residente,03,Domenica,11,0.914,2025
potenza_impegnata>6,Tutti,03,Giorno feriale,0,0.6404285714285715,2025
potenza_impegnata>6,Non Residente,03,Giorno feriale,3,0.6652380952380953,2025
potenza_impegnata>6,Residente,03,Domenica,20,0.9823999999999999,2025
potenza_impegnata>6,Tutti,03,Giorno feriale,11,0.8673333333333333,2025
potenza_impegnata>6,Tutti,03,Giorno feriale,3,0.5331904761904761,2025
potenza_impegnata>6,Tutti,03,Sabato,0,0.6416000000000001,2025
potenza_impegnata>6,Non Residente,03,Giorno feriale,0,0.7683333333333334,2025
potenza_impegnata>6,Tutti,03,Giorno feriale,8,0.836857142857143,2025
potenza_impegnata>6,Tutti,03,Sabato,20,0.9438000000000001,2025
potenza_impegnata>6,Tutti,03,Sabato,7,0.6638,2025
potenza_impegnata>6,Residente,03,Giorno feriale,1,0.5221904761904762,2025
potenza_impegnata>6,Tutti,03,Domenica,7,0.615,2025
potenza_impegnata>6,Non Residente,03,Giorno feriale,2,0.6759999999999999,2025
potenza_impegnata>6,Tutti,03,Domenica,6,0.5793999999999999,2025
potenza_impegnata>6,Tutti,03,Domenica,0,0.65,2025
potenza_impegnata>6,Non Residente,03,Sabato,16,0.8812,2025
potenza_impegnata>6,Residente,03,Giorno feriale,5,0.5065714285714285,2025
potenza_impegnata>6,Non Residente,03,Sabato,1,0.7144,2025
potenza_impegnata>6,Residente,03,Sabato,9,0.7308,2025
potenza_impegnata>6,Residente,03,Sabato,12,0.7498,2025
potenza_impegnata>6,Residente,03,Sabato,13,0.7238,2025
potenza_impegnata>6,Non Residente,03,Sabato,22,0.9304,2025
potenza_impegnata>6,Non Residente,03,Sabato,2,0.6812,2025
potenza_impegnata>6,Non Residente,03,Domenica,15,0.8416,2025
potenza_impegnata>6,Non Residente,03,Sabato,4,0.658,2025
potenza_impegnata>6,Residente,03,Sabato,22,0.7544,2025
potenza_impegnata>6,Residente,03,Sabato,19,0.9114000000000001,2025
potenza_impegnata>6,Non Residente,03,Domenica,23,0.8480000000000001,2025
potenza_impegnata>6,Non Residente,03,Giorno feriale,13,1.0535238095238095,2025
potenza_impegnata>6,Non Residente,03,Sabato,8,0.8855999999999999,2025
potenza_impegnata>6,Tutti,03,Domenica,3,0.54,2025
potenza_impegnata>6,Residente,03,Domenica,17,0.6868000000000001,2025
potenza_impegnata>6,Tutti,03,Giorno feriale,9,0.8812857142857143,2025
potenza_impegnata>6,Tutti,03,Domenica,18,0.8618,2025
potenza_impegnata>6,Tutti,03,Sabato,19,0.9628,2025
potenza_impegnata>6,Non Residente,03,Sabato,10,1.0034,2025
potenza_impegnata>6,Tutti,03,Giorno feriale,15,0.7838571428571428,2025
potenza_impegnata>6,Tutti,03,Giorno feriale,19,1.047761904761905,2025
potenza_impegnata>6,Non Residente,03,Giorno feriale,6,0.779047619047619,2025
potenza_impegnata>6,Residente,03,Domenica,7,0.5666,2025
potenza_impegnata>6,Tutti,03,Giorno feriale,23,0.7280476190476192,2025
potenza_impegnata>6,Residente,03,Giorno feriale,11,0.7731904761904763,2025
potenza_impegnata>6,Tutti,03,Giorno feriale,7,0.7716190476190476,2025
potenza_impegnata>6,Non Residente,03,Giorno feriale,9,1.086095238095238,2025
potenza_impegnata>6,Residente,03,Giorno feriale,0,0.5934761904761905,2025
potenza_impegnata>6,Tutti,03,Sabato,23,0.7174,2025
potenza_impegnata>6,Non Residente,03,Domenica,8,0.792,2025
potenza_impegnata>6,Tutti,03,Sabato,6,0.589,2025
potenza_impegnata>6,Residente,03,Domenica,4,0.4856,2025
potenza_impegnata>6,Non Residente,03,Giorno feriale,4,0.6663333333333333,2025
potenza_impegnata>6,Tutti,03,Sabato,8,0.7306,2025
potenza_impegnata>6,Residente,03,Domenica,10,0.6692,2025
potenza_impegnata>6,Non Residente,03,Domenica,9,0.8480000000000001,2025
potenza_impegnata>6,Non Residente,03,Giorno feriale,20,1.1505238095238095,2025
potenza_impegnata>6,Tutti,03,Domenica,21,0.953,2025
potenza_impegnata>6,Tutti,03,Domenica,16,0.7038,2025
potenza_impegnata>6,Tutti,03,Domenica,17,0.7448,2025
potenza_impegnata>6,Tutti,03,Domenica,1,0.589,2025
potenza_impegnata>6,Non Residente,03,Domenica,17,0.891,2025
potenza_impegnata>6,Residente,03,Domenica,18,0.8058,2025
potenza_impegnata>6,Tutti,03,Domenica,5,0.5462,2025
potenza_impegnata>6,Non Residente,03,Sabato,13,0.9714,2025
potenza_impegnata>6,Residente,03,Giorno feriale,19,0.9996666666666666,2025
potenza_impegnata>6,Non Residente,03,Domenica,3,0.6744,2025
potenza_impegnata>6,Residente,03,Giorno feriale,21,0.9167619047619049,2025
potenza_impegnata>6,Tutti,03,Domenica,9,0.7114,2025
potenza_impegnata>6,Non Residente,03,Sabato,15,0.89,2025
potenza_impegnata>6,Non Residente,03,Domenica,12,0.9166000000000001,2025
potenza_impegnata>6,Residente,03,Domenica,0,0.6028,2025
potenza_impegnata>6,Residente,03,Giorno feriale,23,0.6838571428571429,2025
potenza_impegnata>6,Non Residente,03,Sabato,17,0.9272,2025
potenza_impegnata>6,Residente,03,Sabato,3,0.488,2025
potenza_impegnata>6,Non Residente,03,Giorno feriale,18,1.1088095238095237,2025
potenza_impegnata>6,Non Residente,03,Sabato,5,0.6754,2025
potenza_impegnata>6,Residente,03,Giorno feriale,7,0.714,2025
potenza_impegnata>6,Residente,03,Giorno feriale,8,0.7668571428571428,2025
potenza_impegnata>6,Non Residente,03,Sabato,3,0.6636,2025
potenza_impegnata>6,Residente,03,Sabato,16,0.6594,2025
potenza_impegnata>6,Residente,03,Sabato,18,0.8018000000000001,2025
potenza_impegnata>6,Residente,03,Sabato,15,0.6694,2025
potenza_impegnata>6,Residente,03,Sabato,14,0.7026,2025
potenza_impegnata>6,Non Residente,03,Giorno feriale,15,0.9761904761904762,2025
potenza_impegnata>6,Residente,03,Sabato,10,0.7434000000000001,2025
potenza_impegnata>6,Non Residente,03,Sabato,23,0.8406,2025
potenza_impegnata>6,Residente,03,Sabato,17,0.6988000000000001,2025
potenza_impegnata>6,Residente,03,Sabato,11,0.7426,2025
potenza_impegnata>6,Non Residente,03,Sabato,20,1.0814,2025
potenza_impegnata>6,Non Residente,03,Sabato,19,1.1018000000000001,2025
potenza_impegnata>6,Residente,03,Sabato,1,0.5292,2025
potenza_impegnata>6,Non Residente,03,Giorno feriale,14,1.0235714285714286,2025
potenza_impegnata>6,Residente,03,Sabato,0,0.5934,2025
potenza_impegnata>6,Non Residente,03,Giorno feriale,17,0.9891428571428571,2025
potenza_impegnata>6,Non Residente,03,Domenica,16,0.8518000000000001,2025
potenza_impegnata>6,Residente,03,Sabato,23,0.6719999999999999,2025
potenza_impegnata>6,Residente,03,Sabato,5,0.5006,2025
potenza_impegnata>6,Residente,03,Giorno feriale,6,0.5793333333333334,2025
potenza_impegnata>6,Residente,03,Sabato,2,0.5018,2025
potenza_impegnata>6,Non Residente,03,Domenica,21,1.0486,2025
potenza_impegnata>6,Residente,03,Sabato,4,0.48319999999999996,2025
potenza_impegnata>6,Non Residente,03,Domenica,2,0.5608,2025
potenza_impegnata>6,Residente,03,Giorno feriale,3,0.4845714285714286,2025
potenza_impegnata>6,Non Residente,03,Giorno feriale,12,1.0823333333333334,2025
potenza_impegnata>6,Residente,03,Sabato,6,0.5384,2025
potenza_impegnata>6,Residente,03,Sabato,7,0.6108,2025
potenza_impegnata>6,Residente,03,Sabato,8,0.673,2025
potenza_impegnata>6,Residente,03,Giorno feriale,22,0.8093333333333335,2025
potenza_impegnata>6,Residente,03,Domenica,9,0.6566,2025
potenza_impegnata>6,Residente,03,Giorno feriale,20,0.9889047619047621,2025
potenza_impegnata>6,Tutti,03,Domenica,11,0.7398,2025
potenza_impegnata>6,Non Residente,03,Sabato,14,0.9400000000000001,2025
potenza_impegnata>6,Tutti,03,Domenica,12,0.7575999999999999,2025
potenza_impegnata>6,Non Residente,03,Domenica,20,1.1014,2025
potenza_impegnata>6,Non Residente,03,Giorno feriale,23,0.8485714285714285,2025
potenza_impegnata>6,Residente,03,Domenica,16,0.6452,2025
potenza_impegnata>6,Tutti,03,Domenica,4,0.536,2025
potenza_impegnata>6,Non Residente,03,Domenica,5,0.6792,2025
potenza_impegnata>6,Tutti,03,Sabato,5,0.548,2025
potenza_impegnata>6,Residente,03,Domenica,1,0.5398,2025
potenza_impegnata>6,Residente,03,Domenica,13,0.6804,2025
potenza_impegnata>6,Tutti,03,Sabato,21,0.8779999999999999,2025
potenza_impegnata>6,Non Residente,03,Giorno feriale,21,1.078047619047619,2025
potenza_impegnata>6,Non Residente,03,Domenica,4,0.6724,2025
potenza_impegnata>6,Residente,03,Domenica,14,0.653,2025
potenza_impegnata>6,Tutti,03,Giorno feriale,10,0.8803333333333334,2025
potenza_impegnata>6,Tutti,03,Domenica,20,1.0138,2025
potenza_impegnata>6,Tutti,03,Domenica,15,0.6978,2025
potenza_impegnata>6,Residente,03,Domenica,15,0.6406,2025
potenza_impegnata>6,Residente,03,Domenica,11,0.6706000000000001,2025
potenza_impegnata>6,Tutti,03,Domenica,22,0.8523999999999999,2025
potenza_impegnata>6,Tutti,03,Giorno feriale,12,0.8565714285714285,2025
potenza_impegnata>6,Residente,03,Domenica,21,0.9183999999999999,2025
potenza_impegnata>6,Residente,03,Giorno feriale,12,0.7674285714285715,2025
potenza_impegnata>6,Non Residente,03,Domenica,19,1.0939999999999999,2025
potenza_impegnata>6,Residente,03,Domenica,22,0.817,2025
potenza_impegnata>6,Residente,03,Giorno feriale,18,0.8385238095238096,2025
potenza_impegnata>6,Residente,03,Domenica,23,0.7003999999999999,2025
potenza_impegnata>6,Tutti,03,Giorno feriale,17,0.7948571428571428,2025
potenza_impegnata>6,Non Residente,03,Sabato,0,0.772,2025
potenza_impegnata>6,Residente,03,Domenica,8,0.6094,2025
potenza_impegnata>6,Tutti,03,Giorno feriale,6,0.6331428571428572,2025
potenza_impegnata>6,Tutti,03,Giorno feriale,5,0.5558571428571428,2025
potenza_impegnata>6,Tutti,03,Sabato,14,0.7704,2025
potenza_impegnata>6,Tutti,03,Sabato,12,0.8238,2025
potenza_impegnata>6,Non Residente,03,Domenica,1,0.7218,2025
potenza_impegnata>6,Tutti,03,Sabato,18,0.8712,2025
potenza_impegnata>6,Tutti,03,Sabato,1,0.5791999999999999,2025
potenza_impegnata>6,Residente,03,Domenica,6,0.5307999999999999,2025
potenza_impegnata>6,Tutti,03,Sabato,10,0.8178000000000001,2025
potenza_impegnata>6,Tutti,03,Giorno feriale,2,0.5431904761904762,2025
potenza_impegnata>6,Residente,03,Domenica,5,0.4968,2025
potenza_impegnata>6,Non Residente,03,Domenica,18,1.006,2025
potenza_impegnata>6,Residente,03,Giorno feriale,9,0.8001428571428572,2025
potenza_impegnata>6,Non Residente,03,Sabato,12,1.009,2025
potenza_impegnata>6,Non Residente,03,Giorno feriale,7,0.9284761904761906,2025
potenza_impegnata>6,Tutti,03,Giorno feriale,16,0.7642380952380952,2025
potenza_impegnata>6,Tutti,03,Giorno feriale,4,0.5340952380952381,2025
potenza_impegnata>6,Non Residente,03,Giorno feriale,8,1.0248571428571427,2025
potenza_impegnata>6,Tutti,03,Giorno feriale,14,0.8187619047619047,2025
potenza_impegnata>6,Tutti,03,Giorno feriale,20,1.0319999999999998,2025
potenza_impegnata>6,Residente,03,Domenica,3,0.4902,2025
potenza_impegnata>6,Tutti,03,Sabato,9,0.7996000000000001,2025
potenza_impegnata>6,Tutti,03,Domenica,13,0.74,2025
potenza_impegnata>6,Tutti,03,Giorno feriale,1,0.5718571428571428,2025
potenza_impegnata>6,Residente,03,Domenica,2,0.41159999999999997,2025
potenza_impegnata>6,Tutti,03,Domenica,23,0.7398,2025
potenza_impegnata>6,Tutti,03,Sabato,11,0.8242,2025
potenza_impegnata>6,Tutti,03,Domenica,14,0.7142000000000001,2025
potenza_impegnata>6,Non Residente,03,Giorno feriale,5,0.6896190476190476,2025
potenza_impegnata>6,Tutti,03,Sabato,13,0.7946,2025
potenza_impegnata>6,Non Residente,03,Domenica,13,0.8894,2025
potenza_impegnata>6,Non Residente,03,Sabato,9,0.9698,2025
potenza_impegnata>6,Tutti,03,Sabato,15,0.7325999999999999,2025
potenza_impegnata>6,Tutti,03,Giorno feriale,13,0.836904761904762,2025
potenza_impegnata>6,Residente,03,Giorno feriale,13,0.7515714285714287,2025
potenza_impegnata>6,Non Residente,03,Domenica,6,0.7110000000000001,2025
potenza_impegnata>6,Residente,03,Giorno feriale,14,0.7380000000000001,2025
potenza_impegnata>6,Non Residente,03,Sabato,11,1.0292,2025
potenza_impegnata>6,Residente,03,Giorno feriale,15,0.7079047619047619,2025
potenza_impegnata>6,Non Residente,03,Domenica,14,0.8682000000000001,2025
potenza_impegnata>6,Tutti,03,Domenica,8,0.6586000000000001,2025
potenza_impegnata>6,Tutti,03,Sabato,2,0.5504,2025
potenza_impegnata>6,Non Residente,03,Giorno feriale,22,0.9710952380952381,2025
potenza_impegnata>6,Tutti,03,Sabato,3,0.5356,2025
potenza_impegnata>6,Tutti,03,Sabato,4,0.5306,2025
potenza_impegnata>6,Non Residente,03,Giorno feriale,10,1.0987619047619046,2025
potenza_impegnata>6,Non Residente,03,Domenica,10,0.8836,2025
potenza_impegnata>6,Residente,04,Domenica,17,0.5193333333333333,2025
potenza_impegnata>6,Residente,04,Domenica,15,0.515,2025
potenza_impegnata>6,Residente,04,Domenica,13,0.5675,2025
potenza_impegnata>6,Residente,04,Domenica,11,0.5581666666666667,2025
potenza_impegnata>6,Residente,04,Domenica,9,0.5251666666666667,2025
potenza_impegnata>6,Non Residente,04,Sabato,8,0.72825,2025
potenza_impegnata>6,Non Residente,04,Sabato,6,0.612,2025
potenza_impegnata>6,Non Residente,04,Domenica,18,0.7683333333333334,2025
potenza_impegnata>6,Non Residente,04,Sabato,5,0.5785,2025
potenza_impegnata>6,Non Residente,04,Sabato,4,0.57725,2025
potenza_impegnata>6,Non Residente,04,Sabato,2,0.59975,2025
potenza_impegnata>6,Non Residente,04,Sabato,22,0.80675,2025
potenza_impegnata>6,Non Residente,04,Domenica,23,0.7303333333333333,2025
potenza_impegnata>6,Non Residente,04,Sabato,20,0.9015,2025
potenza_impegnata>6,Non Residente,04,Sabato,1,0.629,2025
potenza_impegnata>6,Non Residente,04,Sabato,17,0.7325,2025
potenza_impegnata>6,Non Residente,04,Sabato,15,0.735,2025
potenza_impegnata>6,Non Residente,04,Sabato,13,0.813,2025
potenza_impegnata>6,Non Residente,04,Giorno feriale,0,0.6986,2025
potenza_impegnata>6,Non Residente,04,Sabato,11,0.858,2025
potenza_impegnata>6,Non Residente,04,Sabato,9,0.79775,2025
potenza_impegnata>6,Non Residente,04,Sabato,0,0.68175,2025
potenza_impegnata>6,Non Residente,04,Giorno feriale,8,0.9000999999999999,2025
potenza_impegnata>6,Non Residente,04,Giorno feriale,6,0.65875,2025
potenza_impegnata>6,Non Residente,04,Giorno feriale,5,0.5982,2025
potenza_impegnata>6,Non Residente,04,Giorno feriale,4,0.58445,2025
potenza_impegnata>6,Non Residente,04,Giorno feriale,2,0.60275,2025
potenza_impegnata>6,Non Residente,04,Giorno feriale,22,0.88185,2025
potenza_impegnata>6,Non Residente,04,Giorno feriale,20,1.0049,2025
potenza_impegnata>6,Non Residente,04,Giorno feriale,19,0.966,2025
potenza_impegnata>6,Non Residente,04,Giorno feriale,1,0.6373,2025
potenza_impegnata>6,Non Residente,04,Giorno feriale,21,0.9685499999999999,2025
potenza_impegnata>6,Non Residente,04,Giorno feriale,18,0.9195499999999999,2025
potenza_impegnata>6,Non Residente,04,Giorno feriale,23,0.7784,2025
potenza_impegnata>6,Non Residente,04,Giorno feriale,17,0.8653000000000001,2025
potenza_impegnata>6,Non Residente,04,Giorno feriale,3,0.5864,2025
potenza_impegnata>6,Non Residente,04,Giorno feriale,15,0.89115,2025
potenza_impegnata>6,Non Residente,04,Giorno feriale,14,0.93355,2025
potenza_impegnata>6,Non Residente,04,Giorno feriale,16,0.86965,2025
potenza_impegnata>6,Non Residente,04,Giorno feriale,13,0.9605499999999999,2025
potenza_impegnata>6,Non Residente,04,Giorno feriale,12,0.9826499999999999,2025
potenza_impegnata>6,Non Residente,04,Giorno feriale,11,1.0095500000000002,2025
potenza_impegnata>6,Non Residente,04,Giorno feriale,10,1.0007000000000001,2025
potenza_impegnata>6,Non Residente,04,Sabato,10,0.831,2025
potenza_impegnata>6,Non Residente,04,Giorno feriale,9,0.9793499999999998,2025
potenza_impegnata>6,Non Residente,04,Sabato,12,0.8335,2025
potenza_impegnata>6,Non Residente,04,Domenica,8,0.6716666666666667,2025
potenza_impegnata>6,Non Residente,04,Giorno feriale,7,0.7917500000000001,2025
potenza_impegnata>6,Non Residente,04,Domenica,7,0.6251666666666666,2025
potenza_impegnata>6,Non Residente,04,Sabato,14,0.781,2025
potenza_impegnata>6,Non Residente,04,Domenica,6,0.5925,2025
potenza_impegnata>6,Non Residente,04,Sabato,16,0.72,2025
potenza_impegnata>6,Non Residente,04,Domenica,5,0.5726666666666667,2025
potenza_impegnata>6,Non Residente,04,Domenica,4,0.5725,2025
potenza_impegnata>6,Non Residente,04,Sabato,18,0.79825,2025
potenza_impegnata>6,Non Residente,04,Domenica,3,0.5716666666666667,2025
potenza_impegnata>6,Non Residente,04,Domenica,2,0.5906666666666667,2025
potenza_impegnata>6,Non Residente,04,Sabato,19,0.84375,2025
potenza_impegnata>6,Non Residente,04,Sabato,21,0.875,2025
potenza_impegnata>6,Non Residente,04,Domenica,22,0.8046666666666668,2025
potenza_impegnata>6,Non Residente,04,Domenica,21,0.8631666666666667,2025
potenza_impegnata>6,Non Residente,04,Sabato,23,0.739,2025
potenza_impegnata>6,Non Residente,04,Domenica,20,0.8828333333333332,2025
potenza_impegnata>6,Non Residente,04,Sabato,3,0.5775,2025
potenza_impegnata>6,Non Residente,04,Domenica,19,0.828,2025
potenza_impegnata>6,Non Residente,04,Domenica,1,0.6151666666666666,2025
potenza_impegnata>6,Non Residente,04,Domenica,17,0.7078333333333333,2025
potenza_impegnata>6,Non Residente,04,Domenica,16,0.6893333333333334,2025
potenza_impegnata>6,Residente,04,Domenica,0,0.4956666666666667,2025
potenza_impegnata>6,Non Residente,04,Domenica,15,0.6955,2025
potenza_impegnata>6,Non Residente,04,Sabato,7,0.6715,2025
potenza_impegnata>6,Non Residente,04,Domenica,14,0.7265,2025
potenza_impegnata>6,Residente,04,Domenica,10,0.5428333333333334,2025
potenza_impegnata>6,Non Residente,04,Domenica,13,0.765,2025
potenza_impegnata>6,Non Residente,04,Domenica,12,0.7825000000000001,2025
potenza_impegnata>6,Residente,04,Domenica,12,0.5841666666666666,2025
potenza_impegnata>6,Non Residente,04,Domenica,11,0.7803333333333334,2025
potenza_impegnata>6,Residente,04,Domenica,14,0.5365,2025
potenza_impegnata>6,Non Residente,04,Domenica,10,0.7505000000000001,2025
potenza_impegnata>6,Non Residente,04,Domenica,9,0.7166666666666667,2025
potenza_impegnata>6,Residente,04,Domenica,16,0.5063333333333333,2025
potenza_impegnata>6,Non Residente,04,Domenica,0,0.668,2025
potenza_impegnata>6,Tutti,04,Sabato,8,0.5795,2025
potenza_impegnata>6,Tutti,04,Sabato,6,0.4785,2025
potenza_impegnata>6,Tutti,04,Sabato,4,0.4485,2025
potenza_impegnata>6,Tutti,04,Sabato,2,0.4675,2025
potenza_impegnata>6,Tutti,04,Sabato,22,0.675,2025
potenza_impegnata>6,Tutti,04,Sabato,20,0.76125,2025
potenza_impegnata>6,Tutti,04,Sabato,1,0.4925,2025
potenza_impegnata>6,Residente,04,Giorno feriale,7,0.59505,2025
potenza_impegnata>6,Tutti,04,Sabato,17,0.57575,2025
potenza_impegnata>6,Tutti,04,Sabato,15,0.58875,2025
potenza_impegnata>6,Tutti,04,Sabato,13,0.645,2025
potenza_impegnata>6,Tutti,04,Sabato,12,0.65525,2025
potenza_impegnata>6,Residente,04,Sabato,12,0.58775,2025
potenza_impegnata>6,Tutti,04,Sabato,11,0.65825,2025
potenza_impegnata>6,Tutti,04,Sabato,9,0.6365,2025
potenza_impegnata>6,Tutti,04,Giorno feriale,8,0.73385,2025
potenza_impegnata>6,Tutti,04,Giorno feriale,6,0.5244,2025
potenza_impegnata>6,Residente,04,Sabato,18,0.56025,2025
potenza_impegnata>6,Tutti,04,Giorno feriale,4,0.45994999999999997,2025
potenza_impegnata>6,Tutti,04,Giorno feriale,2,0.4769,2025
potenza_impegnata>6,Tutti,04,Giorno feriale,23,0.6577999999999999,2025
potenza_impegnata>6,Tutti,04,Giorno feriale,22,0.7647,2025
potenza_impegnata>6,Tutti,04,Giorno feriale,20,0.8801500000000001,2025
potenza_impegnata>6,Tutti,04,Giorno feriale,1,0.5068499999999999,2025
potenza_impegnata>6,Residente,04,Sabato,3,0.4055,2025
potenza_impegnata>6,Tutti,04,Giorno feriale,17,0.6817500000000001,2025
potenza_impegnata>6,Tutti,04,Giorno feriale,15,0.71205,2025
potenza_impegnata>6,Residente,04,Sabato,7,0.4775,2025
potenza_impegnata>6,Tutti,04,Giorno feriale,13,0.76725,2025
potenza_impegnata>6,Tutti,04,Giorno feriale,11,0.7957,2025
potenza_impegnata>6,Tutti,04,Giorno feriale,10,0.80245,2025
potenza_impegnata>6,Tutti,04,Giorno feriale,9,0.7957000000000001,2025
potenza_impegnata>6,Tutti,04,Domenica,8,0.5345,2025
potenza_impegnata>6,Tutti,04,Domenica,6,0.4658333333333333,2025
potenza_impegnata>6,Tutti,04,Domenica,5,0.4515,2025
potenza_impegnata>6,Tutti,04,Domenica,14,0.5888333333333333,2025
potenza_impegnata>6,Tutti,04,Domenica,4,0.44516666666666665,2025
potenza_impegnata>6,Tutti,04,Domenica,2,0.4638333333333333,2025
potenza_impegnata>6,Tutti,04,Domenica,23,0.6076666666666667,2025
potenza_impegnata>6,Tutti,04,Domenica,22,0.6893333333333334,2025
potenza_impegnata>6,Tutti,04,Domenica,20,0.7701666666666668,2025
potenza_impegnata>6,Tutti,04,Domenica,19,0.7105,2025
potenza_impegnata>6,Tutti,04,Domenica,17,0.5710000000000001,2025
potenza_impegnata>6,Tutti,04,Domenica,15,0.5645,2025
potenza_impegnata>6,Tutti,04,Domenica,13,0.622,2025
potenza_impegnata>6,Tutti,04,Domenica,3,0.4483333333333333,2025
potenza_impegnata>6,Tutti,04,Domenica,12,0.639,2025
potenza_impegnata>6,Tutti,04,Domenica,7,0.4956666666666667,2025
potenza_impegnata>6,Tutti,04,Domenica,11,0.6206666666666667,2025
potenza_impegnata>6,Tutti,04,Giorno feriale,0,0.5742,2025
potenza_impegnata>6,Tutti,04,Domenica,9,0.5793333333333334,2025
potenza_impegnata>6,Tutti,04,Domenica,0,0.5426666666666666,2025
potenza_impegnata>6,Residente,04,Sabato,8,0.52425,2025
potenza_impegnata>6,Tutti,04,Giorno feriale,12,0.78495,2025
potenza_impegnata>6,Tutti,04,Giorno feriale,14,0.7467,2025
potenza_impegnata>6,Residente,04,Sabato,6,0.42875,2025
potenza_impegnata>6,Tutti,04,Giorno feriale,16,0.68245,2025
potenza_impegnata>6,Residente,04,Sabato,4,0.4005,2025
potenza_impegnata>6,Tutti,04,Giorno feriale,18,0.7341,2025
potenza_impegnata>6,Residente,04,Sabato,2,0.418,2025
potenza_impegnata>6,Tutti,04,Giorno feriale,19,0.82575,2025
potenza_impegnata>6,Residente,04,Sabato,23,0.56125,2025
potenza_impegnata>6,Residente,04,Sabato,22,0.62625,2025
potenza_impegnata>6,Residente,04,Sabato,21,0.68025,2025
potenza_impegnata>6,Residente,04,Sabato,5,0.4105,2025
potenza_impegnata>6,Residente,04,Sabato,20,0.709,2025
potenza_impegnata>6,Residente,04,Sabato,19,0.64875,2025
potenza_impegnata>6,Tutti,04,Giorno feriale,3,0.46274999999999994,2025
potenza_impegnata>6,Tutti,04,Domenica,10,0.6016666666666667,2025
potenza_impegnata>6,Residente,04,Sabato,1,0.44175,2025
potenza_impegnata>6,Tutti,04,Giorno feriale,5,0.47280000000000005,2025
potenza_impegnata>6,Tutti,04,Domenica,16,0.5565,2025
potenza_impegnata>6,Tutti,04,Domenica,18,0.6256666666666667,2025
potenza_impegnata>6,Residente,04,Sabato,17,0.51675,2025
potenza_impegnata>6,Tutti,04,Domenica,1,0.4891666666666667,2025
potenza_impegnata>6,Tutti,04,Giorno feriale,7,0.64815,2025
potenza_impegnata>6,Residente,04,Sabato,16,0.51475,2025
potenza_impegnata>6,Tutti,04,Domenica,21,0.7535,2025
potenza_impegnata>6,Residente,04,Sabato,15,0.5335,2025
potenza_impegnata>6,Tutti,04,Sabato,0,0.54925,2025
potenza_impegnata>6,Residente,04,Sabato,14,0.558,2025
potenza_impegnata>6,Residente,04,Sabato,13,0.5815,2025
potenza_impegnata>6,Tutti,04,Sabato,10,0.652,2025
potenza_impegnata>6,Residente,04,Sabato,11,0.58075,2025
potenza_impegnata>6,Residente,04,Sabato,10,0.5815,2025
potenza_impegnata>6,Tutti,04,Sabato,14,0.619,2025
potenza_impegnata>6,Residente,04,Sabato,9,0.573,2025
potenza_impegnata>6,Tutti,04,Sabato,16,0.57075,2025
potenza_impegnata>6,Residente,04,Sabato,0,0.5,2025
potenza_impegnata>6,Residente,04,Giorno feriale,8,0.6721,2025
potenza_impegnata>6,Tutti,04,Sabato,18,0.6255,2025
potenza_impegnata>6,Residente,04,Giorno feriale,6,0.47435,2025
potenza_impegnata>6,Tutti,04,Sabato,19,0.70175,2025
potenza_impegnata>6,Residente,04,Giorno feriale,5,0.426,2025
potenza_impegnata>6,Residente,04,Giorno feriale,4,0.4135,2025
potenza_impegnata>6,Residente,04,Giorno feriale,3,0.4166,2025
potenza_impegnata>6,Tutti,04,Sabato,23,0.6095,2025
potenza_impegnata>6,Residente,04,Giorno feriale,2,0.42995,2025
potenza_impegnata>6,Residente,04,Giorno feriale,23,0.61315,2025
potenza_impegnata>6,Tutti,04,Sabato,3,0.45225,2025
potenza_impegnata>6,Tutti,04,Giorno feriale,21,0.8493,2025
potenza_impegnata>6,Residente,04,Giorno feriale,22,0.7216,2025
potenza_impegnata>6,Tutti,04,Sabato,5,0.45625,2025
potenza_impegnata>6,Residente,04,Giorno feriale,21,0.8055499999999999,2025
potenza_impegnata>6,Residente,04,Giorno feriale,20,0.83435,2025
potenza_impegnata>6,Tutti,04,Sabato,7,0.53025,2025
potenza_impegnata>6,Residente,04,Giorno feriale,19,0.7739,2025
potenza_impegnata>6,Residente,04,Giorno feriale,1,0.4582,2025
potenza_impegnata>6,Residente,04,Giorno feriale,17,0.6118,2025
potenza_impegnata>6,Residente,04,Giorno feriale,16,0.6108499999999999,2025
potenza_impegnata>6,Residente,04,Giorno feriale,15,0.64315,2025
potenza_impegnata>6,Residente,04,Giorno feriale,14,0.6748000000000001,2025
potenza_impegnata>6,Residente,04,Giorno feriale,13,0.6924999999999999,2025
potenza_impegnata>6,Residente,04,Giorno feriale,12,0.7083,2025
potenza_impegnata>6,Residente,04,Giorno feriale,11,0.7118499999999999,2025
potenza_impegnata>6,Residente,04,Giorno feriale,9,0.7235,2025
potenza_impegnata>6,Residente,04,Domenica,3,0.4021666666666666,2025
potenza_impegnata>6,Residente,04,Domenica,8,0.48333333333333334,2025
potenza_impegnata>6,Residente,04,Domenica,6,0.41850000000000004,2025
potenza_impegnata>6,Residente,04,Domenica,7,0.44716666666666666,2025
potenza_impegnata>6,Residente,04,Domenica,5,0.4061666666666666,2025
potenza_impegnata>6,Residente,04,Domenica,4,0.39749999999999996,2025
potenza_impegnata>6,Residente,04,Giorno feriale,0,0.5279,2025
potenza_impegnata>6,Residente,04,Giorno feriale,10,0.7241500000000001,2025
potenza_impegnata>6,Residente,04,Domenica,2,0.4163333333333334,2025
potenza_impegnata>6,Residente,04,Domenica,23,0.5618333333333333,2025
potenza_impegnata>6,Tutti,04,Sabato,21,0.733,2025
potenza_impegnata>6,Residente,04,Domenica,22,0.6465,2025
potenza_impegnata>6,Residente,04,Domenica,21,0.7128333333333333,2025
potenza_impegnata>6,Residente,04,Domenica,20,0.7283333333333334,2025
potenza_impegnata>6,Residente,04,Domenica,19,0.6663333333333333,2025
potenza_impegnata>6,Residente,04,Domenica,1,0.44166666666666665,2025
potenza_impegnata>6,Residente,04,Giorno feriale,18,0.6633,2025
potenza_impegnata>6,Residente,04,Domenica,18,0.5711666666666667,2025
potenza_impegnata>6,Residente,05,Domenica,17,0.548,2025
potenza_impegnata>6,Residente,05,Domenica,16,0.533,2025
potenza_impegnata>6,Residente,05,Domenica,15,0.5402,2025
potenza_impegnata>6,Residente,05,Domenica,14,0.5556,2025
potenza_impegnata>6,Residente,05,Domenica,13,0.5742,2025
potenza_impegnata>6,Residente,05,Domenica,12,0.575,2025
potenza_impegnata>6,Residente,05,Domenica,11,0.5478,2025
potenza_impegnata>6,Residente,05,Domenica,10,0.5394,2025
potenza_impegnata>6,Residente,05,Domenica,9,0.5134000000000001,2025
potenza_impegnata>6,Residente,05,Domenica,0,0.5104,2025
potenza_impegnata>6,Non Residente,05,Sabato,8,0.731,2025
potenza_impegnata>6,Non Residente,05,Sabato,7,0.6556,2025
potenza_impegnata>6,Non Residente,05,Sabato,6,0.5974,2025
potenza_impegnata>6,Non Residente,05,Sabato,5,0.5824,2025
potenza_impegnata>6,Non Residente,05,Sabato,4,0.5833999999999999,2025
potenza_impegnata>6,Non Residente,05,Sabato,3,0.596,2025
potenza_impegnata>6,Non Residente,05,Sabato,2,0.618,2025
potenza_impegnata>6,Non Residente,05,Sabato,23,0.7832,2025
potenza_impegnata>6,Non Residente,05,Sabato,22,0.8666,2025
potenza_impegnata>6,Non Residente,05,Sabato,21,0.9199999999999999,2025
potenza_impegnata>6,Non Residente,05,Sabato,20,0.917,2025
potenza_impegnata>6,Non Residente,05,Sabato,19,0.8896000000000001,2025
potenza_impegnata>6,Non Residente,05,Sabato,1,0.6484,2025
potenza_impegnata>6,Non Residente,05,Sabato,18,0.8523999999999999,2025
potenza_impegnata>6,Non Residente,05,Sabato,17,0.7966,2025
potenza_impegnata>6,Non Residente,05,Sabato,16,0.7762,2025
potenza_impegnata>6,Non Residente,05,Sabato,15,0.7914,2025
potenza_impegnata>6,Non Residente,05,Sabato,14,0.8234,2025
potenza_impegnata>6,Non Residente,05,Sabato,13,0.8572,2025
potenza_impegnata>6,Non Residente,05,Sabato,12,0.8708,2025
potenza_impegnata>6,Non Residente,05,Sabato,11,0.877,2025
potenza_impegnata>6,Non Residente,05,Sabato,10,0.8503999999999999,2025
potenza_impegnata>6,Non Residente,05,Sabato,9,0.8039999999999999,2025
potenza_impegnata>6,Non Residente,05,Sabato,0,0.7051999999999999,2025
potenza_impegnata>6,Non Residente,05,Giorno feriale,8,0.8491428571428572,2025
potenza_impegnata>6,Non Residente,05,Giorno feriale,7,0.7452380952380951,2025
potenza_impegnata>6,Non Residente,05,Giorno feriale,6,0.6175714285714287,2025
potenza_impegnata>6,Non Residente,05,Giorno feriale,5,0.5758095238095238,2025
potenza_impegnata>6,Non Residente,05,Giorno feriale,4,0.5710952380952381,2025
potenza_impegnata>6,Non Residente,05,Giorno feriale,3,0.5758571428571428,2025
potenza_impegnata>6,Non Residente,05,Giorno feriale,2,0.5981904761904762,2025
potenza_impegnata>6,Non Residente,05,Giorno feriale,23,0.7894285714285714,2025
potenza_impegnata>6,Non Residente,05,Giorno feriale,22,0.9024761904761904,2025
potenza_impegnata>6,Non Residente,05,Giorno feriale,21,0.9873809523809521,2025
potenza_impegnata>6,Non Residente,05,Giorno feriale,20,1.006047619047619,2025
potenza_impegnata>6,Non Residente,05,Giorno feriale,19,0.9813809523809522,2025
potenza_impegnata>6,Non Residente,05,Giorno feriale,1,0.6246190476190476,2025
potenza_impegnata>6,Non Residente,05,Giorno feriale,18,0.9456190476190475,2025
potenza_impegnata>6,Non Residente,05,Giorno feriale,17,0.8950000000000001,2025
potenza_impegnata>6,Non Residente,05,Giorno feriale,16,0.887904761904762,2025
potenza_impegnata>6,Non Residente,05,Giorno feriale,15,0.9134761904761904,2025
potenza_impegnata>6,Non Residente,05,Giorno feriale,14,0.9524761904761905,2025
potenza_impegnata>6,Non Residente,05,Giorno feriale,13,0.9714761904761903,2025
potenza_impegnata>6,Non Residente,05,Giorno feriale,12,0.9840952380952381,2025
potenza_impegnata>6,Non Residente,05,Giorno feriale,11,0.9992857142857142,2025
potenza_impegnata>6,Non Residente,05,Giorno feriale,10,0.9751428571428572,2025
potenza_impegnata>6,Non Residente,05,Giorno feriale,9,0.9375714285714286,2025
potenza_impegnata>6,Non Residente,05,Giorno feriale,0,0.6928571428571428,2025
potenza_impegnata>6,Non Residente,05,Domenica,8,0.6477999999999999,2025
potenza_impegnata>6,Non Residente,05,Domenica,7,0.5882,2025
potenza_impegnata>6,Non Residente,05,Domenica,6,0.5586,2025
potenza_impegnata>6,Non Residente,05,Domenica,5,0.5554,2025
potenza_impegnata>6,Non Residente,05,Domenica,4,0.5602,2025
potenza_impegnata>6,Non Residente,05,Domenica,3,0.5684,2025
potenza_impegnata>6,Non Residente,05,Domenica,2,0.5932000000000001,2025
potenza_impegnata>6,Non Residente,05,Domenica,23,0.7445999999999999,2025
potenza_impegnata>6,Non Residente,05,Domenica,22,0.8406,2025
potenza_impegnata>6,Non Residente,05,Domenica,21,0.9046,2025
potenza_impegnata>6,Non Residente,05,Domenica,20,0.9006000000000001,2025
potenza_impegnata>6,Non Residente,05,Domenica,19,0.8648,2025
potenza_impegnata>6,Non Residente,05,Domenica,1,0.6224000000000001,2025
potenza_impegnata>6,Non Residente,05,Domenica,18,0.7992,2025
potenza_impegnata>6,Non Residente,05,Domenica,17,0.7365999999999999,2025
potenza_impegnata>6,Non Residente,05,Domenica,16,0.7174,2025
potenza_impegnata>6,Non Residente,05,Domenica,15,0.7272000000000001,2025
potenza_impegnata>6,Non Residente,05,Domenica,14,0.7588,2025
potenza_impegnata>6,Non Residente,05,Domenica,13,0.7857999999999999,2025
potenza_impegnata>6,Non Residente,05,Domenica,12,0.7898,2025
potenza_impegnata>6,Non Residente,05,Domenica,11,0.772,2025
potenza_impegnata>6,Non Residente,05,Domenica,10,0.7546,2025
potenza_impegnata>6,Non Residente,05,Domenica,9,0.7022,2025
potenza_impegnata>6,Non Residente,05,Domenica,0,0.6804,2025
potenza_impegnata>6,Tutti,05,Sabato,8,0.5864,2025
potenza_impegnata>6,Tutti,05,Sabato,7,0.5216000000000001,2025
potenza_impegnata>6,Tutti,05,Sabato,6,0.472,2025
potenza_impegnata>6,Tutti,05,Sabato,5,0.4596,2025
potenza_impegnata>6,Tutti,05,Sabato,4,0.4586,2025
potenza_impegnata>6,Tutti,05,Sabato,3,0.46740000000000004,2025
potenza_impegnata>6,Tutti,05,Sabato,2,0.48579999999999995,2025
potenza_impegnata>6,Tutti,05,Sabato,23,0.6458,2025
potenza_impegnata>6,Tutti,05,Sabato,22,0.7136,2025
potenza_impegnata>6,Tutti,05,Sabato,21,0.761,2025
potenza_impegnata>6,Tutti,05,Sabato,20,0.7598,2025
potenza_impegnata>6,Tutti,05,Sabato,19,0.7253999999999999,2025
potenza_impegnata>6,Tutti,05,Sabato,1,0.5182,2025
potenza_impegnata>6,Tutti,05,Sabato,18,0.6636,2025
potenza_impegnata>6,Tutti,05,Sabato,17,0.623,2025
potenza_impegnata>6,Tutti,05,Sabato,16,0.614,2025
potenza_impegnata>6,Tutti,05,Sabato,15,0.6275999999999999,2025
potenza_impegnata>6,Tutti,05,Sabato,14,0.6564,2025
potenza_impegnata>6,Tutti,05,Sabato,13,0.6786,2025
potenza_impegnata>6,Tutti,05,Sabato,12,0.6858,2025
potenza_impegnata>6,Tutti,05,Sabato,11,0.6764,2025
potenza_impegnata>6,Tutti,05,Sabato,10,0.6678,2025
potenza_impegnata>6,Tutti,05,Sabato,9,0.6446,2025
potenza_impegnata>6,Tutti,05,Sabato,0,0.5804,2025
potenza_impegnata>6,Tutti,05,Giorno feriale,8,0.6928095238095238,2025
potenza_impegnata>6,Tutti,05,Giorno feriale,7,0.607095238095238,2025
potenza_impegnata>6,Tutti,05,Giorno feriale,6,0.48942857142857144,2025
potenza_impegnata>6,Tutti,05,Giorno feriale,5,0.4523809523809524,2025
potenza_impegnata>6,Tutti,05,Giorno feriale,4,0.44657142857142856,2025
potenza_impegnata>6,Tutti,05,Giorno feriale,3,0.45233333333333337,2025
potenza_impegnata>6,Tutti,05,Giorno feriale,2,0.46885714285714286,2025
potenza_impegnata>6,Tutti,05,Giorno feriale,23,0.6684761904761904,2025
potenza_impegnata>6,Tutti,05,Giorno feriale,22,0.7794285714285716,2025
potenza_impegnata>6,Tutti,05,Giorno feriale,21,0.857095238095238,2025
potenza_impegnata>6,Tutti,05,Giorno feriale,20,0.8677619047619047,2025
potenza_impegnata>6,Tutti,05,Giorno feriale,19,0.8338571428571429,2025
potenza_impegnata>6,Tutti,05,Giorno feriale,1,0.49976190476190474,2025
potenza_impegnata>6,Tutti,05,Giorno feriale,18,0.7564285714285715,2025
potenza_impegnata>6,Tutti,05,Giorno feriale,17,0.7081428571428573,2025
potenza_impegnata>6,Tutti,05,Giorno feriale,16,0.7024761904761905,2025
potenza_impegnata>6,Tutti,05,Giorno feriale,15,0.7289523809523809,2025
potenza_impegnata>6,Tutti,05,Giorno feriale,14,0.7632857142857142,2025
potenza_impegnata>6,Tutti,05,Giorno feriale,13,0.7756666666666667,2025
potenza_impegnata>6,Tutti,05,Giorno feriale,12,0.7849523809523808,2025
potenza_impegnata>6,Tutti,05,Giorno feriale,11,0.7854285714285714,2025
potenza_impegnata>6,Tutti,05,Giorno feriale,10,0.7838095238095238,2025
potenza_impegnata>6,Tutti,05,Giorno feriale,9,0.7638095238095237,2025
potenza_impegnata>6,Tutti,05,Giorno feriale,0,0.5701904761904762,2025
potenza_impegnata>6,Tutti,05,Domenica,8,0.5176000000000001,2025
potenza_impegnata>6,Tutti,05,Domenica,7,0.46820000000000006,2025
potenza_impegnata>6,Tutti,05,Domenica,6,0.4452,2025
potenza_impegnata>6,Tutti,05,Domenica,5,0.4412,2025
potenza_impegnata>6,Tutti,05,Domenica,4,0.43920000000000003,2025
potenza_impegnata>6,Tutti,05,Domenica,3,0.4474,2025
potenza_impegnata>6,Tutti,05,Domenica,2,0.46699999999999997,2025
potenza_impegnata>6,Tutti,05,Domenica,23,0.6382,2025
potenza_impegnata>6,Tutti,05,Domenica,22,0.7308,2025
potenza_impegnata>6,Tutti,05,Domenica,21,0.7922,2025
potenza_impegnata>6,Tutti,05,Domenica,20,0.7874,2025
potenza_impegnata>6,Tutti,05,Domenica,19,0.7316,2025
potenza_impegnata>6,Tutti,05,Domenica,1,0.49820000000000003,2025
potenza_impegnata>6,Tutti,05,Domenica,18,0.6506000000000001,2025
potenza_impegnata>6,Tutti,05,Domenica,17,0.6002,2025
potenza_impegnata>6,Tutti,05,Domenica,16,0.584,2025
potenza_impegnata>6,Tutti,05,Domenica,15,0.592,2025
potenza_impegnata>6,Tutti,05,Domenica,14,0.6118,2025
potenza_impegnata>6,Tutti,05,Domenica,13,0.633,2025
potenza_impegnata>6,Tutti,05,Domenica,12,0.6346,2025
potenza_impegnata>6,Tutti,05,Domenica,11,0.6098,2025
potenza_impegnata>6,Tutti,05,Domenica,10,0.5986,2025
potenza_impegnata>6,Tutti,05,Domenica,9,0.5652,2025
potenza_impegnata>6,Tutti,05,Domenica,0,0.5574,2025
potenza_impegnata>6,Residente,05,Sabato,8,0.5317999999999999,2025
potenza_impegnata>6,Residente,05,Sabato,7,0.4708,2025
potenza_impegnata>6,Residente,05,Sabato,6,0.42460000000000003,2025
potenza_impegnata>6,Residente,05,Sabato,5,0.41319999999999996,2025
potenza_impegnata>6,Residente,05,Sabato,4,0.4114,2025
potenza_impegnata>6,Residente,05,Sabato,3,0.41879999999999995,2025
potenza_impegnata>6,Residente,05,Sabato,2,0.4356,2025
potenza_impegnata>6,Residente,05,Sabato,23,0.5934,2025
potenza_impegnata>6,Residente,05,Sabato,22,0.6552,2025
potenza_impegnata>6,Residente,05,Sabato,21,0.7003999999999999,2025
potenza_impegnata>6,Residente,05,Sabato,20,0.6996,2025
potenza_impegnata>6,Residente,05,Sabato,19,0.6624,2025
potenza_impegnata>6,Residente,05,Sabato,1,0.4686,2025
potenza_impegnata>6,Residente,05,Sabato,18,0.5916,2025
potenza_impegnata>6,Residente,05,Sabato,17,0.5568,2025
potenza_impegnata>6,Residente,05,Sabato,16,0.5522,2025
potenza_impegnata>6,Residente,05,Sabato,15,0.5650000000000001,2025
potenza_impegnata>6,Residente,05,Sabato,14,0.5922,2025
potenza_impegnata>6,Residente,05,Sabato,13,0.6102000000000001,2025
potenza_impegnata>6,Residente,05,Sabato,12,0.615,2025
potenza_impegnata>6,Residente,05,Sabato,11,0.5998,2025
potenza_impegnata>6,Residente,05,Sabato,10,0.5982000000000001,2025
potenza_impegnata>6,Residente,05,Sabato,9,0.5841999999999999,2025
potenza_impegnata>6,Residente,05,Sabato,0,0.533,2025
potenza_impegnata>6,Residente,05,Giorno feriale,8,0.634,2025
potenza_impegnata>6,Residente,05,Giorno feriale,7,0.5551904761904762,2025
potenza_impegnata>6,Residente,05,Giorno feriale,6,0.4409047619047619,2025
potenza_impegnata>6,Residente,05,Giorno feriale,5,0.40561904761904766,2025
potenza_impegnata>6,Residente,05,Giorno feriale,4,0.3993333333333333,2025
potenza_impegnata>6,Residente,05,Giorno feriale,3,0.4054285714285714,2025
potenza_impegnata>6,Residente,05,Giorno feriale,2,0.41980952380952374,2025
potenza_impegnata>6,Residente,05,Giorno feriale,23,0.6226666666666667,2025
potenza_impegnata>6,Residente,05,Giorno feriale,22,0.732904761904762,2025
potenza_impegnata>6,Residente,05,Giorno feriale,21,0.8079523809523809,2025
potenza_impegnata>6,Residente,05,Giorno feriale,20,0.8155714285714285,2025
potenza_impegnata>6,Residente,05,Giorno feriale,19,0.777952380952381,2025
potenza_impegnata>6,Residente,05,Giorno feriale,1,0.4522380952380952,2025
potenza_impegnata>6,Residente,05,Giorno feriale,18,0.6843333333333333,2025
potenza_impegnata>6,Residente,05,Giorno feriale,17,0.637095238095238,2025
potenza_impegnata>6,Residente,05,Giorno feriale,16,0.6319047619047619,2025
potenza_impegnata>6,Residente,05,Giorno feriale,15,0.6588095238095237,2025
potenza_impegnata>6,Residente,05,Giorno feriale,14,0.6911904761904762,2025
potenza_impegnata>6,Residente,05,Giorno feriale,13,0.700952380952381,2025
potenza_impegnata>6,Residente,05,Giorno feriale,12,0.7088095238095238,2025
potenza_impegnata>6,Residente,05,Giorno feriale,11,0.7040000000000001,2025
potenza_impegnata>6,Residente,05,Giorno feriale,10,0.7113333333333334,2025
potenza_impegnata>6,Residente,05,Giorno feriale,9,0.6985238095238094,2025
potenza_impegnata>6,Residente,05,Giorno feriale,0,0.5235714285714286,2025
potenza_impegnata>6,Residente,05,Domenica,8,0.46840000000000004,2025
potenza_impegnata>6,Residente,05,Domenica,7,0.4226,2025
potenza_impegnata>6,Residente,05,Domenica,6,0.4022,2025
potenza_impegnata>6,Residente,05,Domenica,5,0.398,2025
potenza_impegnata>6,Residente,05,Domenica,4,0.3932,2025
potenza_impegnata>6,Residente,05,Domenica,3,0.4016,2025
potenza_impegnata>6,Residente,05,Domenica,2,0.41900000000000004,2025
potenza_impegnata>6,Residente,05,Domenica,23,0.5980000000000001,2025
potenza_impegnata>6,Residente,05,Domenica,22,0.6892,2025
potenza_impegnata>6,Residente,05,Domenica,21,0.75,2025
potenza_impegnata>6,Residente,05,Domenica,20,0.7448,2025
potenza_impegnata>6,Residente,05,Domenica,19,0.6809999999999999,2025
potenza_impegnata>6,Residente,05,Domenica,1,0.4508,2025
potenza_impegnata>6,Residente,05,Domenica,18,0.5938,2025
potenza_impegnata>6,Tutti,06,Giorno feriale,4,0.7628,2025
potenza_impegnata>6,Residente,06,Giorno feriale,6,0.7060000000000001,2025
potenza_impegnata>6,Tutti,06,Giorno feriale,9,1.037,2025
potenza_impegnata>6,Tutti,06,Domenica,14,1.0116666666666667,2025
potenza_impegnata>6,Non Residente,06,Sabato,18,1.3945,2025
potenza_impegnata>6,Residente,06,Giorno feriale,17,1.2419499999999999,2025
potenza_impegnata>6,Tutti,06,Sabato,13,1.173,2025
potenza_impegnata>6,Residente,06,Domenica,19,1.1941666666666666,2025
potenza_impegnata>6,Non Residente,06,Domenica,4,0.805,2025
potenza_impegnata>6,Residente,06,Sabato,5,0.732,2025
potenza_impegnata>6,Residente,06,Sabato,10,0.922,2025
potenza_impegnata>6,Residente,06,Domenica,5,0.6251666666666666,2025
potenza_impegnata>6,Residente,06,Giorno feriale,13,1.1917,2025
potenza_impegnata>6,Tutti,06,Domenica,1,0.7718333333333334,2025
potenza_impegnata>6,Tutti,06,Domenica,9,0.7845,2025
potenza_impegnata>6,Residente,06,Sabato,23,0.9945,2025
potenza_impegnata>6,Non Residente,06,Domenica,23,1.1438333333333335,2025
potenza_impegnata>6,Residente,06,Sabato,9,0.86275,2025
potenza_impegnata>6,Residente,06,Giorno feriale,4,0.7175499999999999,2025
potenza_impegnata>6,Non Residente,06,Sabato,14,1.34075,2025
potenza_impegnata>6,Tutti,06,Sabato,8,0.86,2025
potenza_impegnata>6,Non Residente,06,Giorno feriale,10,1.3446500000000001,2025
potenza_impegnata>6,Tutti,06,Sabato,18,1.23425,2025
potenza_impegnata>6,Tutti,06,Giorno feriale,6,0.7575999999999999,2025
potenza_impegnata>6,Tutti,06,Giorno feriale,19,1.4012,2025
potenza_impegnata>6,Non Residente,06,Domenica,8,0.8696666666666667,2025
potenza_impegnata>6,Tutti,06,Domenica,8,0.7236666666666666,2025
potenza_impegnata>6,Residente,06,Domenica,16,1.0170000000000001,2025
potenza_impegnata>6,Residente,06,Domenica,10,0.7755,2025
potenza_impegnata>6,Residente,06,Sabato,8,0.79325,2025
potenza_impegnata>6,Residente,06,Sabato,6,0.7185,2025
potenza_impegnata>6,Non Residente,06,Domenica,2,0.8568333333333333,2025
potenza_impegnata>6,Non Residente,06,Sabato,3,0.954,2025
potenza_impegnata>6,Residente,06,Sabato,19,1.2205,2025
potenza_impegnata>6,Non Residente,06,Sabato,2,0.99375,2025
potenza_impegnata>6,Non Residente,06,Sabato,23,1.1645,2025
potenza_impegnata>6,Non Residente,06,Sabato,17,1.35025,2025
potenza_impegnata>6,Residente,06,Giorno feriale,19,1.3634499999999998,2025
potenza_impegnata>6,Non Residente,06,Domenica,20,1.3158333333333332,2025
potenza_impegnata>6,Tutti,06,Sabato,4,0.7965,2025
potenza_impegnata>6,Tutti,06,Sabato,16,1.1955,2025
potenza_impegnata>6,Residente,06,Giorno feriale,11,1.0796999999999999,2025
potenza_impegnata>6,Tutti,06,Sabato,14,1.18525,2025
potenza_impegnata>6,Tutti,06,Giorno feriale,2,0.8182499999999999,2025
potenza_impegnata>6,Residente,06,Domenica,2,0.6791666666666667,2025
potenza_impegnata>6,Residente,06,Domenica,1,0.7214999999999999,2025
potenza_impegnata>6,Tutti,06,Domenica,23,1.0715000000000001,2025
potenza_impegnata>6,Residente,06,Domenica,13,0.9426666666666667,2025
potenza_impegnata>6,Tutti,06,Domenica,18,1.1586666666666667,2025
potenza_impegnata>6,Tutti,06,Domenica,15,1.0290000000000001,2025
potenza_impegnata>6,Non Residente,06,Domenica,3,0.8221666666666666,2025
potenza_impegnata>6,Non Residente,06,Domenica,11,1.0788333333333333,2025
potenza_impegnata>6,Non Residente,06,Sabato,7,0.95625,2025
potenza_impegnata>6,Residente,06,Sabato,4,0.74675,2025
potenza_impegnata>6,Non Residente,06,Sabato,6,0.9085,2025
potenza_impegnata>6,Residente,06,Sabato,1,0.873,2025
potenza_impegnata>6,Residente,06,Sabato,18,1.174,2025
potenza_impegnata>6,Residente,06,Sabato,16,1.14125,2025
potenza_impegnata>6,Residente,06,Sabato,15,1.13475,2025
potenza_impegnata>6,Non Residente,06,Sabato,22,1.27325,2025
potenza_impegnata>6,Residente,06,Sabato,14,1.12675,2025
potenza_impegnata>6,Residente,06,Sabato,11,0.98525,2025
potenza_impegnata>6,Non Residente,06,Sabato,20,1.3815,2025
potenza_impegnata>6,Non Residente,06,Sabato,19,1.409,2025
potenza_impegnata>6,Residente,06,Sabato,0,0.97675,2025
potenza_impegnata>6,Non Residente,06,Sabato,4,0.92925,2025
potenza_impegnata>6,Residente,06,Giorno feriale,5,0.7026,2025
potenza_impegnata>6,Non Residente,06,Domenica,21,1.3126666666666666,2025
potenza_impegnata>6,Residente,06,Giorno feriale,3,0.74165,2025
potenza_impegnata>6,Non Residente,06,Sabato,16,1.34225,2025
potenza_impegnata>6,Non Residente,06,Sabato,8,1.0375,2025
potenza_impegnata>6,Residente,06,Giorno feriale,22,1.2681499999999999,2025
potenza_impegnata>6,Non Residente,06,Domenica,12,1.1233333333333333,2025
potenza_impegnata>6,Residente,06,Domenica,0,0.7968333333333333,2025
potenza_impegnata>6,Tutti,06,Sabato,2,0.8625,2025
potenza_impegnata>6,Residente,06,Giorno feriale,16,1.2207500000000002,2025
potenza_impegnata>6,Residente,06,Giorno feriale,15,1.21695,2025
potenza_impegnata>6,Non Residente,06,Giorno feriale,9,1.2531500000000002,2025
potenza_impegnata>6,Residente,06,Giorno feriale,10,1.0242499999999999,2025
potenza_impegnata>6,Tutti,06,Sabato,12,1.131,2025
potenza_impegnata>6,Non Residente,06,Domenica,9,0.9455,2025
potenza_impegnata>6,Residente,06,Giorno feriale,9,0.95555,2025
potenza_impegnata>6,Tutti,06,Giorno feriale,3,0.7857999999999999,2025
potenza_impegnata>6,Tutti,06,Giorno feriale,23,1.13875,2025
potenza_impegnata>6,Tutti,06,Giorno feriale,22,1.2946000000000002,2025
potenza_impegnata>6,Residente,06,Domenica,4,0.6361666666666667,2025
potenza_impegnata>6,Tutti,06,Giorno feriale,21,1.38365,2025
potenza_impegnata>6,Non Residente,06,Domenica,13,1.1408333333333334,2025
potenza_impegnata>6,Tutti,06,Giorno feriale,20,1.4088999999999998,2025
potenza_impegnata>6,Non Residente,06,Domenica,7,0.8188333333333334,2025
potenza_impegnata>6,Tutti,06,Giorno feriale,18,1.3415,2025
potenza_impegnata>6,Tutti,06,Giorno feriale,15,1.2837,2025
potenza_impegnata>6,Residente,06,Domenica,21,1.2141666666666666,2025
potenza_impegnata>6,Tutti,06,Giorno feriale,12,1.2299,2025
potenza_impegnata>6,Residente,06,Domenica,8,0.6683333333333333,2025
potenza_impegnata>6,Tutti,06,Giorno feriale,0,0.9757,2025
potenza_impegnata>6,Tutti,06,Domenica,7,0.6828333333333334,2025
potenza_impegnata>6,Residente,06,Domenica,18,1.1203333333333334,2025
potenza_impegnata>6,Tutti,06,Domenica,4,0.6826666666666666,2025
potenza_impegnata>6,Residente,06,Giorno feriale,12,1.14415,2025
potenza_impegnata>6,Residente,06,Domenica,15,0.9895,2025
potenza_impegnata>6,Tutti,06,Domenica,21,1.2406666666666666,2025
potenza_impegnata>6,Residente,06,Giorno feriale,14,1.2195,2025
potenza_impegnata>6,Tutti,06,Domenica,20,1.2388333333333332,2025
potenza_impegnata>6,Non Residente,06,Domenica,14,1.1371666666666667,2025
potenza_impegnata>6,Residente,06,Domenica,12,0.8955000000000001,2025
potenza_impegnata>6,Tutti,06,Domenica,16,1.0563333333333333,2025
potenza_impegnata>6,Tutti,06,Domenica,12,0.9583333333333334,2025
potenza_impegnata>6,Tutti,06,Domenica,11,0.8963333333333333,2025
potenza_impegnata>6,Residente,06,Domenica,9,0.7235,2025
potenza_impegnata>6,Tutti,06,Domenica,10,0.8438333333333333,2025
potenza_impegnata>6,Non Residente,06,Giorno feriale,11,1.41735,2025
potenza_impegnata>6,Tutti,06,Domenica,0,0.844,2025
potenza_impegnata>6,Residente,06,Sabato,7,0.741,2025
potenza_impegnata>6,Non Residente,06,Giorno feriale,12,1.4555,2025
potenza_impegnata>6,Residente,06,Sabato,3,0.775,2025
potenza_impegnata>6,Residente,06,Sabato,2,0.813,2025
potenza_impegnata>6,Non Residente,06,Sabato,5,0.91025,2025
potenza_impegnata>6,Non Residente,06,Giorno feriale,13,1.4721999999999997,2025
potenza_impegnata>6,Non Residente,06,Domenica,15,1.1346666666666667,2025
potenza_impegnata>6,Non Residente,06,Giorno feriale,14,1.47995,2025
potenza_impegnata>6,Residente,06,Sabato,17,1.14675,2025
potenza_impegnata>6,Non Residente,06,Giorno feriale,15,1.4623,2025
potenza_impegnata>6,Residente,06,Sabato,13,1.1105,2025
potenza_impegnata>6,Non Residente,06,Sabato,21,1.34925,2025
potenza_impegnata>6,Residente,06,Sabato,12,1.05825,2025
potenza_impegnata>6,Non Residente,06,Domenica,22,1.2558333333333334,2025
potenza_impegnata>6,Non Residente,06,Giorno feriale,16,1.4537499999999999,2025
potenza_impegnata>6,Residente,06,Sabato,20,1.2045,2025
potenza_impegnata>6,Non Residente,06,Giorno feriale,17,1.45975,2025
potenza_impegnata>6,Residente,06,Sabato,21,1.16775,2025
potenza_impegnata>6,Residente,06,Giorno feriale,8,0.8564999999999999,2025
potenza_impegnata>6,Non Residente,06,Domenica,0,0.968,2025
potenza_impegnata>6,Non Residente,06,Sabato,1,1.04325,2025
potenza_impegnata>6,Residente,06,Sabato,22,1.0995,2025
potenza_impegnata>6,Residente,06,Giorno feriale,7,0.76865,2025
potenza_impegnata>6,Non Residente,06,Domenica,16,1.1613333333333333,2025
potenza_impegnata>6,Non Residente,06,Giorno feriale,18,1.49295,2025
potenza_impegnata>6,Non Residente,06,Giorno feriale,1,0.9801500000000001,2025
potenza_impegnata>6,Residente,06,Giorno feriale,2,0.7743,2025
potenza_impegnata>6,Residente,06,Giorno feriale,23,1.1077,2025
potenza_impegnata>6,Non Residente,06,Sabato,15,1.33225,2025
potenza_impegnata>6,Residente,06,Giorno feriale,21,1.3573,2025
potenza_impegnata>6,Non Residente,06,Giorno feriale,19,1.5040499999999999,2025
potenza_impegnata>6,Residente,06,Giorno feriale,20,1.3805,2025
potenza_impegnata>6,Residente,06,Giorno feriale,1,0.8320000000000001,2025
potenza_impegnata>6,Non Residente,06,Giorno feriale,20,1.48775,2025
potenza_impegnata>6,Residente,06,Giorno feriale,18,1.2851,2025
potenza_impegnata>6,Tutti,06,Sabato,5,0.78075,2025
potenza_impegnata>6,Non Residente,06,Domenica,17,1.206,2025
potenza_impegnata>6,Tutti,06,Sabato,3,0.824,2025
potenza_impegnata>6,Non Residente,06,Giorno feriale,21,1.4568,2025
potenza_impegnata>6,Tutti,06,Sabato,23,1.041,2025
potenza_impegnata>6,Tutti,06,Sabato,22,1.14675,2025
potenza_impegnata>6,Tutti,06,Sabato,21,1.217,2025
potenza_impegnata>6,Tutti,06,Sabato,20,1.2525,2025
potenza_impegnata>6,Non Residente,06,Giorno feriale,22,1.3676,2025
potenza_impegnata>6,Tutti,06,Sabato,19,1.27175,2025
potenza_impegnata>6,Tutti,06,Sabato,1,0.9195,2025
potenza_impegnata>6,Non Residente,06,Domenica,10,1.0226666666666666,2025
potenza_impegnata>6,Non Residente,06,Giorno feriale,23,1.2235999999999998,2025
potenza_impegnata>6,Tutti,06,Sabato,15,1.18825,2025
potenza_impegnata>6,Non Residente,06,Giorno feriale,0,1.07335,2025
potenza_impegnata>6,Tutti,06,Sabato,11,1.06925,2025
potenza_impegnata>6,Non Residente,06,Giorno feriale,2,0.93505,2025
potenza_impegnata>6,Tutti,06,Sabato,10,1.00175,2025
potenza_impegnata>6,Tutti,06,Sabato,9,0.9355,2025
potenza_impegnata>6,Residente,06,Giorno feriale,0,0.93915,2025
potenza_impegnata>6,Non Residente,06,Domenica,18,1.2623333333333333,2025
potenza_impegnata>6,Non Residente,06,Giorno feriale,3,0.9028,2025
potenza_impegnata>6,Residente,06,Domenica,7,0.6313333333333333,2025
potenza_impegnata>6,Tutti,06,Giorno feriale,5,0.7484,2025
potenza_impegnata>6,Residente,06,Domenica,6,0.618,2025
potenza_impegnata>6,Non Residente,06,Giorno feriale,4,0.8826,2025
potenza_impegnata>6,Residente,06,Domenica,3,0.6531666666666667,2025
potenza_impegnata>6,Non Residente,06,Giorno feriale,5,0.86965,2025
potenza_impegnata>6,Tutti,06,Giorno feriale,1,0.8724000000000001,2025
potenza_impegnata>6,Tutti,06,Giorno feriale,17,1.301,2025
potenza_impegnata>6,Residente,06,Domenica,23,1.0446666666666666,2025
potenza_impegnata>6,Non Residente,06,Giorno feriale,6,0.8943,2025
potenza_impegnata>6,Tutti,06,Giorno feriale,16,1.2839500000000001,2025
potenza_impegnata>6,Residente,06,Domenica,22,1.1695,2025
potenza_impegnata>6,Non Residente,06,Domenica,1,0.904,2025
potenza_impegnata>6,Tutti,06,Giorno feriale,14,1.29085,2025
potenza_impegnata>6,Tutti,06,Giorno feriale,13,1.2688000000000001,2025
potenza_impegnata>6,Non Residente,06,Giorno feriale,7,0.9925499999999999,2025
potenza_impegnata>6,Non Residente,06,Domenica,6,0.783,2025
potenza_impegnata>6,Tutti,06,Giorno feriale,11,1.1725999999999999,2025
potenza_impegnata>6,Residente,06,Domenica,20,1.2106666666666668,2025
potenza_impegnata>6,Tutti,06,Giorno feriale,10,1.1123499999999997,2025
potenza_impegnata>6,Non Residente,06,Giorno feriale,8,1.1171,2025
potenza_impegnata>6,Tutti,06,Giorno feriale,7,0.8300000000000001,2025
potenza_impegnata>6,Tutti,06,Giorno feriale,8,0.9278500000000001,2025
potenza_impegnata>6,Tutti,06,Sabato,0,1.0175,2025
potenza_impegnata>6,Non Residente,06,Sabato,0,1.12675,2025
potenza_impegnata>6,Tutti,06,Domenica,6,0.6633333333333333,2025
potenza_impegnata>6,Tutti,06,Domenica,5,0.6709999999999999,2025
potenza_impegnata>6,Non Residente,06,Domenica,5,0.7916666666666666,2025
potenza_impegnata>6,Non Residente,06,Sabato,9,1.12775,2025
potenza_impegnata>6,Residente,06,Domenica,17,1.062,2025
potenza_impegnata>6,Tutti,06,Domenica,3,0.6996666666666668,2025
potenza_impegnata>6,Non Residente,06,Domenica,19,1.31,2025
potenza_impegnata>6,Tutti,06,Domenica,2,0.7280000000000001,2025
potenza_impegnata>6,Tutti,06,Sabato,17,1.202,2025
potenza_impegnata>6,Non Residente,06,Sabato,10,1.21225,2025
potenza_impegnata>6,Tutti,06,Domenica,22,1.1926666666666665,2025
potenza_impegnata>6,Non Residente,06,Sabato,11,1.29075,2025
potenza_impegnata>6,Residente,06,Domenica,14,0.9645,2025
potenza_impegnata>6,Tutti,06,Domenica,19,1.2251666666666667,2025
potenza_impegnata>6,Non Residente,06,Sabato,12,1.32275,2025
potenza_impegnata>6,Tutti,06,Domenica,17,1.1008333333333333,2025
potenza_impegnata>6,Residente,06,Domenica,11,0.8266666666666667,2025
potenza_impegnata>6,Tutti,06,Sabato,6,0.7705,2025
potenza_impegnata>6,Non Residente,06,Sabato,13,1.339,2025
potenza_impegnata>6,Tutti,06,Sabato,7,0.8,2025
potenza_impegnata>6,Tutti,06,Domenica,13,0.997,2025
potenza_impegnata>6,Residente,07,Domenica,17,0.92875,2025
potenza_impegnata>6,Residente,07,Domenica,15,0.881,2025
potenza_impegnata>6,Residente,07,Domenica,13,0.83475,2025
potenza_impegnata>6,Residente,07,Domenica,11,0.74375,2025
potenza_impegnata>6,Residente,07,Domenica,9,0.66375,2025
potenza_impegnata>6,Non Residente,07,Sabato,8,0.9285,2025
potenza_impegnata>6,Non Residente,07,Sabato,6,0.85525,2025
potenza_impegnata>6,Non Residente,07,Domenica,18,1.12425,2025
potenza_impegnata>6,Non Residente,07,Sabato,5,0.8495,2025
potenza_impegnata>6,Non Residente,07,Sabato,4,0.865,2025
potenza_impegnata>6,Non Residente,07,Sabato,2,0.9175,2025
potenza_impegnata>6,Non Residente,07,Sabato,22,1.11475,2025
potenza_impegnata>6,Non Residente,07,Domenica,23,1.04775,2025
potenza_impegnata>6,Non Residente,07,Sabato,20,1.13925,2025
potenza_impegnata>6,Non Residente,07,Sabato,1,0.95025,2025
potenza_impegnata>6,Non Residente,07,Sabato,17,1.0605,2025
potenza_impegnata>6,Non Residente,07,Sabato,15,1.03675,2025
potenza_impegnata>6,Non Residente,07,Sabato,13,1.05975,2025
potenza_impegnata>6,Non Residente,07,Giorno feriale,0,1.0352608695652175,2025
potenza_impegnata>6,Non Residente,07,Sabato,11,1.052,2025
potenza_impegnata>6,Non Residente,07,Sabato,9,0.989,2025
potenza_impegnata>6,Non Residente,07,Sabato,0,1.014,2025
potenza_impegnata>6,Non Residente,07,Giorno feriale,8,1.0695652173913044,2025
potenza_impegnata>6,Non Residente,07,Giorno feriale,6,0.8884782608695653,2025
potenza_impegnata>6,Non Residente,07,Giorno feriale,5,0.8659565217391305,2025
potenza_impegnata>6,Non Residente,07,Giorno feriale,4,0.8716521739130435,2025
potenza_impegnata>6,Non Residente,07,Giorno feriale,2,0.922782608695652,2025
potenza_impegnata>6,Non Residente,07,Giorno feriale,22,1.242695652173913,2025
potenza_impegnata>6,Non Residente,07,Giorno feriale,20,1.3388695652173912,2025
potenza_impegnata>6,Non Residente,07,Giorno feriale,19,1.3498695652173913,2025
potenza_impegnata>6,Non Residente,07,Giorno feriale,1,0.9584782608695653,2025
potenza_impegnata>6,Non Residente,07,Giorno feriale,21,1.3127826086956522,2025
potenza_impegnata>6,Non Residente,07,Giorno feriale,18,1.351217391304348,2025
potenza_impegnata>6,Non Residente,07,Giorno feriale,23,1.125,2025
potenza_impegnata>6,Non Residente,07,Giorno feriale,17,1.3228260869565218,2025
potenza_impegnata>6,Non Residente,07,Giorno feriale,3,0.8898695652173912,2025
potenza_impegnata>6,Non Residente,07,Giorno feriale,15,1.3299130434782607,2025
potenza_impegnata>6,Non Residente,07,Giorno feriale,14,1.3417826086956521,2025
potenza_impegnata>6,Non Residente,07,Giorno feriale,16,1.3178695652173913,2025
potenza_impegnata>6,Non Residente,07,Giorno feriale,13,1.3340434782608697,2025
potenza_impegnata>6,Non Residente,07,Giorno feriale,12,1.3188695652173914,2025
potenza_impegnata>6,Non Residente,07,Giorno feriale,11,1.2995217391304348,2025
potenza_impegnata>6,Non Residente,07,Giorno feriale,10,1.2440869565217392,2025
potenza_impegnata>6,Non Residente,07,Sabato,10,1.02825,2025
potenza_impegnata>6,Non Residente,07,Giorno feriale,9,1.173434782608696,2025
potenza_impegnata>6,Non Residente,07,Sabato,12,1.0555,2025
potenza_impegnata>6,Non Residente,07,Domenica,8,0.8525,2025
potenza_impegnata>6,Non Residente,07,Giorno feriale,7,0.9628260869565218,2025
potenza_impegnata>6,Non Residente,07,Domenica,7,0.816,2025
potenza_impegnata>6,Non Residente,07,Sabato,14,1.0575,2025
potenza_impegnata>6,Non Residente,07,Domenica,6,0.79625,2025
potenza_impegnata>6,Non Residente,07,Sabato,16,1.036,2025
potenza_impegnata>6,Non Residente,07,Domenica,5,0.807,2025
potenza_impegnata>6,Non Residente,07,Domenica,4,0.8175,2025
potenza_impegnata>6,Non Residente,07,Sabato,18,1.11175,2025
potenza_impegnata>6,Non Residente,07,Domenica,3,0.83425,2025
potenza_impegnata>6,Non Residente,07,Domenica,2,0.85425,2025
potenza_impegnata>6,Non Residente,07,Sabato,19,1.13675,2025
potenza_impegnata>6,Non Residente,07,Sabato,21,1.14825,2025
potenza_impegnata>6,Non Residente,07,Domenica,22,1.13,2025
potenza_impegnata>6,Non Residente,07,Domenica,21,1.17375,2025
potenza_impegnata>6,Non Residente,07,Sabato,23,1.019,2025
potenza_impegnata>6,Non Residente,07,Domenica,20,1.16075,2025
potenza_impegnata>6,Non Residente,07,Sabato,3,0.88025,2025
potenza_impegnata>6,Non Residente,07,Domenica,19,1.1485,2025
potenza_impegnata>6,Non Residente,07,Domenica,1,0.8855,2025
potenza_impegnata>6,Non Residente,07,Domenica,17,1.10475,2025
potenza_impegnata>6,Non Residente,07,Domenica,16,1.08575,2025
potenza_impegnata>6,Residente,07,Domenica,0,0.75675,2025
potenza_impegnata>6,Non Residente,07,Domenica,15,1.0515,2025
potenza_impegnata>6,Non Residente,07,Sabato,7,0.896,2025
potenza_impegnata>6,Non Residente,07,Domenica,14,1.05525,2025
potenza_impegnata>6,Residente,07,Domenica,10,0.6985,2025
potenza_impegnata>6,Non Residente,07,Domenica,13,1.06575,2025
potenza_impegnata>6,Non Residente,07,Domenica,12,1.0585,2025
potenza_impegnata>6,Residente,07,Domenica,12,0.8,2025
potenza_impegnata>6,Non Residente,07,Domenica,11,1.02425,2025
potenza_impegnata>6,Residente,07,Domenica,14,0.85575,2025
potenza_impegnata>6,Non Residente,07,Domenica,10,0.9675,2025
potenza_impegnata>6,Non Residente,07,Domenica,9,0.9035,2025
potenza_impegnata>6,Residente,07,Domenica,16,0.912,2025
potenza_impegnata>6,Non Residente,07,Domenica,0,0.94,2025
potenza_impegnata>6,Tutti,07,Sabato,8,0.74825,2025
potenza_impegnata>6,Tutti,07,Sabato,7,0.73125,2025
potenza_impegnata>6,Tutti,07,Sabato,6,0.7125,2025
potenza_impegnata>6,Tutti,07,Sabato,5,0.71825,2025
potenza_impegnata>6,Tutti,07,Sabato,4,0.7325,2025
potenza_impegnata>6,Tutti,07,Sabato,3,0.75125,2025
potenza_impegnata>6,Tutti,07,Sabato,2,0.7815,2025
potenza_impegnata>6,Tutti,07,Sabato,23,0.86775,2025
potenza_impegnata>6,Tutti,07,Sabato,22,0.937,2025
potenza_impegnata>6,Tutti,07,Sabato,21,0.96675,2025
potenza_impegnata>6,Tutti,07,Sabato,20,0.968,2025
potenza_impegnata>6,Tutti,07,Sabato,19,0.957,2025
potenza_impegnata>6,Tutti,07,Sabato,1,0.82075,2025
potenza_impegnata>6,Tutti,07,Sabato,18,0.916,2025
potenza_impegnata>6,Tutti,07,Sabato,17,0.88425,2025
potenza_impegnata>6,Tutti,07,Sabato,16,0.866,2025
potenza_impegnata>6,Tutti,07,Sabato,15,0.86275,2025
potenza_impegnata>6,Tutti,07,Sabato,14,0.8665,2025
potenza_impegnata>6,Tutti,07,Sabato,13,0.86,2025
potenza_impegnata>6,Tutti,07,Sabato,12,0.8455,2025
potenza_impegnata>6,Tutti,07,Sabato,11,0.82725,2025
potenza_impegnata>6,Tutti,07,Sabato,10,0.81125,2025
potenza_impegnata>6,Tutti,07,Sabato,9,0.7915,2025
potenza_impegnata>6,Tutti,07,Sabato,0,0.8865,2025
potenza_impegnata>6,Tutti,07,Giorno feriale,8,0.8693913043478262,2025
potenza_impegnata>6,Tutti,07,Giorno feriale,7,0.7877826086956522,2025
potenza_impegnata>6,Tutti,07,Giorno feriale,6,0.7401739130434783,2025
potenza_impegnata>6,Tutti,07,Giorno feriale,5,0.7367391304347827,2025
potenza_impegnata>6,Tutti,07,Giorno feriale,4,0.7456086956521739,2025
potenza_impegnata>6,Tutti,07,Giorno feriale,3,0.7656086956521738,2025
potenza_impegnata>6,Tutti,07,Giorno feriale,2,0.7938695652173913,2025
potenza_impegnata>6,Tutti,07,Giorno feriale,23,1.008608695652174,2025
potenza_impegnata>6,Tutti,07,Giorno feriale,22,1.1209130434782608,2025
potenza_impegnata>6,Tutti,07,Giorno feriale,21,1.1881739130434783,2025
potenza_impegnata>6,Tutti,07,Giorno feriale,20,1.2088695652173913,2025
potenza_impegnata>6,Tutti,07,Giorno feriale,19,1.2056086956521739,2025
potenza_impegnata>6,Tutti,07,Giorno feriale,1,0.8367826086956521,2025
potenza_impegnata>6,Tutti,07,Giorno feriale,18,1.1660000000000001,2025
potenza_impegnata>6,Tutti,07,Giorno feriale,17,1.1325652173913043,2025
potenza_impegnata>6,Tutti,07,Giorno feriale,16,1.121695652173913,2025
potenza_impegnata>6,Tutti,07,Giorno feriale,15,1.125,2025
potenza_impegnata>6,Tutti,07,Giorno feriale,14,1.1269130434782608,2025
potenza_impegnata>6,Tutti,07,Giorno feriale,13,1.1103478260869564,2025
potenza_impegnata>6,Tutti,07,Giorno feriale,12,1.0822173913043478,2025
potenza_impegnata>6,Tutti,07,Giorno feriale,11,1.046913043478261,2025
potenza_impegnata>6,Tutti,07,Giorno feriale,10,1.0051739130434783,2025
potenza_impegnata>6,Tutti,07,Giorno feriale,9,0.9487391304347825,2025
potenza_impegnata>6,Tutti,07,Giorno feriale,0,0.9223913043478261,2025
potenza_impegnata>6,Tutti,07,Domenica,8,0.68925,2025
potenza_impegnata>6,Tutti,07,Domenica,7,0.6675,2025
potenza_impegnata>6,Tutti,07,Domenica,6,0.66525,2025
potenza_impegnata>6,Tutti,07,Domenica,5,0.673,2025
potenza_impegnata>6,Tutti,07,Domenica,4,0.68125,2025
potenza_impegnata>6,Tutti,07,Domenica,3,0.69625,2025
potenza_impegnata>6,Tutti,07,Domenica,2,0.71625,2025
potenza_impegnata>6,Tutti,07,Domenica,23,0.93475,2025
potenza_impegnata>6,Tutti,07,Domenica,22,1.01475,2025
potenza_impegnata>6,Tutti,07,Domenica,21,1.0505,2025
potenza_impegnata>6,Tutti,07,Domenica,20,1.03425,2025
potenza_impegnata>6,Tutti,07,Domenica,19,1.02325,2025
potenza_impegnata>6,Tutti,07,Domenica,1,0.74975,2025
potenza_impegnata>6,Tutti,07,Domenica,18,0.9855,2025
potenza_impegnata>6,Tutti,07,Domenica,17,0.976,2025
potenza_impegnata>6,Tutti,07,Domenica,16,0.9585,2025
potenza_impegnata>6,Tutti,07,Domenica,15,0.92675,2025
potenza_impegnata>6,Tutti,07,Domenica,14,0.9095,2025
potenza_impegnata>6,Tutti,07,Domenica,13,0.8975,2025
potenza_impegnata>6,Tutti,07,Domenica,12,0.8705,2025
potenza_impegnata>6,Tutti,07,Domenica,11,0.82025,2025
potenza_impegnata>6,Tutti,07,Domenica,10,0.772,2025
potenza_impegnata>6,Tutti,07,Domenica,9,0.729,2025
potenza_impegnata>6,Tutti,07,Domenica,0,0.80625,2025
potenza_impegnata>6,Residente,07,Sabato,8,0.68075,2025
potenza_impegnata>6,Residente,07,Sabato,7,0.66975,2025
potenza_impegnata>6,Residente,07,Sabato,6,0.6595,2025
potenza_impegnata>6,Residente,07,Sabato,5,0.66975,2025
potenza_impegnata>6,Residente,07,Sabato,4,0.68325,2025
potenza_impegnata>6,Residente,07,Sabato,3,0.70325,2025
potenza_impegnata>6,Residente,07,Sabato,2,0.731,2025
potenza_impegnata>6,Residente,07,Sabato,23,0.812,2025
potenza_impegnata>6,Residente,07,Sabato,22,0.87075,2025
potenza_impegnata>6,Residente,07,Sabato,21,0.89875,2025
potenza_impegnata>6,Residente,07,Sabato,20,0.904,2025
potenza_impegnata>6,Residente,07,Sabato,19,0.8895,2025
potenza_impegnata>6,Residente,07,Sabato,1,0.77325,2025
potenza_impegnata>6,Residente,07,Sabato,18,0.8425,2025
potenza_impegnata>6,Residente,07,Sabato,17,0.81875,2025
potenza_impegnata>6,Residente,07,Sabato,16,0.80275,2025
potenza_impegnata>6,Residente,07,Sabato,15,0.798,2025
potenza_impegnata>6,Residente,07,Sabato,14,0.79475,2025
potenza_impegnata>6,Residente,07,Sabato,13,0.78475,2025
potenza_impegnata>6,Residente,07,Sabato,12,0.766,2025
potenza_impegnata>6,Residente,07,Sabato,11,0.74225,2025
potenza_impegnata>6,Residente,07,Sabato,10,0.729,2025
potenza_impegnata>6,Residente,07,Sabato,9,0.71725,2025
potenza_impegnata>6,Residente,07,Sabato,0,0.83975,2025
potenza_impegnata>6,Residente,07,Giorno feriale,8,0.7945652173913045,2025
potenza_impegnata>6,Residente,07,Giorno feriale,7,0.7224782608695652,2025
potenza_impegnata>6,Residente,07,Giorno feriale,6,0.6848695652173913,2025
potenza_impegnata>6,Residente,07,Giorno feriale,5,0.6887391304347826,2025
potenza_impegnata>6,Residente,07,Giorno feriale,4,0.6988260869565217,2025
potenza_impegnata>6,Residente,07,Giorno feriale,3,0.7196521739130435,2025
potenza_impegnata>6,Residente,07,Giorno feriale,2,0.7462173913043478,2025
potenza_impegnata>6,Residente,07,Giorno feriale,23,0.9663043478260869,2025
potenza_impegnata>6,Residente,07,Giorno feriale,22,1.0765217391304347,2025
potenza_impegnata>6,Residente,07,Giorno feriale,21,1.1424782608695652,2025
potenza_impegnata>6,Residente,07,Giorno feriale,20,1.1611739130434784,2025
potenza_impegnata>6,Residente,07,Giorno feriale,19,1.1525652173913044,2025
potenza_impegnata>6,Residente,07,Giorno feriale,1,0.7920434782608695,2025
potenza_impegnata>6,Residente,07,Giorno feriale,17,1.0624782608695653,2025
potenza_impegnata>6,Residente,07,Giorno feriale,16,1.0491304347826087,2025
potenza_impegnata>6,Residente,07,Giorno feriale,15,1.0491739130434783,2025
potenza_impegnata>6,Residente,07,Giorno feriale,14,1.0466086956521738,2025
potenza_impegnata>6,Residente,07,Giorno feriale,13,1.026217391304348,2025
potenza_impegnata>6,Residente,07,Giorno feriale,12,0.9929565217391305,2025
potenza_impegnata>6,Residente,07,Giorno feriale,11,0.9517391304347826,2025
potenza_impegnata>6,Residente,07,Giorno feriale,9,0.8645652173913044,2025
potenza_impegnata>6,Residente,07,Domenica,3,0.64475,2025
potenza_impegnata>6,Residente,07,Domenica,8,0.628,2025
potenza_impegnata>6,Residente,07,Domenica,6,0.6165,2025
potenza_impegnata>6,Residente,07,Domenica,7,0.612,2025
potenza_impegnata>6,Residente,07,Domenica,5,0.623,2025
potenza_impegnata>6,Residente,07,Domenica,4,0.6305,2025
potenza_impegnata>6,Residente,07,Giorno feriale,0,0.8812608695652173,2025
potenza_impegnata>6,Residente,07,Giorno feriale,10,0.915217391304348,2025
potenza_impegnata>6,Residente,07,Domenica,2,0.665,2025
potenza_impegnata>6,Residente,07,Domenica,23,0.8935,2025
potenza_impegnata>6,Residente,07,Domenica,22,0.97275,2025
potenza_impegnata>6,Residente,07,Domenica,21,1.0055,2025
potenza_impegnata>6,Residente,07,Domenica,20,0.98775,2025
potenza_impegnata>6,Residente,07,Domenica,19,0.977,2025
potenza_impegnata>6,Residente,07,Domenica,1,0.6995,2025
potenza_impegnata>6,Residente,07,Giorno feriale,18,1.0973478260869565,2025
potenza_impegnata>6,Residente,07,Domenica,18,0.934,2025
potenza_impegnata>6,Tutti,08,Domenica,4,0.6063333333333333,2025
potenza_impegnata>6,Tutti,08,Domenica,3,0.6178333333333333,2025
potenza_impegnata>6,Tutti,08,Domenica,2,0.6338333333333334,2025
potenza_impegnata>6,Tutti,08,Domenica,23,0.7553333333333333,2025
potenza_impegnata>6,Tutti,08,Domenica,22,0.8133333333333334,2025
potenza_impegnata>6,Tutti,08,Domenica,21,0.8610000000000001,2025
potenza_impegnata>6,Tutti,08,Domenica,20,0.8686666666666666,2025
potenza_impegnata>6,Tutti,08,Domenica,19,0.85,2025
potenza_impegnata>6,Tutti,08,Domenica,1,0.6591666666666667,2025
potenza_impegnata>6,Tutti,08,Domenica,18,0.8196666666666667,2025
potenza_impegnata>6,Tutti,08,Domenica,17,0.79,2025
potenza_impegnata>6,Tutti,08,Domenica,16,0.774,2025
potenza_impegnata>6,Tutti,08,Domenica,15,0.7648333333333334,2025
potenza_impegnata>6,Tutti,08,Domenica,14,0.7616666666666667,2025
potenza_impegnata>6,Tutti,08,Domenica,13,0.755,2025
potenza_impegnata>6,Tutti,08,Domenica,12,0.7388333333333333,2025
potenza_impegnata>6,Tutti,08,Domenica,11,0.709,2025
potenza_impegnata>6,Tutti,08,Domenica,10,0.6833333333333332,2025
potenza_impegnata>6,Tutti,08,Domenica,9,0.6513333333333333,2025
potenza_impegnata>6,Tutti,08,Domenica,0,0.7031666666666667,2025
potenza_impegnata>6,Residente,08,Sabato,8,0.558,2025
potenza_impegnata>6,Residente,08,Sabato,7,0.5392,2025
potenza_impegnata>6,Residente,08,Sabato,6,0.5309999999999999,2025
potenza_impegnata>6,Residente,08,Sabato,5,0.5328,2025
potenza_impegnata>6,Residente,08,Sabato,4,0.534,2025
potenza_impegnata>6,Residente,08,Sabato,3,0.5426,2025
potenza_impegnata>6,Residente,08,Sabato,2,0.5574,2025
potenza_impegnata>6,Residente,08,Sabato,23,0.6754,2025
potenza_impegnata>6,Residente,08,Sabato,22,0.7248,2025
potenza_impegnata>6,Residente,08,Sabato,21,0.7604,2025
potenza_impegnata>6,Residente,08,Sabato,20,0.7662,2025
potenza_impegnata>6,Residente,08,Sabato,19,0.7548,2025
potenza_impegnata>6,Residente,08,Sabato,1,0.5846,2025
potenza_impegnata>6,Residente,08,Sabato,18,0.721,2025
potenza_impegnata>6,Residente,08,Sabato,17,0.6988000000000001,2025
potenza_impegnata>6,Residente,08,Sabato,16,0.6874,2025
potenza_impegnata>6,Residente,08,Sabato,15,0.6776,2025
potenza_impegnata>6,Residente,08,Sabato,14,0.6766,2025
potenza_impegnata>6,Residente,08,Sabato,13,0.6716,2025
potenza_impegnata>6,Residente,08,Sabato,12,0.6522,2025
potenza_impegnata>6,Residente,08,Sabato,11,0.6228,2025
potenza_impegnata>6,Residente,08,Sabato,10,0.6062000000000001,2025
potenza_impegnata>6,Residente,08,Sabato,9,0.5878,2025
potenza_impegnata>6,Residente,08,Sabato,0,0.6256,2025
potenza_impegnata>6,Residente,08,Giorno feriale,8,0.6007,2025
potenza_impegnata>6,Residente,08,Giorno feriale,7,0.56435,2025
potenza_impegnata>6,Residente,08,Giorno feriale,6,0.5518,2025
potenza_impegnata>6,Residente,08,Giorno feriale,5,0.5513,2025
potenza_impegnata>6,Residente,08,Giorno feriale,4,0.5541499999999999,2025
potenza_impegnata>6,Residente,08,Giorno feriale,3,0.56565,2025
potenza_impegnata>6,Residente,08,Giorno feriale,2,0.5795,2025
potenza_impegnata>6,Residente,08,Giorno feriale,23,0.69065,2025
potenza_impegnata>6,Residente,08,Giorno feriale,22,0.74535,2025
potenza_impegnata>6,Residente,08,Giorno feriale,21,0.78225,2025
potenza_impegnata>6,Residente,08,Giorno feriale,20,0.7958999999999999,2025
potenza_impegnata>6,Residente,08,Giorno feriale,19,0.787,2025
potenza_impegnata>6,Residente,08,Giorno feriale,1,0.6035,2025
potenza_impegnata>6,Residente,08,Giorno feriale,18,0.7566499999999999,2025
potenza_impegnata>6,Residente,08,Giorno feriale,17,0.7371,2025
potenza_impegnata>6,Residente,08,Giorno feriale,16,0.73505,2025
potenza_impegnata>6,Residente,08,Giorno feriale,15,0.7351,2025
potenza_impegnata>6,Residente,08,Giorno feriale,14,0.73125,2025
potenza_impegnata>6,Residente,08,Giorno feriale,13,0.72295,2025
potenza_impegnata>6,Residente,08,Giorno feriale,12,0.7091500000000001,2025
potenza_impegnata>6,Residente,08,Giorno feriale,11,0.68805,2025
potenza_impegnata>6,Residente,08,Giorno feriale,10,0.6692,2025
potenza_impegnata>6,Residente,08,Giorno feriale,9,0.63965,2025
potenza_impegnata>6,Residente,08,Giorno feriale,0,0.6471,2025
potenza_impegnata>6,Residente,08,Domenica,8,0.5596666666666666,2025
potenza_impegnata>6,Residente,08,Domenica,7,0.5448333333333334,2025
potenza_impegnata>6,Residente,08,Domenica,6,0.5493333333333333,2025
potenza_impegnata>6,Residente,08,Domenica,5,0.5545,2025
potenza_impegnata>6,Residente,08,Domenica,4,0.5585,2025
potenza_impegnata>6,Residente,08,Domenica,3,0.5690000000000001,2025
potenza_impegnata>6,Residente,08,Domenica,2,0.5848333333333333,2025
potenza_impegnata>6,Residente,08,Domenica,23,0.7068333333333333,2025
potenza_impegnata>6,Residente,08,Domenica,22,0.7615,2025
potenza_impegnata>6,Residente,08,Domenica,21,0.806,2025
potenza_impegnata>6,Residente,08,Domenica,20,0.8130000000000001,2025
potenza_impegnata>6,Residente,08,Domenica,19,0.7918333333333334,2025
potenza_impegnata>6,Residente,08,Domenica,1,0.6091666666666666,2025
potenza_impegnata>6,Residente,08,Domenica,18,0.7559999999999999,2025
potenza_impegnata>6,Residente,08,Domenica,17,0.7278333333333333,2025
potenza_impegnata>6,Residente,08,Domenica,16,0.7120000000000001,2025
potenza_impegnata>6,Residente,08,Domenica,15,0.7031666666666667,2025
potenza_impegnata>6,Residente,08,Domenica,14,0.6986666666666667,2025
potenza_impegnata>6,Residente,08,Domenica,13,0.69,2025
potenza_impegnata>6,Residente,08,Domenica,12,0.6708333333333334,2025
potenza_impegnata>6,Residente,08,Domenica,11,0.6391666666666667,2025
potenza_impegnata>6,Residente,08,Domenica,10,0.6155,2025
potenza_impegnata>6,Residente,08,Domenica,9,0.5891666666666667,2025
potenza_impegnata>6,Residente,08,Domenica,0,0.652,2025
potenza_impegnata>6,Non Residente,08,Sabato,8,0.7766,2025
potenza_impegnata>6,Non Residente,08,Sabato,7,0.742,2025
potenza_impegnata>6,Non Residente,08,Sabato,6,0.7118,2025
potenza_impegnata>6,Non Residente,08,Sabato,5,0.706,2025
potenza_impegnata>6,Non Residente,08,Sabato,4,0.7098,2025
potenza_impegnata>6,Non Residente,08,Sabato,3,0.718,2025
potenza_impegnata>6,Non Residente,08,Sabato,2,0.7362,2025
potenza_impegnata>6,Non Residente,08,Sabato,23,0.8695999999999999,2025
potenza_impegnata>6,Non Residente,08,Sabato,22,0.9480000000000001,2025
potenza_impegnata>6,Non Residente,08,Sabato,21,1.0022,2025
potenza_impegnata>6,Non Residente,08,Sabato,20,1.0093999999999999,2025
potenza_impegnata>6,Non Residente,08,Sabato,19,0.9965999999999999,2025
potenza_impegnata>6,Non Residente,08,Sabato,1,0.7628,2025
potenza_impegnata>6,Non Residente,08,Sabato,18,0.9875999999999999,2025
potenza_impegnata>6,Non Residente,08,Sabato,17,0.9545999999999999,2025
potenza_impegnata>6,Non Residente,08,Sabato,16,0.9276,2025
potenza_impegnata>6,Non Residente,08,Sabato,15,0.9192,2025
potenza_impegnata>6,Non Residente,08,Sabato,14,0.9208000000000001,2025
potenza_impegnata>6,Non Residente,08,Sabato,13,0.9166000000000001,2025
potenza_impegnata>6,Non Residente,08,Sabato,12,0.9082000000000001,2025
potenza_impegnata>6,Non Residente,08,Sabato,11,0.8934,2025
potenza_impegnata>6,Non Residente,08,Sabato,10,0.8642,2025
potenza_impegnata>6,Non Residente,08,Sabato,9,0.8230000000000001,2025
potenza_impegnata>6,Non Residente,08,Sabato,0,0.8093999999999999,2025
potenza_impegnata>6,Non Residente,08,Giorno feriale,8,0.8419500000000001,2025
potenza_impegnata>6,Non Residente,08,Giorno feriale,7,0.7820500000000001,2025
potenza_impegnata>6,Non Residente,08,Giorno feriale,6,0.7413000000000001,2025
potenza_impegnata>6,Non Residente,08,Giorno feriale,5,0.7322,2025
potenza_impegnata>6,Non Residente,08,Giorno feriale,4,0.7344999999999999,2025
potenza_impegnata>6,Non Residente,08,Giorno feriale,3,0.7458500000000001,2025
potenza_impegnata>6,Non Residente,08,Giorno feriale,2,0.7643,2025
potenza_impegnata>6,Non Residente,08,Giorno feriale,23,0.87805,2025
potenza_impegnata>6,Non Residente,08,Giorno feriale,22,0.9517999999999999,2025
potenza_impegnata>6,Non Residente,08,Giorno feriale,21,1.00725,2025
potenza_impegnata>6,Non Residente,08,Giorno feriale,20,1.02595,2025
potenza_impegnata>6,Non Residente,08,Giorno feriale,19,1.0242,2025
potenza_impegnata>6,Non Residente,08,Giorno feriale,1,0.78595,2025
potenza_impegnata>6,Non Residente,08,Giorno feriale,18,1.0199,2025
potenza_impegnata>6,Non Residente,08,Giorno feriale,17,1.0010999999999999,2025
potenza_impegnata>6,Non Residente,08,Giorno feriale,16,1.0021,2025
potenza_impegnata>6,Non Residente,08,Giorno feriale,15,1.0079,2025
potenza_impegnata>6,Non Residente,08,Giorno feriale,14,1.0138000000000003,2025
potenza_impegnata>6,Non Residente,08,Giorno feriale,13,1.0124499999999999,2025
potenza_impegnata>6,Non Residente,08,Giorno feriale,12,0.99895,2025
potenza_impegnata>6,Non Residente,08,Giorno feriale,11,0.9888999999999999,2025
potenza_impegnata>6,Non Residente,08,Giorno feriale,10,0.94795,2025
potenza_impegnata>6,Non Residente,08,Giorno feriale,9,0.9045,2025
potenza_impegnata>6,Non Residente,08,Giorno feriale,0,0.8305,2025
potenza_impegnata>6,Non Residente,08,Domenica,8,0.7761666666666667,2025
potenza_impegnata>6,Non Residente,08,Domenica,7,0.7401666666666666,2025
potenza_impegnata>6,Non Residente,08,Domenica,6,0.7315,2025
potenza_impegnata>6,Non Residente,08,Domenica,5,0.7343333333333333,2025
potenza_impegnata>6,Non Residente,08,Domenica,4,0.7343333333333333,2025
potenza_impegnata>6,Non Residente,08,Domenica,3,0.7488333333333334,2025
potenza_impegnata>6,Non Residente,08,Domenica,2,0.7655,2025
potenza_impegnata>6,Non Residente,08,Domenica,23,0.8866666666666667,2025
potenza_impegnata>6,Non Residente,08,Domenica,22,0.9541666666666666,2025
potenza_impegnata>6,Non Residente,08,Domenica,21,1.0103333333333333,2025
potenza_impegnata>6,Non Residente,08,Domenica,20,1.0188333333333335,2025
potenza_impegnata>6,Non Residente,08,Domenica,19,1.0073333333333332,2025
potenza_impegnata>6,Non Residente,08,Domenica,1,0.7935,2025
potenza_impegnata>6,Non Residente,08,Domenica,18,0.991,2025
potenza_impegnata>6,Non Residente,08,Domenica,17,0.957,2025
potenza_impegnata>6,Non Residente,08,Domenica,16,0.9401666666666667,2025
potenza_impegnata>6,Non Residente,08,Domenica,15,0.9306666666666666,2025
potenza_impegnata>6,Non Residente,08,Domenica,14,0.9305,2025
potenza_impegnata>6,Non Residente,08,Domenica,13,0.9288333333333334,2025
potenza_impegnata>6,Non Residente,08,Domenica,12,0.9201666666666667,2025
potenza_impegnata>6,Non Residente,08,Domenica,11,0.8951666666666668,2025
potenza_impegnata>6,Non Residente,08,Domenica,10,0.8641666666666666,2025
potenza_impegnata>6,Non Residente,08,Domenica,9,0.8175,2025
potenza_impegnata>6,Non Residente,08,Domenica,0,0.8408333333333333,2025
potenza_impegnata>6,Tutti,08,Sabato,8,0.6176,2025
potenza_impegnata>6,Tutti,08,Sabato,7,0.5944,2025
potenza_impegnata>6,Tutti,08,Sabato,6,0.5801999999999999,2025
potenza_impegnata>6,Tutti,08,Sabato,5,0.5798,2025
potenza_impegnata>6,Tutti,08,Sabato,4,0.5818,2025
potenza_impegnata>6,Tutti,08,Sabato,3,0.5902000000000001,2025
potenza_impegnata>6,Tutti,08,Sabato,2,0.6058,2025
potenza_impegnata>6,Tutti,08,Sabato,23,0.7278,2025
potenza_impegnata>6,Tutti,08,Sabato,22,0.7856,2025
potenza_impegnata>6,Tutti,08,Sabato,21,0.8262,2025
potenza_impegnata>6,Tutti,08,Sabato,20,0.8324,2025
potenza_impegnata>6,Tutti,08,Sabato,19,0.8206,2025
potenza_impegnata>6,Tutti,08,Sabato,1,0.633,2025
potenza_impegnata>6,Tutti,08,Sabato,18,0.7938,2025
potenza_impegnata>6,Tutti,08,Sabato,17,0.7684,2025
potenza_impegnata>6,Tutti,08,Sabato,16,0.7525999999999999,2025
potenza_impegnata>6,Tutti,08,Sabato,15,0.7432000000000001,2025
potenza_impegnata>6,Tutti,08,Sabato,14,0.7432000000000001,2025
potenza_impegnata>6,Tutti,08,Sabato,13,0.7384000000000001,2025
potenza_impegnata>6,Tutti,08,Sabato,12,0.7222000000000001,2025
potenza_impegnata>6,Tutti,08,Sabato,11,0.6968,2025
potenza_impegnata>6,Tutti,08,Sabato,10,0.6769999999999999,2025
potenza_impegnata>6,Tutti,08,Sabato,9,0.6522,2025
potenza_impegnata>6,Tutti,08,Sabato,0,0.6754,2025
potenza_impegnata>6,Tutti,08,Giorno feriale,8,0.6668,2025
potenza_impegnata>6,Tutti,08,Giorno feriale,7,0.62375,2025
potenza_impegnata>6,Tutti,08,Giorno feriale,6,0.6033999999999999,2025
potenza_impegnata>6,Tutti,08,Giorno feriale,5,0.6005499999999999,2025
potenza_impegnata>6,Tutti,08,Giorno feriale,4,0.6032,2025
potenza_impegnata>6,Tutti,08,Giorno feriale,3,0.6146,2025
potenza_impegnata>6,Tutti,08,Giorno feriale,2,0.62965,2025
potenza_impegnata>6,Tutti,08,Giorno feriale,23,0.7413500000000001,2025
potenza_impegnata>6,Tutti,08,Giorno feriale,22,0.8012499999999999,2025
potenza_impegnata>6,Tutti,08,Giorno feriale,21,0.8435,2025
potenza_impegnata>6,Tutti,08,Giorno feriale,20,0.85845,2025
potenza_impegnata>6,Tutti,08,Giorno feriale,19,0.8516,2025
potenza_impegnata>6,Tutti,08,Giorno feriale,1,0.6530000000000001,2025
potenza_impegnata>6,Tutti,08,Giorno feriale,18,0.8283999999999999,2025
potenza_impegnata>6,Tutti,08,Giorno feriale,17,0.80895,2025
potenza_impegnata>6,Tutti,08,Giorno feriale,16,0.8077500000000001,2025
potenza_impegnata>6,Tutti,08,Giorno feriale,15,0.80945,2025
potenza_impegnata>6,Tutti,08,Giorno feriale,14,0.80845,2025
potenza_impegnata>6,Tutti,08,Giorno feriale,13,0.8021499999999999,2025
potenza_impegnata>6,Tutti,08,Giorno feriale,12,0.7885,2025
potenza_impegnata>6,Tutti,08,Giorno feriale,11,0.7705500000000001,2025
potenza_impegnata>6,Tutti,08,Giorno feriale,10,0.74565,2025
potenza_impegnata>6,Tutti,08,Giorno feriale,9,0.7121999999999999,2025
potenza_impegnata>6,Tutti,08,Giorno feriale,0,0.6968500000000001,2025
potenza_impegnata>6,Tutti,08,Domenica,8,0.6186666666666667,2025
potenza_impegnata>6,Tutti,08,Domenica,7,0.598,2025
potenza_impegnata>6,Tutti,08,Domenica,6,0.5988333333333333,2025
potenza_impegnata>6,Tutti,08,Domenica,5,0.6033333333333334,2025
potenza_impegnata>6,Residente,09,Domenica,17,0.666,2025
potenza_impegnata>6,Residente,09,Domenica,16,0.64525,2025
potenza_impegnata>6,Residente,09,Domenica,15,0.6405,2025
potenza_impegnata>6,Residente,09,Domenica,14,0.64725,2025
potenza_impegnata>6,Residente,09,Domenica,13,0.6565,2025
potenza_impegnata>6,Residente,09,Domenica,12,0.65125,2025
potenza_impegnata>6,Residente,09,Domenica,11,0.61475,2025
potenza_impegnata>6,Residente,09,Domenica,10,0.60025,2025
potenza_impegnata>6,Residente,09,Domenica,9,0.5725,2025
potenza_impegnata>6,Residente,09,Domenica,0,0.59675,2025
potenza_impegnata>6,Non Residente,09,Sabato,8,0.769,2025
potenza_impegnata>6,Non Residente,09,Sabato,7,0.7005,2025
potenza_impegnata>6,Non Residente,09,Sabato,6,0.6515,2025
potenza_impegnata>6,Non Residente,09,Sabato,5,0.632,2025
potenza_impegnata>6,Non Residente,09,Sabato,4,0.63575,2025
potenza_impegnata>6,Non Residente,09,Sabato,3,0.64275,2025
potenza_impegnata>6,Non Residente,09,Sabato,2,0.66175,2025
potenza_impegnata>6,Non Residente,09,Sabato,23,0.835,2025
potenza_impegnata>6,Non Residente,09,Sabato,22,0.91325,2025
potenza_impegnata>6,Non Residente,09,Sabato,21,0.981,2025
potenza_impegnata>6,Non Residente,09,Sabato,20,1.03425,2025
potenza_impegnata>6,Non Residente,09,Sabato,19,1.0215,2025
potenza_impegnata>6,Non Residente,09,Sabato,1,0.69775,2025
potenza_impegnata>6,Non Residente,09,Sabato,18,0.95825,2025
potenza_impegnata>6,Non Residente,09,Sabato,17,0.90775,2025
potenza_impegnata>6,Non Residente,09,Sabato,16,0.88825,2025
potenza_impegnata>6,Non Residente,09,Sabato,15,0.89675,2025
potenza_impegnata>6,Non Residente,09,Sabato,14,0.92775,2025
potenza_impegnata>6,Non Residente,09,Sabato,13,0.92275,2025
potenza_impegnata>6,Non Residente,09,Sabato,12,0.92025,2025
potenza_impegnata>6,Non Residente,09,Sabato,11,0.91425,2025
potenza_impegnata>6,Non Residente,09,Sabato,10,0.89275,2025
potenza_impegnata>6,Non Residente,09,Sabato,9,0.8485,2025
potenza_impegnata>6,Non Residente,09,Sabato,0,0.7645,2025
potenza_impegnata>6,Non Residente,09,Giorno feriale,8,0.8709545454545455,2025
potenza_impegnata>6,Non Residente,09,Giorno feriale,7,0.7837727272727274,2025
potenza_impegnata>6,Non Residente,09,Giorno feriale,6,0.6755454545454546,2025
potenza_impegnata>6,Non Residente,09,Giorno feriale,5,0.6327727272727274,2025
potenza_impegnata>6,Non Residente,09,Giorno feriale,4,0.6253636363636363,2025
potenza_impegnata>6,Non Residente,09,Giorno feriale,3,0.6345,2025
potenza_impegnata>6,Non Residente,09,Giorno feriale,2,0.6543181818181819,2025
potenza_impegnata>6,Non Residente,09,Giorno feriale,23,0.8288636363636364,2025
potenza_impegnata>6,Non Residente,09,Giorno feriale,22,0.9390454545454545,2025
potenza_impegnata>6,Non Residente,09,Giorno feriale,21,1.0315454545454545,2025
potenza_impegnata>6,Non Residente,09,Giorno feriale,20,1.0951363636363636,2025
potenza_impegnata>6,Non Residente,09,Giorno feriale,19,1.0848636363636364,2025
potenza_impegnata>6,Non Residente,09,Giorno feriale,1,0.6860909090909092,2025
potenza_impegnata>6,Non Residente,09,Giorno feriale,18,1.014,2025
potenza_impegnata>6,Non Residente,09,Giorno feriale,17,0.9664999999999999,2025
potenza_impegnata>6,Non Residente,09,Giorno feriale,16,0.9562272727272728,2025
potenza_impegnata>6,Non Residente,09,Giorno feriale,15,0.9668181818181818,2025
potenza_impegnata>6,Non Residente,09,Giorno feriale,14,0.988,2025
potenza_impegnata>6,Non Residente,09,Giorno feriale,13,0.9937727272727273,2025
potenza_impegnata>6,Non Residente,09,Giorno feriale,12,0.9975,2025
potenza_impegnata>6,Non Residente,09,Giorno feriale,11,0.998090909090909,2025
potenza_impegnata>6,Non Residente,09,Giorno feriale,10,0.9853181818181818,2025
potenza_impegnata>6,Non Residente,09,Giorno feriale,9,0.9515,2025
potenza_impegnata>6,Non Residente,09,Giorno feriale,0,0.7500454545454545,2025
potenza_impegnata>6,Non Residente,09,Domenica,8,0.70125,2025
potenza_impegnata>6,Non Residente,09,Domenica,7,0.65375,2025
potenza_impegnata>6,Non Residente,09,Domenica,6,0.63475,2025
potenza_impegnata>6,Non Residente,09,Domenica,5,0.63075,2025
potenza_impegnata>6,Non Residente,09,Domenica,4,0.629,2025
potenza_impegnata>6,Non Residente,09,Domenica,3,0.643,2025
potenza_impegnata>6,Non Residente,09,Domenica,2,0.66925,2025
potenza_impegnata>6,Non Residente,09,Domenica,23,0.846,2025
potenza_impegnata>6,Non Residente,09,Domenica,22,0.93225,2025
potenza_impegnata>6,Non Residente,09,Domenica,21,1.0105,2025
potenza_impegnata>6,Non Residente,09,Domenica,20,1.0535,2025
potenza_impegnata>6,Non Residente,09,Domenica,19,1.00975,2025
potenza_impegnata>6,Non Residente,09,Domenica,1,0.707,2025
potenza_impegnata>6,Non Residente,09,Domenica,18,0.92675,2025
potenza_impegnata>6,Non Residente,09,Domenica,17,0.871,2025
potenza_impegnata>6,Non Residente,09,Domenica,16,0.84725,2025
potenza_impegnata>6,Non Residente,09,Domenica,15,0.834,2025
potenza_impegnata>6,Non Residente,09,Domenica,14,0.8425,2025
potenza_impegnata>6,Non Residente,09,Domenica,13,0.8515,2025
potenza_impegnata>6,Non Residente,09,Domenica,12,0.8475,2025
potenza_impegnata>6,Non Residente,09,Domenica,11,0.8165,2025
potenza_impegnata>6,Non Residente,09,Domenica,10,0.797,2025
potenza_impegnata>6,Non Residente,09,Domenica,9,0.7525,2025
potenza_impegnata>6,Non Residente,09,Domenica,0,0.7655,2025
potenza_impegnata>6,Tutti,09,Sabato,8,0.6345,2025
potenza_impegnata>6,Tutti,09,Sabato,7,0.57525,2025
potenza_impegnata>6,Tutti,09,Sabato,6,0.531,2025
potenza_impegnata>6,Tutti,09,Sabato,5,0.516,2025
potenza_impegnata>6,Tutti,09,Sabato,4,0.5175,2025
potenza_impegnata>6,Tutti,09,Sabato,3,0.52725,2025
potenza_impegnata>6,Tutti,09,Sabato,2,0.54575,2025
potenza_impegnata>6,Tutti,09,Sabato,23,0.7105,2025
potenza_impegnata>6,Tutti,09,Sabato,22,0.78125,2025
potenza_impegnata>6,Tutti,09,Sabato,21,0.84625,2025
potenza_impegnata>6,Tutti,09,Sabato,20,0.89875,2025
potenza_impegnata>6,Tutti,09,Sabato,19,0.87175,2025
potenza_impegnata>6,Tutti,09,Sabato,1,0.57975,2025
potenza_impegnata>6,Tutti,09,Sabato,18,0.7805,2025
potenza_impegnata>6,Tutti,09,Sabato,17,0.731,2025
potenza_impegnata>6,Tutti,09,Sabato,16,0.72175,2025
potenza_impegnata>6,Tutti,09,Sabato,15,0.72975,2025
potenza_impegnata>6,Tutti,09,Sabato,14,0.75325,2025
potenza_impegnata>6,Tutti,09,Sabato,13,0.7605,2025
potenza_impegnata>6,Tutti,09,Sabato,12,0.756,2025
potenza_impegnata>6,Tutti,09,Sabato,11,0.7325,2025
potenza_impegnata>6,Tutti,09,Sabato,10,0.72375,2025
potenza_impegnata>6,Tutti,09,Sabato,9,0.6945,2025
potenza_impegnata>6,Tutti,09,Sabato,0,0.641,2025
potenza_impegnata>6,Tutti,09,Giorno feriale,8,0.7284545454545455,2025
potenza_impegnata>6,Tutti,09,Giorno feriale,7,0.6548181818181817,2025
potenza_impegnata>6,Tutti,09,Giorno feriale,6,0.5512272727272727,2025
potenza_impegnata>6,Tutti,09,Giorno feriale,5,0.5123636363636364,2025
potenza_impegnata>6,Tutti,09,Giorno feriale,4,0.5081363636363636,2025
potenza_impegnata>6,Tutti,09,Giorno feriale,3,0.5168181818181817,2025
potenza_impegnata>6,Tutti,09,Giorno feriale,2,0.5327272727272727,2025
potenza_impegnata>6,Tutti,09,Giorno feriale,23,0.7175909090909091,2025
potenza_impegnata>6,Tutti,09,Giorno feriale,22,0.8270909090909092,2025
potenza_impegnata>6,Tutti,09,Giorno feriale,21,0.9192272727272727,2025
potenza_impegnata>6,Tutti,09,Giorno feriale,20,0.9781363636363636,2025
potenza_impegnata>6,Tutti,09,Giorno feriale,19,0.9542727272727273,2025
potenza_impegnata>6,Tutti,09,Giorno feriale,1,0.5651363636363637,2025
potenza_impegnata>6,Tutti,09,Giorno feriale,18,0.8427272727272727,2025
potenza_impegnata>6,Tutti,09,Giorno feriale,17,0.7898181818181819,2025
potenza_impegnata>6,Tutti,09,Giorno feriale,16,0.7776818181818183,2025
potenza_impegnata>6,Tutti,09,Giorno feriale,15,0.7882272727272727,2025
potenza_impegnata>6,Tutti,09,Giorno feriale,14,0.8101818181818181,2025
potenza_impegnata>6,Tutti,09,Giorno feriale,13,0.8161818181818181,2025
potenza_impegnata>6,Tutti,09,Giorno feriale,12,0.8225454545454546,2025
potenza_impegnata>6,Tutti,09,Giorno feriale,11,0.8150454545454547,2025
potenza_impegnata>6,Tutti,09,Giorno feriale,10,0.8124545454545454,2025
potenza_impegnata>6,Tutti,09,Giorno feriale,9,0.7938181818181818,2025
potenza_impegnata>6,Tutti,09,Giorno feriale,0,0.6311363636363637,2025
potenza_impegnata>6,Tutti,09,Domenica,8,0.58025,2025
potenza_impegnata>6,Tutti,09,Domenica,7,0.54225,2025
potenza_impegnata>6,Tutti,09,Domenica,6,0.52375,2025
potenza_impegnata>6,Tutti,09,Domenica,5,0.5155,2025
potenza_impegnata>6,Tutti,09,Domenica,4,0.5135,2025
potenza_impegnata>6,Tutti,09,Domenica,3,0.5255,2025
potenza_impegnata>6,Tutti,09,Domenica,2,0.54675,2025
potenza_impegnata>6,Tutti,09,Domenica,23,0.73875,2025
potenza_impegnata>6,Tutti,09,Domenica,22,0.838,2025
potenza_impegnata>6,Tutti,09,Domenica,21,0.91875,2025
potenza_impegnata>6,Tutti,09,Domenica,20,0.9615,2025
potenza_impegnata>6,Tutti,09,Domenica,19,0.9045,2025
potenza_impegnata>6,Tutti,09,Domenica,1,0.58275,2025
potenza_impegnata>6,Tutti,09,Domenica,18,0.7855,2025
potenza_impegnata>6,Tutti,09,Domenica,17,0.72275,2025
potenza_impegnata>6,Tutti,09,Domenica,16,0.701,2025
potenza_impegnata>6,Tutti,09,Domenica,15,0.694,2025
potenza_impegnata>6,Tutti,09,Domenica,14,0.7015,2025
potenza_impegnata>6,Tutti,09,Domenica,13,0.71075,2025
potenza_impegnata>6,Tutti,09,Domenica,12,0.70575,2025
potenza_impegnata>6,Tutti,09,Domenica,11,0.67075,2025
potenza_impegnata>6,Tutti,09,Domenica,10,0.65475,2025
potenza_impegnata>6,Tutti,09,Domenica,9,0.62225,2025
potenza_impegnata>6,Tutti,09,Domenica,0,0.64325,2025
potenza_impegnata>6,Residente,09,Sabato,8,0.58325,2025
potenza_impegnata>6,Residente,09,Sabato,7,0.52725,2025
potenza_impegnata>6,Residente,09,Sabato,6,0.48525,2025
potenza_impegnata>6,Residente,09,Sabato,5,0.47175,2025
potenza_impegnata>6,Residente,09,Sabato,4,0.47225,2025
potenza_impegnata>6,Residente,09,Sabato,3,0.48325,2025
potenza_impegnata>6,Residente,09,Sabato,2,0.5015,2025
potenza_impegnata>6,Residente,09,Sabato,23,0.6635,2025
potenza_impegnata>6,Residente,09,Sabato,22,0.731,2025
potenza_impegnata>6,Residente,09,Sabato,21,0.794,2025
potenza_impegnata>6,Residente,09,Sabato,20,0.84675,2025
potenza_impegnata>6,Residente,09,Sabato,19,0.8145,2025
potenza_impegnata>6,Residente,09,Sabato,1,0.5345,2025
potenza_impegnata>6,Residente,09,Sabato,18,0.71225,2025
potenza_impegnata>6,Residente,09,Sabato,17,0.6635,2025
potenza_impegnata>6,Residente,09,Sabato,16,0.658,2025
potenza_impegnata>6,Residente,09,Sabato,15,0.66575,2025
potenza_impegnata>6,Residente,09,Sabato,14,0.686,2025
potenza_impegnata>6,Residente,09,Sabato,13,0.69775,2025
potenza_impegnata>6,Residente,09,Sabato,12,0.6925,2025
potenza_impegnata>6,Residente,09,Sabato,11,0.6625,2025
potenza_impegnata>6,Residente,09,Sabato,10,0.65825,2025
potenza_impegnata>6,Residente,09,Sabato,9,0.6355,2025
potenza_impegnata>6,Residente,09,Sabato,0,0.594,2025
potenza_impegnata>6,Residente,09,Giorno feriale,8,0.6743181818181818,2025
potenza_impegnata>6,Residente,09,Giorno feriale,7,0.6058636363636363,2025
potenza_impegnata>6,Residente,09,Giorno feriale,6,0.5038636363636363,2025
potenza_impegnata>6,Residente,09,Giorno feriale,5,0.46640909090909094,2025
potenza_impegnata>6,Residente,09,Giorno feriale,4,0.46340909090909094,2025
potenza_impegnata>6,Residente,09,Giorno feriale,3,0.4719545454545455,2025
potenza_impegnata>6,Residente,09,Giorno feriale,2,0.4862727272727273,2025
potenza_impegnata>6,Residente,09,Giorno feriale,23,0.6755,2025
potenza_impegnata>6,Residente,09,Giorno feriale,22,0.7848636363636363,2025
potenza_impegnata>6,Residente,09,Giorno feriale,21,0.8767727272727274,2025
potenza_impegnata>6,Residente,09,Giorno feriale,20,0.9338636363636365,2025
potenza_impegnata>6,Residente,09,Giorno feriale,19,0.9048181818181817,2025
potenza_impegnata>6,Residente,09,Giorno feriale,1,0.519090909090909,2025
potenza_impegnata>6,Residente,09,Giorno feriale,18,0.7771363636363637,2025
potenza_impegnata>6,Residente,09,Giorno feriale,17,0.7222727272727272,2025
potenza_impegnata>6,Residente,09,Giorno feriale,16,0.7096818181818182,2025
potenza_impegnata>6,Residente,09,Giorno feriale,15,0.7201363636363637,2025
potenza_impegnata>6,Residente,09,Giorno feriale,14,0.7419999999999999,2025
potenza_impegnata>6,Residente,09,Giorno feriale,13,0.7478636363636363,2025
potenza_impegnata>6,Residente,09,Giorno feriale,12,0.7550909090909091,2025
potenza_impegnata>6,Residente,09,Giorno feriale,11,0.7445454545454546,2025
potenza_impegnata>6,Residente,09,Giorno feriale,10,0.7458181818181818,2025
potenza_impegnata>6,Residente,09,Giorno feriale,9,0.7336818181818181,2025
potenza_impegnata>6,Residente,09,Giorno feriale,0,0.5860000000000001,2025
potenza_impegnata>6,Residente,09,Domenica,8,0.53425,2025
potenza_impegnata>6,Residente,09,Domenica,7,0.4995,2025
potenza_impegnata>6,Residente,09,Domenica,6,0.48125,2025
potenza_impegnata>6,Residente,09,Domenica,5,0.47125,2025
potenza_impegnata>6,Residente,09,Domenica,4,0.4695,2025
potenza_impegnata>6,Residente,09,Domenica,3,0.48075,2025
potenza_impegnata>6,Residente,09,Domenica,2,0.5,2025
potenza_impegnata>6,Residente,09,Domenica,23,0.69825,2025
potenza_impegnata>6,Residente,09,Domenica,22,0.8025,2025
potenza_impegnata>6,Residente,09,Domenica,21,0.88425,2025
potenza_impegnata>6,Residente,09,Domenica,20,0.927,2025
potenza_impegnata>6,Residente,09,Domenica,19,0.865,2025
potenza_impegnata>6,Residente,09,Domenica,1,0.5355,2025
potenza_impegnata>6,Residente,09,Domenica,18,0.7315,2025
potenza_impegnata>6,Tutti,10,Sabato,8,0.67875,2025
potenza_impegnata>6,Tutti,10,Sabato,7,0.6025,2025
potenza_impegnata>6,Tutti,10,Sabato,6,0.532,2025
potenza_impegnata>6,Tutti,10,Sabato,5,0.496,2025
potenza_impegnata>6,Tutti,10,Sabato,4,0.4855,2025
potenza_impegnata>6,Tutti,10,Sabato,3,0.49275,2025
potenza_impegnata>6,Tutti,10,Sabato,2,0.5105,2025
potenza_impegnata>6,Tutti,10,Sabato,23,0.691,2025
potenza_impegnata>6,Tutti,10,Sabato,22,0.775,2025
potenza_impegnata>6,Tutti,10,Sabato,21,0.84975,2025
potenza_impegnata>6,Tutti,10,Sabato,20,0.91175,2025
potenza_impegnata>6,Tutti,10,Sabato,19,0.92925,2025
potenza_impegnata>6,Tutti,10,Sabato,1,0.54725,2025
potenza_impegnata>6,Tutti,10,Sabato,18,0.8105,2025
potenza_impegnata>6,Tutti,10,Sabato,17,0.70525,2025
potenza_impegnata>6,Tutti,10,Sabato,16,0.67225,2025
potenza_impegnata>6,Tutti,10,Sabato,15,0.68625,2025
potenza_impegnata>6,Tutti,10,Sabato,14,0.71625,2025
potenza_impegnata>6,Tutti,10,Sabato,13,0.746,2025
potenza_impegnata>6,Tutti,10,Sabato,12,0.7515,2025
potenza_impegnata>6,Tutti,10,Sabato,11,0.7375,2025
potenza_impegnata>6,Tutti,10,Sabato,10,0.746,2025
potenza_impegnata>6,Tutti,10,Sabato,9,0.73275,2025
potenza_impegnata>6,Tutti,10,Sabato,0,0.61275,2025
potenza_impegnata>6,Tutti,10,Giorno feriale,8,0.8173478260869566,2025
potenza_impegnata>6,Tutti,10,Giorno feriale,7,0.7311739130434782,2025
potenza_impegnata>6,Tutti,10,Giorno feriale,6,0.5704347826086956,2025
potenza_impegnata>6,Tutti,10,Giorno feriale,5,0.5023478260869565,2025
potenza_impegnata>6,Tutti,10,Giorno feriale,4,0.4854347826086957,2025
potenza_impegnata>6,Tutti,10,Giorno feriale,3,0.4897826086956522,2025
potenza_impegnata>6,Tutti,10,Giorno feriale,2,0.5043913043478261,2025
potenza_impegnata>6,Tutti,10,Giorno feriale,23,0.7176956521739131,2025
potenza_impegnata>6,Tutti,10,Giorno feriale,22,0.8398695652173913,2025
potenza_impegnata>6,Tutti,10,Giorno feriale,21,0.9492608695652173,2025
potenza_impegnata>6,Tutti,10,Giorno feriale,20,1.0241304347826088,2025
potenza_impegnata>6,Tutti,10,Giorno feriale,19,1.040086956521739,2025
potenza_impegnata>6,Tutti,10,Giorno feriale,1,0.5372173913043479,2025
potenza_impegnata>6,Tutti,10,Giorno feriale,18,0.8994782608695652,2025
potenza_impegnata>6,Tutti,10,Giorno feriale,17,0.7919565217391306,2025
potenza_impegnata>6,Tutti,10,Giorno feriale,16,0.7614347826086956,2025
potenza_impegnata>6,Tutti,10,Giorno feriale,15,0.7826521739130435,2025
potenza_impegnata>6,Tutti,10,Giorno feriale,14,0.821608695652174,2025
potenza_impegnata>6,Tutti,10,Giorno feriale,13,0.8350869565217391,2025
potenza_impegnata>6,Tutti,10,Giorno feriale,12,0.8498695652173912,2025
potenza_impegnata>6,Tutti,10,Giorno feriale,11,0.8549130434782609,2025
potenza_impegnata>6,Tutti,10,Giorno feriale,10,0.8730434782608697,2025
potenza_impegnata>6,Tutti,10,Giorno feriale,9,0.8679565217391305,2025
potenza_impegnata>6,Tutti,10,Giorno feriale,0,0.6107826086956522,2025
potenza_impegnata>6,Tutti,10,Domenica,8,0.62275,2025
potenza_impegnata>6,Tutti,10,Domenica,7,0.568,2025
potenza_impegnata>6,Tutti,10,Domenica,6,0.51925,2025
potenza_impegnata>6,Tutti,10,Domenica,5,0.493,2025
potenza_impegnata>6,Tutti,10,Domenica,4,0.4825,2025
potenza_impegnata>6,Tutti,10,Domenica,3,0.49025,2025
potenza_impegnata>6,Tutti,10,Domenica,2,0.513,2025
potenza_impegnata>6,Tutti,10,Domenica,23,0.7,2025
potenza_impegnata>6,Tutti,10,Domenica,22,0.81575,2025
potenza_impegnata>6,Tutti,10,Domenica,21,0.91,2025
potenza_impegnata>6,Tutti,10,Domenica,20,0.9775,2025
potenza_impegnata>6,Tutti,10,Domenica,19,0.971,2025
potenza_impegnata>6,Tutti,10,Domenica,1,0.5505,2025
potenza_impegnata>6,Tutti,10,Domenica,18,0.8255,2025
potenza_impegnata>6,Tutti,10,Domenica,17,0.70925,2025
potenza_impegnata>6,Tutti,10,Domenica,16,0.6535,2025
potenza_impegnata>6,Tutti,10,Domenica,15,0.648,2025
potenza_impegnata>6,Tutti,10,Domenica,14,0.6635,2025
potenza_impegnata>6,Tutti,10,Domenica,13,0.6905,2025
potenza_impegnata>6,Tutti,10,Domenica,12,0.694,2025
potenza_impegnata>6,Tutti,10,Domenica,11,0.67775,2025
potenza_impegnata>6,Tutti,10,Domenica,10,0.686,2025
potenza_impegnata>6,Tutti,10,Domenica,9,0.67125,2025
potenza_impegnata>6,Tutti,10,Domenica,0,0.616,2025
potenza_impegnata>6,Residente,10,Sabato,8,0.635,2025
potenza_impegnata>6,Residente,10,Sabato,7,0.561,2025
potenza_impegnata>6,Residente,10,Sabato,6,0.48975,2025
potenza_impegnata>6,Residente,10,Sabato,5,0.457,2025
potenza_impegnata>6,Residente,10,Sabato,4,0.44625,2025
potenza_impegnata>6,Residente,10,Sabato,3,0.452,2025
potenza_impegnata>6,Residente,10,Sabato,2,0.4685,2025
potenza_impegnata>6,Residente,10,Sabato,23,0.65325,2025
potenza_impegnata>6,Residente,10,Sabato,22,0.736,2025
potenza_impegnata>6,Residente,10,Sabato,21,0.8115,2025
potenza_impegnata>6,Residente,10,Sabato,20,0.8755,2025
potenza_impegnata>6,Residente,10,Sabato,19,0.8945,2025
potenza_impegnata>6,Residente,10,Sabato,1,0.5055,2025
potenza_impegnata>6,Residente,10,Sabato,18,0.7595,2025
potenza_impegnata>6,Residente,10,Sabato,17,0.65325,2025
potenza_impegnata>6,Residente,10,Sabato,16,0.62275,2025
potenza_impegnata>6,Residente,10,Sabato,15,0.6365,2025
potenza_impegnata>6,Residente,10,Sabato,14,0.667,2025
potenza_impegnata>6,Residente,10,Sabato,13,0.69375,2025
potenza_impegnata>6,Residente,10,Sabato,12,0.69525,2025
potenza_impegnata>6,Residente,10,Sabato,11,0.67475,2025
potenza_impegnata>6,Residente,10,Sabato,10,0.685,2025
potenza_impegnata>6,Residente,10,Sabato,9,0.6835,2025
potenza_impegnata>6,Residente,10,Sabato,0,0.57175,2025
potenza_impegnata>6,Residente,10,Giorno feriale,8,0.7687391304347827,2025
potenza_impegnata>6,Residente,10,Giorno feriale,7,0.690608695652174,2025
potenza_impegnata>6,Residente,10,Giorno feriale,6,0.5268695652173914,2025
potenza_impegnata>6,Residente,10,Giorno feriale,5,0.4596086956521739,2025
potenza_impegnata>6,Residente,10,Giorno feriale,4,0.4451739130434782,2025
potenza_impegnata>6,Residente,10,Giorno feriale,3,0.44917391304347826,2025
potenza_impegnata>6,Residente,10,Giorno feriale,2,0.4628260869565217,2025
potenza_impegnata>6,Residente,10,Giorno feriale,23,0.6808695652173913,2025
potenza_impegnata>6,Residente,10,Giorno feriale,22,0.8066521739130436,2025
potenza_impegnata>6,Residente,10,Giorno feriale,21,0.9209565217391303,2025
potenza_impegnata>6,Residente,10,Giorno feriale,20,0.9955217391304348,2025
potenza_impegnata>6,Residente,10,Giorno feriale,19,1.0107391304347826,2025
potenza_impegnata>6,Residente,10,Giorno feriale,1,0.49473913043478257,2025
potenza_impegnata>6,Residente,10,Giorno feriale,18,0.8488260869565217,2025
potenza_impegnata>6,Residente,10,Giorno feriale,17,0.7362608695652174,2025
potenza_impegnata>6,Residente,10,Giorno feriale,16,0.7028695652173912,2025
potenza_impegnata>6,Residente,10,Giorno feriale,15,0.7254347826086956,2025
potenza_impegnata>6,Residente,10,Giorno feriale,14,0.7633913043478261,2025
potenza_impegnata>6,Residente,10,Giorno feriale,13,0.7759130434782607,2025
potenza_impegnata>6,Residente,10,Giorno feriale,12,0.789,2025
potenza_impegnata>6,Residente,10,Giorno feriale,11,0.790608695652174,2025
potenza_impegnata>6,Residente,10,Giorno feriale,10,0.8124347826086956,2025
potenza_impegnata>6,Residente,10,Giorno feriale,9,0.8150434782608696,2025
potenza_impegnata>6,Residente,10,Giorno feriale,0,0.5704782608695652,2025
potenza_impegnata>6,Residente,10,Domenica,8,0.58275,2025
potenza_impegnata>6,Residente,10,Domenica,7,0.5305,2025
potenza_impegnata>6,Residente,10,Domenica,6,0.48075,2025
potenza_impegnata>6,Residente,10,Domenica,5,0.453,2025
potenza_impegnata>6,Residente,10,Domenica,4,0.44425,2025
potenza_impegnata>6,Residente,10,Domenica,3,0.4515,2025
potenza_impegnata>6,Residente,10,Domenica,2,0.4715,2025
potenza_impegnata>6,Residente,10,Domenica,23,0.666,2025
potenza_impegnata>6,Residente,10,Domenica,22,0.78925,2025
potenza_impegnata>6,Residente,10,Domenica,21,0.88975,2025
potenza_impegnata>6,Residente,10,Domenica,20,0.9595,2025
potenza_impegnata>6,Residente,10,Domenica,19,0.95175,2025
potenza_impegnata>6,Residente,10,Domenica,1,0.5105,2025
potenza_impegnata>6,Residente,10,Domenica,18,0.79175,2025
potenza_impegnata>6,Residente,10,Domenica,17,0.66975,2025
potenza_impegnata>6,Residente,10,Domenica,16,0.61475,2025
potenza_impegnata>6,Residente,10,Domenica,15,0.607,2025
potenza_impegnata>6,Residente,10,Domenica,14,0.62325,2025
potenza_impegnata>6,Residente,10,Domenica,13,0.64775,2025
potenza_impegnata>6,Residente,10,Domenica,12,0.651,2025
potenza_impegnata>6,Residente,10,Domenica,11,0.62875,2025
potenza_impegnata>6,Residente,10,Domenica,10,0.639,2025
potenza_impegnata>6,Residente,10,Domenica,9,0.62725,2025
potenza_impegnata>6,Residente,10,Domenica,0,0.5785,2025
potenza_impegnata>6,Non Residente,10,Sabato,8,0.789,2025
potenza_impegnata>6,Non Residente,10,Sabato,7,0.7055,2025
potenza_impegnata>6,Non Residente,10,Sabato,6,0.637,2025
potenza_impegnata>6,Non Residente,10,Sabato,5,0.59175,2025
potenza_impegnata>6,Non Residente,10,Sabato,4,0.5865,2025
potenza_impegnata>6,Non Residente,10,Sabato,3,0.59775,2025
potenza_impegnata>6,Non Residente,10,Sabato,2,0.61925,2025
potenza_impegnata>6,Non Residente,10,Sabato,23,0.78975,2025
potenza_impegnata>6,Non Residente,10,Sabato,22,0.8755,2025
potenza_impegnata>6,Non Residente,10,Sabato,21,0.949,2025
potenza_impegnata>6,Non Residente,10,Sabato,20,1.00225,2025
potenza_impegnata>6,Non Residente,10,Sabato,19,1.01625,2025
potenza_impegnata>6,Non Residente,10,Sabato,1,0.656,2025
potenza_impegnata>6,Non Residente,10,Sabato,18,0.938,2025
potenza_impegnata>6,Non Residente,10,Sabato,17,0.8365,2025
potenza_impegnata>6,Non Residente,10,Sabato,16,0.7965,2025
potenza_impegnata>6,Non Residente,10,Sabato,15,0.811,2025
potenza_impegnata>6,Non Residente,10,Sabato,14,0.83975,2025
potenza_impegnata>6,Non Residente,10,Sabato,13,0.875,2025
potenza_impegnata>6,Non Residente,10,Sabato,12,0.8925,2025
potenza_impegnata>6,Non Residente,10,Sabato,11,0.8955,2025
potenza_impegnata>6,Non Residente,10,Sabato,10,0.8985,2025
potenza_impegnata>6,Non Residente,10,Sabato,9,0.857,2025
potenza_impegnata>6,Non Residente,10,Sabato,0,0.7195,2025
potenza_impegnata>6,Non Residente,10,Giorno feriale,8,0.9397826086956522,2025
potenza_impegnata>6,Non Residente,10,Giorno feriale,7,0.8319565217391305,2025
potenza_impegnata>6,Non Residente,10,Giorno feriale,6,0.6785217391304348,2025
potenza_impegnata>6,Non Residente,10,Giorno feriale,5,0.6083043478260869,2025
potenza_impegnata>6,Non Residente,10,Giorno feriale,4,0.5886521739130435,2025
potenza_impegnata>6,Non Residente,10,Giorno feriale,3,0.5942173913043479,2025
potenza_impegnata>6,Non Residente,10,Giorno feriale,2,0.6114782608695652,2025
potenza_impegnata>6,Non Residente,10,Giorno feriale,23,0.8137826086956522,2025
potenza_impegnata>6,Non Residente,10,Giorno feriale,22,0.926695652173913,2025
potenza_impegnata>6,Non Residente,10,Giorno feriale,21,1.0230869565217393,2025
potenza_impegnata>6,Non Residente,10,Giorno feriale,20,1.0958260869565217,2025
potenza_impegnata>6,Non Residente,10,Giorno feriale,19,1.1139565217391305,2025
potenza_impegnata>6,Non Residente,10,Giorno feriale,1,0.6465652173913045,2025
potenza_impegnata>6,Non Residente,10,Giorno feriale,18,1.0274347826086956,2025
potenza_impegnata>6,Non Residente,10,Giorno feriale,17,0.9331304347826087,2025
potenza_impegnata>6,Non Residente,10,Giorno feriale,16,0.9092608695652172,2025
potenza_impegnata>6,Non Residente,10,Giorno feriale,15,0.9275217391304347,2025
potenza_impegnata>6,Non Residente,10,Giorno feriale,14,0.968695652173913,2025
potenza_impegnata>6,Non Residente,10,Giorno feriale,13,0.9834347826086957,2025
potenza_impegnata>6,Non Residente,10,Giorno feriale,12,1.0021739130434781,2025
potenza_impegnata>6,Non Residente,10,Giorno feriale,11,1.0162608695652176,2025
potenza_impegnata>6,Non Residente,10,Giorno feriale,10,1.0252608695652174,2025
potenza_impegnata>6,Non Residente,10,Giorno feriale,9,1.0016521739130435,2025
potenza_impegnata>6,Non Residente,10,Giorno feriale,0,0.7151304347826087,2025
potenza_impegnata>6,Non Residente,10,Domenica,8,0.722,2025
potenza_impegnata>6,Non Residente,10,Domenica,7,0.66075,2025
potenza_impegnata>6,Non Residente,10,Domenica,6,0.6145,2025
potenza_impegnata>6,Non Residente,10,Domenica,5,0.591,2025
potenza_impegnata>6,Non Residente,10,Domenica,4,0.58125,2025
potenza_impegnata>6,Non Residente,10,Domenica,3,0.58925,2025
potenza_impegnata>6,Non Residente,10,Domenica,2,0.6205,2025
potenza_impegnata>6,Non Residente,10,Domenica,23,0.78925,2025
potenza_impegnata>6,Non Residente,10,Domenica,22,0.8865,2025
potenza_impegnata>6,Non Residente,10,Domenica,21,0.9635,2025
potenza_impegnata>6,Non Residente,10,Domenica,20,1.0215,2025
potenza_impegnata>6,Non Residente,10,Domenica,19,1.01925,2025
potenza_impegnata>6,Non Residente,10,Domenica,1,0.654,2025
potenza_impegnata>6,Non Residente,10,Domenica,18,0.909,2025
potenza_impegnata>6,Non Residente,10,Domenica,17,0.80875,2025
potenza_impegnata>6,Non Residente,10,Domenica,16,0.751,2025
potenza_impegnata>6,Non Residente,10,Domenica,15,0.7515,2025
potenza_impegnata>6,Non Residente,10,Domenica,14,0.76375,2025
potenza_impegnata>6,Non Residente,10,Domenica,13,0.79675,2025
potenza_impegnata>6,Non Residente,10,Domenica,12,0.8005,2025
potenza_impegnata>6,Non Residente,10,Domenica,11,0.8,2025
potenza_impegnata>6,Non Residente,10,Domenica,10,0.802,2025
potenza_impegnata>6,Non Residente,10,Domenica,9,0.78075,2025
potenza_impegnata>6,Non Residente,10,Domenica,0,0.71375,2025
potenza_impegnata>6,Tutti,11,Domenica,4,0.5801666666666666,2025
potenza_impegnata>6,Tutti,11,Domenica,3,0.5876666666666667,2025
potenza_impegnata>6,Tutti,11,Domenica,2,0.6081666666666666,2025
potenza_impegnata>6,Tutti,11,Domenica,23,0.7955,2025
potenza_impegnata>6,Tutti,11,Domenica,22,0.9145,2025
potenza_impegnata>6,Tutti,11,Domenica,21,1.0206666666666666,2025
potenza_impegnata>6,Tutti,11,Domenica,20,1.1041666666666667,2025
potenza_impegnata>6,Tutti,11,Domenica,19,1.1380000000000001,2025
potenza_impegnata>6,Tutti,11,Domenica,1,0.6481666666666667,2025
potenza_impegnata>6,Tutti,11,Domenica,18,1.0633333333333332,2025
potenza_impegnata>6,Tutti,11,Domenica,17,0.9758333333333334,2025
potenza_impegnata>6,Tutti,11,Domenica,16,0.8876666666666666,2025
potenza_impegnata>6,Tutti,11,Domenica,15,0.8551666666666667,2025
potenza_impegnata>6,Tutti,11,Domenica,14,0.8626666666666667,2025
potenza_impegnata>6,Tutti,11,Domenica,13,0.8845000000000001,2025
potenza_impegnata>6,Tutti,11,Domenica,12,0.8898333333333334,2025
potenza_impegnata>6,Tutti,11,Domenica,11,0.8553333333333333,2025
potenza_impegnata>6,Tutti,11,Domenica,10,0.8393333333333333,2025
potenza_impegnata>6,Tutti,11,Domenica,9,0.8061666666666666,2025
potenza_impegnata>6,Tutti,11,Domenica,0,0.7153333333333333,2025
potenza_impegnata>6,Residente,11,Sabato,8,0.81075,2025
potenza_impegnata>6,Residente,11,Sabato,7,0.73325,2025
potenza_impegnata>6,Residente,11,Sabato,6,0.64325,2025
potenza_impegnata>6,Residente,11,Sabato,5,0.59225,2025
potenza_impegnata>6,Residente,11,Sabato,4,0.5775,2025
potenza_impegnata>6,Residente,11,Sabato,3,0.58075,2025
potenza_impegnata>6,Residente,11,Sabato,2,0.6,2025
potenza_impegnata>6,Residente,11,Sabato,23,0.7895,2025
potenza_impegnata>6,Residente,11,Sabato,22,0.88025,2025
potenza_impegnata>6,Residente,11,Sabato,21,0.968,2025
potenza_impegnata>6,Residente,11,Sabato,20,1.0475,2025
potenza_impegnata>6,Residente,11,Sabato,19,1.08825,2025
potenza_impegnata>6,Residente,11,Sabato,1,0.6395,2025
potenza_impegnata>6,Residente,11,Sabato,18,1.01725,2025
potenza_impegnata>6,Residente,11,Sabato,17,0.92325,2025
potenza_impegnata>6,Residente,11,Sabato,16,0.82825,2025
potenza_impegnata>6,Residente,11,Sabato,15,0.79475,2025
potenza_impegnata>6,Residente,11,Sabato,14,0.80975,2025
potenza_impegnata>6,Residente,11,Sabato,13,0.8295,2025
potenza_impegnata>6,Residente,11,Sabato,12,0.83575,2025
potenza_impegnata>6,Residente,11,Sabato,11,0.825,2025
potenza_impegnata>6,Residente,11,Sabato,10,0.84625,2025
potenza_impegnata>6,Residente,11,Sabato,9,0.85375,2025
potenza_impegnata>6,Residente,11,Sabato,0,0.7155,2025
potenza_impegnata>6,Residente,11,Giorno feriale,8,0.8873999999999999,2025
potenza_impegnata>6,Residente,11,Giorno feriale,7,0.8298,2025
potenza_impegnata>6,Residente,11,Giorno feriale,6,0.65595,2025
potenza_impegnata>6,Residente,11,Giorno feriale,5,0.5677000000000001,2025
potenza_impegnata>6,Residente,11,Giorno feriale,4,0.54285,2025
potenza_impegnata>6,Residente,11,Giorno feriale,3,0.54105,2025
potenza_impegnata>6,Residente,11,Giorno feriale,2,0.5534,2025
potenza_impegnata>6,Residente,11,Giorno feriale,23,0.7905,2025
potenza_impegnata>6,Residente,11,Giorno feriale,22,0.92465,2025
potenza_impegnata>6,Residente,11,Giorno feriale,21,1.0484499999999999,2025
potenza_impegnata>6,Residente,11,Giorno feriale,20,1.1332999999999998,2025
potenza_impegnata>6,Residente,11,Giorno feriale,19,1.1697,2025
potenza_impegnata>6,Residente,11,Giorno feriale,1,0.5864499999999999,2025
potenza_impegnata>6,Residente,11,Giorno feriale,18,1.0702500000000001,2025
potenza_impegnata>6,Residente,11,Giorno feriale,17,0.9667000000000001,2025
potenza_impegnata>6,Residente,11,Giorno feriale,16,0.86385,2025
potenza_impegnata>6,Residente,11,Giorno feriale,15,0.8416499999999999,2025
potenza_impegnata>6,Residente,11,Giorno feriale,14,0.85915,2025
potenza_impegnata>6,Residente,11,Giorno feriale,13,0.86425,2025
potenza_impegnata>6,Residente,11,Giorno feriale,12,0.8774000000000001,2025
potenza_impegnata>6,Residente,11,Giorno feriale,11,0.8788500000000001,2025
potenza_impegnata>6,Residente,11,Giorno feriale,10,0.89815,2025
potenza_impegnata>6,Residente,11,Giorno feriale,9,0.9144,2025
potenza_impegnata>6,Residente,11,Giorno feriale,0,0.6634,2025
potenza_impegnata>6,Residente,11,Domenica,8,0.6921666666666666,2025
potenza_impegnata>6,Residente,11,Domenica,7,0.6291666666666667,2025
potenza_impegnata>6,Residente,11,Domenica,6,0.5781666666666666,2025
potenza_impegnata>6,Residente,11,Domenica,5,0.5426666666666666,2025
potenza_impegnata>6,Residente,11,Domenica,4,0.5315,2025
potenza_impegnata>6,Residente,11,Domenica,3,0.5391666666666667,2025
potenza_impegnata>6,Residente,11,Domenica,2,0.5579999999999999,2025
potenza_impegnata>6,Residente,11,Domenica,23,0.7519999999999999,2025
potenza_impegnata>6,Residente,11,Domenica,22,0.8746666666666667,2025
potenza_impegnata>6,Residente,11,Domenica,21,0.9846666666666667,2025
potenza_impegnata>6,Residente,11,Domenica,20,1.0681666666666667,2025
potenza_impegnata>6,Residente,11,Domenica,19,1.1039999999999999,2025
potenza_impegnata>6,Residente,11,Domenica,1,0.5978333333333333,2025
potenza_impegnata>6,Residente,11,Domenica,18,1.0161666666666667,2025
potenza_impegnata>6,Residente,11,Domenica,17,0.9285,2025
potenza_impegnata>6,Residente,11,Domenica,16,0.8416666666666667,2025
potenza_impegnata>6,Residente,11,Domenica,15,0.8078333333333334,2025
potenza_impegnata>6,Residente,11,Domenica,14,0.8123333333333332,2025
potenza_impegnata>6,Residente,11,Domenica,13,0.8298333333333333,2025
potenza_impegnata>6,Residente,11,Domenica,12,0.8335,2025
potenza_impegnata>6,Residente,11,Domenica,11,0.7925,2025
potenza_impegnata>6,Residente,11,Domenica,10,0.779,2025
potenza_impegnata>6,Residente,11,Domenica,9,0.7536666666666667,2025
potenza_impegnata>6,Residente,11,Domenica,0,0.6678333333333333,2025
potenza_impegnata>6,Non Residente,11,Sabato,8,1.03325,2025
potenza_impegnata>6,Non Residente,11,Sabato,7,0.94025,2025
potenza_impegnata>6,Non Residente,11,Sabato,6,0.8485,2025
potenza_impegnata>6,Non Residente,11,Sabato,5,0.782,2025
potenza_impegnata>6,Non Residente,11,Sabato,4,0.77025,2025
potenza_impegnata>6,Non Residente,11,Sabato,3,0.773,2025
potenza_impegnata>6,Non Residente,11,Sabato,2,0.798,2025
potenza_impegnata>6,Non Residente,11,Sabato,23,0.98425,2025
potenza_impegnata>6,Non Residente,11,Sabato,22,1.08525,2025
potenza_impegnata>6,Non Residente,11,Sabato,21,1.16425,2025
potenza_impegnata>6,Non Residente,11,Sabato,20,1.242,2025
potenza_impegnata>6,Non Residente,11,Sabato,19,1.28525,2025
potenza_impegnata>6,Non Residente,11,Sabato,1,0.83725,2025
potenza_impegnata>6,Non Residente,11,Sabato,18,1.252,2025
potenza_impegnata>6,Non Residente,11,Sabato,17,1.15675,2025
potenza_impegnata>6,Non Residente,11,Sabato,16,1.0485,2025
potenza_impegnata>6,Non Residente,11,Sabato,15,1.02525,2025
potenza_impegnata>6,Non Residente,11,Sabato,14,1.05,2025
potenza_impegnata>6,Non Residente,11,Sabato,13,1.08625,2025
potenza_impegnata>6,Non Residente,11,Sabato,12,1.11825,2025
potenza_impegnata>6,Non Residente,11,Sabato,11,1.1285,2025
potenza_impegnata>6,Non Residente,11,Sabato,10,1.13475,2025
potenza_impegnata>6,Non Residente,11,Sabato,9,1.12075,2025
potenza_impegnata>6,Non Residente,11,Sabato,0,0.9015,2025
potenza_impegnata>6,Non Residente,11,Giorno feriale,8,1.1205,2025
potenza_impegnata>6,Non Residente,11,Giorno feriale,7,1.0277999999999998,2025
potenza_impegnata>6,Non Residente,11,Giorno feriale,6,0.8500500000000001,2025
potenza_impegnata>6,Non Residente,11,Giorno feriale,5,0.74855,2025
potenza_impegnata>6,Non Residente,11,Giorno feriale,4,0.7191500000000001,2025
potenza_impegnata>6,Non Residente,11,Giorno feriale,3,0.7213999999999999,2025
potenza_impegnata>6,Non Residente,11,Giorno feriale,2,0.7371000000000001,2025
potenza_impegnata>6,Non Residente,11,Giorno feriale,23,0.95475,2025
potenza_impegnata>6,Non Residente,11,Giorno feriale,22,1.0919,2025
potenza_impegnata>6,Non Residente,11,Giorno feriale,21,1.20455,2025
potenza_impegnata>6,Non Residente,11,Giorno feriale,20,1.29405,2025
potenza_impegnata>6,Non Residente,11,Giorno feriale,19,1.3324,2025
potenza_impegnata>6,Non Residente,11,Giorno feriale,1,0.76885,2025
potenza_impegnata>6,Non Residente,11,Giorno feriale,18,1.2986,2025
potenza_impegnata>6,Non Residente,11,Giorno feriale,17,1.2080999999999997,2025
potenza_impegnata>6,Non Residente,11,Giorno feriale,16,1.12635,2025
potenza_impegnata>6,Non Residente,11,Giorno feriale,15,1.1102,2025
potenza_impegnata>6,Non Residente,11,Giorno feriale,14,1.134,2025
potenza_impegnata>6,Non Residente,11,Giorno feriale,13,1.1526,2025
potenza_impegnata>6,Non Residente,11,Giorno feriale,12,1.1836,2025
potenza_impegnata>6,Non Residente,11,Giorno feriale,11,1.19925,2025
potenza_impegnata>6,Non Residente,11,Giorno feriale,10,1.1967,2025
potenza_impegnata>6,Non Residente,11,Giorno feriale,9,1.1793,2025
potenza_impegnata>6,Non Residente,11,Giorno feriale,0,0.83965,2025
potenza_impegnata>6,Non Residente,11,Domenica,8,0.8698333333333333,2025
potenza_impegnata>6,Non Residente,11,Domenica,7,0.8096666666666666,2025
potenza_impegnata>6,Non Residente,11,Domenica,6,0.7653333333333333,2025
potenza_impegnata>6,Non Residente,11,Domenica,5,0.7148333333333333,2025
potenza_impegnata>6,Non Residente,11,Domenica,4,0.7035,2025
potenza_impegnata>6,Non Residente,11,Domenica,3,0.7105,2025
potenza_impegnata>6,Non Residente,11,Domenica,2,0.7356666666666666,2025
potenza_impegnata>6,Non Residente,11,Domenica,23,0.9035000000000001,2025
potenza_impegnata>6,Non Residente,11,Domenica,22,1.014,2025
potenza_impegnata>6,Non Residente,11,Domenica,21,1.1098333333333332,2025
potenza_impegnata>6,Non Residente,11,Domenica,20,1.1883333333333332,2025
potenza_impegnata>6,Non Residente,11,Domenica,19,1.2155,2025
potenza_impegnata>6,Non Residente,11,Domenica,1,0.7765,2025
potenza_impegnata>6,Non Residente,11,Domenica,18,1.1748333333333334,2025
potenza_impegnata>6,Non Residente,11,Domenica,17,1.086,2025
potenza_impegnata>6,Non Residente,11,Domenica,16,0.9958333333333332,2025
potenza_impegnata>6,Non Residente,11,Domenica,15,0.9678333333333334,2025
potenza_impegnata>6,Non Residente,11,Domenica,14,0.984,2025
potenza_impegnata>6,Non Residente,11,Domenica,13,1.018,2025
potenza_impegnata>6,Non Residente,11,Domenica,12,1.0271666666666668,2025
potenza_impegnata>6,Non Residente,11,Domenica,11,1.0090000000000001,2025
potenza_impegnata>6,Non Residente,11,Domenica,10,0.984,2025
potenza_impegnata>6,Non Residente,11,Domenica,9,0.9326666666666666,2025
potenza_impegnata>6,Non Residente,11,Domenica,0,0.8365,2025
potenza_impegnata>6,Tutti,11,Sabato,8,0.87525,2025
potenza_impegnata>6,Tutti,11,Sabato,7,0.7935,2025
potenza_impegnata>6,Tutti,11,Sabato,6,0.70275,2025
potenza_impegnata>6,Tutti,11,Sabato,5,0.64725,2025
potenza_impegnata>6,Tutti,11,Sabato,4,0.63175,2025
potenza_impegnata>6,Tutti,11,Sabato,3,0.63475,2025
potenza_impegnata>6,Tutti,11,Sabato,2,0.65575,2025
potenza_impegnata>6,Tutti,11,Sabato,23,0.844,2025
potenza_impegnata>6,Tutti,11,Sabato,22,0.938,2025
potenza_impegnata>6,Tutti,11,Sabato,21,1.0235,2025
potenza_impegnata>6,Tutti,11,Sabato,20,1.104,2025
potenza_impegnata>6,Tutti,11,Sabato,19,1.1455,2025
potenza_impegnata>6,Tutti,11,Sabato,1,0.69525,2025
potenza_impegnata>6,Tutti,11,Sabato,18,1.085,2025
potenza_impegnata>6,Tutti,11,Sabato,17,0.99025,2025
potenza_impegnata>6,Tutti,11,Sabato,16,0.89225,2025
potenza_impegnata>6,Tutti,11,Sabato,15,0.862,2025
potenza_impegnata>6,Tutti,11,Sabato,14,0.8795,2025
potenza_impegnata>6,Tutti,11,Sabato,13,0.904,2025
potenza_impegnata>6,Tutti,11,Sabato,12,0.91725,2025
potenza_impegnata>6,Tutti,11,Sabato,11,0.91225,2025
potenza_impegnata>6,Tutti,11,Sabato,10,0.92975,2025
potenza_impegnata>6,Tutti,11,Sabato,9,0.93075,2025
potenza_impegnata>6,Tutti,11,Sabato,0,0.76775,2025
potenza_impegnata>6,Tutti,11,Giorno feriale,8,0.9550999999999998,2025
potenza_impegnata>6,Tutti,11,Giorno feriale,7,0.8879000000000001,2025
potenza_impegnata>6,Tutti,11,Giorno feriale,6,0.71325,2025
potenza_impegnata>6,Tutti,11,Giorno feriale,5,0.6214000000000001,2025
potenza_impegnata>6,Tutti,11,Giorno feriale,4,0.5926,2025
potenza_impegnata>6,Tutti,11,Giorno feriale,3,0.59175,2025
potenza_impegnata>6,Tutti,11,Giorno feriale,2,0.6051,2025
potenza_impegnata>6,Tutti,11,Giorno feriale,23,0.8368500000000001,2025
potenza_impegnata>6,Tutti,11,Giorno feriale,22,0.9718,2025
potenza_impegnata>6,Tutti,11,Giorno feriale,21,1.09275,2025
potenza_impegnata>6,Tutti,11,Giorno feriale,20,1.1811,2025
potenza_impegnata>6,Tutti,11,Giorno feriale,19,1.2179,2025
potenza_impegnata>6,Tutti,11,Giorno feriale,1,0.6378,2025
potenza_impegnata>6,Tutti,11,Giorno feriale,18,1.1372499999999999,2025
potenza_impegnata>6,Tutti,11,Giorno feriale,17,1.0373,2025
potenza_impegnata>6,Tutti,11,Giorno feriale,16,0.9403,2025
potenza_impegnata>6,Tutti,11,Giorno feriale,15,0.91995,2025
potenza_impegnata>6,Tutti,11,Giorno feriale,14,0.93925,2025
potenza_impegnata>6,Tutti,11,Giorno feriale,13,0.9481999999999999,2025
potenza_impegnata>6,Tutti,11,Giorno feriale,12,0.9662499999999999,2025
potenza_impegnata>6,Tutti,11,Giorno feriale,11,0.9718499999999999,2025
potenza_impegnata>6,Tutti,11,Giorno feriale,10,0.985,2025
potenza_impegnata>6,Tutti,11,Giorno feriale,9,0.9914999999999999,2025
potenza_impegnata>6,Tutti,11,Giorno feriale,0,0.7131000000000001,2025
potenza_impegnata>6,Tutti,11,Domenica,8,0.7441666666666666,2025
potenza_impegnata>6,Tutti,11,Domenica,7,0.6819999999999999,2025
potenza_impegnata>6,Tutti,11,Domenica,6,0.6326666666666666,2025
potenza_impegnata>6,Tutti,11,Domenica,5,0.5933333333333334,2025
potenza_impegnata>6,Residente,12,Domenica,17,0.9061428571428571,2025
potenza_impegnata>6,Residente,12,Domenica,16,0.8097142857142857,2025
potenza_impegnata>6,Residente,12,Domenica,15,0.7608571428571428,2025
potenza_impegnata>6,Residente,12,Domenica,14,0.7725714285714286,2025
potenza_impegnata>6,Residente,12,Domenica,13,0.8071428571428572,2025
potenza_impegnata>6,Residente,12,Domenica,12,0.816,2025
potenza_impegnata>6,Residente,12,Domenica,11,0.7985714285714286,2025
potenza_impegnata>6,Residente,12,Domenica,10,0.7985714285714286,2025
potenza_impegnata>6,Residente,12,Domenica,9,0.7919999999999999,2025
potenza_impegnata>6,Residente,12,Domenica,0,0.7148571428571427,2025
potenza_impegnata>6,Non Residente,12,Sabato,8,1.01725,2025
potenza_impegnata>6,Non Residente,12,Sabato,7,0.944,2025
potenza_impegnata>6,Non Residente,12,Sabato,6,0.85875,2025
potenza_impegnata>6,Non Residente,12,Sabato,5,0.79725,2025
potenza_impegnata>6,Non Residente,12,Sabato,4,0.7685,2025
potenza_impegnata>6,Non Residente,12,Sabato,3,0.781,2025
potenza_impegnata>6,Non Residente,12,Sabato,2,0.79925,2025
potenza_impegnata>6,Non Residente,12,Sabato,23,0.974,2025
potenza_impegnata>6,Non Residente,12,Sabato,22,1.0595,2025
potenza_impegnata>6,Non Residente,12,Sabato,21,1.12125,2025
potenza_impegnata>6,Non Residente,12,Sabato,20,1.1815,2025
potenza_impegnata>6,Non Residente,12,Sabato,19,1.20375,2025
potenza_impegnata>6,Non Residente,12,Sabato,1,0.83325,2025
potenza_impegnata>6,Non Residente,12,Sabato,18,1.18125,2025
potenza_impegnata>6,Non Residente,12,Sabato,17,1.11825,2025
potenza_impegnata>6,Non Residente,12,Sabato,16,1.03475,2025
potenza_impegnata>6,Non Residente,12,Sabato,15,1.01775,2025
potenza_impegnata>6,Non Residente,12,Sabato,14,1.04025,2025
potenza_impegnata>6,Non Residente,12,Sabato,13,1.067,2025
potenza_impegnata>6,Non Residente,12,Sabato,12,1.0995,2025
potenza_impegnata>6,Non Residente,12,Sabato,11,1.108,2025
potenza_impegnata>6,Non Residente,12,Sabato,10,1.11775,2025
potenza_impegnata>6,Non Residente,12,Sabato,9,1.08875,2025
potenza_impegnata>6,Non Residente,12,Sabato,0,0.8965,2025
potenza_impegnata>6,Non Residente,12,Giorno feriale,8,1.1819,2025
potenza_impegnata>6,Non Residente,12,Giorno feriale,7,1.06265,2025
potenza_impegnata>6,Non Residente,12,Giorno feriale,6,0.90585,2025
potenza_impegnata>6,Non Residente,12,Giorno feriale,5,0.8093999999999999,2025
potenza_impegnata>6,Non Residente,12,Giorno feriale,4,0.7798,2025
potenza_impegnata>6,Non Residente,12,Giorno feriale,3,0.7847000000000001,2025
potenza_impegnata>6,Non Residente,12,Giorno feriale,2,0.80335,2025
potenza_impegnata>6,Non Residente,12,Giorno feriale,23,0.9976499999999999,2025
potenza_impegnata>6,Non Residente,12,Giorno feriale,22,1.1136000000000001,2025
potenza_impegnata>6,Non Residente,12,Giorno feriale,21,1.2089500000000002,2025
potenza_impegnata>6,Non Residente,12,Giorno feriale,20,1.2820500000000001,2025
potenza_impegnata>6,Non Residente,12,Giorno feriale,19,1.3324000000000003,2025
potenza_impegnata>6,Non Residente,12,Giorno feriale,1,0.8366499999999999,2025
potenza_impegnata>6,Non Residente,12,Giorno feriale,18,1.32225,2025
potenza_impegnata>6,Non Residente,12,Giorno feriale,17,1.2613499999999997,2025
potenza_impegnata>6,Non Residente,12,Giorno feriale,16,1.2008,2025
potenza_impegnata>6,Non Residente,12,Giorno feriale,15,1.1877,2025
potenza_impegnata>6,Non Residente,12,Giorno feriale,14,1.2169999999999999,2025
potenza_impegnata>6,Non Residente,12,Giorno feriale,13,1.23355,2025
potenza_impegnata>6,Non Residente,12,Giorno feriale,12,1.2676,2025
potenza_impegnata>6,Non Residente,12,Giorno feriale,11,1.28445,2025
potenza_impegnata>6,Non Residente,12,Giorno feriale,10,1.2772,2025
potenza_impegnata>6,Non Residente,12,Giorno feriale,9,1.25435,2025
potenza_impegnata>6,Non Residente,12,Giorno feriale,0,0.9027999999999998,2025
potenza_impegnata>6,Non Residente,12,Domenica,8,0.9571428571428572,2025
potenza_impegnata>6,Non Residente,12,Domenica,7,0.9081428571428571,2025
potenza_impegnata>6,Non Residente,12,Domenica,6,0.8584285714285714,2025
potenza_impegnata>6,Non Residente,12,Domenica,5,0.7987142857142857,2025
potenza_impegnata>6,Non Residente,12,Domenica,4,0.7761428571428571,2025
potenza_impegnata>6,Non Residente,12,Domenica,3,0.7847142857142858,2025
potenza_impegnata>6,Non Residente,12,Domenica,2,0.8049999999999999,2025
potenza_impegnata>6,Non Residente,12,Domenica,23,0.9498571428571428,2025
potenza_impegnata>6,Non Residente,12,Domenica,22,1.0402857142857143,2025
potenza_impegnata>6,Non Residente,12,Domenica,21,1.1057142857142856,2025
potenza_impegnata>6,Non Residente,12,Domenica,20,1.163,2025
potenza_impegnata>6,Non Residente,12,Domenica,19,1.1712857142857143,2025
potenza_impegnata>6,Non Residente,12,Domenica,1,0.8407142857142856,2025
potenza_impegnata>6,Non Residente,12,Domenica,18,1.1421428571428571,2025
potenza_impegnata>6,Non Residente,12,Domenica,17,1.0702857142857143,2025
potenza_impegnata>6,Non Residente,12,Domenica,16,0.9777142857142858,2025
potenza_impegnata>6,Non Residente,12,Domenica,15,0.9355714285714286,2025
potenza_impegnata>6,Non Residente,12,Domenica,14,0.9578571428571429,2025
potenza_impegnata>6,Non Residente,12,Domenica,13,0.9847142857142857,2025
potenza_impegnata>6,Non Residente,12,Domenica,12,1.0095714285714286,2025
potenza_impegnata>6,Non Residente,12,Domenica,11,1.013857142857143,2025
potenza_impegnata>6,Non Residente,12,Domenica,10,1.0102857142857142,2025
potenza_impegnata>6,Non Residente,12,Domenica,9,0.9961428571428571,2025
potenza_impegnata>6,Non Residente,12,Domenica,0,0.8972857142857142,2025
potenza_impegnata>6,Tutti,12,Sabato,8,0.86975,2025
potenza_impegnata>6,Tutti,12,Sabato,7,0.801,2025
potenza_impegnata>6,Tutti,12,Sabato,6,0.713,2025
potenza_impegnata>6,Tutti,12,Sabato,5,0.65925,2025
potenza_impegnata>6,Tutti,12,Sabato,4,0.63475,2025
potenza_impegnata>6,Tutti,12,Sabato,3,0.64,2025
potenza_impegnata>6,Tutti,12,Sabato,2,0.65575,2025
potenza_impegnata>6,Tutti,12,Sabato,23,0.83725,2025
potenza_impegnata>6,Tutti,12,Sabato,22,0.91825,2025
potenza_impegnata>6,Tutti,12,Sabato,21,0.9925,2025
potenza_impegnata>6,Tutti,12,Sabato,20,1.06075,2025
potenza_impegnata>6,Tutti,12,Sabato,19,1.086,2025
potenza_impegnata>6,Tutti,12,Sabato,1,0.69375,2025
potenza_impegnata>6,Tutti,12,Sabato,18,1.03775,2025
potenza_impegnata>6,Tutti,12,Sabato,17,0.971,2025
potenza_impegnata>6,Tutti,12,Sabato,16,0.886,2025
potenza_impegnata>6,Tutti,12,Sabato,15,0.861,2025
potenza_impegnata>6,Tutti,12,Sabato,14,0.87375,2025
potenza_impegnata>6,Tutti,12,Sabato,13,0.89825,2025
potenza_impegnata>6,Tutti,12,Sabato,12,0.912,2025
potenza_impegnata>6,Tutti,12,Sabato,11,0.913,2025
potenza_impegnata>6,Tutti,12,Sabato,10,0.9345,2025
potenza_impegnata>6,Tutti,12,Sabato,9,0.927,2025
potenza_impegnata>6,Tutti,12,Sabato,0,0.76075,2025
potenza_impegnata>6,Tutti,12,Giorno feriale,8,1.0183,2025
potenza_impegnata>6,Tutti,12,Giorno feriale,7,0.9183999999999999,2025
potenza_impegnata>6,Tutti,12,Giorno feriale,6,0.7535000000000001,2025
potenza_impegnata>6,Tutti,12,Giorno feriale,5,0.6676,2025
potenza_impegnata>6,Tutti,12,Giorno feriale,4,0.6407499999999999,2025
potenza_impegnata>6,Tutti,12,Giorno feriale,3,0.6429,2025
potenza_impegnata>6,Tutti,12,Giorno feriale,2,0.6588499999999999,2025
potenza_impegnata>6,Tutti,12,Giorno feriale,23,0.87385,2025
potenza_impegnata>6,Tutti,12,Giorno feriale,22,0.9923500000000001,2025
potenza_impegnata>6,Tutti,12,Giorno feriale,21,1.09755,2025
potenza_impegnata>6,Tutti,12,Giorno feriale,20,1.1781,2025
potenza_impegnata>6,Tutti,12,Giorno feriale,19,1.22175,2025
potenza_impegnata>6,Tutti,12,Giorno feriale,1,0.6931499999999999,2025
potenza_impegnata>6,Tutti,12,Giorno feriale,18,1.1675,2025
potenza_impegnata>6,Tutti,12,Giorno feriale,17,1.1013,2025
potenza_impegnata>6,Tutti,12,Giorno feriale,16,1.0278,2025
potenza_impegnata>6,Tutti,12,Giorno feriale,15,1.0038,2025
potenza_impegnata>6,Tutti,12,Giorno feriale,14,1.0226000000000002,2025
potenza_impegnata>6,Tutti,12,Giorno feriale,13,1.0342,2025
potenza_impegnata>6,Tutti,12,Giorno feriale,12,1.0559,2025
potenza_impegnata>6,Tutti,12,Giorno feriale,11,1.06155,2025
potenza_impegnata>6,Tutti,12,Giorno feriale,10,1.07505,2025
potenza_impegnata>6,Tutti,12,Giorno feriale,9,1.0758500000000002,2025
potenza_impegnata>6,Tutti,12,Giorno feriale,0,0.76625,2025
potenza_impegnata>6,Tutti,12,Domenica,8,0.8147142857142857,2025
potenza_impegnata>6,Tutti,12,Domenica,7,0.765,2025
potenza_impegnata>6,Tutti,12,Domenica,6,0.7088571428571429,2025
potenza_impegnata>6,Tutti,12,Domenica,5,0.6624285714285714,2025
potenza_impegnata>6,Tutti,12,Domenica,4,0.6431428571428571,2025
potenza_impegnata>6,Tutti,12,Domenica,3,0.6494285714285715,2025
potenza_impegnata>6,Tutti,12,Domenica,2,0.6688571428571429,2025
potenza_impegnata>6,Tutti,12,Domenica,23,0.8338571428571429,2025
potenza_impegnata>6,Tutti,12,Domenica,22,0.9265714285714285,2025
potenza_impegnata>6,Tutti,12,Domenica,21,1.0061428571428572,2025
potenza_impegnata>6,Tutti,12,Domenica,20,1.0642857142857143,2025
potenza_impegnata>6,Tutti,12,Domenica,19,1.0744285714285715,2025
potenza_impegnata>6,Tutti,12,Domenica,1,0.7078571428571429,2025
potenza_impegnata>6,Tutti,12,Domenica,18,1.0214285714285716,2025
potenza_impegnata>6,Tutti,12,Domenica,17,0.9574285714285714,2025
potenza_impegnata>6,Tutti,12,Domenica,16,0.8621428571428572,2025
potenza_impegnata>6,Tutti,12,Domenica,15,0.8150000000000001,2025
potenza_impegnata>6,Tutti,12,Domenica,14,0.8297142857142857,2025
potenza_impegnata>6,Tutti,12,Domenica,13,0.8624285714285714,2025
potenza_impegnata>6,Tutti,12,Domenica,12,0.875,2025
potenza_impegnata>6,Tutti,12,Domenica,11,0.8632857142857143,2025
potenza_impegnata>6,Tutti,12,Domenica,10,0.861,2025
potenza_impegnata>6,Tutti,12,Domenica,9,0.8521428571428571,2025
potenza_impegnata>6,Tutti,12,Domenica,0,0.7708571428571428,2025
potenza_impegnata>6,Residente,12,Sabato,8,0.80825,2025
potenza_impegnata>6,Residente,12,Sabato,7,0.74075,2025
potenza_impegnata>6,Residente,12,Sabato,6,0.64975,2025
potenza_impegnata>6,Residente,12,Sabato,5,0.5995,2025
potenza_impegnata>6,Residente,12,Sabato,4,0.578,2025
potenza_impegnata>6,Residente,12,Sabato,3,0.5795,2025
potenza_impegnata>6,Residente,12,Sabato,2,0.59425,2025
potenza_impegnata>6,Residente,12,Sabato,23,0.7775,2025
potenza_impegnata>6,Residente,12,Sabato,22,0.85625,2025
potenza_impegnata>6,Residente,12,Sabato,21,0.9355,2025
potenza_impegnata>6,Residente,12,Sabato,20,1.0075,2025
potenza_impegnata>6,Residente,12,Sabato,19,1.0345,2025
potenza_impegnata>6,Residente,12,Sabato,1,0.63325,2025
potenza_impegnata>6,Residente,12,Sabato,18,0.9735,2025
potenza_impegnata>6,Residente,12,Sabato,17,0.90525,2025
potenza_impegnata>6,Residente,12,Sabato,16,0.82,2025
potenza_impegnata>6,Residente,12,Sabato,15,0.79125,2025
potenza_impegnata>6,Residente,12,Sabato,14,0.80025,2025
potenza_impegnata>6,Residente,12,Sabato,13,0.8235,2025
potenza_impegnata>6,Residente,12,Sabato,12,0.83025,2025
potenza_impegnata>6,Residente,12,Sabato,11,0.83075,2025
potenza_impegnata>6,Residente,12,Sabato,10,0.85725,2025
potenza_impegnata>6,Residente,12,Sabato,9,0.859,2025
potenza_impegnata>6,Residente,12,Sabato,0,0.70225,2025
potenza_impegnata>6,Residente,12,Giorno feriale,8,0.9491999999999999,2025
potenza_impegnata>6,Residente,12,Giorno feriale,7,0.8562999999999998,2025
potenza_impegnata>6,Residente,12,Giorno feriale,6,0.6876999999999999,2025
potenza_impegnata>6,Residente,12,Giorno feriale,5,0.6062,2025
potenza_impegnata>6,Residente,12,Giorno feriale,4,0.5812999999999999,2025
potenza_impegnata>6,Residente,12,Giorno feriale,3,0.58245,2025
potenza_impegnata>6,Residente,12,Giorno feriale,2,0.59715,2025
potenza_impegnata>6,Residente,12,Giorno feriale,23,0.8207000000000001,2025
potenza_impegnata>6,Residente,12,Giorno feriale,22,0.93995,2025
potenza_impegnata>6,Residente,12,Giorno feriale,21,1.04835,2025
potenza_impegnata>6,Residente,12,Giorno feriale,20,1.1320999999999999,2025
potenza_impegnata>6,Residente,12,Giorno feriale,19,1.17365,2025
potenza_impegnata>6,Residente,12,Giorno feriale,1,0.63195,2025
potenza_impegnata>6,Residente,12,Giorno feriale,18,1.10015,2025
potenza_impegnata>6,Residente,12,Giorno feriale,17,1.032,2025
potenza_impegnata>6,Residente,12,Giorno feriale,16,0.95365,2025
potenza_impegnata>6,Residente,12,Giorno feriale,15,0.9256499999999999,2025
potenza_impegnata>6,Residente,12,Giorno feriale,14,0.9401999999999999,2025
potenza_impegnata>6,Residente,12,Giorno feriale,13,0.9494,2025
potenza_impegnata>6,Residente,12,Giorno feriale,12,0.9665000000000001,2025
potenza_impegnata>6,Residente,12,Giorno feriale,11,0.96815,2025
potenza_impegnata>6,Residente,12,Giorno feriale,10,0.9898999999999999,2025
potenza_impegnata>6,Residente,12,Giorno feriale,9,1.0005000000000002,2025
potenza_impegnata>6,Residente,12,Giorno feriale,0,0.7081,2025
potenza_impegnata>6,Residente,12,Domenica,8,0.7552857142857142,2025
potenza_impegnata>6,Residente,12,Domenica,7,0.7054285714285714,2025
potenza_impegnata>6,Residente,12,Domenica,6,0.6465714285714286,2025
potenza_impegnata>6,Residente,12,Domenica,5,0.6052857142857143,2025
potenza_impegnata>6,Residente,12,Domenica,4,0.5874285714285714,2025
potenza_impegnata>6,Residente,12,Domenica,3,0.5914285714285714,2025
potenza_impegnata>6,Residente,12,Domenica,2,0.6092857142857142,2025
potenza_impegnata>6,Residente,12,Domenica,23,0.7835714285714286,2025
potenza_impegnata>6,Residente,12,Domenica,22,0.8768571428571429,2025
potenza_impegnata>6,Residente,12,Domenica,21,0.9615714285714285,2025
potenza_impegnata>6,Residente,12,Domenica,20,1.0202857142857142,2025
potenza_impegnata>6,Residente,12,Domenica,19,1.0318571428571428,2025
potenza_impegnata>6,Residente,12,Domenica,1,0.6485714285714286,2025
potenza_impegnata>6,Residente,12,Domenica,18,0.9672857142857143,2025
